"method","estimand","tau","beta_trt","heterogeneity","patient_mix","t_star","site_sizes","init_intercepts","mean_est","truth","rmse","bias","emp_sd","coverage","n_reps"
"Federated CCW","RD",5,-1,"high","s1:N(-1.50,0.70^2),Bern(0.10);s2:N(0.00,1.00^2),Bern(0.40);s3:N(1.50,1.30^2),Bern(0.70)",25,"1000/1000/1000","-4.5/-3/-1.5",-0.0639145602163995,-0.0892041029227946,0.0844498401898228,0.025289542706395,0.0809801979647627,0.84,100
"Federated CCW","RD",10,-1,"high","s1:N(-1.50,0.70^2),Bern(0.10);s2:N(0.00,1.00^2),Bern(0.40);s3:N(1.50,1.30^2),Bern(0.70)",25,"1000/1000/1000","-4.5/-3/-1.5",-0.0691680790344986,-0.0803360220275148,0.057539604959681,0.0111679429930161,0.0567297615602936,0.94,100
"Federated CCW","RD",15,-1,"high","s1:N(-1.50,0.70^2),Bern(0.10);s2:N(0.00,1.00^2),Bern(0.40);s3:N(1.50,1.30^2),Bern(0.70)",25,"1000/1000/1000","-4.5/-3/-1.5",-0.0550067498919455,-0.0720276999771671,0.0490119970843744,0.0170209500852216,0.0461930852798537,0.86,100
"Federated CCW","RD",5,-0.7,"high","s1:N(-1.50,0.70^2),Bern(0.10);s2:N(0.00,1.00^2),Bern(0.40);s3:N(1.50,1.30^2),Bern(0.70)",25,"1000/1000/1000","-4.5/-3/-1.5",-0.0509181968744633,-0.0584512946296867,0.0798508836764791,0.00753309775522341,0.0798952348241174,0.87,100
"Federated CCW","RD",10,-0.7,"high","s1:N(-1.50,0.70^2),Bern(0.10);s2:N(0.00,1.00^2),Bern(0.40);s3:N(1.50,1.30^2),Bern(0.70)",25,"1000/1000/1000","-4.5/-3/-1.5",-0.0430228488224648,-0.0523499901509646,0.0603445901376816,0.0093271413284998,0.0599197611079627,0.91,100
"Federated CCW","RD",15,-0.7,"high","s1:N(-1.50,0.70^2),Bern(0.10);s2:N(0.00,1.00^2),Bern(0.40);s3:N(1.50,1.30^2),Bern(0.70)",25,"1000/1000/1000","-4.5/-3/-1.5",-0.0323410126010788,-0.0471029198375579,0.0575158845124033,0.0147619072364791,0.0558692834599567,0.83,100
"Federated CCW","RD",5,-0.5,"high","s1:N(-1.50,0.70^2),Bern(0.10);s2:N(0.00,1.00^2),Bern(0.40);s3:N(1.50,1.30^2),Bern(0.70)",25,"1000/1000/1000","-4.5/-3/-1.5",-0.0476638430058807,-0.0411241958370495,0.0883258169162478,-0.00653964716883122,0.088527134166121,0.87,100
"Federated CCW","RD",10,-0.5,"high","s1:N(-1.50,0.70^2),Bern(0.10);s2:N(0.00,1.00^2),Bern(0.40);s3:N(1.50,1.30^2),Bern(0.70)",25,"1000/1000/1000","-4.5/-3/-1.5",-0.025360935129707,-0.0380586440948029,0.0796809134262875,0.0126977089650958,0.0790589611931158,0.84,100
"Federated CCW","RD",15,-0.5,"high","s1:N(-1.50,0.70^2),Bern(0.10);s2:N(0.00,1.00^2),Bern(0.40);s3:N(1.50,1.30^2),Bern(0.70)",25,"1000/1000/1000","-4.5/-3/-1.5",-0.0311809965450239,-0.0334239031940955,0.0586441050833827,0.00224290664907159,0.058896420213233,0.89,100
"Federated CCW","RD",5,-1,"low","s1:N(-0.25,0.95^2),Bern(0.35);s2:N(0.00,1.00^2),Bern(0.40);s3:N(0.25,1.05^2),Bern(0.45)",25,"1000/1000/1000","-4.5/-3/-1.5",-0.118933290647897,-0.120996609283777,0.0426178108062292,0.0020633186358801,0.0427822831513088,0.92,100
"Federated CCW","RD",10,-1,"low","s1:N(-0.25,0.95^2),Bern(0.35);s2:N(0.00,1.00^2),Bern(0.40);s3:N(0.25,1.05^2),Bern(0.45)",25,"1000/1000/1000","-4.5/-3/-1.5",-0.0981510433244823,-0.0960392060887807,0.0354773904526071,-0.00211183723570156,0.0355928913685922,0.96,100
"Federated CCW","RD",15,-1,"low","s1:N(-0.25,0.95^2),Bern(0.35);s2:N(0.00,1.00^2),Bern(0.40);s3:N(0.25,1.05^2),Bern(0.45)",25,"1000/1000/1000","-4.5/-3/-1.5",-0.08181723963049,-0.082544843501617,0.0297440205658415,0.000727603871126944,0.0298849198826405,0.96,100
"Federated CCW","RD",5,-0.7,"low","s1:N(-0.25,0.95^2),Bern(0.35);s2:N(0.00,1.00^2),Bern(0.40);s3:N(0.25,1.05^2),Bern(0.45)",25,"1000/1000/1000","-4.5/-3/-1.5",-0.0856314478542103,-0.0833391550101804,0.057864388825361,-0.00229229284402983,0.0581102477762394,0.88,100
"Federated CCW","RD",10,-0.7,"low","s1:N(-0.25,0.95^2),Bern(0.35);s2:N(0.00,1.00^2),Bern(0.40);s3:N(0.25,1.05^2),Bern(0.45)",25,"1000/1000/1000","-4.5/-3/-1.5",-0.0620116780507479,-0.067494019095338,0.03080471261313,0.00548234104459009,0.0304656497384877,0.94,100
"Federated CCW","RD",15,-0.7,"low","s1:N(-0.25,0.95^2),Bern(0.35);s2:N(0.00,1.00^2),Bern(0.40);s3:N(0.25,1.05^2),Bern(0.45)",25,"1000/1000/1000","-4.5/-3/-1.5",-0.0543313342126395,-0.0568591814129458,0.0253485052346191,0.0025278472003063,0.0253492116539386,0.94,100
"Federated CCW","RD",5,-0.5,"low","s1:N(-0.25,0.95^2),Bern(0.35);s2:N(0.00,1.00^2),Bern(0.40);s3:N(0.25,1.05^2),Bern(0.45)",25,"1000/1000/1000","-4.5/-3/-1.5",-0.0549198252477071,-0.0582737841009684,0.0568965840499392,0.00335395885326135,0.0570837789105585,0.84,100
"Federated CCW","RD",10,-0.5,"low","s1:N(-0.25,0.95^2),Bern(0.35);s2:N(0.00,1.00^2),Bern(0.40);s3:N(0.25,1.05^2),Bern(0.45)",25,"1000/1000/1000","-4.5/-3/-1.5",-0.0435688012159583,-0.0458568191634134,0.0409521487462558,0.00228801794745516,0.0410941695194405,0.89,100
"Federated CCW","RD",15,-0.5,"low","s1:N(-0.25,0.95^2),Bern(0.35);s2:N(0.00,1.00^2),Bern(0.40);s3:N(0.25,1.05^2),Bern(0.45)",25,"1000/1000/1000","-4.5/-3/-1.5",-0.0358535267324287,-0.0402042754446026,0.0362059947666261,0.00435074871217387,0.0361247144294675,0.91,100
"Federated CCW","RD",5,-1,"moderate","s1:N(-0.75,0.85^2),Bern(0.20);s2:N(0.00,1.00^2),Bern(0.40);s3:N(0.75,1.15^2),Bern(0.60)",25,"1000/1000/1000","-4.5/-3/-1.5",-0.116179053515333,-0.11540739373497,0.053684812251111,-0.000771659780362919,0.0539496923126229,0.92,100
"Federated CCW","RD",10,-1,"moderate","s1:N(-0.75,0.85^2),Bern(0.20);s2:N(0.00,1.00^2),Bern(0.40);s3:N(0.75,1.15^2),Bern(0.60)",25,"1000/1000/1000","-4.5/-3/-1.5",-0.0859558406994937,-0.0928265910673114,0.0464011339250916,0.00687075036781774,0.0461208121354969,0.86,100
"Federated CCW","RD",15,-1,"moderate","s1:N(-0.75,0.85^2),Bern(0.20);s2:N(0.00,1.00^2),Bern(0.40);s3:N(0.75,1.15^2),Bern(0.60)",25,"1000/1000/1000","-4.5/-3/-1.5",-0.0782378206598928,-0.0805692223320915,0.0356376885753565,0.00233140167219872,0.0357404986771856,0.94,100
"Federated CCW","RD",5,-0.7,"moderate","s1:N(-0.75,0.85^2),Bern(0.20);s2:N(0.00,1.00^2),Bern(0.40);s3:N(0.75,1.15^2),Bern(0.60)",25,"1000/1000/1000","-4.5/-3/-1.5",-0.0798546226747208,-0.0807520636091489,0.0607890819916044,0.000897440934428106,0.0610886678736489,0.9,100
"Federated CCW","RD",10,-0.7,"moderate","s1:N(-0.75,0.85^2),Bern(0.20);s2:N(0.00,1.00^2),Bern(0.40);s3:N(0.75,1.15^2),Bern(0.60)",25,"1000/1000/1000","-4.5/-3/-1.5",-0.0667510325707802,-0.0655723696456074,0.0534209070306838,-0.00117866292517277,0.0536769617613467,0.92,100
"Federated CCW","RD",15,-0.7,"moderate","s1:N(-0.75,0.85^2),Bern(0.20);s2:N(0.00,1.00^2),Bern(0.40);s3:N(0.75,1.15^2),Bern(0.60)",25,"1000/1000/1000","-4.5/-3/-1.5",-0.0540994998001522,-0.0565264236864906,0.0376662971234126,0.00242692388633843,0.0377773912858306,0.88,100
"Federated CCW","RD",5,-0.5,"moderate","s1:N(-0.75,0.85^2),Bern(0.20);s2:N(0.00,1.00^2),Bern(0.40);s3:N(0.75,1.15^2),Bern(0.60)",25,"1000/1000/1000","-4.5/-3/-1.5",-0.0558308129290857,-0.0565825298684021,0.0573508692006934,0.000751716939316348,0.0576348407510787,0.86,100
"Federated CCW","RD",10,-0.5,"moderate","s1:N(-0.75,0.85^2),Bern(0.20);s2:N(0.00,1.00^2),Bern(0.40);s3:N(0.75,1.15^2),Bern(0.60)",25,"1000/1000/1000","-4.5/-3/-1.5",-0.04018260956213,-0.0439844545757733,0.0531548262661225,0.00380184501364331,0.0532857887499182,0.84,100
"Federated CCW","RD",15,-0.5,"moderate","s1:N(-0.75,0.85^2),Bern(0.20);s2:N(0.00,1.00^2),Bern(0.40);s3:N(0.75,1.15^2),Bern(0.60)",25,"1000/1000/1000","-4.5/-3/-1.5",-0.0350609680589282,-0.0389312502125132,0.0354112623289996,0.00387028215358505,0.0353764519034575,0.94,100
"Pooled CCW","RD",5,-1,"high","s1:N(-1.50,0.70^2),Bern(0.10);s2:N(0.00,1.00^2),Bern(0.40);s3:N(1.50,1.30^2),Bern(0.70)",25,"1000/1000/1000","-4.5/-3/-1.5",-0.0714034783070865,-0.0892041029227946,0.0843092736778758,0.0178006246157081,0.0828238449012351,0.8,100
"Pooled CCW","RD",10,-1,"high","s1:N(-1.50,0.70^2),Bern(0.10);s2:N(0.00,1.00^2),Bern(0.40);s3:N(1.50,1.30^2),Bern(0.70)",25,"1000/1000/1000","-4.5/-3/-1.5",-0.0766839433485647,-0.0803360220275148,0.0542946382311679,0.00365207867895011,0.0544445790121873,0.96,100
"Pooled CCW","RD",15,-1,"high","s1:N(-1.50,0.70^2),Bern(0.10);s2:N(0.00,1.00^2),Bern(0.40);s3:N(1.50,1.30^2),Bern(0.70)",25,"1000/1000/1000","-4.5/-3/-1.5",-0.0609235510199617,-0.0720276999771671,0.0501374630327365,0.0111041489572054,0.0491386728246181,0.85,100
"Pooled CCW","RD",5,-0.7,"high","s1:N(-1.50,0.70^2),Bern(0.10);s2:N(0.00,1.00^2),Bern(0.40);s3:N(1.50,1.30^2),Bern(0.70)",25,"1000/1000/1000","-4.5/-3/-1.5",-0.0507061534527689,-0.0584512946296867,0.0824515481379878,0.0077451411769178,0.082500508590416,0.85,100
"Pooled CCW","RD",10,-0.7,"high","s1:N(-1.50,0.70^2),Bern(0.10);s2:N(0.00,1.00^2),Bern(0.40);s3:N(1.50,1.30^2),Bern(0.70)",25,"1000/1000/1000","-4.5/-3/-1.5",-0.054948011391323,-0.0523499901509646,0.0579828112538612,-0.00259802124035834,0.0582163908896602,0.91,100
"Pooled CCW","RD",15,-0.7,"high","s1:N(-1.50,0.70^2),Bern(0.10);s2:N(0.00,1.00^2),Bern(0.40);s3:N(1.50,1.30^2),Bern(0.70)",25,"1000/1000/1000","-4.5/-3/-1.5",-0.0370577310615591,-0.0471029198375579,0.0514200169018517,0.0100451887759987,0.0506833337881404,0.89,100
"Pooled CCW","RD",5,-0.5,"high","s1:N(-1.50,0.70^2),Bern(0.10);s2:N(0.00,1.00^2),Bern(0.40);s3:N(1.50,1.30^2),Bern(0.70)",25,"1000/1000/1000","-4.5/-3/-1.5",-0.0455358954862657,-0.0411241958370495,0.0796438283802282,-0.00441169964921617,0.0799221610287119,0.91,100
"Pooled CCW","RD",10,-0.5,"high","s1:N(-1.50,0.70^2),Bern(0.10);s2:N(0.00,1.00^2),Bern(0.40);s3:N(1.50,1.30^2),Bern(0.70)",25,"1000/1000/1000","-4.5/-3/-1.5",-0.027216055083478,-0.0380586440948029,0.0591297110926931,0.0108425890113249,0.0584199443375365,0.89,100
"Pooled CCW","RD",15,-0.5,"high","s1:N(-1.50,0.70^2),Bern(0.10);s2:N(0.00,1.00^2),Bern(0.40);s3:N(1.50,1.30^2),Bern(0.70)",25,"1000/1000/1000","-4.5/-3/-1.5",-0.036761287772336,-0.0334239031940955,0.0530343207997903,-0.00333738457824049,0.053195855451759,0.9,100
"Pooled CCW","RD",5,-1,"low","s1:N(-0.25,0.95^2),Bern(0.35);s2:N(0.00,1.00^2),Bern(0.40);s3:N(0.25,1.05^2),Bern(0.45)",25,"1000/1000/1000","-4.5/-3/-1.5",-0.120867027901588,-0.120996609283777,0.042107239626802,0.000129581382188782,0.0423191677284251,0.94,100
"Pooled CCW","RD",10,-1,"low","s1:N(-0.25,0.95^2),Bern(0.35);s2:N(0.00,1.00^2),Bern(0.40);s3:N(0.25,1.05^2),Bern(0.45)",25,"1000/1000/1000","-4.5/-3/-1.5",-0.0982839050623196,-0.0960392060887807,0.0327789262167102,-0.00224469897353895,0.0328667239909563,0.94,100
"Pooled CCW","RD",15,-1,"low","s1:N(-0.25,0.95^2),Bern(0.35);s2:N(0.00,1.00^2),Bern(0.40);s3:N(0.25,1.05^2),Bern(0.45)",25,"1000/1000/1000","-4.5/-3/-1.5",-0.0842742765986017,-0.082544843501617,0.0297084815348247,-0.00172943309698478,0.0298075127176387,0.92,100
"Pooled CCW","RD",5,-0.7,"low","s1:N(-0.25,0.95^2),Bern(0.35);s2:N(0.00,1.00^2),Bern(0.40);s3:N(0.25,1.05^2),Bern(0.45)",25,"1000/1000/1000","-4.5/-3/-1.5",-0.08595099238102,-0.0833391550101804,0.0520310275400384,-0.00261183737083963,0.0522272243378961,0.9,100
"Pooled CCW","RD",10,-0.7,"low","s1:N(-0.25,0.95^2),Bern(0.35);s2:N(0.00,1.00^2),Bern(0.40);s3:N(0.25,1.05^2),Bern(0.45)",25,"1000/1000/1000","-4.5/-3/-1.5",-0.0624079116780767,-0.067494019095338,0.0308653376658628,0.00508610741726131,0.030596767845538,0.93,100
"Pooled CCW","RD",15,-0.7,"low","s1:N(-0.25,0.95^2),Bern(0.35);s2:N(0.00,1.00^2),Bern(0.40);s3:N(0.25,1.05^2),Bern(0.45)",25,"1000/1000/1000","-4.5/-3/-1.5",-0.0537651716939781,-0.0568591814129458,0.0247605472976828,0.00309400971896771,0.0246902386621036,0.91,100
"Pooled CCW","RD",5,-0.5,"low","s1:N(-0.25,0.95^2),Bern(0.35);s2:N(0.00,1.00^2),Bern(0.40);s3:N(0.25,1.05^2),Bern(0.45)",25,"1000/1000/1000","-4.5/-3/-1.5",-0.0556448960428301,-0.0582737841009684,0.0577184038339113,0.00262888805813824,0.0579489769365445,0.85,100
"Pooled CCW","RD",10,-0.5,"low","s1:N(-0.25,0.95^2),Bern(0.35);s2:N(0.00,1.00^2),Bern(0.40);s3:N(0.25,1.05^2),Bern(0.45)",25,"1000/1000/1000","-4.5/-3/-1.5",-0.044587640915459,-0.0458568191634134,0.0398338714586129,0.00126917824795446,0.0400142209815942,0.89,100
"Pooled CCW","RD",15,-0.5,"low","s1:N(-0.25,0.95^2),Bern(0.35);s2:N(0.00,1.00^2),Bern(0.40);s3:N(0.25,1.05^2),Bern(0.45)",25,"1000/1000/1000","-4.5/-3/-1.5",-0.0365982464404358,-0.0402042754446026,0.0346581431060351,0.00360602900416677,0.0346436904975847,0.91,100
"Pooled CCW","RD",5,-1,"moderate","s1:N(-0.75,0.85^2),Bern(0.20);s2:N(0.00,1.00^2),Bern(0.40);s3:N(0.75,1.15^2),Bern(0.60)",25,"1000/1000/1000","-4.5/-3/-1.5",-0.113276918774433,-0.11540739373497,0.0526915283595181,0.00213047496053666,0.0529136731418071,0.92,100
"Pooled CCW","RD",10,-1,"moderate","s1:N(-0.75,0.85^2),Bern(0.20);s2:N(0.00,1.00^2),Bern(0.40);s3:N(0.75,1.15^2),Bern(0.60)",25,"1000/1000/1000","-4.5/-3/-1.5",-0.0861467317400415,-0.0928265910673114,0.042424927844692,0.00667985932726992,0.0421068144152129,0.87,100
"Pooled CCW","RD",15,-1,"moderate","s1:N(-0.75,0.85^2),Bern(0.20);s2:N(0.00,1.00^2),Bern(0.40);s3:N(0.75,1.15^2),Bern(0.60)",25,"1000/1000/1000","-4.5/-3/-1.5",-0.0781111627863338,-0.0805692223320915,0.0334964135163712,0.00245805954575775,0.0335743959342945,0.94,100
"Pooled CCW","RD",5,-0.7,"moderate","s1:N(-0.75,0.85^2),Bern(0.20);s2:N(0.00,1.00^2),Bern(0.40);s3:N(0.75,1.15^2),Bern(0.60)",25,"1000/1000/1000","-4.5/-3/-1.5",-0.0816011814108062,-0.0807520636091489,0.0622932369600927,-0.000849117801657351,0.0626012422015485,0.87,100
"Pooled CCW","RD",10,-0.7,"moderate","s1:N(-0.75,0.85^2),Bern(0.20);s2:N(0.00,1.00^2),Bern(0.40);s3:N(0.75,1.15^2),Bern(0.60)",25,"1000/1000/1000","-4.5/-3/-1.5",-0.0693244996240832,-0.0655723696456074,0.0517599440850439,-0.00375212997847577,0.051883838128077,0.94,100
"Pooled CCW","RD",15,-0.7,"moderate","s1:N(-0.75,0.85^2),Bern(0.20);s2:N(0.00,1.00^2),Bern(0.40);s3:N(0.75,1.15^2),Bern(0.60)",25,"1000/1000/1000","-4.5/-3/-1.5",-0.0562316476085868,-0.0565264236864906,0.0368238344358566,0.000294776077903829,0.037008160301647,0.93,100
"Pooled CCW","RD",5,-0.5,"moderate","s1:N(-0.75,0.85^2),Bern(0.20);s2:N(0.00,1.00^2),Bern(0.40);s3:N(0.75,1.15^2),Bern(0.60)",25,"1000/1000/1000","-4.5/-3/-1.5",-0.0563766368286744,-0.0565825298684021,0.0580989482427051,0.000205893039727634,0.0583912733462344,0.88,100
"Pooled CCW","RD",10,-0.5,"moderate","s1:N(-0.75,0.85^2),Bern(0.20);s2:N(0.00,1.00^2),Bern(0.40);s3:N(0.75,1.15^2),Bern(0.60)",25,"1000/1000/1000","-4.5/-3/-1.5",-0.0388234449243359,-0.0439844545757733,0.0488173110367922,0.00516100965143732,0.0487882855230999,0.86,100
"Pooled CCW","RD",15,-0.5,"moderate","s1:N(-0.75,0.85^2),Bern(0.20);s2:N(0.00,1.00^2),Bern(0.40);s3:N(0.75,1.15^2),Bern(0.60)",25,"1000/1000/1000","-4.5/-3/-1.5",-0.034014814718198,-0.0389312502125132,0.0346512618039087,0.00491643549431516,0.0344735091770926,0.92,100
"Federated landmark IPW","RD",5,-1,"high","s1:N(-1.50,0.70^2),Bern(0.10);s2:N(0.00,1.00^2),Bern(0.40);s3:N(1.50,1.30^2),Bern(0.70)",25,"1000/1000/1000","-4.5/-3/-1.5",-0.144635237079338,-0.0892041029227946,0.100952119573747,-0.0554311341565437,0.0847975593592419,NA,100
"Federated landmark IPW","RD",10,-1,"high","s1:N(-1.50,0.70^2),Bern(0.10);s2:N(0.00,1.00^2),Bern(0.40);s3:N(1.50,1.30^2),Bern(0.70)",25,"1000/1000/1000","-4.5/-3/-1.5",-0.133335112263808,-0.0803360220275148,0.0936383746246602,-0.0529990902362931,0.0775850243051959,NA,100
"Federated landmark IPW","RD",15,-1,"high","s1:N(-1.50,0.70^2),Bern(0.10);s2:N(0.00,1.00^2),Bern(0.40);s3:N(1.50,1.30^2),Bern(0.70)",25,"1000/1000/1000","-4.5/-3/-1.5",-0.105955023698174,-0.0720276999771671,0.0599206570679424,-0.0339273237210071,0.0496393238603943,NA,100
"Federated landmark IPW","RD",5,-0.7,"high","s1:N(-1.50,0.70^2),Bern(0.10);s2:N(0.00,1.00^2),Bern(0.40);s3:N(1.50,1.30^2),Bern(0.70)",25,"1000/1000/1000","-4.5/-3/-1.5",-0.126065729750439,-0.0584512946296867,0.116400509007753,-0.0676144351207528,0.095226294330318,NA,100
"Federated landmark IPW","RD",10,-0.7,"high","s1:N(-1.50,0.70^2),Bern(0.10);s2:N(0.00,1.00^2),Bern(0.40);s3:N(1.50,1.30^2),Bern(0.70)",25,"1000/1000/1000","-4.5/-3/-1.5",-0.109066114127678,-0.0523499901509646,0.0944429309948841,-0.0567161239767138,0.0758969829184514,NA,100
"Federated landmark IPW","RD",15,-0.7,"high","s1:N(-1.50,0.70^2),Bern(0.10);s2:N(0.00,1.00^2),Bern(0.40);s3:N(1.50,1.30^2),Bern(0.70)",25,"1000/1000/1000","-4.5/-3/-1.5",-0.0691096391788356,-0.0471029198375579,0.0672052477416433,-0.0220067193412777,0.0638198983238816,NA,100
"Federated landmark IPW","RD",5,-0.5,"high","s1:N(-1.50,0.70^2),Bern(0.10);s2:N(0.00,1.00^2),Bern(0.40);s3:N(1.50,1.30^2),Bern(0.70)",25,"1000/1000/1000","-4.5/-3/-1.5",-0.0882261525943642,-0.0411241958370495,0.122220931021522,-0.0471019567573147,0.113348312955679,NA,100
"Federated landmark IPW","RD",10,-0.5,"high","s1:N(-1.50,0.70^2),Bern(0.10);s2:N(0.00,1.00^2),Bern(0.40);s3:N(1.50,1.30^2),Bern(0.70)",25,"1000/1000/1000","-4.5/-3/-1.5",-0.0811748849249553,-0.0380586440948029,0.0858440701352612,-0.0431162408301524,0.0746046424887398,NA,100
"Federated landmark IPW","RD",15,-0.5,"high","s1:N(-1.50,0.70^2),Bern(0.10);s2:N(0.00,1.00^2),Bern(0.40);s3:N(1.50,1.30^2),Bern(0.70)",25,"1000/1000/1000","-4.5/-3/-1.5",-0.061108256002059,-0.0334239031940955,0.0615717340135652,-0.0276843528079635,0.0552739279420492,NA,100
"Federated landmark IPW","RD",5,-1,"low","s1:N(-0.25,0.95^2),Bern(0.35);s2:N(0.00,1.00^2),Bern(0.40);s3:N(0.25,1.05^2),Bern(0.45)",25,"1000/1000/1000","-4.5/-3/-1.5",-0.229781478894688,-0.120996609283777,0.133616804539183,-0.108784869610911,0.077975019303317,NA,100
"Federated landmark IPW","RD",10,-1,"low","s1:N(-0.25,0.95^2),Bern(0.35);s2:N(0.00,1.00^2),Bern(0.40);s3:N(0.25,1.05^2),Bern(0.45)",25,"1000/1000/1000","-4.5/-3/-1.5",-0.213833606497403,-0.0960392060887807,0.129980263661619,-0.117794400408622,0.0552254166151834,NA,100
"Federated landmark IPW","RD",15,-1,"low","s1:N(-0.25,0.95^2),Bern(0.35);s2:N(0.00,1.00^2),Bern(0.40);s3:N(0.25,1.05^2),Bern(0.45)",25,"1000/1000/1000","-4.5/-3/-1.5",-0.162072243943438,-0.082544843501617,0.0966409026134767,-0.0795274004418215,0.055184325077473,NA,100
"Federated landmark IPW","RD",5,-0.7,"low","s1:N(-0.25,0.95^2),Bern(0.35);s2:N(0.00,1.00^2),Bern(0.40);s3:N(0.25,1.05^2),Bern(0.45)",25,"1000/1000/1000","-4.5/-3/-1.5",-0.163940455137971,-0.0833391550101804,0.110621875829758,-0.0806013001277908,0.0761486440437463,NA,100
"Federated landmark IPW","RD",10,-0.7,"low","s1:N(-0.25,0.95^2),Bern(0.35);s2:N(0.00,1.00^2),Bern(0.40);s3:N(0.25,1.05^2),Bern(0.45)",25,"1000/1000/1000","-4.5/-3/-1.5",-0.149869951621515,-0.067494019095338,0.103539195651407,-0.0823759325261765,0.0630421598276945,NA,100
"Federated landmark IPW","RD",15,-0.7,"low","s1:N(-0.25,0.95^2),Bern(0.35);s2:N(0.00,1.00^2),Bern(0.40);s3:N(0.25,1.05^2),Bern(0.45)",25,"1000/1000/1000","-4.5/-3/-1.5",-0.114629798269829,-0.0568591814129458,0.0807677713832582,-0.0577706168568832,0.0567289205472663,NA,100
"Federated landmark IPW","RD",5,-0.5,"low","s1:N(-0.25,0.95^2),Bern(0.35);s2:N(0.00,1.00^2),Bern(0.40);s3:N(0.25,1.05^2),Bern(0.45)",25,"1000/1000/1000","-4.5/-3/-1.5",-0.116935943293917,-0.0582737841009684,0.100094528342673,-0.0586621591929487,0.0815113903112201,NA,100
"Federated landmark IPW","RD",10,-0.5,"low","s1:N(-0.25,0.95^2),Bern(0.35);s2:N(0.00,1.00^2),Bern(0.40);s3:N(0.25,1.05^2),Bern(0.45)",25,"1000/1000/1000","-4.5/-3/-1.5",-0.105508994627326,-0.0458568191634134,0.0909206631181927,-0.0596521754639126,0.0689618906930054,NA,100
"Federated landmark IPW","RD",15,-0.5,"low","s1:N(-0.25,0.95^2),Bern(0.35);s2:N(0.00,1.00^2),Bern(0.40);s3:N(0.25,1.05^2),Bern(0.45)",25,"1000/1000/1000","-4.5/-3/-1.5",-0.080389672027927,-0.0402042754446026,0.0694134583691127,-0.0401853965833244,0.0568833833133474,NA,100
"Federated landmark IPW","RD",5,-1,"moderate","s1:N(-0.75,0.85^2),Bern(0.20);s2:N(0.00,1.00^2),Bern(0.40);s3:N(0.75,1.15^2),Bern(0.60)",25,"1000/1000/1000","-4.5/-3/-1.5",-0.215103696244123,-0.11540739373497,0.127838729195752,-0.0996963025091535,0.0804243037566104,NA,100
"Federated landmark IPW","RD",10,-1,"moderate","s1:N(-0.75,0.85^2),Bern(0.20);s2:N(0.00,1.00^2),Bern(0.40);s3:N(0.75,1.15^2),Bern(0.60)",25,"1000/1000/1000","-4.5/-3/-1.5",-0.19013061707361,-0.0928265910673114,0.114937666547144,-0.0973040260062984,0.0614849387344555,NA,100
"Federated landmark IPW","RD",15,-1,"moderate","s1:N(-0.75,0.85^2),Bern(0.20);s2:N(0.00,1.00^2),Bern(0.40);s3:N(0.75,1.15^2),Bern(0.60)",25,"1000/1000/1000","-4.5/-3/-1.5",-0.151116753592004,-0.0805692223320915,0.0887448192113272,-0.0705475312599129,0.0541107055445412,NA,100
"Federated landmark IPW","RD",5,-0.7,"moderate","s1:N(-0.75,0.85^2),Bern(0.20);s2:N(0.00,1.00^2),Bern(0.40);s3:N(0.75,1.15^2),Bern(0.60)",25,"1000/1000/1000","-4.5/-3/-1.5",-0.155677430286981,-0.0807520636091489,0.113532880732888,-0.0749253666778318,0.0857286324392241,NA,100
"Federated landmark IPW","RD",10,-0.7,"moderate","s1:N(-0.75,0.85^2),Bern(0.20);s2:N(0.00,1.00^2),Bern(0.40);s3:N(0.75,1.15^2),Bern(0.60)",25,"1000/1000/1000","-4.5/-3/-1.5",-0.151209058451087,-0.0655723696456074,0.109306391383523,-0.0856366888054796,0.0682704420692039,NA,100
"Federated landmark IPW","RD",15,-0.7,"moderate","s1:N(-0.75,0.85^2),Bern(0.20);s2:N(0.00,1.00^2),Bern(0.40);s3:N(0.75,1.15^2),Bern(0.60)",25,"1000/1000/1000","-4.5/-3/-1.5",-0.113039539644724,-0.0565264236864906,0.072965139630496,-0.056513115958233,0.0463863804244076,NA,100
"Federated landmark IPW","RD",5,-0.5,"moderate","s1:N(-0.75,0.85^2),Bern(0.20);s2:N(0.00,1.00^2),Bern(0.40);s3:N(0.75,1.15^2),Bern(0.60)",25,"1000/1000/1000","-4.5/-3/-1.5",-0.111067379994471,-0.0565825298684021,0.0957655103795316,-0.0544848501260693,0.079152289507855,NA,100
"Federated landmark IPW","RD",10,-0.5,"moderate","s1:N(-0.75,0.85^2),Bern(0.20);s2:N(0.00,1.00^2),Bern(0.40);s3:N(0.75,1.15^2),Bern(0.60)",25,"1000/1000/1000","-4.5/-3/-1.5",-0.101793687756489,-0.0439844545757733,0.104807018361726,-0.0578092331807158,0.0878624019343281,NA,100
"Federated landmark IPW","RD",15,-0.5,"moderate","s1:N(-0.75,0.85^2),Bern(0.20);s2:N(0.00,1.00^2),Bern(0.40);s3:N(0.75,1.15^2),Bern(0.60)",25,"1000/1000/1000","-4.5/-3/-1.5",-0.0744901631521884,-0.0389312502125132,0.0725945924223762,-0.0355589129396752,0.0636081641377049,NA,100
"Federated IPW (no cloning)","RD",5,-1,"high","s1:N(-1.50,0.70^2),Bern(0.10);s2:N(0.00,1.00^2),Bern(0.40);s3:N(1.50,1.30^2),Bern(0.70)",25,"1000/1000/1000","-4.5/-3/-1.5",-0.185733649138664,-0.0892041029227946,0.142638205288562,-0.0965295462158691,0.105541912375985,NA,100
"Federated IPW (no cloning)","RD",10,-1,"high","s1:N(-1.50,0.70^2),Bern(0.10);s2:N(0.00,1.00^2),Bern(0.40);s3:N(1.50,1.30^2),Bern(0.70)",25,"1000/1000/1000","-4.5/-3/-1.5",-0.249990583853103,-0.0803360220275148,0.193109567268324,-0.169654561825588,0.0927069599684559,NA,100
"Federated IPW (no cloning)","RD",15,-1,"high","s1:N(-1.50,0.70^2),Bern(0.10);s2:N(0.00,1.00^2),Bern(0.40);s3:N(1.50,1.30^2),Bern(0.70)",25,"1000/1000/1000","-4.5/-3/-1.5",-0.260327893425563,-0.0720276999771671,0.205257884793205,-0.188300193448396,0.0821051088918256,NA,100
"Federated IPW (no cloning)","RD",5,-0.7,"high","s1:N(-1.50,0.70^2),Bern(0.10);s2:N(0.00,1.00^2),Bern(0.40);s3:N(1.50,1.30^2),Bern(0.70)",25,"1000/1000/1000","-4.5/-3/-1.5",-0.15947738571769,-0.0584512946296867,0.145877883119898,-0.101026091088004,0.105763628694209,NA,100
"Federated IPW (no cloning)","RD",10,-0.7,"high","s1:N(-1.50,0.70^2),Bern(0.10);s2:N(0.00,1.00^2),Bern(0.40);s3:N(1.50,1.30^2),Bern(0.70)",25,"1000/1000/1000","-4.5/-3/-1.5",-0.199803013052189,-0.0523499901509646,0.174413103197281,-0.147453022901224,0.093622585357846,NA,100
"Federated IPW (no cloning)","RD",15,-0.7,"high","s1:N(-1.50,0.70^2),Bern(0.10);s2:N(0.00,1.00^2),Bern(0.40);s3:N(1.50,1.30^2),Bern(0.70)",25,"1000/1000/1000","-4.5/-3/-1.5",-0.212314847495377,-0.0471029198375579,0.193395785219803,-0.165211927657819,0.101039789643905,NA,100
"Federated IPW (no cloning)","RD",5,-0.5,"high","s1:N(-1.50,0.70^2),Bern(0.10);s2:N(0.00,1.00^2),Bern(0.40);s3:N(1.50,1.30^2),Bern(0.70)",25,"1000/1000/1000","-4.5/-3/-1.5",-0.145661418467908,-0.0411241958370495,0.156356156679069,-0.104537222630859,0.116857924685033,NA,100
"Federated IPW (no cloning)","RD",10,-0.5,"high","s1:N(-1.50,0.70^2),Bern(0.10);s2:N(0.00,1.00^2),Bern(0.40);s3:N(1.50,1.30^2),Bern(0.70)",25,"1000/1000/1000","-4.5/-3/-1.5",-0.163069164417501,-0.0380586440948029,0.169618713845687,-0.125010520322698,0.115219938542295,NA,100
"Federated IPW (no cloning)","RD",15,-0.5,"high","s1:N(-1.50,0.70^2),Bern(0.10);s2:N(0.00,1.00^2),Bern(0.40);s3:N(1.50,1.30^2),Bern(0.70)",25,"1000/1000/1000","-4.5/-3/-1.5",-0.19815375595528,-0.0334239031940955,0.192165480188492,-0.164729852761184,0.0994512589890006,NA,100
"Federated IPW (no cloning)","RD",5,-1,"low","s1:N(-0.25,0.95^2),Bern(0.35);s2:N(0.00,1.00^2),Bern(0.40);s3:N(0.25,1.05^2),Bern(0.45)",25,"1000/1000/1000","-4.5/-3/-1.5",-0.232534896557992,-0.120996609283777,0.125887466138574,-0.111538287274215,0.0586624017279399,NA,100
"Federated IPW (no cloning)","RD",10,-1,"low","s1:N(-0.25,0.95^2),Bern(0.35);s2:N(0.00,1.00^2),Bern(0.40);s3:N(0.25,1.05^2),Bern(0.45)",25,"1000/1000/1000","-4.5/-3/-1.5",-0.289052171807178,-0.0960392060887807,0.201780094636614,-0.193012965718397,0.0591283628137982,NA,100
"Federated IPW (no cloning)","RD",15,-1,"low","s1:N(-0.25,0.95^2),Bern(0.35);s2:N(0.00,1.00^2),Bern(0.40);s3:N(0.25,1.05^2),Bern(0.45)",25,"1000/1000/1000","-4.5/-3/-1.5",-0.321661572108578,-0.082544843501617,0.24456134612586,-0.239116728606961,0.0515756002838969,NA,100
"Federated IPW (no cloning)","RD",5,-0.7,"low","s1:N(-0.25,0.95^2),Bern(0.35);s2:N(0.00,1.00^2),Bern(0.40);s3:N(0.25,1.05^2),Bern(0.45)",25,"1000/1000/1000","-4.5/-3/-1.5",-0.178668166763387,-0.0833391550101804,0.12139027218808,-0.0953290117532064,0.0755316356227749,NA,100
"Federated IPW (no cloning)","RD",10,-0.7,"low","s1:N(-0.25,0.95^2),Bern(0.35);s2:N(0.00,1.00^2),Bern(0.40);s3:N(0.25,1.05^2),Bern(0.45)",25,"1000/1000/1000","-4.5/-3/-1.5",-0.221433383499842,-0.067494019095338,0.162031085838048,-0.153939364404504,0.0508189981237054,NA,100
"Federated IPW (no cloning)","RD",15,-0.7,"low","s1:N(-0.25,0.95^2),Bern(0.35);s2:N(0.00,1.00^2),Bern(0.40);s3:N(0.25,1.05^2),Bern(0.45)",25,"1000/1000/1000","-4.5/-3/-1.5",-0.256112382820732,-0.0568591814129458,0.203854859538886,-0.199253201407786,0.0432862854895442,NA,100
"Federated IPW (no cloning)","RD",5,-0.5,"low","s1:N(-0.25,0.95^2),Bern(0.35);s2:N(0.00,1.00^2),Bern(0.40);s3:N(0.25,1.05^2),Bern(0.45)",25,"1000/1000/1000","-4.5/-3/-1.5",-0.133586129826067,-0.0582737841009684,0.106023709670832,-0.0753123457250987,0.0750022059860626,NA,100
"Federated IPW (no cloning)","RD",10,-0.5,"low","s1:N(-0.25,0.95^2),Bern(0.35);s2:N(0.00,1.00^2),Bern(0.40);s3:N(0.25,1.05^2),Bern(0.45)",25,"1000/1000/1000","-4.5/-3/-1.5",-0.185834280045432,-0.0458568191634134,0.153147339890021,-0.139977460882019,0.0624452743067472,NA,100
"Federated IPW (no cloning)","RD",15,-0.5,"low","s1:N(-0.25,0.95^2),Bern(0.35);s2:N(0.00,1.00^2),Bern(0.40);s3:N(0.25,1.05^2),Bern(0.45)",25,"1000/1000/1000","-4.5/-3/-1.5",-0.215586060933509,-0.0402042754446026,0.184040912336198,-0.175381785488906,0.0560689216231518,NA,100
"Federated IPW (no cloning)","RD",5,-1,"moderate","s1:N(-0.75,0.85^2),Bern(0.20);s2:N(0.00,1.00^2),Bern(0.40);s3:N(0.75,1.15^2),Bern(0.60)",25,"1000/1000/1000","-4.5/-3/-1.5",-0.233461807405868,-0.11540739373497,0.13827221114161,-0.118054413670899,0.0723512740410557,NA,100
"Federated IPW (no cloning)","RD",10,-1,"moderate","s1:N(-0.75,0.85^2),Bern(0.20);s2:N(0.00,1.00^2),Bern(0.40);s3:N(0.75,1.15^2),Bern(0.60)",25,"1000/1000/1000","-4.5/-3/-1.5",-0.273290642613297,-0.0928265910673114,0.197856912721717,-0.180464051545986,0.0815263730730208,NA,100
"Federated IPW (no cloning)","RD",15,-1,"moderate","s1:N(-0.75,0.85^2),Bern(0.20);s2:N(0.00,1.00^2),Bern(0.40);s3:N(0.75,1.15^2),Bern(0.60)",25,"1000/1000/1000","-4.5/-3/-1.5",-0.306186079630235,-0.0805692223320915,0.23561178034866,-0.225616857298143,0.0682386242561949,NA,100
"Federated IPW (no cloning)","RD",5,-0.7,"moderate","s1:N(-0.75,0.85^2),Bern(0.20);s2:N(0.00,1.00^2),Bern(0.40);s3:N(0.75,1.15^2),Bern(0.60)",25,"1000/1000/1000","-4.5/-3/-1.5",-0.178315753916584,-0.0807520636091489,0.126574374279904,-0.0975636903074355,0.0810436879186694,NA,100
"Federated IPW (no cloning)","RD",10,-0.7,"moderate","s1:N(-0.75,0.85^2),Bern(0.20);s2:N(0.00,1.00^2),Bern(0.40);s3:N(0.75,1.15^2),Bern(0.60)",25,"1000/1000/1000","-4.5/-3/-1.5",-0.231039822504248,-0.0655723696456074,0.184323405660876,-0.16546745285864,0.0816226840059851,NA,100
"Federated IPW (no cloning)","RD",15,-0.7,"moderate","s1:N(-0.75,0.85^2),Bern(0.20);s2:N(0.00,1.00^2),Bern(0.40);s3:N(0.75,1.15^2),Bern(0.60)",25,"1000/1000/1000","-4.5/-3/-1.5",-0.25328190241214,-0.0565264236864906,0.207792203396124,-0.196755478725649,0.0671563935572266,NA,100
"Federated IPW (no cloning)","RD",5,-0.5,"moderate","s1:N(-0.75,0.85^2),Bern(0.20);s2:N(0.00,1.00^2),Bern(0.40);s3:N(0.75,1.15^2),Bern(0.60)",25,"1000/1000/1000","-4.5/-3/-1.5",-0.141440871535148,-0.0565825298684021,0.113343489839694,-0.084858341666746,0.0755171298957225,NA,100
"Federated IPW (no cloning)","RD",10,-0.5,"moderate","s1:N(-0.75,0.85^2),Bern(0.20);s2:N(0.00,1.00^2),Bern(0.40);s3:N(0.75,1.15^2),Bern(0.60)",25,"1000/1000/1000","-4.5/-3/-1.5",-0.182425307686039,-0.0439844545757733,0.161719106669233,-0.138440853110266,0.0840105792520149,NA,100
"Federated IPW (no cloning)","RD",15,-0.5,"moderate","s1:N(-0.75,0.85^2),Bern(0.20);s2:N(0.00,1.00^2),Bern(0.40);s3:N(0.75,1.15^2),Bern(0.60)",25,"1000/1000/1000","-4.5/-3/-1.5",-0.212607659328345,-0.0389312502125132,0.184690065122106,-0.173676409115832,0.0631410563853081,NA,100
"Federated per-protocol (unweighted)","RD",5,-1,"high","s1:N(-1.50,0.70^2),Bern(0.10);s2:N(0.00,1.00^2),Bern(0.40);s3:N(1.50,1.30^2),Bern(0.70)",25,"1000/1000/1000","-4.5/-3/-1.5",0.284404140584539,-0.0892041029227946,0.373835269163418,0.373608243507333,0.0130920923720012,NA,100
"Federated per-protocol (unweighted)","RD",10,-1,"high","s1:N(-1.50,0.70^2),Bern(0.10);s2:N(0.00,1.00^2),Bern(0.40);s3:N(1.50,1.30^2),Bern(0.70)",25,"1000/1000/1000","-4.5/-3/-1.5",0.267552500588461,-0.0803360220275148,0.348195984691309,0.347888522615976,0.014703108556918,NA,100
"Federated per-protocol (unweighted)","RD",15,-1,"high","s1:N(-1.50,0.70^2),Bern(0.10);s2:N(0.00,1.00^2),Bern(0.40);s3:N(1.50,1.30^2),Bern(0.70)",25,"1000/1000/1000","-4.5/-3/-1.5",0.247404026122508,-0.0720276999771671,0.319737722524451,0.319431726099675,0.0140555739008204,NA,100
"Federated per-protocol (unweighted)","RD",5,-0.7,"high","s1:N(-1.50,0.70^2),Bern(0.10);s2:N(0.00,1.00^2),Bern(0.40);s3:N(1.50,1.30^2),Bern(0.70)",25,"1000/1000/1000","-4.5/-3/-1.5",0.307246435326265,-0.0584512946296867,0.365915809343628,0.365697729955951,0.0126949378548138,NA,100
"Federated per-protocol (unweighted)","RD",10,-0.7,"high","s1:N(-1.50,0.70^2),Bern(0.10);s2:N(0.00,1.00^2),Bern(0.40);s3:N(1.50,1.30^2),Bern(0.70)",25,"1000/1000/1000","-4.5/-3/-1.5",0.292574049956906,-0.0523499901509646,0.345177553438353,0.344924040107871,0.0132934993360278,NA,100
"Federated per-protocol (unweighted)","RD",15,-0.7,"high","s1:N(-1.50,0.70^2),Bern(0.10);s2:N(0.00,1.00^2),Bern(0.40);s3:N(1.50,1.30^2),Bern(0.70)",25,"1000/1000/1000","-4.5/-3/-1.5",0.273935385163687,-0.0471029198375579,0.321364127669184,0.321038305001245,0.0145404095402684,NA,100
"Federated per-protocol (unweighted)","RD",5,-0.5,"high","s1:N(-1.50,0.70^2),Bern(0.10);s2:N(0.00,1.00^2),Bern(0.40);s3:N(1.50,1.30^2),Bern(0.70)",25,"1000/1000/1000","-4.5/-3/-1.5",0.31747946416519,-0.0411241958370495,0.358812986060776,0.35860366000224,0.0123162862879907,NA,100
"Federated per-protocol (unweighted)","RD",10,-0.5,"high","s1:N(-1.50,0.70^2),Bern(0.10);s2:N(0.00,1.00^2),Bern(0.40);s3:N(1.50,1.30^2),Bern(0.70)",25,"1000/1000/1000","-4.5/-3/-1.5",0.307523770013907,-0.0380586440948029,0.345815538499633,0.34558241410871,0.0127596953269074,NA,100
"Federated per-protocol (unweighted)","RD",15,-0.5,"high","s1:N(-1.50,0.70^2),Bern(0.10);s2:N(0.00,1.00^2),Bern(0.40);s3:N(1.50,1.30^2),Bern(0.70)",25,"1000/1000/1000","-4.5/-3/-1.5",0.289345079320166,-0.0334239031940955,0.323153071102479,0.322768982514261,0.0158302641258789,NA,100
"Federated per-protocol (unweighted)","RD",5,-1,"low","s1:N(-0.25,0.95^2),Bern(0.35);s2:N(0.00,1.00^2),Bern(0.40);s3:N(0.25,1.05^2),Bern(0.45)",25,"1000/1000/1000","-4.5/-3/-1.5",0.0178938681401994,-0.120996609283777,0.139754504854172,0.138890477423976,0.0155945117247667,NA,100
"Federated per-protocol (unweighted)","RD",10,-1,"low","s1:N(-0.25,0.95^2),Bern(0.35);s2:N(0.00,1.00^2),Bern(0.40);s3:N(0.25,1.05^2),Bern(0.45)",25,"1000/1000/1000","-4.5/-3/-1.5",-0.0207754869173279,-0.0960392060887807,0.0769108357918171,0.0752637191714528,0.0159116639346182,NA,100
"Federated per-protocol (unweighted)","RD",15,-1,"low","s1:N(-0.25,0.95^2),Bern(0.35);s2:N(0.00,1.00^2),Bern(0.40);s3:N(0.25,1.05^2),Bern(0.45)",25,"1000/1000/1000","-4.5/-3/-1.5",-0.0511547968073991,-0.082544843501617,0.0355465380066821,0.0313900466942178,0.0167639986067824,NA,100
"Federated per-protocol (unweighted)","RD",5,-0.7,"low","s1:N(-0.25,0.95^2),Bern(0.35);s2:N(0.00,1.00^2),Bern(0.40);s3:N(0.25,1.05^2),Bern(0.45)",25,"1000/1000/1000","-4.5/-3/-1.5",0.0643764623914794,-0.0833391550101804,0.148363132848559,0.14771561740166,0.0139158932568893,NA,100
"Federated per-protocol (unweighted)","RD",10,-0.7,"low","s1:N(-0.25,0.95^2),Bern(0.35);s2:N(0.00,1.00^2),Bern(0.40);s3:N(0.25,1.05^2),Bern(0.45)",25,"1000/1000/1000","-4.5/-3/-1.5",0.0286341268867911,-0.067494019095338,0.0974142004652431,0.0961281459821292,0.0158562355042008,NA,100
"Federated per-protocol (unweighted)","RD",15,-0.7,"low","s1:N(-0.25,0.95^2),Bern(0.35);s2:N(0.00,1.00^2),Bern(0.40);s3:N(0.25,1.05^2),Bern(0.45)",25,"1000/1000/1000","-4.5/-3/-1.5",-0.000322384116592374,-0.0568591814129458,0.0582837234156134,0.0565367972963534,0.0142340808354835,NA,100
"Federated per-protocol (unweighted)","RD",5,-0.5,"low","s1:N(-0.25,0.95^2),Bern(0.35);s2:N(0.00,1.00^2),Bern(0.40);s3:N(0.25,1.05^2),Bern(0.45)",25,"1000/1000/1000","-4.5/-3/-1.5",0.0867431302051302,-0.0582737841009684,0.145558951232807,0.145016914306099,0.0126132385612221,NA,100
"Federated per-protocol (unweighted)","RD",10,-0.5,"low","s1:N(-0.25,0.95^2),Bern(0.35);s2:N(0.00,1.00^2),Bern(0.40);s3:N(0.25,1.05^2),Bern(0.45)",25,"1000/1000/1000","-4.5/-3/-1.5",0.0564082255438442,-0.0458568191634134,0.10334428608054,0.102265044707258,0.0149714238413546,NA,100
"Federated per-protocol (unweighted)","RD",15,-0.5,"low","s1:N(-0.25,0.95^2),Bern(0.35);s2:N(0.00,1.00^2),Bern(0.40);s3:N(0.25,1.05^2),Bern(0.45)",25,"1000/1000/1000","-4.5/-3/-1.5",0.0307341435660938,-0.0402042754446026,0.0723383585543127,0.0709384190106964,0.0142339339379056,NA,100
"Federated per-protocol (unweighted)","RD",5,-1,"moderate","s1:N(-0.75,0.85^2),Bern(0.20);s2:N(0.00,1.00^2),Bern(0.40);s3:N(0.75,1.15^2),Bern(0.60)",25,"1000/1000/1000","-4.5/-3/-1.5",0.120362610832954,-0.11540739373497,0.236186552036947,0.235770004567924,0.0140917738430307,NA,100
"Federated per-protocol (unweighted)","RD",10,-1,"moderate","s1:N(-0.75,0.85^2),Bern(0.20);s2:N(0.00,1.00^2),Bern(0.40);s3:N(0.75,1.15^2),Bern(0.60)",25,"1000/1000/1000","-4.5/-3/-1.5",0.0905209481404097,-0.0928265910673114,0.183896029481532,0.183347539207721,0.0142640866240344,NA,100
"Federated per-protocol (unweighted)","RD",15,-1,"moderate","s1:N(-0.75,0.85^2),Bern(0.20);s2:N(0.00,1.00^2),Bern(0.40);s3:N(0.75,1.15^2),Bern(0.60)",25,"1000/1000/1000","-4.5/-3/-1.5",0.0632413075656727,-0.0805692223320915,0.144526004470022,0.143810529897764,0.0144354172543107,NA,100
"Federated per-protocol (unweighted)","RD",5,-0.7,"moderate","s1:N(-0.75,0.85^2),Bern(0.20);s2:N(0.00,1.00^2),Bern(0.40);s3:N(0.75,1.15^2),Bern(0.60)",25,"1000/1000/1000","-4.5/-3/-1.5",0.152366141797437,-0.0807520636091489,0.233458451723237,0.233118205406586,0.0126631170873237,NA,100
"Federated per-protocol (unweighted)","RD",10,-0.7,"moderate","s1:N(-0.75,0.85^2),Bern(0.20);s2:N(0.00,1.00^2),Bern(0.40);s3:N(0.75,1.15^2),Bern(0.60)",25,"1000/1000/1000","-4.5/-3/-1.5",0.126028511738225,-0.0655723696456074,0.191948294634143,0.191600881383833,0.0116015527476179,NA,100
"Federated per-protocol (unweighted)","RD",15,-0.7,"moderate","s1:N(-0.75,0.85^2),Bern(0.20);s2:N(0.00,1.00^2),Bern(0.40);s3:N(0.75,1.15^2),Bern(0.60)",25,"1000/1000/1000","-4.5/-3/-1.5",0.103359021788708,-0.0565264236864906,0.160456052580374,0.159885445475199,0.0135880642392695,NA,100
"Federated per-protocol (unweighted)","RD",5,-0.5,"moderate","s1:N(-0.75,0.85^2),Bern(0.20);s2:N(0.00,1.00^2),Bern(0.40);s3:N(0.75,1.15^2),Bern(0.60)",25,"1000/1000/1000","-4.5/-3/-1.5",0.172261338873283,-0.0565825298684021,0.229300999595818,0.228843868741685,0.0145446770776269,NA,100
"Federated per-protocol (unweighted)","RD",10,-0.5,"moderate","s1:N(-0.75,0.85^2),Bern(0.20);s2:N(0.00,1.00^2),Bern(0.40);s3:N(0.75,1.15^2),Bern(0.60)",25,"1000/1000/1000","-4.5/-3/-1.5",0.151150501315375,-0.0439844545757733,0.195514088563617,0.195134955891148,0.0122312654606672,NA,100
"Federated per-protocol (unweighted)","RD",15,-0.5,"moderate","s1:N(-0.75,0.85^2),Bern(0.20);s2:N(0.00,1.00^2),Bern(0.40);s3:N(0.75,1.15^2),Bern(0.60)",25,"1000/1000/1000","-4.5/-3/-1.5",0.128775953166444,-0.0389312502125132,0.16826114761704,0.167707203378958,0.0137108573143836,NA,100
"Federated CCW","RR",5,-1,"high","s1:N(-1.50,0.70^2),Bern(0.10);s2:N(0.00,1.00^2),Bern(0.40);s3:N(1.50,1.30^2),Bern(0.70)",25,"1000/1000/1000","-4.5/-3/-1.5",0.913942673529272,0.880591408870502,0.114446877371826,0.0333512646587696,0.11003112913907,0.83,100
"Federated CCW","RR",10,-1,"high","s1:N(-1.50,0.70^2),Bern(0.10);s2:N(0.00,1.00^2),Bern(0.40);s3:N(1.50,1.30^2),Bern(0.70)",25,"1000/1000/1000","-4.5/-3/-1.5",0.906521146595123,0.894202060835619,0.0772648181704089,0.0123190857595038,0.0766606865451391,0.93,100
"Federated CCW","RR",15,-1,"high","s1:N(-1.50,0.70^2),Bern(0.10);s2:N(0.00,1.00^2),Bern(0.40);s3:N(1.50,1.30^2),Bern(0.70)",25,"1000/1000/1000","-4.5/-3/-1.5",0.925755567025513,0.905158279892996,0.0649440690544956,0.0205972871325176,0.0619015499564088,0.86,100
"Federated CCW","RR",5,-0.7,"high","s1:N(-1.50,0.70^2),Bern(0.10);s2:N(0.00,1.00^2),Bern(0.40);s3:N(1.50,1.30^2),Bern(0.70)",25,"1000/1000/1000","-4.5/-3/-1.5",0.93163034127928,0.921777507765187,0.107353562026117,0.0098528335140928,0.107439007604263,0.87,100
"Federated CCW","RR",10,-0.7,"high","s1:N(-1.50,0.70^2),Bern(0.10);s2:N(0.00,1.00^2),Bern(0.40);s3:N(1.50,1.30^2),Bern(0.70)",25,"1000/1000/1000","-4.5/-3/-1.5",0.942120597029901,0.929861477740268,0.082226343017457,0.0122591192896337,0.0817169633630608,0.9,100
"Federated CCW","RR",15,-0.7,"high","s1:N(-1.50,0.70^2),Bern(0.10);s2:N(0.00,1.00^2),Bern(0.40);s3:N(1.50,1.30^2),Bern(0.70)",25,"1000/1000/1000","-4.5/-3/-1.5",0.956433735321912,0.936851497649284,0.0775183638208659,0.0195822376726281,0.0753820752559638,0.82,100
"Federated CCW","RR",5,-0.5,"high","s1:N(-1.50,0.70^2),Bern(0.10);s2:N(0.00,1.00^2),Bern(0.40);s3:N(1.50,1.30^2),Bern(0.70)",25,"1000/1000/1000","-4.5/-3/-1.5",0.936062887599619,0.944775108054415,0.118918597477786,-0.0087122204547958,0.119196510527998,0.89,100
"Federated CCW","RR",10,-0.5,"high","s1:N(-1.50,0.70^2),Bern(0.10);s2:N(0.00,1.00^2),Bern(0.40);s3:N(1.50,1.30^2),Bern(0.70)",25,"1000/1000/1000","-4.5/-3/-1.5",0.965830159999,0.948746482035201,0.108712625110686,0.0170836779637989,0.107902793916729,0.86,100
"Federated CCW","RR",15,-0.5,"high","s1:N(-1.50,0.70^2),Bern(0.10);s2:N(0.00,1.00^2),Bern(0.40);s3:N(1.50,1.30^2),Bern(0.70)",25,"1000/1000/1000","-4.5/-3/-1.5",0.958212224934862,0.954950305585809,0.07891710758231,0.00326191934905311,0.07924689555987,0.86,100
"Federated CCW","RR",5,-1,"low","s1:N(-0.25,0.95^2),Bern(0.35);s2:N(0.00,1.00^2),Bern(0.40);s3:N(0.25,1.05^2),Bern(0.45)",25,"1000/1000/1000","-4.5/-3/-1.5",0.859230277577377,0.856815350661249,0.050234914003068,0.00241492691612786,0.0504296160468402,0.92,100
"Federated CCW","RR",10,-1,"low","s1:N(-0.25,0.95^2),Bern(0.35);s2:N(0.00,1.00^2),Bern(0.40);s3:N(0.25,1.05^2),Bern(0.45)",25,"1000/1000/1000","-4.5/-3/-1.5",0.883690764465385,0.886100605758232,0.0420915425347672,-0.0024098412928476,0.0422342029268706,0.95,100
"Federated CCW","RR",15,-1,"low","s1:N(-0.25,0.95^2),Bern(0.35);s2:N(0.00,1.00^2),Bern(0.40);s3:N(0.25,1.05^2),Bern(0.45)",25,"1000/1000/1000","-4.5/-3/-1.5",0.90270254247459,0.902153214494756,0.035416584307968,0.000549327979833629,0.0355907246288985,0.94,100
"Federated CCW","RR",5,-0.7,"low","s1:N(-0.25,0.95^2),Bern(0.35);s2:N(0.00,1.00^2),Bern(0.40);s3:N(0.25,1.05^2),Bern(0.45)",25,"1000/1000/1000","-4.5/-3/-1.5",0.898469134002734,0.901471468569678,0.0687011285052361,-0.00300233456694382,0.0689812670006228,0.89,100
"Federated CCW","RR",10,-0.7,"low","s1:N(-0.25,0.95^2),Bern(0.35);s2:N(0.00,1.00^2),Bern(0.40);s3:N(0.25,1.05^2),Bern(0.45)",25,"1000/1000/1000","-4.5/-3/-1.5",0.926490392539143,0.920260011251172,0.0363042994795764,0.00623038128797097,0.0359458699347074,0.94,100
"Federated CCW","RR",15,-0.7,"low","s1:N(-0.25,0.95^2),Bern(0.35);s2:N(0.00,1.00^2),Bern(0.40);s3:N(0.25,1.05^2),Bern(0.45)",25,"1000/1000/1000","-4.5/-3/-1.5",0.935800028048743,0.932573191466725,0.0293431849576856,0.00322683658201796,0.0293121484990473,0.94,100
"Federated CCW","RR",5,-0.5,"low","s1:N(-0.25,0.95^2),Bern(0.35);s2:N(0.00,1.00^2),Bern(0.40);s3:N(0.25,1.05^2),Bern(0.45)",25,"1000/1000/1000","-4.5/-3/-1.5",0.935353701693898,0.931042924317417,0.0668779752712585,0.00431077737648084,0.0670751182607261,0.84,100
"Federated CCW","RR",10,-0.5,"low","s1:N(-0.25,0.95^2),Bern(0.35);s2:N(0.00,1.00^2),Bern(0.40);s3:N(0.25,1.05^2),Bern(0.45)",25,"1000/1000/1000","-4.5/-3/-1.5",0.948591782689351,0.945751001578107,0.0482307224191476,0.00284078111124324,0.0483895446148358,0.89,100
"Federated CCW","RR",15,-0.5,"low","s1:N(-0.25,0.95^2),Bern(0.35);s2:N(0.00,1.00^2),Bern(0.40);s3:N(0.25,1.05^2),Bern(0.45)",25,"1000/1000/1000","-4.5/-3/-1.5",0.957939823307052,0.952454629339884,0.0409835607231976,0.00548519396716715,0.0408194459587384,0.91,100
"Federated CCW","RR",5,-1,"moderate","s1:N(-0.75,0.85^2),Bern(0.20);s2:N(0.00,1.00^2),Bern(0.40);s3:N(0.75,1.15^2),Bern(0.60)",25,"1000/1000/1000","-4.5/-3/-1.5",0.857620982815162,0.858924100667627,0.0656008495051856,-0.00130311785246456,0.0659183251882267,0.94,100
"Federated CCW","RR",10,-1,"moderate","s1:N(-0.75,0.85^2),Bern(0.20);s2:N(0.00,1.00^2),Bern(0.40);s3:N(0.75,1.15^2),Bern(0.60)",25,"1000/1000/1000","-4.5/-3/-1.5",0.894579042276541,0.886438111459635,0.0568658250425636,0.00814093081690601,0.0565636077386326,0.87,100
"Federated CCW","RR",15,-1,"moderate","s1:N(-0.75,0.85^2),Bern(0.20);s2:N(0.00,1.00^2),Bern(0.40);s3:N(0.75,1.15^2),Bern(0.60)",25,"1000/1000/1000","-4.5/-3/-1.5",0.904190262181938,0.901357179239573,0.0432084986909328,0.00283308294236457,0.0433327272704241,0.93,100
"Federated CCW","RR",5,-0.7,"moderate","s1:N(-0.75,0.85^2),Bern(0.20);s2:N(0.00,1.00^2),Bern(0.40);s3:N(0.75,1.15^2),Bern(0.60)",25,"1000/1000/1000","-4.5/-3/-1.5",0.902491452177158,0.901128654034344,0.0743041855070994,0.00136279814281428,0.0746659548470899,0.88,100
"Federated CCW","RR",10,-0.7,"moderate","s1:N(-0.75,0.85^2),Bern(0.20);s2:N(0.00,1.00^2),Bern(0.40);s3:N(0.75,1.15^2),Bern(0.60)",25,"1000/1000/1000","-4.5/-3/-1.5",0.91839446566868,0.919713409017867,0.0659748187814048,-0.00131894334918686,0.0662939360823732,0.92,100
"Federated CCW","RR",15,-0.7,"moderate","s1:N(-0.75,0.85^2),Bern(0.20);s2:N(0.00,1.00^2),Bern(0.40);s3:N(0.75,1.15^2),Bern(0.60)",25,"1000/1000/1000","-4.5/-3/-1.5",0.933622984719861,0.930656753453094,0.0459767312715334,0.00296623126676735,0.0461120866568116,0.88,100
"Federated CCW","RR",5,-0.5,"moderate","s1:N(-0.75,0.85^2),Bern(0.20);s2:N(0.00,1.00^2),Bern(0.40);s3:N(0.75,1.15^2),Bern(0.60)",25,"1000/1000/1000","-4.5/-3/-1.5",0.931870176123857,0.930861338961872,0.0697007086304662,0.00100883716198515,0.0700445098834871,0.86,100
"Federated CCW","RR",10,-0.5,"moderate","s1:N(-0.75,0.85^2),Bern(0.20);s2:N(0.00,1.00^2),Bern(0.40);s3:N(0.75,1.15^2),Bern(0.60)",25,"1000/1000/1000","-4.5/-3/-1.5",0.950789651780596,0.946254014991693,0.0653330576833572,0.00453563678890315,0.0655037698442934,0.83,100
"Federated CCW","RR",15,-0.5,"moderate","s1:N(-0.75,0.85^2),Bern(0.20);s2:N(0.00,1.00^2),Bern(0.40);s3:N(0.75,1.15^2),Bern(0.60)",25,"1000/1000/1000","-4.5/-3/-1.5",0.956966158253097,0.95235263381563,0.0435751732268119,0.00461352443746691,0.0435485461610253,0.94,100
"Pooled CCW","RR",5,-1,"high","s1:N(-1.50,0.70^2),Bern(0.10);s2:N(0.00,1.00^2),Bern(0.40);s3:N(1.50,1.30^2),Bern(0.70)",25,"1000/1000/1000","-4.5/-3/-1.5",0.903761320757101,0.880591408870502,0.113958730477243,0.0231699118865994,0.112140547794942,0.81,100
"Pooled CCW","RR",10,-1,"high","s1:N(-1.50,0.70^2),Bern(0.10);s2:N(0.00,1.00^2),Bern(0.40);s3:N(1.50,1.30^2),Bern(0.70)",25,"1000/1000/1000","-4.5/-3/-1.5",0.896382913822085,0.894202060835619,0.073323872568965,0.00218085298646583,0.0736606618199892,0.96,100
"Pooled CCW","RR",15,-1,"high","s1:N(-1.50,0.70^2),Bern(0.10);s2:N(0.00,1.00^2),Bern(0.40);s3:N(1.50,1.30^2),Bern(0.70)",25,"1000/1000/1000","-4.5/-3/-1.5",0.917983624570771,0.905158279892996,0.0665648080647245,0.0128253446777753,0.0656466221260121,0.85,100
"Pooled CCW","RR",5,-0.7,"high","s1:N(-1.50,0.70^2),Bern(0.10);s2:N(0.00,1.00^2),Bern(0.40);s3:N(1.50,1.30^2),Bern(0.70)",25,"1000/1000/1000","-4.5/-3/-1.5",0.932079335008285,0.921777507765187,0.11077911138363,0.0103018272430981,0.110854731925629,0.87,100
"Pooled CCW","RR",10,-0.7,"high","s1:N(-1.50,0.70^2),Bern(0.10);s2:N(0.00,1.00^2),Bern(0.40);s3:N(1.50,1.30^2),Bern(0.70)",25,"1000/1000/1000","-4.5/-3/-1.5",0.925864471251928,0.929861477740268,0.0787730030498256,-0.00399700648833948,0.079067864653273,0.9,100
"Pooled CCW","RR",15,-0.7,"high","s1:N(-1.50,0.70^2),Bern(0.10);s2:N(0.00,1.00^2),Bern(0.40);s3:N(1.50,1.30^2),Bern(0.70)",25,"1000/1000/1000","-4.5/-3/-1.5",0.949990793391019,0.936851497649284,0.0692017911763085,0.0131392957417347,0.0682852514462044,0.89,100
"Pooled CCW","RR",5,-0.5,"high","s1:N(-1.50,0.70^2),Bern(0.10);s2:N(0.00,1.00^2),Bern(0.40);s3:N(1.50,1.30^2),Bern(0.70)",25,"1000/1000/1000","-4.5/-3/-1.5",0.939016693466494,0.944775108054415,0.10652845640727,-0.00575841458792123,0.106908592533643,0.91,100
"Pooled CCW","RR",10,-0.5,"high","s1:N(-1.50,0.70^2),Bern(0.10);s2:N(0.00,1.00^2),Bern(0.40);s3:N(1.50,1.30^2),Bern(0.70)",25,"1000/1000/1000","-4.5/-3/-1.5",0.963442779404378,0.948746482035201,0.0802733889624044,0.0146962973691765,0.0793142058629022,0.88,100
"Pooled CCW","RR",15,-0.5,"high","s1:N(-1.50,0.70^2),Bern(0.10);s2:N(0.00,1.00^2),Bern(0.40);s3:N(1.50,1.30^2),Bern(0.70)",25,"1000/1000/1000","-4.5/-3/-1.5",0.950715567526131,0.954950305585809,0.07092596202925,-0.0042347380596786,0.0711561029938631,0.89,100
"Pooled CCW","RR",5,-1,"low","s1:N(-0.25,0.95^2),Bern(0.35);s2:N(0.00,1.00^2),Bern(0.40);s3:N(0.25,1.05^2),Bern(0.45)",25,"1000/1000/1000","-4.5/-3/-1.5",0.856946180089745,0.856815350661249,0.049657989597748,0.000130829428495865,0.0499079841647059,0.93,100
"Pooled CCW","RR",10,-1,"low","s1:N(-0.25,0.95^2),Bern(0.35);s2:N(0.00,1.00^2),Bern(0.40);s3:N(0.25,1.05^2),Bern(0.45)",25,"1000/1000/1000","-4.5/-3/-1.5",0.883508376141874,0.886100605758232,0.0391509012898725,-0.00259222961635799,0.0392617918647343,0.93,100
"Pooled CCW","RR",15,-1,"low","s1:N(-0.25,0.95^2),Bern(0.35);s2:N(0.00,1.00^2),Bern(0.40);s3:N(0.25,1.05^2),Bern(0.45)",25,"1000/1000/1000","-4.5/-3/-1.5",0.899913455663063,0.902153214494756,0.0352257400424538,-0.00223975883169251,0.0353315643055492,0.95,100
"Pooled CCW","RR",5,-0.7,"low","s1:N(-0.25,0.95^2),Bern(0.35);s2:N(0.00,1.00^2),Bern(0.40);s3:N(0.25,1.05^2),Bern(0.45)",25,"1000/1000/1000","-4.5/-3/-1.5",0.898108438979786,0.901471468569678,0.0617849202402848,-0.00336302958989194,0.0620041249937312,0.9,100
"Pooled CCW","RR",10,-0.7,"low","s1:N(-0.25,0.95^2),Bern(0.35);s2:N(0.00,1.00^2),Bern(0.40);s3:N(0.25,1.05^2),Bern(0.45)",25,"1000/1000/1000","-4.5/-3/-1.5",0.926062659576398,0.920260011251172,0.0362073340151153,0.00580264832522563,0.0359193865790894,0.92,100
"Pooled CCW","RR",15,-0.7,"low","s1:N(-0.25,0.95^2),Bern(0.35);s2:N(0.00,1.00^2),Bern(0.40);s3:N(0.25,1.05^2),Bern(0.45)",25,"1000/1000/1000","-4.5/-3/-1.5",0.936467872003307,0.932573191466725,0.0287672533697832,0.00389468053658226,0.0286459814369156,0.9,100
"Pooled CCW","RR",5,-0.5,"low","s1:N(-0.25,0.95^2),Bern(0.35);s2:N(0.00,1.00^2),Bern(0.40);s3:N(0.25,1.05^2),Bern(0.45)",25,"1000/1000/1000","-4.5/-3/-1.5",0.934398073902089,0.931042924317417,0.0680919848194045,0.00335514958467188,0.068351892290613,0.85,100
"Pooled CCW","RR",10,-0.5,"low","s1:N(-0.25,0.95^2),Bern(0.35);s2:N(0.00,1.00^2),Bern(0.40);s3:N(0.25,1.05^2),Bern(0.45)",25,"1000/1000/1000","-4.5/-3/-1.5",0.947447408381602,0.945751001578107,0.0466499640612531,0.00169640680349469,0.0468539677488617,0.91,100
"Pooled CCW","RR",15,-0.5,"low","s1:N(-0.25,0.95^2),Bern(0.35);s2:N(0.00,1.00^2),Bern(0.40);s3:N(0.25,1.05^2),Bern(0.45)",25,"1000/1000/1000","-4.5/-3/-1.5",0.957001856546415,0.952454629339884,0.0392520370033605,0.00454722720653048,0.0391841693148434,0.89,100
"Pooled CCW","RR",5,-1,"moderate","s1:N(-0.75,0.85^2),Bern(0.20);s2:N(0.00,1.00^2),Bern(0.40);s3:N(0.75,1.15^2),Bern(0.60)",25,"1000/1000/1000","-4.5/-3/-1.5",0.861354435880848,0.858924100667627,0.0640866441079777,0.00243033521322113,0.0643631695907814,0.93,100
"Pooled CCW","RR",10,-1,"moderate","s1:N(-0.75,0.85^2),Bern(0.20);s2:N(0.00,1.00^2),Bern(0.40);s3:N(0.75,1.15^2),Bern(0.60)",25,"1000/1000/1000","-4.5/-3/-1.5",0.894342500262133,0.886438111459635,0.0521017614666619,0.00790438880249861,0.0517581222395628,0.87,100
"Pooled CCW","RR",15,-1,"moderate","s1:N(-0.75,0.85^2),Bern(0.20);s2:N(0.00,1.00^2),Bern(0.40);s3:N(0.75,1.15^2),Bern(0.60)",25,"1000/1000/1000","-4.5/-3/-1.5",0.904401340505025,0.901357179239573,0.0405769811849028,0.0030441612654515,0.0406664739720954,0.94,100
"Pooled CCW","RR",5,-0.7,"moderate","s1:N(-0.75,0.85^2),Bern(0.20);s2:N(0.00,1.00^2),Bern(0.40);s3:N(0.75,1.15^2),Bern(0.60)",25,"1000/1000/1000","-4.5/-3/-1.5",0.900370106320679,0.901128654034344,0.0758884198757469,-0.000758547713665271,0.0762669214646872,0.88,100
"Pooled CCW","RR",10,-0.7,"moderate","s1:N(-0.75,0.85^2),Bern(0.20);s2:N(0.00,1.00^2),Bern(0.40);s3:N(0.75,1.15^2),Bern(0.60)",25,"1000/1000/1000","-4.5/-3/-1.5",0.915236586910571,0.919713409017867,0.06394919305354,-0.00447682210729641,0.0641136723786535,0.94,100
"Pooled CCW","RR",15,-0.7,"moderate","s1:N(-0.75,0.85^2),Bern(0.20);s2:N(0.00,1.00^2),Bern(0.40);s3:N(0.75,1.15^2),Bern(0.60)",25,"1000/1000/1000","-4.5/-3/-1.5",0.931050187262583,0.930656753453094,0.0447728836498136,0.000393433809489689,0.0449967038092152,0.92,100
"Pooled CCW","RR",5,-0.5,"moderate","s1:N(-0.75,0.85^2),Bern(0.20);s2:N(0.00,1.00^2),Bern(0.40);s3:N(0.75,1.15^2),Bern(0.60)",25,"1000/1000/1000","-4.5/-3/-1.5",0.931116613372424,0.930861338961872,0.0705833989651563,0.000255274410552245,0.0709385211452316,0.89,100
"Pooled CCW","RR",10,-0.5,"moderate","s1:N(-0.75,0.85^2),Bern(0.20);s2:N(0.00,1.00^2),Bern(0.40);s3:N(0.75,1.15^2),Bern(0.60)",25,"1000/1000/1000","-4.5/-3/-1.5",0.952570967343093,0.946254014991693,0.0598866491995991,0.00631695235140007,0.0598525702624051,0.86,100
"Pooled CCW","RR",15,-0.5,"moderate","s1:N(-0.75,0.85^2),Bern(0.20);s2:N(0.00,1.00^2),Bern(0.40);s3:N(0.75,1.15^2),Bern(0.60)",25,"1000/1000/1000","-4.5/-3/-1.5",0.958226447510491,0.95235263381563,0.0429566999399555,0.00587381369486107,0.0427675934901512,0.91,100
"Federated landmark IPW","RR",5,-1,"high","s1:N(-1.50,0.70^2),Bern(0.10);s2:N(0.00,1.00^2),Bern(0.40);s3:N(1.50,1.30^2),Bern(0.70)",25,"1000/1000/1000","-4.5/-3/-1.5",0.733163764534536,0.880591408870502,0.214506694237756,-0.147427644335966,0.156599636074109,NA,100
"Federated landmark IPW","RR",10,-1,"high","s1:N(-1.50,0.70^2),Bern(0.10);s2:N(0.00,1.00^2),Bern(0.40);s3:N(1.50,1.30^2),Bern(0.70)",25,"1000/1000/1000","-4.5/-3/-1.5",0.659421348810579,0.894202060835619,0.307311761150296,-0.234780712025041,0.199287964337056,NA,100
"Federated landmark IPW","RR",15,-1,"high","s1:N(-1.50,0.70^2),Bern(0.10);s2:N(0.00,1.00^2),Bern(0.40);s3:N(1.50,1.30^2),Bern(0.70)",25,"1000/1000/1000","-4.5/-3/-1.5",0.595441669009913,0.905158279892996,0.356031900140747,-0.309716610883083,0.176481706669037,NA,100
"Federated landmark IPW","RR",5,-0.7,"high","s1:N(-1.50,0.70^2),Bern(0.10);s2:N(0.00,1.00^2),Bern(0.40);s3:N(1.50,1.30^2),Bern(0.70)",25,"1000/1000/1000","-4.5/-3/-1.5",0.765736673330497,0.921777507765187,0.23404163802802,-0.156040834434689,0.175311400632364,NA,100
"Federated landmark IPW","RR",10,-0.7,"high","s1:N(-1.50,0.70^2),Bern(0.10);s2:N(0.00,1.00^2),Bern(0.40);s3:N(1.50,1.30^2),Bern(0.70)",25,"1000/1000/1000","-4.5/-3/-1.5",0.715482874352276,0.929861477740268,0.291169434438194,-0.214378603387991,0.198024215335051,NA,100
"Federated landmark IPW","RR",15,-0.7,"high","s1:N(-1.50,0.70^2),Bern(0.10);s2:N(0.00,1.00^2),Bern(0.40);s3:N(1.50,1.30^2),Bern(0.70)",25,"1000/1000/1000","-4.5/-3/-1.5",0.727279763017219,0.936851497649284,0.318174150069982,-0.209571734632065,0.24061049838986,NA,100
"Federated landmark IPW","RR",5,-0.5,"high","s1:N(-1.50,0.70^2),Bern(0.10);s2:N(0.00,1.00^2),Bern(0.40);s3:N(1.50,1.30^2),Bern(0.70)",25,"1000/1000/1000","-4.5/-3/-1.5",0.833880755482514,0.944775108054415,0.239452482268007,-0.110894352571901,0.21329529450636,NA,100
"Federated landmark IPW","RR",10,-0.5,"high","s1:N(-1.50,0.70^2),Bern(0.10);s2:N(0.00,1.00^2),Bern(0.40);s3:N(1.50,1.30^2),Bern(0.70)",25,"1000/1000/1000","-4.5/-3/-1.5",0.78533267337447,0.948746482035201,0.253927443933759,-0.163413808660731,0.195337247664074,NA,100
"Federated landmark IPW","RR",15,-0.5,"high","s1:N(-1.50,0.70^2),Bern(0.10);s2:N(0.00,1.00^2),Bern(0.40);s3:N(1.50,1.30^2),Bern(0.70)",25,"1000/1000/1000","-4.5/-3/-1.5",0.755645579135283,0.954950305585809,0.301457810020414,-0.199304726450526,0.227312887281002,NA,100
"Federated landmark IPW","RR",5,-1,"low","s1:N(-0.25,0.95^2),Bern(0.35);s2:N(0.00,1.00^2),Bern(0.40);s3:N(0.25,1.05^2),Bern(0.45)",25,"1000/1000/1000","-4.5/-3/-1.5",0.681169145575363,0.856815350661249,0.206181556602449,-0.175646205085886,0.108521956638564,NA,100
"Federated landmark IPW","RR",10,-1,"low","s1:N(-0.25,0.95^2),Bern(0.35);s2:N(0.00,1.00^2),Bern(0.40);s3:N(0.25,1.05^2),Bern(0.45)",25,"1000/1000/1000","-4.5/-3/-1.5",0.626538191140983,0.886100605758232,0.275134191296734,-0.259562414617249,0.0917075729034952,NA,100
"Federated landmark IPW","RR",15,-1,"low","s1:N(-0.25,0.95^2),Bern(0.35);s2:N(0.00,1.00^2),Bern(0.40);s3:N(0.25,1.05^2),Bern(0.45)",25,"1000/1000/1000","-4.5/-3/-1.5",0.596269725976856,0.902153214494756,0.329008437374802,-0.3058834885179,0.121779081798002,NA,100
"Federated landmark IPW","RR",5,-0.7,"low","s1:N(-0.25,0.95^2),Bern(0.35);s2:N(0.00,1.00^2),Bern(0.40);s3:N(0.25,1.05^2),Bern(0.45)",25,"1000/1000/1000","-4.5/-3/-1.5",0.770410066097143,0.901471468569678,0.168487400639136,-0.131061402472535,0.106415010694336,NA,100
"Federated landmark IPW","RR",10,-0.7,"low","s1:N(-0.25,0.95^2),Bern(0.35);s2:N(0.00,1.00^2),Bern(0.40);s3:N(0.25,1.05^2),Bern(0.45)",25,"1000/1000/1000","-4.5/-3/-1.5",0.733113192835959,0.920260011251172,0.216258886127074,-0.187146818415213,0.108915564488573,NA,100
"Federated landmark IPW","RR",15,-0.7,"low","s1:N(-0.25,0.95^2),Bern(0.35);s2:N(0.00,1.00^2),Bern(0.40);s3:N(0.25,1.05^2),Bern(0.45)",25,"1000/1000/1000","-4.5/-3/-1.5",0.711779091345151,0.932573191466725,0.260090537655114,-0.220794100121574,0.138159083862655,NA,100
"Federated landmark IPW","RR",5,-0.5,"low","s1:N(-0.25,0.95^2),Bern(0.35);s2:N(0.00,1.00^2),Bern(0.40);s3:N(0.25,1.05^2),Bern(0.45)",25,"1000/1000/1000","-4.5/-3/-1.5",0.835982743816768,0.931042924317417,0.148481089593994,-0.0950601805006486,0.114636870909507,NA,100
"Federated landmark IPW","RR",10,-0.5,"low","s1:N(-0.25,0.95^2),Bern(0.35);s2:N(0.00,1.00^2),Bern(0.40);s3:N(0.25,1.05^2),Bern(0.45)",25,"1000/1000/1000","-4.5/-3/-1.5",0.811134850879745,0.945751001578107,0.181209926879329,-0.134616150698363,0.121918707685095,NA,100
"Federated landmark IPW","RR",15,-0.5,"low","s1:N(-0.25,0.95^2),Bern(0.35);s2:N(0.00,1.00^2),Bern(0.40);s3:N(0.25,1.05^2),Bern(0.45)",25,"1000/1000/1000","-4.5/-3/-1.5",0.793576077469928,0.952454629339884,0.215045375014314,-0.158878551869956,0.145651164388167,NA,100
"Federated landmark IPW","RR",5,-1,"moderate","s1:N(-0.75,0.85^2),Bern(0.20);s2:N(0.00,1.00^2),Bern(0.40);s3:N(0.75,1.15^2),Bern(0.60)",25,"1000/1000/1000","-4.5/-3/-1.5",0.67946466932702,0.858924100667627,0.215274353680483,-0.179459431340607,0.119499629581673,NA,100
"Federated landmark IPW","RR",10,-1,"moderate","s1:N(-0.75,0.85^2),Bern(0.20);s2:N(0.00,1.00^2),Bern(0.40);s3:N(0.75,1.15^2),Bern(0.60)",25,"1000/1000/1000","-4.5/-3/-1.5",0.633433979609943,0.886438111459635,0.27829868683928,-0.253004131849692,0.116511014624107,NA,100
"Federated landmark IPW","RR",15,-1,"moderate","s1:N(-0.75,0.85^2),Bern(0.20);s2:N(0.00,1.00^2),Bern(0.40);s3:N(0.75,1.15^2),Bern(0.60)",25,"1000/1000/1000","-4.5/-3/-1.5",0.587751558729799,0.901357179239573,0.338684820869238,-0.313605620509774,0.128546350843025,NA,100
"Federated landmark IPW","RR",5,-0.7,"moderate","s1:N(-0.75,0.85^2),Bern(0.20);s2:N(0.00,1.00^2),Bern(0.40);s3:N(0.75,1.15^2),Bern(0.60)",25,"1000/1000/1000","-4.5/-3/-1.5",0.767013075860182,0.901128654034344,0.184005880415364,-0.134115578174162,0.126615522842542,NA,100
"Federated landmark IPW","RR",10,-0.7,"moderate","s1:N(-0.75,0.85^2),Bern(0.20);s2:N(0.00,1.00^2),Bern(0.40);s3:N(0.75,1.15^2),Bern(0.60)",25,"1000/1000/1000","-4.5/-3/-1.5",0.705136231813332,0.919713409017867,0.253306606740377,-0.214577177204535,0.135291947849032,NA,100
"Federated landmark IPW","RR",15,-0.7,"moderate","s1:N(-0.75,0.85^2),Bern(0.20);s2:N(0.00,1.00^2),Bern(0.40);s3:N(0.75,1.15^2),Bern(0.60)",25,"1000/1000/1000","-4.5/-3/-1.5",0.677489457217108,0.930656753453094,0.282057462422759,-0.253167296235985,0.124975683392091,NA,100
"Federated landmark IPW","RR",5,-0.5,"moderate","s1:N(-0.75,0.85^2),Bern(0.20);s2:N(0.00,1.00^2),Bern(0.40);s3:N(0.75,1.15^2),Bern(0.60)",25,"1000/1000/1000","-4.5/-3/-1.5",0.832153990130602,0.930861338961872,0.154128869165298,-0.0987073488312693,0.11897104136601,NA,100
"Federated landmark IPW","RR",10,-0.5,"moderate","s1:N(-0.75,0.85^2),Bern(0.20);s2:N(0.00,1.00^2),Bern(0.40);s3:N(0.75,1.15^2),Bern(0.60)",25,"1000/1000/1000","-4.5/-3/-1.5",0.799581933418966,0.946254014991693,0.227321365089228,-0.146672081572727,0.174547911031928,NA,100
"Federated landmark IPW","RR",15,-0.5,"moderate","s1:N(-0.75,0.85^2),Bern(0.20);s2:N(0.00,1.00^2),Bern(0.40);s3:N(0.75,1.15^2),Bern(0.60)",25,"1000/1000/1000","-4.5/-3/-1.5",0.78594608537414,0.95235263381563,0.248155979269067,-0.16640654844149,0.18502047575134,NA,100
"Federated IPW (no cloning)","RR",5,-1,"high","s1:N(-1.50,0.70^2),Bern(0.10);s2:N(0.00,1.00^2),Bern(0.40);s3:N(1.50,1.30^2),Bern(0.70)",25,"1000/1000/1000","-4.5/-3/-1.5",0.759192952604252,0.880591408870502,0.183109841589779,-0.12139845626625,0.13777315898451,NA,100
"Federated IPW (no cloning)","RR",10,-1,"high","s1:N(-1.50,0.70^2),Bern(0.10);s2:N(0.00,1.00^2),Bern(0.40);s3:N(1.50,1.30^2),Bern(0.70)",25,"1000/1000/1000","-4.5/-3/-1.5",0.681493342004731,0.894202060835619,0.24181384397853,-0.212708718830889,0.115596547050047,NA,100
"Federated IPW (no cloning)","RR",15,-1,"high","s1:N(-1.50,0.70^2),Bern(0.10);s2:N(0.00,1.00^2),Bern(0.40);s3:N(1.50,1.30^2),Bern(0.70)",25,"1000/1000/1000","-4.5/-3/-1.5",0.671861231351494,0.905158279892996,0.253981439842329,-0.233297048541502,0.100900285441761,NA,100
"Federated IPW (no cloning)","RR",5,-0.7,"high","s1:N(-1.50,0.70^2),Bern(0.10);s2:N(0.00,1.00^2),Bern(0.40);s3:N(1.50,1.30^2),Bern(0.70)",25,"1000/1000/1000","-4.5/-3/-1.5",0.793492372284152,0.921777507765187,0.186830836478027,-0.128285135481035,0.136510204131457,NA,100
"Federated IPW (no cloning)","RR",10,-0.7,"high","s1:N(-1.50,0.70^2),Bern(0.10);s2:N(0.00,1.00^2),Bern(0.40);s3:N(1.50,1.30^2),Bern(0.70)",25,"1000/1000/1000","-4.5/-3/-1.5",0.745280064174866,0.929861477740268,0.218990850522969,-0.184581413565401,0.118435484628397,NA,100
"Federated IPW (no cloning)","RR",15,-0.7,"high","s1:N(-1.50,0.70^2),Bern(0.10);s2:N(0.00,1.00^2),Bern(0.40);s3:N(1.50,1.30^2),Bern(0.70)",25,"1000/1000/1000","-4.5/-3/-1.5",0.733278576760509,0.936851497649284,0.237665398973074,-0.203572920888775,0.123267417888803,NA,100
"Federated IPW (no cloning)","RR",5,-0.5,"high","s1:N(-1.50,0.70^2),Bern(0.10);s2:N(0.00,1.00^2),Bern(0.40);s3:N(1.50,1.30^2),Bern(0.70)",25,"1000/1000/1000","-4.5/-3/-1.5",0.811522629024833,0.944775108054415,0.200384149034622,-0.133252479029582,0.150412174504567,NA,100
"Federated IPW (no cloning)","RR",10,-0.5,"high","s1:N(-1.50,0.70^2),Bern(0.10);s2:N(0.00,1.00^2),Bern(0.40);s3:N(1.50,1.30^2),Bern(0.70)",25,"1000/1000/1000","-4.5/-3/-1.5",0.791228581252824,0.948746482035201,0.214809876520801,-0.157517900782377,0.14678849617765,NA,100
"Federated IPW (no cloning)","RR",15,-0.5,"high","s1:N(-1.50,0.70^2),Bern(0.10);s2:N(0.00,1.00^2),Bern(0.40);s3:N(1.50,1.30^2),Bern(0.70)",25,"1000/1000/1000","-4.5/-3/-1.5",0.750367261065201,0.954950305585809,0.239072031892994,-0.204583044520609,0.12432124536301,NA,100
"Federated IPW (no cloning)","RR",5,-1,"low","s1:N(-0.25,0.95^2),Bern(0.35);s2:N(0.00,1.00^2),Bern(0.40);s3:N(0.25,1.05^2),Bern(0.45)",25,"1000/1000/1000","-4.5/-3/-1.5",0.729868080344314,0.856815350661249,0.143704693912969,-0.126947270316935,0.0676848729925615,NA,100
"Federated IPW (no cloning)","RR",10,-1,"low","s1:N(-0.25,0.95^2),Bern(0.35);s2:N(0.00,1.00^2),Bern(0.40);s3:N(0.25,1.05^2),Bern(0.45)",25,"1000/1000/1000","-4.5/-3/-1.5",0.671330763541106,0.886100605758232,0.224988220106489,-0.214769842217127,0.0673721314916901,NA,100
"Federated IPW (no cloning)","RR",15,-1,"low","s1:N(-0.25,0.95^2),Bern(0.35);s2:N(0.00,1.00^2),Bern(0.40);s3:N(0.25,1.05^2),Bern(0.45)",25,"1000/1000/1000","-4.5/-3/-1.5",0.639594461299129,0.902153214494756,0.268567837067356,-0.262558753195627,0.0567787147786439,NA,100
"Federated IPW (no cloning)","RR",5,-0.7,"low","s1:N(-0.25,0.95^2),Bern(0.35);s2:N(0.00,1.00^2),Bern(0.40);s3:N(0.25,1.05^2),Bern(0.45)",25,"1000/1000/1000","-4.5/-3/-1.5",0.792080366591929,0.901471468569678,0.140064522523188,-0.109391101977749,0.0879144285381782,NA,100
"Federated IPW (no cloning)","RR",10,-0.7,"low","s1:N(-0.25,0.95^2),Bern(0.35);s2:N(0.00,1.00^2),Bern(0.40);s3:N(0.25,1.05^2),Bern(0.45)",25,"1000/1000/1000","-4.5/-3/-1.5",0.74832267391069,0.920260011251172,0.181123513450481,-0.171937337340482,0.0572366975671723,NA,100
"Federated IPW (no cloning)","RR",15,-0.7,"low","s1:N(-0.25,0.95^2),Bern(0.35);s2:N(0.00,1.00^2),Bern(0.40);s3:N(0.25,1.05^2),Bern(0.45)",25,"1000/1000/1000","-4.5/-3/-1.5",0.713491992392428,0.932573191466725,0.224166402021971,-0.219081199074297,0.0477155291796426,NA,100
"Federated IPW (no cloning)","RR",5,-0.5,"low","s1:N(-0.25,0.95^2),Bern(0.35);s2:N(0.00,1.00^2),Bern(0.40);s3:N(0.25,1.05^2),Bern(0.45)",25,"1000/1000/1000","-4.5/-3/-1.5",0.845265364500044,0.931042924317417,0.121495827962146,-0.0857775598173731,0.0864767525482845,NA,100
"Federated IPW (no cloning)","RR",10,-0.5,"low","s1:N(-0.25,0.95^2),Bern(0.35);s2:N(0.00,1.00^2),Bern(0.40);s3:N(0.25,1.05^2),Bern(0.45)",25,"1000/1000/1000","-4.5/-3/-1.5",0.78915791541886,0.945751001578107,0.171491417431077,-0.156593086159248,0.0702658129127179,NA,100
"Federated IPW (no cloning)","RR",15,-0.5,"low","s1:N(-0.25,0.95^2),Bern(0.35);s2:N(0.00,1.00^2),Bern(0.40);s3:N(0.25,1.05^2),Bern(0.45)",25,"1000/1000/1000","-4.5/-3/-1.5",0.758704411715229,0.952454629339884,0.202822822305666,-0.193750217624656,0.0602851005801072,NA,100
"Federated IPW (no cloning)","RR",5,-1,"moderate","s1:N(-0.75,0.85^2),Bern(0.20);s2:N(0.00,1.00^2),Bern(0.40);s3:N(0.75,1.15^2),Bern(0.60)",25,"1000/1000/1000","-4.5/-3/-1.5",0.72055538684615,0.858924100667627,0.162751687075747,-0.138368713821476,0.086118374494928,NA,100
"Federated IPW (no cloning)","RR",10,-1,"moderate","s1:N(-0.75,0.85^2),Bern(0.20);s2:N(0.00,1.00^2),Bern(0.40);s3:N(0.75,1.15^2),Bern(0.60)",25,"1000/1000/1000","-4.5/-3/-1.5",0.68014847751992,0.886438111459635,0.225528293016815,-0.206289633939715,0.0916052018730326,NA,100
"Federated IPW (no cloning)","RR",15,-1,"moderate","s1:N(-0.75,0.85^2),Bern(0.20);s2:N(0.00,1.00^2),Bern(0.40);s3:N(0.75,1.15^2),Bern(0.60)",25,"1000/1000/1000","-4.5/-3/-1.5",0.646437795266252,0.901357179239573,0.266272376911671,-0.254919383973321,0.0773101217833425,NA,100
"Federated IPW (no cloning)","RR",5,-0.7,"moderate","s1:N(-0.75,0.85^2),Bern(0.20);s2:N(0.00,1.00^2),Bern(0.40);s3:N(0.75,1.15^2),Bern(0.60)",25,"1000/1000/1000","-4.5/-3/-1.5",0.787224734637115,0.901128654034344,0.148940628678799,-0.113903919397229,0.0964480705892521,NA,100
"Federated IPW (no cloning)","RR",10,-0.7,"moderate","s1:N(-0.75,0.85^2),Bern(0.20);s2:N(0.00,1.00^2),Bern(0.40);s3:N(0.75,1.15^2),Bern(0.60)",25,"1000/1000/1000","-4.5/-3/-1.5",0.730061567240215,0.919713409017867,0.212157901612057,-0.189651841777652,0.0955745735954671,NA,100
"Federated IPW (no cloning)","RR",15,-0.7,"moderate","s1:N(-0.75,0.85^2),Bern(0.20);s2:N(0.00,1.00^2),Bern(0.40);s3:N(0.75,1.15^2),Bern(0.60)",25,"1000/1000/1000","-4.5/-3/-1.5",0.706587360940466,0.930656753453094,0.236539132077912,-0.224069392512627,0.076168794103264,NA,100
"Federated IPW (no cloning)","RR",5,-0.5,"moderate","s1:N(-0.75,0.85^2),Bern(0.20);s2:N(0.00,1.00^2),Bern(0.40);s3:N(0.75,1.15^2),Bern(0.60)",25,"1000/1000/1000","-4.5/-3/-1.5",0.830939435022968,0.930861338961872,0.133703060839802,-0.0999219039389036,0.089285161091119,NA,100
"Federated IPW (no cloning)","RR",10,-0.5,"moderate","s1:N(-0.75,0.85^2),Bern(0.20);s2:N(0.00,1.00^2),Bern(0.40);s3:N(0.75,1.15^2),Bern(0.60)",25,"1000/1000/1000","-4.5/-3/-1.5",0.78677032470461,0.946254014991693,0.186660656632146,-0.159483690287083,0.0974791004109439,NA,100
"Federated IPW (no cloning)","RR",15,-0.5,"moderate","s1:N(-0.75,0.85^2),Bern(0.20);s2:N(0.00,1.00^2),Bern(0.40);s3:N(0.75,1.15^2),Bern(0.60)",25,"1000/1000/1000","-4.5/-3/-1.5",0.753733083109167,0.95235263381563,0.211167465338808,-0.198619550706463,0.0720687977621969,NA,100
"Federated per-protocol (unweighted)","RR",5,-1,"high","s1:N(-1.50,0.70^2),Bern(0.10);s2:N(0.00,1.00^2),Bern(0.40);s3:N(1.50,1.30^2),Bern(0.70)",25,"1000/1000/1000","-4.5/-3/-1.5",1.44921722585805,0.880591408870502,0.569254733413604,0.568625816987545,0.0268860627978175,NA,100
"Federated per-protocol (unweighted)","RR",10,-1,"high","s1:N(-1.50,0.70^2),Bern(0.10);s2:N(0.00,1.00^2),Bern(0.40);s3:N(1.50,1.30^2),Bern(0.70)",25,"1000/1000/1000","-4.5/-3/-1.5",1.43000268541046,0.894202060835619,0.53662940315325,0.535800624574837,0.0299630586331667,NA,100
"Federated per-protocol (unweighted)","RR",15,-1,"high","s1:N(-1.50,0.70^2),Bern(0.10);s2:N(0.00,1.00^2),Bern(0.40);s3:N(1.50,1.30^2),Bern(0.70)",25,"1000/1000/1000","-4.5/-3/-1.5",1.39756193141885,0.905158279892996,0.493174185028609,0.49240365152585,0.0276964196103786,NA,100
"Federated per-protocol (unweighted)","RR",5,-0.7,"high","s1:N(-1.50,0.70^2),Bern(0.10);s2:N(0.00,1.00^2),Bern(0.40);s3:N(1.50,1.30^2),Bern(0.70)",25,"1000/1000/1000","-4.5/-3/-1.5",1.48623006870521,0.921777507765187,0.565052580319253,0.564452560940023,0.0261643016436652,NA,100
"Federated per-protocol (unweighted)","RR",10,-0.7,"high","s1:N(-1.50,0.70^2),Bern(0.10);s2:N(0.00,1.00^2),Bern(0.40);s3:N(1.50,1.30^2),Bern(0.70)",25,"1000/1000/1000","-4.5/-3/-1.5",1.4696895715359,0.929861477740268,0.540542120406018,0.539828093795632,0.0279142460643673,NA,100
"Federated per-protocol (unweighted)","RR",15,-0.7,"high","s1:N(-1.50,0.70^2),Bern(0.10);s2:N(0.00,1.00^2),Bern(0.40);s3:N(1.50,1.30^2),Bern(0.70)",25,"1000/1000/1000","-4.5/-3/-1.5",1.43922549519391,0.936851497649284,0.503203245701853,0.502373997544623,0.0290223368507306,NA,100
"Federated per-protocol (unweighted)","RR",5,-0.5,"high","s1:N(-1.50,0.70^2),Bern(0.10);s2:N(0.00,1.00^2),Bern(0.40);s3:N(1.50,1.30^2),Bern(0.70)",25,"1000/1000/1000","-4.5/-3/-1.5",1.50160708491406,0.944775108054415,0.557470153012765,0.556831976859645,0.0268011956362271,NA,100
"Federated per-protocol (unweighted)","RR",10,-0.5,"high","s1:N(-1.50,0.70^2),Bern(0.10);s2:N(0.00,1.00^2),Bern(0.40);s3:N(1.50,1.30^2),Bern(0.70)",25,"1000/1000/1000","-4.5/-3/-1.5",1.49446719355776,0.948746482035201,0.546385731043076,0.545720711522556,0.027085202318578,NA,100
"Federated per-protocol (unweighted)","RR",15,-0.5,"high","s1:N(-1.50,0.70^2),Bern(0.10);s2:N(0.00,1.00^2),Bern(0.40);s3:N(1.50,1.30^2),Bern(0.70)",25,"1000/1000/1000","-4.5/-3/-1.5",1.46355182871161,0.954950305585809,0.509609902616395,0.508601523125801,0.0322042647092285,NA,100
"Federated per-protocol (unweighted)","RR",5,-1,"low","s1:N(-0.25,0.95^2),Bern(0.35);s2:N(0.00,1.00^2),Bern(0.40);s3:N(0.25,1.05^2),Bern(0.45)",25,"1000/1000/1000","-4.5/-3/-1.5",1.02232342581977,0.856815350661249,0.166640074810849,0.165508075158517,0.0194881883493377,NA,100
"Federated per-protocol (unweighted)","RR",10,-1,"low","s1:N(-0.25,0.95^2),Bern(0.35);s2:N(0.00,1.00^2),Bern(0.40);s3:N(0.25,1.05^2),Bern(0.45)",25,"1000/1000/1000","-4.5/-3/-1.5",0.97434764100951,0.886100605758232,0.0903685637427185,0.088247035251278,0.0195643998036802,NA,100
"Federated per-protocol (unweighted)","RR",15,-1,"low","s1:N(-0.25,0.95^2),Bern(0.35);s2:N(0.00,1.00^2),Bern(0.40);s3:N(0.25,1.05^2),Bern(0.45)",25,"1000/1000/1000","-4.5/-3/-1.5",0.937115409460733,0.902153214494756,0.0403770415742297,0.0349621949659769,0.0202995349861675,NA,100
"Federated per-protocol (unweighted)","RR",5,-0.7,"low","s1:N(-0.25,0.95^2),Bern(0.35);s2:N(0.00,1.00^2),Bern(0.40);s3:N(0.25,1.05^2),Bern(0.45)",25,"1000/1000/1000","-4.5/-3/-1.5",1.08012728387368,0.901471468569678,0.179530522831097,0.178655815303999,0.0177896884804886,NA,100
"Federated per-protocol (unweighted)","RR",10,-0.7,"low","s1:N(-0.25,0.95^2),Bern(0.35);s2:N(0.00,1.00^2),Bern(0.40);s3:N(0.25,1.05^2),Bern(0.45)",25,"1000/1000/1000","-4.5/-3/-1.5",1.03568137103842,0.920260011251172,0.117117201705416,0.115421359787251,0.0199582554289381,NA,100
"Federated per-protocol (unweighted)","RR",15,-0.7,"low","s1:N(-0.25,0.95^2),Bern(0.35);s2:N(0.00,1.00^2),Bern(0.40);s3:N(0.25,1.05^2),Bern(0.45)",25,"1000/1000/1000","-4.5/-3/-1.5",0.999698209358116,0.932573191466725,0.0693599026989298,0.0671250178913914,0.0175530386872747,NA,100
"Federated per-protocol (unweighted)","RR",5,-0.5,"low","s1:N(-0.25,0.95^2),Bern(0.35);s2:N(0.00,1.00^2),Bern(0.40);s3:N(0.25,1.05^2),Bern(0.45)",25,"1000/1000/1000","-4.5/-3/-1.5",1.10773395385319,0.931042924317417,0.177428156561125,0.176691029535777,0.0162378415203166,NA,100
"Federated per-protocol (unweighted)","RR",10,-0.5,"low","s1:N(-0.25,0.95^2),Bern(0.35);s2:N(0.00,1.00^2),Bern(0.40);s3:N(0.25,1.05^2),Bern(0.45)",25,"1000/1000/1000","-4.5/-3/-1.5",1.07004682522682,0.945751001578107,0.125749576923803,0.124295823648708,0.019161839181374,NA,100
"Federated per-protocol (unweighted)","RR",15,-0.5,"low","s1:N(-0.25,0.95^2),Bern(0.35);s2:N(0.00,1.00^2),Bern(0.40);s3:N(0.25,1.05^2),Bern(0.45)",25,"1000/1000/1000","-4.5/-3/-1.5",1.03803733682741,0.952454629339884,0.0874057151890952,0.0855827074875214,0.0178478198544855,NA,100
"Federated per-protocol (unweighted)","RR",5,-1,"moderate","s1:N(-0.75,0.85^2),Bern(0.20);s2:N(0.00,1.00^2),Bern(0.40);s3:N(0.75,1.15^2),Bern(0.60)",25,"1000/1000/1000","-4.5/-3/-1.5",1.15986922416643,0.858924100667627,0.301578733929637,0.3009451234988,0.0196372507511871,NA,100
"Federated per-protocol (unweighted)","RR",10,-1,"moderate","s1:N(-0.75,0.85^2),Bern(0.20);s2:N(0.00,1.00^2),Bern(0.40);s3:N(0.75,1.15^2),Bern(0.60)",25,"1000/1000/1000","-4.5/-3/-1.5",1.12105345021489,0.886438111459635,0.235473963333859,0.234615338755259,0.0201917632199319,NA,100
"Federated per-protocol (unweighted)","RR",15,-1,"moderate","s1:N(-0.75,0.85^2),Bern(0.20);s2:N(0.00,1.00^2),Bern(0.40);s3:N(0.75,1.15^2),Bern(0.60)",25,"1000/1000/1000","-4.5/-3/-1.5",1.08418985198984,0.901357179239573,0.18390176301974,0.182832672750263,0.0199005663785204,NA,100
"Federated per-protocol (unweighted)","RR",5,-0.7,"moderate","s1:N(-0.75,0.85^2),Bern(0.20);s2:N(0.00,1.00^2),Bern(0.40);s3:N(0.75,1.15^2),Bern(0.60)",25,"1000/1000/1000","-4.5/-3/-1.5",1.20228880732,0.901128654034344,0.301737214871136,0.30116015328566,0.0187462834336334,NA,100
"Federated per-protocol (unweighted)","RR",10,-0.7,"moderate","s1:N(-0.75,0.85^2),Bern(0.20);s2:N(0.00,1.00^2),Bern(0.40);s3:N(0.75,1.15^2),Bern(0.60)",25,"1000/1000/1000","-4.5/-3/-1.5",1.1679958013369,0.919713409017867,0.248833061429406,0.248282392319034,0.0166286270340666,NA,100
"Federated per-protocol (unweighted)","RR",15,-0.7,"moderate","s1:N(-0.75,0.85^2),Bern(0.20);s2:N(0.00,1.00^2),Bern(0.40);s3:N(0.75,1.15^2),Bern(0.60)",25,"1000/1000/1000","-4.5/-3/-1.5",1.13764922400501,0.930656753453094,0.207878167755479,0.206992470551919,0.019265548992122,NA,100
"Federated per-protocol (unweighted)","RR",5,-0.5,"moderate","s1:N(-0.75,0.85^2),Bern(0.20);s2:N(0.00,1.00^2),Bern(0.40);s3:N(0.75,1.15^2),Bern(0.60)",25,"1000/1000/1000","-4.5/-3/-1.5",1.22923157645517,0.930861338961872,0.299179330149135,0.298370237493296,0.0220987902836137,NA,100
"Federated per-protocol (unweighted)","RR",10,-0.5,"moderate","s1:N(-0.75,0.85^2),Bern(0.20);s2:N(0.00,1.00^2),Bern(0.40);s3:N(0.75,1.15^2),Bern(0.60)",25,"1000/1000/1000","-4.5/-3/-1.5",1.20219834665683,0.946254014991693,0.256585902850011,0.255944331665141,0.0182248756030727,NA,100
"Federated per-protocol (unweighted)","RR",15,-0.5,"moderate","s1:N(-0.75,0.85^2),Bern(0.20);s2:N(0.00,1.00^2),Bern(0.40);s3:N(0.75,1.15^2),Bern(0.60)",25,"1000/1000/1000","-4.5/-3/-1.5",1.17163475006771,0.95235263381563,0.220156067202626,0.21928211625208,0.0196958545127173,NA,100
"Federated CCW","OR",5,-1,"high","s1:N(-1.50,0.70^2),Bern(0.10);s2:N(0.00,1.00^2),Bern(0.40);s3:N(1.50,1.30^2),Bern(0.70)",25,"1000/1000/1000","-4.5/-3/-1.5",0.810895353494703,0.651010052345852,0.387724947444028,0.159885301148851,0.355003663869293,0.86,100
"Federated CCW","OR",10,-1,"high","s1:N(-1.50,0.70^2),Bern(0.10);s2:N(0.00,1.00^2),Bern(0.40);s3:N(1.50,1.30^2),Bern(0.70)",25,"1000/1000/1000","-4.5/-3/-1.5",0.751481023963113,0.670412998357106,0.245693019982513,0.0810680256060068,0.233101693012566,0.96,100
"Federated CCW","OR",15,-1,"high","s1:N(-1.50,0.70^2),Bern(0.10);s2:N(0.00,1.00^2),Bern(0.40);s3:N(1.50,1.30^2),Bern(0.70)",25,"1000/1000/1000","-4.5/-3/-1.5",0.788357656282929,0.696580344513286,0.202666085084579,0.0917773117696428,0.181604707498745,0.88,100
"Federated CCW","OR",5,-0.7,"high","s1:N(-1.50,0.70^2),Bern(0.10);s2:N(0.00,1.00^2),Bern(0.40);s3:N(1.50,1.30^2),Bern(0.70)",25,"1000/1000/1000","-4.5/-3/-1.5",0.853563064043291,0.74864820032207,0.331528998914975,0.104914863721221,0.316074963125956,0.9,100
"Federated CCW","OR",10,-0.7,"high","s1:N(-1.50,0.70^2),Bern(0.10);s2:N(0.00,1.00^2),Bern(0.40);s3:N(1.50,1.30^2),Bern(0.70)",25,"1000/1000/1000","-4.5/-3/-1.5",0.856390423927293,0.770766662703282,0.28518813821232,0.0856237612240108,0.273401406325333,0.9,100
"Federated CCW","OR",15,-0.7,"high","s1:N(-1.50,0.70^2),Bern(0.10);s2:N(0.00,1.00^2),Bern(0.40);s3:N(1.50,1.30^2),Bern(0.70)",25,"1000/1000/1000","-4.5/-3/-1.5",0.894776863168012,0.790340668505823,0.295436562254057,0.104436194662189,0.277754057987024,0.84,100
"Federated CCW","OR",5,-0.5,"high","s1:N(-1.50,0.70^2),Bern(0.10);s2:N(0.00,1.00^2),Bern(0.40);s3:N(1.50,1.30^2),Bern(0.70)",25,"1000/1000/1000","-4.5/-3/-1.5",0.898206797840686,0.813716678880785,0.437003510340756,0.0844901189599018,0.430918080110297,0.89,100
"Federated CCW","OR",10,-0.5,"high","s1:N(-1.50,0.70^2),Bern(0.10);s2:N(0.00,1.00^2),Bern(0.40);s3:N(1.50,1.30^2),Bern(0.70)",25,"1000/1000/1000","-4.5/-3/-1.5",0.973308804427378,0.826554369129559,0.414560003867876,0.146754435297819,0.389668510412923,0.85,100
"Federated CCW","OR",15,-0.5,"high","s1:N(-1.50,0.70^2),Bern(0.10);s2:N(0.00,1.00^2),Bern(0.40);s3:N(1.50,1.30^2),Bern(0.70)",25,"1000/1000/1000","-4.5/-3/-1.5",0.901627843234138,0.845450202691656,0.25745068397288,0.056177640542482,0.252512480702017,0.92,100
"Federated CCW","OR",5,-1,"low","s1:N(-0.25,0.95^2),Bern(0.35);s2:N(0.00,1.00^2),Bern(0.40);s3:N(0.25,1.05^2),Bern(0.45)",25,"1000/1000/1000","-4.5/-3/-1.5",0.503755768069866,0.481135393827211,0.118597497201841,0.0226203742426545,0.117006798609618,0.92,100
"Federated CCW","OR",10,-1,"low","s1:N(-0.25,0.95^2),Bern(0.35);s2:N(0.00,1.00^2),Bern(0.40);s3:N(0.25,1.05^2),Bern(0.45)",25,"1000/1000/1000","-4.5/-3/-1.5",0.553502714902407,0.54953039990105,0.107723306505149,0.00397231500135701,0.10819236272236,0.96,100
"Federated CCW","OR",15,-1,"low","s1:N(-0.25,0.95^2),Bern(0.35);s2:N(0.00,1.00^2),Bern(0.40);s3:N(0.25,1.05^2),Bern(0.45)",25,"1000/1000/1000","-4.5/-3/-1.5",0.604379652688591,0.590482033108094,0.0934669325109641,0.013897619580497,0.0928935724418814,0.95,100
"Federated CCW","OR",5,-0.7,"low","s1:N(-0.25,0.95^2),Bern(0.35);s2:N(0.00,1.00^2),Bern(0.40);s3:N(0.25,1.05^2),Bern(0.45)",25,"1000/1000/1000","-4.5/-3/-1.5",0.616491285421804,0.585145414626211,0.167451815824733,0.0313458707955925,0.165320463230337,0.94,100
"Federated CCW","OR",10,-0.7,"low","s1:N(-0.25,0.95^2),Bern(0.35);s2:N(0.00,1.00^2),Bern(0.40);s3:N(0.25,1.05^2),Bern(0.45)",25,"1000/1000/1000","-4.5/-3/-1.5",0.678819325398024,0.639296191577892,0.131192799282391,0.0395231338201323,0.125728071472313,0.94,100
"Federated CCW","OR",15,-0.7,"low","s1:N(-0.25,0.95^2),Bern(0.35);s2:N(0.00,1.00^2),Bern(0.40);s3:N(0.25,1.05^2),Bern(0.45)",25,"1000/1000/1000","-4.5/-3/-1.5",0.704598518176374,0.684311560961396,0.118230173442041,0.0202869572149775,0.117063452012417,0.96,100
"Federated CCW","OR",5,-0.5,"low","s1:N(-0.25,0.95^2),Bern(0.35);s2:N(0.00,1.00^2),Bern(0.40);s3:N(0.25,1.05^2),Bern(0.45)",25,"1000/1000/1000","-4.5/-3/-1.5",0.749965612697979,0.676562280021605,0.264524898065528,0.0734033326763743,0.255416816102738,0.89,100
"Federated CCW","OR",10,-0.5,"low","s1:N(-0.25,0.95^2),Bern(0.35);s2:N(0.00,1.00^2),Bern(0.40);s3:N(0.25,1.05^2),Bern(0.45)",25,"1000/1000/1000","-4.5/-3/-1.5",0.774603842113606,0.729504582842491,0.194700182988893,0.0450992592711152,0.190359092002948,0.89,100
"Federated CCW","OR",15,-0.5,"low","s1:N(-0.25,0.95^2),Bern(0.35);s2:N(0.00,1.00^2),Bern(0.40);s3:N(0.25,1.05^2),Bern(0.45)",25,"1000/1000/1000","-4.5/-3/-1.5",0.80398235931526,0.755684153634144,0.17864825246785,0.0482982056811163,0.172862067503595,0.93,100
"Federated CCW","OR",5,-1,"moderate","s1:N(-0.75,0.85^2),Bern(0.20);s2:N(0.00,1.00^2),Bern(0.40);s3:N(0.75,1.15^2),Bern(0.60)",25,"1000/1000/1000","-4.5/-3/-1.5",0.549165148231065,0.525565002037647,0.139630433882681,0.0236001461934179,0.138314862461314,0.96,100
"Federated CCW","OR",10,-1,"moderate","s1:N(-0.75,0.85^2),Bern(0.20);s2:N(0.00,1.00^2),Bern(0.40);s3:N(0.75,1.15^2),Bern(0.60)",25,"1000/1000/1000","-4.5/-3/-1.5",0.631685486395138,0.587672728701109,0.163200394098103,0.0440127576940298,0.157945284586703,0.89,100
"Federated CCW","OR",15,-1,"moderate","s1:N(-0.75,0.85^2),Bern(0.20);s2:N(0.00,1.00^2),Bern(0.40);s3:N(0.75,1.15^2),Bern(0.60)",25,"1000/1000/1000","-4.5/-3/-1.5",0.648625325109572,0.626058141430153,0.123819343732959,0.022567183679419,0.122358770797812,0.93,100
"Federated CCW","OR",5,-0.7,"moderate","s1:N(-0.75,0.85^2),Bern(0.20);s2:N(0.00,1.00^2),Bern(0.40);s3:N(0.75,1.15^2),Bern(0.60)",25,"1000/1000/1000","-4.5/-3/-1.5",0.674126912473482,0.62550615299607,0.224617557791522,0.048620759477412,0.220396953672111,0.9,100
"Federated CCW","OR",10,-0.7,"moderate","s1:N(-0.75,0.85^2),Bern(0.20);s2:N(0.00,1.00^2),Bern(0.40);s3:N(0.75,1.15^2),Bern(0.60)",25,"1000/1000/1000","-4.5/-3/-1.5",0.707583907457019,0.677361222490138,0.196834316465329,0.0302226849668811,0.195480081012084,0.94,100
"Federated CCW","OR",15,-0.7,"moderate","s1:N(-0.75,0.85^2),Bern(0.20);s2:N(0.00,1.00^2),Bern(0.40);s3:N(0.75,1.15^2),Bern(0.60)",25,"1000/1000/1000","-4.5/-3/-1.5",0.74585502710569,0.712695493069665,0.168128325676292,0.0331595340360261,0.165656268185415,0.89,100
"Federated CCW","OR",5,-0.5,"moderate","s1:N(-0.75,0.85^2),Bern(0.20);s2:N(0.00,1.00^2),Bern(0.40);s3:N(0.75,1.15^2),Bern(0.60)",25,"1000/1000/1000","-4.5/-3/-1.5",0.77554369432298,0.709733746489366,0.283186347137887,0.0658099478336145,0.27682098283332,0.88,100
"Federated CCW","OR",10,-0.5,"moderate","s1:N(-0.75,0.85^2),Bern(0.20);s2:N(0.00,1.00^2),Bern(0.40);s3:N(0.75,1.15^2),Bern(0.60)",25,"1000/1000/1000","-4.5/-3/-1.5",0.839886715675333,0.761772582376549,0.302574902485607,0.0781141332987843,0.293790542086275,0.85,100
"Federated CCW","OR",15,-0.5,"moderate","s1:N(-0.75,0.85^2),Bern(0.20);s2:N(0.00,1.00^2),Bern(0.40);s3:N(0.75,1.15^2),Bern(0.60)",25,"1000/1000/1000","-4.5/-3/-1.5",0.829832168422463,0.785237658579756,0.182251555960129,0.0445945098427062,0.177601754421266,0.96,100
"Pooled CCW","OR",5,-1,"high","s1:N(-1.50,0.70^2),Bern(0.10);s2:N(0.00,1.00^2),Bern(0.40);s3:N(1.50,1.30^2),Bern(0.70)",25,"1000/1000/1000","-4.5/-3/-1.5",0.782618215147359,0.651010052345852,0.357671635175075,0.131608162801507,0.334253714337338,0.84,100
"Pooled CCW","OR",10,-1,"high","s1:N(-1.50,0.70^2),Bern(0.10);s2:N(0.00,1.00^2),Bern(0.40);s3:N(1.50,1.30^2),Bern(0.70)",25,"1000/1000/1000","-4.5/-3/-1.5",0.717857532556546,0.670412998357106,0.191422753143895,0.0474445341994403,0.186384219743737,0.95,100
"Pooled CCW","OR",15,-1,"high","s1:N(-1.50,0.70^2),Bern(0.10);s2:N(0.00,1.00^2),Bern(0.40);s3:N(1.50,1.30^2),Bern(0.70)",25,"1000/1000/1000","-4.5/-3/-1.5",0.76726374504404,0.696580344513286,0.190925701211179,0.0706834005307546,0.178253253819847,0.85,100
"Pooled CCW","OR",5,-0.7,"high","s1:N(-1.50,0.70^2),Bern(0.10);s2:N(0.00,1.00^2),Bern(0.40);s3:N(1.50,1.30^2),Bern(0.70)",25,"1000/1000/1000","-4.5/-3/-1.5",0.856487080364873,0.74864820032207,0.338125980270399,0.107838880042802,0.322082796439918,0.87,100
"Pooled CCW","OR",10,-0.7,"high","s1:N(-1.50,0.70^2),Bern(0.10);s2:N(0.00,1.00^2),Bern(0.40);s3:N(1.50,1.30^2),Bern(0.70)",25,"1000/1000/1000","-4.5/-3/-1.5",0.805360262119749,0.770766662703282,0.248575809425427,0.0345935994164667,0.247396985828219,0.91,100
"Pooled CCW","OR",15,-0.7,"high","s1:N(-1.50,0.70^2),Bern(0.10);s2:N(0.00,1.00^2),Bern(0.40);s3:N(1.50,1.30^2),Bern(0.70)",25,"1000/1000/1000","-4.5/-3/-1.5",0.862034048716287,0.790340668505823,0.230527598676272,0.0716933802104638,0.220199709596792,0.93,100
"Pooled CCW","OR",5,-0.5,"high","s1:N(-1.50,0.70^2),Bern(0.10);s2:N(0.00,1.00^2),Bern(0.40);s3:N(1.50,1.30^2),Bern(0.70)",25,"1000/1000/1000","-4.5/-3/-1.5",0.891752257813881,0.813716678880785,0.41339359818824,0.0780355789330964,0.408006629283136,0.9,100
"Pooled CCW","OR",10,-0.5,"high","s1:N(-1.50,0.70^2),Bern(0.10);s2:N(0.00,1.00^2),Bern(0.40);s3:N(1.50,1.30^2),Bern(0.70)",25,"1000/1000/1000","-4.5/-3/-1.5",0.925711073064794,0.826554369129559,0.302765920024224,0.0991567039352351,0.287509596489492,0.89,100
"Pooled CCW","OR",15,-0.5,"high","s1:N(-1.50,0.70^2),Bern(0.10);s2:N(0.00,1.00^2),Bern(0.40);s3:N(1.50,1.30^2),Bern(0.70)",25,"1000/1000/1000","-4.5/-3/-1.5",0.867649152609677,0.845450202691656,0.222480031984494,0.0221989499180207,0.222484981343898,0.93,100
"Pooled CCW","OR",5,-1,"low","s1:N(-0.25,0.95^2),Bern(0.35);s2:N(0.00,1.00^2),Bern(0.40);s3:N(0.25,1.05^2),Bern(0.45)",25,"1000/1000/1000","-4.5/-3/-1.5",0.497802471378279,0.481135393827211,0.112645910571777,0.0166670775510679,0.111967300847354,0.93,100
"Pooled CCW","OR",10,-1,"low","s1:N(-0.25,0.95^2),Bern(0.35);s2:N(0.00,1.00^2),Bern(0.40);s3:N(0.25,1.05^2),Bern(0.45)",25,"1000/1000/1000","-4.5/-3/-1.5",0.550742872706441,0.54953039990105,0.098895990931716,0.00121247280539037,0.0993867404325157,0.95,100
"Pooled CCW","OR",15,-1,"low","s1:N(-0.25,0.95^2),Bern(0.35);s2:N(0.00,1.00^2),Bern(0.40);s3:N(0.25,1.05^2),Bern(0.45)",25,"1000/1000/1000","-4.5/-3/-1.5",0.594950836107879,0.590482033108094,0.0928103248711432,0.00446880299978526,0.0931696953073959,0.93,100
"Pooled CCW","OR",5,-0.7,"low","s1:N(-0.25,0.95^2),Bern(0.35);s2:N(0.00,1.00^2),Bern(0.40);s3:N(0.25,1.05^2),Bern(0.45)",25,"1000/1000/1000","-4.5/-3/-1.5",0.610949813925544,0.585145414626211,0.160064593258431,0.0258043992993327,0.158766733761454,0.94,100
"Pooled CCW","OR",10,-0.7,"low","s1:N(-0.25,0.95^2),Bern(0.35);s2:N(0.00,1.00^2),Bern(0.40);s3:N(0.25,1.05^2),Bern(0.45)",25,"1000/1000/1000","-4.5/-3/-1.5",0.677385695435713,0.639296191577892,0.131243654406389,0.0380895038578213,0.126227654359333,0.94,100
"Pooled CCW","OR",15,-0.7,"low","s1:N(-0.25,0.95^2),Bern(0.35);s2:N(0.00,1.00^2),Bern(0.40);s3:N(0.25,1.05^2),Bern(0.45)",25,"1000/1000/1000","-4.5/-3/-1.5",0.70634790077264,0.684311560961396,0.117607675946981,0.0220363398112434,0.116106730633314,0.95,100
"Pooled CCW","OR",5,-0.5,"low","s1:N(-0.25,0.95^2),Bern(0.35);s2:N(0.00,1.00^2),Bern(0.40);s3:N(0.25,1.05^2),Bern(0.45)",25,"1000/1000/1000","-4.5/-3/-1.5",0.748330491985096,0.676562280021605,0.266624952163603,0.0717682119634914,0.258077955625046,0.86,100
"Pooled CCW","OR",10,-0.5,"low","s1:N(-0.25,0.95^2),Bern(0.35);s2:N(0.00,1.00^2),Bern(0.40);s3:N(0.25,1.05^2),Bern(0.45)",25,"1000/1000/1000","-4.5/-3/-1.5",0.765827577021606,0.729504582842491,0.178838018107614,0.0363229941791143,0.175992644516073,0.93,100
"Pooled CCW","OR",15,-0.5,"low","s1:N(-0.25,0.95^2),Bern(0.35);s2:N(0.00,1.00^2),Bern(0.40);s3:N(0.25,1.05^2),Bern(0.45)",25,"1000/1000/1000","-4.5/-3/-1.5",0.799159384064651,0.755684153634144,0.176739560499598,0.0434752304305072,0.172172032198376,0.91,100
"Pooled CCW","OR",5,-1,"moderate","s1:N(-0.75,0.85^2),Bern(0.20);s2:N(0.00,1.00^2),Bern(0.40);s3:N(0.75,1.15^2),Bern(0.60)",25,"1000/1000/1000","-4.5/-3/-1.5",0.555493623006693,0.525565002037647,0.142381767887322,0.0299286209690454,0.139902005652046,0.94,100
"Pooled CCW","OR",10,-1,"moderate","s1:N(-0.75,0.85^2),Bern(0.20);s2:N(0.00,1.00^2),Bern(0.40);s3:N(0.75,1.15^2),Bern(0.60)",25,"1000/1000/1000","-4.5/-3/-1.5",0.627894774271826,0.587672728701109,0.148984775109604,0.0402220455707178,0.144175294065086,0.88,100
"Pooled CCW","OR",15,-1,"moderate","s1:N(-0.75,0.85^2),Bern(0.20);s2:N(0.00,1.00^2),Bern(0.40);s3:N(0.75,1.15^2),Bern(0.60)",25,"1000/1000/1000","-4.5/-3/-1.5",0.647060371530707,0.626058141430153,0.118881693738506,0.0210022301005539,0.117601292840328,0.96,100
"Pooled CCW","OR",5,-0.7,"moderate","s1:N(-0.75,0.85^2),Bern(0.20);s2:N(0.00,1.00^2),Bern(0.40);s3:N(0.75,1.15^2),Bern(0.60)",25,"1000/1000/1000","-4.5/-3/-1.5",0.669292478928253,0.62550615299607,0.223154850164838,0.0437863259321832,0.219919279988267,0.89,100
"Pooled CCW","OR",10,-0.7,"moderate","s1:N(-0.75,0.85^2),Bern(0.20);s2:N(0.00,1.00^2),Bern(0.40);s3:N(0.75,1.15^2),Bern(0.60)",25,"1000/1000/1000","-4.5/-3/-1.5",0.695845229154054,0.677361222490138,0.188064747226833,0.0184840066639155,0.188097037730988,0.93,100
"Pooled CCW","OR",15,-0.7,"moderate","s1:N(-0.75,0.85^2),Bern(0.20);s2:N(0.00,1.00^2),Bern(0.40);s3:N(0.75,1.15^2),Bern(0.60)",25,"1000/1000/1000","-4.5/-3/-1.5",0.734937843521755,0.712695493069665,0.156848546315028,0.0222423504520902,0.156045656124925,0.94,100
"Pooled CCW","OR",5,-0.5,"moderate","s1:N(-0.75,0.85^2),Bern(0.20);s2:N(0.00,1.00^2),Bern(0.40);s3:N(0.75,1.15^2),Bern(0.60)",25,"1000/1000/1000","-4.5/-3/-1.5",0.772177446700144,0.709733746489366,0.275174217285932,0.0624437002107784,0.269345698341486,0.89,100
"Pooled CCW","OR",10,-0.5,"moderate","s1:N(-0.75,0.85^2),Bern(0.20);s2:N(0.00,1.00^2),Bern(0.40);s3:N(0.75,1.15^2),Bern(0.60)",25,"1000/1000/1000","-4.5/-3/-1.5",0.834834677501107,0.761772582376549,0.274024907863968,0.0730620951245583,0.265435758336938,0.88,100
"Pooled CCW","OR",15,-0.5,"moderate","s1:N(-0.75,0.85^2),Bern(0.20);s2:N(0.00,1.00^2),Bern(0.40);s3:N(0.75,1.15^2),Bern(0.60)",25,"1000/1000/1000","-4.5/-3/-1.5",0.830805441225617,0.785237658579756,0.167584172633038,0.0455677826458606,0.162082508299963,0.94,100
"Federated landmark IPW","OR",5,-1,"high","s1:N(-1.50,0.70^2),Bern(0.10);s2:N(0.00,1.00^2),Bern(0.40);s3:N(1.50,1.30^2),Bern(0.70)",25,"1000/1000/1000","-4.5/-3/-1.5",0.586810324763216,0.651010052345852,0.227314992760738,-0.0641997275826357,0.219159323329287,NA,100
"Federated landmark IPW","OR",10,-1,"high","s1:N(-1.50,0.70^2),Bern(0.10);s2:N(0.00,1.00^2),Bern(0.40);s3:N(1.50,1.30^2),Bern(0.70)",25,"1000/1000/1000","-4.5/-3/-1.5",0.575083601518473,0.670412998357106,0.378407975722811,-0.0953293968386326,0.368048226677734,NA,100
"Federated landmark IPW","OR",15,-1,"high","s1:N(-1.50,0.70^2),Bern(0.10);s2:N(0.00,1.00^2),Bern(0.40);s3:N(1.50,1.30^2),Bern(0.70)",25,"1000/1000/1000","-4.5/-3/-1.5",0.531628488896362,0.696580344513286,0.254905866578208,-0.164951855616924,0.195318662559317,NA,100
"Federated landmark IPW","OR",5,-0.7,"high","s1:N(-1.50,0.70^2),Bern(0.10);s2:N(0.00,1.00^2),Bern(0.40);s3:N(1.50,1.30^2),Bern(0.70)",25,"1000/1000/1000","-4.5/-3/-1.5",0.643269824004559,0.74864820032207,0.284847016366309,-0.105378376317512,0.265971101448125,NA,100
"Federated landmark IPW","OR",10,-0.7,"high","s1:N(-1.50,0.70^2),Bern(0.10);s2:N(0.00,1.00^2),Bern(0.40);s3:N(1.50,1.30^2),Bern(0.70)",25,"1000/1000/1000","-4.5/-3/-1.5",0.634598067225281,0.770766662703282,0.296667626450679,-0.136168595478002,0.264899054891199,NA,100
"Federated landmark IPW","OR",15,-0.7,"high","s1:N(-1.50,0.70^2),Bern(0.10);s2:N(0.00,1.00^2),Bern(0.40);s3:N(1.50,1.30^2),Bern(0.70)",25,"1000/1000/1000","-4.5/-3/-1.5",0.688730654031262,0.790340668505823,0.322792882959702,-0.101610014474561,0.307926677366963,NA,100
"Federated landmark IPW","OR",5,-0.5,"high","s1:N(-1.50,0.70^2),Bern(0.10);s2:N(0.00,1.00^2),Bern(0.40);s3:N(1.50,1.30^2),Bern(0.70)",25,"1000/1000/1000","-4.5/-3/-1.5",0.782065050329929,0.813716678880785,0.426813128123062,-0.0316516285508557,0.427782183728386,NA,100
"Federated landmark IPW","OR",10,-0.5,"high","s1:N(-1.50,0.70^2),Bern(0.10);s2:N(0.00,1.00^2),Bern(0.40);s3:N(1.50,1.30^2),Bern(0.70)",25,"1000/1000/1000","-4.5/-3/-1.5",0.7209630747395,0.826554369129559,0.274892579542391,-0.105591294390059,0.25508249573977,NA,100
"Federated landmark IPW","OR",15,-0.5,"high","s1:N(-1.50,0.70^2),Bern(0.10);s2:N(0.00,1.00^2),Bern(0.40);s3:N(1.50,1.30^2),Bern(0.70)",25,"1000/1000/1000","-4.5/-3/-1.5",0.716998004385304,0.845450202691656,0.309864814046194,-0.128452198306353,0.283406827783829,NA,100
"Federated landmark IPW","OR",5,-1,"low","s1:N(-0.25,0.95^2),Bern(0.35);s2:N(0.00,1.00^2),Bern(0.40);s3:N(0.25,1.05^2),Bern(0.45)",25,"1000/1000/1000","-4.5/-3/-1.5",0.397169329790622,0.481135393827211,0.200218072174827,-0.0839660640365892,0.182676444428664,NA,100
"Federated landmark IPW","OR",10,-1,"low","s1:N(-0.25,0.95^2),Bern(0.35);s2:N(0.00,1.00^2),Bern(0.40);s3:N(0.25,1.05^2),Bern(0.45)",25,"1000/1000/1000","-4.5/-3/-1.5",0.42628603214503,0.54953039990105,0.161616686748964,-0.12324436775602,0.105077072493334,NA,100
"Federated landmark IPW","OR",15,-1,"low","s1:N(-0.25,0.95^2),Bern(0.35);s2:N(0.00,1.00^2),Bern(0.40);s3:N(0.25,1.05^2),Bern(0.45)",25,"1000/1000/1000","-4.5/-3/-1.5",0.478482702766938,0.590482033108094,0.174996247828214,-0.111999330341156,0.135138674593153,NA,100
"Federated landmark IPW","OR",5,-0.7,"low","s1:N(-0.25,0.95^2),Bern(0.35);s2:N(0.00,1.00^2),Bern(0.40);s3:N(0.25,1.05^2),Bern(0.45)",25,"1000/1000/1000","-4.5/-3/-1.5",0.51854134528863,0.585145414626211,0.189643639226224,-0.0666040693375809,0.178457498113614,NA,100
"Federated landmark IPW","OR",10,-0.7,"low","s1:N(-0.25,0.95^2),Bern(0.35);s2:N(0.00,1.00^2),Bern(0.40);s3:N(0.25,1.05^2),Bern(0.45)",25,"1000/1000/1000","-4.5/-3/-1.5",0.562226904536003,0.639296191577892,0.168624351195322,-0.0770692870418883,0.150737234784251,NA,100
"Federated landmark IPW","OR",15,-0.7,"low","s1:N(-0.25,0.95^2),Bern(0.35);s2:N(0.00,1.00^2),Bern(0.40);s3:N(0.25,1.05^2),Bern(0.45)",25,"1000/1000/1000","-4.5/-3/-1.5",0.611202975423005,0.684311560961396,0.190950273758789,-0.0731085855383916,0.177289188425173,NA,100
"Federated landmark IPW","OR",5,-0.5,"low","s1:N(-0.25,0.95^2),Bern(0.35);s2:N(0.00,1.00^2),Bern(0.40);s3:N(0.25,1.05^2),Bern(0.45)",25,"1000/1000/1000","-4.5/-3/-1.5",0.641999318305619,0.676562280021605,0.256460335462856,-0.0345629617159856,0.255400864048474,NA,100
"Federated landmark IPW","OR",10,-0.5,"low","s1:N(-0.25,0.95^2),Bern(0.35);s2:N(0.00,1.00^2),Bern(0.40);s3:N(0.25,1.05^2),Bern(0.45)",25,"1000/1000/1000","-4.5/-3/-1.5",0.676710074928144,0.729504582842491,0.188615027835732,-0.0527945079143478,0.181987813610093,NA,100
"Federated landmark IPW","OR",15,-0.5,"low","s1:N(-0.25,0.95^2),Bern(0.35);s2:N(0.00,1.00^2),Bern(0.40);s3:N(0.25,1.05^2),Bern(0.45)",25,"1000/1000/1000","-4.5/-3/-1.5",0.716397196991088,0.755684153634144,0.195436096882637,-0.039286956643056,0.192411078773531,NA,100
"Federated landmark IPW","OR",5,-1,"moderate","s1:N(-0.75,0.85^2),Bern(0.20);s2:N(0.00,1.00^2),Bern(0.40);s3:N(0.75,1.15^2),Bern(0.60)",25,"1000/1000/1000","-4.5/-3/-1.5",0.429864444420653,0.525565002037647,0.164310283871727,-0.0957005576169946,0.134236609503947,NA,100
"Federated landmark IPW","OR",10,-1,"moderate","s1:N(-0.75,0.85^2),Bern(0.20);s2:N(0.00,1.00^2),Bern(0.40);s3:N(0.75,1.15^2),Bern(0.60)",25,"1000/1000/1000","-4.5/-3/-1.5",0.466577435668348,0.587672728701109,0.187936929818502,-0.12109529303276,0.144446766241724,NA,100
"Federated landmark IPW","OR",15,-1,"moderate","s1:N(-0.75,0.85^2),Bern(0.20);s2:N(0.00,1.00^2),Bern(0.40);s3:N(0.75,1.15^2),Bern(0.60)",25,"1000/1000/1000","-4.5/-3/-1.5",0.483733915431362,0.626058141430153,0.202947518071658,-0.142324225998791,0.145406118086763,NA,100
"Federated landmark IPW","OR",5,-0.7,"moderate","s1:N(-0.75,0.85^2),Bern(0.20);s2:N(0.00,1.00^2),Bern(0.40);s3:N(0.75,1.15^2),Bern(0.60)",25,"1000/1000/1000","-4.5/-3/-1.5",0.557688329935391,0.62550615299607,0.220044391437867,-0.0678178230606791,0.210387514220714,NA,100
"Federated landmark IPW","OR",10,-0.7,"moderate","s1:N(-0.75,0.85^2),Bern(0.20);s2:N(0.00,1.00^2),Bern(0.40);s3:N(0.75,1.15^2),Bern(0.60)",25,"1000/1000/1000","-4.5/-3/-1.5",0.554460025409527,0.677361222490138,0.202720651862684,-0.122901197080611,0.162029297911212,NA,100
"Federated landmark IPW","OR",15,-0.7,"moderate","s1:N(-0.75,0.85^2),Bern(0.20);s2:N(0.00,1.00^2),Bern(0.40);s3:N(0.75,1.15^2),Bern(0.60)",25,"1000/1000/1000","-4.5/-3/-1.5",0.585640622897975,0.712695493069665,0.194098185707728,-0.127054870171689,0.147474242437491,NA,100
"Federated landmark IPW","OR",5,-0.5,"moderate","s1:N(-0.75,0.85^2),Bern(0.20);s2:N(0.00,1.00^2),Bern(0.40);s3:N(0.75,1.15^2),Bern(0.60)",25,"1000/1000/1000","-4.5/-3/-1.5",0.664325109487295,0.709733746489366,0.234126920291715,-0.0454086370020708,0.230838328336499,NA,100
"Federated landmark IPW","OR",10,-0.5,"moderate","s1:N(-0.75,0.85^2),Bern(0.20);s2:N(0.00,1.00^2),Bern(0.40);s3:N(0.75,1.15^2),Bern(0.60)",25,"1000/1000/1000","-4.5/-3/-1.5",0.708046523235579,0.761772582376549,0.331828833680784,-0.0537260591409692,0.32910022026875,NA,100
"Federated landmark IPW","OR",15,-0.5,"moderate","s1:N(-0.75,0.85^2),Bern(0.20);s2:N(0.00,1.00^2),Bern(0.40);s3:N(0.75,1.15^2),Bern(0.60)",25,"1000/1000/1000","-4.5/-3/-1.5",0.725543207299629,0.785237658579756,0.248552250269189,-0.0596944512801273,0.242492931481366,NA,100
"Federated IPW (no cloning)","OR",5,-1,"high","s1:N(-1.50,0.70^2),Bern(0.10);s2:N(0.00,1.00^2),Bern(0.40);s3:N(1.50,1.30^2),Bern(0.70)",25,"1000/1000/1000","-4.5/-3/-1.5",0.473883204575315,0.651010052345852,0.303800070624336,-0.177126847770537,0.248064350380137,NA,100
"Federated IPW (no cloning)","OR",10,-1,"high","s1:N(-1.50,0.70^2),Bern(0.10);s2:N(0.00,1.00^2),Bern(0.40);s3:N(1.50,1.30^2),Bern(0.70)",25,"1000/1000/1000","-4.5/-3/-1.5",0.346559112906296,0.670412998357106,0.368024259004619,-0.32385388545081,0.175696352199108,NA,100
"Federated IPW (no cloning)","OR",15,-1,"high","s1:N(-1.50,0.70^2),Bern(0.10);s2:N(0.00,1.00^2),Bern(0.40);s3:N(1.50,1.30^2),Bern(0.70)",25,"1000/1000/1000","-4.5/-3/-1.5",0.316252319229223,0.696580344513286,0.395706323713343,-0.380328025284062,0.109793597954401,NA,100
"Federated IPW (no cloning)","OR",5,-0.7,"high","s1:N(-1.50,0.70^2),Bern(0.10);s2:N(0.00,1.00^2),Bern(0.40);s3:N(1.50,1.30^2),Bern(0.70)",25,"1000/1000/1000","-4.5/-3/-1.5",0.524412505050615,0.74864820032207,0.318348407785836,-0.224235695271456,0.22711199948262,NA,100
"Federated IPW (no cloning)","OR",10,-0.7,"high","s1:N(-1.50,0.70^2),Bern(0.10);s2:N(0.00,1.00^2),Bern(0.40);s3:N(1.50,1.30^2),Bern(0.70)",25,"1000/1000/1000","-4.5/-3/-1.5",0.428014269934846,0.770766662703282,0.395280693526266,-0.342752392768436,0.197886876995386,NA,100
"Federated IPW (no cloning)","OR",15,-0.7,"high","s1:N(-1.50,0.70^2),Bern(0.10);s2:N(0.00,1.00^2),Bern(0.40);s3:N(1.50,1.30^2),Bern(0.70)",25,"1000/1000/1000","-4.5/-3/-1.5",0.404165004205893,0.790340668505823,0.43414546070133,-0.38617566429993,0.19936930188831,NA,100
"Federated IPW (no cloning)","OR",5,-0.5,"high","s1:N(-1.50,0.70^2),Bern(0.10);s2:N(0.00,1.00^2),Bern(0.40);s3:N(1.50,1.30^2),Bern(0.70)",25,"1000/1000/1000","-4.5/-3/-1.5",0.579697147733569,0.813716678880785,0.386065177398371,-0.234019531147215,0.308599279641455,NA,100
"Federated IPW (no cloning)","OR",10,-0.5,"high","s1:N(-1.50,0.70^2),Bern(0.10);s2:N(0.00,1.00^2),Bern(0.40);s3:N(1.50,1.30^2),Bern(0.70)",25,"1000/1000/1000","-4.5/-3/-1.5",0.523570877624613,0.826554369129559,0.400461482881961,-0.302983491504946,0.263178710161584,NA,100
"Federated IPW (no cloning)","OR",15,-0.5,"high","s1:N(-1.50,0.70^2),Bern(0.10);s2:N(0.00,1.00^2),Bern(0.40);s3:N(1.50,1.30^2),Bern(0.70)",25,"1000/1000/1000","-4.5/-3/-1.5",0.423324708779293,0.845450202691656,0.458126914441311,-0.422125493912364,0.178914620811607,NA,100
"Federated IPW (no cloning)","OR",5,-1,"low","s1:N(-0.25,0.95^2),Bern(0.35);s2:N(0.00,1.00^2),Bern(0.40);s3:N(0.25,1.05^2),Bern(0.45)",25,"1000/1000/1000","-4.5/-3/-1.5",0.284738391730329,0.481135393827211,0.210173631438081,-0.196397002096882,0.0752180192737237,NA,100
"Federated IPW (no cloning)","OR",10,-1,"low","s1:N(-0.25,0.95^2),Bern(0.35);s2:N(0.00,1.00^2),Bern(0.40);s3:N(0.25,1.05^2),Bern(0.45)",25,"1000/1000/1000","-4.5/-3/-1.5",0.203278183681599,0.54953039990105,0.35007738896888,-0.346252216219451,0.0518698938622343,NA,100
"Federated IPW (no cloning)","OR",15,-1,"low","s1:N(-0.25,0.95^2),Bern(0.35);s2:N(0.00,1.00^2),Bern(0.40);s3:N(0.25,1.05^2),Bern(0.45)",25,"1000/1000/1000","-4.5/-3/-1.5",0.16423670258369,0.590482033108094,0.427982015955189,-0.426245330524404,0.0387105835658609,NA,100
"Federated IPW (no cloning)","OR",5,-0.7,"low","s1:N(-0.25,0.95^2),Bern(0.35);s2:N(0.00,1.00^2),Bern(0.40);s3:N(0.25,1.05^2),Bern(0.45)",25,"1000/1000/1000","-4.5/-3/-1.5",0.373230624388282,0.585145414626211,0.240480211068891,-0.21191479023793,0.11425142217426,NA,100
"Federated IPW (no cloning)","OR",10,-0.7,"low","s1:N(-0.25,0.95^2),Bern(0.35);s2:N(0.00,1.00^2),Bern(0.40);s3:N(0.25,1.05^2),Bern(0.45)",25,"1000/1000/1000","-4.5/-3/-1.5",0.271685193586644,0.639296191577892,0.373101743110545,-0.367610997991247,0.0640948229681584,NA,100
"Federated IPW (no cloning)","OR",15,-0.7,"low","s1:N(-0.25,0.95^2),Bern(0.35);s2:N(0.00,1.00^2),Bern(0.40);s3:N(0.25,1.05^2),Bern(0.45)",25,"1000/1000/1000","-4.5/-3/-1.5",0.214029501358671,0.684311560961396,0.472649630884116,-0.470282059602726,0.0474869252681623,NA,100
"Federated IPW (no cloning)","OR",5,-0.5,"low","s1:N(-0.25,0.95^2),Bern(0.35);s2:N(0.00,1.00^2),Bern(0.40);s3:N(0.25,1.05^2),Bern(0.45)",25,"1000/1000/1000","-4.5/-3/-1.5",0.47335717212003,0.676562280021605,0.270659371714722,-0.203205107901574,0.17968597641699,NA,100
"Federated IPW (no cloning)","OR",10,-0.5,"low","s1:N(-0.25,0.95^2),Bern(0.35);s2:N(0.00,1.00^2),Bern(0.40);s3:N(0.25,1.05^2),Bern(0.45)",25,"1000/1000/1000","-4.5/-3/-1.5",0.325935387420187,0.729504582842491,0.414641254382034,-0.403569195422304,0.0956597206944184,NA,100
"Federated IPW (no cloning)","OR",15,-0.5,"low","s1:N(-0.25,0.95^2),Bern(0.35);s2:N(0.00,1.00^2),Bern(0.40);s3:N(0.25,1.05^2),Bern(0.45)",25,"1000/1000/1000","-4.5/-3/-1.5",0.263907273075719,0.755684153634144,0.49688544902761,-0.491776880558425,0.071425946701578,NA,100
"Federated IPW (no cloning)","OR",5,-1,"moderate","s1:N(-0.75,0.85^2),Bern(0.20);s2:N(0.00,1.00^2),Bern(0.40);s3:N(0.75,1.15^2),Bern(0.60)",25,"1000/1000/1000","-4.5/-3/-1.5",0.314191245359008,0.525565002037647,0.231099945184693,-0.21137375667864,0.0938961367517126,NA,100
"Federated IPW (no cloning)","OR",10,-1,"moderate","s1:N(-0.75,0.85^2),Bern(0.20);s2:N(0.00,1.00^2),Bern(0.40);s3:N(0.75,1.15^2),Bern(0.60)",25,"1000/1000/1000","-4.5/-3/-1.5",0.254364057449053,0.587672728701109,0.345287142193464,-0.333308671252056,0.0906126188745903,NA,100
"Federated IPW (no cloning)","OR",15,-1,"moderate","s1:N(-0.75,0.85^2),Bern(0.20);s2:N(0.00,1.00^2),Bern(0.40);s3:N(0.75,1.15^2),Bern(0.60)",25,"1000/1000/1000","-4.5/-3/-1.5",0.205507716002527,0.626058141430153,0.424715155460308,-0.420550425427626,0.0596310453201702,NA,100
"Federated IPW (no cloning)","OR",5,-0.7,"moderate","s1:N(-0.75,0.85^2),Bern(0.20);s2:N(0.00,1.00^2),Bern(0.40);s3:N(0.75,1.15^2),Bern(0.60)",25,"1000/1000/1000","-4.5/-3/-1.5",0.408882810987577,0.62550615299607,0.264547301389421,-0.216623342008493,0.152618896752518,NA,100
"Federated IPW (no cloning)","OR",10,-0.7,"moderate","s1:N(-0.75,0.85^2),Bern(0.20);s2:N(0.00,1.00^2),Bern(0.40);s3:N(0.75,1.15^2),Bern(0.60)",25,"1000/1000/1000","-4.5/-3/-1.5",0.301085111048821,0.677361222490138,0.390990818675692,-0.376276111441317,0.106790213712386,NA,100
"Federated IPW (no cloning)","OR",15,-0.7,"moderate","s1:N(-0.75,0.85^2),Bern(0.20);s2:N(0.00,1.00^2),Bern(0.40);s3:N(0.75,1.15^2),Bern(0.60)",25,"1000/1000/1000","-4.5/-3/-1.5",0.261926790558286,0.712695493069665,0.458554849744513,-0.450768702511379,0.0845673902599292,NA,100
"Federated IPW (no cloning)","OR",5,-0.5,"moderate","s1:N(-0.75,0.85^2),Bern(0.20);s2:N(0.00,1.00^2),Bern(0.40);s3:N(0.75,1.15^2),Bern(0.60)",25,"1000/1000/1000","-4.5/-3/-1.5",0.49334301572375,0.709733746489366,0.29646591503393,-0.216390730765616,0.203671081675175,NA,100
"Federated IPW (no cloning)","OR",10,-0.5,"moderate","s1:N(-0.75,0.85^2),Bern(0.20);s2:N(0.00,1.00^2),Bern(0.40);s3:N(0.75,1.15^2),Bern(0.60)",25,"1000/1000/1000","-4.5/-3/-1.5",0.385493932164087,0.761772582376549,0.411212093006465,-0.376278650212461,0.166696248371877,NA,100
"Federated IPW (no cloning)","OR",15,-0.5,"moderate","s1:N(-0.75,0.85^2),Bern(0.20);s2:N(0.00,1.00^2),Bern(0.40);s3:N(0.75,1.15^2),Bern(0.60)",25,"1000/1000/1000","-4.5/-3/-1.5",0.310849440825234,0.785237658579756,0.483524344572638,-0.474388217754522,0.0940213313969969,NA,100
"Federated per-protocol (unweighted)","OR",5,-1,"high","s1:N(-1.50,0.70^2),Bern(0.10);s2:N(0.00,1.00^2),Bern(0.40);s3:N(1.50,1.30^2),Bern(0.70)",25,"1000/1000/1000","-4.5/-3/-1.5",6.56526186831342,0.651010052345852,5.97214805305524,5.91425181596757,0.833744035119158,NA,100
"Federated per-protocol (unweighted)","OR",10,-1,"high","s1:N(-1.50,0.70^2),Bern(0.10);s2:N(0.00,1.00^2),Bern(0.40);s3:N(1.50,1.30^2),Bern(0.70)",25,"1000/1000/1000","-4.5/-3/-1.5",4.96549225082646,0.670412998357106,4.32917383610635,4.29507925246935,0.544986625945692,NA,100
"Federated per-protocol (unweighted)","OR",15,-1,"high","s1:N(-1.50,0.70^2),Bern(0.10);s2:N(0.00,1.00^2),Bern(0.40);s3:N(1.50,1.30^2),Bern(0.70)",25,"1000/1000/1000","-4.5/-3/-1.5",4.09411052673455,0.696580344513286,3.42278054071139,3.39753018222126,0.417078936365405,NA,100
"Federated per-protocol (unweighted)","OR",5,-0.7,"high","s1:N(-1.50,0.70^2),Bern(0.10);s2:N(0.00,1.00^2),Bern(0.40);s3:N(1.50,1.30^2),Bern(0.70)",25,"1000/1000/1000","-4.5/-3/-1.5",9.22107233068588,0.74864820032207,8.58102848414659,8.47242413036381,1.36776718475073,NA,100
"Federated per-protocol (unweighted)","OR",10,-0.7,"high","s1:N(-1.50,0.70^2),Bern(0.10);s2:N(0.00,1.00^2),Bern(0.40);s3:N(1.50,1.30^2),Bern(0.70)",25,"1000/1000/1000","-4.5/-3/-1.5",6.65729356612383,0.770766662703282,5.9367931814678,5.88652690342055,0.774801567837771,NA,100
"Federated per-protocol (unweighted)","OR",15,-0.7,"high","s1:N(-1.50,0.70^2),Bern(0.10);s2:N(0.00,1.00^2),Bern(0.40);s3:N(1.50,1.30^2),Bern(0.70)",25,"1000/1000/1000","-4.5/-3/-1.5",5.37094969328491,0.790340668505823,4.62624268742542,4.58060902477909,0.651449328300384,NA,100
"Federated per-protocol (unweighted)","OR",5,-0.5,"high","s1:N(-1.50,0.70^2),Bern(0.10);s2:N(0.00,1.00^2),Bern(0.40);s3:N(1.50,1.30^2),Bern(0.70)",25,"1000/1000/1000","-4.5/-3/-1.5",11.4238435775563,0.813716678880785,10.7480668575084,10.6101268986755,1.72508186527267,NA,100
"Federated per-protocol (unweighted)","OR",10,-0.5,"high","s1:N(-1.50,0.70^2),Bern(0.10);s2:N(0.00,1.00^2),Bern(0.40);s3:N(1.50,1.30^2),Bern(0.70)",25,"1000/1000/1000","-4.5/-3/-1.5",8.15509462090962,0.826554369129559,7.39862299506975,7.32854025178006,1.02105115237784,NA,100
"Federated per-protocol (unweighted)","OR",15,-0.5,"high","s1:N(-1.50,0.70^2),Bern(0.10);s2:N(0.00,1.00^2),Bern(0.40);s3:N(1.50,1.30^2),Bern(0.70)",25,"1000/1000/1000","-4.5/-3/-1.5",6.49155653073496,0.845450202691656,5.71519874531073,5.6461063280433,0.890454446926575,NA,100
"Federated per-protocol (unweighted)","OR",5,-1,"low","s1:N(-0.25,0.95^2),Bern(0.35);s2:N(0.00,1.00^2),Bern(0.40);s3:N(0.25,1.05^2),Bern(0.45)",25,"1000/1000/1000","-4.5/-3/-1.5",1.13416447827926,0.481135393827211,0.664368473074306,0.653029084452047,0.122838823835214,NA,100
"Federated per-protocol (unweighted)","OR",10,-1,"low","s1:N(-0.25,0.95^2),Bern(0.35);s2:N(0.00,1.00^2),Bern(0.40);s3:N(0.25,1.05^2),Bern(0.45)",25,"1000/1000/1000","-4.5/-3/-1.5",0.884647927177762,0.54953039990105,0.345685696533016,0.335117527276712,0.085249744212765,NA,100
"Federated per-protocol (unweighted)","OR",15,-1,"low","s1:N(-0.25,0.95^2),Bern(0.35);s2:N(0.00,1.00^2),Bern(0.40);s3:N(0.25,1.05^2),Bern(0.45)",25,"1000/1000/1000","-4.5/-3/-1.5",0.740551331835888,0.590482033108094,0.167024392072598,0.150069298727794,0.0736930100064258,NA,100
"Federated per-protocol (unweighted)","OR",5,-0.7,"low","s1:N(-0.25,0.95^2),Bern(0.35);s2:N(0.00,1.00^2),Bern(0.40);s3:N(0.25,1.05^2),Bern(0.45)",25,"1000/1000/1000","-4.5/-3/-1.5",1.62540265809075,0.585145414626211,1.05712736264604,1.04025724346453,0.189051669155943,NA,100
"Federated per-protocol (unweighted)","OR",10,-0.7,"low","s1:N(-0.25,0.95^2),Bern(0.35);s2:N(0.00,1.00^2),Bern(0.40);s3:N(0.25,1.05^2),Bern(0.45)",25,"1000/1000/1000","-4.5/-3/-1.5",1.22346138916904,0.639296191577892,0.598613570490825,0.584165197591146,0.131384349032821,NA,100
"Federated per-protocol (unweighted)","OR",15,-0.7,"low","s1:N(-0.25,0.95^2),Bern(0.35);s2:N(0.00,1.00^2),Bern(0.40);s3:N(0.25,1.05^2),Bern(0.45)",25,"1000/1000/1000","-4.5/-3/-1.5",1.00330783788637,0.684311560961396,0.332934932031986,0.318996276924977,0.095806224229736,NA,100
"Federated per-protocol (unweighted)","OR",5,-0.5,"low","s1:N(-0.25,0.95^2),Bern(0.35);s2:N(0.00,1.00^2),Bern(0.40);s3:N(0.25,1.05^2),Bern(0.45)",25,"1000/1000/1000","-4.5/-3/-1.5",2.02494719151222,0.676562280021605,1.37124208572376,1.34838491149061,0.250581118792811,NA,100
"Federated per-protocol (unweighted)","OR",10,-0.5,"low","s1:N(-0.25,0.95^2),Bern(0.35);s2:N(0.00,1.00^2),Bern(0.40);s3:N(0.25,1.05^2),Bern(0.45)",25,"1000/1000/1000","-4.5/-3/-1.5",1.52448470652002,0.729504582842491,0.813315263894165,0.794980123677524,0.172586741303147,NA,100
"Federated per-protocol (unweighted)","OR",15,-0.5,"low","s1:N(-0.25,0.95^2),Bern(0.35);s2:N(0.00,1.00^2),Bern(0.40);s3:N(0.25,1.05^2),Bern(0.45)",25,"1000/1000/1000","-4.5/-3/-1.5",1.24758655930187,0.755684153634144,0.510176632123408,0.491902405667727,0.13600437924874,NA,100
"Federated per-protocol (unweighted)","OR",5,-1,"moderate","s1:N(-0.75,0.85^2),Bern(0.20);s2:N(0.00,1.00^2),Bern(0.40);s3:N(0.75,1.15^2),Bern(0.60)",25,"1000/1000/1000","-4.5/-3/-1.5",2.29189389224137,0.525565002037647,1.7872587556955,1.76632889020372,0.274093752746835,NA,100
"Federated per-protocol (unweighted)","OR",10,-1,"moderate","s1:N(-0.75,0.85^2),Bern(0.20);s2:N(0.00,1.00^2),Bern(0.40);s3:N(0.75,1.15^2),Bern(0.60)",25,"1000/1000/1000","-4.5/-3/-1.5",1.7629428156789,0.587672728701109,1.18683994402946,1.17527008697779,0.16614851394444,NA,100
"Federated per-protocol (unweighted)","OR",15,-1,"moderate","s1:N(-0.75,0.85^2),Bern(0.20);s2:N(0.00,1.00^2),Bern(0.40);s3:N(0.75,1.15^2),Bern(0.60)",25,"1000/1000/1000","-4.5/-3/-1.5",1.46402197294374,0.626058141430153,0.848361851692421,0.83796383151359,0.133084800496862,NA,100
"Federated per-protocol (unweighted)","OR",5,-0.7,"moderate","s1:N(-0.75,0.85^2),Bern(0.20);s2:N(0.00,1.00^2),Bern(0.40);s3:N(0.75,1.15^2),Bern(0.60)",25,"1000/1000/1000","-4.5/-3/-1.5",3.18901681456139,0.62550615299607,2.58942729159013,2.56351066156532,0.367281559449792,NA,100
"Federated per-protocol (unweighted)","OR",10,-0.7,"moderate","s1:N(-0.75,0.85^2),Bern(0.20);s2:N(0.00,1.00^2),Bern(0.40);s3:N(0.75,1.15^2),Bern(0.60)",25,"1000/1000/1000","-4.5/-3/-1.5",2.37734380037868,0.677361222490138,1.71368382529215,1.69998257788855,0.217356682012525,NA,100
"Federated per-protocol (unweighted)","OR",15,-0.7,"moderate","s1:N(-0.75,0.85^2),Bern(0.20);s2:N(0.00,1.00^2),Bern(0.40);s3:N(0.75,1.15^2),Bern(0.60)",25,"1000/1000/1000","-4.5/-3/-1.5",1.96090040019125,0.712695493069665,1.261210836412,1.24820490712159,0.181568040285676,NA,100
"Federated per-protocol (unweighted)","OR",5,-0.5,"moderate","s1:N(-0.75,0.85^2),Bern(0.20);s2:N(0.00,1.00^2),Bern(0.40);s3:N(0.75,1.15^2),Bern(0.60)",25,"1000/1000/1000","-4.5/-3/-1.5",4.0997471828271,0.709733746489366,3.43849509458976,3.39001343633774,0.578274529337247,NA,100
"Federated per-protocol (unweighted)","OR",10,-0.5,"moderate","s1:N(-0.75,0.85^2),Bern(0.20);s2:N(0.00,1.00^2),Bern(0.40);s3:N(0.75,1.15^2),Bern(0.60)",25,"1000/1000/1000","-4.5/-3/-1.5",3.03544554084821,0.761772582376549,2.29756026270604,2.27367295847166,0.332110543055593,NA,100
"Federated per-protocol (unweighted)","OR",15,-0.5,"moderate","s1:N(-0.75,0.85^2),Bern(0.20);s2:N(0.00,1.00^2),Bern(0.40);s3:N(0.75,1.15^2),Bern(0.60)",25,"1000/1000/1000","-4.5/-3/-1.5",2.44705558365776,0.785237658579756,1.68188664845663,1.661817925078,0.260349186934556,NA,100
"Federated CCW","RMST_diff",5,-1,"high","s1:N(-1.50,0.70^2),Bern(0.10);s2:N(0.00,1.00^2),Bern(0.40);s3:N(1.50,1.30^2),Bern(0.70)",25,"1000/1000/1000","-4.5/-3/-1.5",1.24335365077216,1.69543256070381,1.35055698939493,-0.452078909931646,1.27905775009548,0.84,100
"Federated CCW","RMST_diff",10,-1,"high","s1:N(-1.50,0.70^2),Bern(0.10);s2:N(0.00,1.00^2),Bern(0.40);s3:N(1.50,1.30^2),Bern(0.70)",25,"1000/1000/1000","-4.5/-3/-1.5",1.18063635242376,1.45892350544869,0.844206755359081,-0.278287153024935,0.801035508018369,0.89,100
"Federated CCW","RMST_diff",15,-1,"high","s1:N(-1.50,0.70^2),Bern(0.10);s2:N(0.00,1.00^2),Bern(0.40);s3:N(1.50,1.30^2),Bern(0.70)",25,"1000/1000/1000","-4.5/-3/-1.5",1.01321976011518,1.31454091103166,0.74767366343163,-0.301321150916485,0.687714316273637,0.81,100
"Federated CCW","RMST_diff",5,-0.7,"high","s1:N(-1.50,0.70^2),Bern(0.10);s2:N(0.00,1.00^2),Bern(0.40);s3:N(1.50,1.30^2),Bern(0.70)",25,"1000/1000/1000","-4.5/-3/-1.5",0.934910828829743,1.16676951164325,1.27827080191068,-0.231858682813503,1.26340001192124,0.87,100
"Federated CCW","RMST_diff",10,-0.7,"high","s1:N(-1.50,0.70^2),Bern(0.10);s2:N(0.00,1.00^2),Bern(0.40);s3:N(1.50,1.30^2),Bern(0.70)",25,"1000/1000/1000","-4.5/-3/-1.5",0.754224880285984,0.933819513142996,0.86479001518391,-0.179594632857013,0.850197563618344,0.9,100
"Federated CCW","RMST_diff",15,-0.7,"high","s1:N(-1.50,0.70^2),Bern(0.10);s2:N(0.00,1.00^2),Bern(0.40);s3:N(1.50,1.30^2),Bern(0.70)",25,"1000/1000/1000","-4.5/-3/-1.5",0.55800984933638,0.848120545082169,0.857516762632346,-0.290110695745789,0.811016809357212,0.8,100
"Federated CCW","RMST_diff",5,-0.5,"high","s1:N(-1.50,0.70^2),Bern(0.10);s2:N(0.00,1.00^2),Bern(0.40);s3:N(1.50,1.30^2),Bern(0.70)",25,"1000/1000/1000","-4.5/-3/-1.5",0.876337671003361,0.836662724831749,1.46400327034423,0.0396749461716117,1.47083823905951,0.88,100
"Federated CCW","RMST_diff",10,-0.5,"high","s1:N(-1.50,0.70^2),Bern(0.10);s2:N(0.00,1.00^2),Bern(0.40);s3:N(1.50,1.30^2),Bern(0.70)",25,"1000/1000/1000","-4.5/-3/-1.5",0.508450885651692,0.659223907179777,1.15411524549983,-0.150773021528086,1.14998879918763,0.84,100
"Federated CCW","RMST_diff",15,-0.5,"high","s1:N(-1.50,0.70^2),Bern(0.10);s2:N(0.00,1.00^2),Bern(0.40);s3:N(1.50,1.30^2),Bern(0.70)",25,"1000/1000/1000","-4.5/-3/-1.5",0.528317938953135,0.589236171279536,0.844854813774113,-0.0609182323264011,0.846900841707199,0.85,100
"Federated CCW","RMST_diff",5,-1,"low","s1:N(-0.25,0.95^2),Bern(0.35);s2:N(0.00,1.00^2),Bern(0.40);s3:N(0.25,1.05^2),Bern(0.45)",25,"1000/1000/1000","-4.5/-3/-1.5",2.38553676738827,2.43790061495074,0.683173138784027,-0.0523638475624677,0.684594966167214,0.93,100
"Federated CCW","RMST_diff",10,-1,"low","s1:N(-0.25,0.95^2),Bern(0.35);s2:N(0.00,1.00^2),Bern(0.40);s3:N(0.25,1.05^2),Bern(0.45)",25,"1000/1000/1000","-4.5/-3/-1.5",1.78597691624502,1.72241227503814,0.518777774086615,0.0635646412068801,0.517462647141189,0.96,100
"Federated CCW","RMST_diff",15,-1,"low","s1:N(-0.25,0.95^2),Bern(0.35);s2:N(0.00,1.00^2),Bern(0.40);s3:N(0.25,1.05^2),Bern(0.45)",25,"1000/1000/1000","-4.5/-3/-1.5",1.45884631266313,1.49244205358015,0.440655001274449,-0.0335957409170245,0.441585934691761,0.94,100
"Federated CCW","RMST_diff",5,-0.7,"low","s1:N(-0.25,0.95^2),Bern(0.35);s2:N(0.00,1.00^2),Bern(0.40);s3:N(0.25,1.05^2),Bern(0.45)",25,"1000/1000/1000","-4.5/-3/-1.5",1.76743509643443,1.71514812626617,0.944344065637625,0.0522869701682657,0.947645560395337,0.92,100
"Federated CCW","RMST_diff",10,-0.7,"low","s1:N(-0.25,0.95^2),Bern(0.35);s2:N(0.00,1.00^2),Bern(0.40);s3:N(0.25,1.05^2),Bern(0.45)",25,"1000/1000/1000","-4.5/-3/-1.5",1.11468858415809,1.24041743887984,0.427012654322891,-0.125728854721747,0.410139249625135,0.9,100
"Federated CCW","RMST_diff",15,-0.7,"low","s1:N(-0.25,0.95^2),Bern(0.35);s2:N(0.00,1.00^2),Bern(0.40);s3:N(0.25,1.05^2),Bern(0.45)",25,"1000/1000/1000","-4.5/-3/-1.5",1.01960535279522,1.05270212511887,0.332036821669953,-0.0330967723236494,0.332047603083619,0.91,100
"Federated CCW","RMST_diff",5,-0.5,"low","s1:N(-0.25,0.95^2),Bern(0.35);s2:N(0.00,1.00^2),Bern(0.40);s3:N(0.25,1.05^2),Bern(0.45)",25,"1000/1000/1000","-4.5/-3/-1.5",1.2032349094547,1.23201315037558,0.930069335308034,-0.0287782409208784,0.934307273947571,0.88,100
"Federated CCW","RMST_diff",10,-0.5,"low","s1:N(-0.25,0.95^2),Bern(0.35);s2:N(0.00,1.00^2),Bern(0.40);s3:N(0.25,1.05^2),Bern(0.45)",25,"1000/1000/1000","-4.5/-3/-1.5",0.864318964123247,0.876130846068342,0.540663394806489,-0.0118118819450949,0.543257464426531,0.91,100
"Federated CCW","RMST_diff",15,-0.5,"low","s1:N(-0.25,0.95^2),Bern(0.35);s2:N(0.00,1.00^2),Bern(0.40);s3:N(0.25,1.05^2),Bern(0.45)",25,"1000/1000/1000","-4.5/-3/-1.5",0.721189238309694,0.754752216644976,0.435003049353851,-0.0335629783352819,0.435891260919364,0.93,100
"Federated CCW","RMST_diff",5,-1,"moderate","s1:N(-0.75,0.85^2),Bern(0.20);s2:N(0.00,1.00^2),Bern(0.40);s3:N(0.75,1.15^2),Bern(0.60)",25,"1000/1000/1000","-4.5/-3/-1.5",2.22332321338468,2.25336585502861,0.851835054599273,-0.0300426416439244,0.855593833549117,0.94,100
"Federated CCW","RMST_diff",10,-1,"moderate","s1:N(-0.75,0.85^2),Bern(0.20);s2:N(0.00,1.00^2),Bern(0.40);s3:N(0.75,1.15^2),Bern(0.60)",25,"1000/1000/1000","-4.5/-3/-1.5",1.54544308407739,1.63971512020323,0.643176347389069,-0.0942720361258343,0.639435196679823,0.9,100
"Federated CCW","RMST_diff",15,-1,"moderate","s1:N(-0.75,0.85^2),Bern(0.20);s2:N(0.00,1.00^2),Bern(0.40);s3:N(0.75,1.15^2),Bern(0.60)",25,"1000/1000/1000","-4.5/-3/-1.5",1.39524147040988,1.43351738441364,0.56189410387688,-0.0382759140037591,0.563413064448,0.9,100
"Federated CCW","RMST_diff",5,-0.7,"moderate","s1:N(-0.75,0.85^2),Bern(0.20);s2:N(0.00,1.00^2),Bern(0.40);s3:N(0.75,1.15^2),Bern(0.60)",25,"1000/1000/1000","-4.5/-3/-1.5",1.53638323355283,1.59822019736997,0.929910574144502,-0.0618369638171451,0.932526635041733,0.89,100
"Federated CCW","RMST_diff",10,-0.7,"moderate","s1:N(-0.75,0.85^2),Bern(0.20);s2:N(0.00,1.00^2),Bern(0.40);s3:N(0.75,1.15^2),Bern(0.60)",25,"1000/1000/1000","-4.5/-3/-1.5",1.19215418384442,1.18453373586388,0.749565464264685,0.00762044798054595,0.753302703849641,0.93,100
"Federated CCW","RMST_diff",15,-0.7,"moderate","s1:N(-0.75,0.85^2),Bern(0.20);s2:N(0.00,1.00^2),Bern(0.40);s3:N(0.75,1.15^2),Bern(0.60)",25,"1000/1000/1000","-4.5/-3/-1.5",1.00680548469585,1.02600548477574,0.490700913591565,-0.0192000000798916,0.492795311244306,0.89,100
"Federated CCW","RMST_diff",5,-0.5,"moderate","s1:N(-0.75,0.85^2),Bern(0.20);s2:N(0.00,1.00^2),Bern(0.40);s3:N(0.75,1.15^2),Bern(0.60)",25,"1000/1000/1000","-4.5/-3/-1.5",1.06961628245997,1.1704438223159,0.988843017917186,-0.100827539855931,0.988644782696852,0.88,100
"Federated CCW","RMST_diff",10,-0.5,"moderate","s1:N(-0.75,0.85^2),Bern(0.20);s2:N(0.00,1.00^2),Bern(0.40);s3:N(0.75,1.15^2),Bern(0.60)",25,"1000/1000/1000","-4.5/-3/-1.5",0.780689504752959,0.812841652034551,0.724126053631832,-0.0321521472815921,0.72705631822598,0.89,100
"Federated CCW","RMST_diff",15,-0.5,"moderate","s1:N(-0.75,0.85^2),Bern(0.20);s2:N(0.00,1.00^2),Bern(0.40);s3:N(0.75,1.15^2),Bern(0.60)",25,"1000/1000/1000","-4.5/-3/-1.5",0.654267662352828,0.722424639183064,0.464827130774488,-0.0681569768302362,0.462119500061157,0.92,100
"Pooled CCW","RMST_diff",5,-1,"high","s1:N(-1.50,0.70^2),Bern(0.10);s2:N(0.00,1.00^2),Bern(0.40);s3:N(1.50,1.30^2),Bern(0.70)",25,"1000/1000/1000","-4.5/-3/-1.5",1.35682048470743,1.69543256070381,1.36951647052473,-0.338612075996378,1.33368072180151,0.82,100
"Pooled CCW","RMST_diff",10,-1,"high","s1:N(-1.50,0.70^2),Bern(0.10);s2:N(0.00,1.00^2),Bern(0.40);s3:N(1.50,1.30^2),Bern(0.70)",25,"1000/1000/1000","-4.5/-3/-1.5",1.30413616367955,1.45892350544869,0.829849150806681,-0.154787341769147,0.819392785723408,0.89,100
"Pooled CCW","RMST_diff",15,-1,"high","s1:N(-1.50,0.70^2),Bern(0.10);s2:N(0.00,1.00^2),Bern(0.40);s3:N(1.50,1.30^2),Bern(0.70)",25,"1000/1000/1000","-4.5/-3/-1.5",1.10511506647656,1.31454091103166,0.763875587190476,-0.209425844555095,0.738307324487506,0.83,100
"Pooled CCW","RMST_diff",5,-0.7,"high","s1:N(-1.50,0.70^2),Bern(0.10);s2:N(0.00,1.00^2),Bern(0.40);s3:N(1.50,1.30^2),Bern(0.70)",25,"1000/1000/1000","-4.5/-3/-1.5",0.967086851883711,1.16676951164325,1.35435769471595,-0.199682659759535,1.34630493214984,0.88,100
"Pooled CCW","RMST_diff",10,-0.7,"high","s1:N(-1.50,0.70^2),Bern(0.10);s2:N(0.00,1.00^2),Bern(0.40);s3:N(1.50,1.30^2),Bern(0.70)",25,"1000/1000/1000","-4.5/-3/-1.5",0.92252493199009,0.933819513142996,0.868235839706266,-0.0112945811529062,0.872536014588837,0.88,100
"Pooled CCW","RMST_diff",15,-0.7,"high","s1:N(-1.50,0.70^2),Bern(0.10);s2:N(0.00,1.00^2),Bern(0.40);s3:N(1.50,1.30^2),Bern(0.70)",25,"1000/1000/1000","-4.5/-3/-1.5",0.616082148316934,0.848120545082169,0.801438200950277,-0.232038396765235,0.770976930027994,0.83,100
"Pooled CCW","RMST_diff",5,-0.5,"high","s1:N(-1.50,0.70^2),Bern(0.10);s2:N(0.00,1.00^2),Bern(0.40);s3:N(1.50,1.30^2),Bern(0.70)",25,"1000/1000/1000","-4.5/-3/-1.5",0.845263057630598,0.836662724831749,1.31259532940184,0.00860033279884874,1.31917962456289,0.86,100
"Pooled CCW","RMST_diff",10,-0.5,"high","s1:N(-1.50,0.70^2),Bern(0.10);s2:N(0.00,1.00^2),Bern(0.40);s3:N(1.50,1.30^2),Bern(0.70)",25,"1000/1000/1000","-4.5/-3/-1.5",0.495042004267395,0.659223907179777,0.851871769347181,-0.164181902912382,0.84011171345098,0.89,100
"Pooled CCW","RMST_diff",15,-0.5,"high","s1:N(-1.50,0.70^2),Bern(0.10);s2:N(0.00,1.00^2),Bern(0.40);s3:N(1.50,1.30^2),Bern(0.70)",25,"1000/1000/1000","-4.5/-3/-1.5",0.595417881569404,0.589236171279536,0.764294021309086,0.0061817102898679,0.768119267797866,0.87,100
"Pooled CCW","RMST_diff",5,-1,"low","s1:N(-0.25,0.95^2),Bern(0.35);s2:N(0.00,1.00^2),Bern(0.40);s3:N(0.25,1.05^2),Bern(0.45)",25,"1000/1000/1000","-4.5/-3/-1.5",2.4163594345161,2.43790061495074,0.663718005360133,-0.0215411804346346,0.666710277501387,0.92,100
"Pooled CCW","RMST_diff",10,-1,"low","s1:N(-0.25,0.95^2),Bern(0.35);s2:N(0.00,1.00^2),Bern(0.40);s3:N(0.25,1.05^2),Bern(0.45)",25,"1000/1000/1000","-4.5/-3/-1.5",1.7716761679946,1.72241227503814,0.471327953094968,0.0492638929564658,0.471107772760137,0.97,100
"Pooled CCW","RMST_diff",15,-1,"low","s1:N(-0.25,0.95^2),Bern(0.35);s2:N(0.00,1.00^2),Bern(0.40);s3:N(0.25,1.05^2),Bern(0.45)",25,"1000/1000/1000","-4.5/-3/-1.5",1.50259239829111,1.49244205358015,0.449119631588362,0.0101503447109572,0.451266919132511,0.94,100
"Pooled CCW","RMST_diff",5,-0.7,"low","s1:N(-0.25,0.95^2),Bern(0.35);s2:N(0.00,1.00^2),Bern(0.40);s3:N(0.25,1.05^2),Bern(0.45)",25,"1000/1000/1000","-4.5/-3/-1.5",1.75639245632122,1.71514812626617,0.831032753236516,0.0412443300550544,0.834190070019638,0.9,100
"Pooled CCW","RMST_diff",10,-0.7,"low","s1:N(-0.25,0.95^2),Bern(0.35);s2:N(0.00,1.00^2),Bern(0.40);s3:N(0.25,1.05^2),Bern(0.45)",25,"1000/1000/1000","-4.5/-3/-1.5",1.1271057133774,1.24041743887984,0.414832905427906,-0.113311725502437,0.401067757052206,0.91,100
"Pooled CCW","RMST_diff",15,-0.7,"low","s1:N(-0.25,0.95^2),Bern(0.35);s2:N(0.00,1.00^2),Bern(0.40);s3:N(0.25,1.05^2),Bern(0.45)",25,"1000/1000/1000","-4.5/-3/-1.5",1.01622401518474,1.05270212511887,0.32894754556023,-0.0364781099341311,0.328565654195478,0.89,100
"Pooled CCW","RMST_diff",5,-0.5,"low","s1:N(-0.25,0.95^2),Bern(0.35);s2:N(0.00,1.00^2),Bern(0.40);s3:N(0.25,1.05^2),Bern(0.45)",25,"1000/1000/1000","-4.5/-3/-1.5",1.23137565963766,1.23201315037558,0.914394689783107,-0.000637490737914055,0.919001017964233,0.88,100
"Pooled CCW","RMST_diff",10,-0.5,"low","s1:N(-0.25,0.95^2),Bern(0.35);s2:N(0.00,1.00^2),Bern(0.40);s3:N(0.25,1.05^2),Bern(0.45)",25,"1000/1000/1000","-4.5/-3/-1.5",0.881356843673434,0.876130846068342,0.54046262748674,0.00522599760509153,0.543159984113637,0.93,100
"Pooled CCW","RMST_diff",15,-0.5,"low","s1:N(-0.25,0.95^2),Bern(0.35);s2:N(0.00,1.00^2),Bern(0.40);s3:N(0.25,1.05^2),Bern(0.45)",25,"1000/1000/1000","-4.5/-3/-1.5",0.736928791521426,0.754752216644976,0.419749793181458,-0.0178234251235493,0.421483927815534,0.9,100
"Pooled CCW","RMST_diff",5,-1,"moderate","s1:N(-0.75,0.85^2),Bern(0.20);s2:N(0.00,1.00^2),Bern(0.40);s3:N(0.75,1.15^2),Bern(0.60)",25,"1000/1000/1000","-4.5/-3/-1.5",2.18558969607891,2.25336585502861,0.877721511767585,-0.0677761589496937,0.879509415881285,0.91,100
"Pooled CCW","RMST_diff",10,-1,"moderate","s1:N(-0.75,0.85^2),Bern(0.20);s2:N(0.00,1.00^2),Bern(0.40);s3:N(0.75,1.15^2),Bern(0.60)",25,"1000/1000/1000","-4.5/-3/-1.5",1.54833380839974,1.63971512020323,0.608246033451334,-0.091381311803486,0.604371861131564,0.89,100
"Pooled CCW","RMST_diff",15,-1,"moderate","s1:N(-0.75,0.85^2),Bern(0.20);s2:N(0.00,1.00^2),Bern(0.40);s3:N(0.75,1.15^2),Bern(0.60)",25,"1000/1000/1000","-4.5/-3/-1.5",1.38894318546599,1.43351738441364,0.553290887164758,-0.0445741989476461,0.554270789131618,0.86,100
"Pooled CCW","RMST_diff",5,-0.7,"moderate","s1:N(-0.75,0.85^2),Bern(0.20);s2:N(0.00,1.00^2),Bern(0.40);s3:N(0.75,1.15^2),Bern(0.60)",25,"1000/1000/1000","-4.5/-3/-1.5",1.58073318904669,1.59822019736997,0.943696205478158,-0.0174870083232797,0.948287522339093,0.9,100
"Pooled CCW","RMST_diff",10,-0.7,"moderate","s1:N(-0.75,0.85^2),Bern(0.20);s2:N(0.00,1.00^2),Bern(0.40);s3:N(0.75,1.15^2),Bern(0.60)",25,"1000/1000/1000","-4.5/-3/-1.5",1.23498262896956,1.18453373586388,0.737543802171251,0.0504488931056799,0.739523303534338,0.91,100
"Pooled CCW","RMST_diff",15,-0.7,"moderate","s1:N(-0.75,0.85^2),Bern(0.20);s2:N(0.00,1.00^2),Bern(0.40);s3:N(0.75,1.15^2),Bern(0.60)",25,"1000/1000/1000","-4.5/-3/-1.5",1.02722091995223,1.02600548477574,0.500344680215855,0.00121543517648505,0.502863840576383,0.93,100
"Pooled CCW","RMST_diff",5,-0.5,"moderate","s1:N(-0.75,0.85^2),Bern(0.20);s2:N(0.00,1.00^2),Bern(0.40);s3:N(0.75,1.15^2),Bern(0.60)",25,"1000/1000/1000","-4.5/-3/-1.5",1.08297703677719,1.1704438223159,1.01523789609168,-0.0874667855387097,1.01655863662911,0.91,100
"Pooled CCW","RMST_diff",10,-0.5,"moderate","s1:N(-0.75,0.85^2),Bern(0.20);s2:N(0.00,1.00^2),Bern(0.40);s3:N(0.75,1.15^2),Bern(0.60)",25,"1000/1000/1000","-4.5/-3/-1.5",0.791225623814841,0.812841652034551,0.689087604910848,-0.0216160282197103,0.692218271880355,0.9,100
"Pooled CCW","RMST_diff",15,-0.5,"moderate","s1:N(-0.75,0.85^2),Bern(0.20);s2:N(0.00,1.00^2),Bern(0.40);s3:N(0.75,1.15^2),Bern(0.60)",25,"1000/1000/1000","-4.5/-3/-1.5",0.639554438903883,0.722424639183064,0.472399381876474,-0.082870200279181,0.46741682769352,0.89,100
"Federated landmark IPW","RMST_diff",5,-1,"high","s1:N(-1.50,0.70^2),Bern(0.10);s2:N(0.00,1.00^2),Bern(0.40);s3:N(1.50,1.30^2),Bern(0.70)",25,"1000/1000/1000","-4.5/-3/-1.5",2.01233411163124,1.69543256070381,1.12407034816992,0.316901550927431,1.08390779857549,NA,100
"Federated landmark IPW","RMST_diff",10,-1,"high","s1:N(-1.50,0.70^2),Bern(0.10);s2:N(0.00,1.00^2),Bern(0.40);s3:N(1.50,1.30^2),Bern(0.70)",25,"1000/1000/1000","-4.5/-3/-1.5",1.18701459789885,1.45892350544869,0.813057922501634,-0.271908907549843,0.770103450572428,NA,100
"Federated landmark IPW","RMST_diff",15,-1,"high","s1:N(-1.50,0.70^2),Bern(0.10);s2:N(0.00,1.00^2),Bern(0.40);s3:N(1.50,1.30^2),Bern(0.70)",25,"1000/1000/1000","-4.5/-3/-1.5",0.535336777500949,1.31454091103166,0.844905023918073,-0.779204133530711,0.328303594608685,NA,100
"Federated landmark IPW","RMST_diff",5,-0.7,"high","s1:N(-1.50,0.70^2),Bern(0.10);s2:N(0.00,1.00^2),Bern(0.40);s3:N(1.50,1.30^2),Bern(0.70)",25,"1000/1000/1000","-4.5/-3/-1.5",1.66703464946019,1.16676951164325,1.34006750918972,0.500265137816944,1.24945067568941,NA,100
"Federated landmark IPW","RMST_diff",10,-0.7,"high","s1:N(-1.50,0.70^2),Bern(0.10);s2:N(0.00,1.00^2),Bern(0.40);s3:N(1.50,1.30^2),Bern(0.70)",25,"1000/1000/1000","-4.5/-3/-1.5",0.970885349872355,0.933819513142996,0.615139053884388,0.0370658367293592,0.617114644295018,NA,100
"Federated landmark IPW","RMST_diff",15,-0.7,"high","s1:N(-1.50,0.70^2),Bern(0.10);s2:N(0.00,1.00^2),Bern(0.40);s3:N(1.50,1.30^2),Bern(0.70)",25,"1000/1000/1000","-4.5/-3/-1.5",0.326232407732656,0.848120545082169,0.63469243438724,-0.521888137349514,0.363022188656319,NA,100
"Federated landmark IPW","RMST_diff",5,-0.5,"high","s1:N(-1.50,0.70^2),Bern(0.10);s2:N(0.00,1.00^2),Bern(0.40);s3:N(1.50,1.30^2),Bern(0.70)",25,"1000/1000/1000","-4.5/-3/-1.5",1.27632662593081,0.836662724831749,1.42097004515326,0.439663901099057,1.35804803595932,NA,100
"Federated landmark IPW","RMST_diff",10,-0.5,"high","s1:N(-1.50,0.70^2),Bern(0.10);s2:N(0.00,1.00^2),Bern(0.40);s3:N(1.50,1.30^2),Bern(0.70)",25,"1000/1000/1000","-4.5/-3/-1.5",0.700156843658645,0.659223907179777,0.681501988989141,0.0409329364788677,0.683698687035386,NA,100
"Federated landmark IPW","RMST_diff",15,-0.5,"high","s1:N(-1.50,0.70^2),Bern(0.10);s2:N(0.00,1.00^2),Bern(0.40);s3:N(1.50,1.30^2),Bern(0.70)",25,"1000/1000/1000","-4.5/-3/-1.5",0.341849969207042,0.589236171279536,0.37730680418234,-0.247386202072494,0.286322011817023,NA,100
"Federated landmark IPW","RMST_diff",5,-1,"low","s1:N(-0.25,0.95^2),Bern(0.35);s2:N(0.00,1.00^2),Bern(0.40);s3:N(0.25,1.05^2),Bern(0.45)",25,"1000/1000/1000","-4.5/-3/-1.5",3.59555169162578,2.43790061495074,1.4762804414579,1.15765107667504,0.920719923911248,NA,100
"Federated landmark IPW","RMST_diff",10,-1,"low","s1:N(-0.25,0.95^2),Bern(0.35);s2:N(0.00,1.00^2),Bern(0.40);s3:N(0.25,1.05^2),Bern(0.45)",25,"1000/1000/1000","-4.5/-3/-1.5",2.12063469553485,1.72241227503814,0.611684399784589,0.398222420496714,0.466641459009199,NA,100
"Federated landmark IPW","RMST_diff",15,-1,"low","s1:N(-0.25,0.95^2),Bern(0.35);s2:N(0.00,1.00^2),Bern(0.40);s3:N(0.25,1.05^2),Bern(0.45)",25,"1000/1000/1000","-4.5/-3/-1.5",0.925288290731038,1.49244205358015,0.642386348174023,-0.567153762849116,0.303176498926715,NA,100
"Federated landmark IPW","RMST_diff",5,-0.7,"low","s1:N(-0.25,0.95^2),Bern(0.35);s2:N(0.00,1.00^2),Bern(0.40);s3:N(0.25,1.05^2),Bern(0.45)",25,"1000/1000/1000","-4.5/-3/-1.5",2.61419963348329,1.71514812626617,1.37514626971335,0.899051507217123,1.04578695441152,NA,100
"Federated landmark IPW","RMST_diff",10,-0.7,"low","s1:N(-0.25,0.95^2),Bern(0.35);s2:N(0.00,1.00^2),Bern(0.40);s3:N(0.25,1.05^2),Bern(0.45)",25,"1000/1000/1000","-4.5/-3/-1.5",1.46421097256973,1.24041743887984,0.603661243508824,0.22379353368989,0.563469905619277,NA,100
"Federated landmark IPW","RMST_diff",15,-0.7,"low","s1:N(-0.25,0.95^2),Bern(0.35);s2:N(0.00,1.00^2),Bern(0.40);s3:N(0.25,1.05^2),Bern(0.45)",25,"1000/1000/1000","-4.5/-3/-1.5",0.63234168862344,1.05270212511887,0.523654614067357,-0.420360436495427,0.313841075176734,NA,100
"Federated landmark IPW","RMST_diff",5,-0.5,"low","s1:N(-0.25,0.95^2),Bern(0.35);s2:N(0.00,1.00^2),Bern(0.40);s3:N(0.25,1.05^2),Bern(0.45)",25,"1000/1000/1000","-4.5/-3/-1.5",1.88262664513375,1.23201315037558,1.13492710975087,0.65061349475817,0.934610395188264,NA,100
"Federated landmark IPW","RMST_diff",10,-0.5,"low","s1:N(-0.25,0.95^2),Bern(0.35);s2:N(0.00,1.00^2),Bern(0.40);s3:N(0.25,1.05^2),Bern(0.45)",25,"1000/1000/1000","-4.5/-3/-1.5",1.07409539007691,0.876130846068342,0.633018503674991,0.197964544008563,0.604296456537889,NA,100
"Federated landmark IPW","RMST_diff",15,-0.5,"low","s1:N(-0.25,0.95^2),Bern(0.35);s2:N(0.00,1.00^2),Bern(0.40);s3:N(0.25,1.05^2),Bern(0.45)",25,"1000/1000/1000","-4.5/-3/-1.5",0.438420882809122,0.754752216644976,0.455122325370814,-0.316331333835853,0.328865233342752,NA,100
"Federated landmark IPW","RMST_diff",5,-1,"moderate","s1:N(-0.75,0.85^2),Bern(0.20);s2:N(0.00,1.00^2),Bern(0.40);s3:N(0.75,1.15^2),Bern(0.60)",25,"1000/1000/1000","-4.5/-3/-1.5",3.10915757508886,2.25336585502861,1.35514151394842,0.855791720060249,1.05602124189626,NA,100
"Federated landmark IPW","RMST_diff",10,-1,"moderate","s1:N(-0.75,0.85^2),Bern(0.20);s2:N(0.00,1.00^2),Bern(0.40);s3:N(0.75,1.15^2),Bern(0.60)",25,"1000/1000/1000","-4.5/-3/-1.5",1.80082766061541,1.63971512020323,0.523288564714276,0.161112540412182,0.500377303382218,NA,100
"Federated landmark IPW","RMST_diff",15,-1,"moderate","s1:N(-0.75,0.85^2),Bern(0.20);s2:N(0.00,1.00^2),Bern(0.40);s3:N(0.75,1.15^2),Bern(0.60)",25,"1000/1000/1000","-4.5/-3/-1.5",0.8004581544957,1.43351738441364,0.724491903868208,-0.633059229917935,0.354088002224711,NA,100
"Federated landmark IPW","RMST_diff",5,-0.7,"moderate","s1:N(-0.75,0.85^2),Bern(0.20);s2:N(0.00,1.00^2),Bern(0.40);s3:N(0.75,1.15^2),Bern(0.60)",25,"1000/1000/1000","-4.5/-3/-1.5",2.39360072140391,1.59822019736997,1.33557327706552,0.795380524033939,1.07831040694986,NA,100
"Federated landmark IPW","RMST_diff",10,-0.7,"moderate","s1:N(-0.75,0.85^2),Bern(0.20);s2:N(0.00,1.00^2),Bern(0.40);s3:N(0.75,1.15^2),Bern(0.60)",25,"1000/1000/1000","-4.5/-3/-1.5",1.43383186357366,1.18453373586388,0.691190996746461,0.249298127709777,0.647914632660758,NA,100
"Federated landmark IPW","RMST_diff",15,-0.7,"moderate","s1:N(-0.75,0.85^2),Bern(0.20);s2:N(0.00,1.00^2),Bern(0.40);s3:N(0.75,1.15^2),Bern(0.60)",25,"1000/1000/1000","-4.5/-3/-1.5",0.613744476749446,1.02600548477574,0.51064125488319,-0.412261008026298,0.302840679602394,NA,100
"Federated landmark IPW","RMST_diff",5,-0.5,"moderate","s1:N(-0.75,0.85^2),Bern(0.20);s2:N(0.00,1.00^2),Bern(0.40);s3:N(0.75,1.15^2),Bern(0.60)",25,"1000/1000/1000","-4.5/-3/-1.5",1.66319879016207,1.1704438223159,1.22723901956699,0.492754967846168,1.12963217076308,NA,100
"Federated landmark IPW","RMST_diff",10,-0.5,"moderate","s1:N(-0.75,0.85^2),Bern(0.20);s2:N(0.00,1.00^2),Bern(0.40);s3:N(0.75,1.15^2),Bern(0.60)",25,"1000/1000/1000","-4.5/-3/-1.5",0.982361266511487,0.812841652034551,0.753872673928359,0.169519614476936,0.738266539699508,NA,100
"Federated landmark IPW","RMST_diff",15,-0.5,"moderate","s1:N(-0.75,0.85^2),Bern(0.20);s2:N(0.00,1.00^2),Bern(0.40);s3:N(0.75,1.15^2),Bern(0.60)",25,"1000/1000/1000","-4.5/-3/-1.5",0.384817230500845,0.722424639183064,0.520454734956781,-0.337607408682219,0.398094411346433,NA,100
"Federated IPW (no cloning)","RMST_diff",5,-1,"high","s1:N(-1.50,0.70^2),Bern(0.10);s2:N(0.00,1.00^2),Bern(0.40);s3:N(1.50,1.30^2),Bern(0.70)",25,"1000/1000/1000","-4.5/-3/-1.5",5.30447386097781,1.69543256070381,4.01079704658455,3.609041300274,1.75847553404829,NA,100
"Federated IPW (no cloning)","RMST_diff",10,-1,"high","s1:N(-1.50,0.70^2),Bern(0.10);s2:N(0.00,1.00^2),Bern(0.40);s3:N(1.50,1.30^2),Bern(0.70)",25,"1000/1000/1000","-4.5/-3/-1.5",6.70339336858508,1.45892350544869,5.46620782619998,5.24446986313638,1.54885550899417,NA,100
"Federated IPW (no cloning)","RMST_diff",15,-1,"high","s1:N(-1.50,0.70^2),Bern(0.10);s2:N(0.00,1.00^2),Bern(0.40);s3:N(1.50,1.30^2),Bern(0.70)",25,"1000/1000/1000","-4.5/-3/-1.5",7.12408987201376,1.31454091103166,5.96716316513885,5.8095489609821,1.36927950874628,NA,100
"Federated IPW (no cloning)","RMST_diff",5,-0.7,"high","s1:N(-1.50,0.70^2),Bern(0.10);s2:N(0.00,1.00^2),Bern(0.40);s3:N(1.50,1.30^2),Bern(0.70)",25,"1000/1000/1000","-4.5/-3/-1.5",4.59700642082979,1.16676951164325,3.86900453925198,3.43023690918654,1.79861643560575,NA,100
"Federated IPW (no cloning)","RMST_diff",10,-0.7,"high","s1:N(-1.50,0.70^2),Bern(0.10);s2:N(0.00,1.00^2),Bern(0.40);s3:N(1.50,1.30^2),Bern(0.70)",25,"1000/1000/1000","-4.5/-3/-1.5",5.73858551808043,0.933819513142996,5.0621605416909,4.80476600493743,1.6016698948821,NA,100
"Federated IPW (no cloning)","RMST_diff",15,-0.7,"high","s1:N(-1.50,0.70^2),Bern(0.10);s2:N(0.00,1.00^2),Bern(0.40);s3:N(1.50,1.30^2),Bern(0.70)",25,"1000/1000/1000","-4.5/-3/-1.5",6.07658232744332,0.848120545082169,5.5186235077372,5.22846178236115,1.77479343243564,NA,100
"Federated IPW (no cloning)","RMST_diff",5,-0.5,"high","s1:N(-1.50,0.70^2),Bern(0.10);s2:N(0.00,1.00^2),Bern(0.40);s3:N(1.50,1.30^2),Bern(0.70)",25,"1000/1000/1000","-4.5/-3/-1.5",4.22014679744482,0.836662724831749,3.97560945636594,3.38348407261307,2.09798028895613,NA,100
"Federated IPW (no cloning)","RMST_diff",10,-0.5,"high","s1:N(-1.50,0.70^2),Bern(0.10);s2:N(0.00,1.00^2),Bern(0.40);s3:N(1.50,1.30^2),Bern(0.70)",25,"1000/1000/1000","-4.5/-3/-1.5",5.04454172785628,0.659223907179777,4.76024688189923,4.3853178206765,1.86106789922987,NA,100
"Federated IPW (no cloning)","RMST_diff",15,-0.5,"high","s1:N(-1.50,0.70^2),Bern(0.10);s2:N(0.00,1.00^2),Bern(0.40);s3:N(1.50,1.30^2),Bern(0.70)",25,"1000/1000/1000","-4.5/-3/-1.5",5.72026080463923,0.589236171279536,5.37744365110981,5.13102463335969,1.61729492094997,NA,100
"Federated IPW (no cloning)","RMST_diff",5,-1,"low","s1:N(-0.25,0.95^2),Bern(0.35);s2:N(0.00,1.00^2),Bern(0.40);s3:N(0.25,1.05^2),Bern(0.45)",25,"1000/1000/1000","-4.5/-3/-1.5",6.71085723085234,2.43790061495074,4.38277685690618,4.2729566159016,0.979885963296674,NA,100
"Federated IPW (no cloning)","RMST_diff",10,-1,"low","s1:N(-0.25,0.95^2),Bern(0.35);s2:N(0.00,1.00^2),Bern(0.40);s3:N(0.25,1.05^2),Bern(0.45)",25,"1000/1000/1000","-4.5/-3/-1.5",8.45867075705318,1.72241227503814,6.80181581273694,6.73625848201505,0.946828845411725,NA,100
"Federated IPW (no cloning)","RMST_diff",15,-1,"low","s1:N(-0.25,0.95^2),Bern(0.35);s2:N(0.00,1.00^2),Bern(0.40);s3:N(0.25,1.05^2),Bern(0.45)",25,"1000/1000/1000","-4.5/-3/-1.5",9.23357614665509,1.49244205358015,7.78850809469608,7.74113409307494,0.862051402401848,NA,100
"Federated IPW (no cloning)","RMST_diff",5,-0.7,"low","s1:N(-0.25,0.95^2),Bern(0.35);s2:N(0.00,1.00^2),Bern(0.40);s3:N(0.25,1.05^2),Bern(0.45)",25,"1000/1000/1000","-4.5/-3/-1.5",5.54721495122258,1.71514812626617,4.03818963361215,3.83206682495641,1.28008813067857,NA,100
"Federated IPW (no cloning)","RMST_diff",10,-0.7,"low","s1:N(-0.25,0.95^2),Bern(0.35);s2:N(0.00,1.00^2),Bern(0.40);s3:N(0.25,1.05^2),Bern(0.45)",25,"1000/1000/1000","-4.5/-3/-1.5",7.06674336761006,1.24041743887984,5.88678669944584,5.82632592873022,0.84577608671976,NA,100
"Federated IPW (no cloning)","RMST_diff",15,-0.7,"low","s1:N(-0.25,0.95^2),Bern(0.35);s2:N(0.00,1.00^2),Bern(0.40);s3:N(0.25,1.05^2),Bern(0.45)",25,"1000/1000/1000","-4.5/-3/-1.5",8.09408597899192,1.05270212511887,7.07596715654087,7.04138385387305,0.702250799008478,NA,100
"Federated IPW (no cloning)","RMST_diff",5,-0.5,"low","s1:N(-0.25,0.95^2),Bern(0.35);s2:N(0.00,1.00^2),Bern(0.40);s3:N(0.25,1.05^2),Bern(0.45)",25,"1000/1000/1000","-4.5/-3/-1.5",4.62947540077543,1.23201315037558,3.62170040785006,3.39746225039985,1.26089758847236,NA,100
"Federated IPW (no cloning)","RMST_diff",10,-0.5,"low","s1:N(-0.25,0.95^2),Bern(0.35);s2:N(0.00,1.00^2),Bern(0.40);s3:N(0.25,1.05^2),Bern(0.45)",25,"1000/1000/1000","-4.5/-3/-1.5",6.47951694561107,0.876130846068342,5.68258699434316,5.60338609954272,0.950204213951693,NA,100
"Federated IPW (no cloning)","RMST_diff",15,-0.5,"low","s1:N(-0.25,0.95^2),Bern(0.35);s2:N(0.00,1.00^2),Bern(0.40);s3:N(0.25,1.05^2),Bern(0.45)",25,"1000/1000/1000","-4.5/-3/-1.5",7.33843762780078,0.754752216644976,6.63784212524382,6.5836854111558,0.850451149788933,NA,100
"Federated IPW (no cloning)","RMST_diff",5,-1,"moderate","s1:N(-0.75,0.85^2),Bern(0.20);s2:N(0.00,1.00^2),Bern(0.40);s3:N(0.75,1.15^2),Bern(0.60)",25,"1000/1000/1000","-4.5/-3/-1.5",6.4452622011842,2.25336585502861,4.3534511126357,4.1918963461556,1.1808837698843,NA,100
"Federated IPW (no cloning)","RMST_diff",10,-1,"moderate","s1:N(-0.75,0.85^2),Bern(0.20);s2:N(0.00,1.00^2),Bern(0.40);s3:N(0.75,1.15^2),Bern(0.60)",25,"1000/1000/1000","-4.5/-3/-1.5",7.81124470693782,1.63971512020323,6.31876129276075,6.17152958673459,1.36291681973857,NA,100
"Federated IPW (no cloning)","RMST_diff",15,-1,"moderate","s1:N(-0.75,0.85^2),Bern(0.20);s2:N(0.00,1.00^2),Bern(0.40);s3:N(0.75,1.15^2),Bern(0.60)",25,"1000/1000/1000","-4.5/-3/-1.5",8.59231949471334,1.43351738441364,7.25403852624463,7.15880211029971,1.17749403730492,NA,100
"Federated IPW (no cloning)","RMST_diff",5,-0.7,"moderate","s1:N(-0.75,0.85^2),Bern(0.20);s2:N(0.00,1.00^2),Bern(0.40);s3:N(0.75,1.15^2),Bern(0.60)",25,"1000/1000/1000","-4.5/-3/-1.5",5.28763904319848,1.59822019736997,3.91217780027231,3.6894188458285,1.30783332309547,NA,100
"Federated IPW (no cloning)","RMST_diff",10,-0.7,"moderate","s1:N(-0.75,0.85^2),Bern(0.20);s2:N(0.00,1.00^2),Bern(0.40);s3:N(0.75,1.15^2),Bern(0.60)",25,"1000/1000/1000","-4.5/-3/-1.5",6.93979701332572,1.18453373586388,5.8818991228376,5.75526327746184,1.22006867596775,NA,100
"Federated IPW (no cloning)","RMST_diff",15,-0.7,"moderate","s1:N(-0.75,0.85^2),Bern(0.20);s2:N(0.00,1.00^2),Bern(0.40);s3:N(0.75,1.15^2),Bern(0.60)",25,"1000/1000/1000","-4.5/-3/-1.5",7.56458492721231,1.02600548477574,6.62140297495948,6.53857944243656,1.0492692174341,NA,100
"Federated IPW (no cloning)","RMST_diff",5,-0.5,"moderate","s1:N(-0.75,0.85^2),Bern(0.20);s2:N(0.00,1.00^2),Bern(0.40);s3:N(0.75,1.15^2),Bern(0.60)",25,"1000/1000/1000","-4.5/-3/-1.5",4.4710363075553,1.1704438223159,3.58991412361104,3.3005924852394,1.41905241582964,NA,100
"Federated IPW (no cloning)","RMST_diff",10,-0.5,"moderate","s1:N(-0.75,0.85^2),Bern(0.20);s2:N(0.00,1.00^2),Bern(0.40);s3:N(0.75,1.15^2),Bern(0.60)",25,"1000/1000/1000","-4.5/-3/-1.5",6.06864953974272,0.812841652034551,5.42869572546449,5.25580788770817,1.36597200644999,NA,100
"Federated IPW (no cloning)","RMST_diff",15,-0.5,"moderate","s1:N(-0.75,0.85^2),Bern(0.20);s2:N(0.00,1.00^2),Bern(0.40);s3:N(0.75,1.15^2),Bern(0.60)",25,"1000/1000/1000","-4.5/-3/-1.5",6.74529215618687,0.722424639183064,6.10364814190867,6.0228675170038,0.994727267248529,NA,100
"Federated per-protocol (unweighted)","RMST_diff",5,-1,"high","s1:N(-1.50,0.70^2),Bern(0.10);s2:N(0.00,1.00^2),Bern(0.40);s3:N(1.50,1.30^2),Bern(0.70)",25,"1000/1000/1000","-4.5/-3/-1.5",-6.70979567504707,1.69543256070381,8.41034123078186,-8.40522823575088,0.294697110598964,NA,100
"Federated per-protocol (unweighted)","RMST_diff",10,-1,"high","s1:N(-1.50,0.70^2),Bern(0.10);s2:N(0.00,1.00^2),Bern(0.40);s3:N(1.50,1.30^2),Bern(0.70)",25,"1000/1000/1000","-4.5/-3/-1.5",-5.75987842045062,1.45892350544869,7.2269305751616,-7.21880192589932,0.34439860163192,NA,100
"Federated per-protocol (unweighted)","RMST_diff",15,-1,"high","s1:N(-1.50,0.70^2),Bern(0.10);s2:N(0.00,1.00^2),Bern(0.40);s3:N(1.50,1.30^2),Bern(0.70)",25,"1000/1000/1000","-4.5/-3/-1.5",-5.12041182986223,1.31454091103166,6.44110471434763,-6.43495274089389,0.282866216822765,NA,100
"Federated per-protocol (unweighted)","RMST_diff",5,-0.7,"high","s1:N(-1.50,0.70^2),Bern(0.10);s2:N(0.00,1.00^2),Bern(0.40);s3:N(1.50,1.30^2),Bern(0.70)",25,"1000/1000/1000","-4.5/-3/-1.5",-7.64797144664601,1.16676951164325,8.8201913058071,-8.81474095828925,0.311588483619459,NA,100
"Federated per-protocol (unweighted)","RMST_diff",10,-0.7,"high","s1:N(-1.50,0.70^2),Bern(0.10);s2:N(0.00,1.00^2),Bern(0.40);s3:N(1.50,1.30^2),Bern(0.70)",25,"1000/1000/1000","-4.5/-3/-1.5",-6.65829800342021,0.933819513142996,7.59754942552241,-7.5921175165632,0.288690684055886,NA,100
"Federated per-protocol (unweighted)","RMST_diff",15,-0.7,"high","s1:N(-1.50,0.70^2),Bern(0.10);s2:N(0.00,1.00^2),Bern(0.40);s3:N(1.50,1.30^2),Bern(0.70)",25,"1000/1000/1000","-4.5/-3/-1.5",-5.99783026409868,0.848120545082169,6.85361676251653,-6.84595080918085,0.325700869336476,NA,100
"Federated per-protocol (unweighted)","RMST_diff",5,-0.5,"high","s1:N(-1.50,0.70^2),Bern(0.10);s2:N(0.00,1.00^2),Bern(0.40);s3:N(1.50,1.30^2),Bern(0.70)",25,"1000/1000/1000","-4.5/-3/-1.5",-8.14469887187898,0.836662724831749,8.98511619754988,-8.98136159671073,0.261033208543516,NA,100
"Federated per-protocol (unweighted)","RMST_diff",10,-0.5,"high","s1:N(-1.50,0.70^2),Bern(0.10);s2:N(0.00,1.00^2),Bern(0.40);s3:N(1.50,1.30^2),Bern(0.70)",25,"1000/1000/1000","-4.5/-3/-1.5",-7.20536070143074,0.659223907179777,7.86942989570639,-7.86458460861052,0.277499326496604,NA,100
"Federated per-protocol (unweighted)","RMST_diff",15,-0.5,"high","s1:N(-1.50,0.70^2),Bern(0.10);s2:N(0.00,1.00^2),Bern(0.40);s3:N(1.50,1.30^2),Bern(0.70)",25,"1000/1000/1000","-4.5/-3/-1.5",-6.5452334427435,0.589236171279536,7.14184923131331,-7.13446961402304,0.326217640358965,NA,100
"Federated per-protocol (unweighted)","RMST_diff",5,-1,"low","s1:N(-0.25,0.95^2),Bern(0.35);s2:N(0.00,1.00^2),Bern(0.40);s3:N(0.25,1.05^2),Bern(0.45)",25,"1000/1000/1000","-4.5/-3/-1.5",0.388763092038087,2.43790061495074,2.07666949224863,-2.04913752291265,0.338731430558273,NA,100
"Federated per-protocol (unweighted)","RMST_diff",10,-1,"low","s1:N(-0.25,0.95^2),Bern(0.35);s2:N(0.00,1.00^2),Bern(0.40);s3:N(0.25,1.05^2),Bern(0.45)",25,"1000/1000/1000","-4.5/-3/-1.5",1.88943207281533,1.72241227503814,0.344149943340205,0.167019797777192,0.30242048901036,NA,100
"Federated per-protocol (unweighted)","RMST_diff",15,-1,"low","s1:N(-0.25,0.95^2),Bern(0.35);s2:N(0.00,1.00^2),Bern(0.40);s3:N(0.25,1.05^2),Bern(0.45)",25,"1000/1000/1000","-4.5/-3/-1.5",2.79067873348417,1.49244205358015,1.34689513491697,1.29823667990402,0.360566371837144,NA,100
"Federated per-protocol (unweighted)","RMST_diff",5,-0.7,"low","s1:N(-0.25,0.95^2),Bern(0.35);s2:N(0.00,1.00^2),Bern(0.40);s3:N(0.25,1.05^2),Bern(0.45)",25,"1000/1000/1000","-4.5/-3/-1.5",-0.930858645368786,1.71514812626617,2.6641435228608,-2.64600677163495,0.311900131101194,NA,100
"Federated per-protocol (unweighted)","RMST_diff",10,-0.7,"low","s1:N(-0.25,0.95^2),Bern(0.35);s2:N(0.00,1.00^2),Bern(0.40);s3:N(0.25,1.05^2),Bern(0.45)",25,"1000/1000/1000","-4.5/-3/-1.5",0.585727495050176,1.24041743887984,0.73678591461353,-0.654689943829664,0.339688748533137,NA,100
"Federated per-protocol (unweighted)","RMST_diff",15,-0.7,"low","s1:N(-0.25,0.95^2),Bern(0.35);s2:N(0.00,1.00^2),Bern(0.40);s3:N(0.25,1.05^2),Bern(0.45)",25,"1000/1000/1000","-4.5/-3/-1.5",1.58110688263428,1.05270212511887,0.613652734546507,0.528404757515414,0.31359449279378,NA,100
"Federated per-protocol (unweighted)","RMST_diff",5,-0.5,"low","s1:N(-0.25,0.95^2),Bern(0.35);s2:N(0.00,1.00^2),Bern(0.40);s3:N(0.25,1.05^2),Bern(0.45)",25,"1000/1000/1000","-4.5/-3/-1.5",-1.69824591771064,1.23201315037558,2.94202379120729,-2.93025906808622,0.264165891267753,NA,100
"Federated per-protocol (unweighted)","RMST_diff",10,-0.5,"low","s1:N(-0.25,0.95^2),Bern(0.35);s2:N(0.00,1.00^2),Bern(0.40);s3:N(0.25,1.05^2),Bern(0.45)",25,"1000/1000/1000","-4.5/-3/-1.5",-0.184041245175209,0.876130846068342,1.10968321507119,-1.06017209124355,0.329419407778624,NA,100
"Federated per-protocol (unweighted)","RMST_diff",15,-0.5,"low","s1:N(-0.25,0.95^2),Bern(0.35);s2:N(0.00,1.00^2),Bern(0.40);s3:N(0.25,1.05^2),Bern(0.45)",25,"1000/1000/1000","-4.5/-3/-1.5",0.751093972723552,0.754752216644976,0.328724262532789,-0.00365824392142362,0.330359855873661,NA,100
"Federated per-protocol (unweighted)","RMST_diff",5,-1,"moderate","s1:N(-0.75,0.85^2),Bern(0.20);s2:N(0.00,1.00^2),Bern(0.40);s3:N(0.75,1.15^2),Bern(0.60)",25,"1000/1000/1000","-4.5/-3/-1.5",-2.48369409244359,2.25336585502861,4.74973182304089,-4.73705994747219,0.348467706229549,NA,100
"Federated per-protocol (unweighted)","RMST_diff",10,-1,"moderate","s1:N(-0.75,0.85^2),Bern(0.20);s2:N(0.00,1.00^2),Bern(0.40);s3:N(0.75,1.15^2),Bern(0.60)",25,"1000/1000/1000","-4.5/-3/-1.5",-1.16804719748405,1.63971512020323,2.82754298090091,-2.80776231768727,0.335553328970598,NA,100
"Federated per-protocol (unweighted)","RMST_diff",15,-1,"moderate","s1:N(-0.75,0.85^2),Bern(0.20);s2:N(0.00,1.00^2),Bern(0.40);s3:N(0.75,1.15^2),Bern(0.60)",25,"1000/1000/1000","-4.5/-3/-1.5",-0.373902013310174,1.43351738441364,1.83678195970863,-1.80741939772381,0.32876120135742,NA,100
"Federated per-protocol (unweighted)","RMST_diff",5,-0.7,"moderate","s1:N(-0.75,0.85^2),Bern(0.20);s2:N(0.00,1.00^2),Bern(0.40);s3:N(0.75,1.15^2),Bern(0.60)",25,"1000/1000/1000","-4.5/-3/-1.5",-3.60559844299112,1.59822019736997,5.21390550777385,-5.20381864036109,0.325796928486258,NA,100
"Federated per-protocol (unweighted)","RMST_diff",10,-0.7,"moderate","s1:N(-0.75,0.85^2),Bern(0.20);s2:N(0.00,1.00^2),Bern(0.40);s3:N(0.75,1.15^2),Bern(0.60)",25,"1000/1000/1000","-4.5/-3/-1.5",-2.2689613378161,1.18453373586388,3.46522668205379,-3.45349507367998,0.286334786897257,NA,100
"Federated per-protocol (unweighted)","RMST_diff",15,-0.7,"moderate","s1:N(-0.75,0.85^2),Bern(0.20);s2:N(0.00,1.00^2),Bern(0.40);s3:N(0.75,1.15^2),Bern(0.60)",25,"1000/1000/1000","-4.5/-3/-1.5",-1.51921236921681,1.02600548477574,2.56507162590601,-2.54521785399255,0.320130216159962,NA,100
"Federated per-protocol (unweighted)","RMST_diff",5,-0.5,"moderate","s1:N(-0.75,0.85^2),Bern(0.20);s2:N(0.00,1.00^2),Bern(0.40);s3:N(0.75,1.15^2),Bern(0.60)",25,"1000/1000/1000","-4.5/-3/-1.5",-4.31293337399841,1.1704438223159,5.49504093708778,-5.48337719631431,0.359642672284598,NA,100
"Federated per-protocol (unweighted)","RMST_diff",10,-0.5,"moderate","s1:N(-0.75,0.85^2),Bern(0.20);s2:N(0.00,1.00^2),Bern(0.40);s3:N(0.75,1.15^2),Bern(0.60)",25,"1000/1000/1000","-4.5/-3/-1.5",-3.04696861787792,0.812841652034551,3.8728963398232,-3.85981026991247,0.319707472502526,NA,100
"Federated per-protocol (unweighted)","RMST_diff",15,-0.5,"moderate","s1:N(-0.75,0.85^2),Bern(0.20);s2:N(0.00,1.00^2),Bern(0.40);s3:N(0.75,1.15^2),Bern(0.60)",25,"1000/1000/1000","-4.5/-3/-1.5",-2.24702196238032,0.722424639183064,2.98474175405318,-2.96944660156339,0.30329873071383,NA,100
