"method","estimand","tau","beta_trt","scenario","conf_mult","t_star","misspec","mean_est","truth","bias","emp_sd","rmse","coverage","n_reps"
"Federated CCW","RD",2,-1,"small",0.4,25,"correct",-0.152349795600157,-0.158884966736931,0.00653517113677467,0.0306492086147152,0.0311879577819418,0.95,100
"Federated CCW","RD",2,-1,"small",0.4,25,"no_lag",-0.152349795600157,-0.158884966736931,0.00653517113677467,0.0306492086147152,0.0311879577819418,0.95,100
"Federated CCW","RD",2,-1,"small",0.4,25,"no_tv",-0.152349795600157,-0.158884966736931,0.00653517113677467,0.0306492086147152,0.0311879577819418,0.95,100
"Federated CCW","RD",2,-1,"small",0.4,25,"coarse_L",-0.152349795600157,-0.158884966736931,0.00653517113677467,0.0306492086147152,0.0311879577819418,0.95,100
"Federated CCW","RD",2,-1,"small",0.4,25,"nonlinear_L",-0.152349795600157,-0.158884966736931,0.00653517113677467,0.0306492086147152,0.0311879577819418,0.95,100
"Federated CCW","RD",2,-1,"small",0.4,25,"cloglog",-0.152349795600157,-0.158884966736931,0.00653517113677467,0.0306492086147152,0.0311879577819418,0.95,100
"Federated CCW","RD",2,-1,"small",0.4,25,"lpm",-0.152349795600157,-0.158884966736931,0.00653517113677467,0.0306492086147152,0.0311879577819418,0.95,100
"Federated CCW","RD",5,-1,"small",0.4,25,"correct",-0.116241078211825,-0.120971162827715,0.00473008461588982,0.0194277561017996,0.0199006791480336,0.93,100
"Federated CCW","RD",5,-1,"small",0.4,25,"no_lag",-0.116241078211825,-0.120971162827715,0.00473008461588982,0.0194277561017996,0.0199006791480336,0.93,100
"Federated CCW","RD",5,-1,"small",0.4,25,"no_tv",-0.116241078211825,-0.120971162827715,0.00473008461588982,0.0194277561017996,0.0199006791480336,0.93,100
"Federated CCW","RD",5,-1,"small",0.4,25,"coarse_L",-0.116241078211825,-0.120971162827715,0.00473008461588982,0.0194277561017996,0.0199006791480336,0.93,100
"Federated CCW","RD",5,-1,"small",0.4,25,"nonlinear_L",-0.116241078211825,-0.120971162827715,0.00473008461588982,0.0194277561017996,0.0199006791480336,0.93,100
"Federated CCW","RD",5,-1,"small",0.4,25,"cloglog",-0.116241078211825,-0.120971162827715,0.00473008461588982,0.0194277561017996,0.0199006791480336,0.93,100
"Federated CCW","RD",5,-1,"small",0.4,25,"lpm",-0.116241078211825,-0.120971162827715,0.00473008461588982,0.0194277561017996,0.0199006791480336,0.93,100
"Federated CCW","RD",8,-1,"small",0.4,25,"correct",-0.0988319409911688,-0.101768486263082,0.00293654527191344,0.011509780484208,0.0118225883147772,0.99,100
"Federated CCW","RD",8,-1,"small",0.4,25,"no_lag",-0.0988319409911688,-0.101768486263082,0.00293654527191344,0.011509780484208,0.0118225883147772,0.99,100
"Federated CCW","RD",8,-1,"small",0.4,25,"no_tv",-0.0988319409911688,-0.101768486263082,0.00293654527191344,0.011509780484208,0.0118225883147772,0.99,100
"Federated CCW","RD",8,-1,"small",0.4,25,"coarse_L",-0.0988319409911688,-0.101768486263082,0.00293654527191344,0.011509780484208,0.0118225883147772,0.99,100
"Federated CCW","RD",8,-1,"small",0.4,25,"nonlinear_L",-0.0988319409911688,-0.101768486263082,0.00293654527191344,0.011509780484208,0.0118225883147772,0.99,100
"Federated CCW","RD",8,-1,"small",0.4,25,"cloglog",-0.0988319409911688,-0.101768486263082,0.00293654527191344,0.011509780484208,0.0118225883147772,0.99,100
"Federated CCW","RD",8,-1,"small",0.4,25,"lpm",-0.0988319409911688,-0.101768486263082,0.00293654527191344,0.011509780484208,0.0118225883147772,0.99,100
"Federated CCW","RD",2,-0.7,"small",0.4,25,"correct",-0.0996946850383291,-0.105367498999536,0.00567281396120723,0.0305714703508527,0.0309426803890258,0.94,100
"Federated CCW","RD",2,-0.7,"small",0.4,25,"no_lag",-0.0996946850383291,-0.105367498999536,0.00567281396120723,0.0305714703508527,0.0309426803890258,0.94,100
"Federated CCW","RD",2,-0.7,"small",0.4,25,"no_tv",-0.0996946850383291,-0.105367498999536,0.00567281396120723,0.0305714703508527,0.0309426803890258,0.94,100
"Federated CCW","RD",2,-0.7,"small",0.4,25,"coarse_L",-0.0996946850383291,-0.105367498999536,0.00567281396120723,0.0305714703508527,0.0309426803890258,0.94,100
"Federated CCW","RD",2,-0.7,"small",0.4,25,"nonlinear_L",-0.0996946850383291,-0.105367498999536,0.00567281396120723,0.0305714703508527,0.0309426803890258,0.94,100
"Federated CCW","RD",2,-0.7,"small",0.4,25,"cloglog",-0.0996946850383291,-0.105367498999536,0.00567281396120723,0.0305714703508527,0.0309426803890258,0.94,100
"Federated CCW","RD",2,-0.7,"small",0.4,25,"lpm",-0.0996946850383291,-0.105367498999536,0.00567281396120723,0.0305714703508527,0.0309426803890258,0.94,100
"Federated CCW","RD",5,-0.7,"small",0.4,25,"correct",-0.0818444015968396,-0.0821353199189906,0.00029091832215102,0.016022375767248,0.0159447167878514,0.98,100
"Federated CCW","RD",5,-0.7,"small",0.4,25,"no_lag",-0.0818444015968396,-0.0821353199189906,0.00029091832215102,0.016022375767248,0.0159447167878514,0.98,100
"Federated CCW","RD",5,-0.7,"small",0.4,25,"no_tv",-0.0818444015968396,-0.0821353199189906,0.00029091832215102,0.016022375767248,0.0159447167878514,0.98,100
"Federated CCW","RD",5,-0.7,"small",0.4,25,"coarse_L",-0.0818444015968396,-0.0821353199189906,0.00029091832215102,0.016022375767248,0.0159447167878514,0.98,100
"Federated CCW","RD",5,-0.7,"small",0.4,25,"nonlinear_L",-0.0818444015968396,-0.0821353199189906,0.00029091832215102,0.016022375767248,0.0159447167878514,0.98,100
"Federated CCW","RD",5,-0.7,"small",0.4,25,"cloglog",-0.0818444015968396,-0.0821353199189906,0.00029091832215102,0.016022375767248,0.0159447167878514,0.98,100
"Federated CCW","RD",5,-0.7,"small",0.4,25,"lpm",-0.0818444015968396,-0.0821353199189906,0.00029091832215102,0.016022375767248,0.0159447167878514,0.98,100
"Federated CCW","RD",8,-0.7,"small",0.4,25,"correct",-0.0719865645828914,-0.0698427863991118,-0.00214377818377959,0.0123282667824748,0.012452392747682,0.97,100
"Federated CCW","RD",8,-0.7,"small",0.4,25,"no_lag",-0.0719865645828914,-0.0698427863991118,-0.00214377818377959,0.0123282667824748,0.012452392747682,0.97,100
"Federated CCW","RD",8,-0.7,"small",0.4,25,"no_tv",-0.0719865645828914,-0.0698427863991118,-0.00214377818377959,0.0123282667824748,0.012452392747682,0.97,100
"Federated CCW","RD",8,-0.7,"small",0.4,25,"coarse_L",-0.0719865645828914,-0.0698427863991118,-0.00214377818377959,0.0123282667824748,0.012452392747682,0.97,100
"Federated CCW","RD",8,-0.7,"small",0.4,25,"nonlinear_L",-0.0719865645828914,-0.0698427863991118,-0.00214377818377959,0.0123282667824748,0.012452392747682,0.97,100
"Federated CCW","RD",8,-0.7,"small",0.4,25,"cloglog",-0.0719865645828914,-0.0698427863991118,-0.00214377818377959,0.0123282667824748,0.012452392747682,0.97,100
"Federated CCW","RD",8,-0.7,"small",0.4,25,"lpm",-0.0719865645828914,-0.0698427863991118,-0.00214377818377959,0.0123282667824748,0.012452392747682,0.97,100
"Federated CCW","RD",2,-0.5,"small",0.4,25,"correct",-0.0659442946268771,-0.0718312691569835,0.0058869745301063,0.0325082032924642,0.032876616577885,0.95,100
"Federated CCW","RD",2,-0.5,"small",0.4,25,"no_lag",-0.0659442946268771,-0.0718312691569835,0.0058869745301063,0.0325082032924642,0.032876616577885,0.95,100
"Federated CCW","RD",2,-0.5,"small",0.4,25,"no_tv",-0.0659442946268771,-0.0718312691569835,0.0058869745301063,0.0325082032924642,0.032876616577885,0.95,100
"Federated CCW","RD",2,-0.5,"small",0.4,25,"coarse_L",-0.0659442946268771,-0.0718312691569835,0.0058869745301063,0.0325082032924642,0.032876616577885,0.95,100
"Federated CCW","RD",2,-0.5,"small",0.4,25,"nonlinear_L",-0.0659442946268771,-0.0718312691569835,0.0058869745301063,0.0325082032924642,0.032876616577885,0.95,100
"Federated CCW","RD",2,-0.5,"small",0.4,25,"cloglog",-0.0659442946268771,-0.0718312691569835,0.0058869745301063,0.0325082032924642,0.032876616577885,0.95,100
"Federated CCW","RD",2,-0.5,"small",0.4,25,"lpm",-0.0659442946268771,-0.0718312691569835,0.0058869745301063,0.0325082032924642,0.032876616577885,0.95,100
"Federated CCW","RD",5,-0.5,"small",0.4,25,"correct",-0.0527646480366227,-0.0569676227881472,0.00420297475152449,0.0196953842009695,0.0200423071026645,0.91,100
"Federated CCW","RD",5,-0.5,"small",0.4,25,"no_lag",-0.0527646480366227,-0.0569676227881472,0.00420297475152449,0.0196953842009695,0.0200423071026645,0.91,100
"Federated CCW","RD",5,-0.5,"small",0.4,25,"no_tv",-0.0527646480366227,-0.0569676227881472,0.00420297475152449,0.0196953842009695,0.0200423071026645,0.91,100
"Federated CCW","RD",5,-0.5,"small",0.4,25,"coarse_L",-0.0527646480366227,-0.0569676227881472,0.00420297475152449,0.0196953842009695,0.0200423071026645,0.91,100
"Federated CCW","RD",5,-0.5,"small",0.4,25,"nonlinear_L",-0.0527646480366227,-0.0569676227881472,0.00420297475152449,0.0196953842009695,0.0200423071026645,0.91,100
"Federated CCW","RD",5,-0.5,"small",0.4,25,"cloglog",-0.0527646480366227,-0.0569676227881472,0.00420297475152449,0.0196953842009695,0.0200423071026645,0.91,100
"Federated CCW","RD",5,-0.5,"small",0.4,25,"lpm",-0.0527646480366227,-0.0569676227881472,0.00420297475152449,0.0196953842009695,0.0200423071026645,0.91,100
"Federated CCW","RD",8,-0.5,"small",0.4,25,"correct",-0.0508537862372899,-0.0489632870192666,-0.00189049921802337,0.0122611581012849,0.01234530782517,0.97,100
"Federated CCW","RD",8,-0.5,"small",0.4,25,"no_lag",-0.0508537862372899,-0.0489632870192666,-0.00189049921802337,0.0122611581012849,0.01234530782517,0.97,100
"Federated CCW","RD",8,-0.5,"small",0.4,25,"no_tv",-0.0508537862372899,-0.0489632870192666,-0.00189049921802337,0.0122611581012849,0.01234530782517,0.97,100
"Federated CCW","RD",8,-0.5,"small",0.4,25,"coarse_L",-0.0508537862372899,-0.0489632870192666,-0.00189049921802337,0.0122611581012849,0.01234530782517,0.97,100
"Federated CCW","RD",8,-0.5,"small",0.4,25,"nonlinear_L",-0.0508537862372899,-0.0489632870192666,-0.00189049921802337,0.0122611581012849,0.01234530782517,0.97,100
"Federated CCW","RD",8,-0.5,"small",0.4,25,"cloglog",-0.0508537862372899,-0.0489632870192666,-0.00189049921802337,0.0122611581012849,0.01234530782517,0.97,100
"Federated CCW","RD",8,-0.5,"small",0.4,25,"lpm",-0.0508537862372899,-0.0489632870192666,-0.00189049921802337,0.0122611581012849,0.01234530782517,0.97,100
"Federated CCW","RD",2,-1,"medium",1,25,"correct",-0.15104990472796,-0.157561792455253,0.00651188772729294,0.0419607959847239,0.0422552481645508,0.94,100
"Federated CCW","RD",2,-1,"medium",1,25,"no_lag",-0.15104990472796,-0.157561792455253,0.00651188772729294,0.0419607959847239,0.0422552481645508,0.94,100
"Federated CCW","RD",2,-1,"medium",1,25,"no_tv",-0.15104990472796,-0.157561792455253,0.00651188772729294,0.0419607959847239,0.0422552481645508,0.94,100
"Federated CCW","RD",2,-1,"medium",1,25,"coarse_L",-0.15104990472796,-0.157561792455253,0.00651188772729294,0.0419607959847239,0.0422552481645508,0.94,100
"Federated CCW","RD",2,-1,"medium",1,25,"nonlinear_L",-0.15104990472796,-0.157561792455253,0.00651188772729294,0.0419607959847239,0.0422552481645508,0.94,100
"Federated CCW","RD",2,-1,"medium",1,25,"cloglog",-0.15104990472796,-0.157561792455253,0.00651188772729294,0.0419607959847239,0.0422552481645508,0.94,100
"Federated CCW","RD",2,-1,"medium",1,25,"lpm",-0.15104990472796,-0.157561792455253,0.00651188772729294,0.0419607959847239,0.0422552481645508,0.94,100
"Federated CCW","RD",5,-1,"medium",1,25,"correct",-0.122929146050851,-0.123633070025923,0.000703923975071362,0.0251260868509754,0.0250100489204042,0.96,100
"Federated CCW","RD",5,-1,"medium",1,25,"no_lag",-0.122929146050851,-0.123633070025923,0.000703923975071362,0.0251260868509754,0.0250100489204042,0.96,100
"Federated CCW","RD",5,-1,"medium",1,25,"no_tv",-0.122929146050851,-0.123633070025923,0.000703923975071362,0.0251260868509754,0.0250100489204042,0.96,100
"Federated CCW","RD",5,-1,"medium",1,25,"coarse_L",-0.122929146050851,-0.123633070025923,0.000703923975071362,0.0251260868509754,0.0250100489204042,0.96,100
"Federated CCW","RD",5,-1,"medium",1,25,"nonlinear_L",-0.122929146050851,-0.123633070025923,0.000703923975071362,0.0251260868509754,0.0250100489204042,0.96,100
"Federated CCW","RD",5,-1,"medium",1,25,"cloglog",-0.122929146050851,-0.123633070025923,0.000703923975071362,0.0251260868509754,0.0250100489204042,0.96,100
"Federated CCW","RD",5,-1,"medium",1,25,"lpm",-0.122929146050851,-0.123633070025923,0.000703923975071362,0.0251260868509754,0.0250100489204042,0.96,100
"Federated CCW","RD",8,-1,"medium",1,25,"correct",-0.104353912469056,-0.107296828776202,0.00294291630714615,0.0254765068049568,0.025519064077353,0.93,100
"Federated CCW","RD",8,-1,"medium",1,25,"no_lag",-0.104353912469056,-0.107296828776202,0.00294291630714615,0.0254765068049568,0.025519064077353,0.93,100
"Federated CCW","RD",8,-1,"medium",1,25,"no_tv",-0.104353912469056,-0.107296828776202,0.00294291630714615,0.0254765068049568,0.025519064077353,0.93,100
"Federated CCW","RD",8,-1,"medium",1,25,"coarse_L",-0.104353912469056,-0.107296828776202,0.00294291630714615,0.0254765068049568,0.025519064077353,0.93,100
"Federated CCW","RD",8,-1,"medium",1,25,"nonlinear_L",-0.104353912469056,-0.107296828776202,0.00294291630714615,0.0254765068049568,0.025519064077353,0.93,100
"Federated CCW","RD",8,-1,"medium",1,25,"cloglog",-0.104353912469056,-0.107296828776202,0.00294291630714615,0.0254765068049568,0.025519064077353,0.93,100
"Federated CCW","RD",8,-1,"medium",1,25,"lpm",-0.104353912469056,-0.107296828776202,0.00294291630714615,0.0254765068049568,0.025519064077353,0.93,100
"Federated CCW","RD",2,-0.7,"medium",1,25,"correct",-0.0944045973062916,-0.103208945273067,0.00880434796677585,0.0443301693904174,0.0449780926910128,0.9,100
"Federated CCW","RD",2,-0.7,"medium",1,25,"no_lag",-0.0944045973062916,-0.103208945273067,0.00880434796677585,0.0443301693904174,0.0449780926910128,0.9,100
"Federated CCW","RD",2,-0.7,"medium",1,25,"no_tv",-0.0944045973062916,-0.103208945273067,0.00880434796677585,0.0443301693904174,0.0449780926910128,0.9,100
"Federated CCW","RD",2,-0.7,"medium",1,25,"coarse_L",-0.0944045973062916,-0.103208945273067,0.00880434796677585,0.0443301693904174,0.0449780926910128,0.9,100
"Federated CCW","RD",2,-0.7,"medium",1,25,"nonlinear_L",-0.0944045973062916,-0.103208945273067,0.00880434796677585,0.0443301693904174,0.0449780926910128,0.9,100
"Federated CCW","RD",2,-0.7,"medium",1,25,"cloglog",-0.0944045973062916,-0.103208945273067,0.00880434796677585,0.0443301693904174,0.0449780926910128,0.9,100
"Federated CCW","RD",2,-0.7,"medium",1,25,"lpm",-0.0944045973062916,-0.103208945273067,0.00880434796677585,0.0443301693904174,0.0449780926910128,0.9,100
"Federated CCW","RD",5,-0.7,"medium",1,25,"correct",-0.0782382010686104,-0.0831784790995589,0.00494027803094846,0.0348442937488171,0.0350198501682744,0.89,100
"Federated CCW","RD",5,-0.7,"medium",1,25,"no_lag",-0.0782382010686104,-0.0831784790995589,0.00494027803094846,0.0348442937488171,0.0350198501682744,0.89,100
"Federated CCW","RD",5,-0.7,"medium",1,25,"no_tv",-0.0782382010686104,-0.0831784790995589,0.00494027803094846,0.0348442937488171,0.0350198501682744,0.89,100
"Federated CCW","RD",5,-0.7,"medium",1,25,"coarse_L",-0.0782382010686104,-0.0831784790995589,0.00494027803094846,0.0348442937488171,0.0350198501682744,0.89,100
"Federated CCW","RD",5,-0.7,"medium",1,25,"nonlinear_L",-0.0782382010686104,-0.0831784790995589,0.00494027803094846,0.0348442937488171,0.0350198501682744,0.89,100
"Federated CCW","RD",5,-0.7,"medium",1,25,"cloglog",-0.0782382010686104,-0.0831784790995589,0.00494027803094846,0.0348442937488171,0.0350198501682744,0.89,100
"Federated CCW","RD",5,-0.7,"medium",1,25,"lpm",-0.0782382010686104,-0.0831784790995589,0.00494027803094846,0.0348442937488171,0.0350198501682744,0.89,100
"Federated CCW","RD",8,-0.7,"medium",1,25,"correct",-0.0755548616304396,-0.0730403093091784,-0.00251455232126121,0.0205617577824494,0.0206126416950724,0.99,100
"Federated CCW","RD",8,-0.7,"medium",1,25,"no_lag",-0.0755548616304396,-0.0730403093091784,-0.00251455232126121,0.0205617577824494,0.0206126416950724,0.99,100
"Federated CCW","RD",8,-0.7,"medium",1,25,"no_tv",-0.0755548616304396,-0.0730403093091784,-0.00251455232126121,0.0205617577824494,0.0206126416950724,0.99,100
"Federated CCW","RD",8,-0.7,"medium",1,25,"coarse_L",-0.0755548616304396,-0.0730403093091784,-0.00251455232126121,0.0205617577824494,0.0206126416950724,0.99,100
"Federated CCW","RD",8,-0.7,"medium",1,25,"nonlinear_L",-0.0755548616304396,-0.0730403093091784,-0.00251455232126121,0.0205617577824494,0.0206126416950724,0.99,100
"Federated CCW","RD",8,-0.7,"medium",1,25,"cloglog",-0.0755548616304396,-0.0730403093091784,-0.00251455232126121,0.0205617577824494,0.0206126416950724,0.99,100
"Federated CCW","RD",8,-0.7,"medium",1,25,"lpm",-0.0755548616304396,-0.0730403093091784,-0.00251455232126121,0.0205617577824494,0.0206126416950724,0.99,100
"Federated CCW","RD",2,-0.5,"medium",1,25,"correct",-0.0770785476474594,-0.0704769067816117,-0.00660164086584778,0.0556627375465766,0.0557757887419704,0.93,100
"Federated CCW","RD",2,-0.5,"medium",1,25,"no_lag",-0.0770785476474594,-0.0704769067816117,-0.00660164086584778,0.0556627375465766,0.0557757887419704,0.93,100
"Federated CCW","RD",2,-0.5,"medium",1,25,"no_tv",-0.0770785476474594,-0.0704769067816117,-0.00660164086584778,0.0556627375465766,0.0557757887419704,0.93,100
"Federated CCW","RD",2,-0.5,"medium",1,25,"coarse_L",-0.0770785476474594,-0.0704769067816117,-0.00660164086584778,0.0556627375465766,0.0557757887419704,0.93,100
"Federated CCW","RD",2,-0.5,"medium",1,25,"nonlinear_L",-0.0770785476474594,-0.0704769067816117,-0.00660164086584778,0.0556627375465766,0.0557757887419704,0.93,100
"Federated CCW","RD",2,-0.5,"medium",1,25,"cloglog",-0.0770785476474594,-0.0704769067816117,-0.00660164086584778,0.0556627375465766,0.0557757887419704,0.93,100
"Federated CCW","RD",2,-0.5,"medium",1,25,"lpm",-0.0770785476474594,-0.0704769067816117,-0.00660164086584778,0.0556627375465766,0.0557757887419704,0.93,100
"Federated CCW","RD",5,-0.5,"medium",1,25,"correct",-0.0675423822184411,-0.057593918015868,-0.00994846420257307,0.032857240929111,0.034172711900708,0.9,100
"Federated CCW","RD",5,-0.5,"medium",1,25,"no_lag",-0.0675423822184411,-0.057593918015868,-0.00994846420257307,0.032857240929111,0.034172711900708,0.9,100
"Federated CCW","RD",5,-0.5,"medium",1,25,"no_tv",-0.0675423822184411,-0.057593918015868,-0.00994846420257307,0.032857240929111,0.034172711900708,0.9,100
"Federated CCW","RD",5,-0.5,"medium",1,25,"coarse_L",-0.0675423822184411,-0.057593918015868,-0.00994846420257307,0.032857240929111,0.034172711900708,0.9,100
"Federated CCW","RD",5,-0.5,"medium",1,25,"nonlinear_L",-0.0675423822184411,-0.057593918015868,-0.00994846420257307,0.032857240929111,0.034172711900708,0.9,100
"Federated CCW","RD",5,-0.5,"medium",1,25,"cloglog",-0.0675423822184411,-0.057593918015868,-0.00994846420257307,0.032857240929111,0.034172711900708,0.9,100
"Federated CCW","RD",5,-0.5,"medium",1,25,"lpm",-0.0675423822184411,-0.057593918015868,-0.00994846420257307,0.032857240929111,0.034172711900708,0.9,100
"Federated CCW","RD",8,-0.5,"medium",1,25,"correct",-0.0553925080214092,-0.0512113647691539,-0.00418114325225534,0.0233166710878672,0.0235735537840493,0.98,100
"Federated CCW","RD",8,-0.5,"medium",1,25,"no_lag",-0.0553925080214092,-0.0512113647691539,-0.00418114325225534,0.0233166710878672,0.0235735537840493,0.98,100
"Federated CCW","RD",8,-0.5,"medium",1,25,"no_tv",-0.0553925080214092,-0.0512113647691539,-0.00418114325225534,0.0233166710878672,0.0235735537840493,0.98,100
"Federated CCW","RD",8,-0.5,"medium",1,25,"coarse_L",-0.0553925080214092,-0.0512113647691539,-0.00418114325225534,0.0233166710878672,0.0235735537840493,0.98,100
"Federated CCW","RD",8,-0.5,"medium",1,25,"nonlinear_L",-0.0553925080214092,-0.0512113647691539,-0.00418114325225534,0.0233166710878672,0.0235735537840493,0.98,100
"Federated CCW","RD",8,-0.5,"medium",1,25,"cloglog",-0.0553925080214092,-0.0512113647691539,-0.00418114325225534,0.0233166710878672,0.0235735537840493,0.98,100
"Federated CCW","RD",8,-0.5,"medium",1,25,"lpm",-0.0553925080214092,-0.0512113647691539,-0.00418114325225534,0.0233166710878672,0.0235735537840493,0.98,100
"Federated CCW","RD",2,-1,"strong",2,25,"correct",-0.118989321689909,-0.158281734212093,0.0392924125221834,0.0568683688940328,0.0688880610024303,0.86,100
"Federated CCW","RD",2,-1,"strong",2,25,"no_lag",-0.118989321689909,-0.158281734212093,0.0392924125221834,0.0568683688940328,0.0688880610024303,0.86,100
"Federated CCW","RD",2,-1,"strong",2,25,"no_tv",-0.118989321689909,-0.158281734212093,0.0392924125221834,0.0568683688940328,0.0688880610024303,0.86,100
"Federated CCW","RD",2,-1,"strong",2,25,"coarse_L",-0.118989321689909,-0.158281734212093,0.0392924125221834,0.0568683688940328,0.0688880610024303,0.86,100
"Federated CCW","RD",2,-1,"strong",2,25,"nonlinear_L",-0.118989321689909,-0.158281734212093,0.0392924125221834,0.0568683688940328,0.0688880610024303,0.86,100
"Federated CCW","RD",2,-1,"strong",2,25,"cloglog",-0.118989321689909,-0.158281734212093,0.0392924125221834,0.0568683688940328,0.0688880610024303,0.86,100
"Federated CCW","RD",2,-1,"strong",2,25,"lpm",-0.118989321689909,-0.158281734212093,0.0392924125221834,0.0568683688940328,0.0688880610024303,0.86,100
"Federated CCW","RD",5,-1,"strong",2,25,"correct",-0.123361597229251,-0.129431014759885,0.00606941753063409,0.092874416774686,0.0926079831736275,0.82,100
"Federated CCW","RD",5,-1,"strong",2,25,"no_lag",-0.123361597229251,-0.129431014759885,0.00606941753063409,0.092874416774686,0.0926079831736275,0.82,100
"Federated CCW","RD",5,-1,"strong",2,25,"no_tv",-0.123361597229251,-0.129431014759885,0.00606941753063409,0.092874416774686,0.0926079831736275,0.82,100
"Federated CCW","RD",5,-1,"strong",2,25,"coarse_L",-0.123361597229251,-0.129431014759885,0.00606941753063409,0.092874416774686,0.0926079831736275,0.82,100
"Federated CCW","RD",5,-1,"strong",2,25,"nonlinear_L",-0.123361597229251,-0.129431014759885,0.00606941753063409,0.092874416774686,0.0926079831736275,0.82,100
"Federated CCW","RD",5,-1,"strong",2,25,"cloglog",-0.123361597229251,-0.129431014759885,0.00606941753063409,0.092874416774686,0.0926079831736275,0.82,100
"Federated CCW","RD",5,-1,"strong",2,25,"lpm",-0.123361597229251,-0.129431014759885,0.00606941753063409,0.092874416774686,0.0926079831736275,0.82,100
"Federated CCW","RD",8,-1,"strong",2,25,"correct",-0.108974859781718,-0.111633512871676,0.00265865308995818,0.0587403258460457,0.0585063249396796,0.87,100
"Federated CCW","RD",8,-1,"strong",2,25,"no_lag",-0.108974859781718,-0.111633512871676,0.00265865308995818,0.0587403258460457,0.0585063249396796,0.87,100
"Federated CCW","RD",8,-1,"strong",2,25,"no_tv",-0.108974859781718,-0.111633512871676,0.00265865308995818,0.0587403258460457,0.0585063249396796,0.87,100
"Federated CCW","RD",8,-1,"strong",2,25,"coarse_L",-0.108974859781718,-0.111633512871676,0.00265865308995818,0.0587403258460457,0.0585063249396796,0.87,100
"Federated CCW","RD",8,-1,"strong",2,25,"nonlinear_L",-0.108974859781718,-0.111633512871676,0.00265865308995818,0.0587403258460457,0.0585063249396796,0.87,100
"Federated CCW","RD",8,-1,"strong",2,25,"cloglog",-0.108974859781718,-0.111633512871676,0.00265865308995818,0.0587403258460457,0.0585063249396796,0.87,100
"Federated CCW","RD",8,-1,"strong",2,25,"lpm",-0.108974859781718,-0.111633512871676,0.00265865308995818,0.0587403258460457,0.0585063249396796,0.87,100
"Federated CCW","RD",2,-0.7,"strong",2,25,"correct",-0.0754065340644103,-0.102744180069684,0.0273376460052732,0.0883004241442855,0.0920127281637152,0.77,100
"Federated CCW","RD",2,-0.7,"strong",2,25,"no_lag",-0.0754065340644103,-0.102744180069684,0.0273376460052732,0.0883004241442855,0.0920127281637152,0.77,100
"Federated CCW","RD",2,-0.7,"strong",2,25,"no_tv",-0.0754065340644103,-0.102744180069684,0.0273376460052732,0.0883004241442855,0.0920127281637152,0.77,100
"Federated CCW","RD",2,-0.7,"strong",2,25,"coarse_L",-0.0754065340644103,-0.102744180069684,0.0273376460052732,0.0883004241442855,0.0920127281637152,0.77,100
"Federated CCW","RD",2,-0.7,"strong",2,25,"nonlinear_L",-0.0754065340644103,-0.102744180069684,0.0273376460052732,0.0883004241442855,0.0920127281637152,0.77,100
"Federated CCW","RD",2,-0.7,"strong",2,25,"cloglog",-0.0754065340644103,-0.102744180069684,0.0273376460052732,0.0883004241442855,0.0920127281637152,0.77,100
"Federated CCW","RD",2,-0.7,"strong",2,25,"lpm",-0.0754065340644103,-0.102744180069684,0.0273376460052732,0.0883004241442855,0.0920127281637152,0.77,100
"Federated CCW","RD",5,-0.7,"strong",2,25,"correct",-0.0994028199254125,-0.0864289105015962,-0.0129739094238164,0.116028631318822,0.116173745651069,0.76,100
"Federated CCW","RD",5,-0.7,"strong",2,25,"no_lag",-0.0994028199254125,-0.0864289105015962,-0.0129739094238164,0.116028631318822,0.116173745651069,0.76,100
"Federated CCW","RD",5,-0.7,"strong",2,25,"no_tv",-0.0994028199254125,-0.0864289105015962,-0.0129739094238164,0.116028631318822,0.116173745651069,0.76,100
"Federated CCW","RD",5,-0.7,"strong",2,25,"coarse_L",-0.0994028199254125,-0.0864289105015962,-0.0129739094238164,0.116028631318822,0.116173745651069,0.76,100
"Federated CCW","RD",5,-0.7,"strong",2,25,"nonlinear_L",-0.0994028199254125,-0.0864289105015962,-0.0129739094238164,0.116028631318822,0.116173745651069,0.76,100
"Federated CCW","RD",5,-0.7,"strong",2,25,"cloglog",-0.0994028199254125,-0.0864289105015962,-0.0129739094238164,0.116028631318822,0.116173745651069,0.76,100
"Federated CCW","RD",5,-0.7,"strong",2,25,"lpm",-0.0994028199254125,-0.0864289105015962,-0.0129739094238164,0.116028631318822,0.116173745651069,0.76,100
"Federated CCW","RD",8,-0.7,"strong",2,25,"correct",-0.0602003458567863,-0.073695298677964,0.0134949528211776,0.065121784653122,0.0661857395493117,0.83,100
"Federated CCW","RD",8,-0.7,"strong",2,25,"no_lag",-0.0602003458567863,-0.073695298677964,0.0134949528211776,0.065121784653122,0.0661857395493117,0.83,100
"Federated CCW","RD",8,-0.7,"strong",2,25,"no_tv",-0.0602003458567863,-0.073695298677964,0.0134949528211776,0.065121784653122,0.0661857395493117,0.83,100
"Federated CCW","RD",8,-0.7,"strong",2,25,"coarse_L",-0.0602003458567863,-0.073695298677964,0.0134949528211776,0.065121784653122,0.0661857395493117,0.83,100
"Federated CCW","RD",8,-0.7,"strong",2,25,"nonlinear_L",-0.0602003458567863,-0.073695298677964,0.0134949528211776,0.065121784653122,0.0661857395493117,0.83,100
"Federated CCW","RD",8,-0.7,"strong",2,25,"cloglog",-0.0602003458567863,-0.073695298677964,0.0134949528211776,0.065121784653122,0.0661857395493117,0.83,100
"Federated CCW","RD",8,-0.7,"strong",2,25,"lpm",-0.0602003458567863,-0.073695298677964,0.0134949528211776,0.065121784653122,0.0661857395493117,0.83,100
"Federated CCW","RD",2,-0.5,"strong",2,25,"correct",-0.0243509163213061,-0.0679421293508451,0.043591213029539,0.0959957615439782,0.104991562639342,0.58,100
"Federated CCW","RD",2,-0.5,"strong",2,25,"no_lag",-0.0243509163213061,-0.0679421293508451,0.043591213029539,0.0959957615439782,0.104991562639342,0.58,100
"Federated CCW","RD",2,-0.5,"strong",2,25,"no_tv",-0.0243509163213061,-0.0679421293508451,0.043591213029539,0.0959957615439782,0.104991562639342,0.58,100
"Federated CCW","RD",2,-0.5,"strong",2,25,"coarse_L",-0.0243509163213061,-0.0679421293508451,0.043591213029539,0.0959957615439782,0.104991562639342,0.58,100
"Federated CCW","RD",2,-0.5,"strong",2,25,"nonlinear_L",-0.0243509163213061,-0.0679421293508451,0.043591213029539,0.0959957615439782,0.104991562639342,0.58,100
"Federated CCW","RD",2,-0.5,"strong",2,25,"cloglog",-0.0243509163213061,-0.0679421293508451,0.043591213029539,0.0959957615439782,0.104991562639342,0.58,100
"Federated CCW","RD",2,-0.5,"strong",2,25,"lpm",-0.0243509163213061,-0.0679421293508451,0.043591213029539,0.0959957615439782,0.104991562639342,0.58,100
"Federated CCW","RD",5,-0.5,"strong",2,25,"correct",-0.0417673594418793,-0.0592813176469181,0.0175139582050388,0.0586687815250753,0.0609454214719079,0.76,100
"Federated CCW","RD",5,-0.5,"strong",2,25,"no_lag",-0.0417673594418793,-0.0592813176469181,0.0175139582050388,0.0586687815250753,0.0609454214719079,0.76,100
"Federated CCW","RD",5,-0.5,"strong",2,25,"no_tv",-0.0417673594418793,-0.0592813176469181,0.0175139582050388,0.0586687815250753,0.0609454214719079,0.76,100
"Federated CCW","RD",5,-0.5,"strong",2,25,"coarse_L",-0.0417673594418793,-0.0592813176469181,0.0175139582050388,0.0586687815250753,0.0609454214719079,0.76,100
"Federated CCW","RD",5,-0.5,"strong",2,25,"nonlinear_L",-0.0417673594418793,-0.0592813176469181,0.0175139582050388,0.0586687815250753,0.0609454214719079,0.76,100
"Federated CCW","RD",5,-0.5,"strong",2,25,"cloglog",-0.0417673594418793,-0.0592813176469181,0.0175139582050388,0.0586687815250753,0.0609454214719079,0.76,100
"Federated CCW","RD",5,-0.5,"strong",2,25,"lpm",-0.0417673594418793,-0.0592813176469181,0.0175139582050388,0.0586687815250753,0.0609454214719079,0.76,100
"Federated CCW","RD",8,-0.5,"strong",2,25,"correct",-0.04250689121388,-0.0495488313631018,0.0070419401492218,0.0590109565341139,0.0591359364703527,0.8,100
"Federated CCW","RD",8,-0.5,"strong",2,25,"no_lag",-0.04250689121388,-0.0495488313631018,0.0070419401492218,0.0590109565341139,0.0591359364703527,0.8,100
"Federated CCW","RD",8,-0.5,"strong",2,25,"no_tv",-0.04250689121388,-0.0495488313631018,0.0070419401492218,0.0590109565341139,0.0591359364703527,0.8,100
"Federated CCW","RD",8,-0.5,"strong",2,25,"coarse_L",-0.04250689121388,-0.0495488313631018,0.0070419401492218,0.0590109565341139,0.0591359364703527,0.8,100
"Federated CCW","RD",8,-0.5,"strong",2,25,"nonlinear_L",-0.04250689121388,-0.0495488313631018,0.0070419401492218,0.0590109565341139,0.0591359364703527,0.8,100
"Federated CCW","RD",8,-0.5,"strong",2,25,"cloglog",-0.04250689121388,-0.0495488313631018,0.0070419401492218,0.0590109565341139,0.0591359364703527,0.8,100
"Federated CCW","RD",8,-0.5,"strong",2,25,"lpm",-0.04250689121388,-0.0495488313631018,0.0070419401492218,0.0590109565341139,0.0591359364703527,0.8,100
"Pooled CCW","RD",2,-1,"small",0.4,25,"correct",-0.152093683652033,-0.158884966736931,0.00679128308489856,0.0303104991171181,0.030913760998959,0.95,100
"Pooled CCW","RD",2,-1,"small",0.4,25,"no_lag",-0.152093683652033,-0.158884966736931,0.00679128308489856,0.0303104991171181,0.030913760998959,0.95,100
"Pooled CCW","RD",2,-1,"small",0.4,25,"no_tv",-0.152093683652033,-0.158884966736931,0.00679128308489856,0.0303104991171181,0.030913760998959,0.95,100
"Pooled CCW","RD",2,-1,"small",0.4,25,"coarse_L",-0.152093683652033,-0.158884966736931,0.00679128308489856,0.0303104991171181,0.030913760998959,0.95,100
"Pooled CCW","RD",2,-1,"small",0.4,25,"nonlinear_L",-0.152093683652033,-0.158884966736931,0.00679128308489856,0.0303104991171181,0.030913760998959,0.95,100
"Pooled CCW","RD",2,-1,"small",0.4,25,"cloglog",-0.152093683652033,-0.158884966736931,0.00679128308489856,0.0303104991171181,0.030913760998959,0.95,100
"Pooled CCW","RD",2,-1,"small",0.4,25,"lpm",-0.152093683652033,-0.158884966736931,0.00679128308489856,0.0303104991171181,0.030913760998959,0.95,100
"Pooled CCW","RD",5,-1,"small",0.4,25,"correct",-0.116037141746795,-0.120971162827715,0.00493402108091976,0.0190507760841482,0.0195869168768652,0.92,100
"Pooled CCW","RD",5,-1,"small",0.4,25,"no_lag",-0.116037141746795,-0.120971162827715,0.00493402108091976,0.0190507760841482,0.0195869168768652,0.92,100
"Pooled CCW","RD",5,-1,"small",0.4,25,"no_tv",-0.116037141746795,-0.120971162827715,0.00493402108091976,0.0190507760841482,0.0195869168768652,0.92,100
"Pooled CCW","RD",5,-1,"small",0.4,25,"coarse_L",-0.116037141746795,-0.120971162827715,0.00493402108091976,0.0190507760841482,0.0195869168768652,0.92,100
"Pooled CCW","RD",5,-1,"small",0.4,25,"nonlinear_L",-0.116037141746795,-0.120971162827715,0.00493402108091976,0.0190507760841482,0.0195869168768652,0.92,100
"Pooled CCW","RD",5,-1,"small",0.4,25,"cloglog",-0.116037141746795,-0.120971162827715,0.00493402108091976,0.0190507760841482,0.0195869168768652,0.92,100
"Pooled CCW","RD",5,-1,"small",0.4,25,"lpm",-0.116037141746795,-0.120971162827715,0.00493402108091976,0.0190507760841482,0.0195869168768652,0.92,100
"Pooled CCW","RD",8,-1,"small",0.4,25,"correct",-0.0988363106209168,-0.101768486263082,0.0029321756421654,0.0114272796051503,0.0117419992326285,0.99,100
"Pooled CCW","RD",8,-1,"small",0.4,25,"no_lag",-0.0988363106209168,-0.101768486263082,0.0029321756421654,0.0114272796051503,0.0117419992326285,0.99,100
"Pooled CCW","RD",8,-1,"small",0.4,25,"no_tv",-0.0988363106209168,-0.101768486263082,0.0029321756421654,0.0114272796051503,0.0117419992326285,0.99,100
"Pooled CCW","RD",8,-1,"small",0.4,25,"coarse_L",-0.0988363106209168,-0.101768486263082,0.0029321756421654,0.0114272796051503,0.0117419992326285,0.99,100
"Pooled CCW","RD",8,-1,"small",0.4,25,"nonlinear_L",-0.0988363106209168,-0.101768486263082,0.0029321756421654,0.0114272796051503,0.0117419992326285,0.99,100
"Pooled CCW","RD",8,-1,"small",0.4,25,"cloglog",-0.0988363106209168,-0.101768486263082,0.0029321756421654,0.0114272796051503,0.0117419992326285,0.99,100
"Pooled CCW","RD",8,-1,"small",0.4,25,"lpm",-0.0988363106209168,-0.101768486263082,0.0029321756421654,0.0114272796051503,0.0117419992326285,0.99,100
"Pooled CCW","RD",2,-0.7,"small",0.4,25,"correct",-0.0994770488036447,-0.105367498999536,0.00589045019589168,0.0303207184002355,0.0307384109571981,0.94,100
"Pooled CCW","RD",2,-0.7,"small",0.4,25,"no_lag",-0.0994770488036447,-0.105367498999536,0.00589045019589168,0.0303207184002355,0.0307384109571981,0.94,100
"Pooled CCW","RD",2,-0.7,"small",0.4,25,"no_tv",-0.0994770488036447,-0.105367498999536,0.00589045019589168,0.0303207184002355,0.0307384109571981,0.94,100
"Pooled CCW","RD",2,-0.7,"small",0.4,25,"coarse_L",-0.0994770488036447,-0.105367498999536,0.00589045019589168,0.0303207184002355,0.0307384109571981,0.94,100
"Pooled CCW","RD",2,-0.7,"small",0.4,25,"nonlinear_L",-0.0994770488036447,-0.105367498999536,0.00589045019589168,0.0303207184002355,0.0307384109571981,0.94,100
"Pooled CCW","RD",2,-0.7,"small",0.4,25,"cloglog",-0.0994770488036447,-0.105367498999536,0.00589045019589168,0.0303207184002355,0.0307384109571981,0.94,100
"Pooled CCW","RD",2,-0.7,"small",0.4,25,"lpm",-0.0994770488036447,-0.105367498999536,0.00589045019589168,0.0303207184002355,0.0307384109571981,0.94,100
"Pooled CCW","RD",5,-0.7,"small",0.4,25,"correct",-0.0819290526761424,-0.0821353199189906,0.000206267242848214,0.0155123283463644,0.0154359500385832,0.98,100
"Pooled CCW","RD",5,-0.7,"small",0.4,25,"no_lag",-0.0819290526761424,-0.0821353199189906,0.000206267242848214,0.0155123283463644,0.0154359500385832,0.98,100
"Pooled CCW","RD",5,-0.7,"small",0.4,25,"no_tv",-0.0819290526761424,-0.0821353199189906,0.000206267242848214,0.0155123283463644,0.0154359500385832,0.98,100
"Pooled CCW","RD",5,-0.7,"small",0.4,25,"coarse_L",-0.0819290526761424,-0.0821353199189906,0.000206267242848214,0.0155123283463644,0.0154359500385832,0.98,100
"Pooled CCW","RD",5,-0.7,"small",0.4,25,"nonlinear_L",-0.0819290526761424,-0.0821353199189906,0.000206267242848214,0.0155123283463644,0.0154359500385832,0.98,100
"Pooled CCW","RD",5,-0.7,"small",0.4,25,"cloglog",-0.0819290526761424,-0.0821353199189906,0.000206267242848214,0.0155123283463644,0.0154359500385832,0.98,100
"Pooled CCW","RD",5,-0.7,"small",0.4,25,"lpm",-0.0819290526761424,-0.0821353199189906,0.000206267242848214,0.0155123283463644,0.0154359500385832,0.98,100
"Pooled CCW","RD",8,-0.7,"small",0.4,25,"correct",-0.0719044610214902,-0.0698427863991118,-0.00206167462237843,0.0121946638957864,0.0123074461812532,0.97,100
"Pooled CCW","RD",8,-0.7,"small",0.4,25,"no_lag",-0.0719044610214902,-0.0698427863991118,-0.00206167462237843,0.0121946638957864,0.0123074461812532,0.97,100
"Pooled CCW","RD",8,-0.7,"small",0.4,25,"no_tv",-0.0719044610214902,-0.0698427863991118,-0.00206167462237843,0.0121946638957864,0.0123074461812532,0.97,100
"Pooled CCW","RD",8,-0.7,"small",0.4,25,"coarse_L",-0.0719044610214902,-0.0698427863991118,-0.00206167462237843,0.0121946638957864,0.0123074461812532,0.97,100
"Pooled CCW","RD",8,-0.7,"small",0.4,25,"nonlinear_L",-0.0719044610214902,-0.0698427863991118,-0.00206167462237843,0.0121946638957864,0.0123074461812532,0.97,100
"Pooled CCW","RD",8,-0.7,"small",0.4,25,"cloglog",-0.0719044610214902,-0.0698427863991118,-0.00206167462237843,0.0121946638957864,0.0123074461812532,0.97,100
"Pooled CCW","RD",8,-0.7,"small",0.4,25,"lpm",-0.0719044610214902,-0.0698427863991118,-0.00206167462237843,0.0121946638957864,0.0123074461812532,0.97,100
"Pooled CCW","RD",2,-0.5,"small",0.4,25,"correct",-0.0655797080136268,-0.0718312691569835,0.00625156114335662,0.0319448766810668,0.0323937094423594,0.95,100
"Pooled CCW","RD",2,-0.5,"small",0.4,25,"no_lag",-0.0655797080136268,-0.0718312691569835,0.00625156114335662,0.0319448766810668,0.0323937094423594,0.95,100
"Pooled CCW","RD",2,-0.5,"small",0.4,25,"no_tv",-0.0655797080136268,-0.0718312691569835,0.00625156114335662,0.0319448766810668,0.0323937094423594,0.95,100
"Pooled CCW","RD",2,-0.5,"small",0.4,25,"coarse_L",-0.0655797080136268,-0.0718312691569835,0.00625156114335662,0.0319448766810668,0.0323937094423594,0.95,100
"Pooled CCW","RD",2,-0.5,"small",0.4,25,"nonlinear_L",-0.0655797080136268,-0.0718312691569835,0.00625156114335662,0.0319448766810668,0.0323937094423594,0.95,100
"Pooled CCW","RD",2,-0.5,"small",0.4,25,"cloglog",-0.0655797080136268,-0.0718312691569835,0.00625156114335662,0.0319448766810668,0.0323937094423594,0.95,100
"Pooled CCW","RD",2,-0.5,"small",0.4,25,"lpm",-0.0655797080136268,-0.0718312691569835,0.00625156114335662,0.0319448766810668,0.0323937094423594,0.95,100
"Pooled CCW","RD",5,-0.5,"small",0.4,25,"correct",-0.0526507327494086,-0.0569676227881472,0.0043168900387386,0.019698662378347,0.0200696902344731,0.91,100
"Pooled CCW","RD",5,-0.5,"small",0.4,25,"no_lag",-0.0526507327494086,-0.0569676227881472,0.0043168900387386,0.019698662378347,0.0200696902344731,0.91,100
"Pooled CCW","RD",5,-0.5,"small",0.4,25,"no_tv",-0.0526507327494086,-0.0569676227881472,0.0043168900387386,0.019698662378347,0.0200696902344731,0.91,100
"Pooled CCW","RD",5,-0.5,"small",0.4,25,"coarse_L",-0.0526507327494086,-0.0569676227881472,0.0043168900387386,0.019698662378347,0.0200696902344731,0.91,100
"Pooled CCW","RD",5,-0.5,"small",0.4,25,"nonlinear_L",-0.0526507327494086,-0.0569676227881472,0.0043168900387386,0.019698662378347,0.0200696902344731,0.91,100
"Pooled CCW","RD",5,-0.5,"small",0.4,25,"cloglog",-0.0526507327494086,-0.0569676227881472,0.0043168900387386,0.019698662378347,0.0200696902344731,0.91,100
"Pooled CCW","RD",5,-0.5,"small",0.4,25,"lpm",-0.0526507327494086,-0.0569676227881472,0.0043168900387386,0.019698662378347,0.0200696902344731,0.91,100
"Pooled CCW","RD",8,-0.5,"small",0.4,25,"correct",-0.050968304802747,-0.0489632870192666,-0.00200501778348045,0.0127085068439841,0.0128027802079716,0.97,100
"Pooled CCW","RD",8,-0.5,"small",0.4,25,"no_lag",-0.050968304802747,-0.0489632870192666,-0.00200501778348045,0.0127085068439841,0.0128027802079716,0.97,100
"Pooled CCW","RD",8,-0.5,"small",0.4,25,"no_tv",-0.050968304802747,-0.0489632870192666,-0.00200501778348045,0.0127085068439841,0.0128027802079716,0.97,100
"Pooled CCW","RD",8,-0.5,"small",0.4,25,"coarse_L",-0.050968304802747,-0.0489632870192666,-0.00200501778348045,0.0127085068439841,0.0128027802079716,0.97,100
"Pooled CCW","RD",8,-0.5,"small",0.4,25,"nonlinear_L",-0.050968304802747,-0.0489632870192666,-0.00200501778348045,0.0127085068439841,0.0128027802079716,0.97,100
"Pooled CCW","RD",8,-0.5,"small",0.4,25,"cloglog",-0.050968304802747,-0.0489632870192666,-0.00200501778348045,0.0127085068439841,0.0128027802079716,0.97,100
"Pooled CCW","RD",8,-0.5,"small",0.4,25,"lpm",-0.050968304802747,-0.0489632870192666,-0.00200501778348045,0.0127085068439841,0.0128027802079716,0.97,100
"Pooled CCW","RD",2,-1,"medium",1,25,"correct",-0.15060827224373,-0.157561792455253,0.00695352021152323,0.0400816595833105,0.0404824095618692,0.95,100
"Pooled CCW","RD",2,-1,"medium",1,25,"no_lag",-0.15060827224373,-0.157561792455253,0.00695352021152323,0.0400816595833105,0.0404824095618692,0.95,100
"Pooled CCW","RD",2,-1,"medium",1,25,"no_tv",-0.15060827224373,-0.157561792455253,0.00695352021152323,0.0400816595833105,0.0404824095618692,0.95,100
"Pooled CCW","RD",2,-1,"medium",1,25,"coarse_L",-0.15060827224373,-0.157561792455253,0.00695352021152323,0.0400816595833105,0.0404824095618692,0.95,100
"Pooled CCW","RD",2,-1,"medium",1,25,"nonlinear_L",-0.15060827224373,-0.157561792455253,0.00695352021152323,0.0400816595833105,0.0404824095618692,0.95,100
"Pooled CCW","RD",2,-1,"medium",1,25,"cloglog",-0.15060827224373,-0.157561792455253,0.00695352021152323,0.0400816595833105,0.0404824095618692,0.95,100
"Pooled CCW","RD",2,-1,"medium",1,25,"lpm",-0.15060827224373,-0.157561792455253,0.00695352021152323,0.0400816595833105,0.0404824095618692,0.95,100
"Pooled CCW","RD",5,-1,"medium",1,25,"correct",-0.122388493933311,-0.123633070025923,0.00124457609261175,0.0236879433227193,0.0236020431726166,0.96,100
"Pooled CCW","RD",5,-1,"medium",1,25,"no_lag",-0.122388493933311,-0.123633070025923,0.00124457609261175,0.0236879433227193,0.0236020431726166,0.96,100
"Pooled CCW","RD",5,-1,"medium",1,25,"no_tv",-0.122388493933311,-0.123633070025923,0.00124457609261175,0.0236879433227193,0.0236020431726166,0.96,100
"Pooled CCW","RD",5,-1,"medium",1,25,"coarse_L",-0.122388493933311,-0.123633070025923,0.00124457609261175,0.0236879433227193,0.0236020431726166,0.96,100
"Pooled CCW","RD",5,-1,"medium",1,25,"nonlinear_L",-0.122388493933311,-0.123633070025923,0.00124457609261175,0.0236879433227193,0.0236020431726166,0.96,100
"Pooled CCW","RD",5,-1,"medium",1,25,"cloglog",-0.122388493933311,-0.123633070025923,0.00124457609261175,0.0236879433227193,0.0236020431726166,0.96,100
"Pooled CCW","RD",5,-1,"medium",1,25,"lpm",-0.122388493933311,-0.123633070025923,0.00124457609261175,0.0236879433227193,0.0236020431726166,0.96,100
"Pooled CCW","RD",8,-1,"medium",1,25,"correct",-0.104051449963956,-0.107296828776202,0.00324537881224623,0.0238400187137251,0.0239415018531217,0.95,100
"Pooled CCW","RD",8,-1,"medium",1,25,"no_lag",-0.104051449963956,-0.107296828776202,0.00324537881224623,0.0238400187137251,0.0239415018531217,0.95,100
"Pooled CCW","RD",8,-1,"medium",1,25,"no_tv",-0.104051449963956,-0.107296828776202,0.00324537881224623,0.0238400187137251,0.0239415018531217,0.95,100
"Pooled CCW","RD",8,-1,"medium",1,25,"coarse_L",-0.104051449963956,-0.107296828776202,0.00324537881224623,0.0238400187137251,0.0239415018531217,0.95,100
"Pooled CCW","RD",8,-1,"medium",1,25,"nonlinear_L",-0.104051449963956,-0.107296828776202,0.00324537881224623,0.0238400187137251,0.0239415018531217,0.95,100
"Pooled CCW","RD",8,-1,"medium",1,25,"cloglog",-0.104051449963956,-0.107296828776202,0.00324537881224623,0.0238400187137251,0.0239415018531217,0.95,100
"Pooled CCW","RD",8,-1,"medium",1,25,"lpm",-0.104051449963956,-0.107296828776202,0.00324537881224623,0.0238400187137251,0.0239415018531217,0.95,100
"Pooled CCW","RD",2,-0.7,"medium",1,25,"correct",-0.0925292150401102,-0.103208945273067,0.0106797302329572,0.0441534269398905,0.0452115748153017,0.91,100
"Pooled CCW","RD",2,-0.7,"medium",1,25,"no_lag",-0.0925292150401102,-0.103208945273067,0.0106797302329572,0.0441534269398905,0.0452115748153017,0.91,100
"Pooled CCW","RD",2,-0.7,"medium",1,25,"no_tv",-0.0925292150401102,-0.103208945273067,0.0106797302329572,0.0441534269398905,0.0452115748153017,0.91,100
"Pooled CCW","RD",2,-0.7,"medium",1,25,"coarse_L",-0.0925292150401102,-0.103208945273067,0.0106797302329572,0.0441534269398905,0.0452115748153017,0.91,100
"Pooled CCW","RD",2,-0.7,"medium",1,25,"nonlinear_L",-0.0925292150401102,-0.103208945273067,0.0106797302329572,0.0441534269398905,0.0452115748153017,0.91,100
"Pooled CCW","RD",2,-0.7,"medium",1,25,"cloglog",-0.0925292150401102,-0.103208945273067,0.0106797302329572,0.0441534269398905,0.0452115748153017,0.91,100
"Pooled CCW","RD",2,-0.7,"medium",1,25,"lpm",-0.0925292150401102,-0.103208945273067,0.0106797302329572,0.0441534269398905,0.0452115748153017,0.91,100
"Pooled CCW","RD",5,-0.7,"medium",1,25,"correct",-0.0783546757490702,-0.0831784790995589,0.00482380335048871,0.0346131328847563,0.0347758156939706,0.88,100
"Pooled CCW","RD",5,-0.7,"medium",1,25,"no_lag",-0.0783546757490702,-0.0831784790995589,0.00482380335048871,0.0346131328847563,0.0347758156939706,0.88,100
"Pooled CCW","RD",5,-0.7,"medium",1,25,"no_tv",-0.0783546757490702,-0.0831784790995589,0.00482380335048871,0.0346131328847563,0.0347758156939706,0.88,100
"Pooled CCW","RD",5,-0.7,"medium",1,25,"coarse_L",-0.0783546757490702,-0.0831784790995589,0.00482380335048871,0.0346131328847563,0.0347758156939706,0.88,100
"Pooled CCW","RD",5,-0.7,"medium",1,25,"nonlinear_L",-0.0783546757490702,-0.0831784790995589,0.00482380335048871,0.0346131328847563,0.0347758156939706,0.88,100
"Pooled CCW","RD",5,-0.7,"medium",1,25,"cloglog",-0.0783546757490702,-0.0831784790995589,0.00482380335048871,0.0346131328847563,0.0347758156939706,0.88,100
"Pooled CCW","RD",5,-0.7,"medium",1,25,"lpm",-0.0783546757490702,-0.0831784790995589,0.00482380335048871,0.0346131328847563,0.0347758156939706,0.88,100
"Pooled CCW","RD",8,-0.7,"medium",1,25,"correct",-0.0760568036108822,-0.0730403093091784,-0.00301649430170385,0.0206561175469243,0.0207727628895013,0.99,100
"Pooled CCW","RD",8,-0.7,"medium",1,25,"no_lag",-0.0760568036108822,-0.0730403093091784,-0.00301649430170385,0.0206561175469243,0.0207727628895013,0.99,100
"Pooled CCW","RD",8,-0.7,"medium",1,25,"no_tv",-0.0760568036108822,-0.0730403093091784,-0.00301649430170385,0.0206561175469243,0.0207727628895013,0.99,100
"Pooled CCW","RD",8,-0.7,"medium",1,25,"coarse_L",-0.0760568036108822,-0.0730403093091784,-0.00301649430170385,0.0206561175469243,0.0207727628895013,0.99,100
"Pooled CCW","RD",8,-0.7,"medium",1,25,"nonlinear_L",-0.0760568036108822,-0.0730403093091784,-0.00301649430170385,0.0206561175469243,0.0207727628895013,0.99,100
"Pooled CCW","RD",8,-0.7,"medium",1,25,"cloglog",-0.0760568036108822,-0.0730403093091784,-0.00301649430170385,0.0206561175469243,0.0207727628895013,0.99,100
"Pooled CCW","RD",8,-0.7,"medium",1,25,"lpm",-0.0760568036108822,-0.0730403093091784,-0.00301649430170385,0.0206561175469243,0.0207727628895013,0.99,100
"Pooled CCW","RD",2,-0.5,"medium",1,25,"correct",-0.077498903586432,-0.0704769067816117,-0.00702199680482028,0.0568040562305231,0.0569538605831504,0.92,100
"Pooled CCW","RD",2,-0.5,"medium",1,25,"no_lag",-0.077498903586432,-0.0704769067816117,-0.00702199680482028,0.0568040562305231,0.0569538605831504,0.92,100
"Pooled CCW","RD",2,-0.5,"medium",1,25,"no_tv",-0.077498903586432,-0.0704769067816117,-0.00702199680482028,0.0568040562305231,0.0569538605831504,0.92,100
"Pooled CCW","RD",2,-0.5,"medium",1,25,"coarse_L",-0.077498903586432,-0.0704769067816117,-0.00702199680482028,0.0568040562305231,0.0569538605831504,0.92,100
"Pooled CCW","RD",2,-0.5,"medium",1,25,"nonlinear_L",-0.077498903586432,-0.0704769067816117,-0.00702199680482028,0.0568040562305231,0.0569538605831504,0.92,100
"Pooled CCW","RD",2,-0.5,"medium",1,25,"cloglog",-0.077498903586432,-0.0704769067816117,-0.00702199680482028,0.0568040562305231,0.0569538605831504,0.92,100
"Pooled CCW","RD",2,-0.5,"medium",1,25,"lpm",-0.077498903586432,-0.0704769067816117,-0.00702199680482028,0.0568040562305231,0.0569538605831504,0.92,100
"Pooled CCW","RD",5,-0.5,"medium",1,25,"correct",-0.0673986508599648,-0.057593918015868,-0.00980473284409683,0.0330132648273799,0.0342798728725939,0.92,100
"Pooled CCW","RD",5,-0.5,"medium",1,25,"no_lag",-0.0673986508599648,-0.057593918015868,-0.00980473284409683,0.0330132648273799,0.0342798728725939,0.92,100
"Pooled CCW","RD",5,-0.5,"medium",1,25,"no_tv",-0.0673986508599648,-0.057593918015868,-0.00980473284409683,0.0330132648273799,0.0342798728725939,0.92,100
"Pooled CCW","RD",5,-0.5,"medium",1,25,"coarse_L",-0.0673986508599648,-0.057593918015868,-0.00980473284409683,0.0330132648273799,0.0342798728725939,0.92,100
"Pooled CCW","RD",5,-0.5,"medium",1,25,"nonlinear_L",-0.0673986508599648,-0.057593918015868,-0.00980473284409683,0.0330132648273799,0.0342798728725939,0.92,100
"Pooled CCW","RD",5,-0.5,"medium",1,25,"cloglog",-0.0673986508599648,-0.057593918015868,-0.00980473284409683,0.0330132648273799,0.0342798728725939,0.92,100
"Pooled CCW","RD",5,-0.5,"medium",1,25,"lpm",-0.0673986508599648,-0.057593918015868,-0.00980473284409683,0.0330132648273799,0.0342798728725939,0.92,100
"Pooled CCW","RD",8,-0.5,"medium",1,25,"correct",-0.0562735255374956,-0.0512113647691539,-0.00506216076834172,0.0233523139619851,0.0237803013721415,0.97,100
"Pooled CCW","RD",8,-0.5,"medium",1,25,"no_lag",-0.0562735255374956,-0.0512113647691539,-0.00506216076834172,0.0233523139619851,0.0237803013721415,0.97,100
"Pooled CCW","RD",8,-0.5,"medium",1,25,"no_tv",-0.0562735255374956,-0.0512113647691539,-0.00506216076834172,0.0233523139619851,0.0237803013721415,0.97,100
"Pooled CCW","RD",8,-0.5,"medium",1,25,"coarse_L",-0.0562735255374956,-0.0512113647691539,-0.00506216076834172,0.0233523139619851,0.0237803013721415,0.97,100
"Pooled CCW","RD",8,-0.5,"medium",1,25,"nonlinear_L",-0.0562735255374956,-0.0512113647691539,-0.00506216076834172,0.0233523139619851,0.0237803013721415,0.97,100
"Pooled CCW","RD",8,-0.5,"medium",1,25,"cloglog",-0.0562735255374956,-0.0512113647691539,-0.00506216076834172,0.0233523139619851,0.0237803013721415,0.97,100
"Pooled CCW","RD",8,-0.5,"medium",1,25,"lpm",-0.0562735255374956,-0.0512113647691539,-0.00506216076834172,0.0233523139619851,0.0237803013721415,0.97,100
"Pooled CCW","RD",2,-1,"strong",2,25,"correct",-0.120854771231825,-0.158281734212093,0.0374269629802681,0.0590362265161996,0.0696505623723575,0.85,100
"Pooled CCW","RD",2,-1,"strong",2,25,"no_lag",-0.120854771231825,-0.158281734212093,0.0374269629802681,0.0590362265161996,0.0696505623723575,0.85,100
"Pooled CCW","RD",2,-1,"strong",2,25,"no_tv",-0.120854771231825,-0.158281734212093,0.0374269629802681,0.0590362265161996,0.0696505623723575,0.85,100
"Pooled CCW","RD",2,-1,"strong",2,25,"coarse_L",-0.120854771231825,-0.158281734212093,0.0374269629802681,0.0590362265161996,0.0696505623723575,0.85,100
"Pooled CCW","RD",2,-1,"strong",2,25,"nonlinear_L",-0.120854771231825,-0.158281734212093,0.0374269629802681,0.0590362265161996,0.0696505623723575,0.85,100
"Pooled CCW","RD",2,-1,"strong",2,25,"cloglog",-0.120854771231825,-0.158281734212093,0.0374269629802681,0.0590362265161996,0.0696505623723575,0.85,100
"Pooled CCW","RD",2,-1,"strong",2,25,"lpm",-0.120854771231825,-0.158281734212093,0.0374269629802681,0.0590362265161996,0.0696505623723575,0.85,100
"Pooled CCW","RD",5,-1,"strong",2,25,"correct",-0.124177907965931,-0.129431014759885,0.00525310679395436,0.0934610170295282,0.0931407924496057,0.83,100
"Pooled CCW","RD",5,-1,"strong",2,25,"no_lag",-0.124177907965931,-0.129431014759885,0.00525310679395436,0.0934610170295282,0.0931407924496057,0.83,100
"Pooled CCW","RD",5,-1,"strong",2,25,"no_tv",-0.124177907965931,-0.129431014759885,0.00525310679395436,0.0934610170295282,0.0931407924496057,0.83,100
"Pooled CCW","RD",5,-1,"strong",2,25,"coarse_L",-0.124177907965931,-0.129431014759885,0.00525310679395436,0.0934610170295282,0.0931407924496057,0.83,100
"Pooled CCW","RD",5,-1,"strong",2,25,"nonlinear_L",-0.124177907965931,-0.129431014759885,0.00525310679395436,0.0934610170295282,0.0931407924496057,0.83,100
"Pooled CCW","RD",5,-1,"strong",2,25,"cloglog",-0.124177907965931,-0.129431014759885,0.00525310679395436,0.0934610170295282,0.0931407924496057,0.83,100
"Pooled CCW","RD",5,-1,"strong",2,25,"lpm",-0.124177907965931,-0.129431014759885,0.00525310679395436,0.0934610170295282,0.0931407924496057,0.83,100
"Pooled CCW","RD",8,-1,"strong",2,25,"correct",-0.110876296754841,-0.111633512871676,0.000757216116835185,0.0596808838213166,0.0593865573257463,0.86,100
"Pooled CCW","RD",8,-1,"strong",2,25,"no_lag",-0.110876296754841,-0.111633512871676,0.000757216116835185,0.0596808838213166,0.0593865573257463,0.86,100
"Pooled CCW","RD",8,-1,"strong",2,25,"no_tv",-0.110876296754841,-0.111633512871676,0.000757216116835185,0.0596808838213166,0.0593865573257463,0.86,100
"Pooled CCW","RD",8,-1,"strong",2,25,"coarse_L",-0.110876296754841,-0.111633512871676,0.000757216116835185,0.0596808838213166,0.0593865573257463,0.86,100
"Pooled CCW","RD",8,-1,"strong",2,25,"nonlinear_L",-0.110876296754841,-0.111633512871676,0.000757216116835185,0.0596808838213166,0.0593865573257463,0.86,100
"Pooled CCW","RD",8,-1,"strong",2,25,"cloglog",-0.110876296754841,-0.111633512871676,0.000757216116835185,0.0596808838213166,0.0593865573257463,0.86,100
"Pooled CCW","RD",8,-1,"strong",2,25,"lpm",-0.110876296754841,-0.111633512871676,0.000757216116835185,0.0596808838213166,0.0593865573257463,0.86,100
"Pooled CCW","RD",2,-0.7,"strong",2,25,"correct",-0.0738766494348515,-0.102744180069684,0.0288675306348321,0.0854336439331172,0.0897733410622927,0.79,100
"Pooled CCW","RD",2,-0.7,"strong",2,25,"no_lag",-0.0738766494348515,-0.102744180069684,0.0288675306348321,0.0854336439331172,0.0897733410622927,0.79,100
"Pooled CCW","RD",2,-0.7,"strong",2,25,"no_tv",-0.0738766494348515,-0.102744180069684,0.0288675306348321,0.0854336439331172,0.0897733410622927,0.79,100
"Pooled CCW","RD",2,-0.7,"strong",2,25,"coarse_L",-0.0738766494348515,-0.102744180069684,0.0288675306348321,0.0854336439331172,0.0897733410622927,0.79,100
"Pooled CCW","RD",2,-0.7,"strong",2,25,"nonlinear_L",-0.0738766494348515,-0.102744180069684,0.0288675306348321,0.0854336439331172,0.0897733410622927,0.79,100
"Pooled CCW","RD",2,-0.7,"strong",2,25,"cloglog",-0.0738766494348515,-0.102744180069684,0.0288675306348321,0.0854336439331172,0.0897733410622927,0.79,100
"Pooled CCW","RD",2,-0.7,"strong",2,25,"lpm",-0.0738766494348515,-0.102744180069684,0.0288675306348321,0.0854336439331172,0.0897733410622927,0.79,100
"Pooled CCW","RD",5,-0.7,"strong",2,25,"correct",-0.0947886555951309,-0.0864289105015962,-0.00835974509353468,0.112130566579592,0.111881261433158,0.76,100
"Pooled CCW","RD",5,-0.7,"strong",2,25,"no_lag",-0.0947886555951309,-0.0864289105015962,-0.00835974509353468,0.112130566579592,0.111881261433158,0.76,100
"Pooled CCW","RD",5,-0.7,"strong",2,25,"no_tv",-0.0947886555951309,-0.0864289105015962,-0.00835974509353468,0.112130566579592,0.111881261433158,0.76,100
"Pooled CCW","RD",5,-0.7,"strong",2,25,"coarse_L",-0.0947886555951309,-0.0864289105015962,-0.00835974509353468,0.112130566579592,0.111881261433158,0.76,100
"Pooled CCW","RD",5,-0.7,"strong",2,25,"nonlinear_L",-0.0947886555951309,-0.0864289105015962,-0.00835974509353468,0.112130566579592,0.111881261433158,0.76,100
"Pooled CCW","RD",5,-0.7,"strong",2,25,"cloglog",-0.0947886555951309,-0.0864289105015962,-0.00835974509353468,0.112130566579592,0.111881261433158,0.76,100
"Pooled CCW","RD",5,-0.7,"strong",2,25,"lpm",-0.0947886555951309,-0.0864289105015962,-0.00835974509353468,0.112130566579592,0.111881261433158,0.76,100
"Pooled CCW","RD",8,-0.7,"strong",2,25,"correct",-0.058149034799875,-0.073695298677964,0.015546263878089,0.0628949172193941,0.0644817743744794,0.82,100
"Pooled CCW","RD",8,-0.7,"strong",2,25,"no_lag",-0.058149034799875,-0.073695298677964,0.015546263878089,0.0628949172193941,0.0644817743744794,0.82,100
"Pooled CCW","RD",8,-0.7,"strong",2,25,"no_tv",-0.058149034799875,-0.073695298677964,0.015546263878089,0.0628949172193941,0.0644817743744794,0.82,100
"Pooled CCW","RD",8,-0.7,"strong",2,25,"coarse_L",-0.058149034799875,-0.073695298677964,0.015546263878089,0.0628949172193941,0.0644817743744794,0.82,100
"Pooled CCW","RD",8,-0.7,"strong",2,25,"nonlinear_L",-0.058149034799875,-0.073695298677964,0.015546263878089,0.0628949172193941,0.0644817743744794,0.82,100
"Pooled CCW","RD",8,-0.7,"strong",2,25,"cloglog",-0.058149034799875,-0.073695298677964,0.015546263878089,0.0628949172193941,0.0644817743744794,0.82,100
"Pooled CCW","RD",8,-0.7,"strong",2,25,"lpm",-0.058149034799875,-0.073695298677964,0.015546263878089,0.0628949172193941,0.0644817743744794,0.82,100
"Pooled CCW","RD",2,-0.5,"strong",2,25,"correct",-0.0217578213918586,-0.0679421293508451,0.0461843079589865,0.0855082876776234,0.0968067192430056,0.64,100
"Pooled CCW","RD",2,-0.5,"strong",2,25,"no_lag",-0.0217578213918586,-0.0679421293508451,0.0461843079589865,0.0855082876776234,0.0968067192430056,0.64,100
"Pooled CCW","RD",2,-0.5,"strong",2,25,"no_tv",-0.0217578213918586,-0.0679421293508451,0.0461843079589865,0.0855082876776234,0.0968067192430056,0.64,100
"Pooled CCW","RD",2,-0.5,"strong",2,25,"coarse_L",-0.0217578213918586,-0.0679421293508451,0.0461843079589865,0.0855082876776234,0.0968067192430056,0.64,100
"Pooled CCW","RD",2,-0.5,"strong",2,25,"nonlinear_L",-0.0217578213918586,-0.0679421293508451,0.0461843079589865,0.0855082876776234,0.0968067192430056,0.64,100
"Pooled CCW","RD",2,-0.5,"strong",2,25,"cloglog",-0.0217578213918586,-0.0679421293508451,0.0461843079589865,0.0855082876776234,0.0968067192430056,0.64,100
"Pooled CCW","RD",2,-0.5,"strong",2,25,"lpm",-0.0217578213918586,-0.0679421293508451,0.0461843079589865,0.0855082876776234,0.0968067192430056,0.64,100
"Pooled CCW","RD",5,-0.5,"strong",2,25,"correct",-0.0404177398857214,-0.0592813176469181,0.0188635777611968,0.0562480192364539,0.0590595956411569,0.76,100
"Pooled CCW","RD",5,-0.5,"strong",2,25,"no_lag",-0.0404177398857214,-0.0592813176469181,0.0188635777611968,0.0562480192364539,0.0590595956411569,0.76,100
"Pooled CCW","RD",5,-0.5,"strong",2,25,"no_tv",-0.0404177398857214,-0.0592813176469181,0.0188635777611968,0.0562480192364539,0.0590595956411569,0.76,100
"Pooled CCW","RD",5,-0.5,"strong",2,25,"coarse_L",-0.0404177398857214,-0.0592813176469181,0.0188635777611968,0.0562480192364539,0.0590595956411569,0.76,100
"Pooled CCW","RD",5,-0.5,"strong",2,25,"nonlinear_L",-0.0404177398857214,-0.0592813176469181,0.0188635777611968,0.0562480192364539,0.0590595956411569,0.76,100
"Pooled CCW","RD",5,-0.5,"strong",2,25,"cloglog",-0.0404177398857214,-0.0592813176469181,0.0188635777611968,0.0562480192364539,0.0590595956411569,0.76,100
"Pooled CCW","RD",5,-0.5,"strong",2,25,"lpm",-0.0404177398857214,-0.0592813176469181,0.0188635777611968,0.0562480192364539,0.0590595956411569,0.76,100
"Pooled CCW","RD",8,-0.5,"strong",2,25,"correct",-0.0390516326359688,-0.0495488313631018,0.010497198727133,0.0565737734081881,0.0572606068810096,0.76,100
"Pooled CCW","RD",8,-0.5,"strong",2,25,"no_lag",-0.0390516326359688,-0.0495488313631018,0.010497198727133,0.0565737734081881,0.0572606068810096,0.76,100
"Pooled CCW","RD",8,-0.5,"strong",2,25,"no_tv",-0.0390516326359688,-0.0495488313631018,0.010497198727133,0.0565737734081881,0.0572606068810096,0.76,100
"Pooled CCW","RD",8,-0.5,"strong",2,25,"coarse_L",-0.0390516326359688,-0.0495488313631018,0.010497198727133,0.0565737734081881,0.0572606068810096,0.76,100
"Pooled CCW","RD",8,-0.5,"strong",2,25,"nonlinear_L",-0.0390516326359688,-0.0495488313631018,0.010497198727133,0.0565737734081881,0.0572606068810096,0.76,100
"Pooled CCW","RD",8,-0.5,"strong",2,25,"cloglog",-0.0390516326359688,-0.0495488313631018,0.010497198727133,0.0565737734081881,0.0572606068810096,0.76,100
"Pooled CCW","RD",8,-0.5,"strong",2,25,"lpm",-0.0390516326359688,-0.0495488313631018,0.010497198727133,0.0565737734081881,0.0572606068810096,0.76,100
"CC-Gcomp","RD",2,-1,"small",0.4,25,"correct",-0.159656417882816,-0.158884966736931,-0.00077145114588418,0.0158083542347418,0.0157480208231211,NA,100
"CC-Gcomp","RD",2,-1,"small",0.4,25,"no_lag",-0.158800058942102,-0.158884966736931,8.49077948291854e-05,0.0157841429356517,0.0157052534479573,NA,100
"CC-Gcomp","RD",2,-1,"small",0.4,25,"no_tv",-0.14967409560267,-0.158884966736931,0.00921087113426148,0.016822882600489,0.0191054817330501,NA,100
"CC-Gcomp","RD",2,-1,"small",0.4,25,"coarse_L",-0.148341377345091,-0.158884966736931,0.0105435893918403,0.0153167821953527,0.0185317310555544,NA,100
"CC-Gcomp","RD",2,-1,"small",0.4,25,"nonlinear_L",-0.159764325970247,-0.158884966736931,-0.000879359233315078,0.0157870661031061,0.0157325272681671,NA,100
"CC-Gcomp","RD",2,-1,"small",0.4,25,"cloglog",-0.154893719143106,-0.158884966736931,0.00399124759382507,0.0156744345807927,0.0160984806049667,NA,100
"CC-Gcomp","RD",2,-1,"small",0.4,25,"lpm",-0.144788478225821,-0.158884966736931,0.01409648851111,0.0163304688339665,0.0215111217410352,NA,100
"CC-Gcomp","RD",5,-1,"small",0.4,25,"correct",-0.131821567647692,-0.120971162827715,-0.0108504048199772,0.00937042341280979,0.0143058754133875,NA,100
"CC-Gcomp","RD",5,-1,"small",0.4,25,"no_lag",-0.130998563780386,-0.120971162827715,-0.0100274009526712,0.00955627380436812,0.0138187523025576,NA,100
"CC-Gcomp","RD",5,-1,"small",0.4,25,"no_tv",-0.122490164329613,-0.120971162827715,-0.00151900150189793,0.0113045134883181,0.0113499546482908,NA,100
"CC-Gcomp","RD",5,-1,"small",0.4,25,"coarse_L",-0.12328130592093,-0.120971162827715,-0.00231014309321472,0.00982052659964564,0.0100406711119592,NA,100
"CC-Gcomp","RD",5,-1,"small",0.4,25,"nonlinear_L",-0.13178733219311,-0.120971162827715,-0.0108161693653955,0.00950803700991722,0.0143696993651592,NA,100
"CC-Gcomp","RD",5,-1,"small",0.4,25,"cloglog",-0.128661481852797,-0.120971162827715,-0.00769031902508201,0.00905051497383125,0.0118420314889873,NA,100
"CC-Gcomp","RD",5,-1,"small",0.4,25,"lpm",-0.118561658973474,-0.120971162827715,0.00240950385424046,0.00941513711319846,0.00967285209311728,NA,100
"CC-Gcomp","RD",8,-1,"small",0.4,25,"correct",-0.111333043754662,-0.101768486263082,-0.0095645574915793,0.00613965203047794,0.0113489706050604,NA,100
"CC-Gcomp","RD",8,-1,"small",0.4,25,"no_lag",-0.11039584589074,-0.101768486263082,-0.00862735962765787,0.00621909487626691,0.010617047791837,NA,100
"CC-Gcomp","RD",8,-1,"small",0.4,25,"no_tv",-0.101948717768055,-0.101768486263082,-0.000180231504973082,0.00726176150764978,0.00722760899519537,NA,100
"CC-Gcomp","RD",8,-1,"small",0.4,25,"coarse_L",-0.104550882945722,-0.101768486263082,-0.0027823966826396,0.00627151692828978,0.0068323009766528,NA,100
"CC-Gcomp","RD",8,-1,"small",0.4,25,"nonlinear_L",-0.111361774568128,-0.101768486263082,-0.00959328830504621,0.00611205975278137,0.0113584718241976,NA,100
"CC-Gcomp","RD",8,-1,"small",0.4,25,"cloglog",-0.108573025261928,-0.101768486263082,-0.00680453899884557,0.00614906975746675,0.00915066660305032,NA,100
"CC-Gcomp","RD",8,-1,"small",0.4,25,"lpm",-0.0980369103581721,-0.101768486263082,0.00373157590491007,0.00679963254964835,0.00772640353050761,NA,100
"CC-Gcomp","RD",2,-0.7,"small",0.4,25,"correct",-0.105892132031259,-0.105367498999536,-0.000524633031722548,0.0142689405260342,0.0142071065638335,NA,100
"CC-Gcomp","RD",2,-0.7,"small",0.4,25,"no_lag",-0.104913959204367,-0.105367498999536,0.00045353979516893,0.0142639964838271,0.0141997421835584,NA,100
"CC-Gcomp","RD",2,-0.7,"small",0.4,25,"no_tv",-0.0947224291803746,-0.105367498999536,0.0106450698191618,0.0144877340233684,0.01791962622979,NA,100
"CC-Gcomp","RD",2,-0.7,"small",0.4,25,"coarse_L",-0.097287630019192,-0.105367498999536,0.00807986898034438,0.0138904610799416,0.0160093642179435,NA,100
"CC-Gcomp","RD",2,-0.7,"small",0.4,25,"nonlinear_L",-0.105729894451082,-0.105367498999536,-0.000362395451545963,0.0141821483323562,0.0141157121134941,NA,100
"CC-Gcomp","RD",2,-0.7,"small",0.4,25,"cloglog",-0.10234817072903,-0.105367498999536,0.00301932827050669,0.0136539369013379,0.0139169693605232,NA,100
"CC-Gcomp","RD",2,-0.7,"small",0.4,25,"lpm",-0.098429738586505,-0.105367498999536,0.00693776041303132,0.0160622618360553,0.0174226522747176,NA,100
"CC-Gcomp","RD",5,-0.7,"small",0.4,25,"correct",-0.0921542416631086,-0.0821353199189906,-0.0100189217441181,0.00767176416662961,0.0125954832653956,NA,100
"CC-Gcomp","RD",5,-0.7,"small",0.4,25,"no_lag",-0.0910707584202763,-0.0821353199189906,-0.00893543850128575,0.00778601332732857,0.0118261508830331,NA,100
"CC-Gcomp","RD",5,-0.7,"small",0.4,25,"no_tv",-0.0813206623759178,-0.0821353199189906,0.000814657543072782,0.0091239218430657,0.0091146671476732,NA,100
"CC-Gcomp","RD",5,-0.7,"small",0.4,25,"coarse_L",-0.0850803533951918,-0.0821353199189906,-0.00294503347620124,0.00808937988980324,0.00857070058440286,NA,100
"CC-Gcomp","RD",5,-0.7,"small",0.4,25,"nonlinear_L",-0.0920006423229335,-0.0821353199189906,-0.00986532240394295,0.00777476231491144,0.0125366281709466,NA,100
"CC-Gcomp","RD",5,-0.7,"small",0.4,25,"cloglog",-0.0898573325720284,-0.0821353199189906,-0.00772201265303781,0.0075687294425666,0.0107862082371287,NA,100
"CC-Gcomp","RD",5,-0.7,"small",0.4,25,"lpm",-0.0824247839770906,-0.0821353199189906,-0.000289464058100033,0.00893301265782991,0.0088929476235066,NA,100
"CC-Gcomp","RD",8,-0.7,"small",0.4,25,"correct",-0.0777015787883198,-0.0698427863991118,-0.00785879238920795,0.00592596729766188,0.0098247918728847,NA,100
"CC-Gcomp","RD",8,-0.7,"small",0.4,25,"no_lag",-0.0762907759648175,-0.0698427863991118,-0.00644798956570566,0.0059351316629841,0.00874357475051457,NA,100
"CC-Gcomp","RD",8,-0.7,"small",0.4,25,"no_tv",-0.06725285510266,-0.0698427863991118,0.00258993129645176,0.00624963628545341,0.00673610557249451,NA,100
"CC-Gcomp","RD",8,-0.7,"small",0.4,25,"coarse_L",-0.0714651194602322,-0.0698427863991118,-0.00162233306112041,0.00608073136403134,0.00626398479751537,NA,100
"CC-Gcomp","RD",8,-0.7,"small",0.4,25,"nonlinear_L",-0.0778059136387157,-0.0698427863991118,-0.0079631272396039,0.00603175645280504,0.00997144224678744,NA,100
"CC-Gcomp","RD",8,-0.7,"small",0.4,25,"cloglog",-0.0755673491651412,-0.0698427863991118,-0.00572456276602938,0.00583117847431196,0.00815065855238068,NA,100
"CC-Gcomp","RD",8,-0.7,"small",0.4,25,"lpm",-0.0685453289531267,-0.0698427863991118,0.00129745744598509,0.00622873803782582,0.00633187188693531,NA,100
"CC-Gcomp","RD",2,-0.5,"small",0.4,25,"correct",-0.0729845820715691,-0.0718312691569835,-0.00115331291458565,0.013922044965362,0.0139001882482337,NA,100
"CC-Gcomp","RD",2,-0.5,"small",0.4,25,"no_lag",-0.0721524883824971,-0.0718312691569835,-0.00032121922551362,0.0139868061224265,0.0139204030057367,NA,100
"CC-Gcomp","RD",2,-0.5,"small",0.4,25,"no_tv",-0.063204620662387,-0.0718312691569835,0.00862664849459647,0.0152856631174989,0.0174852522492977,NA,100
"CC-Gcomp","RD",2,-0.5,"small",0.4,25,"coarse_L",-0.0657600624341796,-0.0718312691569835,0.00607120672280385,0.0138060964948606,0.0150187139426839,NA,100
"CC-Gcomp","RD",2,-0.5,"small",0.4,25,"nonlinear_L",-0.073133246240974,-0.0718312691569835,-0.00130197708399058,0.0139975719651448,0.0139881322926776,NA,100
"CC-Gcomp","RD",2,-0.5,"small",0.4,25,"cloglog",-0.0708412552170272,-0.0718312691569835,0.000990013939956246,0.0133853409569035,0.0133549918236044,NA,100
"CC-Gcomp","RD",2,-0.5,"small",0.4,25,"lpm",-0.0641768466286707,-0.0718312691569835,0.00765442252831272,0.0170254962915268,0.0185892181916025,NA,100
"CC-Gcomp","RD",5,-0.5,"small",0.4,25,"correct",-0.0611252536864628,-0.0569676227881472,-0.00415763089831564,0.00714804238396839,0.00823829226905718,NA,100
"CC-Gcomp","RD",5,-0.5,"small",0.4,25,"no_lag",-0.0594008734833676,-0.0569676227881472,-0.00243325069522044,0.00721267644545126,0.0075778086171063,NA,100
"CC-Gcomp","RD",5,-0.5,"small",0.4,25,"no_tv",-0.0483734058455072,-0.0569676227881472,0.00859421694263997,0.00859085406406359,0.0121212751256498,NA,100
"CC-Gcomp","RD",5,-0.5,"small",0.4,25,"coarse_L",-0.0545558633387081,-0.0569676227881472,0.00241175944943905,0.00743344022819777,0.00777946379462528,NA,100
"CC-Gcomp","RD",5,-0.5,"small",0.4,25,"nonlinear_L",-0.0610329130988718,-0.0569676227881472,-0.00406529031072464,0.00725616762835001,0.00828565231437327,NA,100
"CC-Gcomp","RD",5,-0.5,"small",0.4,25,"cloglog",-0.0596515666419747,-0.0569676227881472,-0.0026839438538275,0.00671066012391192,0.00719626182932315,NA,100
"CC-Gcomp","RD",5,-0.5,"small",0.4,25,"lpm",-0.053965127594622,-0.0569676227881472,0.00300249519352513,0.00813589027050246,0.00863398869444833,NA,100
"CC-Gcomp","RD",8,-0.5,"small",0.4,25,"correct",-0.0555665833394241,-0.0489632870192666,-0.00660329632015757,0.00521496800742555,0.00839806255615507,NA,100
"CC-Gcomp","RD",8,-0.5,"small",0.4,25,"no_lag",-0.0540748839747224,-0.0489632870192666,-0.00511159695545587,0.0052666549632587,0.0073204304102985,NA,100
"CC-Gcomp","RD",8,-0.5,"small",0.4,25,"no_tv",-0.0441231352494,-0.0489632870192666,0.00484015176986651,0.0056254263260987,0.00739973217705902,NA,100
"CC-Gcomp","RD",8,-0.5,"small",0.4,25,"coarse_L",-0.0494693326110802,-0.0489632870192666,-0.000506045591813626,0.00499551311435349,0.00499616672098869,NA,100
"CC-Gcomp","RD",8,-0.5,"small",0.4,25,"nonlinear_L",-0.0554806455906871,-0.0489632870192666,-0.00651735857142059,0.00520986186201165,0.00832749642830908,NA,100
"CC-Gcomp","RD",8,-0.5,"small",0.4,25,"cloglog",-0.0538564964945188,-0.0489632870192666,-0.00489320947525224,0.00522380704300656,0.00713854168517896,NA,100
"CC-Gcomp","RD",8,-0.5,"small",0.4,25,"lpm",-0.0498591295143977,-0.0489632870192666,-0.000895842495131119,0.00497309284466002,0.00502860514390177,NA,100
"CC-Gcomp","RD",2,-1,"medium",1,25,"correct",-0.161898667988221,-0.157561792455253,-0.00433687553296803,0.0143211505389906,0.0148947268730005,NA,100
"CC-Gcomp","RD",2,-1,"medium",1,25,"no_lag",-0.159329509301623,-0.157561792455253,-0.0017677168463705,0.0144771043903837,0.0145125982809319,NA,100
"CC-Gcomp","RD",2,-1,"medium",1,25,"no_tv",-0.134611585899117,-0.157561792455253,0.0229502065561359,0.0149546965135816,0.0273517549584026,NA,100
"CC-Gcomp","RD",2,-1,"medium",1,25,"coarse_L",-0.143011029592247,-0.157561792455253,0.0145507628630056,0.0135636330826631,0.019845833841704,NA,100
"CC-Gcomp","RD",2,-1,"medium",1,25,"nonlinear_L",-0.162161105342921,-0.157561792455253,-0.00459931288766786,0.0145956443144197,0.015233390419148,NA,100
"CC-Gcomp","RD",2,-1,"medium",1,25,"cloglog",-0.157101536334391,-0.157561792455253,0.000460256120861871,0.0137193990048785,0.0136583866419611,NA,100
"CC-Gcomp","RD",2,-1,"medium",1,25,"lpm",-0.154195388107577,-0.157561792455253,0.00336640434767623,0.0166922927044079,0.0169463561748355,NA,100
"CC-Gcomp","RD",5,-1,"medium",1,25,"correct",-0.135326776855089,-0.123633070025923,-0.0116937068291663,0.00818680531183913,0.0142511867157899,NA,100
"CC-Gcomp","RD",5,-1,"medium",1,25,"no_lag",-0.132346982372802,-0.123633070025923,-0.00871391234687962,0.00841334832646078,0.0120834123554085,NA,100
"CC-Gcomp","RD",5,-1,"medium",1,25,"no_tv",-0.106633366667627,-0.123633070025923,0.0169997033582957,0.0101361497097024,0.0197662345907908,NA,100
"CC-Gcomp","RD",5,-1,"medium",1,25,"coarse_L",-0.118027831702378,-0.123633070025923,0.00560523832354423,0.00908404483041779,0.0106354768788221,NA,100
"CC-Gcomp","RD",5,-1,"medium",1,25,"nonlinear_L",-0.135177977149845,-0.123633070025923,-0.0115449071239221,0.00817701532734576,0.0141237326641012,NA,100
"CC-Gcomp","RD",5,-1,"medium",1,25,"cloglog",-0.132720396586667,-0.123633070025923,-0.00908732656074474,0.00797748860027147,0.0120657956698016,NA,100
"CC-Gcomp","RD",5,-1,"medium",1,25,"lpm",-0.123171460483655,-0.123633070025923,0.000461609542267359,0.0102625551437119,0.0102215420102088,NA,100
"CC-Gcomp","RD",8,-1,"medium",1,25,"correct",-0.112796581165708,-0.107296828776202,-0.00549975238950572,0.00632562560495461,0.00835827017073453,NA,100
"CC-Gcomp","RD",8,-1,"medium",1,25,"no_lag",-0.109761794938863,-0.107296828776202,-0.00246496616266143,0.00647197999294954,0.00689519528091218,NA,100
"CC-Gcomp","RD",8,-1,"medium",1,25,"no_tv",-0.0857779415705516,-0.107296828776202,0.0215188872056502,0.00782529460235592,0.0228841733481247,NA,100
"CC-Gcomp","RD",8,-1,"medium",1,25,"coarse_L",-0.0979542516942533,-0.107296828776202,0.00934257708194849,0.00679914520675718,0.0115347231574621,NA,100
"CC-Gcomp","RD",8,-1,"medium",1,25,"nonlinear_L",-0.112652919985185,-0.107296828776202,-0.00535609120898286,0.00634197691872909,0.00827684587051487,NA,100
"CC-Gcomp","RD",8,-1,"medium",1,25,"cloglog",-0.110908562653176,-0.107296828776202,-0.00361173387697441,0.00628003010922706,0.00721727178296307,NA,100
"CC-Gcomp","RD",8,-1,"medium",1,25,"lpm",-0.101852118895636,-0.107296828776202,0.00544470988056612,0.00696034228545184,0.00880947028866531,NA,100
"CC-Gcomp","RD",2,-0.7,"medium",1,25,"correct",-0.108010002254163,-0.103208945273067,-0.00480105698109515,0.0127691821703382,0.0135820337689911,NA,100
"CC-Gcomp","RD",2,-0.7,"medium",1,25,"no_lag",-0.105696460432878,-0.103208945273067,-0.00248751515981027,0.0127104618490992,0.0128890656637135,NA,100
"CC-Gcomp","RD",2,-0.7,"medium",1,25,"no_tv",-0.0811142232538874,-0.103208945273067,0.0220947220191801,0.0129040690701029,0.0255543849404592,NA,100
"CC-Gcomp","RD",2,-0.7,"medium",1,25,"coarse_L",-0.0908534698500717,-0.103208945273067,0.0123554754229958,0.0123222407787861,0.0174062349335096,NA,100
"CC-Gcomp","RD",2,-0.7,"medium",1,25,"nonlinear_L",-0.107997961326648,-0.103208945273067,-0.00478901605358072,0.013008349170189,0.0138007119893749,NA,100
"CC-Gcomp","RD",2,-0.7,"medium",1,25,"cloglog",-0.10494691349897,-0.103208945273067,-0.00173796822590283,0.0124670759920221,0.0125257429922218,NA,100
"CC-Gcomp","RD",2,-0.7,"medium",1,25,"lpm",-0.0899321757845493,-0.103208945273067,0.0132767694885181,0.0150622727805322,0.0200218867430933,NA,100
"CC-Gcomp","RD",5,-0.7,"medium",1,25,"correct",-0.0900768164925481,-0.0831784790995589,-0.00689833739298924,0.00770216628559505,0.0103110227729145,NA,100
"CC-Gcomp","RD",5,-0.7,"medium",1,25,"no_lag",-0.0868550429393772,-0.0831784790995589,-0.00367656383981833,0.00781761505884274,0.00860355018724375,NA,100
"CC-Gcomp","RD",5,-0.7,"medium",1,25,"no_tv",-0.0598311566388852,-0.0831784790995589,0.0233473224606737,0.00985219344296464,0.0253217796484351,NA,100
"CC-Gcomp","RD",5,-0.7,"medium",1,25,"coarse_L",-0.0735379804296006,-0.0831784790995589,0.0096404986699583,0.0082760333235944,0.0126786046118246,NA,100
"CC-Gcomp","RD",5,-0.7,"medium",1,25,"nonlinear_L",-0.0901266911858353,-0.0831784790995589,-0.0069482120862764,0.00792659083875907,0.0105109554797709,NA,100
"CC-Gcomp","RD",5,-0.7,"medium",1,25,"cloglog",-0.0887948393693549,-0.0831784790995589,-0.00561636026979603,0.00736165109913908,0.00923013924686645,NA,100
"CC-Gcomp","RD",5,-0.7,"medium",1,25,"lpm",-0.0719641522617232,-0.0831784790995589,0.0112143268378357,0.0094786184454617,0.0146528799894117,NA,100
"CC-Gcomp","RD",8,-0.7,"medium",1,25,"correct",-0.0771022128750854,-0.0730403093091784,-0.00406190356590701,0.00581396624990995,0.00706846815783088,NA,100
"CC-Gcomp","RD",8,-0.7,"medium",1,25,"no_lag",-0.0735058807771631,-0.0730403093091784,-0.00046557146798471,0.0060313663098192,0.0060191662677975,NA,100
"CC-Gcomp","RD",8,-0.7,"medium",1,25,"no_tv",-0.0472393987788503,-0.0730403093091784,0.0258009105303281,0.0075093935117522,0.0268610138527793,NA,100
"CC-Gcomp","RD",8,-0.7,"medium",1,25,"coarse_L",-0.062750419521655,-0.0730403093091784,0.0102898897875234,0.00629020613236829,0.0120437891917446,NA,100
"CC-Gcomp","RD",8,-0.7,"medium",1,25,"nonlinear_L",-0.0771742283219811,-0.0730403093091784,-0.0041339190128027,0.00592919918033046,0.00720368900600537,NA,100
"CC-Gcomp","RD",8,-0.7,"medium",1,25,"cloglog",-0.0761254841564961,-0.0730403093091784,-0.00308517484731768,0.00577917517899778,0.00652557897282458,NA,100
"CC-Gcomp","RD",8,-0.7,"medium",1,25,"lpm",-0.0627814990652166,-0.0730403093091784,0.0102588102439618,0.00690163066474943,0.012345013908291,NA,100
"CC-Gcomp","RD",2,-0.5,"medium",1,25,"correct",-0.0740272273341314,-0.0704769067816117,-0.00355032055251973,0.010014007087884,0.0105774434814029,NA,100
"CC-Gcomp","RD",2,-0.5,"medium",1,25,"no_lag",-0.0718152492693486,-0.0704769067816117,-0.00133834248773695,0.0101757503331534,0.0102128153076772,NA,100
"CC-Gcomp","RD",2,-0.5,"medium",1,25,"no_tv",-0.0476233352567047,-0.0704769067816117,0.0228535715249069,0.0112353991720982,0.025441257517168,NA,100
"CC-Gcomp","RD",2,-0.5,"medium",1,25,"coarse_L",-0.0581443872060505,-0.0704769067816117,0.0123325195755611,0.00953584814690045,0.0155600165476627,NA,100
"CC-Gcomp","RD",2,-0.5,"medium",1,25,"nonlinear_L",-0.0740477966555151,-0.0704769067816117,-0.00357088987390346,0.00992187721414974,0.010498117234518,NA,100
"CC-Gcomp","RD",2,-0.5,"medium",1,25,"cloglog",-0.0729174973016506,-0.0704769067816117,-0.00244059052003895,0.00982722278120763,0.0100779485314262,NA,100
"CC-Gcomp","RD",2,-0.5,"medium",1,25,"lpm",-0.0466791473400824,-0.0704769067816117,0.0237977594415292,0.0124935283971704,0.0268488495792592,NA,100
"CC-Gcomp","RD",5,-0.5,"medium",1,25,"correct",-0.0641375752989994,-0.057593918015868,-0.00654365728313137,0.00680390215810204,0.00941539188617944,NA,100
"CC-Gcomp","RD",5,-0.5,"medium",1,25,"no_lag",-0.0604038791058918,-0.057593918015868,-0.00280996109002385,0.00697830713878116,0.00749037276411398,NA,100
"CC-Gcomp","RD",5,-0.5,"medium",1,25,"no_tv",-0.0320457520997108,-0.057593918015868,0.0255481659161572,0.00874070147717285,0.0269878610743685,NA,100
"CC-Gcomp","RD",5,-0.5,"medium",1,25,"coarse_L",-0.0483194639908491,-0.057593918015868,0.00927445402501891,0.00724429098631989,0.0117460824038366,NA,100
"CC-Gcomp","RD",5,-0.5,"medium",1,25,"nonlinear_L",-0.0638724521900505,-0.057593918015868,-0.00627853417418252,0.00701956800081099,0.00939156978067071,NA,100
"CC-Gcomp","RD",5,-0.5,"medium",1,25,"cloglog",-0.0636711451123727,-0.057593918015868,-0.00607722709650474,0.00667866915615694,0.00900506883165917,NA,100
"CC-Gcomp","RD",5,-0.5,"medium",1,25,"lpm",-0.0424016653538456,-0.057593918015868,0.0151922526620224,0.00913654440751783,0.0177044124505776,NA,100
"CC-Gcomp","RD",8,-0.5,"medium",1,25,"correct",-0.0543267486093855,-0.0512113647691539,-0.00311538384023163,0.00580147959017722,0.00655943673289611,NA,100
"CC-Gcomp","RD",8,-0.5,"medium",1,25,"no_lag",-0.0504097157916626,-0.0512113647691539,0.000801648977491299,0.0057690946651775,0.00579588386756796,NA,100
"CC-Gcomp","RD",8,-0.5,"medium",1,25,"no_tv",-0.022402529094824,-0.0512113647691539,0.0288088356743299,0.00669172791359145,0.0295682336833871,NA,100
"CC-Gcomp","RD",8,-0.5,"medium",1,25,"coarse_L",-0.0397375263651266,-0.0512113647691539,0.0114738384040273,0.00584288509627652,0.0128626156324263,NA,100
"CC-Gcomp","RD",8,-0.5,"medium",1,25,"nonlinear_L",-0.0544019739598471,-0.0512113647691539,-0.00319060919069321,0.00586499653684431,0.00665087885479504,NA,100
"CC-Gcomp","RD",8,-0.5,"medium",1,25,"cloglog",-0.0538060098365598,-0.0512113647691539,-0.00259464506740587,0.00586404809120296,0.00638555968115523,NA,100
"CC-Gcomp","RD",8,-0.5,"medium",1,25,"lpm",-0.0374912369321602,-0.0512113647691539,0.0137201278369937,0.00676165748476359,0.0152808612219762,NA,100
"CC-Gcomp","RD",2,-1,"strong",2,25,"correct",-0.163027538981705,-0.158281734212093,-0.00474580476961212,0.00906809960889895,0.0101946451200136,NA,100
"CC-Gcomp","RD",2,-1,"strong",2,25,"no_lag",-0.159887331683791,-0.158281734212093,-0.00160559747169801,0.00918904936249412,0.00928289745422264,NA,100
"CC-Gcomp","RD",2,-1,"strong",2,25,"no_tv",-0.122385733389162,-0.158281734212093,0.0358960008229309,0.0114583747919578,0.0376630360489446,NA,100
"CC-Gcomp","RD",2,-1,"strong",2,25,"coarse_L",-0.13919264547262,-0.158281734212093,0.0190890887394723,0.0100010314950002,0.0215270465591031,NA,100
"CC-Gcomp","RD",2,-1,"strong",2,25,"nonlinear_L",-0.163062854495285,-0.158281734212093,-0.0047811202831921,0.00926190599968356,0.0103819162432499,NA,100
"CC-Gcomp","RD",2,-1,"strong",2,25,"cloglog",-0.159190356512073,-0.158281734212093,-0.000908622299980366,0.00900917827171342,0.0090099519801284,NA,100
"CC-Gcomp","RD",2,-1,"strong",2,25,"lpm",-0.140560728886349,-0.158281734212093,0.017721005325744,0.0131683113125113,0.0220387025105842,NA,100
"CC-Gcomp","RD",5,-1,"strong",2,25,"correct",-0.135216631065248,-0.129431014759885,-0.00578561630536287,0.00714268200495782,0.00916411933546206,NA,100
"CC-Gcomp","RD",5,-1,"strong",2,25,"no_lag",-0.13180521185806,-0.129431014759885,-0.00237419709817525,0.00737781073343086,0.00771521757095211,NA,100
"CC-Gcomp","RD",5,-1,"strong",2,25,"no_tv",-0.0889620125814521,-0.129431014759885,0.040469002178433,0.0100547070565612,0.0416872438519428,NA,100
"CC-Gcomp","RD",5,-1,"strong",2,25,"coarse_L",-0.114713809076924,-0.129431014759885,0.0147172056829611,0.00806687601962816,0.0167636477815383,NA,100
"CC-Gcomp","RD",5,-1,"strong",2,25,"nonlinear_L",-0.13544387844479,-0.129431014759885,-0.00601286368490521,0.00722588981338068,0.00937261321363575,NA,100
"CC-Gcomp","RD",5,-1,"strong",2,25,"cloglog",-0.133461540227837,-0.129431014759885,-0.00403052546795195,0.00710353040390418,0.00813637992629452,NA,100
"CC-Gcomp","RD",5,-1,"strong",2,25,"lpm",-0.114899562697552,-0.129431014759885,0.0145314520623328,0.00990089429494706,0.017555925774541,NA,100
"CC-Gcomp","RD",8,-1,"strong",2,25,"correct",-0.114478130549364,-0.111633512871676,-0.00284461767768837,0.00591583682679296,0.00653750746384619,NA,100
"CC-Gcomp","RD",8,-1,"strong",2,25,"no_lag",-0.110650848887334,-0.111633512871676,0.000982663984342322,0.00619847881612982,0.00624520269837525,NA,100
"CC-Gcomp","RD",8,-1,"strong",2,25,"no_tv",-0.066752206336908,-0.111633512871676,0.0448813065347681,0.00856507597150952,0.0456832419756038,NA,100
"CC-Gcomp","RD",8,-1,"strong",2,25,"coarse_L",-0.0951904360517471,-0.111633512871676,0.016443076819929,0.00676934283320719,0.017769089387913,NA,100
"CC-Gcomp","RD",8,-1,"strong",2,25,"nonlinear_L",-0.11462562933037,-0.111633512871676,-0.00299211645869379,0.00600189066333677,0.00667946296656317,NA,100
"CC-Gcomp","RD",8,-1,"strong",2,25,"cloglog",-0.113252639331212,-0.111633512871676,-0.00161912645953577,0.00587372919072984,0.00606442562424014,NA,100
"CC-Gcomp","RD",8,-1,"strong",2,25,"lpm",-0.0948418117043069,-0.111633512871676,0.0167917011673692,0.00817938470429024,0.0186599715673309,NA,100
"CC-Gcomp","RD",2,-0.7,"strong",2,25,"correct",-0.109819213885879,-0.102744180069684,-0.00707503381619575,0.00935497541015934,0.0116917283912924,NA,100
"CC-Gcomp","RD",2,-0.7,"strong",2,25,"no_lag",-0.106373119049688,-0.102744180069684,-0.00362893898000476,0.00943486357899729,0.0100645756178462,NA,100
"CC-Gcomp","RD",2,-0.7,"strong",2,25,"no_tv",-0.0655754939881605,-0.102744180069684,0.0371686860815231,0.0109993167037341,0.0387464365238451,NA,100
"CC-Gcomp","RD",2,-0.7,"strong",2,25,"coarse_L",-0.087208663898785,-0.102744180069684,0.0155355161708986,0.00961330578677616,0.0182440059845642,NA,100
"CC-Gcomp","RD",2,-0.7,"strong",2,25,"nonlinear_L",-0.109811209389586,-0.102744180069684,-0.00706702931990228,0.00936166978604354,0.0116921920947036,NA,100
"CC-Gcomp","RD",2,-0.7,"strong",2,25,"cloglog",-0.108384141739566,-0.102744180069684,-0.00563996166988281,0.00915036781200034,0.0107098602428645,NA,100
"CC-Gcomp","RD",2,-0.7,"strong",2,25,"lpm",-0.0703924100731615,-0.102744180069684,0.032351769996522,0.0131706230338291,0.0349051239776641,NA,100
"CC-Gcomp","RD",5,-0.7,"strong",2,25,"correct",-0.0914248547530018,-0.0864289105015962,-0.00499594425140564,0.00742888396239537,0.0089216530262402,NA,100
"CC-Gcomp","RD",5,-0.7,"strong",2,25,"no_lag",-0.0871503436697778,-0.0864289105015962,-0.000721433168181579,0.00757031693374286,0.00756683998170262,NA,100
"CC-Gcomp","RD",5,-0.7,"strong",2,25,"no_tv",-0.0404805246900556,-0.0864289105015962,0.0459483858115406,0.00855841112027668,0.0467308045680879,NA,100
"CC-Gcomp","RD",5,-0.7,"strong",2,25,"coarse_L",-0.0697753462433356,-0.0864289105015962,0.0166535642582606,0.0072788674671324,0.0181602118652854,NA,100
"CC-Gcomp","RD",5,-0.7,"strong",2,25,"nonlinear_L",-0.0914073847675251,-0.0864289105015962,-0.00497847426592897,0.00738647298604589,0.00887691327874542,NA,100
"CC-Gcomp","RD",5,-0.7,"strong",2,25,"cloglog",-0.0905882525117845,-0.0864289105015962,-0.00415934201018832,0.00733301573982316,0.00839854240924023,NA,100
"CC-Gcomp","RD",5,-0.7,"strong",2,25,"lpm",-0.0585362794943977,-0.0864289105015962,0.0278926310071985,0.00906978884011524,0.0293161614713108,NA,100
"CC-Gcomp","RD",8,-0.7,"strong",2,25,"correct",-0.079479113082359,-0.073695298677964,-0.00578381440439504,0.00631591390615119,0.00854074761655573,NA,100
"CC-Gcomp","RD",8,-0.7,"strong",2,25,"no_lag",-0.0748007300454028,-0.073695298677964,-0.00110543136743884,0.0064304792277383,0.00649303711490299,NA,100
"CC-Gcomp","RD",8,-0.7,"strong",2,25,"no_tv",-0.0266437336318543,-0.073695298677964,0.0470515650461096,0.00790804586427656,0.047704943043524,NA,100
"CC-Gcomp","RD",8,-0.7,"strong",2,25,"coarse_L",-0.0583175910633003,-0.073695298677964,0.0153777076146637,0.00701861830660081,0.0168891173359208,NA,100
"CC-Gcomp","RD",8,-0.7,"strong",2,25,"nonlinear_L",-0.079458063738833,-0.073695298677964,-0.00576276506086904,0.00635109959860055,0.00855234252102917,NA,100
"CC-Gcomp","RD",8,-0.7,"strong",2,25,"cloglog",-0.0787134627523862,-0.073695298677964,-0.00501816407442219,0.00619286465943438,0.00794669916638299,NA,100
"CC-Gcomp","RD",8,-0.7,"strong",2,25,"lpm",-0.0520840137870692,-0.073695298677964,0.0216112848908948,0.00873513160976999,0.0232934998150347,NA,100
"CC-Gcomp","RD",2,-0.5,"strong",2,25,"correct",-0.0738042887319964,-0.0679421293508451,-0.00586215938115132,0.0106419151410856,0.0121030065232316,NA,100
"CC-Gcomp","RD",2,-0.5,"strong",2,25,"no_lag",-0.0705493648791039,-0.0679421293508451,-0.00260723552825883,0.0106359495626942,0.0108990763814641,NA,100
"CC-Gcomp","RD",2,-0.5,"strong",2,25,"no_tv",-0.0320892117248254,-0.0679421293508451,0.0358529176260197,0.0116590217388545,0.0376829558597274,NA,100
"CC-Gcomp","RD",2,-0.5,"strong",2,25,"coarse_L",-0.0535207035182605,-0.0679421293508451,0.0144214258325846,0.0106370380960318,0.0178883380085073,NA,100
"CC-Gcomp","RD",2,-0.5,"strong",2,25,"nonlinear_L",-0.0740115921858894,-0.0679421293508451,-0.00606946283504427,0.0107756626565951,0.0123203951128945,NA,100
"CC-Gcomp","RD",2,-0.5,"strong",2,25,"cloglog",-0.0736209062362461,-0.0679421293508451,-0.00567877688540099,0.0102650778350366,0.0116861718130417,NA,100
"CC-Gcomp","RD",2,-0.5,"strong",2,25,"lpm",-0.0229456349581899,-0.0679421293508451,0.0449964943926552,0.0152031143253431,0.0474711264450909,NA,100
"CC-Gcomp","RD",5,-0.5,"strong",2,25,"correct",-0.0601217601166889,-0.0592813176469181,-0.000840442469770725,0.00802646269723474,0.00803033037556949,NA,100
"CC-Gcomp","RD",5,-0.5,"strong",2,25,"no_lag",-0.0552814581787267,-0.0592813176469181,0.00399985946819148,0.00831784967986474,0.00919204182046289,NA,100
"CC-Gcomp","RD",5,-0.5,"strong",2,25,"no_tv",-0.00459234063321686,-0.0592813176469181,0.0546889770137013,0.0100184944561222,0.0555900237062445,NA,100
"CC-Gcomp","RD",5,-0.5,"strong",2,25,"coarse_L",-0.0374689137658116,-0.0592813176469181,0.0218124038811066,0.00847284246995549,0.0233848697237763,NA,100
"CC-Gcomp","RD",5,-0.5,"strong",2,25,"nonlinear_L",-0.0599812023307027,-0.0592813176469181,-0.00069988468378455,0.00799508165779278,0.00798573452966119,NA,100
"CC-Gcomp","RD",5,-0.5,"strong",2,25,"cloglog",-0.0597540051705346,-0.0592813176469181,-0.000472687523616472,0.00787383243468567,0.00784861123590636,NA,100
"CC-Gcomp","RD",5,-0.5,"strong",2,25,"lpm",-0.0170942484138449,-0.0592813176469181,0.0421870692330733,0.0110083660332582,0.0435857900234823,NA,100
"CC-Gcomp","RD",8,-0.5,"strong",2,25,"correct",-0.0562912676117989,-0.0495488313631018,-0.00674243624869702,0.00594147587826237,0.00896708262611634,NA,100
"CC-Gcomp","RD",8,-0.5,"strong",2,25,"no_lag",-0.0512647352837152,-0.0495488313631018,-0.0017159039206134,0.00631390768942929,0.00651238069159846,NA,100
"CC-Gcomp","RD",8,-0.5,"strong",2,25,"no_tv",-0.00050850315256495,-0.0495488313631018,0.0490403282105369,0.00853475156125949,0.0497701452214827,NA,100
"CC-Gcomp","RD",8,-0.5,"strong",2,25,"coarse_L",-0.0346037066758918,-0.0495488313631018,0.01494512468721,0.00688366475490339,0.0164398218959201,NA,100
"CC-Gcomp","RD",8,-0.5,"strong",2,25,"nonlinear_L",-0.056227679979364,-0.0495488313631018,-0.0066788486162622,0.00583817583735083,0.00885158025302242,NA,100
"CC-Gcomp","RD",8,-0.5,"strong",2,25,"cloglog",-0.0558146257444462,-0.0495488313631018,-0.00626579438134441,0.00582763574276401,0.00853708991378938,NA,100
"CC-Gcomp","RD",8,-0.5,"strong",2,25,"lpm",-0.0220422447131751,-0.0495488313631018,0.0275065866499267,0.00809005742240864,0.0286601962299077,NA,100
"G-comp (no cloning)","RD",2,-1,"small",0.4,25,"correct",-0.159656417882816,-0.158884966736931,-0.00077145114588418,0.0158083542347418,0.0157480208231211,NA,100
"G-comp (no cloning)","RD",2,-1,"small",0.4,25,"no_lag",-0.158800058942102,-0.158884966736931,8.49077948291854e-05,0.0157841429356517,0.0157052534479573,NA,100
"G-comp (no cloning)","RD",2,-1,"small",0.4,25,"no_tv",-0.14967409560267,-0.158884966736931,0.00921087113426148,0.016822882600489,0.0191054817330501,NA,100
"G-comp (no cloning)","RD",2,-1,"small",0.4,25,"coarse_L",-0.148341377345091,-0.158884966736931,0.0105435893918403,0.0153167821953527,0.0185317310555544,NA,100
"G-comp (no cloning)","RD",2,-1,"small",0.4,25,"nonlinear_L",-0.159764325970247,-0.158884966736931,-0.000879359233315078,0.0157870661031061,0.0157325272681671,NA,100
"G-comp (no cloning)","RD",2,-1,"small",0.4,25,"cloglog",-0.154893719143106,-0.158884966736931,0.00399124759382507,0.0156744345807927,0.0160984806049667,NA,100
"G-comp (no cloning)","RD",2,-1,"small",0.4,25,"lpm",-0.144788478225821,-0.158884966736931,0.01409648851111,0.0163304688339665,0.0215111217410352,NA,100
"G-comp (no cloning)","RD",5,-1,"small",0.4,25,"correct",-0.131821567647692,-0.120971162827715,-0.0108504048199772,0.00937042341280979,0.0143058754133875,NA,100
"G-comp (no cloning)","RD",5,-1,"small",0.4,25,"no_lag",-0.130998563780386,-0.120971162827715,-0.0100274009526712,0.00955627380436812,0.0138187523025576,NA,100
"G-comp (no cloning)","RD",5,-1,"small",0.4,25,"no_tv",-0.122490164329613,-0.120971162827715,-0.00151900150189793,0.0113045134883181,0.0113499546482908,NA,100
"G-comp (no cloning)","RD",5,-1,"small",0.4,25,"coarse_L",-0.12328130592093,-0.120971162827715,-0.00231014309321472,0.00982052659964564,0.0100406711119592,NA,100
"G-comp (no cloning)","RD",5,-1,"small",0.4,25,"nonlinear_L",-0.13178733219311,-0.120971162827715,-0.0108161693653955,0.00950803700991722,0.0143696993651592,NA,100
"G-comp (no cloning)","RD",5,-1,"small",0.4,25,"cloglog",-0.128661481852797,-0.120971162827715,-0.00769031902508201,0.00905051497383125,0.0118420314889873,NA,100
"G-comp (no cloning)","RD",5,-1,"small",0.4,25,"lpm",-0.118561658973474,-0.120971162827715,0.00240950385424046,0.00941513711319846,0.00967285209311728,NA,100
"G-comp (no cloning)","RD",8,-1,"small",0.4,25,"correct",-0.111333043754662,-0.101768486263082,-0.0095645574915793,0.00613965203047794,0.0113489706050604,NA,100
"G-comp (no cloning)","RD",8,-1,"small",0.4,25,"no_lag",-0.11039584589074,-0.101768486263082,-0.00862735962765787,0.00621909487626691,0.010617047791837,NA,100
"G-comp (no cloning)","RD",8,-1,"small",0.4,25,"no_tv",-0.101948717768055,-0.101768486263082,-0.000180231504973082,0.00726176150764978,0.00722760899519537,NA,100
"G-comp (no cloning)","RD",8,-1,"small",0.4,25,"coarse_L",-0.104550882945722,-0.101768486263082,-0.0027823966826396,0.00627151692828978,0.0068323009766528,NA,100
"G-comp (no cloning)","RD",8,-1,"small",0.4,25,"nonlinear_L",-0.111361774568128,-0.101768486263082,-0.00959328830504621,0.00611205975278137,0.0113584718241976,NA,100
"G-comp (no cloning)","RD",8,-1,"small",0.4,25,"cloglog",-0.108573025261928,-0.101768486263082,-0.00680453899884557,0.00614906975746675,0.00915066660305032,NA,100
"G-comp (no cloning)","RD",8,-1,"small",0.4,25,"lpm",-0.0980369103581721,-0.101768486263082,0.00373157590491007,0.00679963254964835,0.00772640353050761,NA,100
"G-comp (no cloning)","RD",2,-0.7,"small",0.4,25,"correct",-0.105892132031259,-0.105367498999536,-0.000524633031722548,0.0142689405260342,0.0142071065638335,NA,100
"G-comp (no cloning)","RD",2,-0.7,"small",0.4,25,"no_lag",-0.104913959204367,-0.105367498999536,0.00045353979516893,0.0142639964838271,0.0141997421835584,NA,100
"G-comp (no cloning)","RD",2,-0.7,"small",0.4,25,"no_tv",-0.0947224291803746,-0.105367498999536,0.0106450698191618,0.0144877340233684,0.01791962622979,NA,100
"G-comp (no cloning)","RD",2,-0.7,"small",0.4,25,"coarse_L",-0.097287630019192,-0.105367498999536,0.00807986898034438,0.0138904610799416,0.0160093642179435,NA,100
"G-comp (no cloning)","RD",2,-0.7,"small",0.4,25,"nonlinear_L",-0.105729894451082,-0.105367498999536,-0.000362395451545963,0.0141821483323562,0.0141157121134941,NA,100
"G-comp (no cloning)","RD",2,-0.7,"small",0.4,25,"cloglog",-0.10234817072903,-0.105367498999536,0.00301932827050669,0.0136539369013379,0.0139169693605232,NA,100
"G-comp (no cloning)","RD",2,-0.7,"small",0.4,25,"lpm",-0.098429738586505,-0.105367498999536,0.00693776041303132,0.0160622618360553,0.0174226522747176,NA,100
"G-comp (no cloning)","RD",5,-0.7,"small",0.4,25,"correct",-0.0921542416631086,-0.0821353199189906,-0.0100189217441181,0.00767176416662961,0.0125954832653956,NA,100
"G-comp (no cloning)","RD",5,-0.7,"small",0.4,25,"no_lag",-0.0910707584202763,-0.0821353199189906,-0.00893543850128575,0.00778601332732857,0.0118261508830331,NA,100
"G-comp (no cloning)","RD",5,-0.7,"small",0.4,25,"no_tv",-0.0813206623759178,-0.0821353199189906,0.000814657543072782,0.0091239218430657,0.0091146671476732,NA,100
"G-comp (no cloning)","RD",5,-0.7,"small",0.4,25,"coarse_L",-0.0850803533951918,-0.0821353199189906,-0.00294503347620124,0.00808937988980324,0.00857070058440286,NA,100
"G-comp (no cloning)","RD",5,-0.7,"small",0.4,25,"nonlinear_L",-0.0920006423229335,-0.0821353199189906,-0.00986532240394295,0.00777476231491144,0.0125366281709466,NA,100
"G-comp (no cloning)","RD",5,-0.7,"small",0.4,25,"cloglog",-0.0898573325720284,-0.0821353199189906,-0.00772201265303781,0.0075687294425666,0.0107862082371287,NA,100
"G-comp (no cloning)","RD",5,-0.7,"small",0.4,25,"lpm",-0.0824247839770906,-0.0821353199189906,-0.000289464058100033,0.00893301265782991,0.0088929476235066,NA,100
"G-comp (no cloning)","RD",8,-0.7,"small",0.4,25,"correct",-0.0777015787883198,-0.0698427863991118,-0.00785879238920795,0.00592596729766188,0.0098247918728847,NA,100
"G-comp (no cloning)","RD",8,-0.7,"small",0.4,25,"no_lag",-0.0762907759648175,-0.0698427863991118,-0.00644798956570566,0.0059351316629841,0.00874357475051457,NA,100
"G-comp (no cloning)","RD",8,-0.7,"small",0.4,25,"no_tv",-0.06725285510266,-0.0698427863991118,0.00258993129645176,0.00624963628545341,0.00673610557249451,NA,100
"G-comp (no cloning)","RD",8,-0.7,"small",0.4,25,"coarse_L",-0.0714651194602322,-0.0698427863991118,-0.00162233306112041,0.00608073136403134,0.00626398479751537,NA,100
"G-comp (no cloning)","RD",8,-0.7,"small",0.4,25,"nonlinear_L",-0.0778059136387157,-0.0698427863991118,-0.0079631272396039,0.00603175645280504,0.00997144224678744,NA,100
"G-comp (no cloning)","RD",8,-0.7,"small",0.4,25,"cloglog",-0.0755673491651412,-0.0698427863991118,-0.00572456276602938,0.00583117847431196,0.00815065855238068,NA,100
"G-comp (no cloning)","RD",8,-0.7,"small",0.4,25,"lpm",-0.0685453289531267,-0.0698427863991118,0.00129745744598509,0.00622873803782582,0.00633187188693531,NA,100
"G-comp (no cloning)","RD",2,-0.5,"small",0.4,25,"correct",-0.0729845820715691,-0.0718312691569835,-0.00115331291458565,0.013922044965362,0.0139001882482337,NA,100
"G-comp (no cloning)","RD",2,-0.5,"small",0.4,25,"no_lag",-0.0721524883824971,-0.0718312691569835,-0.00032121922551362,0.0139868061224265,0.0139204030057367,NA,100
"G-comp (no cloning)","RD",2,-0.5,"small",0.4,25,"no_tv",-0.063204620662387,-0.0718312691569835,0.00862664849459647,0.0152856631174989,0.0174852522492977,NA,100
"G-comp (no cloning)","RD",2,-0.5,"small",0.4,25,"coarse_L",-0.0657600624341796,-0.0718312691569835,0.00607120672280385,0.0138060964948606,0.0150187139426839,NA,100
"G-comp (no cloning)","RD",2,-0.5,"small",0.4,25,"nonlinear_L",-0.073133246240974,-0.0718312691569835,-0.00130197708399058,0.0139975719651448,0.0139881322926776,NA,100
"G-comp (no cloning)","RD",2,-0.5,"small",0.4,25,"cloglog",-0.0708412552170272,-0.0718312691569835,0.000990013939956246,0.0133853409569035,0.0133549918236044,NA,100
"G-comp (no cloning)","RD",2,-0.5,"small",0.4,25,"lpm",-0.0641768466286707,-0.0718312691569835,0.00765442252831272,0.0170254962915268,0.0185892181916025,NA,100
"G-comp (no cloning)","RD",5,-0.5,"small",0.4,25,"correct",-0.0611252536864628,-0.0569676227881472,-0.00415763089831564,0.00714804238396839,0.00823829226905718,NA,100
"G-comp (no cloning)","RD",5,-0.5,"small",0.4,25,"no_lag",-0.0594008734833676,-0.0569676227881472,-0.00243325069522044,0.00721267644545126,0.0075778086171063,NA,100
"G-comp (no cloning)","RD",5,-0.5,"small",0.4,25,"no_tv",-0.0483734058455072,-0.0569676227881472,0.00859421694263997,0.00859085406406359,0.0121212751256498,NA,100
"G-comp (no cloning)","RD",5,-0.5,"small",0.4,25,"coarse_L",-0.0545558633387081,-0.0569676227881472,0.00241175944943905,0.00743344022819777,0.00777946379462528,NA,100
"G-comp (no cloning)","RD",5,-0.5,"small",0.4,25,"nonlinear_L",-0.0610329130988718,-0.0569676227881472,-0.00406529031072464,0.00725616762835001,0.00828565231437327,NA,100
"G-comp (no cloning)","RD",5,-0.5,"small",0.4,25,"cloglog",-0.0596515666419747,-0.0569676227881472,-0.0026839438538275,0.00671066012391192,0.00719626182932315,NA,100
"G-comp (no cloning)","RD",5,-0.5,"small",0.4,25,"lpm",-0.053965127594622,-0.0569676227881472,0.00300249519352513,0.00813589027050246,0.00863398869444833,NA,100
"G-comp (no cloning)","RD",8,-0.5,"small",0.4,25,"correct",-0.0555665833394241,-0.0489632870192666,-0.00660329632015757,0.00521496800742555,0.00839806255615507,NA,100
"G-comp (no cloning)","RD",8,-0.5,"small",0.4,25,"no_lag",-0.0540748839747224,-0.0489632870192666,-0.00511159695545587,0.0052666549632587,0.0073204304102985,NA,100
"G-comp (no cloning)","RD",8,-0.5,"small",0.4,25,"no_tv",-0.0441231352494,-0.0489632870192666,0.00484015176986651,0.0056254263260987,0.00739973217705902,NA,100
"G-comp (no cloning)","RD",8,-0.5,"small",0.4,25,"coarse_L",-0.0494693326110802,-0.0489632870192666,-0.000506045591813626,0.00499551311435349,0.00499616672098869,NA,100
"G-comp (no cloning)","RD",8,-0.5,"small",0.4,25,"nonlinear_L",-0.0554806455906871,-0.0489632870192666,-0.00651735857142059,0.00520986186201165,0.00832749642830908,NA,100
"G-comp (no cloning)","RD",8,-0.5,"small",0.4,25,"cloglog",-0.0538564964945188,-0.0489632870192666,-0.00489320947525224,0.00522380704300656,0.00713854168517896,NA,100
"G-comp (no cloning)","RD",8,-0.5,"small",0.4,25,"lpm",-0.0498591295143977,-0.0489632870192666,-0.000895842495131119,0.00497309284466002,0.00502860514390177,NA,100
"G-comp (no cloning)","RD",2,-1,"medium",1,25,"correct",-0.161898667988221,-0.157561792455253,-0.00433687553296803,0.0143211505389906,0.0148947268730005,NA,100
"G-comp (no cloning)","RD",2,-1,"medium",1,25,"no_lag",-0.159329509301623,-0.157561792455253,-0.0017677168463705,0.0144771043903837,0.0145125982809319,NA,100
"G-comp (no cloning)","RD",2,-1,"medium",1,25,"no_tv",-0.134611585899117,-0.157561792455253,0.0229502065561359,0.0149546965135816,0.0273517549584026,NA,100
"G-comp (no cloning)","RD",2,-1,"medium",1,25,"coarse_L",-0.143011029592247,-0.157561792455253,0.0145507628630056,0.0135636330826631,0.019845833841704,NA,100
"G-comp (no cloning)","RD",2,-1,"medium",1,25,"nonlinear_L",-0.162161105342921,-0.157561792455253,-0.00459931288766786,0.0145956443144197,0.015233390419148,NA,100
"G-comp (no cloning)","RD",2,-1,"medium",1,25,"cloglog",-0.157101536334391,-0.157561792455253,0.000460256120861871,0.0137193990048785,0.0136583866419611,NA,100
"G-comp (no cloning)","RD",2,-1,"medium",1,25,"lpm",-0.154195388107577,-0.157561792455253,0.00336640434767623,0.0166922927044079,0.0169463561748355,NA,100
"G-comp (no cloning)","RD",5,-1,"medium",1,25,"correct",-0.135326776855089,-0.123633070025923,-0.0116937068291663,0.00818680531183913,0.0142511867157899,NA,100
"G-comp (no cloning)","RD",5,-1,"medium",1,25,"no_lag",-0.132346982372802,-0.123633070025923,-0.00871391234687962,0.00841334832646078,0.0120834123554085,NA,100
"G-comp (no cloning)","RD",5,-1,"medium",1,25,"no_tv",-0.106633366667627,-0.123633070025923,0.0169997033582957,0.0101361497097024,0.0197662345907908,NA,100
"G-comp (no cloning)","RD",5,-1,"medium",1,25,"coarse_L",-0.118027831702378,-0.123633070025923,0.00560523832354423,0.00908404483041779,0.0106354768788221,NA,100
"G-comp (no cloning)","RD",5,-1,"medium",1,25,"nonlinear_L",-0.135177977149845,-0.123633070025923,-0.0115449071239221,0.00817701532734576,0.0141237326641012,NA,100
"G-comp (no cloning)","RD",5,-1,"medium",1,25,"cloglog",-0.132720396586667,-0.123633070025923,-0.00908732656074474,0.00797748860027147,0.0120657956698016,NA,100
"G-comp (no cloning)","RD",5,-1,"medium",1,25,"lpm",-0.123171460483655,-0.123633070025923,0.000461609542267359,0.0102625551437119,0.0102215420102088,NA,100
"G-comp (no cloning)","RD",8,-1,"medium",1,25,"correct",-0.112796581165708,-0.107296828776202,-0.00549975238950572,0.00632562560495461,0.00835827017073453,NA,100
"G-comp (no cloning)","RD",8,-1,"medium",1,25,"no_lag",-0.109761794938863,-0.107296828776202,-0.00246496616266143,0.00647197999294954,0.00689519528091218,NA,100
"G-comp (no cloning)","RD",8,-1,"medium",1,25,"no_tv",-0.0857779415705516,-0.107296828776202,0.0215188872056502,0.00782529460235592,0.0228841733481247,NA,100
"G-comp (no cloning)","RD",8,-1,"medium",1,25,"coarse_L",-0.0979542516942533,-0.107296828776202,0.00934257708194849,0.00679914520675718,0.0115347231574621,NA,100
"G-comp (no cloning)","RD",8,-1,"medium",1,25,"nonlinear_L",-0.112652919985185,-0.107296828776202,-0.00535609120898286,0.00634197691872909,0.00827684587051487,NA,100
"G-comp (no cloning)","RD",8,-1,"medium",1,25,"cloglog",-0.110908562653176,-0.107296828776202,-0.00361173387697441,0.00628003010922706,0.00721727178296307,NA,100
"G-comp (no cloning)","RD",8,-1,"medium",1,25,"lpm",-0.101852118895636,-0.107296828776202,0.00544470988056612,0.00696034228545184,0.00880947028866531,NA,100
"G-comp (no cloning)","RD",2,-0.7,"medium",1,25,"correct",-0.108010002254163,-0.103208945273067,-0.00480105698109515,0.0127691821703382,0.0135820337689911,NA,100
"G-comp (no cloning)","RD",2,-0.7,"medium",1,25,"no_lag",-0.105696460432878,-0.103208945273067,-0.00248751515981027,0.0127104618490992,0.0128890656637135,NA,100
"G-comp (no cloning)","RD",2,-0.7,"medium",1,25,"no_tv",-0.0811142232538874,-0.103208945273067,0.0220947220191801,0.0129040690701029,0.0255543849404592,NA,100
"G-comp (no cloning)","RD",2,-0.7,"medium",1,25,"coarse_L",-0.0908534698500717,-0.103208945273067,0.0123554754229958,0.0123222407787861,0.0174062349335096,NA,100
"G-comp (no cloning)","RD",2,-0.7,"medium",1,25,"nonlinear_L",-0.107997961326648,-0.103208945273067,-0.00478901605358072,0.013008349170189,0.0138007119893749,NA,100
"G-comp (no cloning)","RD",2,-0.7,"medium",1,25,"cloglog",-0.10494691349897,-0.103208945273067,-0.00173796822590283,0.0124670759920221,0.0125257429922218,NA,100
"G-comp (no cloning)","RD",2,-0.7,"medium",1,25,"lpm",-0.0899321757845493,-0.103208945273067,0.0132767694885181,0.0150622727805322,0.0200218867430933,NA,100
"G-comp (no cloning)","RD",5,-0.7,"medium",1,25,"correct",-0.0900768164925481,-0.0831784790995589,-0.00689833739298924,0.00770216628559505,0.0103110227729145,NA,100
"G-comp (no cloning)","RD",5,-0.7,"medium",1,25,"no_lag",-0.0868550429393772,-0.0831784790995589,-0.00367656383981833,0.00781761505884274,0.00860355018724375,NA,100
"G-comp (no cloning)","RD",5,-0.7,"medium",1,25,"no_tv",-0.0598311566388852,-0.0831784790995589,0.0233473224606737,0.00985219344296464,0.0253217796484351,NA,100
"G-comp (no cloning)","RD",5,-0.7,"medium",1,25,"coarse_L",-0.0735379804296006,-0.0831784790995589,0.0096404986699583,0.0082760333235944,0.0126786046118246,NA,100
"G-comp (no cloning)","RD",5,-0.7,"medium",1,25,"nonlinear_L",-0.0901266911858353,-0.0831784790995589,-0.0069482120862764,0.00792659083875907,0.0105109554797709,NA,100
"G-comp (no cloning)","RD",5,-0.7,"medium",1,25,"cloglog",-0.0887948393693549,-0.0831784790995589,-0.00561636026979603,0.00736165109913908,0.00923013924686645,NA,100
"G-comp (no cloning)","RD",5,-0.7,"medium",1,25,"lpm",-0.0719641522617232,-0.0831784790995589,0.0112143268378357,0.0094786184454617,0.0146528799894117,NA,100
"G-comp (no cloning)","RD",8,-0.7,"medium",1,25,"correct",-0.0771022128750854,-0.0730403093091784,-0.00406190356590701,0.00581396624990995,0.00706846815783088,NA,100
"G-comp (no cloning)","RD",8,-0.7,"medium",1,25,"no_lag",-0.0735058807771631,-0.0730403093091784,-0.00046557146798471,0.0060313663098192,0.0060191662677975,NA,100
"G-comp (no cloning)","RD",8,-0.7,"medium",1,25,"no_tv",-0.0472393987788503,-0.0730403093091784,0.0258009105303281,0.0075093935117522,0.0268610138527793,NA,100
"G-comp (no cloning)","RD",8,-0.7,"medium",1,25,"coarse_L",-0.062750419521655,-0.0730403093091784,0.0102898897875234,0.00629020613236829,0.0120437891917446,NA,100
"G-comp (no cloning)","RD",8,-0.7,"medium",1,25,"nonlinear_L",-0.0771742283219811,-0.0730403093091784,-0.0041339190128027,0.00592919918033046,0.00720368900600537,NA,100
"G-comp (no cloning)","RD",8,-0.7,"medium",1,25,"cloglog",-0.0761254841564961,-0.0730403093091784,-0.00308517484731768,0.00577917517899778,0.00652557897282458,NA,100
"G-comp (no cloning)","RD",8,-0.7,"medium",1,25,"lpm",-0.0627814990652166,-0.0730403093091784,0.0102588102439618,0.00690163066474943,0.012345013908291,NA,100
"G-comp (no cloning)","RD",2,-0.5,"medium",1,25,"correct",-0.0740272273341314,-0.0704769067816117,-0.00355032055251973,0.010014007087884,0.0105774434814029,NA,100
"G-comp (no cloning)","RD",2,-0.5,"medium",1,25,"no_lag",-0.0718152492693486,-0.0704769067816117,-0.00133834248773695,0.0101757503331534,0.0102128153076772,NA,100
"G-comp (no cloning)","RD",2,-0.5,"medium",1,25,"no_tv",-0.0476233352567047,-0.0704769067816117,0.0228535715249069,0.0112353991720982,0.025441257517168,NA,100
"G-comp (no cloning)","RD",2,-0.5,"medium",1,25,"coarse_L",-0.0581443872060505,-0.0704769067816117,0.0123325195755611,0.00953584814690045,0.0155600165476627,NA,100
"G-comp (no cloning)","RD",2,-0.5,"medium",1,25,"nonlinear_L",-0.0740477966555151,-0.0704769067816117,-0.00357088987390346,0.00992187721414974,0.010498117234518,NA,100
"G-comp (no cloning)","RD",2,-0.5,"medium",1,25,"cloglog",-0.0729174973016506,-0.0704769067816117,-0.00244059052003895,0.00982722278120763,0.0100779485314262,NA,100
"G-comp (no cloning)","RD",2,-0.5,"medium",1,25,"lpm",-0.0466791473400824,-0.0704769067816117,0.0237977594415292,0.0124935283971704,0.0268488495792592,NA,100
"G-comp (no cloning)","RD",5,-0.5,"medium",1,25,"correct",-0.0641375752989994,-0.057593918015868,-0.00654365728313137,0.00680390215810204,0.00941539188617944,NA,100
"G-comp (no cloning)","RD",5,-0.5,"medium",1,25,"no_lag",-0.0604038791058918,-0.057593918015868,-0.00280996109002385,0.00697830713878116,0.00749037276411398,NA,100
"G-comp (no cloning)","RD",5,-0.5,"medium",1,25,"no_tv",-0.0320457520997108,-0.057593918015868,0.0255481659161572,0.00874070147717285,0.0269878610743685,NA,100
"G-comp (no cloning)","RD",5,-0.5,"medium",1,25,"coarse_L",-0.0483194639908491,-0.057593918015868,0.00927445402501891,0.00724429098631989,0.0117460824038366,NA,100
"G-comp (no cloning)","RD",5,-0.5,"medium",1,25,"nonlinear_L",-0.0638724521900505,-0.057593918015868,-0.00627853417418252,0.00701956800081099,0.00939156978067071,NA,100
"G-comp (no cloning)","RD",5,-0.5,"medium",1,25,"cloglog",-0.0636711451123727,-0.057593918015868,-0.00607722709650474,0.00667866915615694,0.00900506883165917,NA,100
"G-comp (no cloning)","RD",5,-0.5,"medium",1,25,"lpm",-0.0424016653538456,-0.057593918015868,0.0151922526620224,0.00913654440751783,0.0177044124505776,NA,100
"G-comp (no cloning)","RD",8,-0.5,"medium",1,25,"correct",-0.0543267486093855,-0.0512113647691539,-0.00311538384023163,0.00580147959017722,0.00655943673289611,NA,100
"G-comp (no cloning)","RD",8,-0.5,"medium",1,25,"no_lag",-0.0504097157916626,-0.0512113647691539,0.000801648977491299,0.0057690946651775,0.00579588386756796,NA,100
"G-comp (no cloning)","RD",8,-0.5,"medium",1,25,"no_tv",-0.022402529094824,-0.0512113647691539,0.0288088356743299,0.00669172791359145,0.0295682336833871,NA,100
"G-comp (no cloning)","RD",8,-0.5,"medium",1,25,"coarse_L",-0.0397375263651266,-0.0512113647691539,0.0114738384040273,0.00584288509627652,0.0128626156324263,NA,100
"G-comp (no cloning)","RD",8,-0.5,"medium",1,25,"nonlinear_L",-0.0544019739598471,-0.0512113647691539,-0.00319060919069321,0.00586499653684431,0.00665087885479504,NA,100
"G-comp (no cloning)","RD",8,-0.5,"medium",1,25,"cloglog",-0.0538060098365598,-0.0512113647691539,-0.00259464506740587,0.00586404809120296,0.00638555968115523,NA,100
"G-comp (no cloning)","RD",8,-0.5,"medium",1,25,"lpm",-0.0374912369321602,-0.0512113647691539,0.0137201278369937,0.00676165748476359,0.0152808612219762,NA,100
"G-comp (no cloning)","RD",2,-1,"strong",2,25,"correct",-0.163027538981705,-0.158281734212093,-0.00474580476961212,0.00906809960889895,0.0101946451200136,NA,100
"G-comp (no cloning)","RD",2,-1,"strong",2,25,"no_lag",-0.159887331683791,-0.158281734212093,-0.00160559747169801,0.00918904936249412,0.00928289745422264,NA,100
"G-comp (no cloning)","RD",2,-1,"strong",2,25,"no_tv",-0.122385733389162,-0.158281734212093,0.0358960008229309,0.0114583747919578,0.0376630360489446,NA,100
"G-comp (no cloning)","RD",2,-1,"strong",2,25,"coarse_L",-0.13919264547262,-0.158281734212093,0.0190890887394723,0.0100010314950002,0.0215270465591031,NA,100
"G-comp (no cloning)","RD",2,-1,"strong",2,25,"nonlinear_L",-0.163062854495285,-0.158281734212093,-0.0047811202831921,0.00926190599968356,0.0103819162432499,NA,100
"G-comp (no cloning)","RD",2,-1,"strong",2,25,"cloglog",-0.159190356512073,-0.158281734212093,-0.000908622299980366,0.00900917827171342,0.0090099519801284,NA,100
"G-comp (no cloning)","RD",2,-1,"strong",2,25,"lpm",-0.140560728886349,-0.158281734212093,0.017721005325744,0.0131683113125113,0.0220387025105842,NA,100
"G-comp (no cloning)","RD",5,-1,"strong",2,25,"correct",-0.135216631065248,-0.129431014759885,-0.00578561630536287,0.00714268200495782,0.00916411933546206,NA,100
"G-comp (no cloning)","RD",5,-1,"strong",2,25,"no_lag",-0.13180521185806,-0.129431014759885,-0.00237419709817525,0.00737781073343086,0.00771521757095211,NA,100
"G-comp (no cloning)","RD",5,-1,"strong",2,25,"no_tv",-0.0889620125814521,-0.129431014759885,0.040469002178433,0.0100547070565612,0.0416872438519428,NA,100
"G-comp (no cloning)","RD",5,-1,"strong",2,25,"coarse_L",-0.114713809076924,-0.129431014759885,0.0147172056829611,0.00806687601962816,0.0167636477815383,NA,100
"G-comp (no cloning)","RD",5,-1,"strong",2,25,"nonlinear_L",-0.13544387844479,-0.129431014759885,-0.00601286368490521,0.00722588981338068,0.00937261321363575,NA,100
"G-comp (no cloning)","RD",5,-1,"strong",2,25,"cloglog",-0.133461540227837,-0.129431014759885,-0.00403052546795195,0.00710353040390418,0.00813637992629452,NA,100
"G-comp (no cloning)","RD",5,-1,"strong",2,25,"lpm",-0.114899562697552,-0.129431014759885,0.0145314520623328,0.00990089429494706,0.017555925774541,NA,100
"G-comp (no cloning)","RD",8,-1,"strong",2,25,"correct",-0.114478130549364,-0.111633512871676,-0.00284461767768837,0.00591583682679296,0.00653750746384619,NA,100
"G-comp (no cloning)","RD",8,-1,"strong",2,25,"no_lag",-0.110650848887334,-0.111633512871676,0.000982663984342322,0.00619847881612982,0.00624520269837525,NA,100
"G-comp (no cloning)","RD",8,-1,"strong",2,25,"no_tv",-0.066752206336908,-0.111633512871676,0.0448813065347681,0.00856507597150952,0.0456832419756038,NA,100
"G-comp (no cloning)","RD",8,-1,"strong",2,25,"coarse_L",-0.0951904360517471,-0.111633512871676,0.016443076819929,0.00676934283320719,0.017769089387913,NA,100
"G-comp (no cloning)","RD",8,-1,"strong",2,25,"nonlinear_L",-0.11462562933037,-0.111633512871676,-0.00299211645869379,0.00600189066333677,0.00667946296656317,NA,100
"G-comp (no cloning)","RD",8,-1,"strong",2,25,"cloglog",-0.113252639331212,-0.111633512871676,-0.00161912645953577,0.00587372919072984,0.00606442562424014,NA,100
"G-comp (no cloning)","RD",8,-1,"strong",2,25,"lpm",-0.0948418117043069,-0.111633512871676,0.0167917011673692,0.00817938470429024,0.0186599715673309,NA,100
"G-comp (no cloning)","RD",2,-0.7,"strong",2,25,"correct",-0.109819213885879,-0.102744180069684,-0.00707503381619575,0.00935497541015934,0.0116917283912924,NA,100
"G-comp (no cloning)","RD",2,-0.7,"strong",2,25,"no_lag",-0.106373119049688,-0.102744180069684,-0.00362893898000476,0.00943486357899729,0.0100645756178462,NA,100
"G-comp (no cloning)","RD",2,-0.7,"strong",2,25,"no_tv",-0.0655754939881605,-0.102744180069684,0.0371686860815231,0.0109993167037341,0.0387464365238451,NA,100
"G-comp (no cloning)","RD",2,-0.7,"strong",2,25,"coarse_L",-0.087208663898785,-0.102744180069684,0.0155355161708986,0.00961330578677616,0.0182440059845642,NA,100
"G-comp (no cloning)","RD",2,-0.7,"strong",2,25,"nonlinear_L",-0.109811209389586,-0.102744180069684,-0.00706702931990228,0.00936166978604354,0.0116921920947036,NA,100
"G-comp (no cloning)","RD",2,-0.7,"strong",2,25,"cloglog",-0.108384141739566,-0.102744180069684,-0.00563996166988281,0.00915036781200034,0.0107098602428645,NA,100
"G-comp (no cloning)","RD",2,-0.7,"strong",2,25,"lpm",-0.0703924100731615,-0.102744180069684,0.032351769996522,0.0131706230338291,0.0349051239776641,NA,100
"G-comp (no cloning)","RD",5,-0.7,"strong",2,25,"correct",-0.0914248547530018,-0.0864289105015962,-0.00499594425140564,0.00742888396239537,0.0089216530262402,NA,100
"G-comp (no cloning)","RD",5,-0.7,"strong",2,25,"no_lag",-0.0871503436697778,-0.0864289105015962,-0.000721433168181579,0.00757031693374286,0.00756683998170262,NA,100
"G-comp (no cloning)","RD",5,-0.7,"strong",2,25,"no_tv",-0.0404805246900556,-0.0864289105015962,0.0459483858115406,0.00855841112027668,0.0467308045680879,NA,100
"G-comp (no cloning)","RD",5,-0.7,"strong",2,25,"coarse_L",-0.0697753462433356,-0.0864289105015962,0.0166535642582606,0.0072788674671324,0.0181602118652854,NA,100
"G-comp (no cloning)","RD",5,-0.7,"strong",2,25,"nonlinear_L",-0.0914073847675251,-0.0864289105015962,-0.00497847426592897,0.00738647298604589,0.00887691327874542,NA,100
"G-comp (no cloning)","RD",5,-0.7,"strong",2,25,"cloglog",-0.0905882525117845,-0.0864289105015962,-0.00415934201018832,0.00733301573982316,0.00839854240924023,NA,100
"G-comp (no cloning)","RD",5,-0.7,"strong",2,25,"lpm",-0.0585362794943977,-0.0864289105015962,0.0278926310071985,0.00906978884011524,0.0293161614713108,NA,100
"G-comp (no cloning)","RD",8,-0.7,"strong",2,25,"correct",-0.079479113082359,-0.073695298677964,-0.00578381440439504,0.00631591390615119,0.00854074761655573,NA,100
"G-comp (no cloning)","RD",8,-0.7,"strong",2,25,"no_lag",-0.0748007300454028,-0.073695298677964,-0.00110543136743884,0.0064304792277383,0.00649303711490299,NA,100
"G-comp (no cloning)","RD",8,-0.7,"strong",2,25,"no_tv",-0.0266437336318543,-0.073695298677964,0.0470515650461096,0.00790804586427656,0.047704943043524,NA,100
"G-comp (no cloning)","RD",8,-0.7,"strong",2,25,"coarse_L",-0.0583175910633003,-0.073695298677964,0.0153777076146637,0.00701861830660081,0.0168891173359208,NA,100
"G-comp (no cloning)","RD",8,-0.7,"strong",2,25,"nonlinear_L",-0.079458063738833,-0.073695298677964,-0.00576276506086904,0.00635109959860055,0.00855234252102917,NA,100
"G-comp (no cloning)","RD",8,-0.7,"strong",2,25,"cloglog",-0.0787134627523862,-0.073695298677964,-0.00501816407442219,0.00619286465943438,0.00794669916638299,NA,100
"G-comp (no cloning)","RD",8,-0.7,"strong",2,25,"lpm",-0.0520840137870692,-0.073695298677964,0.0216112848908948,0.00873513160976999,0.0232934998150347,NA,100
"G-comp (no cloning)","RD",2,-0.5,"strong",2,25,"correct",-0.0738042887319964,-0.0679421293508451,-0.00586215938115132,0.0106419151410856,0.0121030065232316,NA,100
"G-comp (no cloning)","RD",2,-0.5,"strong",2,25,"no_lag",-0.0705493648791039,-0.0679421293508451,-0.00260723552825883,0.0106359495626942,0.0108990763814641,NA,100
"G-comp (no cloning)","RD",2,-0.5,"strong",2,25,"no_tv",-0.0320892117248254,-0.0679421293508451,0.0358529176260197,0.0116590217388545,0.0376829558597274,NA,100
"G-comp (no cloning)","RD",2,-0.5,"strong",2,25,"coarse_L",-0.0535207035182605,-0.0679421293508451,0.0144214258325846,0.0106370380960318,0.0178883380085073,NA,100
"G-comp (no cloning)","RD",2,-0.5,"strong",2,25,"nonlinear_L",-0.0740115921858894,-0.0679421293508451,-0.00606946283504427,0.0107756626565951,0.0123203951128945,NA,100
"G-comp (no cloning)","RD",2,-0.5,"strong",2,25,"cloglog",-0.0736209062362461,-0.0679421293508451,-0.00567877688540099,0.0102650778350366,0.0116861718130417,NA,100
"G-comp (no cloning)","RD",2,-0.5,"strong",2,25,"lpm",-0.0229456349581899,-0.0679421293508451,0.0449964943926552,0.0152031143253431,0.0474711264450909,NA,100
"G-comp (no cloning)","RD",5,-0.5,"strong",2,25,"correct",-0.0601217601166889,-0.0592813176469181,-0.000840442469770725,0.00802646269723474,0.00803033037556949,NA,100
"G-comp (no cloning)","RD",5,-0.5,"strong",2,25,"no_lag",-0.0552814581787267,-0.0592813176469181,0.00399985946819148,0.00831784967986474,0.00919204182046289,NA,100
"G-comp (no cloning)","RD",5,-0.5,"strong",2,25,"no_tv",-0.00459234063321686,-0.0592813176469181,0.0546889770137013,0.0100184944561222,0.0555900237062445,NA,100
"G-comp (no cloning)","RD",5,-0.5,"strong",2,25,"coarse_L",-0.0374689137658116,-0.0592813176469181,0.0218124038811066,0.00847284246995549,0.0233848697237763,NA,100
"G-comp (no cloning)","RD",5,-0.5,"strong",2,25,"nonlinear_L",-0.0599812023307027,-0.0592813176469181,-0.00069988468378455,0.00799508165779278,0.00798573452966119,NA,100
"G-comp (no cloning)","RD",5,-0.5,"strong",2,25,"cloglog",-0.0597540051705346,-0.0592813176469181,-0.000472687523616472,0.00787383243468567,0.00784861123590636,NA,100
"G-comp (no cloning)","RD",5,-0.5,"strong",2,25,"lpm",-0.0170942484138449,-0.0592813176469181,0.0421870692330733,0.0110083660332582,0.0435857900234823,NA,100
"G-comp (no cloning)","RD",8,-0.5,"strong",2,25,"correct",-0.0562912676117989,-0.0495488313631018,-0.00674243624869702,0.00594147587826237,0.00896708262611634,NA,100
"G-comp (no cloning)","RD",8,-0.5,"strong",2,25,"no_lag",-0.0512647352837152,-0.0495488313631018,-0.0017159039206134,0.00631390768942929,0.00651238069159846,NA,100
"G-comp (no cloning)","RD",8,-0.5,"strong",2,25,"no_tv",-0.00050850315256495,-0.0495488313631018,0.0490403282105369,0.00853475156125949,0.0497701452214827,NA,100
"G-comp (no cloning)","RD",8,-0.5,"strong",2,25,"coarse_L",-0.0346037066758918,-0.0495488313631018,0.01494512468721,0.00688366475490339,0.0164398218959201,NA,100
"G-comp (no cloning)","RD",8,-0.5,"strong",2,25,"nonlinear_L",-0.056227679979364,-0.0495488313631018,-0.0066788486162622,0.00583817583735083,0.00885158025302242,NA,100
"G-comp (no cloning)","RD",8,-0.5,"strong",2,25,"cloglog",-0.0558146257444462,-0.0495488313631018,-0.00626579438134441,0.00582763574276401,0.00853708991378938,NA,100
"G-comp (no cloning)","RD",8,-0.5,"strong",2,25,"lpm",-0.0220422447131751,-0.0495488313631018,0.0275065866499267,0.00809005742240864,0.0286601962299077,NA,100
"IPTW (no cloning)","RD",2,-1,"small",0.4,25,"correct",-0.157744487530333,-0.158884966736931,0.00114047920659829,0.0321517844093518,0.032010944395926,NA,100
"IPTW (no cloning)","RD",2,-1,"small",0.4,25,"no_lag",-0.157744487530333,-0.158884966736931,0.00114047920659829,0.0321517844093518,0.032010944395926,NA,100
"IPTW (no cloning)","RD",2,-1,"small",0.4,25,"no_tv",-0.157744487530333,-0.158884966736931,0.00114047920659829,0.0321517844093518,0.032010944395926,NA,100
"IPTW (no cloning)","RD",2,-1,"small",0.4,25,"coarse_L",-0.157744487530333,-0.158884966736931,0.00114047920659829,0.0321517844093518,0.032010944395926,NA,100
"IPTW (no cloning)","RD",2,-1,"small",0.4,25,"nonlinear_L",-0.157744487530333,-0.158884966736931,0.00114047920659829,0.0321517844093518,0.032010944395926,NA,100
"IPTW (no cloning)","RD",2,-1,"small",0.4,25,"cloglog",-0.157744487530333,-0.158884966736931,0.00114047920659829,0.0321517844093518,0.032010944395926,NA,100
"IPTW (no cloning)","RD",2,-1,"small",0.4,25,"lpm",-0.157744487530333,-0.158884966736931,0.00114047920659829,0.0321517844093518,0.032010944395926,NA,100
"IPTW (no cloning)","RD",5,-1,"small",0.4,25,"correct",-0.115189581789405,-0.120971162827715,0.00578158103830996,0.0205779096978122,0.0212753976028309,NA,100
"IPTW (no cloning)","RD",5,-1,"small",0.4,25,"no_lag",-0.115189581789405,-0.120971162827715,0.00578158103830996,0.0205779096978122,0.0212753976028309,NA,100
"IPTW (no cloning)","RD",5,-1,"small",0.4,25,"no_tv",-0.115189581789405,-0.120971162827715,0.00578158103830996,0.0205779096978122,0.0212753976028309,NA,100
"IPTW (no cloning)","RD",5,-1,"small",0.4,25,"coarse_L",-0.115189581789405,-0.120971162827715,0.00578158103830996,0.0205779096978122,0.0212753976028309,NA,100
"IPTW (no cloning)","RD",5,-1,"small",0.4,25,"nonlinear_L",-0.115189581789405,-0.120971162827715,0.00578158103830996,0.0205779096978122,0.0212753976028309,NA,100
"IPTW (no cloning)","RD",5,-1,"small",0.4,25,"cloglog",-0.115189581789405,-0.120971162827715,0.00578158103830996,0.0205779096978122,0.0212753976028309,NA,100
"IPTW (no cloning)","RD",5,-1,"small",0.4,25,"lpm",-0.115189581789405,-0.120971162827715,0.00578158103830996,0.0205779096978122,0.0212753976028309,NA,100
"IPTW (no cloning)","RD",8,-1,"small",0.4,25,"correct",-0.0876948808296353,-0.101768486263082,0.0140736054334469,0.0133789593534243,0.0193719631876359,NA,100
"IPTW (no cloning)","RD",8,-1,"small",0.4,25,"no_lag",-0.0876948808296353,-0.101768486263082,0.0140736054334469,0.0133789593534243,0.0193719631876359,NA,100
"IPTW (no cloning)","RD",8,-1,"small",0.4,25,"no_tv",-0.0876948808296353,-0.101768486263082,0.0140736054334469,0.0133789593534243,0.0193719631876359,NA,100
"IPTW (no cloning)","RD",8,-1,"small",0.4,25,"coarse_L",-0.0876948808296353,-0.101768486263082,0.0140736054334469,0.0133789593534243,0.0193719631876359,NA,100
"IPTW (no cloning)","RD",8,-1,"small",0.4,25,"nonlinear_L",-0.0876948808296353,-0.101768486263082,0.0140736054334469,0.0133789593534243,0.0193719631876359,NA,100
"IPTW (no cloning)","RD",8,-1,"small",0.4,25,"cloglog",-0.0876948808296353,-0.101768486263082,0.0140736054334469,0.0133789593534243,0.0193719631876359,NA,100
"IPTW (no cloning)","RD",8,-1,"small",0.4,25,"lpm",-0.0876948808296353,-0.101768486263082,0.0140736054334469,0.0133789593534243,0.0193719631876359,NA,100
"IPTW (no cloning)","RD",2,-0.7,"small",0.4,25,"correct",-0.0990388599706453,-0.105367498999536,0.00632863902889101,0.0320764545462892,0.032537080675063,NA,100
"IPTW (no cloning)","RD",2,-0.7,"small",0.4,25,"no_lag",-0.0990388599706453,-0.105367498999536,0.00632863902889101,0.0320764545462892,0.032537080675063,NA,100
"IPTW (no cloning)","RD",2,-0.7,"small",0.4,25,"no_tv",-0.0990388599706453,-0.105367498999536,0.00632863902889101,0.0320764545462892,0.032537080675063,NA,100
"IPTW (no cloning)","RD",2,-0.7,"small",0.4,25,"coarse_L",-0.0990388599706453,-0.105367498999536,0.00632863902889101,0.0320764545462892,0.032537080675063,NA,100
"IPTW (no cloning)","RD",2,-0.7,"small",0.4,25,"nonlinear_L",-0.0990388599706453,-0.105367498999536,0.00632863902889101,0.0320764545462892,0.032537080675063,NA,100
"IPTW (no cloning)","RD",2,-0.7,"small",0.4,25,"cloglog",-0.0990388599706453,-0.105367498999536,0.00632863902889101,0.0320764545462892,0.032537080675063,NA,100
"IPTW (no cloning)","RD",2,-0.7,"small",0.4,25,"lpm",-0.0990388599706453,-0.105367498999536,0.00632863902889101,0.0320764545462892,0.032537080675063,NA,100
"IPTW (no cloning)","RD",5,-0.7,"small",0.4,25,"correct",-0.0748688070855193,-0.0821353199189906,0.00726651283347129,0.0169063219008187,0.0183239649576985,NA,100
"IPTW (no cloning)","RD",5,-0.7,"small",0.4,25,"no_lag",-0.0748688070855193,-0.0821353199189906,0.00726651283347129,0.0169063219008187,0.0183239649576985,NA,100
"IPTW (no cloning)","RD",5,-0.7,"small",0.4,25,"no_tv",-0.0748688070855193,-0.0821353199189906,0.00726651283347129,0.0169063219008187,0.0183239649576985,NA,100
"IPTW (no cloning)","RD",5,-0.7,"small",0.4,25,"coarse_L",-0.0748688070855193,-0.0821353199189906,0.00726651283347129,0.0169063219008187,0.0183239649576985,NA,100
"IPTW (no cloning)","RD",5,-0.7,"small",0.4,25,"nonlinear_L",-0.0748688070855193,-0.0821353199189906,0.00726651283347129,0.0169063219008187,0.0183239649576985,NA,100
"IPTW (no cloning)","RD",5,-0.7,"small",0.4,25,"cloglog",-0.0748688070855193,-0.0821353199189906,0.00726651283347129,0.0169063219008187,0.0183239649576985,NA,100
"IPTW (no cloning)","RD",5,-0.7,"small",0.4,25,"lpm",-0.0748688070855193,-0.0821353199189906,0.00726651283347129,0.0169063219008187,0.0183239649576985,NA,100
"IPTW (no cloning)","RD",8,-0.7,"small",0.4,25,"correct",-0.0529529154695267,-0.0698427863991118,0.0168898709295851,0.0130132900792548,0.0212819172425326,NA,100
"IPTW (no cloning)","RD",8,-0.7,"small",0.4,25,"no_lag",-0.0529529154695267,-0.0698427863991118,0.0168898709295851,0.0130132900792548,0.0212819172425326,NA,100
"IPTW (no cloning)","RD",8,-0.7,"small",0.4,25,"no_tv",-0.0529529154695267,-0.0698427863991118,0.0168898709295851,0.0130132900792548,0.0212819172425326,NA,100
"IPTW (no cloning)","RD",8,-0.7,"small",0.4,25,"coarse_L",-0.0529529154695267,-0.0698427863991118,0.0168898709295851,0.0130132900792548,0.0212819172425326,NA,100
"IPTW (no cloning)","RD",8,-0.7,"small",0.4,25,"nonlinear_L",-0.0529529154695267,-0.0698427863991118,0.0168898709295851,0.0130132900792548,0.0212819172425326,NA,100
"IPTW (no cloning)","RD",8,-0.7,"small",0.4,25,"cloglog",-0.0529529154695267,-0.0698427863991118,0.0168898709295851,0.0130132900792548,0.0212819172425326,NA,100
"IPTW (no cloning)","RD",8,-0.7,"small",0.4,25,"lpm",-0.0529529154695267,-0.0698427863991118,0.0168898709295851,0.0130132900792548,0.0212819172425326,NA,100
"IPTW (no cloning)","RD",2,-0.5,"small",0.4,25,"correct",-0.0647567263957159,-0.0718312691569835,0.0070745427612675,0.0324959158209463,0.0330979433631851,NA,100
"IPTW (no cloning)","RD",2,-0.5,"small",0.4,25,"no_lag",-0.0647567263957159,-0.0718312691569835,0.0070745427612675,0.0324959158209463,0.0330979433631851,NA,100
"IPTW (no cloning)","RD",2,-0.5,"small",0.4,25,"no_tv",-0.0647567263957159,-0.0718312691569835,0.0070745427612675,0.0324959158209463,0.0330979433631851,NA,100
"IPTW (no cloning)","RD",2,-0.5,"small",0.4,25,"coarse_L",-0.0647567263957159,-0.0718312691569835,0.0070745427612675,0.0324959158209463,0.0330979433631851,NA,100
"IPTW (no cloning)","RD",2,-0.5,"small",0.4,25,"nonlinear_L",-0.0647567263957159,-0.0718312691569835,0.0070745427612675,0.0324959158209463,0.0330979433631851,NA,100
"IPTW (no cloning)","RD",2,-0.5,"small",0.4,25,"cloglog",-0.0647567263957159,-0.0718312691569835,0.0070745427612675,0.0324959158209463,0.0330979433631851,NA,100
"IPTW (no cloning)","RD",2,-0.5,"small",0.4,25,"lpm",-0.0647567263957159,-0.0718312691569835,0.0070745427612675,0.0324959158209463,0.0330979433631851,NA,100
"IPTW (no cloning)","RD",5,-0.5,"small",0.4,25,"correct",-0.040688331206022,-0.0569676227881472,0.0162792915821252,0.0196399783955794,0.0254339693772107,NA,100
"IPTW (no cloning)","RD",5,-0.5,"small",0.4,25,"no_lag",-0.040688331206022,-0.0569676227881472,0.0162792915821252,0.0196399783955794,0.0254339693772107,NA,100
"IPTW (no cloning)","RD",5,-0.5,"small",0.4,25,"no_tv",-0.040688331206022,-0.0569676227881472,0.0162792915821252,0.0196399783955794,0.0254339693772107,NA,100
"IPTW (no cloning)","RD",5,-0.5,"small",0.4,25,"coarse_L",-0.040688331206022,-0.0569676227881472,0.0162792915821252,0.0196399783955794,0.0254339693772107,NA,100
"IPTW (no cloning)","RD",5,-0.5,"small",0.4,25,"nonlinear_L",-0.040688331206022,-0.0569676227881472,0.0162792915821252,0.0196399783955794,0.0254339693772107,NA,100
"IPTW (no cloning)","RD",5,-0.5,"small",0.4,25,"cloglog",-0.040688331206022,-0.0569676227881472,0.0162792915821252,0.0196399783955794,0.0254339693772107,NA,100
"IPTW (no cloning)","RD",5,-0.5,"small",0.4,25,"lpm",-0.040688331206022,-0.0569676227881472,0.0162792915821252,0.0196399783955794,0.0254339693772107,NA,100
"IPTW (no cloning)","RD",8,-0.5,"small",0.4,25,"correct",-0.0256601862903923,-0.0489632870192666,0.0233031007288743,0.0142873662754896,0.0272969238252071,NA,100
"IPTW (no cloning)","RD",8,-0.5,"small",0.4,25,"no_lag",-0.0256601862903923,-0.0489632870192666,0.0233031007288743,0.0142873662754896,0.0272969238252071,NA,100
"IPTW (no cloning)","RD",8,-0.5,"small",0.4,25,"no_tv",-0.0256601862903923,-0.0489632870192666,0.0233031007288743,0.0142873662754896,0.0272969238252071,NA,100
"IPTW (no cloning)","RD",8,-0.5,"small",0.4,25,"coarse_L",-0.0256601862903923,-0.0489632870192666,0.0233031007288743,0.0142873662754896,0.0272969238252071,NA,100
"IPTW (no cloning)","RD",8,-0.5,"small",0.4,25,"nonlinear_L",-0.0256601862903923,-0.0489632870192666,0.0233031007288743,0.0142873662754896,0.0272969238252071,NA,100
"IPTW (no cloning)","RD",8,-0.5,"small",0.4,25,"cloglog",-0.0256601862903923,-0.0489632870192666,0.0233031007288743,0.0142873662754896,0.0272969238252071,NA,100
"IPTW (no cloning)","RD",8,-0.5,"small",0.4,25,"lpm",-0.0256601862903923,-0.0489632870192666,0.0233031007288743,0.0142873662754896,0.0272969238252071,NA,100
"IPTW (no cloning)","RD",2,-1,"medium",1,25,"correct",-0.142792390461495,-0.157561792455253,0.0147694019937577,0.042403260518368,0.0447011339097334,NA,100
"IPTW (no cloning)","RD",2,-1,"medium",1,25,"no_lag",-0.142792390461495,-0.157561792455253,0.0147694019937577,0.042403260518368,0.0447011339097334,NA,100
"IPTW (no cloning)","RD",2,-1,"medium",1,25,"no_tv",-0.142792390461495,-0.157561792455253,0.0147694019937577,0.042403260518368,0.0447011339097334,NA,100
"IPTW (no cloning)","RD",2,-1,"medium",1,25,"coarse_L",-0.142792390461495,-0.157561792455253,0.0147694019937577,0.042403260518368,0.0447011339097334,NA,100
"IPTW (no cloning)","RD",2,-1,"medium",1,25,"nonlinear_L",-0.142792390461495,-0.157561792455253,0.0147694019937577,0.042403260518368,0.0447011339097334,NA,100
"IPTW (no cloning)","RD",2,-1,"medium",1,25,"cloglog",-0.142792390461495,-0.157561792455253,0.0147694019937577,0.042403260518368,0.0447011339097334,NA,100
"IPTW (no cloning)","RD",2,-1,"medium",1,25,"lpm",-0.142792390461495,-0.157561792455253,0.0147694019937577,0.042403260518368,0.0447011339097334,NA,100
"IPTW (no cloning)","RD",5,-1,"medium",1,25,"correct",-0.0869096400563339,-0.123633070025923,0.0367234299695888,0.026540711938423,0.0452324618501764,NA,100
"IPTW (no cloning)","RD",5,-1,"medium",1,25,"no_lag",-0.0869096400563339,-0.123633070025923,0.0367234299695888,0.026540711938423,0.0452324618501764,NA,100
"IPTW (no cloning)","RD",5,-1,"medium",1,25,"no_tv",-0.0869096400563339,-0.123633070025923,0.0367234299695888,0.026540711938423,0.0452324618501764,NA,100
"IPTW (no cloning)","RD",5,-1,"medium",1,25,"coarse_L",-0.0869096400563339,-0.123633070025923,0.0367234299695888,0.026540711938423,0.0452324618501764,NA,100
"IPTW (no cloning)","RD",5,-1,"medium",1,25,"nonlinear_L",-0.0869096400563339,-0.123633070025923,0.0367234299695888,0.026540711938423,0.0452324618501764,NA,100
"IPTW (no cloning)","RD",5,-1,"medium",1,25,"cloglog",-0.0869096400563339,-0.123633070025923,0.0367234299695888,0.026540711938423,0.0452324618501764,NA,100
"IPTW (no cloning)","RD",5,-1,"medium",1,25,"lpm",-0.0869096400563339,-0.123633070025923,0.0367234299695888,0.026540711938423,0.0452324618501764,NA,100
"IPTW (no cloning)","RD",8,-1,"medium",1,25,"correct",-0.045509098056386,-0.107296828776202,0.0617877307198159,0.0254086771308471,0.0667597822967445,NA,100
"IPTW (no cloning)","RD",8,-1,"medium",1,25,"no_lag",-0.045509098056386,-0.107296828776202,0.0617877307198159,0.0254086771308471,0.0667597822967445,NA,100
"IPTW (no cloning)","RD",8,-1,"medium",1,25,"no_tv",-0.045509098056386,-0.107296828776202,0.0617877307198159,0.0254086771308471,0.0667597822967445,NA,100
"IPTW (no cloning)","RD",8,-1,"medium",1,25,"coarse_L",-0.045509098056386,-0.107296828776202,0.0617877307198159,0.0254086771308471,0.0667597822967445,NA,100
"IPTW (no cloning)","RD",8,-1,"medium",1,25,"nonlinear_L",-0.045509098056386,-0.107296828776202,0.0617877307198159,0.0254086771308471,0.0667597822967445,NA,100
"IPTW (no cloning)","RD",8,-1,"medium",1,25,"cloglog",-0.045509098056386,-0.107296828776202,0.0617877307198159,0.0254086771308471,0.0667597822967445,NA,100
"IPTW (no cloning)","RD",8,-1,"medium",1,25,"lpm",-0.045509098056386,-0.107296828776202,0.0617877307198159,0.0254086771308471,0.0667597822967445,NA,100
"IPTW (no cloning)","RD",2,-0.7,"medium",1,25,"correct",-0.0837544335143268,-0.103208945273067,0.0194545117587407,0.0435036170256106,0.047456475586993,NA,100
"IPTW (no cloning)","RD",2,-0.7,"medium",1,25,"no_lag",-0.0837544335143268,-0.103208945273067,0.0194545117587407,0.0435036170256106,0.047456475586993,NA,100
"IPTW (no cloning)","RD",2,-0.7,"medium",1,25,"no_tv",-0.0837544335143268,-0.103208945273067,0.0194545117587407,0.0435036170256106,0.047456475586993,NA,100
"IPTW (no cloning)","RD",2,-0.7,"medium",1,25,"coarse_L",-0.0837544335143268,-0.103208945273067,0.0194545117587407,0.0435036170256106,0.047456475586993,NA,100
"IPTW (no cloning)","RD",2,-0.7,"medium",1,25,"nonlinear_L",-0.0837544335143268,-0.103208945273067,0.0194545117587407,0.0435036170256106,0.047456475586993,NA,100
"IPTW (no cloning)","RD",2,-0.7,"medium",1,25,"cloglog",-0.0837544335143268,-0.103208945273067,0.0194545117587407,0.0435036170256106,0.047456475586993,NA,100
"IPTW (no cloning)","RD",2,-0.7,"medium",1,25,"lpm",-0.0837544335143268,-0.103208945273067,0.0194545117587407,0.0435036170256106,0.047456475586993,NA,100
"IPTW (no cloning)","RD",5,-0.7,"medium",1,25,"correct",-0.0380977950574375,-0.0831784790995589,0.0450806840421214,0.0332152943491087,0.0558971492530391,NA,100
"IPTW (no cloning)","RD",5,-0.7,"medium",1,25,"no_lag",-0.0380977950574375,-0.0831784790995589,0.0450806840421214,0.0332152943491087,0.0558971492530391,NA,100
"IPTW (no cloning)","RD",5,-0.7,"medium",1,25,"no_tv",-0.0380977950574375,-0.0831784790995589,0.0450806840421214,0.0332152943491087,0.0558971492530391,NA,100
"IPTW (no cloning)","RD",5,-0.7,"medium",1,25,"coarse_L",-0.0380977950574375,-0.0831784790995589,0.0450806840421214,0.0332152943491087,0.0558971492530391,NA,100
"IPTW (no cloning)","RD",5,-0.7,"medium",1,25,"nonlinear_L",-0.0380977950574375,-0.0831784790995589,0.0450806840421214,0.0332152943491087,0.0558971492530391,NA,100
"IPTW (no cloning)","RD",5,-0.7,"medium",1,25,"cloglog",-0.0380977950574375,-0.0831784790995589,0.0450806840421214,0.0332152943491087,0.0558971492530391,NA,100
"IPTW (no cloning)","RD",5,-0.7,"medium",1,25,"lpm",-0.0380977950574375,-0.0831784790995589,0.0450806840421214,0.0332152943491087,0.0558971492530391,NA,100
"IPTW (no cloning)","RD",8,-0.7,"medium",1,25,"correct",-0.0134090520396386,-0.0730403093091784,0.0596312572695398,0.0254069434004313,0.0647683911238286,NA,100
"IPTW (no cloning)","RD",8,-0.7,"medium",1,25,"no_lag",-0.0134090520396386,-0.0730403093091784,0.0596312572695398,0.0254069434004313,0.0647683911238286,NA,100
"IPTW (no cloning)","RD",8,-0.7,"medium",1,25,"no_tv",-0.0134090520396386,-0.0730403093091784,0.0596312572695398,0.0254069434004313,0.0647683911238286,NA,100
"IPTW (no cloning)","RD",8,-0.7,"medium",1,25,"coarse_L",-0.0134090520396386,-0.0730403093091784,0.0596312572695398,0.0254069434004313,0.0647683911238286,NA,100
"IPTW (no cloning)","RD",8,-0.7,"medium",1,25,"nonlinear_L",-0.0134090520396386,-0.0730403093091784,0.0596312572695398,0.0254069434004313,0.0647683911238286,NA,100
"IPTW (no cloning)","RD",8,-0.7,"medium",1,25,"cloglog",-0.0134090520396386,-0.0730403093091784,0.0596312572695398,0.0254069434004313,0.0647683911238286,NA,100
"IPTW (no cloning)","RD",8,-0.7,"medium",1,25,"lpm",-0.0134090520396386,-0.0730403093091784,0.0596312572695398,0.0254069434004313,0.0647683911238286,NA,100
"IPTW (no cloning)","RD",2,-0.5,"medium",1,25,"correct",-0.0672049960063178,-0.0704769067816117,0.00327191077529391,0.0540679146485037,0.0538963022907415,NA,100
"IPTW (no cloning)","RD",2,-0.5,"medium",1,25,"no_lag",-0.0672049960063178,-0.0704769067816117,0.00327191077529391,0.0540679146485037,0.0538963022907415,NA,100
"IPTW (no cloning)","RD",2,-0.5,"medium",1,25,"no_tv",-0.0672049960063178,-0.0704769067816117,0.00327191077529391,0.0540679146485037,0.0538963022907415,NA,100
"IPTW (no cloning)","RD",2,-0.5,"medium",1,25,"coarse_L",-0.0672049960063178,-0.0704769067816117,0.00327191077529391,0.0540679146485037,0.0538963022907415,NA,100
"IPTW (no cloning)","RD",2,-0.5,"medium",1,25,"nonlinear_L",-0.0672049960063178,-0.0704769067816117,0.00327191077529391,0.0540679146485037,0.0538963022907415,NA,100
"IPTW (no cloning)","RD",2,-0.5,"medium",1,25,"cloglog",-0.0672049960063178,-0.0704769067816117,0.00327191077529391,0.0540679146485037,0.0538963022907415,NA,100
"IPTW (no cloning)","RD",2,-0.5,"medium",1,25,"lpm",-0.0672049960063178,-0.0704769067816117,0.00327191077529391,0.0540679146485037,0.0538963022907415,NA,100
"IPTW (no cloning)","RD",5,-0.5,"medium",1,25,"correct",-0.0249442703533838,-0.057593918015868,0.0326496476624842,0.0328420209832144,0.0461932013539183,NA,100
"IPTW (no cloning)","RD",5,-0.5,"medium",1,25,"no_lag",-0.0249442703533838,-0.057593918015868,0.0326496476624842,0.0328420209832144,0.0461932013539183,NA,100
"IPTW (no cloning)","RD",5,-0.5,"medium",1,25,"no_tv",-0.0249442703533838,-0.057593918015868,0.0326496476624842,0.0328420209832144,0.0461932013539183,NA,100
"IPTW (no cloning)","RD",5,-0.5,"medium",1,25,"coarse_L",-0.0249442703533838,-0.057593918015868,0.0326496476624842,0.0328420209832144,0.0461932013539183,NA,100
"IPTW (no cloning)","RD",5,-0.5,"medium",1,25,"nonlinear_L",-0.0249442703533838,-0.057593918015868,0.0326496476624842,0.0328420209832144,0.0461932013539183,NA,100
"IPTW (no cloning)","RD",5,-0.5,"medium",1,25,"cloglog",-0.0249442703533838,-0.057593918015868,0.0326496476624842,0.0328420209832144,0.0461932013539183,NA,100
"IPTW (no cloning)","RD",5,-0.5,"medium",1,25,"lpm",-0.0249442703533838,-0.057593918015868,0.0326496476624842,0.0328420209832144,0.0461932013539183,NA,100
"IPTW (no cloning)","RD",8,-0.5,"medium",1,25,"correct",0.00661714094928591,-0.0512113647691539,0.0578285057184398,0.0258892138264432,0.063306278932294,NA,100
"IPTW (no cloning)","RD",8,-0.5,"medium",1,25,"no_lag",0.00661714094928591,-0.0512113647691539,0.0578285057184398,0.0258892138264432,0.063306278932294,NA,100
"IPTW (no cloning)","RD",8,-0.5,"medium",1,25,"no_tv",0.00661714094928591,-0.0512113647691539,0.0578285057184398,0.0258892138264432,0.063306278932294,NA,100
"IPTW (no cloning)","RD",8,-0.5,"medium",1,25,"coarse_L",0.00661714094928591,-0.0512113647691539,0.0578285057184398,0.0258892138264432,0.063306278932294,NA,100
"IPTW (no cloning)","RD",8,-0.5,"medium",1,25,"nonlinear_L",0.00661714094928591,-0.0512113647691539,0.0578285057184398,0.0258892138264432,0.063306278932294,NA,100
"IPTW (no cloning)","RD",8,-0.5,"medium",1,25,"cloglog",0.00661714094928591,-0.0512113647691539,0.0578285057184398,0.0258892138264432,0.063306278932294,NA,100
"IPTW (no cloning)","RD",8,-0.5,"medium",1,25,"lpm",0.00661714094928591,-0.0512113647691539,0.0578285057184398,0.0258892138264432,0.063306278932294,NA,100
"IPTW (no cloning)","RD",2,-1,"strong",2,25,"correct",-0.105429973831843,-0.158281734212093,0.05285176038025,0.0554436974766116,0.0763974615368247,NA,100
"IPTW (no cloning)","RD",2,-1,"strong",2,25,"no_lag",-0.105429973831843,-0.158281734212093,0.05285176038025,0.0554436974766116,0.0763974615368247,NA,100
"IPTW (no cloning)","RD",2,-1,"strong",2,25,"no_tv",-0.105429973831843,-0.158281734212093,0.05285176038025,0.0554436974766116,0.0763974615368247,NA,100
"IPTW (no cloning)","RD",2,-1,"strong",2,25,"coarse_L",-0.105429973831843,-0.158281734212093,0.05285176038025,0.0554436974766116,0.0763974615368247,NA,100
"IPTW (no cloning)","RD",2,-1,"strong",2,25,"nonlinear_L",-0.105429973831843,-0.158281734212093,0.05285176038025,0.0554436974766116,0.0763974615368247,NA,100
"IPTW (no cloning)","RD",2,-1,"strong",2,25,"cloglog",-0.105429973831843,-0.158281734212093,0.05285176038025,0.0554436974766116,0.0763974615368247,NA,100
"IPTW (no cloning)","RD",2,-1,"strong",2,25,"lpm",-0.105429973831843,-0.158281734212093,0.05285176038025,0.0554436974766116,0.0763974615368247,NA,100
"IPTW (no cloning)","RD",5,-1,"strong",2,25,"correct",-0.0741392016094481,-0.129431014759885,0.055291813150437,0.0997671748294879,0.11362719253412,NA,100
"IPTW (no cloning)","RD",5,-1,"strong",2,25,"no_lag",-0.0741392016094481,-0.129431014759885,0.055291813150437,0.0997671748294879,0.11362719253412,NA,100
"IPTW (no cloning)","RD",5,-1,"strong",2,25,"no_tv",-0.0741392016094481,-0.129431014759885,0.055291813150437,0.0997671748294879,0.11362719253412,NA,100
"IPTW (no cloning)","RD",5,-1,"strong",2,25,"coarse_L",-0.0741392016094481,-0.129431014759885,0.055291813150437,0.0997671748294879,0.11362719253412,NA,100
"IPTW (no cloning)","RD",5,-1,"strong",2,25,"nonlinear_L",-0.0741392016094481,-0.129431014759885,0.055291813150437,0.0997671748294879,0.11362719253412,NA,100
"IPTW (no cloning)","RD",5,-1,"strong",2,25,"cloglog",-0.0741392016094481,-0.129431014759885,0.055291813150437,0.0997671748294879,0.11362719253412,NA,100
"IPTW (no cloning)","RD",5,-1,"strong",2,25,"lpm",-0.0741392016094481,-0.129431014759885,0.055291813150437,0.0997671748294879,0.11362719253412,NA,100
"IPTW (no cloning)","RD",8,-1,"strong",2,25,"correct",-0.0256743135915273,-0.111633512871676,0.0859591992801488,0.0647002316821089,0.107392936084296,NA,100
"IPTW (no cloning)","RD",8,-1,"strong",2,25,"no_lag",-0.0256743135915273,-0.111633512871676,0.0859591992801488,0.0647002316821089,0.107392936084296,NA,100
"IPTW (no cloning)","RD",8,-1,"strong",2,25,"no_tv",-0.0256743135915273,-0.111633512871676,0.0859591992801488,0.0647002316821089,0.107392936084296,NA,100
"IPTW (no cloning)","RD",8,-1,"strong",2,25,"coarse_L",-0.0256743135915273,-0.111633512871676,0.0859591992801488,0.0647002316821089,0.107392936084296,NA,100
"IPTW (no cloning)","RD",8,-1,"strong",2,25,"nonlinear_L",-0.0256743135915273,-0.111633512871676,0.0859591992801488,0.0647002316821089,0.107392936084296,NA,100
"IPTW (no cloning)","RD",8,-1,"strong",2,25,"cloglog",-0.0256743135915273,-0.111633512871676,0.0859591992801488,0.0647002316821089,0.107392936084296,NA,100
"IPTW (no cloning)","RD",8,-1,"strong",2,25,"lpm",-0.0256743135915273,-0.111633512871676,0.0859591992801488,0.0647002316821089,0.107392936084296,NA,100
"IPTW (no cloning)","RD",2,-0.7,"strong",2,25,"correct",-0.0621843707938378,-0.102744180069684,0.0405598092758457,0.0890671589819368,0.0974614146701937,NA,100
"IPTW (no cloning)","RD",2,-0.7,"strong",2,25,"no_lag",-0.0621843707938378,-0.102744180069684,0.0405598092758457,0.0890671589819368,0.0974614146701937,NA,100
"IPTW (no cloning)","RD",2,-0.7,"strong",2,25,"no_tv",-0.0621843707938378,-0.102744180069684,0.0405598092758457,0.0890671589819368,0.0974614146701937,NA,100
"IPTW (no cloning)","RD",2,-0.7,"strong",2,25,"coarse_L",-0.0621843707938378,-0.102744180069684,0.0405598092758457,0.0890671589819368,0.0974614146701937,NA,100
"IPTW (no cloning)","RD",2,-0.7,"strong",2,25,"nonlinear_L",-0.0621843707938378,-0.102744180069684,0.0405598092758457,0.0890671589819368,0.0974614146701937,NA,100
"IPTW (no cloning)","RD",2,-0.7,"strong",2,25,"cloglog",-0.0621843707938378,-0.102744180069684,0.0405598092758457,0.0890671589819368,0.0974614146701937,NA,100
"IPTW (no cloning)","RD",2,-0.7,"strong",2,25,"lpm",-0.0621843707938378,-0.102744180069684,0.0405598092758457,0.0890671589819368,0.0974614146701937,NA,100
"IPTW (no cloning)","RD",5,-0.7,"strong",2,25,"correct",-0.0481355968693095,-0.0864289105015962,0.0382933136322867,0.125403193534953,0.130518501401978,NA,100
"IPTW (no cloning)","RD",5,-0.7,"strong",2,25,"no_lag",-0.0481355968693095,-0.0864289105015962,0.0382933136322867,0.125403193534953,0.130518501401978,NA,100
"IPTW (no cloning)","RD",5,-0.7,"strong",2,25,"no_tv",-0.0481355968693095,-0.0864289105015962,0.0382933136322867,0.125403193534953,0.130518501401978,NA,100
"IPTW (no cloning)","RD",5,-0.7,"strong",2,25,"coarse_L",-0.0481355968693095,-0.0864289105015962,0.0382933136322867,0.125403193534953,0.130518501401978,NA,100
"IPTW (no cloning)","RD",5,-0.7,"strong",2,25,"nonlinear_L",-0.0481355968693095,-0.0864289105015962,0.0382933136322867,0.125403193534953,0.130518501401978,NA,100
"IPTW (no cloning)","RD",5,-0.7,"strong",2,25,"cloglog",-0.0481355968693095,-0.0864289105015962,0.0382933136322867,0.125403193534953,0.130518501401978,NA,100
"IPTW (no cloning)","RD",5,-0.7,"strong",2,25,"lpm",-0.0481355968693095,-0.0864289105015962,0.0382933136322867,0.125403193534953,0.130518501401978,NA,100
"IPTW (no cloning)","RD",8,-0.7,"strong",2,25,"correct",0.0176626935681374,-0.073695298677964,0.0913579922461014,0.0655958400295258,0.112276751084657,NA,100
"IPTW (no cloning)","RD",8,-0.7,"strong",2,25,"no_lag",0.0176626935681374,-0.073695298677964,0.0913579922461014,0.0655958400295258,0.112276751084657,NA,100
"IPTW (no cloning)","RD",8,-0.7,"strong",2,25,"no_tv",0.0176626935681374,-0.073695298677964,0.0913579922461014,0.0655958400295258,0.112276751084657,NA,100
"IPTW (no cloning)","RD",8,-0.7,"strong",2,25,"coarse_L",0.0176626935681374,-0.073695298677964,0.0913579922461014,0.0655958400295258,0.112276751084657,NA,100
"IPTW (no cloning)","RD",8,-0.7,"strong",2,25,"nonlinear_L",0.0176626935681374,-0.073695298677964,0.0913579922461014,0.0655958400295258,0.112276751084657,NA,100
"IPTW (no cloning)","RD",8,-0.7,"strong",2,25,"cloglog",0.0176626935681374,-0.073695298677964,0.0913579922461014,0.0655958400295258,0.112276751084657,NA,100
"IPTW (no cloning)","RD",8,-0.7,"strong",2,25,"lpm",0.0176626935681374,-0.073695298677964,0.0913579922461014,0.0655958400295258,0.112276751084657,NA,100
"IPTW (no cloning)","RD",2,-0.5,"strong",2,25,"correct",-0.013727602412381,-0.0679421293508451,0.0542145269384641,0.0947952483225845,0.108791050388607,NA,100
"IPTW (no cloning)","RD",2,-0.5,"strong",2,25,"no_lag",-0.013727602412381,-0.0679421293508451,0.0542145269384641,0.0947952483225845,0.108791050388607,NA,100
"IPTW (no cloning)","RD",2,-0.5,"strong",2,25,"no_tv",-0.013727602412381,-0.0679421293508451,0.0542145269384641,0.0947952483225845,0.108791050388607,NA,100
"IPTW (no cloning)","RD",2,-0.5,"strong",2,25,"coarse_L",-0.013727602412381,-0.0679421293508451,0.0542145269384641,0.0947952483225845,0.108791050388607,NA,100
"IPTW (no cloning)","RD",2,-0.5,"strong",2,25,"nonlinear_L",-0.013727602412381,-0.0679421293508451,0.0542145269384641,0.0947952483225845,0.108791050388607,NA,100
"IPTW (no cloning)","RD",2,-0.5,"strong",2,25,"cloglog",-0.013727602412381,-0.0679421293508451,0.0542145269384641,0.0947952483225845,0.108791050388607,NA,100
"IPTW (no cloning)","RD",2,-0.5,"strong",2,25,"lpm",-0.013727602412381,-0.0679421293508451,0.0542145269384641,0.0947952483225845,0.108791050388607,NA,100
"IPTW (no cloning)","RD",5,-0.5,"strong",2,25,"correct",0.0106435480765065,-0.0592813176469181,0.0699248657234247,0.061800094900334,0.0931157669722606,NA,100
"IPTW (no cloning)","RD",5,-0.5,"strong",2,25,"no_lag",0.0106435480765065,-0.0592813176469181,0.0699248657234247,0.061800094900334,0.0931157669722606,NA,100
"IPTW (no cloning)","RD",5,-0.5,"strong",2,25,"no_tv",0.0106435480765065,-0.0592813176469181,0.0699248657234247,0.061800094900334,0.0931157669722606,NA,100
"IPTW (no cloning)","RD",5,-0.5,"strong",2,25,"coarse_L",0.0106435480765065,-0.0592813176469181,0.0699248657234247,0.061800094900334,0.0931157669722606,NA,100
"IPTW (no cloning)","RD",5,-0.5,"strong",2,25,"nonlinear_L",0.0106435480765065,-0.0592813176469181,0.0699248657234247,0.061800094900334,0.0931157669722606,NA,100
"IPTW (no cloning)","RD",5,-0.5,"strong",2,25,"cloglog",0.0106435480765065,-0.0592813176469181,0.0699248657234247,0.061800094900334,0.0931157669722606,NA,100
"IPTW (no cloning)","RD",5,-0.5,"strong",2,25,"lpm",0.0106435480765065,-0.0592813176469181,0.0699248657234247,0.061800094900334,0.0931157669722606,NA,100
"IPTW (no cloning)","RD",8,-0.5,"strong",2,25,"correct",0.0399271251817035,-0.0495488313631018,0.0894759565448053,0.0578503899920287,0.106391483426144,NA,100
"IPTW (no cloning)","RD",8,-0.5,"strong",2,25,"no_lag",0.0399271251817035,-0.0495488313631018,0.0894759565448053,0.0578503899920287,0.106391483426144,NA,100
"IPTW (no cloning)","RD",8,-0.5,"strong",2,25,"no_tv",0.0399271251817035,-0.0495488313631018,0.0894759565448053,0.0578503899920287,0.106391483426144,NA,100
"IPTW (no cloning)","RD",8,-0.5,"strong",2,25,"coarse_L",0.0399271251817035,-0.0495488313631018,0.0894759565448053,0.0578503899920287,0.106391483426144,NA,100
"IPTW (no cloning)","RD",8,-0.5,"strong",2,25,"nonlinear_L",0.0399271251817035,-0.0495488313631018,0.0894759565448053,0.0578503899920287,0.106391483426144,NA,100
"IPTW (no cloning)","RD",8,-0.5,"strong",2,25,"cloglog",0.0399271251817035,-0.0495488313631018,0.0894759565448053,0.0578503899920287,0.106391483426144,NA,100
"IPTW (no cloning)","RD",8,-0.5,"strong",2,25,"lpm",0.0399271251817035,-0.0495488313631018,0.0894759565448053,0.0578503899920287,0.106391483426144,NA,100
"Per-protocol (no IPTW)","RD",2,-1,"small",0.4,25,"correct",-0.0602026502704369,-0.158884966736931,0.0986823164664945,0.0240770063227437,0.101548534181071,NA,100
"Per-protocol (no IPTW)","RD",2,-1,"small",0.4,25,"no_lag",-0.0602026502704369,-0.158884966736931,0.0986823164664945,0.0240770063227437,0.101548534181071,NA,100
"Per-protocol (no IPTW)","RD",2,-1,"small",0.4,25,"no_tv",-0.0602026502704369,-0.158884966736931,0.0986823164664945,0.0240770063227437,0.101548534181071,NA,100
"Per-protocol (no IPTW)","RD",2,-1,"small",0.4,25,"coarse_L",-0.0602026502704369,-0.158884966736931,0.0986823164664945,0.0240770063227437,0.101548534181071,NA,100
"Per-protocol (no IPTW)","RD",2,-1,"small",0.4,25,"nonlinear_L",-0.0602026502704369,-0.158884966736931,0.0986823164664945,0.0240770063227437,0.101548534181071,NA,100
"Per-protocol (no IPTW)","RD",2,-1,"small",0.4,25,"cloglog",-0.0602026502704369,-0.158884966736931,0.0986823164664945,0.0240770063227437,0.101548534181071,NA,100
"Per-protocol (no IPTW)","RD",2,-1,"small",0.4,25,"lpm",-0.0602026502704369,-0.158884966736931,0.0986823164664945,0.0240770063227437,0.101548534181071,NA,100
"Per-protocol (no IPTW)","RD",5,-1,"small",0.4,25,"correct",-0.0244174031162907,-0.120971162827715,0.0965537597114242,0.0182904650291916,0.0982538763321106,NA,100
"Per-protocol (no IPTW)","RD",5,-1,"small",0.4,25,"no_lag",-0.0244174031162907,-0.120971162827715,0.0965537597114242,0.0182904650291916,0.0982538763321106,NA,100
"Per-protocol (no IPTW)","RD",5,-1,"small",0.4,25,"no_tv",-0.0244174031162907,-0.120971162827715,0.0965537597114242,0.0182904650291916,0.0982538763321106,NA,100
"Per-protocol (no IPTW)","RD",5,-1,"small",0.4,25,"coarse_L",-0.0244174031162907,-0.120971162827715,0.0965537597114242,0.0182904650291916,0.0982538763321106,NA,100
"Per-protocol (no IPTW)","RD",5,-1,"small",0.4,25,"nonlinear_L",-0.0244174031162907,-0.120971162827715,0.0965537597114242,0.0182904650291916,0.0982538763321106,NA,100
"Per-protocol (no IPTW)","RD",5,-1,"small",0.4,25,"cloglog",-0.0244174031162907,-0.120971162827715,0.0965537597114242,0.0182904650291916,0.0982538763321106,NA,100
"Per-protocol (no IPTW)","RD",5,-1,"small",0.4,25,"lpm",-0.0244174031162907,-0.120971162827715,0.0965537597114242,0.0182904650291916,0.0982538763321106,NA,100
"Per-protocol (no IPTW)","RD",8,-1,"small",0.4,25,"correct",-0.00525888208331633,-0.101768486263082,0.0965096041797659,0.011615389052417,0.0971991347139763,NA,100
"Per-protocol (no IPTW)","RD",8,-1,"small",0.4,25,"no_lag",-0.00525888208331633,-0.101768486263082,0.0965096041797659,0.011615389052417,0.0971991347139763,NA,100
"Per-protocol (no IPTW)","RD",8,-1,"small",0.4,25,"no_tv",-0.00525888208331633,-0.101768486263082,0.0965096041797659,0.011615389052417,0.0971991347139763,NA,100
"Per-protocol (no IPTW)","RD",8,-1,"small",0.4,25,"coarse_L",-0.00525888208331633,-0.101768486263082,0.0965096041797659,0.011615389052417,0.0971991347139763,NA,100
"Per-protocol (no IPTW)","RD",8,-1,"small",0.4,25,"nonlinear_L",-0.00525888208331633,-0.101768486263082,0.0965096041797659,0.011615389052417,0.0971991347139763,NA,100
"Per-protocol (no IPTW)","RD",8,-1,"small",0.4,25,"cloglog",-0.00525888208331633,-0.101768486263082,0.0965096041797659,0.011615389052417,0.0971991347139763,NA,100
"Per-protocol (no IPTW)","RD",8,-1,"small",0.4,25,"lpm",-0.00525888208331633,-0.101768486263082,0.0965096041797659,0.011615389052417,0.0971991347139763,NA,100
"Per-protocol (no IPTW)","RD",2,-0.7,"small",0.4,25,"correct",-0.00449151872933285,-0.105367498999536,0.100875980270203,0.0215557696222853,0.103130829956146,NA,100
"Per-protocol (no IPTW)","RD",2,-0.7,"small",0.4,25,"no_lag",-0.00449151872933285,-0.105367498999536,0.100875980270203,0.0215557696222853,0.103130829956146,NA,100
"Per-protocol (no IPTW)","RD",2,-0.7,"small",0.4,25,"no_tv",-0.00449151872933285,-0.105367498999536,0.100875980270203,0.0215557696222853,0.103130829956146,NA,100
"Per-protocol (no IPTW)","RD",2,-0.7,"small",0.4,25,"coarse_L",-0.00449151872933285,-0.105367498999536,0.100875980270203,0.0215557696222853,0.103130829956146,NA,100
"Per-protocol (no IPTW)","RD",2,-0.7,"small",0.4,25,"nonlinear_L",-0.00449151872933285,-0.105367498999536,0.100875980270203,0.0215557696222853,0.103130829956146,NA,100
"Per-protocol (no IPTW)","RD",2,-0.7,"small",0.4,25,"cloglog",-0.00449151872933285,-0.105367498999536,0.100875980270203,0.0215557696222853,0.103130829956146,NA,100
"Per-protocol (no IPTW)","RD",2,-0.7,"small",0.4,25,"lpm",-0.00449151872933285,-0.105367498999536,0.100875980270203,0.0215557696222853,0.103130829956146,NA,100
"Per-protocol (no IPTW)","RD",5,-0.7,"small",0.4,25,"correct",0.0108487034142855,-0.0821353199189906,0.0929840233332761,0.0132949734125296,0.0939202712416372,NA,100
"Per-protocol (no IPTW)","RD",5,-0.7,"small",0.4,25,"no_lag",0.0108487034142855,-0.0821353199189906,0.0929840233332761,0.0132949734125296,0.0939202712416372,NA,100
"Per-protocol (no IPTW)","RD",5,-0.7,"small",0.4,25,"no_tv",0.0108487034142855,-0.0821353199189906,0.0929840233332761,0.0132949734125296,0.0939202712416372,NA,100
"Per-protocol (no IPTW)","RD",5,-0.7,"small",0.4,25,"coarse_L",0.0108487034142855,-0.0821353199189906,0.0929840233332761,0.0132949734125296,0.0939202712416372,NA,100
"Per-protocol (no IPTW)","RD",5,-0.7,"small",0.4,25,"nonlinear_L",0.0108487034142855,-0.0821353199189906,0.0929840233332761,0.0132949734125296,0.0939202712416372,NA,100
"Per-protocol (no IPTW)","RD",5,-0.7,"small",0.4,25,"cloglog",0.0108487034142855,-0.0821353199189906,0.0929840233332761,0.0132949734125296,0.0939202712416372,NA,100
"Per-protocol (no IPTW)","RD",5,-0.7,"small",0.4,25,"lpm",0.0108487034142855,-0.0821353199189906,0.0929840233332761,0.0132949734125296,0.0939202712416372,NA,100
"Per-protocol (no IPTW)","RD",8,-0.7,"small",0.4,25,"correct",0.0273064586855811,-0.0698427863991118,0.0971492450846928,0.0122008044952814,0.0979047846356575,NA,100
"Per-protocol (no IPTW)","RD",8,-0.7,"small",0.4,25,"no_lag",0.0273064586855811,-0.0698427863991118,0.0971492450846928,0.0122008044952814,0.0979047846356575,NA,100
"Per-protocol (no IPTW)","RD",8,-0.7,"small",0.4,25,"no_tv",0.0273064586855811,-0.0698427863991118,0.0971492450846928,0.0122008044952814,0.0979047846356575,NA,100
"Per-protocol (no IPTW)","RD",8,-0.7,"small",0.4,25,"coarse_L",0.0273064586855811,-0.0698427863991118,0.0971492450846928,0.0122008044952814,0.0979047846356575,NA,100
"Per-protocol (no IPTW)","RD",8,-0.7,"small",0.4,25,"nonlinear_L",0.0273064586855811,-0.0698427863991118,0.0971492450846928,0.0122008044952814,0.0979047846356575,NA,100
"Per-protocol (no IPTW)","RD",8,-0.7,"small",0.4,25,"cloglog",0.0273064586855811,-0.0698427863991118,0.0971492450846928,0.0122008044952814,0.0979047846356575,NA,100
"Per-protocol (no IPTW)","RD",8,-0.7,"small",0.4,25,"lpm",0.0273064586855811,-0.0698427863991118,0.0971492450846928,0.0122008044952814,0.0979047846356575,NA,100
"Per-protocol (no IPTW)","RD",2,-0.5,"small",0.4,25,"correct",0.0213397900823136,-0.0718312691569835,0.0931710592392971,0.021839500462781,0.0956715235711848,NA,100
"Per-protocol (no IPTW)","RD",2,-0.5,"small",0.4,25,"no_lag",0.0213397900823136,-0.0718312691569835,0.0931710592392971,0.021839500462781,0.0956715235711848,NA,100
"Per-protocol (no IPTW)","RD",2,-0.5,"small",0.4,25,"no_tv",0.0213397900823136,-0.0718312691569835,0.0931710592392971,0.021839500462781,0.0956715235711848,NA,100
"Per-protocol (no IPTW)","RD",2,-0.5,"small",0.4,25,"coarse_L",0.0213397900823136,-0.0718312691569835,0.0931710592392971,0.021839500462781,0.0956715235711848,NA,100
"Per-protocol (no IPTW)","RD",2,-0.5,"small",0.4,25,"nonlinear_L",0.0213397900823136,-0.0718312691569835,0.0931710592392971,0.021839500462781,0.0956715235711848,NA,100
"Per-protocol (no IPTW)","RD",2,-0.5,"small",0.4,25,"cloglog",0.0213397900823136,-0.0718312691569835,0.0931710592392971,0.021839500462781,0.0956715235711848,NA,100
"Per-protocol (no IPTW)","RD",2,-0.5,"small",0.4,25,"lpm",0.0213397900823136,-0.0718312691569835,0.0931710592392971,0.021839500462781,0.0956715235711848,NA,100
"Per-protocol (no IPTW)","RD",5,-0.5,"small",0.4,25,"correct",0.0374515272257852,-0.0569676227881472,0.0944191500139324,0.0149948875627268,0.0955906589361225,NA,100
"Per-protocol (no IPTW)","RD",5,-0.5,"small",0.4,25,"no_lag",0.0374515272257852,-0.0569676227881472,0.0944191500139324,0.0149948875627268,0.0955906589361225,NA,100
"Per-protocol (no IPTW)","RD",5,-0.5,"small",0.4,25,"no_tv",0.0374515272257852,-0.0569676227881472,0.0944191500139324,0.0149948875627268,0.0955906589361225,NA,100
"Per-protocol (no IPTW)","RD",5,-0.5,"small",0.4,25,"coarse_L",0.0374515272257852,-0.0569676227881472,0.0944191500139324,0.0149948875627268,0.0955906589361225,NA,100
"Per-protocol (no IPTW)","RD",5,-0.5,"small",0.4,25,"nonlinear_L",0.0374515272257852,-0.0569676227881472,0.0944191500139324,0.0149948875627268,0.0955906589361225,NA,100
"Per-protocol (no IPTW)","RD",5,-0.5,"small",0.4,25,"cloglog",0.0374515272257852,-0.0569676227881472,0.0944191500139324,0.0149948875627268,0.0955906589361225,NA,100
"Per-protocol (no IPTW)","RD",5,-0.5,"small",0.4,25,"lpm",0.0374515272257852,-0.0569676227881472,0.0944191500139324,0.0149948875627268,0.0955906589361225,NA,100
"Per-protocol (no IPTW)","RD",8,-0.5,"small",0.4,25,"correct",0.0495657039163611,-0.0489632870192666,0.0985289909356276,0.0135137328464734,0.0994422285575117,NA,100
"Per-protocol (no IPTW)","RD",8,-0.5,"small",0.4,25,"no_lag",0.0495657039163611,-0.0489632870192666,0.0985289909356276,0.0135137328464734,0.0994422285575117,NA,100
"Per-protocol (no IPTW)","RD",8,-0.5,"small",0.4,25,"no_tv",0.0495657039163611,-0.0489632870192666,0.0985289909356276,0.0135137328464734,0.0994422285575117,NA,100
"Per-protocol (no IPTW)","RD",8,-0.5,"small",0.4,25,"coarse_L",0.0495657039163611,-0.0489632870192666,0.0985289909356276,0.0135137328464734,0.0994422285575117,NA,100
"Per-protocol (no IPTW)","RD",8,-0.5,"small",0.4,25,"nonlinear_L",0.0495657039163611,-0.0489632870192666,0.0985289909356276,0.0135137328464734,0.0994422285575117,NA,100
"Per-protocol (no IPTW)","RD",8,-0.5,"small",0.4,25,"cloglog",0.0495657039163611,-0.0489632870192666,0.0985289909356276,0.0135137328464734,0.0994422285575117,NA,100
"Per-protocol (no IPTW)","RD",8,-0.5,"small",0.4,25,"lpm",0.0495657039163611,-0.0489632870192666,0.0985289909356276,0.0135137328464734,0.0994422285575117,NA,100
"Per-protocol (no IPTW)","RD",2,-1,"medium",1,25,"correct",0.0455767513201899,-0.157561792455253,0.203138543775443,0.0165091891733036,0.203801608828527,NA,100
"Per-protocol (no IPTW)","RD",2,-1,"medium",1,25,"no_lag",0.0455767513201899,-0.157561792455253,0.203138543775443,0.0165091891733036,0.203801608828527,NA,100
"Per-protocol (no IPTW)","RD",2,-1,"medium",1,25,"no_tv",0.0455767513201899,-0.157561792455253,0.203138543775443,0.0165091891733036,0.203801608828527,NA,100
"Per-protocol (no IPTW)","RD",2,-1,"medium",1,25,"coarse_L",0.0455767513201899,-0.157561792455253,0.203138543775443,0.0165091891733036,0.203801608828527,NA,100
"Per-protocol (no IPTW)","RD",2,-1,"medium",1,25,"nonlinear_L",0.0455767513201899,-0.157561792455253,0.203138543775443,0.0165091891733036,0.203801608828527,NA,100
"Per-protocol (no IPTW)","RD",2,-1,"medium",1,25,"cloglog",0.0455767513201899,-0.157561792455253,0.203138543775443,0.0165091891733036,0.203801608828527,NA,100
"Per-protocol (no IPTW)","RD",2,-1,"medium",1,25,"lpm",0.0455767513201899,-0.157561792455253,0.203138543775443,0.0165091891733036,0.203801608828527,NA,100
"Per-protocol (no IPTW)","RD",5,-1,"medium",1,25,"correct",0.0781845737041115,-0.123633070025923,0.201817643730034,0.0115687751647764,0.202145639364217,NA,100
"Per-protocol (no IPTW)","RD",5,-1,"medium",1,25,"no_lag",0.0781845737041115,-0.123633070025923,0.201817643730034,0.0115687751647764,0.202145639364217,NA,100
"Per-protocol (no IPTW)","RD",5,-1,"medium",1,25,"no_tv",0.0781845737041115,-0.123633070025923,0.201817643730034,0.0115687751647764,0.202145639364217,NA,100
"Per-protocol (no IPTW)","RD",5,-1,"medium",1,25,"coarse_L",0.0781845737041115,-0.123633070025923,0.201817643730034,0.0115687751647764,0.202145639364217,NA,100
"Per-protocol (no IPTW)","RD",5,-1,"medium",1,25,"nonlinear_L",0.0781845737041115,-0.123633070025923,0.201817643730034,0.0115687751647764,0.202145639364217,NA,100
"Per-protocol (no IPTW)","RD",5,-1,"medium",1,25,"cloglog",0.0781845737041115,-0.123633070025923,0.201817643730034,0.0115687751647764,0.202145639364217,NA,100
"Per-protocol (no IPTW)","RD",5,-1,"medium",1,25,"lpm",0.0781845737041115,-0.123633070025923,0.201817643730034,0.0115687751647764,0.202145639364217,NA,100
"Per-protocol (no IPTW)","RD",8,-1,"medium",1,25,"correct",0.104670029051264,-0.107296828776202,0.211966857827466,0.0133437645782206,0.21238225987553,NA,100
"Per-protocol (no IPTW)","RD",8,-1,"medium",1,25,"no_lag",0.104670029051264,-0.107296828776202,0.211966857827466,0.0133437645782206,0.21238225987553,NA,100
"Per-protocol (no IPTW)","RD",8,-1,"medium",1,25,"no_tv",0.104670029051264,-0.107296828776202,0.211966857827466,0.0133437645782206,0.21238225987553,NA,100
"Per-protocol (no IPTW)","RD",8,-1,"medium",1,25,"coarse_L",0.104670029051264,-0.107296828776202,0.211966857827466,0.0133437645782206,0.21238225987553,NA,100
"Per-protocol (no IPTW)","RD",8,-1,"medium",1,25,"nonlinear_L",0.104670029051264,-0.107296828776202,0.211966857827466,0.0133437645782206,0.21238225987553,NA,100
"Per-protocol (no IPTW)","RD",8,-1,"medium",1,25,"cloglog",0.104670029051264,-0.107296828776202,0.211966857827466,0.0133437645782206,0.21238225987553,NA,100
"Per-protocol (no IPTW)","RD",8,-1,"medium",1,25,"lpm",0.104670029051264,-0.107296828776202,0.211966857827466,0.0133437645782206,0.21238225987553,NA,100
"Per-protocol (no IPTW)","RD",2,-0.7,"medium",1,25,"correct",0.0813826466576965,-0.103208945273067,0.184591591930764,0.0130317833698017,0.185046439888892,NA,100
"Per-protocol (no IPTW)","RD",2,-0.7,"medium",1,25,"no_lag",0.0813826466576965,-0.103208945273067,0.184591591930764,0.0130317833698017,0.185046439888892,NA,100
"Per-protocol (no IPTW)","RD",2,-0.7,"medium",1,25,"no_tv",0.0813826466576965,-0.103208945273067,0.184591591930764,0.0130317833698017,0.185046439888892,NA,100
"Per-protocol (no IPTW)","RD",2,-0.7,"medium",1,25,"coarse_L",0.0813826466576965,-0.103208945273067,0.184591591930764,0.0130317833698017,0.185046439888892,NA,100
"Per-protocol (no IPTW)","RD",2,-0.7,"medium",1,25,"nonlinear_L",0.0813826466576965,-0.103208945273067,0.184591591930764,0.0130317833698017,0.185046439888892,NA,100
"Per-protocol (no IPTW)","RD",2,-0.7,"medium",1,25,"cloglog",0.0813826466576965,-0.103208945273067,0.184591591930764,0.0130317833698017,0.185046439888892,NA,100
"Per-protocol (no IPTW)","RD",2,-0.7,"medium",1,25,"lpm",0.0813826466576965,-0.103208945273067,0.184591591930764,0.0130317833698017,0.185046439888892,NA,100
"Per-protocol (no IPTW)","RD",5,-0.7,"medium",1,25,"correct",0.11211886967395,-0.0831784790995589,0.195297348773509,0.0152886310896336,0.195888895183343,NA,100
"Per-protocol (no IPTW)","RD",5,-0.7,"medium",1,25,"no_lag",0.11211886967395,-0.0831784790995589,0.195297348773509,0.0152886310896336,0.195888895183343,NA,100
"Per-protocol (no IPTW)","RD",5,-0.7,"medium",1,25,"no_tv",0.11211886967395,-0.0831784790995589,0.195297348773509,0.0152886310896336,0.195888895183343,NA,100
"Per-protocol (no IPTW)","RD",5,-0.7,"medium",1,25,"coarse_L",0.11211886967395,-0.0831784790995589,0.195297348773509,0.0152886310896336,0.195888895183343,NA,100
"Per-protocol (no IPTW)","RD",5,-0.7,"medium",1,25,"nonlinear_L",0.11211886967395,-0.0831784790995589,0.195297348773509,0.0152886310896336,0.195888895183343,NA,100
"Per-protocol (no IPTW)","RD",5,-0.7,"medium",1,25,"cloglog",0.11211886967395,-0.0831784790995589,0.195297348773509,0.0152886310896336,0.195888895183343,NA,100
"Per-protocol (no IPTW)","RD",5,-0.7,"medium",1,25,"lpm",0.11211886967395,-0.0831784790995589,0.195297348773509,0.0152886310896336,0.195888895183343,NA,100
"Per-protocol (no IPTW)","RD",8,-0.7,"medium",1,25,"correct",0.134964039990954,-0.0730403093091784,0.208004349300133,0.0140314727756852,0.2084723548429,NA,100
"Per-protocol (no IPTW)","RD",8,-0.7,"medium",1,25,"no_lag",0.134964039990954,-0.0730403093091784,0.208004349300133,0.0140314727756852,0.2084723548429,NA,100
"Per-protocol (no IPTW)","RD",8,-0.7,"medium",1,25,"no_tv",0.134964039990954,-0.0730403093091784,0.208004349300133,0.0140314727756852,0.2084723548429,NA,100
"Per-protocol (no IPTW)","RD",8,-0.7,"medium",1,25,"coarse_L",0.134964039990954,-0.0730403093091784,0.208004349300133,0.0140314727756852,0.2084723548429,NA,100
"Per-protocol (no IPTW)","RD",8,-0.7,"medium",1,25,"nonlinear_L",0.134964039990954,-0.0730403093091784,0.208004349300133,0.0140314727756852,0.2084723548429,NA,100
"Per-protocol (no IPTW)","RD",8,-0.7,"medium",1,25,"cloglog",0.134964039990954,-0.0730403093091784,0.208004349300133,0.0140314727756852,0.2084723548429,NA,100
"Per-protocol (no IPTW)","RD",8,-0.7,"medium",1,25,"lpm",0.134964039990954,-0.0730403093091784,0.208004349300133,0.0140314727756852,0.2084723548429,NA,100
"Per-protocol (no IPTW)","RD",2,-0.5,"medium",1,25,"correct",0.0978855220410439,-0.0704769067816117,0.168362428822656,0.0132879946250008,0.168880764245684,NA,100
"Per-protocol (no IPTW)","RD",2,-0.5,"medium",1,25,"no_lag",0.0978855220410439,-0.0704769067816117,0.168362428822656,0.0132879946250008,0.168880764245684,NA,100
"Per-protocol (no IPTW)","RD",2,-0.5,"medium",1,25,"no_tv",0.0978855220410439,-0.0704769067816117,0.168362428822656,0.0132879946250008,0.168880764245684,NA,100
"Per-protocol (no IPTW)","RD",2,-0.5,"medium",1,25,"coarse_L",0.0978855220410439,-0.0704769067816117,0.168362428822656,0.0132879946250008,0.168880764245684,NA,100
"Per-protocol (no IPTW)","RD",2,-0.5,"medium",1,25,"nonlinear_L",0.0978855220410439,-0.0704769067816117,0.168362428822656,0.0132879946250008,0.168880764245684,NA,100
"Per-protocol (no IPTW)","RD",2,-0.5,"medium",1,25,"cloglog",0.0978855220410439,-0.0704769067816117,0.168362428822656,0.0132879946250008,0.168880764245684,NA,100
"Per-protocol (no IPTW)","RD",2,-0.5,"medium",1,25,"lpm",0.0978855220410439,-0.0704769067816117,0.168362428822656,0.0132879946250008,0.168880764245684,NA,100
"Per-protocol (no IPTW)","RD",5,-0.5,"medium",1,25,"correct",0.129899209300774,-0.057593918015868,0.187493127316642,0.0143102506275677,0.188032997719198,NA,100
"Per-protocol (no IPTW)","RD",5,-0.5,"medium",1,25,"no_lag",0.129899209300774,-0.057593918015868,0.187493127316642,0.0143102506275677,0.188032997719198,NA,100
"Per-protocol (no IPTW)","RD",5,-0.5,"medium",1,25,"no_tv",0.129899209300774,-0.057593918015868,0.187493127316642,0.0143102506275677,0.188032997719198,NA,100
"Per-protocol (no IPTW)","RD",5,-0.5,"medium",1,25,"coarse_L",0.129899209300774,-0.057593918015868,0.187493127316642,0.0143102506275677,0.188032997719198,NA,100
"Per-protocol (no IPTW)","RD",5,-0.5,"medium",1,25,"nonlinear_L",0.129899209300774,-0.057593918015868,0.187493127316642,0.0143102506275677,0.188032997719198,NA,100
"Per-protocol (no IPTW)","RD",5,-0.5,"medium",1,25,"cloglog",0.129899209300774,-0.057593918015868,0.187493127316642,0.0143102506275677,0.188032997719198,NA,100
"Per-protocol (no IPTW)","RD",5,-0.5,"medium",1,25,"lpm",0.129899209300774,-0.057593918015868,0.187493127316642,0.0143102506275677,0.188032997719198,NA,100
"Per-protocol (no IPTW)","RD",8,-0.5,"medium",1,25,"correct",0.151147194691663,-0.0512113647691539,0.202358559460817,0.0128361638352366,0.202761204420475,NA,100
"Per-protocol (no IPTW)","RD",8,-0.5,"medium",1,25,"no_lag",0.151147194691663,-0.0512113647691539,0.202358559460817,0.0128361638352366,0.202761204420475,NA,100
"Per-protocol (no IPTW)","RD",8,-0.5,"medium",1,25,"no_tv",0.151147194691663,-0.0512113647691539,0.202358559460817,0.0128361638352366,0.202761204420475,NA,100
"Per-protocol (no IPTW)","RD",8,-0.5,"medium",1,25,"coarse_L",0.151147194691663,-0.0512113647691539,0.202358559460817,0.0128361638352366,0.202761204420475,NA,100
"Per-protocol (no IPTW)","RD",8,-0.5,"medium",1,25,"nonlinear_L",0.151147194691663,-0.0512113647691539,0.202358559460817,0.0128361638352366,0.202761204420475,NA,100
"Per-protocol (no IPTW)","RD",8,-0.5,"medium",1,25,"cloglog",0.151147194691663,-0.0512113647691539,0.202358559460817,0.0128361638352366,0.202761204420475,NA,100
"Per-protocol (no IPTW)","RD",8,-0.5,"medium",1,25,"lpm",0.151147194691663,-0.0512113647691539,0.202358559460817,0.0128361638352366,0.202761204420475,NA,100
"Per-protocol (no IPTW)","RD",2,-1,"strong",2,25,"correct",0.109947366290804,-0.158281734212093,0.268229100502897,0.0122904482057631,0.268507718552969,NA,100
"Per-protocol (no IPTW)","RD",2,-1,"strong",2,25,"no_lag",0.109947366290804,-0.158281734212093,0.268229100502897,0.0122904482057631,0.268507718552969,NA,100
"Per-protocol (no IPTW)","RD",2,-1,"strong",2,25,"no_tv",0.109947366290804,-0.158281734212093,0.268229100502897,0.0122904482057631,0.268507718552969,NA,100
"Per-protocol (no IPTW)","RD",2,-1,"strong",2,25,"coarse_L",0.109947366290804,-0.158281734212093,0.268229100502897,0.0122904482057631,0.268507718552969,NA,100
"Per-protocol (no IPTW)","RD",2,-1,"strong",2,25,"nonlinear_L",0.109947366290804,-0.158281734212093,0.268229100502897,0.0122904482057631,0.268507718552969,NA,100
"Per-protocol (no IPTW)","RD",2,-1,"strong",2,25,"cloglog",0.109947366290804,-0.158281734212093,0.268229100502897,0.0122904482057631,0.268507718552969,NA,100
"Per-protocol (no IPTW)","RD",2,-1,"strong",2,25,"lpm",0.109947366290804,-0.158281734212093,0.268229100502897,0.0122904482057631,0.268507718552969,NA,100
"Per-protocol (no IPTW)","RD",5,-1,"strong",2,25,"correct",0.140875481442754,-0.129431014759885,0.270306496202639,0.0125203024830596,0.270593407687386,NA,100
"Per-protocol (no IPTW)","RD",5,-1,"strong",2,25,"no_lag",0.140875481442754,-0.129431014759885,0.270306496202639,0.0125203024830596,0.270593407687386,NA,100
"Per-protocol (no IPTW)","RD",5,-1,"strong",2,25,"no_tv",0.140875481442754,-0.129431014759885,0.270306496202639,0.0125203024830596,0.270593407687386,NA,100
"Per-protocol (no IPTW)","RD",5,-1,"strong",2,25,"coarse_L",0.140875481442754,-0.129431014759885,0.270306496202639,0.0125203024830596,0.270593407687386,NA,100
"Per-protocol (no IPTW)","RD",5,-1,"strong",2,25,"nonlinear_L",0.140875481442754,-0.129431014759885,0.270306496202639,0.0125203024830596,0.270593407687386,NA,100
"Per-protocol (no IPTW)","RD",5,-1,"strong",2,25,"cloglog",0.140875481442754,-0.129431014759885,0.270306496202639,0.0125203024830596,0.270593407687386,NA,100
"Per-protocol (no IPTW)","RD",5,-1,"strong",2,25,"lpm",0.140875481442754,-0.129431014759885,0.270306496202639,0.0125203024830596,0.270593407687386,NA,100
"Per-protocol (no IPTW)","RD",8,-1,"strong",2,25,"correct",0.168408276288206,-0.111633512871676,0.280041789159882,0.0156892317607123,0.28047654830516,NA,100
"Per-protocol (no IPTW)","RD",8,-1,"strong",2,25,"no_lag",0.168408276288206,-0.111633512871676,0.280041789159882,0.0156892317607123,0.28047654830516,NA,100
"Per-protocol (no IPTW)","RD",8,-1,"strong",2,25,"no_tv",0.168408276288206,-0.111633512871676,0.280041789159882,0.0156892317607123,0.28047654830516,NA,100
"Per-protocol (no IPTW)","RD",8,-1,"strong",2,25,"coarse_L",0.168408276288206,-0.111633512871676,0.280041789159882,0.0156892317607123,0.28047654830516,NA,100
"Per-protocol (no IPTW)","RD",8,-1,"strong",2,25,"nonlinear_L",0.168408276288206,-0.111633512871676,0.280041789159882,0.0156892317607123,0.28047654830516,NA,100
"Per-protocol (no IPTW)","RD",8,-1,"strong",2,25,"cloglog",0.168408276288206,-0.111633512871676,0.280041789159882,0.0156892317607123,0.28047654830516,NA,100
"Per-protocol (no IPTW)","RD",8,-1,"strong",2,25,"lpm",0.168408276288206,-0.111633512871676,0.280041789159882,0.0156892317607123,0.28047654830516,NA,100
"Per-protocol (no IPTW)","RD",2,-0.7,"strong",2,25,"correct",0.135674378263401,-0.102744180069684,0.238418558333084,0.0104902038154004,0.238646920973127,NA,100
"Per-protocol (no IPTW)","RD",2,-0.7,"strong",2,25,"no_lag",0.135674378263401,-0.102744180069684,0.238418558333084,0.0104902038154004,0.238646920973127,NA,100
"Per-protocol (no IPTW)","RD",2,-0.7,"strong",2,25,"no_tv",0.135674378263401,-0.102744180069684,0.238418558333084,0.0104902038154004,0.238646920973127,NA,100
"Per-protocol (no IPTW)","RD",2,-0.7,"strong",2,25,"coarse_L",0.135674378263401,-0.102744180069684,0.238418558333084,0.0104902038154004,0.238646920973127,NA,100
"Per-protocol (no IPTW)","RD",2,-0.7,"strong",2,25,"nonlinear_L",0.135674378263401,-0.102744180069684,0.238418558333084,0.0104902038154004,0.238646920973127,NA,100
"Per-protocol (no IPTW)","RD",2,-0.7,"strong",2,25,"cloglog",0.135674378263401,-0.102744180069684,0.238418558333084,0.0104902038154004,0.238646920973127,NA,100
"Per-protocol (no IPTW)","RD",2,-0.7,"strong",2,25,"lpm",0.135674378263401,-0.102744180069684,0.238418558333084,0.0104902038154004,0.238646920973127,NA,100
"Per-protocol (no IPTW)","RD",5,-0.7,"strong",2,25,"correct",0.171948239671049,-0.0864289105015962,0.258377150172646,0.0147863595813988,0.258795675768958,NA,100
"Per-protocol (no IPTW)","RD",5,-0.7,"strong",2,25,"no_lag",0.171948239671049,-0.0864289105015962,0.258377150172646,0.0147863595813988,0.258795675768958,NA,100
"Per-protocol (no IPTW)","RD",5,-0.7,"strong",2,25,"no_tv",0.171948239671049,-0.0864289105015962,0.258377150172646,0.0147863595813988,0.258795675768958,NA,100
"Per-protocol (no IPTW)","RD",5,-0.7,"strong",2,25,"coarse_L",0.171948239671049,-0.0864289105015962,0.258377150172646,0.0147863595813988,0.258795675768958,NA,100
"Per-protocol (no IPTW)","RD",5,-0.7,"strong",2,25,"nonlinear_L",0.171948239671049,-0.0864289105015962,0.258377150172646,0.0147863595813988,0.258795675768958,NA,100
"Per-protocol (no IPTW)","RD",5,-0.7,"strong",2,25,"cloglog",0.171948239671049,-0.0864289105015962,0.258377150172646,0.0147863595813988,0.258795675768958,NA,100
"Per-protocol (no IPTW)","RD",5,-0.7,"strong",2,25,"lpm",0.171948239671049,-0.0864289105015962,0.258377150172646,0.0147863595813988,0.258795675768958,NA,100
"Per-protocol (no IPTW)","RD",8,-0.7,"strong",2,25,"correct",0.201375016285702,-0.073695298677964,0.275070314963666,0.0102974150546195,0.275261066196165,NA,100
"Per-protocol (no IPTW)","RD",8,-0.7,"strong",2,25,"no_lag",0.201375016285702,-0.073695298677964,0.275070314963666,0.0102974150546195,0.275261066196165,NA,100
"Per-protocol (no IPTW)","RD",8,-0.7,"strong",2,25,"no_tv",0.201375016285702,-0.073695298677964,0.275070314963666,0.0102974150546195,0.275261066196165,NA,100
"Per-protocol (no IPTW)","RD",8,-0.7,"strong",2,25,"coarse_L",0.201375016285702,-0.073695298677964,0.275070314963666,0.0102974150546195,0.275261066196165,NA,100
"Per-protocol (no IPTW)","RD",8,-0.7,"strong",2,25,"nonlinear_L",0.201375016285702,-0.073695298677964,0.275070314963666,0.0102974150546195,0.275261066196165,NA,100
"Per-protocol (no IPTW)","RD",8,-0.7,"strong",2,25,"cloglog",0.201375016285702,-0.073695298677964,0.275070314963666,0.0102974150546195,0.275261066196165,NA,100
"Per-protocol (no IPTW)","RD",8,-0.7,"strong",2,25,"lpm",0.201375016285702,-0.073695298677964,0.275070314963666,0.0102974150546195,0.275261066196165,NA,100
"Per-protocol (no IPTW)","RD",2,-0.5,"strong",2,25,"correct",0.153347506250777,-0.0679421293508451,0.221289635601622,0.0115043833832012,0.221585491748346,NA,100
"Per-protocol (no IPTW)","RD",2,-0.5,"strong",2,25,"no_lag",0.153347506250777,-0.0679421293508451,0.221289635601622,0.0115043833832012,0.221585491748346,NA,100
"Per-protocol (no IPTW)","RD",2,-0.5,"strong",2,25,"no_tv",0.153347506250777,-0.0679421293508451,0.221289635601622,0.0115043833832012,0.221585491748346,NA,100
"Per-protocol (no IPTW)","RD",2,-0.5,"strong",2,25,"coarse_L",0.153347506250777,-0.0679421293508451,0.221289635601622,0.0115043833832012,0.221585491748346,NA,100
"Per-protocol (no IPTW)","RD",2,-0.5,"strong",2,25,"nonlinear_L",0.153347506250777,-0.0679421293508451,0.221289635601622,0.0115043833832012,0.221585491748346,NA,100
"Per-protocol (no IPTW)","RD",2,-0.5,"strong",2,25,"cloglog",0.153347506250777,-0.0679421293508451,0.221289635601622,0.0115043833832012,0.221585491748346,NA,100
"Per-protocol (no IPTW)","RD",2,-0.5,"strong",2,25,"lpm",0.153347506250777,-0.0679421293508451,0.221289635601622,0.0115043833832012,0.221585491748346,NA,100
"Per-protocol (no IPTW)","RD",5,-0.5,"strong",2,25,"correct",0.192485029601465,-0.0592813176469181,0.251766347248383,0.0125172933088357,0.252074214096276,NA,100
"Per-protocol (no IPTW)","RD",5,-0.5,"strong",2,25,"no_lag",0.192485029601465,-0.0592813176469181,0.251766347248383,0.0125172933088357,0.252074214096276,NA,100
"Per-protocol (no IPTW)","RD",5,-0.5,"strong",2,25,"no_tv",0.192485029601465,-0.0592813176469181,0.251766347248383,0.0125172933088357,0.252074214096276,NA,100
"Per-protocol (no IPTW)","RD",5,-0.5,"strong",2,25,"coarse_L",0.192485029601465,-0.0592813176469181,0.251766347248383,0.0125172933088357,0.252074214096276,NA,100
"Per-protocol (no IPTW)","RD",5,-0.5,"strong",2,25,"nonlinear_L",0.192485029601465,-0.0592813176469181,0.251766347248383,0.0125172933088357,0.252074214096276,NA,100
"Per-protocol (no IPTW)","RD",5,-0.5,"strong",2,25,"cloglog",0.192485029601465,-0.0592813176469181,0.251766347248383,0.0125172933088357,0.252074214096276,NA,100
"Per-protocol (no IPTW)","RD",5,-0.5,"strong",2,25,"lpm",0.192485029601465,-0.0592813176469181,0.251766347248383,0.0125172933088357,0.252074214096276,NA,100
"Per-protocol (no IPTW)","RD",8,-0.5,"strong",2,25,"correct",0.220915404956976,-0.0495488313631018,0.270464236320078,0.0117232289063591,0.270715649498203,NA,100
"Per-protocol (no IPTW)","RD",8,-0.5,"strong",2,25,"no_lag",0.220915404956976,-0.0495488313631018,0.270464236320078,0.0117232289063591,0.270715649498203,NA,100
"Per-protocol (no IPTW)","RD",8,-0.5,"strong",2,25,"no_tv",0.220915404956976,-0.0495488313631018,0.270464236320078,0.0117232289063591,0.270715649498203,NA,100
"Per-protocol (no IPTW)","RD",8,-0.5,"strong",2,25,"coarse_L",0.220915404956976,-0.0495488313631018,0.270464236320078,0.0117232289063591,0.270715649498203,NA,100
"Per-protocol (no IPTW)","RD",8,-0.5,"strong",2,25,"nonlinear_L",0.220915404956976,-0.0495488313631018,0.270464236320078,0.0117232289063591,0.270715649498203,NA,100
"Per-protocol (no IPTW)","RD",8,-0.5,"strong",2,25,"cloglog",0.220915404956976,-0.0495488313631018,0.270464236320078,0.0117232289063591,0.270715649498203,NA,100
"Per-protocol (no IPTW)","RD",8,-0.5,"strong",2,25,"lpm",0.220915404956976,-0.0495488313631018,0.270464236320078,0.0117232289063591,0.270715649498203,NA,100
"Federated CCW","RR",2,-1,"small",0.4,25,"correct",0.821029351688729,0.812875296768163,0.00815405492056665,0.035645222263227,0.0363918213770694,0.94,100
"Federated CCW","RR",2,-1,"small",0.4,25,"no_lag",0.821029351688729,0.812875296768163,0.00815405492056665,0.035645222263227,0.0363918213770694,0.94,100
"Federated CCW","RR",2,-1,"small",0.4,25,"no_tv",0.821029351688729,0.812875296768163,0.00815405492056665,0.035645222263227,0.0363918213770694,0.94,100
"Federated CCW","RR",2,-1,"small",0.4,25,"coarse_L",0.821029351688729,0.812875296768163,0.00815405492056665,0.035645222263227,0.0363918213770694,0.94,100
"Federated CCW","RR",2,-1,"small",0.4,25,"nonlinear_L",0.821029351688729,0.812875296768163,0.00815405492056665,0.035645222263227,0.0363918213770694,0.94,100
"Federated CCW","RR",2,-1,"small",0.4,25,"cloglog",0.821029351688729,0.812875296768163,0.00815405492056665,0.035645222263227,0.0363918213770694,0.94,100
"Federated CCW","RR",2,-1,"small",0.4,25,"lpm",0.821029351688729,0.812875296768163,0.00815405492056665,0.035645222263227,0.0363918213770694,0.94,100
"Federated CCW","RR",5,-1,"small",0.4,25,"correct",0.863181349883478,0.857532775183329,0.00564857470014937,0.0226994880923031,0.0232813334712436,0.92,100
"Federated CCW","RR",5,-1,"small",0.4,25,"no_lag",0.863181349883478,0.857532775183329,0.00564857470014937,0.0226994880923031,0.0232813334712436,0.92,100
"Federated CCW","RR",5,-1,"small",0.4,25,"no_tv",0.863181349883478,0.857532775183329,0.00564857470014937,0.0226994880923031,0.0232813334712436,0.92,100
"Federated CCW","RR",5,-1,"small",0.4,25,"coarse_L",0.863181349883478,0.857532775183329,0.00564857470014937,0.0226994880923031,0.0232813334712436,0.92,100
"Federated CCW","RR",5,-1,"small",0.4,25,"nonlinear_L",0.863181349883478,0.857532775183329,0.00564857470014937,0.0226994880923031,0.0232813334712436,0.92,100
"Federated CCW","RR",5,-1,"small",0.4,25,"cloglog",0.863181349883478,0.857532775183329,0.00564857470014937,0.0226994880923031,0.0232813334712436,0.92,100
"Federated CCW","RR",5,-1,"small",0.4,25,"lpm",0.863181349883478,0.857532775183329,0.00564857470014937,0.0226994880923031,0.0232813334712436,0.92,100
"Federated CCW","RR",8,-1,"small",0.4,25,"correct",0.883658296895723,0.880160884950332,0.00349741194539109,0.0131052479960792,0.0135004422188354,0.99,100
"Federated CCW","RR",8,-1,"small",0.4,25,"no_lag",0.883658296895723,0.880160884950332,0.00349741194539109,0.0131052479960792,0.0135004422188354,0.99,100
"Federated CCW","RR",8,-1,"small",0.4,25,"no_tv",0.883658296895723,0.880160884950332,0.00349741194539109,0.0131052479960792,0.0135004422188354,0.99,100
"Federated CCW","RR",8,-1,"small",0.4,25,"coarse_L",0.883658296895723,0.880160884950332,0.00349741194539109,0.0131052479960792,0.0135004422188354,0.99,100
"Federated CCW","RR",8,-1,"small",0.4,25,"nonlinear_L",0.883658296895723,0.880160884950332,0.00349741194539109,0.0131052479960792,0.0135004422188354,0.99,100
"Federated CCW","RR",8,-1,"small",0.4,25,"cloglog",0.883658296895723,0.880160884950332,0.00349741194539109,0.0131052479960792,0.0135004422188354,0.99,100
"Federated CCW","RR",8,-1,"small",0.4,25,"lpm",0.883658296895723,0.880160884950332,0.00349741194539109,0.0131052479960792,0.0135004422188354,0.99,100
"Federated CCW","RR",2,-0.7,"small",0.4,25,"correct",0.882384591456163,0.875904798386529,0.00647979306963456,0.0360317411107169,0.0364320082073485,0.94,100
"Federated CCW","RR",2,-0.7,"small",0.4,25,"no_lag",0.882384591456163,0.875904798386529,0.00647979306963456,0.0360317411107169,0.0364320082073485,0.94,100
"Federated CCW","RR",2,-0.7,"small",0.4,25,"no_tv",0.882384591456163,0.875904798386529,0.00647979306963456,0.0360317411107169,0.0364320082073485,0.94,100
"Federated CCW","RR",2,-0.7,"small",0.4,25,"coarse_L",0.882384591456163,0.875904798386529,0.00647979306963456,0.0360317411107169,0.0364320082073485,0.94,100
"Federated CCW","RR",2,-0.7,"small",0.4,25,"nonlinear_L",0.882384591456163,0.875904798386529,0.00647979306963456,0.0360317411107169,0.0364320082073485,0.94,100
"Federated CCW","RR",2,-0.7,"small",0.4,25,"cloglog",0.882384591456163,0.875904798386529,0.00647979306963456,0.0360317411107169,0.0364320082073485,0.94,100
"Federated CCW","RR",2,-0.7,"small",0.4,25,"lpm",0.882384591456163,0.875904798386529,0.00647979306963456,0.0360317411107169,0.0364320082073485,0.94,100
"Federated CCW","RR",5,-0.7,"small",0.4,25,"correct",0.903489442089176,0.903269582479312,0.00021985960986429,0.0186888536730337,0.0185964743256348,0.98,100
"Federated CCW","RR",5,-0.7,"small",0.4,25,"no_lag",0.903489442089176,0.903269582479312,0.00021985960986429,0.0186888536730337,0.0185964743256348,0.98,100
"Federated CCW","RR",5,-0.7,"small",0.4,25,"no_tv",0.903489442089176,0.903269582479312,0.00021985960986429,0.0186888536730337,0.0185964743256348,0.98,100
"Federated CCW","RR",5,-0.7,"small",0.4,25,"coarse_L",0.903489442089176,0.903269582479312,0.00021985960986429,0.0186888536730337,0.0185964743256348,0.98,100
"Federated CCW","RR",5,-0.7,"small",0.4,25,"nonlinear_L",0.903489442089176,0.903269582479312,0.00021985960986429,0.0186888536730337,0.0185964743256348,0.98,100
"Federated CCW","RR",5,-0.7,"small",0.4,25,"cloglog",0.903489442089176,0.903269582479312,0.00021985960986429,0.0186888536730337,0.0185964743256348,0.98,100
"Federated CCW","RR",5,-0.7,"small",0.4,25,"lpm",0.903489442089176,0.903269582479312,0.00021985960986429,0.0186888536730337,0.0185964743256348,0.98,100
"Federated CCW","RR",8,-0.7,"small",0.4,25,"correct",0.915318508616582,0.91775550544168,-0.00243699682509789,0.0144049489835433,0.0145384484451346,0.97,100
"Federated CCW","RR",8,-0.7,"small",0.4,25,"no_lag",0.915318508616582,0.91775550544168,-0.00243699682509789,0.0144049489835433,0.0145384484451346,0.97,100
"Federated CCW","RR",8,-0.7,"small",0.4,25,"no_tv",0.915318508616582,0.91775550544168,-0.00243699682509789,0.0144049489835433,0.0145384484451346,0.97,100
"Federated CCW","RR",8,-0.7,"small",0.4,25,"coarse_L",0.915318508616582,0.91775550544168,-0.00243699682509789,0.0144049489835433,0.0145384484451346,0.97,100
"Federated CCW","RR",8,-0.7,"small",0.4,25,"nonlinear_L",0.915318508616582,0.91775550544168,-0.00243699682509789,0.0144049489835433,0.0145384484451346,0.97,100
"Federated CCW","RR",8,-0.7,"small",0.4,25,"cloglog",0.915318508616582,0.91775550544168,-0.00243699682509789,0.0144049489835433,0.0145384484451346,0.97,100
"Federated CCW","RR",8,-0.7,"small",0.4,25,"lpm",0.915318508616582,0.91775550544168,-0.00243699682509789,0.0144049489835433,0.0145384484451346,0.97,100
"Federated CCW","RR",2,-0.5,"small",0.4,25,"correct",0.922517608114949,0.915401656935726,0.00711595117922339,0.0380611836369094,0.0385331535697405,0.95,100
"Federated CCW","RR",2,-0.5,"small",0.4,25,"no_lag",0.922517608114949,0.915401656935726,0.00711595117922339,0.0380611836369094,0.0385331535697405,0.95,100
"Federated CCW","RR",2,-0.5,"small",0.4,25,"no_tv",0.922517608114949,0.915401656935726,0.00711595117922339,0.0380611836369094,0.0385331535697405,0.95,100
"Federated CCW","RR",2,-0.5,"small",0.4,25,"coarse_L",0.922517608114949,0.915401656935726,0.00711595117922339,0.0380611836369094,0.0385331535697405,0.95,100
"Federated CCW","RR",2,-0.5,"small",0.4,25,"nonlinear_L",0.922517608114949,0.915401656935726,0.00711595117922339,0.0380611836369094,0.0385331535697405,0.95,100
"Federated CCW","RR",2,-0.5,"small",0.4,25,"cloglog",0.922517608114949,0.915401656935726,0.00711595117922339,0.0380611836369094,0.0385331535697405,0.95,100
"Federated CCW","RR",2,-0.5,"small",0.4,25,"lpm",0.922517608114949,0.915401656935726,0.00711595117922339,0.0380611836369094,0.0385331535697405,0.95,100
"Federated CCW","RR",5,-0.5,"small",0.4,25,"correct",0.937971437604195,0.932909472527854,0.00506196507634102,0.0229889511577492,0.0234271305757692,0.91,100
"Federated CCW","RR",5,-0.5,"small",0.4,25,"no_lag",0.937971437604195,0.932909472527854,0.00506196507634102,0.0229889511577492,0.0234271305757692,0.91,100
"Federated CCW","RR",5,-0.5,"small",0.4,25,"no_tv",0.937971437604195,0.932909472527854,0.00506196507634102,0.0229889511577492,0.0234271305757692,0.91,100
"Federated CCW","RR",5,-0.5,"small",0.4,25,"coarse_L",0.937971437604195,0.932909472527854,0.00506196507634102,0.0229889511577492,0.0234271305757692,0.91,100
"Federated CCW","RR",5,-0.5,"small",0.4,25,"nonlinear_L",0.937971437604195,0.932909472527854,0.00506196507634102,0.0229889511577492,0.0234271305757692,0.91,100
"Federated CCW","RR",5,-0.5,"small",0.4,25,"cloglog",0.937971437604195,0.932909472527854,0.00506196507634102,0.0229889511577492,0.0234271305757692,0.91,100
"Federated CCW","RR",5,-0.5,"small",0.4,25,"lpm",0.937971437604195,0.932909472527854,0.00506196507634102,0.0229889511577492,0.0234271305757692,0.91,100
"Federated CCW","RR",8,-0.5,"small",0.4,25,"correct",0.940124532681643,0.942342495189099,-0.00221796250745591,0.0142053941238235,0.0143071537237672,0.97,100
"Federated CCW","RR",8,-0.5,"small",0.4,25,"no_lag",0.940124532681643,0.942342495189099,-0.00221796250745591,0.0142053941238235,0.0143071537237672,0.97,100
"Federated CCW","RR",8,-0.5,"small",0.4,25,"no_tv",0.940124532681643,0.942342495189099,-0.00221796250745591,0.0142053941238235,0.0143071537237672,0.97,100
"Federated CCW","RR",8,-0.5,"small",0.4,25,"coarse_L",0.940124532681643,0.942342495189099,-0.00221796250745591,0.0142053941238235,0.0143071537237672,0.97,100
"Federated CCW","RR",8,-0.5,"small",0.4,25,"nonlinear_L",0.940124532681643,0.942342495189099,-0.00221796250745591,0.0142053941238235,0.0143071537237672,0.97,100
"Federated CCW","RR",8,-0.5,"small",0.4,25,"cloglog",0.940124532681643,0.942342495189099,-0.00221796250745591,0.0142053941238235,0.0143071537237672,0.97,100
"Federated CCW","RR",8,-0.5,"small",0.4,25,"lpm",0.940124532681643,0.942342495189099,-0.00221796250745591,0.0142053941238235,0.0143071537237672,0.97,100
"Federated CCW","RR",2,-1,"medium",1,25,"correct",0.822397804135536,0.81443192717203,0.00796587696350611,0.0490751693264674,0.049474677540889,0.94,100
"Federated CCW","RR",2,-1,"medium",1,25,"no_lag",0.822397804135536,0.81443192717203,0.00796587696350611,0.0490751693264674,0.049474677540889,0.94,100
"Federated CCW","RR",2,-1,"medium",1,25,"no_tv",0.822397804135536,0.81443192717203,0.00796587696350611,0.0490751693264674,0.049474677540889,0.94,100
"Federated CCW","RR",2,-1,"medium",1,25,"coarse_L",0.822397804135536,0.81443192717203,0.00796587696350611,0.0490751693264674,0.049474677540889,0.94,100
"Federated CCW","RR",2,-1,"medium",1,25,"nonlinear_L",0.822397804135536,0.81443192717203,0.00796587696350611,0.0490751693264674,0.049474677540889,0.94,100
"Federated CCW","RR",2,-1,"medium",1,25,"cloglog",0.822397804135536,0.81443192717203,0.00796587696350611,0.0490751693264674,0.049474677540889,0.94,100
"Federated CCW","RR",2,-1,"medium",1,25,"lpm",0.822397804135536,0.81443192717203,0.00796587696350611,0.0490751693264674,0.049474677540889,0.94,100
"Federated CCW","RR",5,-1,"medium",1,25,"correct",0.854988438486514,0.854391316429979,0.000597122056535351,0.0296100162876915,0.0294676447762997,0.95,100
"Federated CCW","RR",5,-1,"medium",1,25,"no_lag",0.854988438486514,0.854391316429979,0.000597122056535351,0.0296100162876915,0.0294676447762997,0.95,100
"Federated CCW","RR",5,-1,"medium",1,25,"no_tv",0.854988438486514,0.854391316429979,0.000597122056535351,0.0296100162876915,0.0294676447762997,0.95,100
"Federated CCW","RR",5,-1,"medium",1,25,"coarse_L",0.854988438486514,0.854391316429979,0.000597122056535351,0.0296100162876915,0.0294676447762997,0.95,100
"Federated CCW","RR",5,-1,"medium",1,25,"nonlinear_L",0.854988438486514,0.854391316429979,0.000597122056535351,0.0296100162876915,0.0294676447762997,0.95,100
"Federated CCW","RR",5,-1,"medium",1,25,"cloglog",0.854988438486514,0.854391316429979,0.000597122056535351,0.0296100162876915,0.0294676447762997,0.95,100
"Federated CCW","RR",5,-1,"medium",1,25,"lpm",0.854988438486514,0.854391316429979,0.000597122056535351,0.0296100162876915,0.0294676447762997,0.95,100
"Federated CCW","RR",8,-1,"medium",1,25,"correct",0.877155164897198,0.873643531949712,0.0035116329474858,0.0300077817486594,0.0300631645336663,0.92,100
"Federated CCW","RR",8,-1,"medium",1,25,"no_lag",0.877155164897198,0.873643531949712,0.0035116329474858,0.0300077817486594,0.0300631645336663,0.92,100
"Federated CCW","RR",8,-1,"medium",1,25,"no_tv",0.877155164897198,0.873643531949712,0.0035116329474858,0.0300077817486594,0.0300631645336663,0.92,100
"Federated CCW","RR",8,-1,"medium",1,25,"coarse_L",0.877155164897198,0.873643531949712,0.0035116329474858,0.0300077817486594,0.0300631645336663,0.92,100
"Federated CCW","RR",8,-1,"medium",1,25,"nonlinear_L",0.877155164897198,0.873643531949712,0.0035116329474858,0.0300077817486594,0.0300631645336663,0.92,100
"Federated CCW","RR",8,-1,"medium",1,25,"cloglog",0.877155164897198,0.873643531949712,0.0035116329474858,0.0300077817486594,0.0300631645336663,0.92,100
"Federated CCW","RR",8,-1,"medium",1,25,"lpm",0.877155164897198,0.873643531949712,0.0035116329474858,0.0300077817486594,0.0300631645336663,0.92,100
"Federated CCW","RR",2,-0.7,"medium",1,25,"correct",0.888687286019459,0.878445879711798,0.0102414063076606,0.0520568866831531,0.0527987372935168,0.9,100
"Federated CCW","RR",2,-0.7,"medium",1,25,"no_lag",0.888687286019459,0.878445879711798,0.0102414063076606,0.0520568866831531,0.0527987372935168,0.9,100
"Federated CCW","RR",2,-0.7,"medium",1,25,"no_tv",0.888687286019459,0.878445879711798,0.0102414063076606,0.0520568866831531,0.0527987372935168,0.9,100
"Federated CCW","RR",2,-0.7,"medium",1,25,"coarse_L",0.888687286019459,0.878445879711798,0.0102414063076606,0.0520568866831531,0.0527987372935168,0.9,100
"Federated CCW","RR",2,-0.7,"medium",1,25,"nonlinear_L",0.888687286019459,0.878445879711798,0.0102414063076606,0.0520568866831531,0.0527987372935168,0.9,100
"Federated CCW","RR",2,-0.7,"medium",1,25,"cloglog",0.888687286019459,0.878445879711798,0.0102414063076606,0.0520568866831531,0.0527987372935168,0.9,100
"Federated CCW","RR",2,-0.7,"medium",1,25,"lpm",0.888687286019459,0.878445879711798,0.0102414063076606,0.0520568866831531,0.0527987372935168,0.9,100
"Federated CCW","RR",5,-0.7,"medium",1,25,"correct",0.907963431376316,0.902036657016575,0.00592677435974147,0.0405100532948149,0.0407404028954126,0.91,100
"Federated CCW","RR",5,-0.7,"medium",1,25,"no_lag",0.907963431376316,0.902036657016575,0.00592677435974147,0.0405100532948149,0.0407404028954126,0.91,100
"Federated CCW","RR",5,-0.7,"medium",1,25,"no_tv",0.907963431376316,0.902036657016575,0.00592677435974147,0.0405100532948149,0.0407404028954126,0.91,100
"Federated CCW","RR",5,-0.7,"medium",1,25,"coarse_L",0.907963431376316,0.902036657016575,0.00592677435974147,0.0405100532948149,0.0407404028954126,0.91,100
"Federated CCW","RR",5,-0.7,"medium",1,25,"nonlinear_L",0.907963431376316,0.902036657016575,0.00592677435974147,0.0405100532948149,0.0407404028954126,0.91,100
"Federated CCW","RR",5,-0.7,"medium",1,25,"cloglog",0.907963431376316,0.902036657016575,0.00592677435974147,0.0405100532948149,0.0407404028954126,0.91,100
"Federated CCW","RR",5,-0.7,"medium",1,25,"lpm",0.907963431376316,0.902036657016575,0.00592677435974147,0.0405100532948149,0.0407404028954126,0.91,100
"Federated CCW","RR",8,-0.7,"medium",1,25,"correct",0.911086572910882,0.91398519774654,-0.00289862483565792,0.0239286999122686,0.0239845550018003,0.99,100
"Federated CCW","RR",8,-0.7,"medium",1,25,"no_lag",0.911086572910882,0.91398519774654,-0.00289862483565792,0.0239286999122686,0.0239845550018003,0.99,100
"Federated CCW","RR",8,-0.7,"medium",1,25,"no_tv",0.911086572910882,0.91398519774654,-0.00289862483565792,0.0239286999122686,0.0239845550018003,0.99,100
"Federated CCW","RR",8,-0.7,"medium",1,25,"coarse_L",0.911086572910882,0.91398519774654,-0.00289862483565792,0.0239286999122686,0.0239845550018003,0.99,100
"Federated CCW","RR",8,-0.7,"medium",1,25,"nonlinear_L",0.911086572910882,0.91398519774654,-0.00289862483565792,0.0239286999122686,0.0239845550018003,0.99,100
"Federated CCW","RR",8,-0.7,"medium",1,25,"cloglog",0.911086572910882,0.91398519774654,-0.00289862483565792,0.0239286999122686,0.0239845550018003,0.99,100
"Federated CCW","RR",8,-0.7,"medium",1,25,"lpm",0.911086572910882,0.91398519774654,-0.00289862483565792,0.0239286999122686,0.0239845550018003,0.99,100
"Federated CCW","RR",2,-0.5,"medium",1,25,"correct",0.909165350793476,0.916995969857005,-0.00783061906352844,0.0657045149638793,0.0658424714655393,0.93,100
"Federated CCW","RR",2,-0.5,"medium",1,25,"no_lag",0.909165350793476,0.916995969857005,-0.00783061906352844,0.0657045149638793,0.0658424714655393,0.93,100
"Federated CCW","RR",2,-0.5,"medium",1,25,"no_tv",0.909165350793476,0.916995969857005,-0.00783061906352844,0.0657045149638793,0.0658424714655393,0.93,100
"Federated CCW","RR",2,-0.5,"medium",1,25,"coarse_L",0.909165350793476,0.916995969857005,-0.00783061906352844,0.0657045149638793,0.0658424714655393,0.93,100
"Federated CCW","RR",2,-0.5,"medium",1,25,"nonlinear_L",0.909165350793476,0.916995969857005,-0.00783061906352844,0.0657045149638793,0.0658424714655393,0.93,100
"Federated CCW","RR",2,-0.5,"medium",1,25,"cloglog",0.909165350793476,0.916995969857005,-0.00783061906352844,0.0657045149638793,0.0658424714655393,0.93,100
"Federated CCW","RR",2,-0.5,"medium",1,25,"lpm",0.909165350793476,0.916995969857005,-0.00783061906352844,0.0657045149638793,0.0658424714655393,0.93,100
"Federated CCW","RR",5,-0.5,"medium",1,25,"correct",0.920289337236124,0.932168839759687,-0.0118795025235624,0.0386139387247679,0.0402150280543114,0.9,100
"Federated CCW","RR",5,-0.5,"medium",1,25,"no_lag",0.920289337236124,0.932168839759687,-0.0118795025235624,0.0386139387247679,0.0402150280543114,0.9,100
"Federated CCW","RR",5,-0.5,"medium",1,25,"no_tv",0.920289337236124,0.932168839759687,-0.0118795025235624,0.0386139387247679,0.0402150280543114,0.9,100
"Federated CCW","RR",5,-0.5,"medium",1,25,"coarse_L",0.920289337236124,0.932168839759687,-0.0118795025235624,0.0386139387247679,0.0402150280543114,0.9,100
"Federated CCW","RR",5,-0.5,"medium",1,25,"nonlinear_L",0.920289337236124,0.932168839759687,-0.0118795025235624,0.0386139387247679,0.0402150280543114,0.9,100
"Federated CCW","RR",5,-0.5,"medium",1,25,"cloglog",0.920289337236124,0.932168839759687,-0.0118795025235624,0.0386139387247679,0.0402150280543114,0.9,100
"Federated CCW","RR",5,-0.5,"medium",1,25,"lpm",0.920289337236124,0.932168839759687,-0.0118795025235624,0.0386139387247679,0.0402150280543114,0.9,100
"Federated CCW","RR",8,-0.5,"medium",1,25,"correct",0.934761528793156,0.939691720155475,-0.00493019136231892,0.027417944732977,0.027722428524858,0.98,100
"Federated CCW","RR",8,-0.5,"medium",1,25,"no_lag",0.934761528793156,0.939691720155475,-0.00493019136231892,0.027417944732977,0.027722428524858,0.98,100
"Federated CCW","RR",8,-0.5,"medium",1,25,"no_tv",0.934761528793156,0.939691720155475,-0.00493019136231892,0.027417944732977,0.027722428524858,0.98,100
"Federated CCW","RR",8,-0.5,"medium",1,25,"coarse_L",0.934761528793156,0.939691720155475,-0.00493019136231892,0.027417944732977,0.027722428524858,0.98,100
"Federated CCW","RR",8,-0.5,"medium",1,25,"nonlinear_L",0.934761528793156,0.939691720155475,-0.00493019136231892,0.027417944732977,0.027722428524858,0.98,100
"Federated CCW","RR",8,-0.5,"medium",1,25,"cloglog",0.934761528793156,0.939691720155475,-0.00493019136231892,0.027417944732977,0.027722428524858,0.98,100
"Federated CCW","RR",8,-0.5,"medium",1,25,"lpm",0.934761528793156,0.939691720155475,-0.00493019136231892,0.027417944732977,0.027722428524858,0.98,100
"Federated CCW","RR",2,-1,"strong",2,25,"correct",0.85917537986652,0.813498147909376,0.0456772319571444,0.0671440845629046,0.0809299346974861,0.85,100
"Federated CCW","RR",2,-1,"strong",2,25,"no_lag",0.85917537986652,0.813498147909376,0.0456772319571444,0.0671440845629046,0.0809299346974861,0.85,100
"Federated CCW","RR",2,-1,"strong",2,25,"no_tv",0.85917537986652,0.813498147909376,0.0456772319571444,0.0671440845629046,0.0809299346974861,0.85,100
"Federated CCW","RR",2,-1,"strong",2,25,"coarse_L",0.85917537986652,0.813498147909376,0.0456772319571444,0.0671440845629046,0.0809299346974861,0.85,100
"Federated CCW","RR",2,-1,"strong",2,25,"nonlinear_L",0.85917537986652,0.813498147909376,0.0456772319571444,0.0671440845629046,0.0809299346974861,0.85,100
"Federated CCW","RR",2,-1,"strong",2,25,"cloglog",0.85917537986652,0.813498147909376,0.0456772319571444,0.0671440845629046,0.0809299346974861,0.85,100
"Federated CCW","RR",2,-1,"strong",2,25,"lpm",0.85917537986652,0.813498147909376,0.0456772319571444,0.0671440845629046,0.0809299346974861,0.85,100
"Federated CCW","RR",5,-1,"strong",2,25,"correct",0.853924218046878,0.847647016881975,0.00627720116490321,0.109169721752378,0.108803727511889,0.85,100
"Federated CCW","RR",5,-1,"strong",2,25,"no_lag",0.853924218046878,0.847647016881975,0.00627720116490321,0.109169721752378,0.108803727511889,0.85,100
"Federated CCW","RR",5,-1,"strong",2,25,"no_tv",0.853924218046878,0.847647016881975,0.00627720116490321,0.109169721752378,0.108803727511889,0.85,100
"Federated CCW","RR",5,-1,"strong",2,25,"coarse_L",0.853924218046878,0.847647016881975,0.00627720116490321,0.109169721752378,0.108803727511889,0.85,100
"Federated CCW","RR",5,-1,"strong",2,25,"nonlinear_L",0.853924218046878,0.847647016881975,0.00627720116490321,0.109169721752378,0.108803727511889,0.85,100
"Federated CCW","RR",5,-1,"strong",2,25,"cloglog",0.853924218046878,0.847647016881975,0.00627720116490321,0.109169721752378,0.108803727511889,0.85,100
"Federated CCW","RR",5,-1,"strong",2,25,"lpm",0.853924218046878,0.847647016881975,0.00627720116490321,0.109169721752378,0.108803727511889,0.85,100
"Federated CCW","RR",8,-1,"strong",2,25,"correct",0.870797336950009,0.868015909419281,0.00278142753072845,0.0691450341636347,0.0688546420447017,0.86,100
"Federated CCW","RR",8,-1,"strong",2,25,"no_lag",0.870797336950009,0.868015909419281,0.00278142753072845,0.0691450341636347,0.0688546420447017,0.86,100
"Federated CCW","RR",8,-1,"strong",2,25,"no_tv",0.870797336950009,0.868015909419281,0.00278142753072845,0.0691450341636347,0.0688546420447017,0.86,100
"Federated CCW","RR",8,-1,"strong",2,25,"coarse_L",0.870797336950009,0.868015909419281,0.00278142753072845,0.0691450341636347,0.0688546420447017,0.86,100
"Federated CCW","RR",8,-1,"strong",2,25,"nonlinear_L",0.870797336950009,0.868015909419281,0.00278142753072845,0.0691450341636347,0.0688546420447017,0.86,100
"Federated CCW","RR",8,-1,"strong",2,25,"cloglog",0.870797336950009,0.868015909419281,0.00278142753072845,0.0691450341636347,0.0688546420447017,0.86,100
"Federated CCW","RR",8,-1,"strong",2,25,"lpm",0.870797336950009,0.868015909419281,0.00278142753072845,0.0691450341636347,0.0688546420447017,0.86,100
"Federated CCW","RR",2,-0.7,"strong",2,25,"correct",0.911299518435162,0.878937516259128,0.0323620021760343,0.103978190119699,0.10840040851032,0.77,100
"Federated CCW","RR",2,-0.7,"strong",2,25,"no_lag",0.911299518435162,0.878937516259128,0.0323620021760343,0.103978190119699,0.10840040851032,0.77,100
"Federated CCW","RR",2,-0.7,"strong",2,25,"no_tv",0.911299518435162,0.878937516259128,0.0323620021760343,0.103978190119699,0.10840040851032,0.77,100
"Federated CCW","RR",2,-0.7,"strong",2,25,"coarse_L",0.911299518435162,0.878937516259128,0.0323620021760343,0.103978190119699,0.10840040851032,0.77,100
"Federated CCW","RR",2,-0.7,"strong",2,25,"nonlinear_L",0.911299518435162,0.878937516259128,0.0323620021760343,0.103978190119699,0.10840040851032,0.77,100
"Federated CCW","RR",2,-0.7,"strong",2,25,"cloglog",0.911299518435162,0.878937516259128,0.0323620021760343,0.103978190119699,0.10840040851032,0.77,100
"Federated CCW","RR",2,-0.7,"strong",2,25,"lpm",0.911299518435162,0.878937516259128,0.0323620021760343,0.103978190119699,0.10840040851032,0.77,100
"Federated CCW","RR",5,-0.7,"strong",2,25,"correct",0.882639843389764,0.898264705974939,-0.0156248625851745,0.136355932648318,0.1365692033202,0.8,100
"Federated CCW","RR",5,-0.7,"strong",2,25,"no_lag",0.882639843389764,0.898264705974939,-0.0156248625851745,0.136355932648318,0.1365692033202,0.8,100
"Federated CCW","RR",5,-0.7,"strong",2,25,"no_tv",0.882639843389764,0.898264705974939,-0.0156248625851745,0.136355932648318,0.1365692033202,0.8,100
"Federated CCW","RR",5,-0.7,"strong",2,25,"coarse_L",0.882639843389764,0.898264705974939,-0.0156248625851745,0.136355932648318,0.1365692033202,0.8,100
"Federated CCW","RR",5,-0.7,"strong",2,25,"nonlinear_L",0.882639843389764,0.898264705974939,-0.0156248625851745,0.136355932648318,0.1365692033202,0.8,100
"Federated CCW","RR",5,-0.7,"strong",2,25,"cloglog",0.882639843389764,0.898264705974939,-0.0156248625851745,0.136355932648318,0.1365692033202,0.8,100
"Federated CCW","RR",5,-0.7,"strong",2,25,"lpm",0.882639843389764,0.898264705974939,-0.0156248625851745,0.136355932648318,0.1365692033202,0.8,100
"Federated CCW","RR",8,-0.7,"strong",2,25,"correct",0.928585165099454,0.912870188119348,0.0157149769801066,0.0774527295813093,0.078650470868805,0.83,100
"Federated CCW","RR",8,-0.7,"strong",2,25,"no_lag",0.928585165099454,0.912870188119348,0.0157149769801066,0.0774527295813093,0.078650470868805,0.83,100
"Federated CCW","RR",8,-0.7,"strong",2,25,"no_tv",0.928585165099454,0.912870188119348,0.0157149769801066,0.0774527295813093,0.078650470868805,0.83,100
"Federated CCW","RR",8,-0.7,"strong",2,25,"coarse_L",0.928585165099454,0.912870188119348,0.0157149769801066,0.0774527295813093,0.078650470868805,0.83,100
"Federated CCW","RR",8,-0.7,"strong",2,25,"nonlinear_L",0.928585165099454,0.912870188119348,0.0157149769801066,0.0774527295813093,0.078650470868805,0.83,100
"Federated CCW","RR",8,-0.7,"strong",2,25,"cloglog",0.928585165099454,0.912870188119348,0.0157149769801066,0.0774527295813093,0.078650470868805,0.83,100
"Federated CCW","RR",8,-0.7,"strong",2,25,"lpm",0.928585165099454,0.912870188119348,0.0157149769801066,0.0774527295813093,0.078650470868805,0.83,100
"Federated CCW","RR",2,-0.5,"strong",2,25,"correct",0.971456234399939,0.919944439439018,0.0515117949609204,0.112853260066597,0.123539324689259,0.56,100
"Federated CCW","RR",2,-0.5,"strong",2,25,"no_lag",0.971456234399939,0.919944439439018,0.0515117949609204,0.112853260066597,0.123539324689259,0.56,100
"Federated CCW","RR",2,-0.5,"strong",2,25,"no_tv",0.971456234399939,0.919944439439018,0.0515117949609204,0.112853260066597,0.123539324689259,0.56,100
"Federated CCW","RR",2,-0.5,"strong",2,25,"coarse_L",0.971456234399939,0.919944439439018,0.0515117949609204,0.112853260066597,0.123539324689259,0.56,100
"Federated CCW","RR",2,-0.5,"strong",2,25,"nonlinear_L",0.971456234399939,0.919944439439018,0.0515117949609204,0.112853260066597,0.123539324689259,0.56,100
"Federated CCW","RR",2,-0.5,"strong",2,25,"cloglog",0.971456234399939,0.919944439439018,0.0515117949609204,0.112853260066597,0.123539324689259,0.56,100
"Federated CCW","RR",2,-0.5,"strong",2,25,"lpm",0.971456234399939,0.919944439439018,0.0515117949609204,0.112853260066597,0.123539324689259,0.56,100
"Federated CCW","RR",5,-0.5,"strong",2,25,"correct",0.951174895220729,0.930220082076693,0.0209548131440359,0.0683891420712579,0.0711997766823164,0.76,100
"Federated CCW","RR",5,-0.5,"strong",2,25,"no_lag",0.951174895220729,0.930220082076693,0.0209548131440359,0.0683891420712579,0.0711997766823164,0.76,100
"Federated CCW","RR",5,-0.5,"strong",2,25,"no_tv",0.951174895220729,0.930220082076693,0.0209548131440359,0.0683891420712579,0.0711997766823164,0.76,100
"Federated CCW","RR",5,-0.5,"strong",2,25,"coarse_L",0.951174895220729,0.930220082076693,0.0209548131440359,0.0683891420712579,0.0711997766823164,0.76,100
"Federated CCW","RR",5,-0.5,"strong",2,25,"nonlinear_L",0.951174895220729,0.930220082076693,0.0209548131440359,0.0683891420712579,0.0711997766823164,0.76,100
"Federated CCW","RR",5,-0.5,"strong",2,25,"cloglog",0.951174895220729,0.930220082076693,0.0209548131440359,0.0683891420712579,0.0711997766823164,0.76,100
"Federated CCW","RR",5,-0.5,"strong",2,25,"lpm",0.951174895220729,0.930220082076693,0.0209548131440359,0.0683891420712579,0.0711997766823164,0.76,100
"Federated CCW","RR",8,-0.5,"strong",2,25,"correct",0.949982917360253,0.941418510637448,0.0085644067228047,0.0687821246081804,0.0689711528211087,0.79,100
"Federated CCW","RR",8,-0.5,"strong",2,25,"no_lag",0.949982917360253,0.941418510637448,0.0085644067228047,0.0687821246081804,0.0689711528211087,0.79,100
"Federated CCW","RR",8,-0.5,"strong",2,25,"no_tv",0.949982917360253,0.941418510637448,0.0085644067228047,0.0687821246081804,0.0689711528211087,0.79,100
"Federated CCW","RR",8,-0.5,"strong",2,25,"coarse_L",0.949982917360253,0.941418510637448,0.0085644067228047,0.0687821246081804,0.0689711528211087,0.79,100
"Federated CCW","RR",8,-0.5,"strong",2,25,"nonlinear_L",0.949982917360253,0.941418510637448,0.0085644067228047,0.0687821246081804,0.0689711528211087,0.79,100
"Federated CCW","RR",8,-0.5,"strong",2,25,"cloglog",0.949982917360253,0.941418510637448,0.0085644067228047,0.0687821246081804,0.0689711528211087,0.79,100
"Federated CCW","RR",8,-0.5,"strong",2,25,"lpm",0.949982917360253,0.941418510637448,0.0085644067228047,0.0687821246081804,0.0689711528211087,0.79,100
"Pooled CCW","RR",2,-1,"small",0.4,25,"correct",0.82132688693246,0.812875296768163,0.00845159016429791,0.035259342090196,0.0360862628834351,0.95,100
"Pooled CCW","RR",2,-1,"small",0.4,25,"no_lag",0.82132688693246,0.812875296768163,0.00845159016429791,0.035259342090196,0.0360862628834351,0.95,100
"Pooled CCW","RR",2,-1,"small",0.4,25,"no_tv",0.82132688693246,0.812875296768163,0.00845159016429791,0.035259342090196,0.0360862628834351,0.95,100
"Pooled CCW","RR",2,-1,"small",0.4,25,"coarse_L",0.82132688693246,0.812875296768163,0.00845159016429791,0.035259342090196,0.0360862628834351,0.95,100
"Pooled CCW","RR",2,-1,"small",0.4,25,"nonlinear_L",0.82132688693246,0.812875296768163,0.00845159016429791,0.035259342090196,0.0360862628834351,0.95,100
"Pooled CCW","RR",2,-1,"small",0.4,25,"cloglog",0.82132688693246,0.812875296768163,0.00845159016429791,0.035259342090196,0.0360862628834351,0.95,100
"Pooled CCW","RR",2,-1,"small",0.4,25,"lpm",0.82132688693246,0.812875296768163,0.00845159016429791,0.035259342090196,0.0360862628834351,0.95,100
"Pooled CCW","RR",5,-1,"small",0.4,25,"correct",0.863418769760409,0.857532775183329,0.00588599457707996,0.0222592848663575,0.0229164992373497,0.92,100
"Pooled CCW","RR",5,-1,"small",0.4,25,"no_lag",0.863418769760409,0.857532775183329,0.00588599457707996,0.0222592848663575,0.0229164992373497,0.92,100
"Pooled CCW","RR",5,-1,"small",0.4,25,"no_tv",0.863418769760409,0.857532775183329,0.00588599457707996,0.0222592848663575,0.0229164992373497,0.92,100
"Pooled CCW","RR",5,-1,"small",0.4,25,"coarse_L",0.863418769760409,0.857532775183329,0.00588599457707996,0.0222592848663575,0.0229164992373497,0.92,100
"Pooled CCW","RR",5,-1,"small",0.4,25,"nonlinear_L",0.863418769760409,0.857532775183329,0.00588599457707996,0.0222592848663575,0.0229164992373497,0.92,100
"Pooled CCW","RR",5,-1,"small",0.4,25,"cloglog",0.863418769760409,0.857532775183329,0.00588599457707996,0.0222592848663575,0.0229164992373497,0.92,100
"Pooled CCW","RR",5,-1,"small",0.4,25,"lpm",0.863418769760409,0.857532775183329,0.00588599457707996,0.0222592848663575,0.0229164992373497,0.92,100
"Pooled CCW","RR",8,-1,"small",0.4,25,"correct",0.883651716786012,0.880160884950332,0.00349083183567961,0.0130089199570224,0.0134061771347662,0.99,100
"Pooled CCW","RR",8,-1,"small",0.4,25,"no_lag",0.883651716786012,0.880160884950332,0.00349083183567961,0.0130089199570224,0.0134061771347662,0.99,100
"Pooled CCW","RR",8,-1,"small",0.4,25,"no_tv",0.883651716786012,0.880160884950332,0.00349083183567961,0.0130089199570224,0.0134061771347662,0.99,100
"Pooled CCW","RR",8,-1,"small",0.4,25,"coarse_L",0.883651716786012,0.880160884950332,0.00349083183567961,0.0130089199570224,0.0134061771347662,0.99,100
"Pooled CCW","RR",8,-1,"small",0.4,25,"nonlinear_L",0.883651716786012,0.880160884950332,0.00349083183567961,0.0130089199570224,0.0134061771347662,0.99,100
"Pooled CCW","RR",8,-1,"small",0.4,25,"cloglog",0.883651716786012,0.880160884950332,0.00349083183567961,0.0130089199570224,0.0134061771347662,0.99,100
"Pooled CCW","RR",8,-1,"small",0.4,25,"lpm",0.883651716786012,0.880160884950332,0.00349083183567961,0.0130089199570224,0.0134061771347662,0.99,100
"Pooled CCW","RR",2,-0.7,"small",0.4,25,"correct",0.882642414636036,0.875904798386529,0.00673761624950718,0.0357338224853134,0.0361874630423769,0.95,100
"Pooled CCW","RR",2,-0.7,"small",0.4,25,"no_lag",0.882642414636036,0.875904798386529,0.00673761624950718,0.0357338224853134,0.0361874630423769,0.95,100
"Pooled CCW","RR",2,-0.7,"small",0.4,25,"no_tv",0.882642414636036,0.875904798386529,0.00673761624950718,0.0357338224853134,0.0361874630423769,0.95,100
"Pooled CCW","RR",2,-0.7,"small",0.4,25,"coarse_L",0.882642414636036,0.875904798386529,0.00673761624950718,0.0357338224853134,0.0361874630423769,0.95,100
"Pooled CCW","RR",2,-0.7,"small",0.4,25,"nonlinear_L",0.882642414636036,0.875904798386529,0.00673761624950718,0.0357338224853134,0.0361874630423769,0.95,100
"Pooled CCW","RR",2,-0.7,"small",0.4,25,"cloglog",0.882642414636036,0.875904798386529,0.00673761624950718,0.0357338224853134,0.0361874630423769,0.95,100
"Pooled CCW","RR",2,-0.7,"small",0.4,25,"lpm",0.882642414636036,0.875904798386529,0.00673761624950718,0.0357338224853134,0.0361874630423769,0.95,100
"Pooled CCW","RR",5,-0.7,"small",0.4,25,"correct",0.903391248537632,0.903269582479312,0.000121666058319737,0.0180826839540582,0.0179924547247527,0.98,100
"Pooled CCW","RR",5,-0.7,"small",0.4,25,"no_lag",0.903391248537632,0.903269582479312,0.000121666058319737,0.0180826839540582,0.0179924547247527,0.98,100
"Pooled CCW","RR",5,-0.7,"small",0.4,25,"no_tv",0.903391248537632,0.903269582479312,0.000121666058319737,0.0180826839540582,0.0179924547247527,0.98,100
"Pooled CCW","RR",5,-0.7,"small",0.4,25,"coarse_L",0.903391248537632,0.903269582479312,0.000121666058319737,0.0180826839540582,0.0179924547247527,0.98,100
"Pooled CCW","RR",5,-0.7,"small",0.4,25,"nonlinear_L",0.903391248537632,0.903269582479312,0.000121666058319737,0.0180826839540582,0.0179924547247527,0.98,100
"Pooled CCW","RR",5,-0.7,"small",0.4,25,"cloglog",0.903391248537632,0.903269582479312,0.000121666058319737,0.0180826839540582,0.0179924547247527,0.98,100
"Pooled CCW","RR",5,-0.7,"small",0.4,25,"lpm",0.903391248537632,0.903269582479312,0.000121666058319737,0.0180826839540582,0.0179924547247527,0.98,100
"Pooled CCW","RR",8,-0.7,"small",0.4,25,"correct",0.915414917427469,0.91775550544168,-0.00234058801421064,0.014251951955735,0.014372379950981,0.97,100
"Pooled CCW","RR",8,-0.7,"small",0.4,25,"no_lag",0.915414917427469,0.91775550544168,-0.00234058801421064,0.014251951955735,0.014372379950981,0.97,100
"Pooled CCW","RR",8,-0.7,"small",0.4,25,"no_tv",0.915414917427469,0.91775550544168,-0.00234058801421064,0.014251951955735,0.014372379950981,0.97,100
"Pooled CCW","RR",8,-0.7,"small",0.4,25,"coarse_L",0.915414917427469,0.91775550544168,-0.00234058801421064,0.014251951955735,0.014372379950981,0.97,100
"Pooled CCW","RR",8,-0.7,"small",0.4,25,"nonlinear_L",0.915414917427469,0.91775550544168,-0.00234058801421064,0.014251951955735,0.014372379950981,0.97,100
"Pooled CCW","RR",8,-0.7,"small",0.4,25,"cloglog",0.915414917427469,0.91775550544168,-0.00234058801421064,0.014251951955735,0.014372379950981,0.97,100
"Pooled CCW","RR",8,-0.7,"small",0.4,25,"lpm",0.915414917427469,0.91775550544168,-0.00234058801421064,0.014251951955735,0.014372379950981,0.97,100
"Pooled CCW","RR",2,-0.5,"small",0.4,25,"correct",0.922946059761416,0.915401656935726,0.00754440282569038,0.0373838289326825,0.0379538294906808,0.95,100
"Pooled CCW","RR",2,-0.5,"small",0.4,25,"no_lag",0.922946059761416,0.915401656935726,0.00754440282569038,0.0373838289326825,0.0379538294906808,0.95,100
"Pooled CCW","RR",2,-0.5,"small",0.4,25,"no_tv",0.922946059761416,0.915401656935726,0.00754440282569038,0.0373838289326825,0.0379538294906808,0.95,100
"Pooled CCW","RR",2,-0.5,"small",0.4,25,"coarse_L",0.922946059761416,0.915401656935726,0.00754440282569038,0.0373838289326825,0.0379538294906808,0.95,100
"Pooled CCW","RR",2,-0.5,"small",0.4,25,"nonlinear_L",0.922946059761416,0.915401656935726,0.00754440282569038,0.0373838289326825,0.0379538294906808,0.95,100
"Pooled CCW","RR",2,-0.5,"small",0.4,25,"cloglog",0.922946059761416,0.915401656935726,0.00754440282569038,0.0373838289326825,0.0379538294906808,0.95,100
"Pooled CCW","RR",2,-0.5,"small",0.4,25,"lpm",0.922946059761416,0.915401656935726,0.00754440282569038,0.0373838289326825,0.0379538294906808,0.95,100
"Pooled CCW","RR",5,-0.5,"small",0.4,25,"correct",0.93810523101526,0.932909472527854,0.00519575848740565,0.0229981251569625,0.02346530480065,0.91,100
"Pooled CCW","RR",5,-0.5,"small",0.4,25,"no_lag",0.93810523101526,0.932909472527854,0.00519575848740565,0.0229981251569625,0.02346530480065,0.91,100
"Pooled CCW","RR",5,-0.5,"small",0.4,25,"no_tv",0.93810523101526,0.932909472527854,0.00519575848740565,0.0229981251569625,0.02346530480065,0.91,100
"Pooled CCW","RR",5,-0.5,"small",0.4,25,"coarse_L",0.93810523101526,0.932909472527854,0.00519575848740565,0.0229981251569625,0.02346530480065,0.91,100
"Pooled CCW","RR",5,-0.5,"small",0.4,25,"nonlinear_L",0.93810523101526,0.932909472527854,0.00519575848740565,0.0229981251569625,0.02346530480065,0.91,100
"Pooled CCW","RR",5,-0.5,"small",0.4,25,"cloglog",0.93810523101526,0.932909472527854,0.00519575848740565,0.0229981251569625,0.02346530480065,0.91,100
"Pooled CCW","RR",5,-0.5,"small",0.4,25,"lpm",0.93810523101526,0.932909472527854,0.00519575848740565,0.0229981251569625,0.02346530480065,0.91,100
"Pooled CCW","RR",8,-0.5,"small",0.4,25,"correct",0.939993022923513,0.942342495189099,-0.00234947226558622,0.0147245630751345,0.0148379462899296,0.97,100
"Pooled CCW","RR",8,-0.5,"small",0.4,25,"no_lag",0.939993022923513,0.942342495189099,-0.00234947226558622,0.0147245630751345,0.0148379462899296,0.97,100
"Pooled CCW","RR",8,-0.5,"small",0.4,25,"no_tv",0.939993022923513,0.942342495189099,-0.00234947226558622,0.0147245630751345,0.0148379462899296,0.97,100
"Pooled CCW","RR",8,-0.5,"small",0.4,25,"coarse_L",0.939993022923513,0.942342495189099,-0.00234947226558622,0.0147245630751345,0.0148379462899296,0.97,100
"Pooled CCW","RR",8,-0.5,"small",0.4,25,"nonlinear_L",0.939993022923513,0.942342495189099,-0.00234947226558622,0.0147245630751345,0.0148379462899296,0.97,100
"Pooled CCW","RR",8,-0.5,"small",0.4,25,"cloglog",0.939993022923513,0.942342495189099,-0.00234947226558622,0.0147245630751345,0.0148379462899296,0.97,100
"Pooled CCW","RR",8,-0.5,"small",0.4,25,"lpm",0.939993022923513,0.942342495189099,-0.00234947226558622,0.0147245630751345,0.0148379462899296,0.97,100
"Pooled CCW","RR",2,-1,"medium",1,25,"correct",0.822915858987057,0.81443192717203,0.00848393181502675,0.0468935916903957,0.0474235801184528,0.95,100
"Pooled CCW","RR",2,-1,"medium",1,25,"no_lag",0.822915858987057,0.81443192717203,0.00848393181502675,0.0468935916903957,0.0474235801184528,0.95,100
"Pooled CCW","RR",2,-1,"medium",1,25,"no_tv",0.822915858987057,0.81443192717203,0.00848393181502675,0.0468935916903957,0.0474235801184528,0.95,100
"Pooled CCW","RR",2,-1,"medium",1,25,"coarse_L",0.822915858987057,0.81443192717203,0.00848393181502675,0.0468935916903957,0.0474235801184528,0.95,100
"Pooled CCW","RR",2,-1,"medium",1,25,"nonlinear_L",0.822915858987057,0.81443192717203,0.00848393181502675,0.0468935916903957,0.0474235801184528,0.95,100
"Pooled CCW","RR",2,-1,"medium",1,25,"cloglog",0.822915858987057,0.81443192717203,0.00848393181502675,0.0468935916903957,0.0474235801184528,0.95,100
"Pooled CCW","RR",2,-1,"medium",1,25,"lpm",0.822915858987057,0.81443192717203,0.00848393181502675,0.0468935916903957,0.0474235801184528,0.95,100
"Pooled CCW","RR",5,-1,"medium",1,25,"correct",0.855632298245302,0.854391316429979,0.00124098181532298,0.0278979854849302,0.0277858714825029,0.96,100
"Pooled CCW","RR",5,-1,"medium",1,25,"no_lag",0.855632298245302,0.854391316429979,0.00124098181532298,0.0278979854849302,0.0277858714825029,0.96,100
"Pooled CCW","RR",5,-1,"medium",1,25,"no_tv",0.855632298245302,0.854391316429979,0.00124098181532298,0.0278979854849302,0.0277858714825029,0.96,100
"Pooled CCW","RR",5,-1,"medium",1,25,"coarse_L",0.855632298245302,0.854391316429979,0.00124098181532298,0.0278979854849302,0.0277858714825029,0.96,100
"Pooled CCW","RR",5,-1,"medium",1,25,"nonlinear_L",0.855632298245302,0.854391316429979,0.00124098181532298,0.0278979854849302,0.0277858714825029,0.96,100
"Pooled CCW","RR",5,-1,"medium",1,25,"cloglog",0.855632298245302,0.854391316429979,0.00124098181532298,0.0278979854849302,0.0277858714825029,0.96,100
"Pooled CCW","RR",5,-1,"medium",1,25,"lpm",0.855632298245302,0.854391316429979,0.00124098181532298,0.0278979854849302,0.0277858714825029,0.96,100
"Pooled CCW","RR",8,-1,"medium",1,25,"correct",0.877533115078871,0.873643531949712,0.00388958312915937,0.0280570757876465,0.0281861023139923,0.94,100
"Pooled CCW","RR",8,-1,"medium",1,25,"no_lag",0.877533115078871,0.873643531949712,0.00388958312915937,0.0280570757876465,0.0281861023139923,0.94,100
"Pooled CCW","RR",8,-1,"medium",1,25,"no_tv",0.877533115078871,0.873643531949712,0.00388958312915937,0.0280570757876465,0.0281861023139923,0.94,100
"Pooled CCW","RR",8,-1,"medium",1,25,"coarse_L",0.877533115078871,0.873643531949712,0.00388958312915937,0.0280570757876465,0.0281861023139923,0.94,100
"Pooled CCW","RR",8,-1,"medium",1,25,"nonlinear_L",0.877533115078871,0.873643531949712,0.00388958312915937,0.0280570757876465,0.0281861023139923,0.94,100
"Pooled CCW","RR",8,-1,"medium",1,25,"cloglog",0.877533115078871,0.873643531949712,0.00388958312915937,0.0280570757876465,0.0281861023139923,0.94,100
"Pooled CCW","RR",8,-1,"medium",1,25,"lpm",0.877533115078871,0.873643531949712,0.00388958312915937,0.0280570757876465,0.0281861023139923,0.94,100
"Pooled CCW","RR",2,-0.7,"medium",1,25,"correct",0.890898717939422,0.878445879711798,0.0124528382276241,0.0518543346032196,0.0530759500799996,0.9,100
"Pooled CCW","RR",2,-0.7,"medium",1,25,"no_lag",0.890898717939422,0.878445879711798,0.0124528382276241,0.0518543346032196,0.0530759500799996,0.9,100
"Pooled CCW","RR",2,-0.7,"medium",1,25,"no_tv",0.890898717939422,0.878445879711798,0.0124528382276241,0.0518543346032196,0.0530759500799996,0.9,100
"Pooled CCW","RR",2,-0.7,"medium",1,25,"coarse_L",0.890898717939422,0.878445879711798,0.0124528382276241,0.0518543346032196,0.0530759500799996,0.9,100
"Pooled CCW","RR",2,-0.7,"medium",1,25,"nonlinear_L",0.890898717939422,0.878445879711798,0.0124528382276241,0.0518543346032196,0.0530759500799996,0.9,100
"Pooled CCW","RR",2,-0.7,"medium",1,25,"cloglog",0.890898717939422,0.878445879711798,0.0124528382276241,0.0518543346032196,0.0530759500799996,0.9,100
"Pooled CCW","RR",2,-0.7,"medium",1,25,"lpm",0.890898717939422,0.878445879711798,0.0124528382276241,0.0518543346032196,0.0530759500799996,0.9,100
"Pooled CCW","RR",5,-0.7,"medium",1,25,"correct",0.907826667330433,0.902036657016575,0.00579001031385768,0.0402430109872074,0.0404577452834177,0.89,100
"Pooled CCW","RR",5,-0.7,"medium",1,25,"no_lag",0.907826667330433,0.902036657016575,0.00579001031385768,0.0402430109872074,0.0404577452834177,0.89,100
"Pooled CCW","RR",5,-0.7,"medium",1,25,"no_tv",0.907826667330433,0.902036657016575,0.00579001031385768,0.0402430109872074,0.0404577452834177,0.89,100
"Pooled CCW","RR",5,-0.7,"medium",1,25,"coarse_L",0.907826667330433,0.902036657016575,0.00579001031385768,0.0402430109872074,0.0404577452834177,0.89,100
"Pooled CCW","RR",5,-0.7,"medium",1,25,"nonlinear_L",0.907826667330433,0.902036657016575,0.00579001031385768,0.0402430109872074,0.0404577452834177,0.89,100
"Pooled CCW","RR",5,-0.7,"medium",1,25,"cloglog",0.907826667330433,0.902036657016575,0.00579001031385768,0.0402430109872074,0.0404577452834177,0.89,100
"Pooled CCW","RR",5,-0.7,"medium",1,25,"lpm",0.907826667330433,0.902036657016575,0.00579001031385768,0.0402430109872074,0.0404577452834177,0.89,100
"Pooled CCW","RR",8,-0.7,"medium",1,25,"correct",0.910499937195731,0.91398519774654,-0.00348526055080861,0.0240663704611943,0.0241980438550457,0.99,100
"Pooled CCW","RR",8,-0.7,"medium",1,25,"no_lag",0.910499937195731,0.91398519774654,-0.00348526055080861,0.0240663704611943,0.0241980438550457,0.99,100
"Pooled CCW","RR",8,-0.7,"medium",1,25,"no_tv",0.910499937195731,0.91398519774654,-0.00348526055080861,0.0240663704611943,0.0241980438550457,0.99,100
"Pooled CCW","RR",8,-0.7,"medium",1,25,"coarse_L",0.910499937195731,0.91398519774654,-0.00348526055080861,0.0240663704611943,0.0241980438550457,0.99,100
"Pooled CCW","RR",8,-0.7,"medium",1,25,"nonlinear_L",0.910499937195731,0.91398519774654,-0.00348526055080861,0.0240663704611943,0.0241980438550457,0.99,100
"Pooled CCW","RR",8,-0.7,"medium",1,25,"cloglog",0.910499937195731,0.91398519774654,-0.00348526055080861,0.0240663704611943,0.0241980438550457,0.99,100
"Pooled CCW","RR",8,-0.7,"medium",1,25,"lpm",0.910499937195731,0.91398519774654,-0.00348526055080861,0.0240663704611943,0.0241980438550457,0.99,100
"Pooled CCW","RR",2,-0.5,"medium",1,25,"correct",0.908678260392419,0.916995969857005,-0.00831770946458581,0.0670110837697469,0.0671919994140175,0.92,100
"Pooled CCW","RR",2,-0.5,"medium",1,25,"no_lag",0.908678260392419,0.916995969857005,-0.00831770946458581,0.0670110837697469,0.0671919994140175,0.92,100
"Pooled CCW","RR",2,-0.5,"medium",1,25,"no_tv",0.908678260392419,0.916995969857005,-0.00831770946458581,0.0670110837697469,0.0671919994140175,0.92,100
"Pooled CCW","RR",2,-0.5,"medium",1,25,"coarse_L",0.908678260392419,0.916995969857005,-0.00831770946458581,0.0670110837697469,0.0671919994140175,0.92,100
"Pooled CCW","RR",2,-0.5,"medium",1,25,"nonlinear_L",0.908678260392419,0.916995969857005,-0.00831770946458581,0.0670110837697469,0.0671919994140175,0.92,100
"Pooled CCW","RR",2,-0.5,"medium",1,25,"cloglog",0.908678260392419,0.916995969857005,-0.00831770946458581,0.0670110837697469,0.0671919994140175,0.92,100
"Pooled CCW","RR",2,-0.5,"medium",1,25,"lpm",0.908678260392419,0.916995969857005,-0.00831770946458581,0.0670110837697469,0.0671919994140175,0.92,100
"Pooled CCW","RR",5,-0.5,"medium",1,25,"correct",0.92046434114428,0.932168839759687,-0.0117044986154065,0.0387886793377681,0.0403300299548434,0.91,100
"Pooled CCW","RR",5,-0.5,"medium",1,25,"no_lag",0.92046434114428,0.932168839759687,-0.0117044986154065,0.0387886793377681,0.0403300299548434,0.91,100
"Pooled CCW","RR",5,-0.5,"medium",1,25,"no_tv",0.92046434114428,0.932168839759687,-0.0117044986154065,0.0387886793377681,0.0403300299548434,0.91,100
"Pooled CCW","RR",5,-0.5,"medium",1,25,"coarse_L",0.92046434114428,0.932168839759687,-0.0117044986154065,0.0387886793377681,0.0403300299548434,0.91,100
"Pooled CCW","RR",5,-0.5,"medium",1,25,"nonlinear_L",0.92046434114428,0.932168839759687,-0.0117044986154065,0.0387886793377681,0.0403300299548434,0.91,100
"Pooled CCW","RR",5,-0.5,"medium",1,25,"cloglog",0.92046434114428,0.932168839759687,-0.0117044986154065,0.0387886793377681,0.0403300299548434,0.91,100
"Pooled CCW","RR",5,-0.5,"medium",1,25,"lpm",0.92046434114428,0.932168839759687,-0.0117044986154065,0.0387886793377681,0.0403300299548434,0.91,100
"Pooled CCW","RR",8,-0.5,"medium",1,25,"correct",0.933749377970851,0.939691720155475,-0.00594234218462389,0.0274262969693896,0.0279283221557933,0.97,100
"Pooled CCW","RR",8,-0.5,"medium",1,25,"no_lag",0.933749377970851,0.939691720155475,-0.00594234218462389,0.0274262969693896,0.0279283221557933,0.97,100
"Pooled CCW","RR",8,-0.5,"medium",1,25,"no_tv",0.933749377970851,0.939691720155475,-0.00594234218462389,0.0274262969693896,0.0279283221557933,0.97,100
"Pooled CCW","RR",8,-0.5,"medium",1,25,"coarse_L",0.933749377970851,0.939691720155475,-0.00594234218462389,0.0274262969693896,0.0279283221557933,0.97,100
"Pooled CCW","RR",8,-0.5,"medium",1,25,"nonlinear_L",0.933749377970851,0.939691720155475,-0.00594234218462389,0.0274262969693896,0.0279283221557933,0.97,100
"Pooled CCW","RR",8,-0.5,"medium",1,25,"cloglog",0.933749377970851,0.939691720155475,-0.00594234218462389,0.0274262969693896,0.0279283221557933,0.97,100
"Pooled CCW","RR",8,-0.5,"medium",1,25,"lpm",0.933749377970851,0.939691720155475,-0.00594234218462389,0.0274262969693896,0.0279283221557933,0.97,100
"Pooled CCW","RR",2,-1,"strong",2,25,"correct",0.856937420738569,0.813498147909376,0.0434392728291932,0.0697378162226341,0.081863910273795,0.83,100
"Pooled CCW","RR",2,-1,"strong",2,25,"no_lag",0.856937420738569,0.813498147909376,0.0434392728291932,0.0697378162226341,0.081863910273795,0.83,100
"Pooled CCW","RR",2,-1,"strong",2,25,"no_tv",0.856937420738569,0.813498147909376,0.0434392728291932,0.0697378162226341,0.081863910273795,0.83,100
"Pooled CCW","RR",2,-1,"strong",2,25,"coarse_L",0.856937420738569,0.813498147909376,0.0434392728291932,0.0697378162226341,0.081863910273795,0.83,100
"Pooled CCW","RR",2,-1,"strong",2,25,"nonlinear_L",0.856937420738569,0.813498147909376,0.0434392728291932,0.0697378162226341,0.081863910273795,0.83,100
"Pooled CCW","RR",2,-1,"strong",2,25,"cloglog",0.856937420738569,0.813498147909376,0.0434392728291932,0.0697378162226341,0.081863910273795,0.83,100
"Pooled CCW","RR",2,-1,"strong",2,25,"lpm",0.856937420738569,0.813498147909376,0.0434392728291932,0.0697378162226341,0.081863910273795,0.83,100
"Pooled CCW","RR",5,-1,"strong",2,25,"correct",0.853037318321523,0.847647016881975,0.00539030143954797,0.1099440771842,0.109525697698831,0.86,100
"Pooled CCW","RR",5,-1,"strong",2,25,"no_lag",0.853037318321523,0.847647016881975,0.00539030143954797,0.1099440771842,0.109525697698831,0.86,100
"Pooled CCW","RR",5,-1,"strong",2,25,"no_tv",0.853037318321523,0.847647016881975,0.00539030143954797,0.1099440771842,0.109525697698831,0.86,100
"Pooled CCW","RR",5,-1,"strong",2,25,"coarse_L",0.853037318321523,0.847647016881975,0.00539030143954797,0.1099440771842,0.109525697698831,0.86,100
"Pooled CCW","RR",5,-1,"strong",2,25,"nonlinear_L",0.853037318321523,0.847647016881975,0.00539030143954797,0.1099440771842,0.109525697698831,0.86,100
"Pooled CCW","RR",5,-1,"strong",2,25,"cloglog",0.853037318321523,0.847647016881975,0.00539030143954797,0.1099440771842,0.109525697698831,0.86,100
"Pooled CCW","RR",5,-1,"strong",2,25,"lpm",0.853037318321523,0.847647016881975,0.00539030143954797,0.1099440771842,0.109525697698831,0.86,100
"Pooled CCW","RR",8,-1,"strong",2,25,"correct",0.868580410400155,0.868015909419281,0.000564500980873454,0.0702951157103516,0.0699450350000757,0.86,100
"Pooled CCW","RR",8,-1,"strong",2,25,"no_lag",0.868580410400155,0.868015909419281,0.000564500980873454,0.0702951157103516,0.0699450350000757,0.86,100
"Pooled CCW","RR",8,-1,"strong",2,25,"no_tv",0.868580410400155,0.868015909419281,0.000564500980873454,0.0702951157103516,0.0699450350000757,0.86,100
"Pooled CCW","RR",8,-1,"strong",2,25,"coarse_L",0.868580410400155,0.868015909419281,0.000564500980873454,0.0702951157103516,0.0699450350000757,0.86,100
"Pooled CCW","RR",8,-1,"strong",2,25,"nonlinear_L",0.868580410400155,0.868015909419281,0.000564500980873454,0.0702951157103516,0.0699450350000757,0.86,100
"Pooled CCW","RR",8,-1,"strong",2,25,"cloglog",0.868580410400155,0.868015909419281,0.000564500980873454,0.0702951157103516,0.0699450350000757,0.86,100
"Pooled CCW","RR",8,-1,"strong",2,25,"lpm",0.868580410400155,0.868015909419281,0.000564500980873454,0.0702951157103516,0.0699450350000757,0.86,100
"Pooled CCW","RR",2,-0.7,"strong",2,25,"correct",0.913046573737766,0.878937516259128,0.0341090574786388,0.100670127898313,0.10581378788529,0.78,100
"Pooled CCW","RR",2,-0.7,"strong",2,25,"no_lag",0.913046573737766,0.878937516259128,0.0341090574786388,0.100670127898313,0.10581378788529,0.78,100
"Pooled CCW","RR",2,-0.7,"strong",2,25,"no_tv",0.913046573737766,0.878937516259128,0.0341090574786388,0.100670127898313,0.10581378788529,0.78,100
"Pooled CCW","RR",2,-0.7,"strong",2,25,"coarse_L",0.913046573737766,0.878937516259128,0.0341090574786388,0.100670127898313,0.10581378788529,0.78,100
"Pooled CCW","RR",2,-0.7,"strong",2,25,"nonlinear_L",0.913046573737766,0.878937516259128,0.0341090574786388,0.100670127898313,0.10581378788529,0.78,100
"Pooled CCW","RR",2,-0.7,"strong",2,25,"cloglog",0.913046573737766,0.878937516259128,0.0341090574786388,0.100670127898313,0.10581378788529,0.78,100
"Pooled CCW","RR",2,-0.7,"strong",2,25,"lpm",0.913046573737766,0.878937516259128,0.0341090574786388,0.100670127898313,0.10581378788529,0.78,100
"Pooled CCW","RR",5,-0.7,"strong",2,25,"correct",0.888055760790318,0.898264705974939,-0.0102089451846211,0.131943959371708,0.131678923493164,0.79,100
"Pooled CCW","RR",5,-0.7,"strong",2,25,"no_lag",0.888055760790318,0.898264705974939,-0.0102089451846211,0.131943959371708,0.131678923493164,0.79,100
"Pooled CCW","RR",5,-0.7,"strong",2,25,"no_tv",0.888055760790318,0.898264705974939,-0.0102089451846211,0.131943959371708,0.131678923493164,0.79,100
"Pooled CCW","RR",5,-0.7,"strong",2,25,"coarse_L",0.888055760790318,0.898264705974939,-0.0102089451846211,0.131943959371708,0.131678923493164,0.79,100
"Pooled CCW","RR",5,-0.7,"strong",2,25,"nonlinear_L",0.888055760790318,0.898264705974939,-0.0102089451846211,0.131943959371708,0.131678923493164,0.79,100
"Pooled CCW","RR",5,-0.7,"strong",2,25,"cloglog",0.888055760790318,0.898264705974939,-0.0102089451846211,0.131943959371708,0.131678923493164,0.79,100
"Pooled CCW","RR",5,-0.7,"strong",2,25,"lpm",0.888055760790318,0.898264705974939,-0.0102089451846211,0.131943959371708,0.131678923493164,0.79,100
"Pooled CCW","RR",8,-0.7,"strong",2,25,"correct",0.930967680489724,0.912870188119348,0.0180974923703766,0.0747604024624327,0.0765555081537397,0.8,100
"Pooled CCW","RR",8,-0.7,"strong",2,25,"no_lag",0.930967680489724,0.912870188119348,0.0180974923703766,0.0747604024624327,0.0765555081537397,0.8,100
"Pooled CCW","RR",8,-0.7,"strong",2,25,"no_tv",0.930967680489724,0.912870188119348,0.0180974923703766,0.0747604024624327,0.0765555081537397,0.8,100
"Pooled CCW","RR",8,-0.7,"strong",2,25,"coarse_L",0.930967680489724,0.912870188119348,0.0180974923703766,0.0747604024624327,0.0765555081537397,0.8,100
"Pooled CCW","RR",8,-0.7,"strong",2,25,"nonlinear_L",0.930967680489724,0.912870188119348,0.0180974923703766,0.0747604024624327,0.0765555081537397,0.8,100
"Pooled CCW","RR",8,-0.7,"strong",2,25,"cloglog",0.930967680489724,0.912870188119348,0.0180974923703766,0.0747604024624327,0.0765555081537397,0.8,100
"Pooled CCW","RR",8,-0.7,"strong",2,25,"lpm",0.930967680489724,0.912870188119348,0.0180974923703766,0.0747604024624327,0.0765555081537397,0.8,100
"Pooled CCW","RR",2,-0.5,"strong",2,25,"correct",0.974463912849193,0.919944439439018,0.0545194734101747,0.100681880224474,0.114051942449056,0.58,100
"Pooled CCW","RR",2,-0.5,"strong",2,25,"no_lag",0.974463912849193,0.919944439439018,0.0545194734101747,0.100681880224474,0.114051942449056,0.58,100
"Pooled CCW","RR",2,-0.5,"strong",2,25,"no_tv",0.974463912849193,0.919944439439018,0.0545194734101747,0.100681880224474,0.114051942449056,0.58,100
"Pooled CCW","RR",2,-0.5,"strong",2,25,"coarse_L",0.974463912849193,0.919944439439018,0.0545194734101747,0.100681880224474,0.114051942449056,0.58,100
"Pooled CCW","RR",2,-0.5,"strong",2,25,"nonlinear_L",0.974463912849193,0.919944439439018,0.0545194734101747,0.100681880224474,0.114051942449056,0.58,100
"Pooled CCW","RR",2,-0.5,"strong",2,25,"cloglog",0.974463912849193,0.919944439439018,0.0545194734101747,0.100681880224474,0.114051942449056,0.58,100
"Pooled CCW","RR",2,-0.5,"strong",2,25,"lpm",0.974463912849193,0.919944439439018,0.0545194734101747,0.100681880224474,0.114051942449056,0.58,100
"Pooled CCW","RR",5,-0.5,"strong",2,25,"correct",0.95263107392793,0.930220082076693,0.0224109918512378,0.0659681237138796,0.0693579697556285,0.75,100
"Pooled CCW","RR",5,-0.5,"strong",2,25,"no_lag",0.95263107392793,0.930220082076693,0.0224109918512378,0.0659681237138796,0.0693579697556285,0.75,100
"Pooled CCW","RR",5,-0.5,"strong",2,25,"no_tv",0.95263107392793,0.930220082076693,0.0224109918512378,0.0659681237138796,0.0693579697556285,0.75,100
"Pooled CCW","RR",5,-0.5,"strong",2,25,"coarse_L",0.95263107392793,0.930220082076693,0.0224109918512378,0.0659681237138796,0.0693579697556285,0.75,100
"Pooled CCW","RR",5,-0.5,"strong",2,25,"nonlinear_L",0.95263107392793,0.930220082076693,0.0224109918512378,0.0659681237138796,0.0693579697556285,0.75,100
"Pooled CCW","RR",5,-0.5,"strong",2,25,"cloglog",0.95263107392793,0.930220082076693,0.0224109918512378,0.0659681237138796,0.0693579697556285,0.75,100
"Pooled CCW","RR",5,-0.5,"strong",2,25,"lpm",0.95263107392793,0.930220082076693,0.0224109918512378,0.0659681237138796,0.0693579697556285,0.75,100
"Pooled CCW","RR",8,-0.5,"strong",2,25,"correct",0.954114992350498,0.941418510637448,0.0126964817130497,0.0657465661319602,0.0666377182716559,0.77,100
"Pooled CCW","RR",8,-0.5,"strong",2,25,"no_lag",0.954114992350498,0.941418510637448,0.0126964817130497,0.0657465661319602,0.0666377182716559,0.77,100
"Pooled CCW","RR",8,-0.5,"strong",2,25,"no_tv",0.954114992350498,0.941418510637448,0.0126964817130497,0.0657465661319602,0.0666377182716559,0.77,100
"Pooled CCW","RR",8,-0.5,"strong",2,25,"coarse_L",0.954114992350498,0.941418510637448,0.0126964817130497,0.0657465661319602,0.0666377182716559,0.77,100
"Pooled CCW","RR",8,-0.5,"strong",2,25,"nonlinear_L",0.954114992350498,0.941418510637448,0.0126964817130497,0.0657465661319602,0.0666377182716559,0.77,100
"Pooled CCW","RR",8,-0.5,"strong",2,25,"cloglog",0.954114992350498,0.941418510637448,0.0126964817130497,0.0657465661319602,0.0666377182716559,0.77,100
"Pooled CCW","RR",8,-0.5,"strong",2,25,"lpm",0.954114992350498,0.941418510637448,0.0126964817130497,0.0657465661319602,0.0666377182716559,0.77,100
"CC-Gcomp","RR",2,-1,"small",0.4,25,"correct",0.81230982858498,0.812875296768163,-0.000565468183182244,0.0189259824578286,0.0188396029188591,NA,100
"CC-Gcomp","RR",2,-1,"small",0.4,25,"no_lag",0.813596703635455,0.812875296768163,0.0007214068672927,0.0188624209160378,0.0187817315882701,NA,100
"CC-Gcomp","RR",2,-1,"small",0.4,25,"no_tv",0.824815554636612,0.812875296768163,0.0119402578684496,0.0199306081630469,0.0231479288122392,NA,100
"CC-Gcomp","RR",2,-1,"small",0.4,25,"coarse_L",0.825963334355475,0.812875296768163,0.013088037587312,0.0183093048356553,0.0224315640341059,NA,100
"CC-Gcomp","RR",2,-1,"small",0.4,25,"nonlinear_L",0.812185865520056,0.812875296768163,-0.000689431248106324,0.0189238217666258,0.0188415826139509,NA,100
"CC-Gcomp","RR",2,-1,"small",0.4,25,"cloglog",0.818413989390288,0.812875296768163,0.00553869262212514,0.0186855642810268,0.0193993795090917,NA,100
"CC-Gcomp","RR",2,-1,"small",0.4,25,"lpm",0.836837010819582,0.812875296768163,0.0239617140514198,0.0187203250328244,0.0303497908382126,NA,100
"CC-Gcomp","RR",5,-1,"small",0.4,25,"correct",0.844829793799541,0.857532775183329,-0.0127029813837879,0.0111164857127342,0.0168435812133962,NA,100
"CC-Gcomp","RR",5,-1,"small",0.4,25,"no_lag",0.846014036865905,0.857532775183329,-0.0115187383174238,0.0113131971789256,0.0161055853209514,NA,100
"CC-Gcomp","RR",5,-1,"small",0.4,25,"no_tv",0.856306101175454,0.857532775183329,-0.00122667400787523,0.013230859608153,0.0132215664212885,NA,100
"CC-Gcomp","RR",5,-1,"small",0.4,25,"coarse_L",0.855032922322165,0.857532775183329,-0.00249985286116369,0.0115599290781716,0.0117705099726776,NA,100
"CC-Gcomp","RR",5,-1,"small",0.4,25,"nonlinear_L",0.84486640990958,0.857532775183329,-0.0126663652737493,0.0112882136269633,0.0169288611095703,NA,100
"CC-Gcomp","RR",5,-1,"small",0.4,25,"cloglog",0.848893810412029,0.857532775183329,-0.0086389647713002,0.0107078375935267,0.0137165199810235,NA,100
"CC-Gcomp","RR",5,-1,"small",0.4,25,"lpm",0.866319777364228,0.857532775183329,0.00878700218089934,0.0105697916047915,0.0137045502279412,NA,100
"CC-Gcomp","RR",8,-1,"small",0.4,25,"correct",0.868995444182948,0.880160884950332,-0.0111654407673842,0.00705272429235715,0.0131875160009203,NA,100
"CC-Gcomp","RR",8,-1,"small",0.4,25,"no_lag",0.870245247791452,0.880160884950332,-0.00991563715888006,0.00712355298955424,0.0121884132433061,NA,100
"CC-Gcomp","RR",8,-1,"small",0.4,25,"no_tv",0.880203822735586,0.880160884950332,4.29377852536872e-05,0.0082863771899223,0.00824495300882488,NA,100
"CC-Gcomp","RR",8,-1,"small",0.4,25,"coarse_L",0.877064380780347,0.880160884950332,-0.00309650416998529,0.00719603341101604,0.00780085930899096,NA,100
"CC-Gcomp","RR",8,-1,"small",0.4,25,"nonlinear_L",0.868963454635153,0.880160884950332,-0.0111974303151792,0.00703442556196928,0.0132049519961381,NA,100
"CC-Gcomp","RR",8,-1,"small",0.4,25,"cloglog",0.872463557191699,0.880160884950332,-0.00769732775863314,0.00708053329152051,0.0104346282540027,NA,100
"CC-Gcomp","RR",8,-1,"small",0.4,25,"lpm",0.889569979396136,0.880160884950332,0.00940909444580395,0.00754446787657282,0.0120366467039326,NA,100
"CC-Gcomp","RR",2,-0.7,"small",0.4,25,"correct",0.875108539781901,0.875904798386529,-0.000796258604628214,0.0169746302560615,0.0169083032670976,NA,100
"CC-Gcomp","RR",2,-0.7,"small",0.4,25,"no_lag",0.876448672334174,0.875904798386529,0.00054387394764478,0.0169500650490756,0.0168738690580182,NA,100
"CC-Gcomp","RR",2,-0.7,"small",0.4,25,"no_tv",0.888758846549959,0.875904798386529,0.0128540481634305,0.0171657280765824,0.0213762052849183,NA,100
"CC-Gcomp","RR",2,-0.7,"small",0.4,25,"coarse_L",0.885512007245073,0.875904798386529,0.00960720885854375,0.0164682872259571,0.0189944966073528,NA,100
"CC-Gcomp","RR",2,-0.7,"small",0.4,25,"nonlinear_L",0.875290668640134,0.875904798386529,-0.000614129746394365,0.0168667261831088,0.0167934136779874,NA,100
"CC-Gcomp","RR",2,-0.7,"small",0.4,25,"cloglog",0.879649288519141,0.875904798386529,0.00374449013261186,0.0162190049492952,0.0165664349418648,NA,100
"CC-Gcomp","RR",2,-0.7,"small",0.4,25,"lpm",0.888759330106676,0.875904798386529,0.0128545317201476,0.0181332564244036,0.0221532350777922,NA,100
"CC-Gcomp","RR",5,-0.7,"small",0.4,25,"correct",0.891388826578978,0.903269582479312,-0.0118807559003335,0.00902945393210137,0.0148952371143306,NA,100
"CC-Gcomp","RR",5,-0.7,"small",0.4,25,"no_lag",0.892791484233255,0.903269582479312,-0.0104780982460572,0.00916461707688087,0.0138903148617382,NA,100
"CC-Gcomp","RR",5,-0.7,"small",0.4,25,"no_tv",0.904344209935307,0.903269582479312,0.00107462745599523,0.010776271335665,0.0107759717812388,NA,100
"CC-Gcomp","RR",5,-0.7,"small",0.4,25,"coarse_L",0.899829572294738,0.903269582479312,-0.00344001018457418,0.0095325020702653,0.0100892804417555,NA,100
"CC-Gcomp","RR",5,-0.7,"small",0.4,25,"nonlinear_L",0.891561362947768,0.903269582479312,-0.0117082195315438,0.0091536569441209,0.0148335412391974,NA,100
"CC-Gcomp","RR",5,-0.7,"small",0.4,25,"cloglog",0.894355143258421,0.903269582479312,-0.00891443922089048,0.00889977188405049,0.0125650748829923,NA,100
"CC-Gcomp","RR",5,-0.7,"small",0.4,25,"lpm",0.906956542288329,0.903269582479312,0.00368695980901718,0.0100641090558509,0.0106708528623764,NA,100
"CC-Gcomp","RR",8,-0.7,"small",0.4,25,"correct",0.908505777552548,0.91775550544168,-0.00924972788913179,0.00708164356556081,0.0116277962166842,NA,100
"CC-Gcomp","RR",8,-0.7,"small",0.4,25,"no_lag",0.91025285527442,0.91775550544168,-0.00750265016725992,0.00709684567068506,0.0103029765515152,NA,100
"CC-Gcomp","RR",8,-0.7,"small",0.4,25,"no_tv",0.920889104290292,0.91775550544168,0.00313359884861187,0.00745666539518788,0.00805389855732341,NA,100
"CC-Gcomp","RR",8,-0.7,"small",0.4,25,"coarse_L",0.915912439306334,0.91775550544168,-0.00184306613534562,0.00724892581722061,0.00744435014140184,NA,100
"CC-Gcomp","RR",8,-0.7,"small",0.4,25,"nonlinear_L",0.908388289158373,0.91775550544168,-0.0093672162833072,0.00720169447386377,0.0117936635597335,NA,100
"CC-Gcomp","RR",8,-0.7,"small",0.4,25,"cloglog",0.911209896157826,0.91775550544168,-0.00654560928385442,0.00694600775310506,0.00951890510332017,NA,100
"CC-Gcomp","RR",8,-0.7,"small",0.4,25,"lpm",0.922717617733221,0.91775550544168,0.00496211229154133,0.00700975703548618,0.00855966618236062,NA,100
"CC-Gcomp","RR",2,-0.5,"small",0.4,25,"correct",0.914196426532997,0.915401656935726,-0.00120523040272817,0.0162916360393117,0.0162547165805094,NA,100
"CC-Gcomp","RR",2,-0.5,"small",0.4,25,"no_lag",0.91529858278282,0.915401656935726,-0.000103074152905969,0.0163262049003879,0.0162446957824994,NA,100
"CC-Gcomp","RR",2,-0.5,"small",0.4,25,"no_tv",0.926015193116627,0.915401656935726,0.0106135361809019,0.0177530926912051,0.0206074677572187,NA,100
"CC-Gcomp","RR",2,-0.5,"small",0.4,25,"coarse_L",0.922870374206644,0.915401656935726,0.00746871727091879,0.0161165667213026,0.0176897717149289,NA,100
"CC-Gcomp","RR",2,-0.5,"small",0.4,25,"nonlinear_L",0.914025303930051,0.915401656935726,-0.00137635300567451,0.016380266494871,0.0163561715182617,NA,100
"CC-Gcomp","RR",2,-0.5,"small",0.4,25,"cloglog",0.916966277293005,0.915401656935726,0.0015646203572797,0.0156218962096672,0.0156221394705134,NA,100
"CC-Gcomp","RR",2,-0.5,"small",0.4,25,"lpm",0.927660156390703,0.915401656935726,0.0122584994549771,0.0191847324510808,0.0226857714992246,NA,100
"CC-Gcomp","RR",5,-0.5,"small",0.4,25,"correct",0.9281163919175,0.932909472527854,-0.0047930806103535,0.0083161578397232,0.00956245356278316,NA,100
"CC-Gcomp","RR",5,-0.5,"small",0.4,25,"no_lag",0.93022340808492,0.932909472527854,-0.00268606444293408,0.00838589010804155,0.0087655498154253,NA,100
"CC-Gcomp","RR",5,-0.5,"small",0.4,25,"no_tv",0.943244142266543,0.932909472527854,0.0103346697386891,0.00996601159247161,0.0143224848332418,NA,100
"CC-Gcomp","RR",5,-0.5,"small",0.4,25,"coarse_L",0.935930212624291,0.932909472527854,0.00302074009643703,0.00861474741634406,0.00908826743924028,NA,100
"CC-Gcomp","RR",5,-0.5,"small",0.4,25,"nonlinear_L",0.928221895810879,0.932909472527854,-0.00468757671697538,0.00843317764014836,0.00961148665590943,NA,100
"CC-Gcomp","RR",5,-0.5,"small",0.4,25,"cloglog",0.93004611727521,0.932909472527854,-0.00286335525264428,0.00783292298377028,0.00830300782535013,NA,100
"CC-Gcomp","RR",5,-0.5,"small",0.4,25,"lpm",0.939154765987176,0.932909472527854,0.00624529345932158,0.0090287238737043,0.0109410404730431,NA,100
"CC-Gcomp","RR",8,-0.5,"small",0.4,25,"correct",0.934516664826819,0.942342495189099,-0.00782583036228002,0.00610097723409922,0.00990420743109062,NA,100
"CC-Gcomp","RR",8,-0.5,"small",0.4,25,"no_lag",0.936340943805583,0.942342495189099,-0.00600155138351619,0.00615603216496454,0.00857533577796825,NA,100
"CC-Gcomp","RR",8,-0.5,"small",0.4,25,"no_tv",0.948052382866286,0.942342495189099,0.00570988767718739,0.00654300438973625,0.00865942346035596,NA,100
"CC-Gcomp","RR",8,-0.5,"small",0.4,25,"coarse_L",0.941750211248642,0.942342495189099,-0.000592283940456566,0.00583215299450535,0.00583306683760158,NA,100
"CC-Gcomp","RR",8,-0.5,"small",0.4,25,"nonlinear_L",0.934613467214541,0.942342495189099,-0.00772902797455797,0.00610107723749022,0.00982795937388544,NA,100
"CC-Gcomp","RR",8,-0.5,"small",0.4,25,"cloglog",0.936695084992751,0.942342495189099,-0.00564741019634765,0.00609905111534411,0.0082897335414545,NA,100
"CC-Gcomp","RR",8,-0.5,"small",0.4,25,"lpm",0.943732079765039,0.942342495189099,0.00138958457594058,0.00557787904255622,0.00572123697821948,NA,100
"CC-Gcomp","RR",2,-1,"medium",1,25,"correct",0.809619470904903,0.81443192717203,-0.0048124562671268,0.0170373835192132,0.0176218457640497,NA,100
"CC-Gcomp","RR",2,-1,"medium",1,25,"no_lag",0.812894585813469,0.81443192717203,-0.00153734135856126,0.0171983544696533,0.0171810646047312,NA,100
"CC-Gcomp","RR",2,-1,"medium",1,25,"no_tv",0.842205989610098,0.81443192717203,0.0277740624380683,0.0176353530423529,0.0328526127495646,NA,100
"CC-Gcomp","RR",2,-1,"medium",1,25,"coarse_L",0.832095351009277,0.81443192717203,0.0176634238372465,0.0160639055874569,0.0238215262682665,NA,100
"CC-Gcomp","RR",2,-1,"medium",1,25,"nonlinear_L",0.80932034249881,0.81443192717203,-0.00511158467322058,0.0173750728882284,0.0180278263848985,NA,100
"CC-Gcomp","RR",2,-1,"medium",1,25,"cloglog",0.815703453275914,0.81443192717203,0.00127152610388364,0.0163002820879737,0.0162683429647551,NA,100
"CC-Gcomp","RR",2,-1,"medium",1,25,"lpm",0.82577650682398,0.81443192717203,0.0113445796519498,0.0189311507137593,0.021988725978397,NA,100
"CC-Gcomp","RR",5,-1,"medium",1,25,"correct",0.840285685919417,0.854391316429979,-0.0141056305105622,0.00974683321978961,0.0171178141810441,NA,100
"CC-Gcomp","RR",5,-1,"medium",1,25,"no_lag",0.84394833511318,0.854391316429979,-0.0104429813167992,0.00997096974716803,0.0144042318123865,NA,100
"CC-Gcomp","RR",5,-1,"medium",1,25,"no_tv",0.874050521848344,0.854391316429979,0.0196592054183651,0.0118785875292759,0.0229384871112991,NA,100
"CC-Gcomp","RR",5,-1,"medium",1,25,"coarse_L",0.8606714178213,0.854391316429979,0.00628010139132105,0.0107269162827682,0.0123836884284697,NA,100
"CC-Gcomp","RR",5,-1,"medium",1,25,"nonlinear_L",0.840451634792755,0.854391316429979,-0.013939681637224,0.00972444119000223,0.0169686131737509,NA,100
"CC-Gcomp","RR",5,-1,"medium",1,25,"cloglog",0.843659614454031,0.854391316429979,-0.0107317019759479,0.00949725316700828,0.0142991351781019,NA,100
"CC-Gcomp","RR",5,-1,"medium",1,25,"lpm",0.860264273970357,0.854391316429979,0.00587295754037788,0.0115295376679694,0.0128876905114855,NA,100
"CC-Gcomp","RR",8,-1,"medium",1,25,"correct",0.867287333039905,0.873643531949712,-0.00635619890980634,0.00750072824726876,0.00980303930309397,NA,100
"CC-Gcomp","RR",8,-1,"medium",1,25,"no_lag",0.870904857495152,0.873643531949712,-0.00273867445456023,0.00767293659782707,0.00811082944229455,NA,100
"CC-Gcomp","RR",8,-1,"medium",1,25,"no_tv",0.898583672888538,0.873643531949712,0.0249401409388259,0.00918479927817233,0.0265617688125436,NA,100
"CC-Gcomp","RR",8,-1,"medium",1,25,"coarse_L",0.884563407252381,0.873643531949712,0.0109198753026696,0.00799746006149455,0.0135116042861942,NA,100
"CC-Gcomp","RR",8,-1,"medium",1,25,"nonlinear_L",0.867448271539591,0.873643531949712,-0.00619526041012033,0.00752506398572247,0.00971810545623628,NA,100
"CC-Gcomp","RR",8,-1,"medium",1,25,"cloglog",0.869732250496933,0.873643531949712,-0.00391128145277923,0.0074292282917923,0.00836299116849386,NA,100
"CC-Gcomp","RR",8,-1,"medium",1,25,"lpm",0.88448781718596,0.873643531949712,0.0108442852362488,0.00789304299438142,0.0133893856737031,NA,100
"CC-Gcomp","RR",2,-0.7,"medium",1,25,"correct",0.872403073645415,0.878445879711798,-0.00604280606638288,0.0152822020091485,0.016362327047882,NA,100
"CC-Gcomp","RR",2,-0.7,"medium",1,25,"no_lag",0.87532176586462,0.878445879711798,-0.00312411384717845,0.0152040017420521,0.0154470107015154,NA,100
"CC-Gcomp","RR",2,-0.7,"medium",1,25,"no_tv",0.904512567484919,0.878445879711798,0.0260666877731209,0.0152768539741227,0.0301748348153651,NA,100
"CC-Gcomp","RR",2,-0.7,"medium",1,25,"coarse_L",0.892848504520604,0.878445879711798,0.0144026248088064,0.0146781608785722,0.0205116923751484,NA,100
"CC-Gcomp","RR",2,-0.7,"medium",1,25,"nonlinear_L",0.872416622813741,0.878445879711798,-0.00602925689805745,0.0155616343997872,0.0166160994003854,NA,100
"CC-Gcomp","RR",2,-0.7,"medium",1,25,"cloglog",0.876339743320791,0.878445879711798,-0.00210613639100664,0.0148782107031591,0.0149527038587623,NA,100
"CC-Gcomp","RR",2,-0.7,"medium",1,25,"lpm",0.898064774574905,0.878445879711798,0.0196188948631066,0.017088680505112,0.0259615832922679,NA,100
"CC-Gcomp","RR",5,-0.7,"medium",1,25,"correct",0.893762890145341,0.902036657016575,-0.00827376687123386,0.00889698885696945,0.0121169329804763,NA,100
"CC-Gcomp","RR",5,-0.7,"medium",1,25,"no_lag",0.897665049751257,0.902036657016575,-0.00437160726531766,0.00901225947891787,0.00997594921741133,NA,100
"CC-Gcomp","RR",5,-0.7,"medium",1,25,"no_tv",0.929405961350157,0.902036657016575,0.0273693043335818,0.0113920742690414,0.0296236456617693,NA,100
"CC-Gcomp","RR",5,-0.7,"medium",1,25,"coarse_L",0.913257699211328,0.902036657016575,0.0112210421947535,0.00954160002248753,0.0146984182011426,NA,100
"CC-Gcomp","RR",5,-0.7,"medium",1,25,"nonlinear_L",0.893707364316716,0.902036657016575,-0.008329292699859,0.0091451443345417,0.0123359006615054,NA,100
"CC-Gcomp","RR",5,-0.7,"medium",1,25,"cloglog",0.895537231833413,0.902036657016575,-0.00649942518316204,0.00849419074179925,0.0106617208416844,NA,100
"CC-Gcomp","RR",5,-0.7,"medium",1,25,"lpm",0.918268839714529,0.902036657016575,0.0162321826979543,0.0106622924058792,0.0193915288127252,NA,100
"CC-Gcomp","RR",8,-0.7,"medium",1,25,"correct",0.909199820058953,0.91398519774654,-0.00478537768758649,0.0067341050476223,0.00823374329799871,NA,100
"CC-Gcomp","RR",8,-0.7,"medium",1,25,"no_lag",0.913474864357041,0.91398519774654,-0.000510333389499307,0.00698501168740256,0.00696871039424488,NA,100
"CC-Gcomp","RR",8,-0.7,"medium",1,25,"no_tv",0.944106189964037,0.91398519774654,0.0301209922174966,0.00873351429977061,0.0313494130961099,NA,100
"CC-Gcomp","RR",8,-0.7,"medium",1,25,"coarse_L",0.925960662203941,0.91398519774654,0.0119754644574011,0.00731147309053699,0.0140119524455583,NA,100
"CC-Gcomp","RR",8,-0.7,"medium",1,25,"nonlinear_L",0.90911700886911,0.91398519774654,-0.00486818887743013,0.00687231338132506,0.00839378741959567,NA,100
"CC-Gcomp","RR",8,-0.7,"medium",1,25,"cloglog",0.910568870694858,0.91398519774654,-0.00341632705168228,0.00668362778881059,0.00747632678119567,NA,100
"CC-Gcomp","RR",8,-0.7,"medium",1,25,"lpm",0.928731540049549,0.91398519774654,0.0147463423030089,0.00770358478105622,0.0166194578013737,NA,100
"CC-Gcomp","RR",2,-0.5,"medium",1,25,"correct",0.912781311844473,0.916995969857005,-0.0042146580125319,0.0118304688386155,0.0125029490591075,NA,100
"CC-Gcomp","RR",2,-0.5,"medium",1,25,"no_lag",0.915511994020299,0.916995969857005,-0.00148397583670575,0.0120125250577382,0.0120440829856028,NA,100
"CC-Gcomp","RR",2,-0.5,"medium",1,25,"no_tv",0.944083064576552,0.916995969857005,0.0270870947195474,0.0132151794076604,0.0301098863739905,NA,100
"CC-Gcomp","RR",2,-0.5,"medium",1,25,"coarse_L",0.931613534885223,0.916995969857005,0.0146175650282185,0.0112916683818598,0.0184363761203668,NA,100
"CC-Gcomp","RR",2,-0.5,"medium",1,25,"nonlinear_L",0.912757478046074,0.916995969857005,-0.00423849181093129,0.0117273716240791,0.0124145376711537,NA,100
"CC-Gcomp","RR",2,-0.5,"medium",1,25,"cloglog",0.914344197564361,0.916995969857005,-0.00265177229264407,0.0115887934347975,0.0118316959153663,NA,100
"CC-Gcomp","RR",2,-0.5,"medium",1,25,"lpm",0.947192125141421,0.916995969857005,0.0301961552844162,0.0141130624313829,0.0333015696302856,NA,100
"CC-Gcomp","RR",5,-0.5,"medium",1,25,"correct",0.924299450378168,0.932168839759687,-0.00786938938151884,0.00795899599049028,0.011164203968167,NA,100
"CC-Gcomp","RR",5,-0.5,"medium",1,25,"no_lag",0.928769842550848,0.932168839759687,-0.00339899720883845,0.00814396318946289,0.00878715409519515,NA,100
"CC-Gcomp","RR",5,-0.5,"medium",1,25,"no_tv",0.962141084836961,0.932168839759687,0.0299722450772742,0.0102336705394299,0.031654639589714,NA,100
"CC-Gcomp","RR",5,-0.5,"medium",1,25,"coarse_L",0.942956103435508,0.932168839759687,0.0107872636758215,0.008473636268541,0.0136912214249539,NA,100
"CC-Gcomp","RR",5,-0.5,"medium",1,25,"nonlinear_L",0.92460344828147,0.932168839759687,-0.00756539147821667,0.00821461656579898,0.011137336947787,NA,100
"CC-Gcomp","RR",5,-0.5,"medium",1,25,"cloglog",0.925066448295683,0.932168839759687,-0.00710239146400341,0.00778941203281594,0.0105124761558234,NA,100
"CC-Gcomp","RR",5,-0.5,"medium",1,25,"lpm",0.951788904582748,0.932168839759687,0.019620064823061,0.0103019270586237,0.0221362902892763,NA,100
"CC-Gcomp","RR",8,-0.5,"medium",1,25,"correct",0.935954514842243,0.939691720155475,-0.00373720531323189,0.00673888204050696,0.00767626923691172,NA,100
"CC-Gcomp","RR",8,-0.5,"medium",1,25,"no_lag",0.940595683451841,0.939691720155475,0.000903963296366247,0.00669304646484352,0.00672056931456898,NA,100
"CC-Gcomp","RR",8,-0.5,"medium",1,25,"no_tv",0.973459115834737,0.939691720155475,0.0337673956792622,0.00786814035516052,0.0346630288244099,NA,100
"CC-Gcomp","RR",8,-0.5,"medium",1,25,"coarse_L",0.953090223291639,0.939691720155475,0.0133985031361635,0.00678155762414165,0.0150016504045802,NA,100
"CC-Gcomp","RR",8,-0.5,"medium",1,25,"nonlinear_L",0.935870073305137,0.939691720155475,-0.00382164685033773,0.00681207117889722,0.00778108316737425,NA,100
"CC-Gcomp","RR",8,-0.5,"medium",1,25,"cloglog",0.936730804929131,0.939691720155475,-0.00296091522634406,0.0067973090375366,0.00738298009125415,NA,100
"CC-Gcomp","RR",8,-0.5,"medium",1,25,"lpm",0.957405669289906,0.939691720155475,0.0177139491344305,0.00761666429481334,0.0192670037413002,NA,100
"CC-Gcomp","RR",2,-1,"strong",2,25,"correct",0.807190077607949,0.813498147909376,-0.00630807030142662,0.0109565200160366,0.0125951033533247,NA,100
"CC-Gcomp","RR",2,-1,"strong",2,25,"no_lag",0.811159964562673,0.813498147909376,-0.0023381833467024,0.0110792717267115,0.0112689778035616,NA,100
"CC-Gcomp","RR",2,-1,"strong",2,25,"no_tv",0.855478425719566,0.813498147909376,0.0419802778101902,0.0136891613502032,0.0441346001693447,NA,100
"CC-Gcomp","RR",2,-1,"strong",2,25,"coarse_L",0.835496890495427,0.813498147909376,0.021998742586051,0.0120307315858147,0.0250446759378586,NA,100
"CC-Gcomp","RR",2,-1,"strong",2,25,"nonlinear_L",0.80714898426969,0.813498147909376,-0.00634916363968592,0.0111763839729209,0.0128052458799733,NA,100
"CC-Gcomp","RR",2,-1,"strong",2,25,"cloglog",0.812058631257598,0.813498147909376,-0.00143951665177747,0.0108902155721477,0.0109308295863815,NA,100
"CC-Gcomp","RR",2,-1,"strong",2,25,"lpm",0.839996000808584,0.813498147909376,0.0264978528992084,0.0149328292346421,0.0303791985300725,NA,100
"CC-Gcomp","RR",5,-1,"strong",2,25,"correct",0.84046934830268,0.847647016881975,-0.00717766857929569,0.00830163445527465,0.0109428921915973,NA,100
"CC-Gcomp","RR",5,-1,"strong",2,25,"no_lag",0.844575376371389,0.847647016881975,-0.00307164051058621,0.00858328211312529,0.00907584596285305,NA,100
"CC-Gcomp","RR",5,-1,"strong",2,25,"no_tv",0.894211241736202,0.847647016881975,0.0465642248542263,0.0117231201788167,0.0480029610288225,NA,100
"CC-Gcomp","RR",5,-1,"strong",2,25,"coarse_L",0.864351437400315,0.847647016881975,0.0167044205183399,0.00934874782452137,0.0191196956011638,NA,100
"CC-Gcomp","RR",5,-1,"strong",2,25,"nonlinear_L",0.840214821614514,0.847647016881975,-0.00743219526746122,0.00841456790214679,0.011195286059039,NA,100
"CC-Gcomp","RR",5,-1,"strong",2,25,"cloglog",0.842803162791447,0.847647016881975,-0.00484385409052824,0.00825470309960841,0.00953528418456341,NA,100
"CC-Gcomp","RR",5,-1,"strong",2,25,"lpm",0.868557605919005,0.847647016881975,0.0209105890370301,0.0111198066821609,0.0236572680907519,NA,100
"CC-Gcomp","RR",8,-1,"strong",2,25,"correct",0.865028838346018,0.868015909419281,-0.00298707107326324,0.00699450535902119,0.00757340529497322,NA,100
"CC-Gcomp","RR",8,-1,"strong",2,25,"no_lag",0.869511168992404,0.868015909419281,0.00149525957312339,0.00729126138203561,0.0074072038453636,NA,100
"CC-Gcomp","RR",8,-1,"strong",2,25,"no_tv",0.920038858559443,0.868015909419281,0.0520229491401615,0.0101016212407963,0.0529849937379954,NA,100
"CC-Gcomp","RR",8,-1,"strong",2,25,"coarse_L",0.887243795705682,0.868015909419281,0.019227886286401,0.00797335228413668,0.0208002455327635,NA,100
"CC-Gcomp","RR",8,-1,"strong",2,25,"nonlinear_L",0.864867500606297,0.868015909419281,-0.00314840881298409,0.00706684664795122,0.00770411554845062,NA,100
"CC-Gcomp","RR",8,-1,"strong",2,25,"cloglog",0.866705091446485,0.868015909419281,-0.00131081797279657,0.00693801820627476,0.0070265908819356,NA,100
"CC-Gcomp","RR",8,-1,"strong",2,25,"lpm",0.891217471869589,0.868015909419281,0.0232015624503077,0.00935005525124253,0.0249972358072808,NA,100
"CC-Gcomp","RR",2,-0.7,"strong",2,25,"correct",0.8706879388508,0.878937516259128,-0.00824957740832728,0.0109322590602253,0.0136519109539384,NA,100
"CC-Gcomp","RR",2,-0.7,"strong",2,25,"no_lag",0.874912324054435,0.878937516259128,-0.00402519220469301,0.0110367735288533,0.0116959154627864,NA,100
"CC-Gcomp","RR",2,-0.7,"strong",2,25,"no_tv",0.922865977185679,0.878937516259128,0.0439284609265515,0.0128470914928046,0.0457504859165649,NA,100
"CC-Gcomp","RR",2,-0.7,"strong",2,25,"coarse_L",0.897364166801598,0.878937516259128,0.0184266505424708,0.0112002923281212,0.0215344731295511,NA,100
"CC-Gcomp","RR",2,-0.7,"strong",2,25,"nonlinear_L",0.870698253630701,0.878937516259128,-0.00823926262842635,0.0109130341170342,0.0136304372330216,NA,100
"CC-Gcomp","RR",2,-0.7,"strong",2,25,"cloglog",0.872687381186,0.878937516259128,-0.00625013507312716,0.0106795947936325,0.0123279112561275,NA,100
"CC-Gcomp","RR",2,-0.7,"strong",2,25,"lpm",0.920042200349039,0.878937516259128,0.0411046840899114,0.0147923483225338,0.043660285012098,NA,100
"CC-Gcomp","RR",5,-0.7,"strong",2,25,"correct",0.892370769769179,0.898264705974939,-0.00589393620575954,0.00870815713100213,0.0104791299548008,NA,100
"CC-Gcomp","RR",5,-0.7,"strong",2,25,"no_lag",0.897461517433247,0.898264705974939,-0.000803188541691981,0.00887753726842688,0.00886947986672783,NA,100
"CC-Gcomp","RR",5,-0.7,"strong",2,25,"no_tv",0.951964920274453,0.898264705974939,0.053700214299514,0.0100659646071454,0.054626215527449,NA,100
"CC-Gcomp","RR",5,-0.7,"strong",2,25,"coarse_L",0.917683286820861,0.898264705974939,0.0194185808459222,0.0085226820562893,0.0211894084487483,NA,100
"CC-Gcomp","RR",5,-0.7,"strong",2,25,"nonlinear_L",0.892389267880633,0.898264705974939,-0.00587543809430619,0.00865494023686214,0.0104249548391656,NA,100
"CC-Gcomp","RR",5,-0.7,"strong",2,25,"cloglog",0.89362864267716,0.898264705974939,-0.00463606329777839,0.00857522950327679,0.00971042214965641,NA,100
"CC-Gcomp","RR",5,-0.7,"strong",2,25,"lpm",0.933163119542789,0.898264705974939,0.03489841356785,0.010204199456025,0.036345339442983,NA,100
"CC-Gcomp","RR",8,-0.7,"strong",2,25,"correct",0.906206841110527,0.912870188119348,-0.00666334700882025,0.00734291188684736,0.00988834489629978,NA,100
"CC-Gcomp","RR",8,-0.7,"strong",2,25,"no_lag",0.911709865492255,0.912870188119348,-0.00116032262709279,0.00747255117159993,0.00752508999288389,NA,100
"CC-Gcomp","RR",8,-0.7,"strong",2,25,"no_tv",0.968059559578827,0.912870188119348,0.0551893714594796,0.00937820863886565,0.055972654139265,NA,100
"CC-Gcomp","RR",8,-0.7,"strong",2,25,"coarse_L",0.930853383034026,0.912870188119348,0.0179831949146788,0.00818029492383093,0.019739385809335,NA,100
"CC-Gcomp","RR",8,-0.7,"strong",2,25,"nonlinear_L",0.906229037424893,0.912870188119348,-0.00664115069445426,0.00738015279513771,0.0099008520478408,NA,100
"CC-Gcomp","RR",8,-0.7,"strong",2,25,"cloglog",0.907318629124217,0.912870188119348,-0.00555155899513059,0.00719131058899619,0.00905635720275818,NA,100
"CC-Gcomp","RR",8,-0.7,"strong",2,25,"lpm",0.940223123973382,0.912870188119348,0.0273529358540348,0.00990064904412289,0.0290727659986951,NA,100
"CC-Gcomp","RR",2,-0.5,"strong",2,25,"correct",0.913185363302003,0.919944439439018,-0.00675907613701567,0.0124564611212286,0.0141172553867247,NA,100
"CC-Gcomp","RR",2,-0.5,"strong",2,25,"no_lag",0.917130795973201,0.919944439439018,-0.00281364346581763,0.0124405353350022,0.012693929249053,NA,100
"CC-Gcomp","RR",2,-0.5,"strong",2,25,"no_tv",0.962316398827051,0.919944439439018,0.0423719593880327,0.0136730614666738,0.0445024271939612,NA,100
"CC-Gcomp","RR",2,-0.5,"strong",2,25,"coarse_L",0.937124625557692,0.919944439439018,0.017180186118674,0.0124521837452026,0.0211817163208349,NA,100
"CC-Gcomp","RR",2,-0.5,"strong",2,25,"nonlinear_L",0.912947189010062,0.919944439439018,-0.00699725042895689,0.0126115323399538,0.0143673850803694,NA,100
"CC-Gcomp","RR",2,-0.5,"strong",2,25,"cloglog",0.913637621908943,0.919944439439018,-0.00630681753007539,0.0119812168631487,0.013486660420736,NA,100
"CC-Gcomp","RR",2,-0.5,"strong",2,25,"lpm",0.973975847811155,0.919944439439018,0.0540314083721368,0.0172333628303682,0.0566869649670478,NA,100
"CC-Gcomp","RR",5,-0.5,"strong",2,25,"correct",0.929240585395688,0.930220082076693,-0.000979496681004312,0.00944564573025851,0.00944920286463539,NA,100
"CC-Gcomp","RR",5,-0.5,"strong",2,25,"no_lag",0.934974389725853,0.930220082076693,0.00475430764916015,0.00977155208087953,0.0108227463700999,NA,100
"CC-Gcomp","RR",5,-0.5,"strong",2,25,"no_tv",0.994572200701321,0.930220082076693,0.0643521186246287,0.0118975564074599,0.0654318844407089,NA,100
"CC-Gcomp","RR",5,-0.5,"strong",2,25,"coarse_L",0.955807180676097,0.930220082076693,0.0255870985994045,0.0099826466482239,0.0274473371476708,NA,100
"CC-Gcomp","RR",5,-0.5,"strong",2,25,"nonlinear_L",0.929401433533406,0.930220082076693,-0.000818648543286323,0.00941024899285036,0.00939880011936585,NA,100
"CC-Gcomp","RR",5,-0.5,"strong",2,25,"cloglog",0.929846094592816,0.930220082076693,-0.000373987483876381,0.00926135035680126,0.00922251326728267,NA,100
"CC-Gcomp","RR",5,-0.5,"strong",2,25,"lpm",0.980507497865934,0.930220082076693,0.050287415789241,0.0125471329220527,0.0518139018592311,NA,100
"CC-Gcomp","RR",8,-0.5,"strong",2,25,"correct",0.933539470784798,0.941418510637448,-0.00787903985264987,0.00687428768161917,0.0104337213791633,NA,100
"CC-Gcomp","RR",8,-0.5,"strong",2,25,"no_lag",0.939462507872701,0.941418510637448,-0.00195600276474737,0.00732583957522519,0.00754699894281267,NA,100
"CC-Gcomp","RR",8,-0.5,"strong",2,25,"no_tv",0.999426079319171,0.941418510637448,0.0580075686817229,0.0102577551979443,0.0588986192592725,NA,100
"CC-Gcomp","RR",8,-0.5,"strong",2,25,"coarse_L",0.958952346159362,0.941418510637448,0.0175338355219139,0.00805055409680288,0.0192768953714654,NA,100
"CC-Gcomp","RR",8,-0.5,"strong",2,25,"nonlinear_L",0.933610724850738,0.941418510637448,-0.00780778578670985,0.00674916190460362,0.0102984073254827,NA,100
"CC-Gcomp","RR",8,-0.5,"strong",2,25,"cloglog",0.934288123863749,0.941418510637448,-0.00713038677369866,0.0067020539048752,0.00976272333014468,NA,100
"CC-Gcomp","RR",8,-0.5,"strong",2,25,"lpm",0.974724021720492,0.941418510637448,0.0333055110830444,0.00922252660553883,0.0345465123496246,NA,100
"G-comp (no cloning)","RR",2,-1,"small",0.4,25,"correct",0.81230982858498,0.812875296768163,-0.000565468183182244,0.0189259824578286,0.0188396029188591,NA,100
"G-comp (no cloning)","RR",2,-1,"small",0.4,25,"no_lag",0.813596703635455,0.812875296768163,0.0007214068672927,0.0188624209160378,0.0187817315882701,NA,100
"G-comp (no cloning)","RR",2,-1,"small",0.4,25,"no_tv",0.824815554636612,0.812875296768163,0.0119402578684496,0.0199306081630469,0.0231479288122392,NA,100
"G-comp (no cloning)","RR",2,-1,"small",0.4,25,"coarse_L",0.825963334355475,0.812875296768163,0.013088037587312,0.0183093048356553,0.0224315640341059,NA,100
"G-comp (no cloning)","RR",2,-1,"small",0.4,25,"nonlinear_L",0.812185865520056,0.812875296768163,-0.000689431248106324,0.0189238217666258,0.0188415826139509,NA,100
"G-comp (no cloning)","RR",2,-1,"small",0.4,25,"cloglog",0.818413989390288,0.812875296768163,0.00553869262212514,0.0186855642810268,0.0193993795090917,NA,100
"G-comp (no cloning)","RR",2,-1,"small",0.4,25,"lpm",0.836837010819582,0.812875296768163,0.0239617140514198,0.0187203250328244,0.0303497908382126,NA,100
"G-comp (no cloning)","RR",5,-1,"small",0.4,25,"correct",0.844829793799541,0.857532775183329,-0.0127029813837879,0.0111164857127342,0.0168435812133962,NA,100
"G-comp (no cloning)","RR",5,-1,"small",0.4,25,"no_lag",0.846014036865905,0.857532775183329,-0.0115187383174238,0.0113131971789256,0.0161055853209514,NA,100
"G-comp (no cloning)","RR",5,-1,"small",0.4,25,"no_tv",0.856306101175454,0.857532775183329,-0.00122667400787523,0.013230859608153,0.0132215664212885,NA,100
"G-comp (no cloning)","RR",5,-1,"small",0.4,25,"coarse_L",0.855032922322165,0.857532775183329,-0.00249985286116369,0.0115599290781716,0.0117705099726776,NA,100
"G-comp (no cloning)","RR",5,-1,"small",0.4,25,"nonlinear_L",0.84486640990958,0.857532775183329,-0.0126663652737493,0.0112882136269633,0.0169288611095703,NA,100
"G-comp (no cloning)","RR",5,-1,"small",0.4,25,"cloglog",0.848893810412029,0.857532775183329,-0.0086389647713002,0.0107078375935267,0.0137165199810235,NA,100
"G-comp (no cloning)","RR",5,-1,"small",0.4,25,"lpm",0.866319777364228,0.857532775183329,0.00878700218089934,0.0105697916047915,0.0137045502279412,NA,100
"G-comp (no cloning)","RR",8,-1,"small",0.4,25,"correct",0.868995444182948,0.880160884950332,-0.0111654407673842,0.00705272429235715,0.0131875160009203,NA,100
"G-comp (no cloning)","RR",8,-1,"small",0.4,25,"no_lag",0.870245247791452,0.880160884950332,-0.00991563715888006,0.00712355298955424,0.0121884132433061,NA,100
"G-comp (no cloning)","RR",8,-1,"small",0.4,25,"no_tv",0.880203822735586,0.880160884950332,4.29377852536872e-05,0.0082863771899223,0.00824495300882488,NA,100
"G-comp (no cloning)","RR",8,-1,"small",0.4,25,"coarse_L",0.877064380780347,0.880160884950332,-0.00309650416998529,0.00719603341101604,0.00780085930899096,NA,100
"G-comp (no cloning)","RR",8,-1,"small",0.4,25,"nonlinear_L",0.868963454635153,0.880160884950332,-0.0111974303151792,0.00703442556196928,0.0132049519961381,NA,100
"G-comp (no cloning)","RR",8,-1,"small",0.4,25,"cloglog",0.872463557191699,0.880160884950332,-0.00769732775863314,0.00708053329152051,0.0104346282540027,NA,100
"G-comp (no cloning)","RR",8,-1,"small",0.4,25,"lpm",0.889569979396136,0.880160884950332,0.00940909444580395,0.00754446787657282,0.0120366467039326,NA,100
"G-comp (no cloning)","RR",2,-0.7,"small",0.4,25,"correct",0.875108539781901,0.875904798386529,-0.000796258604628214,0.0169746302560615,0.0169083032670976,NA,100
"G-comp (no cloning)","RR",2,-0.7,"small",0.4,25,"no_lag",0.876448672334174,0.875904798386529,0.00054387394764478,0.0169500650490756,0.0168738690580182,NA,100
"G-comp (no cloning)","RR",2,-0.7,"small",0.4,25,"no_tv",0.888758846549959,0.875904798386529,0.0128540481634305,0.0171657280765824,0.0213762052849183,NA,100
"G-comp (no cloning)","RR",2,-0.7,"small",0.4,25,"coarse_L",0.885512007245073,0.875904798386529,0.00960720885854375,0.0164682872259571,0.0189944966073528,NA,100
"G-comp (no cloning)","RR",2,-0.7,"small",0.4,25,"nonlinear_L",0.875290668640134,0.875904798386529,-0.000614129746394365,0.0168667261831088,0.0167934136779874,NA,100
"G-comp (no cloning)","RR",2,-0.7,"small",0.4,25,"cloglog",0.879649288519141,0.875904798386529,0.00374449013261186,0.0162190049492952,0.0165664349418648,NA,100
"G-comp (no cloning)","RR",2,-0.7,"small",0.4,25,"lpm",0.888759330106676,0.875904798386529,0.0128545317201476,0.0181332564244036,0.0221532350777922,NA,100
"G-comp (no cloning)","RR",5,-0.7,"small",0.4,25,"correct",0.891388826578978,0.903269582479312,-0.0118807559003335,0.00902945393210137,0.0148952371143306,NA,100
"G-comp (no cloning)","RR",5,-0.7,"small",0.4,25,"no_lag",0.892791484233255,0.903269582479312,-0.0104780982460572,0.00916461707688087,0.0138903148617382,NA,100
"G-comp (no cloning)","RR",5,-0.7,"small",0.4,25,"no_tv",0.904344209935307,0.903269582479312,0.00107462745599523,0.010776271335665,0.0107759717812388,NA,100
"G-comp (no cloning)","RR",5,-0.7,"small",0.4,25,"coarse_L",0.899829572294738,0.903269582479312,-0.00344001018457418,0.0095325020702653,0.0100892804417555,NA,100
"G-comp (no cloning)","RR",5,-0.7,"small",0.4,25,"nonlinear_L",0.891561362947768,0.903269582479312,-0.0117082195315438,0.0091536569441209,0.0148335412391974,NA,100
"G-comp (no cloning)","RR",5,-0.7,"small",0.4,25,"cloglog",0.894355143258421,0.903269582479312,-0.00891443922089048,0.00889977188405049,0.0125650748829923,NA,100
"G-comp (no cloning)","RR",5,-0.7,"small",0.4,25,"lpm",0.906956542288329,0.903269582479312,0.00368695980901718,0.0100641090558509,0.0106708528623764,NA,100
"G-comp (no cloning)","RR",8,-0.7,"small",0.4,25,"correct",0.908505777552548,0.91775550544168,-0.00924972788913179,0.00708164356556081,0.0116277962166842,NA,100
"G-comp (no cloning)","RR",8,-0.7,"small",0.4,25,"no_lag",0.91025285527442,0.91775550544168,-0.00750265016725992,0.00709684567068506,0.0103029765515152,NA,100
"G-comp (no cloning)","RR",8,-0.7,"small",0.4,25,"no_tv",0.920889104290292,0.91775550544168,0.00313359884861187,0.00745666539518788,0.00805389855732341,NA,100
"G-comp (no cloning)","RR",8,-0.7,"small",0.4,25,"coarse_L",0.915912439306334,0.91775550544168,-0.00184306613534562,0.00724892581722061,0.00744435014140184,NA,100
"G-comp (no cloning)","RR",8,-0.7,"small",0.4,25,"nonlinear_L",0.908388289158373,0.91775550544168,-0.0093672162833072,0.00720169447386377,0.0117936635597335,NA,100
"G-comp (no cloning)","RR",8,-0.7,"small",0.4,25,"cloglog",0.911209896157826,0.91775550544168,-0.00654560928385442,0.00694600775310506,0.00951890510332017,NA,100
"G-comp (no cloning)","RR",8,-0.7,"small",0.4,25,"lpm",0.922717617733221,0.91775550544168,0.00496211229154133,0.00700975703548618,0.00855966618236062,NA,100
"G-comp (no cloning)","RR",2,-0.5,"small",0.4,25,"correct",0.914196426532997,0.915401656935726,-0.00120523040272817,0.0162916360393117,0.0162547165805094,NA,100
"G-comp (no cloning)","RR",2,-0.5,"small",0.4,25,"no_lag",0.91529858278282,0.915401656935726,-0.000103074152905969,0.0163262049003879,0.0162446957824994,NA,100
"G-comp (no cloning)","RR",2,-0.5,"small",0.4,25,"no_tv",0.926015193116627,0.915401656935726,0.0106135361809019,0.0177530926912051,0.0206074677572187,NA,100
"G-comp (no cloning)","RR",2,-0.5,"small",0.4,25,"coarse_L",0.922870374206644,0.915401656935726,0.00746871727091879,0.0161165667213026,0.0176897717149289,NA,100
"G-comp (no cloning)","RR",2,-0.5,"small",0.4,25,"nonlinear_L",0.914025303930051,0.915401656935726,-0.00137635300567451,0.016380266494871,0.0163561715182617,NA,100
"G-comp (no cloning)","RR",2,-0.5,"small",0.4,25,"cloglog",0.916966277293005,0.915401656935726,0.0015646203572797,0.0156218962096672,0.0156221394705134,NA,100
"G-comp (no cloning)","RR",2,-0.5,"small",0.4,25,"lpm",0.927660156390703,0.915401656935726,0.0122584994549771,0.0191847324510808,0.0226857714992246,NA,100
"G-comp (no cloning)","RR",5,-0.5,"small",0.4,25,"correct",0.9281163919175,0.932909472527854,-0.0047930806103535,0.0083161578397232,0.00956245356278316,NA,100
"G-comp (no cloning)","RR",5,-0.5,"small",0.4,25,"no_lag",0.93022340808492,0.932909472527854,-0.00268606444293408,0.00838589010804155,0.0087655498154253,NA,100
"G-comp (no cloning)","RR",5,-0.5,"small",0.4,25,"no_tv",0.943244142266543,0.932909472527854,0.0103346697386891,0.00996601159247161,0.0143224848332418,NA,100
"G-comp (no cloning)","RR",5,-0.5,"small",0.4,25,"coarse_L",0.935930212624291,0.932909472527854,0.00302074009643703,0.00861474741634406,0.00908826743924028,NA,100
"G-comp (no cloning)","RR",5,-0.5,"small",0.4,25,"nonlinear_L",0.928221895810879,0.932909472527854,-0.00468757671697538,0.00843317764014836,0.00961148665590943,NA,100
"G-comp (no cloning)","RR",5,-0.5,"small",0.4,25,"cloglog",0.93004611727521,0.932909472527854,-0.00286335525264428,0.00783292298377028,0.00830300782535013,NA,100
"G-comp (no cloning)","RR",5,-0.5,"small",0.4,25,"lpm",0.939154765987176,0.932909472527854,0.00624529345932158,0.0090287238737043,0.0109410404730431,NA,100
"G-comp (no cloning)","RR",8,-0.5,"small",0.4,25,"correct",0.934516664826819,0.942342495189099,-0.00782583036228002,0.00610097723409922,0.00990420743109062,NA,100
"G-comp (no cloning)","RR",8,-0.5,"small",0.4,25,"no_lag",0.936340943805583,0.942342495189099,-0.00600155138351619,0.00615603216496454,0.00857533577796825,NA,100
"G-comp (no cloning)","RR",8,-0.5,"small",0.4,25,"no_tv",0.948052382866286,0.942342495189099,0.00570988767718739,0.00654300438973625,0.00865942346035596,NA,100
"G-comp (no cloning)","RR",8,-0.5,"small",0.4,25,"coarse_L",0.941750211248642,0.942342495189099,-0.000592283940456566,0.00583215299450535,0.00583306683760158,NA,100
"G-comp (no cloning)","RR",8,-0.5,"small",0.4,25,"nonlinear_L",0.934613467214541,0.942342495189099,-0.00772902797455797,0.00610107723749022,0.00982795937388544,NA,100
"G-comp (no cloning)","RR",8,-0.5,"small",0.4,25,"cloglog",0.936695084992751,0.942342495189099,-0.00564741019634765,0.00609905111534411,0.0082897335414545,NA,100
"G-comp (no cloning)","RR",8,-0.5,"small",0.4,25,"lpm",0.943732079765039,0.942342495189099,0.00138958457594058,0.00557787904255622,0.00572123697821948,NA,100
"G-comp (no cloning)","RR",2,-1,"medium",1,25,"correct",0.809619470904903,0.81443192717203,-0.0048124562671268,0.0170373835192132,0.0176218457640497,NA,100
"G-comp (no cloning)","RR",2,-1,"medium",1,25,"no_lag",0.812894585813469,0.81443192717203,-0.00153734135856126,0.0171983544696533,0.0171810646047312,NA,100
"G-comp (no cloning)","RR",2,-1,"medium",1,25,"no_tv",0.842205989610098,0.81443192717203,0.0277740624380683,0.0176353530423529,0.0328526127495646,NA,100
"G-comp (no cloning)","RR",2,-1,"medium",1,25,"coarse_L",0.832095351009277,0.81443192717203,0.0176634238372465,0.0160639055874569,0.0238215262682665,NA,100
"G-comp (no cloning)","RR",2,-1,"medium",1,25,"nonlinear_L",0.80932034249881,0.81443192717203,-0.00511158467322058,0.0173750728882284,0.0180278263848985,NA,100
"G-comp (no cloning)","RR",2,-1,"medium",1,25,"cloglog",0.815703453275914,0.81443192717203,0.00127152610388364,0.0163002820879737,0.0162683429647551,NA,100
"G-comp (no cloning)","RR",2,-1,"medium",1,25,"lpm",0.82577650682398,0.81443192717203,0.0113445796519498,0.0189311507137593,0.021988725978397,NA,100
"G-comp (no cloning)","RR",5,-1,"medium",1,25,"correct",0.840285685919417,0.854391316429979,-0.0141056305105622,0.00974683321978961,0.0171178141810441,NA,100
"G-comp (no cloning)","RR",5,-1,"medium",1,25,"no_lag",0.84394833511318,0.854391316429979,-0.0104429813167992,0.00997096974716803,0.0144042318123865,NA,100
"G-comp (no cloning)","RR",5,-1,"medium",1,25,"no_tv",0.874050521848344,0.854391316429979,0.0196592054183651,0.0118785875292759,0.0229384871112991,NA,100
"G-comp (no cloning)","RR",5,-1,"medium",1,25,"coarse_L",0.8606714178213,0.854391316429979,0.00628010139132105,0.0107269162827682,0.0123836884284697,NA,100
"G-comp (no cloning)","RR",5,-1,"medium",1,25,"nonlinear_L",0.840451634792755,0.854391316429979,-0.013939681637224,0.00972444119000223,0.0169686131737509,NA,100
"G-comp (no cloning)","RR",5,-1,"medium",1,25,"cloglog",0.843659614454031,0.854391316429979,-0.0107317019759479,0.00949725316700828,0.0142991351781019,NA,100
"G-comp (no cloning)","RR",5,-1,"medium",1,25,"lpm",0.860264273970357,0.854391316429979,0.00587295754037788,0.0115295376679694,0.0128876905114855,NA,100
"G-comp (no cloning)","RR",8,-1,"medium",1,25,"correct",0.867287333039905,0.873643531949712,-0.00635619890980634,0.00750072824726876,0.00980303930309397,NA,100
"G-comp (no cloning)","RR",8,-1,"medium",1,25,"no_lag",0.870904857495152,0.873643531949712,-0.00273867445456023,0.00767293659782707,0.00811082944229455,NA,100
"G-comp (no cloning)","RR",8,-1,"medium",1,25,"no_tv",0.898583672888538,0.873643531949712,0.0249401409388259,0.00918479927817233,0.0265617688125436,NA,100
"G-comp (no cloning)","RR",8,-1,"medium",1,25,"coarse_L",0.884563407252381,0.873643531949712,0.0109198753026696,0.00799746006149455,0.0135116042861942,NA,100
"G-comp (no cloning)","RR",8,-1,"medium",1,25,"nonlinear_L",0.867448271539591,0.873643531949712,-0.00619526041012033,0.00752506398572247,0.00971810545623628,NA,100
"G-comp (no cloning)","RR",8,-1,"medium",1,25,"cloglog",0.869732250496933,0.873643531949712,-0.00391128145277923,0.0074292282917923,0.00836299116849386,NA,100
"G-comp (no cloning)","RR",8,-1,"medium",1,25,"lpm",0.88448781718596,0.873643531949712,0.0108442852362488,0.00789304299438142,0.0133893856737031,NA,100
"G-comp (no cloning)","RR",2,-0.7,"medium",1,25,"correct",0.872403073645415,0.878445879711798,-0.00604280606638288,0.0152822020091485,0.016362327047882,NA,100
"G-comp (no cloning)","RR",2,-0.7,"medium",1,25,"no_lag",0.87532176586462,0.878445879711798,-0.00312411384717845,0.0152040017420521,0.0154470107015154,NA,100
"G-comp (no cloning)","RR",2,-0.7,"medium",1,25,"no_tv",0.904512567484919,0.878445879711798,0.0260666877731209,0.0152768539741227,0.0301748348153651,NA,100
"G-comp (no cloning)","RR",2,-0.7,"medium",1,25,"coarse_L",0.892848504520604,0.878445879711798,0.0144026248088064,0.0146781608785722,0.0205116923751484,NA,100
"G-comp (no cloning)","RR",2,-0.7,"medium",1,25,"nonlinear_L",0.872416622813741,0.878445879711798,-0.00602925689805745,0.0155616343997872,0.0166160994003854,NA,100
"G-comp (no cloning)","RR",2,-0.7,"medium",1,25,"cloglog",0.876339743320791,0.878445879711798,-0.00210613639100664,0.0148782107031591,0.0149527038587623,NA,100
"G-comp (no cloning)","RR",2,-0.7,"medium",1,25,"lpm",0.898064774574905,0.878445879711798,0.0196188948631066,0.017088680505112,0.0259615832922679,NA,100
"G-comp (no cloning)","RR",5,-0.7,"medium",1,25,"correct",0.893762890145341,0.902036657016575,-0.00827376687123386,0.00889698885696945,0.0121169329804763,NA,100
"G-comp (no cloning)","RR",5,-0.7,"medium",1,25,"no_lag",0.897665049751257,0.902036657016575,-0.00437160726531766,0.00901225947891787,0.00997594921741133,NA,100
"G-comp (no cloning)","RR",5,-0.7,"medium",1,25,"no_tv",0.929405961350157,0.902036657016575,0.0273693043335818,0.0113920742690414,0.0296236456617693,NA,100
"G-comp (no cloning)","RR",5,-0.7,"medium",1,25,"coarse_L",0.913257699211328,0.902036657016575,0.0112210421947535,0.00954160002248753,0.0146984182011426,NA,100
"G-comp (no cloning)","RR",5,-0.7,"medium",1,25,"nonlinear_L",0.893707364316716,0.902036657016575,-0.008329292699859,0.0091451443345417,0.0123359006615054,NA,100
"G-comp (no cloning)","RR",5,-0.7,"medium",1,25,"cloglog",0.895537231833413,0.902036657016575,-0.00649942518316204,0.00849419074179925,0.0106617208416844,NA,100
"G-comp (no cloning)","RR",5,-0.7,"medium",1,25,"lpm",0.918268839714529,0.902036657016575,0.0162321826979543,0.0106622924058792,0.0193915288127252,NA,100
"G-comp (no cloning)","RR",8,-0.7,"medium",1,25,"correct",0.909199820058953,0.91398519774654,-0.00478537768758649,0.0067341050476223,0.00823374329799871,NA,100
"G-comp (no cloning)","RR",8,-0.7,"medium",1,25,"no_lag",0.913474864357041,0.91398519774654,-0.000510333389499307,0.00698501168740256,0.00696871039424488,NA,100
"G-comp (no cloning)","RR",8,-0.7,"medium",1,25,"no_tv",0.944106189964037,0.91398519774654,0.0301209922174966,0.00873351429977061,0.0313494130961099,NA,100
"G-comp (no cloning)","RR",8,-0.7,"medium",1,25,"coarse_L",0.925960662203941,0.91398519774654,0.0119754644574011,0.00731147309053699,0.0140119524455583,NA,100
"G-comp (no cloning)","RR",8,-0.7,"medium",1,25,"nonlinear_L",0.90911700886911,0.91398519774654,-0.00486818887743013,0.00687231338132506,0.00839378741959567,NA,100
"G-comp (no cloning)","RR",8,-0.7,"medium",1,25,"cloglog",0.910568870694858,0.91398519774654,-0.00341632705168228,0.00668362778881059,0.00747632678119567,NA,100
"G-comp (no cloning)","RR",8,-0.7,"medium",1,25,"lpm",0.928731540049549,0.91398519774654,0.0147463423030089,0.00770358478105622,0.0166194578013737,NA,100
"G-comp (no cloning)","RR",2,-0.5,"medium",1,25,"correct",0.912781311844473,0.916995969857005,-0.0042146580125319,0.0118304688386155,0.0125029490591075,NA,100
"G-comp (no cloning)","RR",2,-0.5,"medium",1,25,"no_lag",0.915511994020299,0.916995969857005,-0.00148397583670575,0.0120125250577382,0.0120440829856028,NA,100
"G-comp (no cloning)","RR",2,-0.5,"medium",1,25,"no_tv",0.944083064576552,0.916995969857005,0.0270870947195474,0.0132151794076604,0.0301098863739905,NA,100
"G-comp (no cloning)","RR",2,-0.5,"medium",1,25,"coarse_L",0.931613534885223,0.916995969857005,0.0146175650282185,0.0112916683818598,0.0184363761203668,NA,100
"G-comp (no cloning)","RR",2,-0.5,"medium",1,25,"nonlinear_L",0.912757478046074,0.916995969857005,-0.00423849181093129,0.0117273716240791,0.0124145376711537,NA,100
"G-comp (no cloning)","RR",2,-0.5,"medium",1,25,"cloglog",0.914344197564361,0.916995969857005,-0.00265177229264407,0.0115887934347975,0.0118316959153663,NA,100
"G-comp (no cloning)","RR",2,-0.5,"medium",1,25,"lpm",0.947192125141421,0.916995969857005,0.0301961552844162,0.0141130624313829,0.0333015696302856,NA,100
"G-comp (no cloning)","RR",5,-0.5,"medium",1,25,"correct",0.924299450378168,0.932168839759687,-0.00786938938151884,0.00795899599049028,0.011164203968167,NA,100
"G-comp (no cloning)","RR",5,-0.5,"medium",1,25,"no_lag",0.928769842550848,0.932168839759687,-0.00339899720883845,0.00814396318946289,0.00878715409519515,NA,100
"G-comp (no cloning)","RR",5,-0.5,"medium",1,25,"no_tv",0.962141084836961,0.932168839759687,0.0299722450772742,0.0102336705394299,0.031654639589714,NA,100
"G-comp (no cloning)","RR",5,-0.5,"medium",1,25,"coarse_L",0.942956103435508,0.932168839759687,0.0107872636758215,0.008473636268541,0.0136912214249539,NA,100
"G-comp (no cloning)","RR",5,-0.5,"medium",1,25,"nonlinear_L",0.92460344828147,0.932168839759687,-0.00756539147821667,0.00821461656579898,0.011137336947787,NA,100
"G-comp (no cloning)","RR",5,-0.5,"medium",1,25,"cloglog",0.925066448295683,0.932168839759687,-0.00710239146400341,0.00778941203281594,0.0105124761558234,NA,100
"G-comp (no cloning)","RR",5,-0.5,"medium",1,25,"lpm",0.951788904582748,0.932168839759687,0.019620064823061,0.0103019270586237,0.0221362902892763,NA,100
"G-comp (no cloning)","RR",8,-0.5,"medium",1,25,"correct",0.935954514842243,0.939691720155475,-0.00373720531323189,0.00673888204050696,0.00767626923691172,NA,100
"G-comp (no cloning)","RR",8,-0.5,"medium",1,25,"no_lag",0.940595683451841,0.939691720155475,0.000903963296366247,0.00669304646484352,0.00672056931456898,NA,100
"G-comp (no cloning)","RR",8,-0.5,"medium",1,25,"no_tv",0.973459115834737,0.939691720155475,0.0337673956792622,0.00786814035516052,0.0346630288244099,NA,100
"G-comp (no cloning)","RR",8,-0.5,"medium",1,25,"coarse_L",0.953090223291639,0.939691720155475,0.0133985031361635,0.00678155762414165,0.0150016504045802,NA,100
"G-comp (no cloning)","RR",8,-0.5,"medium",1,25,"nonlinear_L",0.935870073305137,0.939691720155475,-0.00382164685033773,0.00681207117889722,0.00778108316737425,NA,100
"G-comp (no cloning)","RR",8,-0.5,"medium",1,25,"cloglog",0.936730804929131,0.939691720155475,-0.00296091522634406,0.0067973090375366,0.00738298009125415,NA,100
"G-comp (no cloning)","RR",8,-0.5,"medium",1,25,"lpm",0.957405669289906,0.939691720155475,0.0177139491344305,0.00761666429481334,0.0192670037413002,NA,100
"G-comp (no cloning)","RR",2,-1,"strong",2,25,"correct",0.807190077607949,0.813498147909376,-0.00630807030142662,0.0109565200160366,0.0125951033533247,NA,100
"G-comp (no cloning)","RR",2,-1,"strong",2,25,"no_lag",0.811159964562673,0.813498147909376,-0.0023381833467024,0.0110792717267115,0.0112689778035616,NA,100
"G-comp (no cloning)","RR",2,-1,"strong",2,25,"no_tv",0.855478425719566,0.813498147909376,0.0419802778101902,0.0136891613502032,0.0441346001693447,NA,100
"G-comp (no cloning)","RR",2,-1,"strong",2,25,"coarse_L",0.835496890495427,0.813498147909376,0.021998742586051,0.0120307315858147,0.0250446759378586,NA,100
"G-comp (no cloning)","RR",2,-1,"strong",2,25,"nonlinear_L",0.80714898426969,0.813498147909376,-0.00634916363968592,0.0111763839729209,0.0128052458799733,NA,100
"G-comp (no cloning)","RR",2,-1,"strong",2,25,"cloglog",0.812058631257598,0.813498147909376,-0.00143951665177747,0.0108902155721477,0.0109308295863815,NA,100
"G-comp (no cloning)","RR",2,-1,"strong",2,25,"lpm",0.839996000808584,0.813498147909376,0.0264978528992084,0.0149328292346421,0.0303791985300725,NA,100
"G-comp (no cloning)","RR",5,-1,"strong",2,25,"correct",0.84046934830268,0.847647016881975,-0.00717766857929569,0.00830163445527465,0.0109428921915973,NA,100
"G-comp (no cloning)","RR",5,-1,"strong",2,25,"no_lag",0.844575376371389,0.847647016881975,-0.00307164051058621,0.00858328211312529,0.00907584596285305,NA,100
"G-comp (no cloning)","RR",5,-1,"strong",2,25,"no_tv",0.894211241736202,0.847647016881975,0.0465642248542263,0.0117231201788167,0.0480029610288225,NA,100
"G-comp (no cloning)","RR",5,-1,"strong",2,25,"coarse_L",0.864351437400315,0.847647016881975,0.0167044205183399,0.00934874782452137,0.0191196956011638,NA,100
"G-comp (no cloning)","RR",5,-1,"strong",2,25,"nonlinear_L",0.840214821614514,0.847647016881975,-0.00743219526746122,0.00841456790214679,0.011195286059039,NA,100
"G-comp (no cloning)","RR",5,-1,"strong",2,25,"cloglog",0.842803162791447,0.847647016881975,-0.00484385409052824,0.00825470309960841,0.00953528418456341,NA,100
"G-comp (no cloning)","RR",5,-1,"strong",2,25,"lpm",0.868557605919005,0.847647016881975,0.0209105890370301,0.0111198066821609,0.0236572680907519,NA,100
"G-comp (no cloning)","RR",8,-1,"strong",2,25,"correct",0.865028838346018,0.868015909419281,-0.00298707107326324,0.00699450535902119,0.00757340529497322,NA,100
"G-comp (no cloning)","RR",8,-1,"strong",2,25,"no_lag",0.869511168992404,0.868015909419281,0.00149525957312339,0.00729126138203561,0.0074072038453636,NA,100
"G-comp (no cloning)","RR",8,-1,"strong",2,25,"no_tv",0.920038858559443,0.868015909419281,0.0520229491401615,0.0101016212407963,0.0529849937379954,NA,100
"G-comp (no cloning)","RR",8,-1,"strong",2,25,"coarse_L",0.887243795705682,0.868015909419281,0.019227886286401,0.00797335228413668,0.0208002455327635,NA,100
"G-comp (no cloning)","RR",8,-1,"strong",2,25,"nonlinear_L",0.864867500606297,0.868015909419281,-0.00314840881298409,0.00706684664795122,0.00770411554845062,NA,100
"G-comp (no cloning)","RR",8,-1,"strong",2,25,"cloglog",0.866705091446485,0.868015909419281,-0.00131081797279657,0.00693801820627476,0.0070265908819356,NA,100
"G-comp (no cloning)","RR",8,-1,"strong",2,25,"lpm",0.891217471869589,0.868015909419281,0.0232015624503077,0.00935005525124253,0.0249972358072808,NA,100
"G-comp (no cloning)","RR",2,-0.7,"strong",2,25,"correct",0.8706879388508,0.878937516259128,-0.00824957740832728,0.0109322590602253,0.0136519109539384,NA,100
"G-comp (no cloning)","RR",2,-0.7,"strong",2,25,"no_lag",0.874912324054435,0.878937516259128,-0.00402519220469301,0.0110367735288533,0.0116959154627864,NA,100
"G-comp (no cloning)","RR",2,-0.7,"strong",2,25,"no_tv",0.922865977185679,0.878937516259128,0.0439284609265515,0.0128470914928046,0.0457504859165649,NA,100
"G-comp (no cloning)","RR",2,-0.7,"strong",2,25,"coarse_L",0.897364166801598,0.878937516259128,0.0184266505424708,0.0112002923281212,0.0215344731295511,NA,100
"G-comp (no cloning)","RR",2,-0.7,"strong",2,25,"nonlinear_L",0.870698253630701,0.878937516259128,-0.00823926262842635,0.0109130341170342,0.0136304372330216,NA,100
"G-comp (no cloning)","RR",2,-0.7,"strong",2,25,"cloglog",0.872687381186,0.878937516259128,-0.00625013507312716,0.0106795947936325,0.0123279112561275,NA,100
"G-comp (no cloning)","RR",2,-0.7,"strong",2,25,"lpm",0.920042200349039,0.878937516259128,0.0411046840899114,0.0147923483225338,0.043660285012098,NA,100
"G-comp (no cloning)","RR",5,-0.7,"strong",2,25,"correct",0.892370769769179,0.898264705974939,-0.00589393620575954,0.00870815713100213,0.0104791299548008,NA,100
"G-comp (no cloning)","RR",5,-0.7,"strong",2,25,"no_lag",0.897461517433247,0.898264705974939,-0.000803188541691981,0.00887753726842688,0.00886947986672783,NA,100
"G-comp (no cloning)","RR",5,-0.7,"strong",2,25,"no_tv",0.951964920274453,0.898264705974939,0.053700214299514,0.0100659646071454,0.054626215527449,NA,100
"G-comp (no cloning)","RR",5,-0.7,"strong",2,25,"coarse_L",0.917683286820861,0.898264705974939,0.0194185808459222,0.0085226820562893,0.0211894084487483,NA,100
"G-comp (no cloning)","RR",5,-0.7,"strong",2,25,"nonlinear_L",0.892389267880633,0.898264705974939,-0.00587543809430619,0.00865494023686214,0.0104249548391656,NA,100
"G-comp (no cloning)","RR",5,-0.7,"strong",2,25,"cloglog",0.89362864267716,0.898264705974939,-0.00463606329777839,0.00857522950327679,0.00971042214965641,NA,100
"G-comp (no cloning)","RR",5,-0.7,"strong",2,25,"lpm",0.933163119542789,0.898264705974939,0.03489841356785,0.010204199456025,0.036345339442983,NA,100
"G-comp (no cloning)","RR",8,-0.7,"strong",2,25,"correct",0.906206841110527,0.912870188119348,-0.00666334700882025,0.00734291188684736,0.00988834489629978,NA,100
"G-comp (no cloning)","RR",8,-0.7,"strong",2,25,"no_lag",0.911709865492255,0.912870188119348,-0.00116032262709279,0.00747255117159993,0.00752508999288389,NA,100
"G-comp (no cloning)","RR",8,-0.7,"strong",2,25,"no_tv",0.968059559578827,0.912870188119348,0.0551893714594796,0.00937820863886565,0.055972654139265,NA,100
"G-comp (no cloning)","RR",8,-0.7,"strong",2,25,"coarse_L",0.930853383034026,0.912870188119348,0.0179831949146788,0.00818029492383093,0.019739385809335,NA,100
"G-comp (no cloning)","RR",8,-0.7,"strong",2,25,"nonlinear_L",0.906229037424893,0.912870188119348,-0.00664115069445426,0.00738015279513771,0.0099008520478408,NA,100
"G-comp (no cloning)","RR",8,-0.7,"strong",2,25,"cloglog",0.907318629124217,0.912870188119348,-0.00555155899513059,0.00719131058899619,0.00905635720275818,NA,100
"G-comp (no cloning)","RR",8,-0.7,"strong",2,25,"lpm",0.940223123973382,0.912870188119348,0.0273529358540348,0.00990064904412289,0.0290727659986951,NA,100
"G-comp (no cloning)","RR",2,-0.5,"strong",2,25,"correct",0.913185363302003,0.919944439439018,-0.00675907613701567,0.0124564611212286,0.0141172553867247,NA,100
"G-comp (no cloning)","RR",2,-0.5,"strong",2,25,"no_lag",0.917130795973201,0.919944439439018,-0.00281364346581763,0.0124405353350022,0.012693929249053,NA,100
"G-comp (no cloning)","RR",2,-0.5,"strong",2,25,"no_tv",0.962316398827051,0.919944439439018,0.0423719593880327,0.0136730614666738,0.0445024271939612,NA,100
"G-comp (no cloning)","RR",2,-0.5,"strong",2,25,"coarse_L",0.937124625557692,0.919944439439018,0.017180186118674,0.0124521837452026,0.0211817163208349,NA,100
"G-comp (no cloning)","RR",2,-0.5,"strong",2,25,"nonlinear_L",0.912947189010062,0.919944439439018,-0.00699725042895689,0.0126115323399538,0.0143673850803694,NA,100
"G-comp (no cloning)","RR",2,-0.5,"strong",2,25,"cloglog",0.913637621908943,0.919944439439018,-0.00630681753007539,0.0119812168631487,0.013486660420736,NA,100
"G-comp (no cloning)","RR",2,-0.5,"strong",2,25,"lpm",0.973975847811155,0.919944439439018,0.0540314083721368,0.0172333628303682,0.0566869649670478,NA,100
"G-comp (no cloning)","RR",5,-0.5,"strong",2,25,"correct",0.929240585395688,0.930220082076693,-0.000979496681004312,0.00944564573025851,0.00944920286463539,NA,100
"G-comp (no cloning)","RR",5,-0.5,"strong",2,25,"no_lag",0.934974389725853,0.930220082076693,0.00475430764916015,0.00977155208087953,0.0108227463700999,NA,100
"G-comp (no cloning)","RR",5,-0.5,"strong",2,25,"no_tv",0.994572200701321,0.930220082076693,0.0643521186246287,0.0118975564074599,0.0654318844407089,NA,100
"G-comp (no cloning)","RR",5,-0.5,"strong",2,25,"coarse_L",0.955807180676097,0.930220082076693,0.0255870985994045,0.0099826466482239,0.0274473371476708,NA,100
"G-comp (no cloning)","RR",5,-0.5,"strong",2,25,"nonlinear_L",0.929401433533406,0.930220082076693,-0.000818648543286323,0.00941024899285036,0.00939880011936585,NA,100
"G-comp (no cloning)","RR",5,-0.5,"strong",2,25,"cloglog",0.929846094592816,0.930220082076693,-0.000373987483876381,0.00926135035680126,0.00922251326728267,NA,100
"G-comp (no cloning)","RR",5,-0.5,"strong",2,25,"lpm",0.980507497865934,0.930220082076693,0.050287415789241,0.0125471329220527,0.0518139018592311,NA,100
"G-comp (no cloning)","RR",8,-0.5,"strong",2,25,"correct",0.933539470784798,0.941418510637448,-0.00787903985264987,0.00687428768161917,0.0104337213791633,NA,100
"G-comp (no cloning)","RR",8,-0.5,"strong",2,25,"no_lag",0.939462507872701,0.941418510637448,-0.00195600276474737,0.00732583957522519,0.00754699894281267,NA,100
"G-comp (no cloning)","RR",8,-0.5,"strong",2,25,"no_tv",0.999426079319171,0.941418510637448,0.0580075686817229,0.0102577551979443,0.0588986192592725,NA,100
"G-comp (no cloning)","RR",8,-0.5,"strong",2,25,"coarse_L",0.958952346159362,0.941418510637448,0.0175338355219139,0.00805055409680288,0.0192768953714654,NA,100
"G-comp (no cloning)","RR",8,-0.5,"strong",2,25,"nonlinear_L",0.933610724850738,0.941418510637448,-0.00780778578670985,0.00674916190460362,0.0102984073254827,NA,100
"G-comp (no cloning)","RR",8,-0.5,"strong",2,25,"cloglog",0.934288123863749,0.941418510637448,-0.00713038677369866,0.0067020539048752,0.00976272333014468,NA,100
"G-comp (no cloning)","RR",8,-0.5,"strong",2,25,"lpm",0.974724021720492,0.941418510637448,0.0333055110830444,0.00922252660553883,0.0345465123496246,NA,100
"IPTW (no cloning)","RR",2,-1,"small",0.4,25,"correct",0.814640836630839,0.812875296768163,0.001765539862676,0.0373877780885882,0.0372422424392544,NA,100
"IPTW (no cloning)","RR",2,-1,"small",0.4,25,"no_lag",0.814640836630839,0.812875296768163,0.001765539862676,0.0373877780885882,0.0372422424392544,NA,100
"IPTW (no cloning)","RR",2,-1,"small",0.4,25,"no_tv",0.814640836630839,0.812875296768163,0.001765539862676,0.0373877780885882,0.0372422424392544,NA,100
"IPTW (no cloning)","RR",2,-1,"small",0.4,25,"coarse_L",0.814640836630839,0.812875296768163,0.001765539862676,0.0373877780885882,0.0372422424392544,NA,100
"IPTW (no cloning)","RR",2,-1,"small",0.4,25,"nonlinear_L",0.814640836630839,0.812875296768163,0.001765539862676,0.0373877780885882,0.0372422424392544,NA,100
"IPTW (no cloning)","RR",2,-1,"small",0.4,25,"cloglog",0.814640836630839,0.812875296768163,0.001765539862676,0.0373877780885882,0.0372422424392544,NA,100
"IPTW (no cloning)","RR",2,-1,"small",0.4,25,"lpm",0.814640836630839,0.812875296768163,0.001765539862676,0.0373877780885882,0.0372422424392544,NA,100
"IPTW (no cloning)","RR",5,-1,"small",0.4,25,"correct",0.86364760384426,0.857532775183329,0.00611482866093126,0.0240936805075506,0.02474048333296,NA,100
"IPTW (no cloning)","RR",5,-1,"small",0.4,25,"no_lag",0.86364760384426,0.857532775183329,0.00611482866093126,0.0240936805075506,0.02474048333296,NA,100
"IPTW (no cloning)","RR",5,-1,"small",0.4,25,"no_tv",0.86364760384426,0.857532775183329,0.00611482866093126,0.0240936805075506,0.02474048333296,NA,100
"IPTW (no cloning)","RR",5,-1,"small",0.4,25,"coarse_L",0.86364760384426,0.857532775183329,0.00611482866093126,0.0240936805075506,0.02474048333296,NA,100
"IPTW (no cloning)","RR",5,-1,"small",0.4,25,"nonlinear_L",0.86364760384426,0.857532775183329,0.00611482866093126,0.0240936805075506,0.02474048333296,NA,100
"IPTW (no cloning)","RR",5,-1,"small",0.4,25,"cloglog",0.86364760384426,0.857532775183329,0.00611482866093126,0.0240936805075506,0.02474048333296,NA,100
"IPTW (no cloning)","RR",5,-1,"small",0.4,25,"lpm",0.86364760384426,0.857532775183329,0.00611482866093126,0.0240936805075506,0.02474048333296,NA,100
"IPTW (no cloning)","RR",8,-1,"small",0.4,25,"correct",0.895271635920681,0.880160884950332,0.0151107509703487,0.0154632457250984,0.0215651488183857,NA,100
"IPTW (no cloning)","RR",8,-1,"small",0.4,25,"no_lag",0.895271635920681,0.880160884950332,0.0151107509703487,0.0154632457250984,0.0215651488183857,NA,100
"IPTW (no cloning)","RR",8,-1,"small",0.4,25,"no_tv",0.895271635920681,0.880160884950332,0.0151107509703487,0.0154632457250984,0.0215651488183857,NA,100
"IPTW (no cloning)","RR",8,-1,"small",0.4,25,"coarse_L",0.895271635920681,0.880160884950332,0.0151107509703487,0.0154632457250984,0.0215651488183857,NA,100
"IPTW (no cloning)","RR",8,-1,"small",0.4,25,"nonlinear_L",0.895271635920681,0.880160884950332,0.0151107509703487,0.0154632457250984,0.0215651488183857,NA,100
"IPTW (no cloning)","RR",8,-1,"small",0.4,25,"cloglog",0.895271635920681,0.880160884950332,0.0151107509703487,0.0154632457250984,0.0215651488183857,NA,100
"IPTW (no cloning)","RR",8,-1,"small",0.4,25,"lpm",0.895271635920681,0.880160884950332,0.0151107509703487,0.0154632457250984,0.0215651488183857,NA,100
"IPTW (no cloning)","RR",2,-0.7,"small",0.4,25,"correct",0.883093221834213,0.875904798386529,0.00718842344768398,0.0378197910586352,0.0383106598928398,NA,100
"IPTW (no cloning)","RR",2,-0.7,"small",0.4,25,"no_lag",0.883093221834213,0.875904798386529,0.00718842344768398,0.0378197910586352,0.0383106598928398,NA,100
"IPTW (no cloning)","RR",2,-0.7,"small",0.4,25,"no_tv",0.883093221834213,0.875904798386529,0.00718842344768398,0.0378197910586352,0.0383106598928398,NA,100
"IPTW (no cloning)","RR",2,-0.7,"small",0.4,25,"coarse_L",0.883093221834213,0.875904798386529,0.00718842344768398,0.0378197910586352,0.0383106598928398,NA,100
"IPTW (no cloning)","RR",2,-0.7,"small",0.4,25,"nonlinear_L",0.883093221834213,0.875904798386529,0.00718842344768398,0.0378197910586352,0.0383106598928398,NA,100
"IPTW (no cloning)","RR",2,-0.7,"small",0.4,25,"cloglog",0.883093221834213,0.875904798386529,0.00718842344768398,0.0378197910586352,0.0383106598928398,NA,100
"IPTW (no cloning)","RR",2,-0.7,"small",0.4,25,"lpm",0.883093221834213,0.875904798386529,0.00718842344768398,0.0378197910586352,0.0383106598928398,NA,100
"IPTW (no cloning)","RR",5,-0.7,"small",0.4,25,"correct",0.911201024253656,0.903269582479312,0.00793144177434381,0.0198612354247527,0.0212939370359565,NA,100
"IPTW (no cloning)","RR",5,-0.7,"small",0.4,25,"no_lag",0.911201024253656,0.903269582479312,0.00793144177434381,0.0198612354247527,0.0212939370359565,NA,100
"IPTW (no cloning)","RR",5,-0.7,"small",0.4,25,"no_tv",0.911201024253656,0.903269582479312,0.00793144177434381,0.0198612354247527,0.0212939370359565,NA,100
"IPTW (no cloning)","RR",5,-0.7,"small",0.4,25,"coarse_L",0.911201024253656,0.903269582479312,0.00793144177434381,0.0198612354247527,0.0212939370359565,NA,100
"IPTW (no cloning)","RR",5,-0.7,"small",0.4,25,"nonlinear_L",0.911201024253656,0.903269582479312,0.00793144177434381,0.0198612354247527,0.0212939370359565,NA,100
"IPTW (no cloning)","RR",5,-0.7,"small",0.4,25,"cloglog",0.911201024253656,0.903269582479312,0.00793144177434381,0.0198612354247527,0.0212939370359565,NA,100
"IPTW (no cloning)","RR",5,-0.7,"small",0.4,25,"lpm",0.911201024253656,0.903269582479312,0.00793144177434381,0.0198612354247527,0.0212939370359565,NA,100
"IPTW (no cloning)","RR",8,-0.7,"small",0.4,25,"correct",0.936790212902627,0.91775550544168,0.0190347074609473,0.0154264393221235,0.0244523080297424,NA,100
"IPTW (no cloning)","RR",8,-0.7,"small",0.4,25,"no_lag",0.936790212902627,0.91775550544168,0.0190347074609473,0.0154264393221235,0.0244523080297424,NA,100
"IPTW (no cloning)","RR",8,-0.7,"small",0.4,25,"no_tv",0.936790212902627,0.91775550544168,0.0190347074609473,0.0154264393221235,0.0244523080297424,NA,100
"IPTW (no cloning)","RR",8,-0.7,"small",0.4,25,"coarse_L",0.936790212902627,0.91775550544168,0.0190347074609473,0.0154264393221235,0.0244523080297424,NA,100
"IPTW (no cloning)","RR",8,-0.7,"small",0.4,25,"nonlinear_L",0.936790212902627,0.91775550544168,0.0190347074609473,0.0154264393221235,0.0244523080297424,NA,100
"IPTW (no cloning)","RR",8,-0.7,"small",0.4,25,"cloglog",0.936790212902627,0.91775550544168,0.0190347074609473,0.0154264393221235,0.0244523080297424,NA,100
"IPTW (no cloning)","RR",8,-0.7,"small",0.4,25,"lpm",0.936790212902627,0.91775550544168,0.0190347074609473,0.0154264393221235,0.0244523080297424,NA,100
"IPTW (no cloning)","RR",2,-0.5,"small",0.4,25,"correct",0.923884180474543,0.915401656935726,0.00848252353881762,0.0380347716487098,0.0387831228940166,NA,100
"IPTW (no cloning)","RR",2,-0.5,"small",0.4,25,"no_lag",0.923884180474543,0.915401656935726,0.00848252353881762,0.0380347716487098,0.0387831228940166,NA,100
"IPTW (no cloning)","RR",2,-0.5,"small",0.4,25,"no_tv",0.923884180474543,0.915401656935726,0.00848252353881762,0.0380347716487098,0.0387831228940166,NA,100
"IPTW (no cloning)","RR",2,-0.5,"small",0.4,25,"coarse_L",0.923884180474543,0.915401656935726,0.00848252353881762,0.0380347716487098,0.0387831228940166,NA,100
"IPTW (no cloning)","RR",2,-0.5,"small",0.4,25,"nonlinear_L",0.923884180474543,0.915401656935726,0.00848252353881762,0.0380347716487098,0.0387831228940166,NA,100
"IPTW (no cloning)","RR",2,-0.5,"small",0.4,25,"cloglog",0.923884180474543,0.915401656935726,0.00848252353881762,0.0380347716487098,0.0387831228940166,NA,100
"IPTW (no cloning)","RR",2,-0.5,"small",0.4,25,"lpm",0.923884180474543,0.915401656935726,0.00848252353881762,0.0380347716487098,0.0387831228940166,NA,100
"IPTW (no cloning)","RR",5,-0.5,"small",0.4,25,"correct",0.951936332721,0.932909472527854,0.0190268601931456,0.0230161853599092,0.029773625063905,NA,100
"IPTW (no cloning)","RR",5,-0.5,"small",0.4,25,"no_lag",0.951936332721,0.932909472527854,0.0190268601931456,0.0230161853599092,0.029773625063905,NA,100
"IPTW (no cloning)","RR",5,-0.5,"small",0.4,25,"no_tv",0.951936332721,0.932909472527854,0.0190268601931456,0.0230161853599092,0.029773625063905,NA,100
"IPTW (no cloning)","RR",5,-0.5,"small",0.4,25,"coarse_L",0.951936332721,0.932909472527854,0.0190268601931456,0.0230161853599092,0.029773625063905,NA,100
"IPTW (no cloning)","RR",5,-0.5,"small",0.4,25,"nonlinear_L",0.951936332721,0.932909472527854,0.0190268601931456,0.0230161853599092,0.029773625063905,NA,100
"IPTW (no cloning)","RR",5,-0.5,"small",0.4,25,"cloglog",0.951936332721,0.932909472527854,0.0190268601931456,0.0230161853599092,0.029773625063905,NA,100
"IPTW (no cloning)","RR",5,-0.5,"small",0.4,25,"lpm",0.951936332721,0.932909472527854,0.0190268601931456,0.0230161853599092,0.029773625063905,NA,100
"IPTW (no cloning)","RR",8,-0.5,"small",0.4,25,"correct",0.969388952541533,0.942342495189099,0.0270464573524337,0.0168993757087715,0.0318471955699363,NA,100
"IPTW (no cloning)","RR",8,-0.5,"small",0.4,25,"no_lag",0.969388952541533,0.942342495189099,0.0270464573524337,0.0168993757087715,0.0318471955699363,NA,100
"IPTW (no cloning)","RR",8,-0.5,"small",0.4,25,"no_tv",0.969388952541533,0.942342495189099,0.0270464573524337,0.0168993757087715,0.0318471955699363,NA,100
"IPTW (no cloning)","RR",8,-0.5,"small",0.4,25,"coarse_L",0.969388952541533,0.942342495189099,0.0270464573524337,0.0168993757087715,0.0318471955699363,NA,100
"IPTW (no cloning)","RR",8,-0.5,"small",0.4,25,"nonlinear_L",0.969388952541533,0.942342495189099,0.0270464573524337,0.0168993757087715,0.0318471955699363,NA,100
"IPTW (no cloning)","RR",8,-0.5,"small",0.4,25,"cloglog",0.969388952541533,0.942342495189099,0.0270464573524337,0.0168993757087715,0.0318471955699363,NA,100
"IPTW (no cloning)","RR",8,-0.5,"small",0.4,25,"lpm",0.969388952541533,0.942342495189099,0.0270464573524337,0.0168993757087715,0.0318471955699363,NA,100
"IPTW (no cloning)","RR",2,-1,"medium",1,25,"correct",0.831786562749081,0.81443192717203,0.0173546355770507,0.0497134294166965,0.0524203604502812,NA,100
"IPTW (no cloning)","RR",2,-1,"medium",1,25,"no_lag",0.831786562749081,0.81443192717203,0.0173546355770507,0.0497134294166965,0.0524203604502812,NA,100
"IPTW (no cloning)","RR",2,-1,"medium",1,25,"no_tv",0.831786562749081,0.81443192717203,0.0173546355770507,0.0497134294166965,0.0524203604502812,NA,100
"IPTW (no cloning)","RR",2,-1,"medium",1,25,"coarse_L",0.831786562749081,0.81443192717203,0.0173546355770507,0.0497134294166965,0.0524203604502812,NA,100
"IPTW (no cloning)","RR",2,-1,"medium",1,25,"nonlinear_L",0.831786562749081,0.81443192717203,0.0173546355770507,0.0497134294166965,0.0524203604502812,NA,100
"IPTW (no cloning)","RR",2,-1,"medium",1,25,"cloglog",0.831786562749081,0.81443192717203,0.0173546355770507,0.0497134294166965,0.0524203604502812,NA,100
"IPTW (no cloning)","RR",2,-1,"medium",1,25,"lpm",0.831786562749081,0.81443192717203,0.0173546355770507,0.0497134294166965,0.0524203604502812,NA,100
"IPTW (no cloning)","RR",5,-1,"medium",1,25,"correct",0.895660895356551,0.854391316429979,0.0412695789265725,0.0317936290513992,0.0519990831126087,NA,100
"IPTW (no cloning)","RR",5,-1,"medium",1,25,"no_lag",0.895660895356551,0.854391316429979,0.0412695789265725,0.0317936290513992,0.0519990831126087,NA,100
"IPTW (no cloning)","RR",5,-1,"medium",1,25,"no_tv",0.895660895356551,0.854391316429979,0.0412695789265725,0.0317936290513992,0.0519990831126087,NA,100
"IPTW (no cloning)","RR",5,-1,"medium",1,25,"coarse_L",0.895660895356551,0.854391316429979,0.0412695789265725,0.0317936290513992,0.0519990831126087,NA,100
"IPTW (no cloning)","RR",5,-1,"medium",1,25,"nonlinear_L",0.895660895356551,0.854391316429979,0.0412695789265725,0.0317936290513992,0.0519990831126087,NA,100
"IPTW (no cloning)","RR",5,-1,"medium",1,25,"cloglog",0.895660895356551,0.854391316429979,0.0412695789265725,0.0317936290513992,0.0519990831126087,NA,100
"IPTW (no cloning)","RR",5,-1,"medium",1,25,"lpm",0.895660895356551,0.854391316429979,0.0412695789265725,0.0317936290513992,0.0519990831126087,NA,100
"IPTW (no cloning)","RR",8,-1,"medium",1,25,"correct",0.944284463906252,0.873643531949712,0.0706409319565402,0.0311059692195599,0.0771235811899698,NA,100
"IPTW (no cloning)","RR",8,-1,"medium",1,25,"no_lag",0.944284463906252,0.873643531949712,0.0706409319565402,0.0311059692195599,0.0771235811899698,NA,100
"IPTW (no cloning)","RR",8,-1,"medium",1,25,"no_tv",0.944284463906252,0.873643531949712,0.0706409319565402,0.0311059692195599,0.0771235811899698,NA,100
"IPTW (no cloning)","RR",8,-1,"medium",1,25,"coarse_L",0.944284463906252,0.873643531949712,0.0706409319565402,0.0311059692195599,0.0771235811899698,NA,100
"IPTW (no cloning)","RR",8,-1,"medium",1,25,"nonlinear_L",0.944284463906252,0.873643531949712,0.0706409319565402,0.0311059692195599,0.0771235811899698,NA,100
"IPTW (no cloning)","RR",8,-1,"medium",1,25,"cloglog",0.944284463906252,0.873643531949712,0.0706409319565402,0.0311059692195599,0.0771235811899698,NA,100
"IPTW (no cloning)","RR",8,-1,"medium",1,25,"lpm",0.944284463906252,0.873643531949712,0.0706409319565402,0.0311059692195599,0.0771235811899698,NA,100
"IPTW (no cloning)","RR",2,-0.7,"medium",1,25,"correct",0.901059826196632,0.878445879711798,0.0226139464848336,0.0512123175770195,0.0557482289630112,NA,100
"IPTW (no cloning)","RR",2,-0.7,"medium",1,25,"no_lag",0.901059826196632,0.878445879711798,0.0226139464848336,0.0512123175770195,0.0557482289630112,NA,100
"IPTW (no cloning)","RR",2,-0.7,"medium",1,25,"no_tv",0.901059826196632,0.878445879711798,0.0226139464848336,0.0512123175770195,0.0557482289630112,NA,100
"IPTW (no cloning)","RR",2,-0.7,"medium",1,25,"coarse_L",0.901059826196632,0.878445879711798,0.0226139464848336,0.0512123175770195,0.0557482289630112,NA,100
"IPTW (no cloning)","RR",2,-0.7,"medium",1,25,"nonlinear_L",0.901059826196632,0.878445879711798,0.0226139464848336,0.0512123175770195,0.0557482289630112,NA,100
"IPTW (no cloning)","RR",2,-0.7,"medium",1,25,"cloglog",0.901059826196632,0.878445879711798,0.0226139464848336,0.0512123175770195,0.0557482289630112,NA,100
"IPTW (no cloning)","RR",2,-0.7,"medium",1,25,"lpm",0.901059826196632,0.878445879711798,0.0226139464848336,0.0512123175770195,0.0557482289630112,NA,100
"IPTW (no cloning)","RR",5,-0.7,"medium",1,25,"correct",0.954457673537037,0.902036657016575,0.0524210165204624,0.039646097168806,0.065605318866307,NA,100
"IPTW (no cloning)","RR",5,-0.7,"medium",1,25,"no_lag",0.954457673537037,0.902036657016575,0.0524210165204624,0.039646097168806,0.065605318866307,NA,100
"IPTW (no cloning)","RR",5,-0.7,"medium",1,25,"no_tv",0.954457673537037,0.902036657016575,0.0524210165204624,0.039646097168806,0.065605318866307,NA,100
"IPTW (no cloning)","RR",5,-0.7,"medium",1,25,"coarse_L",0.954457673537037,0.902036657016575,0.0524210165204624,0.039646097168806,0.065605318866307,NA,100
"IPTW (no cloning)","RR",5,-0.7,"medium",1,25,"nonlinear_L",0.954457673537037,0.902036657016575,0.0524210165204624,0.039646097168806,0.065605318866307,NA,100
"IPTW (no cloning)","RR",5,-0.7,"medium",1,25,"cloglog",0.954457673537037,0.902036657016575,0.0524210165204624,0.039646097168806,0.065605318866307,NA,100
"IPTW (no cloning)","RR",5,-0.7,"medium",1,25,"lpm",0.954457673537037,0.902036657016575,0.0524210165204624,0.039646097168806,0.065605318866307,NA,100
"IPTW (no cloning)","RR",8,-0.7,"medium",1,25,"correct",0.983725363020838,0.91398519774654,0.0697401652742986,0.0310259254705679,0.0762671136419798,NA,100
"IPTW (no cloning)","RR",8,-0.7,"medium",1,25,"no_lag",0.983725363020838,0.91398519774654,0.0697401652742986,0.0310259254705679,0.0762671136419798,NA,100
"IPTW (no cloning)","RR",8,-0.7,"medium",1,25,"no_tv",0.983725363020838,0.91398519774654,0.0697401652742986,0.0310259254705679,0.0762671136419798,NA,100
"IPTW (no cloning)","RR",8,-0.7,"medium",1,25,"coarse_L",0.983725363020838,0.91398519774654,0.0697401652742986,0.0310259254705679,0.0762671136419798,NA,100
"IPTW (no cloning)","RR",8,-0.7,"medium",1,25,"nonlinear_L",0.983725363020838,0.91398519774654,0.0697401652742986,0.0310259254705679,0.0762671136419798,NA,100
"IPTW (no cloning)","RR",8,-0.7,"medium",1,25,"cloglog",0.983725363020838,0.91398519774654,0.0697401652742986,0.0310259254705679,0.0762671136419798,NA,100
"IPTW (no cloning)","RR",8,-0.7,"medium",1,25,"lpm",0.983725363020838,0.91398519774654,0.0697401652742986,0.0310259254705679,0.0762671136419798,NA,100
"IPTW (no cloning)","RR",2,-0.5,"medium",1,25,"correct",0.920654727799839,0.916995969857005,0.00365875794283446,0.0639200153758365,0.0637047658474227,NA,100
"IPTW (no cloning)","RR",2,-0.5,"medium",1,25,"no_lag",0.920654727799839,0.916995969857005,0.00365875794283446,0.0639200153758365,0.0637047658474227,NA,100
"IPTW (no cloning)","RR",2,-0.5,"medium",1,25,"no_tv",0.920654727799839,0.916995969857005,0.00365875794283446,0.0639200153758365,0.0637047658474227,NA,100
"IPTW (no cloning)","RR",2,-0.5,"medium",1,25,"coarse_L",0.920654727799839,0.916995969857005,0.00365875794283446,0.0639200153758365,0.0637047658474227,NA,100
"IPTW (no cloning)","RR",2,-0.5,"medium",1,25,"nonlinear_L",0.920654727799839,0.916995969857005,0.00365875794283446,0.0639200153758365,0.0637047658474227,NA,100
"IPTW (no cloning)","RR",2,-0.5,"medium",1,25,"cloglog",0.920654727799839,0.916995969857005,0.00365875794283446,0.0639200153758365,0.0637047658474227,NA,100
"IPTW (no cloning)","RR",2,-0.5,"medium",1,25,"lpm",0.920654727799839,0.916995969857005,0.00365875794283446,0.0639200153758365,0.0637047658474227,NA,100
"IPTW (no cloning)","RR",5,-0.5,"medium",1,25,"correct",0.970091966772041,0.932168839759687,0.0379231270123549,0.0393816988685042,0.0545304739215335,NA,100
"IPTW (no cloning)","RR",5,-0.5,"medium",1,25,"no_lag",0.970091966772041,0.932168839759687,0.0379231270123549,0.0393816988685042,0.0545304739215335,NA,100
"IPTW (no cloning)","RR",5,-0.5,"medium",1,25,"no_tv",0.970091966772041,0.932168839759687,0.0379231270123549,0.0393816988685042,0.0545304739215335,NA,100
"IPTW (no cloning)","RR",5,-0.5,"medium",1,25,"coarse_L",0.970091966772041,0.932168839759687,0.0379231270123549,0.0393816988685042,0.0545304739215335,NA,100
"IPTW (no cloning)","RR",5,-0.5,"medium",1,25,"nonlinear_L",0.970091966772041,0.932168839759687,0.0379231270123549,0.0393816988685042,0.0545304739215335,NA,100
"IPTW (no cloning)","RR",5,-0.5,"medium",1,25,"cloglog",0.970091966772041,0.932168839759687,0.0379231270123549,0.0393816988685042,0.0545304739215335,NA,100
"IPTW (no cloning)","RR",5,-0.5,"medium",1,25,"lpm",0.970091966772041,0.932168839759687,0.0379231270123549,0.0393816988685042,0.0545304739215335,NA,100
"IPTW (no cloning)","RR",8,-0.5,"medium",1,25,"correct",1.00820206767573,0.939691720155475,0.0685103475202595,0.0317043611029692,0.0754240184898996,NA,100
"IPTW (no cloning)","RR",8,-0.5,"medium",1,25,"no_lag",1.00820206767573,0.939691720155475,0.0685103475202595,0.0317043611029692,0.0754240184898996,NA,100
"IPTW (no cloning)","RR",8,-0.5,"medium",1,25,"no_tv",1.00820206767573,0.939691720155475,0.0685103475202595,0.0317043611029692,0.0754240184898996,NA,100
"IPTW (no cloning)","RR",8,-0.5,"medium",1,25,"coarse_L",1.00820206767573,0.939691720155475,0.0685103475202595,0.0317043611029692,0.0754240184898996,NA,100
"IPTW (no cloning)","RR",8,-0.5,"medium",1,25,"nonlinear_L",1.00820206767573,0.939691720155475,0.0685103475202595,0.0317043611029692,0.0754240184898996,NA,100
"IPTW (no cloning)","RR",8,-0.5,"medium",1,25,"cloglog",1.00820206767573,0.939691720155475,0.0685103475202595,0.0317043611029692,0.0754240184898996,NA,100
"IPTW (no cloning)","RR",8,-0.5,"medium",1,25,"lpm",1.00820206767573,0.939691720155475,0.0685103475202595,0.0317043611029692,0.0754240184898996,NA,100
"IPTW (no cloning)","RR",2,-1,"strong",2,25,"correct",0.874620198589161,0.813498147909376,0.0611220506797846,0.0657711879302241,0.0895460537904238,NA,100
"IPTW (no cloning)","RR",2,-1,"strong",2,25,"no_lag",0.874620198589161,0.813498147909376,0.0611220506797846,0.0657711879302241,0.0895460537904238,NA,100
"IPTW (no cloning)","RR",2,-1,"strong",2,25,"no_tv",0.874620198589161,0.813498147909376,0.0611220506797846,0.0657711879302241,0.0895460537904238,NA,100
"IPTW (no cloning)","RR",2,-1,"strong",2,25,"coarse_L",0.874620198589161,0.813498147909376,0.0611220506797846,0.0657711879302241,0.0895460537904238,NA,100
"IPTW (no cloning)","RR",2,-1,"strong",2,25,"nonlinear_L",0.874620198589161,0.813498147909376,0.0611220506797846,0.0657711879302241,0.0895460537904238,NA,100
"IPTW (no cloning)","RR",2,-1,"strong",2,25,"cloglog",0.874620198589161,0.813498147909376,0.0611220506797846,0.0657711879302241,0.0895460537904238,NA,100
"IPTW (no cloning)","RR",2,-1,"strong",2,25,"lpm",0.874620198589161,0.813498147909376,0.0611220506797846,0.0657711879302241,0.0895460537904238,NA,100
"IPTW (no cloning)","RR",5,-1,"strong",2,25,"correct",0.908911726027686,0.847647016881975,0.0612647091457105,0.123023664749506,0.136882571769467,NA,100
"IPTW (no cloning)","RR",5,-1,"strong",2,25,"no_lag",0.908911726027686,0.847647016881975,0.0612647091457105,0.123023664749506,0.136882571769467,NA,100
"IPTW (no cloning)","RR",5,-1,"strong",2,25,"no_tv",0.908911726027686,0.847647016881975,0.0612647091457105,0.123023664749506,0.136882571769467,NA,100
"IPTW (no cloning)","RR",5,-1,"strong",2,25,"coarse_L",0.908911726027686,0.847647016881975,0.0612647091457105,0.123023664749506,0.136882571769467,NA,100
"IPTW (no cloning)","RR",5,-1,"strong",2,25,"nonlinear_L",0.908911726027686,0.847647016881975,0.0612647091457105,0.123023664749506,0.136882571769467,NA,100
"IPTW (no cloning)","RR",5,-1,"strong",2,25,"cloglog",0.908911726027686,0.847647016881975,0.0612647091457105,0.123023664749506,0.136882571769467,NA,100
"IPTW (no cloning)","RR",5,-1,"strong",2,25,"lpm",0.908911726027686,0.847647016881975,0.0612647091457105,0.123023664749506,0.136882571769467,NA,100
"IPTW (no cloning)","RR",8,-1,"strong",2,25,"correct",0.967979196086086,0.868015909419281,0.0999632866668044,0.0819913690309779,0.129027196477518,NA,100
"IPTW (no cloning)","RR",8,-1,"strong",2,25,"no_lag",0.967979196086086,0.868015909419281,0.0999632866668044,0.0819913690309779,0.129027196477518,NA,100
"IPTW (no cloning)","RR",8,-1,"strong",2,25,"no_tv",0.967979196086086,0.868015909419281,0.0999632866668044,0.0819913690309779,0.129027196477518,NA,100
"IPTW (no cloning)","RR",8,-1,"strong",2,25,"coarse_L",0.967979196086086,0.868015909419281,0.0999632866668044,0.0819913690309779,0.129027196477518,NA,100
"IPTW (no cloning)","RR",8,-1,"strong",2,25,"nonlinear_L",0.967979196086086,0.868015909419281,0.0999632866668044,0.0819913690309779,0.129027196477518,NA,100
"IPTW (no cloning)","RR",8,-1,"strong",2,25,"cloglog",0.967979196086086,0.868015909419281,0.0999632866668044,0.0819913690309779,0.129027196477518,NA,100
"IPTW (no cloning)","RR",8,-1,"strong",2,25,"lpm",0.967979196086086,0.868015909419281,0.0999632866668044,0.0819913690309779,0.129027196477518,NA,100
"IPTW (no cloning)","RR",2,-0.7,"strong",2,25,"correct",0.926564669411664,0.878937516259128,0.0476271531525361,0.10533215127964,0.115118457206827,NA,100
"IPTW (no cloning)","RR",2,-0.7,"strong",2,25,"no_lag",0.926564669411664,0.878937516259128,0.0476271531525361,0.10533215127964,0.115118457206827,NA,100
"IPTW (no cloning)","RR",2,-0.7,"strong",2,25,"no_tv",0.926564669411664,0.878937516259128,0.0476271531525361,0.10533215127964,0.115118457206827,NA,100
"IPTW (no cloning)","RR",2,-0.7,"strong",2,25,"coarse_L",0.926564669411664,0.878937516259128,0.0476271531525361,0.10533215127964,0.115118457206827,NA,100
"IPTW (no cloning)","RR",2,-0.7,"strong",2,25,"nonlinear_L",0.926564669411664,0.878937516259128,0.0476271531525361,0.10533215127964,0.115118457206827,NA,100
"IPTW (no cloning)","RR",2,-0.7,"strong",2,25,"cloglog",0.926564669411664,0.878937516259128,0.0476271531525361,0.10533215127964,0.115118457206827,NA,100
"IPTW (no cloning)","RR",2,-0.7,"strong",2,25,"lpm",0.926564669411664,0.878937516259128,0.0476271531525361,0.10533215127964,0.115118457206827,NA,100
"IPTW (no cloning)","RR",5,-0.7,"strong",2,25,"correct",0.941248322310486,0.898264705974939,0.0429836163355472,0.15369317464721,0.15884888191954,NA,100
"IPTW (no cloning)","RR",5,-0.7,"strong",2,25,"no_lag",0.941248322310486,0.898264705974939,0.0429836163355472,0.15369317464721,0.15884888191954,NA,100
"IPTW (no cloning)","RR",5,-0.7,"strong",2,25,"no_tv",0.941248322310486,0.898264705974939,0.0429836163355472,0.15369317464721,0.15884888191954,NA,100
"IPTW (no cloning)","RR",5,-0.7,"strong",2,25,"coarse_L",0.941248322310486,0.898264705974939,0.0429836163355472,0.15369317464721,0.15884888191954,NA,100
"IPTW (no cloning)","RR",5,-0.7,"strong",2,25,"nonlinear_L",0.941248322310486,0.898264705974939,0.0429836163355472,0.15369317464721,0.15884888191954,NA,100
"IPTW (no cloning)","RR",5,-0.7,"strong",2,25,"cloglog",0.941248322310486,0.898264705974939,0.0429836163355472,0.15369317464721,0.15884888191954,NA,100
"IPTW (no cloning)","RR",5,-0.7,"strong",2,25,"lpm",0.941248322310486,0.898264705974939,0.0429836163355472,0.15369317464721,0.15884888191954,NA,100
"IPTW (no cloning)","RR",8,-0.7,"strong",2,25,"correct",1.02274419825186,0.912870188119348,0.109874010132517,0.0834150840891214,0.137698197496045,NA,100
"IPTW (no cloning)","RR",8,-0.7,"strong",2,25,"no_lag",1.02274419825186,0.912870188119348,0.109874010132517,0.0834150840891214,0.137698197496045,NA,100
"IPTW (no cloning)","RR",8,-0.7,"strong",2,25,"no_tv",1.02274419825186,0.912870188119348,0.109874010132517,0.0834150840891214,0.137698197496045,NA,100
"IPTW (no cloning)","RR",8,-0.7,"strong",2,25,"coarse_L",1.02274419825186,0.912870188119348,0.109874010132517,0.0834150840891214,0.137698197496045,NA,100
"IPTW (no cloning)","RR",8,-0.7,"strong",2,25,"nonlinear_L",1.02274419825186,0.912870188119348,0.109874010132517,0.0834150840891214,0.137698197496045,NA,100
"IPTW (no cloning)","RR",8,-0.7,"strong",2,25,"cloglog",1.02274419825186,0.912870188119348,0.109874010132517,0.0834150840891214,0.137698197496045,NA,100
"IPTW (no cloning)","RR",8,-0.7,"strong",2,25,"lpm",1.02274419825186,0.912870188119348,0.109874010132517,0.0834150840891214,0.137698197496045,NA,100
"IPTW (no cloning)","RR",2,-0.5,"strong",2,25,"correct",0.983871525998868,0.919944439439018,0.0639270865598492,0.111963031430908,0.128440786353701,NA,100
"IPTW (no cloning)","RR",2,-0.5,"strong",2,25,"no_lag",0.983871525998868,0.919944439439018,0.0639270865598492,0.111963031430908,0.128440786353701,NA,100
"IPTW (no cloning)","RR",2,-0.5,"strong",2,25,"no_tv",0.983871525998868,0.919944439439018,0.0639270865598492,0.111963031430908,0.128440786353701,NA,100
"IPTW (no cloning)","RR",2,-0.5,"strong",2,25,"coarse_L",0.983871525998868,0.919944439439018,0.0639270865598492,0.111963031430908,0.128440786353701,NA,100
"IPTW (no cloning)","RR",2,-0.5,"strong",2,25,"nonlinear_L",0.983871525998868,0.919944439439018,0.0639270865598492,0.111963031430908,0.128440786353701,NA,100
"IPTW (no cloning)","RR",2,-0.5,"strong",2,25,"cloglog",0.983871525998868,0.919944439439018,0.0639270865598492,0.111963031430908,0.128440786353701,NA,100
"IPTW (no cloning)","RR",2,-0.5,"strong",2,25,"lpm",0.983871525998868,0.919944439439018,0.0639270865598492,0.111963031430908,0.128440786353701,NA,100
"IPTW (no cloning)","RR",5,-0.5,"strong",2,25,"correct",1.01385353585562,0.930220082076693,0.0836334537789309,0.0748619285579579,0.111994731371325,NA,100
"IPTW (no cloning)","RR",5,-0.5,"strong",2,25,"no_lag",1.01385353585562,0.930220082076693,0.0836334537789309,0.0748619285579579,0.111994731371325,NA,100
"IPTW (no cloning)","RR",5,-0.5,"strong",2,25,"no_tv",1.01385353585562,0.930220082076693,0.0836334537789309,0.0748619285579579,0.111994731371325,NA,100
"IPTW (no cloning)","RR",5,-0.5,"strong",2,25,"coarse_L",1.01385353585562,0.930220082076693,0.0836334537789309,0.0748619285579579,0.111994731371325,NA,100
"IPTW (no cloning)","RR",5,-0.5,"strong",2,25,"nonlinear_L",1.01385353585562,0.930220082076693,0.0836334537789309,0.0748619285579579,0.111994731371325,NA,100
"IPTW (no cloning)","RR",5,-0.5,"strong",2,25,"cloglog",1.01385353585562,0.930220082076693,0.0836334537789309,0.0748619285579579,0.111994731371325,NA,100
"IPTW (no cloning)","RR",5,-0.5,"strong",2,25,"lpm",1.01385353585562,0.930220082076693,0.0836334537789309,0.0748619285579579,0.111994731371325,NA,100
"IPTW (no cloning)","RR",8,-0.5,"strong",2,25,"correct",1.0517502985448,0.941418510637448,0.110331787907352,0.0721589181322964,0.131635647885351,NA,100
"IPTW (no cloning)","RR",8,-0.5,"strong",2,25,"no_lag",1.0517502985448,0.941418510637448,0.110331787907352,0.0721589181322964,0.131635647885351,NA,100
"IPTW (no cloning)","RR",8,-0.5,"strong",2,25,"no_tv",1.0517502985448,0.941418510637448,0.110331787907352,0.0721589181322964,0.131635647885351,NA,100
"IPTW (no cloning)","RR",8,-0.5,"strong",2,25,"coarse_L",1.0517502985448,0.941418510637448,0.110331787907352,0.0721589181322964,0.131635647885351,NA,100
"IPTW (no cloning)","RR",8,-0.5,"strong",2,25,"nonlinear_L",1.0517502985448,0.941418510637448,0.110331787907352,0.0721589181322964,0.131635647885351,NA,100
"IPTW (no cloning)","RR",8,-0.5,"strong",2,25,"cloglog",1.0517502985448,0.941418510637448,0.110331787907352,0.0721589181322964,0.131635647885351,NA,100
"IPTW (no cloning)","RR",8,-0.5,"strong",2,25,"lpm",1.0517502985448,0.941418510637448,0.110331787907352,0.0721589181322964,0.131635647885351,NA,100
"Per-protocol (no IPTW)","RR",2,-1,"small",0.4,25,"correct",0.928769335898428,0.812875296768163,0.115894039130265,0.0283350734854671,0.119273953281762,NA,100
"Per-protocol (no IPTW)","RR",2,-1,"small",0.4,25,"no_lag",0.928769335898428,0.812875296768163,0.115894039130265,0.0283350734854671,0.119273953281762,NA,100
"Per-protocol (no IPTW)","RR",2,-1,"small",0.4,25,"no_tv",0.928769335898428,0.812875296768163,0.115894039130265,0.0283350734854671,0.119273953281762,NA,100
"Per-protocol (no IPTW)","RR",2,-1,"small",0.4,25,"coarse_L",0.928769335898428,0.812875296768163,0.115894039130265,0.0283350734854671,0.119273953281762,NA,100
"Per-protocol (no IPTW)","RR",2,-1,"small",0.4,25,"nonlinear_L",0.928769335898428,0.812875296768163,0.115894039130265,0.0283350734854671,0.119273953281762,NA,100
"Per-protocol (no IPTW)","RR",2,-1,"small",0.4,25,"cloglog",0.928769335898428,0.812875296768163,0.115894039130265,0.0283350734854671,0.119273953281762,NA,100
"Per-protocol (no IPTW)","RR",2,-1,"small",0.4,25,"lpm",0.928769335898428,0.812875296768163,0.115894039130265,0.0283350734854671,0.119273953281762,NA,100
"Per-protocol (no IPTW)","RR",5,-1,"small",0.4,25,"correct",0.970582784669933,0.857532775183329,0.113050009486603,0.0220332547100572,0.115156043327774,NA,100
"Per-protocol (no IPTW)","RR",5,-1,"small",0.4,25,"no_lag",0.970582784669933,0.857532775183329,0.113050009486603,0.0220332547100572,0.115156043327774,NA,100
"Per-protocol (no IPTW)","RR",5,-1,"small",0.4,25,"no_tv",0.970582784669933,0.857532775183329,0.113050009486603,0.0220332547100572,0.115156043327774,NA,100
"Per-protocol (no IPTW)","RR",5,-1,"small",0.4,25,"coarse_L",0.970582784669933,0.857532775183329,0.113050009486603,0.0220332547100572,0.115156043327774,NA,100
"Per-protocol (no IPTW)","RR",5,-1,"small",0.4,25,"nonlinear_L",0.970582784669933,0.857532775183329,0.113050009486603,0.0220332547100572,0.115156043327774,NA,100
"Per-protocol (no IPTW)","RR",5,-1,"small",0.4,25,"cloglog",0.970582784669933,0.857532775183329,0.113050009486603,0.0220332547100572,0.115156043327774,NA,100
"Per-protocol (no IPTW)","RR",5,-1,"small",0.4,25,"lpm",0.970582784669933,0.857532775183329,0.113050009486603,0.0220332547100572,0.115156043327774,NA,100
"Per-protocol (no IPTW)","RR",8,-1,"small",0.4,25,"correct",0.993634916203278,0.880160884950332,0.113474031252946,0.0142625279889046,0.114357952396773,NA,100
"Per-protocol (no IPTW)","RR",8,-1,"small",0.4,25,"no_lag",0.993634916203278,0.880160884950332,0.113474031252946,0.0142625279889046,0.114357952396773,NA,100
"Per-protocol (no IPTW)","RR",8,-1,"small",0.4,25,"no_tv",0.993634916203278,0.880160884950332,0.113474031252946,0.0142625279889046,0.114357952396773,NA,100
"Per-protocol (no IPTW)","RR",8,-1,"small",0.4,25,"coarse_L",0.993634916203278,0.880160884950332,0.113474031252946,0.0142625279889046,0.114357952396773,NA,100
"Per-protocol (no IPTW)","RR",8,-1,"small",0.4,25,"nonlinear_L",0.993634916203278,0.880160884950332,0.113474031252946,0.0142625279889046,0.114357952396773,NA,100
"Per-protocol (no IPTW)","RR",8,-1,"small",0.4,25,"cloglog",0.993634916203278,0.880160884950332,0.113474031252946,0.0142625279889046,0.114357952396773,NA,100
"Per-protocol (no IPTW)","RR",8,-1,"small",0.4,25,"lpm",0.993634916203278,0.880160884950332,0.113474031252946,0.0142625279889046,0.114357952396773,NA,100
"Per-protocol (no IPTW)","RR",2,-0.7,"small",0.4,25,"correct",0.994715007048918,0.875904798386529,0.118810208662389,0.0256371314416988,0.121517717086332,NA,100
"Per-protocol (no IPTW)","RR",2,-0.7,"small",0.4,25,"no_lag",0.994715007048918,0.875904798386529,0.118810208662389,0.0256371314416988,0.121517717086332,NA,100
"Per-protocol (no IPTW)","RR",2,-0.7,"small",0.4,25,"no_tv",0.994715007048918,0.875904798386529,0.118810208662389,0.0256371314416988,0.121517717086332,NA,100
"Per-protocol (no IPTW)","RR",2,-0.7,"small",0.4,25,"coarse_L",0.994715007048918,0.875904798386529,0.118810208662389,0.0256371314416988,0.121517717086332,NA,100
"Per-protocol (no IPTW)","RR",2,-0.7,"small",0.4,25,"nonlinear_L",0.994715007048918,0.875904798386529,0.118810208662389,0.0256371314416988,0.121517717086332,NA,100
"Per-protocol (no IPTW)","RR",2,-0.7,"small",0.4,25,"cloglog",0.994715007048918,0.875904798386529,0.118810208662389,0.0256371314416988,0.121517717086332,NA,100
"Per-protocol (no IPTW)","RR",2,-0.7,"small",0.4,25,"lpm",0.994715007048918,0.875904798386529,0.118810208662389,0.0256371314416988,0.121517717086332,NA,100
"Per-protocol (no IPTW)","RR",5,-0.7,"small",0.4,25,"correct",1.013164840942,0.903269582479312,0.109895258462692,0.016064513178889,0.111051590400227,NA,100
"Per-protocol (no IPTW)","RR",5,-0.7,"small",0.4,25,"no_lag",1.013164840942,0.903269582479312,0.109895258462692,0.016064513178889,0.111051590400227,NA,100
"Per-protocol (no IPTW)","RR",5,-0.7,"small",0.4,25,"no_tv",1.013164840942,0.903269582479312,0.109895258462692,0.016064513178889,0.111051590400227,NA,100
"Per-protocol (no IPTW)","RR",5,-0.7,"small",0.4,25,"coarse_L",1.013164840942,0.903269582479312,0.109895258462692,0.016064513178889,0.111051590400227,NA,100
"Per-protocol (no IPTW)","RR",5,-0.7,"small",0.4,25,"nonlinear_L",1.013164840942,0.903269582479312,0.109895258462692,0.016064513178889,0.111051590400227,NA,100
"Per-protocol (no IPTW)","RR",5,-0.7,"small",0.4,25,"cloglog",1.013164840942,0.903269582479312,0.109895258462692,0.016064513178889,0.111051590400227,NA,100
"Per-protocol (no IPTW)","RR",5,-0.7,"small",0.4,25,"lpm",1.013164840942,0.903269582479312,0.109895258462692,0.016064513178889,0.111051590400227,NA,100
"Per-protocol (no IPTW)","RR",8,-0.7,"small",0.4,25,"correct",1.03360568386899,0.91775550544168,0.115850178427306,0.0151767757486255,0.1168301973744,NA,100
"Per-protocol (no IPTW)","RR",8,-0.7,"small",0.4,25,"no_lag",1.03360568386899,0.91775550544168,0.115850178427306,0.0151767757486255,0.1168301973744,NA,100
"Per-protocol (no IPTW)","RR",8,-0.7,"small",0.4,25,"no_tv",1.03360568386899,0.91775550544168,0.115850178427306,0.0151767757486255,0.1168301973744,NA,100
"Per-protocol (no IPTW)","RR",8,-0.7,"small",0.4,25,"coarse_L",1.03360568386899,0.91775550544168,0.115850178427306,0.0151767757486255,0.1168301973744,NA,100
"Per-protocol (no IPTW)","RR",8,-0.7,"small",0.4,25,"nonlinear_L",1.03360568386899,0.91775550544168,0.115850178427306,0.0151767757486255,0.1168301973744,NA,100
"Per-protocol (no IPTW)","RR",8,-0.7,"small",0.4,25,"cloglog",1.03360568386899,0.91775550544168,0.115850178427306,0.0151767757486255,0.1168301973744,NA,100
"Per-protocol (no IPTW)","RR",8,-0.7,"small",0.4,25,"lpm",1.03360568386899,0.91775550544168,0.115850178427306,0.0151767757486255,0.1168301973744,NA,100
"Per-protocol (no IPTW)","RR",2,-0.5,"small",0.4,25,"correct",1.02545148544998,0.915401656935726,0.110049828514258,0.0260563956678959,0.113062421492145,NA,100
"Per-protocol (no IPTW)","RR",2,-0.5,"small",0.4,25,"no_lag",1.02545148544998,0.915401656935726,0.110049828514258,0.0260563956678959,0.113062421492145,NA,100
"Per-protocol (no IPTW)","RR",2,-0.5,"small",0.4,25,"no_tv",1.02545148544998,0.915401656935726,0.110049828514258,0.0260563956678959,0.113062421492145,NA,100
"Per-protocol (no IPTW)","RR",2,-0.5,"small",0.4,25,"coarse_L",1.02545148544998,0.915401656935726,0.110049828514258,0.0260563956678959,0.113062421492145,NA,100
"Per-protocol (no IPTW)","RR",2,-0.5,"small",0.4,25,"nonlinear_L",1.02545148544998,0.915401656935726,0.110049828514258,0.0260563956678959,0.113062421492145,NA,100
"Per-protocol (no IPTW)","RR",2,-0.5,"small",0.4,25,"cloglog",1.02545148544998,0.915401656935726,0.110049828514258,0.0260563956678959,0.113062421492145,NA,100
"Per-protocol (no IPTW)","RR",2,-0.5,"small",0.4,25,"lpm",1.02545148544998,0.915401656935726,0.110049828514258,0.0260563956678959,0.113062421492145,NA,100
"Per-protocol (no IPTW)","RR",5,-0.5,"small",0.4,25,"correct",1.0453110963551,0.932909472527854,0.112401623827243,0.0183313220108143,0.11387186672747,NA,100
"Per-protocol (no IPTW)","RR",5,-0.5,"small",0.4,25,"no_lag",1.0453110963551,0.932909472527854,0.112401623827243,0.0183313220108143,0.11387186672747,NA,100
"Per-protocol (no IPTW)","RR",5,-0.5,"small",0.4,25,"no_tv",1.0453110963551,0.932909472527854,0.112401623827243,0.0183313220108143,0.11387186672747,NA,100
"Per-protocol (no IPTW)","RR",5,-0.5,"small",0.4,25,"coarse_L",1.0453110963551,0.932909472527854,0.112401623827243,0.0183313220108143,0.11387186672747,NA,100
"Per-protocol (no IPTW)","RR",5,-0.5,"small",0.4,25,"nonlinear_L",1.0453110963551,0.932909472527854,0.112401623827243,0.0183313220108143,0.11387186672747,NA,100
"Per-protocol (no IPTW)","RR",5,-0.5,"small",0.4,25,"cloglog",1.0453110963551,0.932909472527854,0.112401623827243,0.0183313220108143,0.11387186672747,NA,100
"Per-protocol (no IPTW)","RR",5,-0.5,"small",0.4,25,"lpm",1.0453110963551,0.932909472527854,0.112401623827243,0.0183313220108143,0.11387186672747,NA,100
"Per-protocol (no IPTW)","RR",8,-0.5,"small",0.4,25,"correct",1.06107168267282,0.942342495189099,0.118729187483717,0.0169583149399521,0.119922177105364,NA,100
"Per-protocol (no IPTW)","RR",8,-0.5,"small",0.4,25,"no_lag",1.06107168267282,0.942342495189099,0.118729187483717,0.0169583149399521,0.119922177105364,NA,100
"Per-protocol (no IPTW)","RR",8,-0.5,"small",0.4,25,"no_tv",1.06107168267282,0.942342495189099,0.118729187483717,0.0169583149399521,0.119922177105364,NA,100
"Per-protocol (no IPTW)","RR",8,-0.5,"small",0.4,25,"coarse_L",1.06107168267282,0.942342495189099,0.118729187483717,0.0169583149399521,0.119922177105364,NA,100
"Per-protocol (no IPTW)","RR",8,-0.5,"small",0.4,25,"nonlinear_L",1.06107168267282,0.942342495189099,0.118729187483717,0.0169583149399521,0.119922177105364,NA,100
"Per-protocol (no IPTW)","RR",8,-0.5,"small",0.4,25,"cloglog",1.06107168267282,0.942342495189099,0.118729187483717,0.0169583149399521,0.119922177105364,NA,100
"Per-protocol (no IPTW)","RR",8,-0.5,"small",0.4,25,"lpm",1.06107168267282,0.942342495189099,0.118729187483717,0.0169583149399521,0.119922177105364,NA,100
"Per-protocol (no IPTW)","RR",2,-1,"medium",1,25,"correct",1.05497399245797,0.81443192717203,0.240542065285939,0.0200173441023926,0.241365225946675,NA,100
"Per-protocol (no IPTW)","RR",2,-1,"medium",1,25,"no_lag",1.05497399245797,0.81443192717203,0.240542065285939,0.0200173441023926,0.241365225946675,NA,100
"Per-protocol (no IPTW)","RR",2,-1,"medium",1,25,"no_tv",1.05497399245797,0.81443192717203,0.240542065285939,0.0200173441023926,0.241365225946675,NA,100
"Per-protocol (no IPTW)","RR",2,-1,"medium",1,25,"coarse_L",1.05497399245797,0.81443192717203,0.240542065285939,0.0200173441023926,0.241365225946675,NA,100
"Per-protocol (no IPTW)","RR",2,-1,"medium",1,25,"nonlinear_L",1.05497399245797,0.81443192717203,0.240542065285939,0.0200173441023926,0.241365225946675,NA,100
"Per-protocol (no IPTW)","RR",2,-1,"medium",1,25,"cloglog",1.05497399245797,0.81443192717203,0.240542065285939,0.0200173441023926,0.241365225946675,NA,100
"Per-protocol (no IPTW)","RR",2,-1,"medium",1,25,"lpm",1.05497399245797,0.81443192717203,0.240542065285939,0.0200173441023926,0.241365225946675,NA,100
"Per-protocol (no IPTW)","RR",5,-1,"medium",1,25,"correct",1.09852922349915,0.854391316429979,0.24413790706917,0.0151835487378845,0.24460489042304,NA,100
"Per-protocol (no IPTW)","RR",5,-1,"medium",1,25,"no_lag",1.09852922349915,0.854391316429979,0.24413790706917,0.0151835487378845,0.24460489042304,NA,100
"Per-protocol (no IPTW)","RR",5,-1,"medium",1,25,"no_tv",1.09852922349915,0.854391316429979,0.24413790706917,0.0151835487378845,0.24460489042304,NA,100
"Per-protocol (no IPTW)","RR",5,-1,"medium",1,25,"coarse_L",1.09852922349915,0.854391316429979,0.24413790706917,0.0151835487378845,0.24460489042304,NA,100
"Per-protocol (no IPTW)","RR",5,-1,"medium",1,25,"nonlinear_L",1.09852922349915,0.854391316429979,0.24413790706917,0.0151835487378845,0.24460489042304,NA,100
"Per-protocol (no IPTW)","RR",5,-1,"medium",1,25,"cloglog",1.09852922349915,0.854391316429979,0.24413790706917,0.0151835487378845,0.24460489042304,NA,100
"Per-protocol (no IPTW)","RR",5,-1,"medium",1,25,"lpm",1.09852922349915,0.854391316429979,0.24413790706917,0.0151835487378845,0.24460489042304,NA,100
"Per-protocol (no IPTW)","RR",8,-1,"medium",1,25,"correct",1.13651985043371,0.873643531949712,0.262876318484003,0.0187499779477764,0.263537482867266,NA,100
"Per-protocol (no IPTW)","RR",8,-1,"medium",1,25,"no_lag",1.13651985043371,0.873643531949712,0.262876318484003,0.0187499779477764,0.263537482867266,NA,100
"Per-protocol (no IPTW)","RR",8,-1,"medium",1,25,"no_tv",1.13651985043371,0.873643531949712,0.262876318484003,0.0187499779477764,0.263537482867266,NA,100
"Per-protocol (no IPTW)","RR",8,-1,"medium",1,25,"coarse_L",1.13651985043371,0.873643531949712,0.262876318484003,0.0187499779477764,0.263537482867266,NA,100
"Per-protocol (no IPTW)","RR",8,-1,"medium",1,25,"nonlinear_L",1.13651985043371,0.873643531949712,0.262876318484003,0.0187499779477764,0.263537482867266,NA,100
"Per-protocol (no IPTW)","RR",8,-1,"medium",1,25,"cloglog",1.13651985043371,0.873643531949712,0.262876318484003,0.0187499779477764,0.263537482867266,NA,100
"Per-protocol (no IPTW)","RR",8,-1,"medium",1,25,"lpm",1.13651985043371,0.873643531949712,0.262876318484003,0.0187499779477764,0.263537482867266,NA,100
"Per-protocol (no IPTW)","RR",2,-0.7,"medium",1,25,"correct",1.09857720813414,0.878445879711798,0.220131328422344,0.0161776491717934,0.220719054280287,NA,100
"Per-protocol (no IPTW)","RR",2,-0.7,"medium",1,25,"no_lag",1.09857720813414,0.878445879711798,0.220131328422344,0.0161776491717934,0.220719054280287,NA,100
"Per-protocol (no IPTW)","RR",2,-0.7,"medium",1,25,"no_tv",1.09857720813414,0.878445879711798,0.220131328422344,0.0161776491717934,0.220719054280287,NA,100
"Per-protocol (no IPTW)","RR",2,-0.7,"medium",1,25,"coarse_L",1.09857720813414,0.878445879711798,0.220131328422344,0.0161776491717934,0.220719054280287,NA,100
"Per-protocol (no IPTW)","RR",2,-0.7,"medium",1,25,"nonlinear_L",1.09857720813414,0.878445879711798,0.220131328422344,0.0161776491717934,0.220719054280287,NA,100
"Per-protocol (no IPTW)","RR",2,-0.7,"medium",1,25,"cloglog",1.09857720813414,0.878445879711798,0.220131328422344,0.0161776491717934,0.220719054280287,NA,100
"Per-protocol (no IPTW)","RR",2,-0.7,"medium",1,25,"lpm",1.09857720813414,0.878445879711798,0.220131328422344,0.0161776491717934,0.220719054280287,NA,100
"Per-protocol (no IPTW)","RR",5,-0.7,"medium",1,25,"correct",1.14129809026157,0.902036657016575,0.239261433244992,0.0208632954549438,0.240160275159561,NA,100
"Per-protocol (no IPTW)","RR",5,-0.7,"medium",1,25,"no_lag",1.14129809026157,0.902036657016575,0.239261433244992,0.0208632954549438,0.240160275159561,NA,100
"Per-protocol (no IPTW)","RR",5,-0.7,"medium",1,25,"no_tv",1.14129809026157,0.902036657016575,0.239261433244992,0.0208632954549438,0.240160275159561,NA,100
"Per-protocol (no IPTW)","RR",5,-0.7,"medium",1,25,"coarse_L",1.14129809026157,0.902036657016575,0.239261433244992,0.0208632954549438,0.240160275159561,NA,100
"Per-protocol (no IPTW)","RR",5,-0.7,"medium",1,25,"nonlinear_L",1.14129809026157,0.902036657016575,0.239261433244992,0.0208632954549438,0.240160275159561,NA,100
"Per-protocol (no IPTW)","RR",5,-0.7,"medium",1,25,"cloglog",1.14129809026157,0.902036657016575,0.239261433244992,0.0208632954549438,0.240160275159561,NA,100
"Per-protocol (no IPTW)","RR",5,-0.7,"medium",1,25,"lpm",1.14129809026157,0.902036657016575,0.239261433244992,0.0208632954549438,0.240160275159561,NA,100
"Per-protocol (no IPTW)","RR",8,-0.7,"medium",1,25,"correct",1.17621004597833,0.91398519774654,0.262224848231786,0.0204172996489845,0.263010586277226,NA,100
"Per-protocol (no IPTW)","RR",8,-0.7,"medium",1,25,"no_lag",1.17621004597833,0.91398519774654,0.262224848231786,0.0204172996489845,0.263010586277226,NA,100
"Per-protocol (no IPTW)","RR",8,-0.7,"medium",1,25,"no_tv",1.17621004597833,0.91398519774654,0.262224848231786,0.0204172996489845,0.263010586277226,NA,100
"Per-protocol (no IPTW)","RR",8,-0.7,"medium",1,25,"coarse_L",1.17621004597833,0.91398519774654,0.262224848231786,0.0204172996489845,0.263010586277226,NA,100
"Per-protocol (no IPTW)","RR",8,-0.7,"medium",1,25,"nonlinear_L",1.17621004597833,0.91398519774654,0.262224848231786,0.0204172996489845,0.263010586277226,NA,100
"Per-protocol (no IPTW)","RR",8,-0.7,"medium",1,25,"cloglog",1.17621004597833,0.91398519774654,0.262224848231786,0.0204172996489845,0.263010586277226,NA,100
"Per-protocol (no IPTW)","RR",8,-0.7,"medium",1,25,"lpm",1.17621004597833,0.91398519774654,0.262224848231786,0.0204172996489845,0.263010586277226,NA,100
"Per-protocol (no IPTW)","RR",2,-0.5,"medium",1,25,"correct",1.11820906088152,0.916995969857005,0.201213091024516,0.0164966679783998,0.201881466840039,NA,100
"Per-protocol (no IPTW)","RR",2,-0.5,"medium",1,25,"no_lag",1.11820906088152,0.916995969857005,0.201213091024516,0.0164966679783998,0.201881466840039,NA,100
"Per-protocol (no IPTW)","RR",2,-0.5,"medium",1,25,"no_tv",1.11820906088152,0.916995969857005,0.201213091024516,0.0164966679783998,0.201881466840039,NA,100
"Per-protocol (no IPTW)","RR",2,-0.5,"medium",1,25,"coarse_L",1.11820906088152,0.916995969857005,0.201213091024516,0.0164966679783998,0.201881466840039,NA,100
"Per-protocol (no IPTW)","RR",2,-0.5,"medium",1,25,"nonlinear_L",1.11820906088152,0.916995969857005,0.201213091024516,0.0164966679783998,0.201881466840039,NA,100
"Per-protocol (no IPTW)","RR",2,-0.5,"medium",1,25,"cloglog",1.11820906088152,0.916995969857005,0.201213091024516,0.0164966679783998,0.201881466840039,NA,100
"Per-protocol (no IPTW)","RR",2,-0.5,"medium",1,25,"lpm",1.11820906088152,0.916995969857005,0.201213091024516,0.0164966679783998,0.201881466840039,NA,100
"Per-protocol (no IPTW)","RR",5,-0.5,"medium",1,25,"correct",1.16410835771287,0.932168839759687,0.23193951795318,0.0196704113389422,0.232763819825535,NA,100
"Per-protocol (no IPTW)","RR",5,-0.5,"medium",1,25,"no_lag",1.16410835771287,0.932168839759687,0.23193951795318,0.0196704113389422,0.232763819825535,NA,100
"Per-protocol (no IPTW)","RR",5,-0.5,"medium",1,25,"no_tv",1.16410835771287,0.932168839759687,0.23193951795318,0.0196704113389422,0.232763819825535,NA,100
"Per-protocol (no IPTW)","RR",5,-0.5,"medium",1,25,"coarse_L",1.16410835771287,0.932168839759687,0.23193951795318,0.0196704113389422,0.232763819825535,NA,100
"Per-protocol (no IPTW)","RR",5,-0.5,"medium",1,25,"nonlinear_L",1.16410835771287,0.932168839759687,0.23193951795318,0.0196704113389422,0.232763819825535,NA,100
"Per-protocol (no IPTW)","RR",5,-0.5,"medium",1,25,"cloglog",1.16410835771287,0.932168839759687,0.23193951795318,0.0196704113389422,0.232763819825535,NA,100
"Per-protocol (no IPTW)","RR",5,-0.5,"medium",1,25,"lpm",1.16410835771287,0.932168839759687,0.23193951795318,0.0196704113389422,0.232763819825535,NA,100
"Per-protocol (no IPTW)","RR",8,-0.5,"medium",1,25,"correct",1.19734904011231,0.939691720155475,0.257657319956831,0.0191667673859719,0.258362121545796,NA,100
"Per-protocol (no IPTW)","RR",8,-0.5,"medium",1,25,"no_lag",1.19734904011231,0.939691720155475,0.257657319956831,0.0191667673859719,0.258362121545796,NA,100
"Per-protocol (no IPTW)","RR",8,-0.5,"medium",1,25,"no_tv",1.19734904011231,0.939691720155475,0.257657319956831,0.0191667673859719,0.258362121545796,NA,100
"Per-protocol (no IPTW)","RR",8,-0.5,"medium",1,25,"coarse_L",1.19734904011231,0.939691720155475,0.257657319956831,0.0191667673859719,0.258362121545796,NA,100
"Per-protocol (no IPTW)","RR",8,-0.5,"medium",1,25,"nonlinear_L",1.19734904011231,0.939691720155475,0.257657319956831,0.0191667673859719,0.258362121545796,NA,100
"Per-protocol (no IPTW)","RR",8,-0.5,"medium",1,25,"cloglog",1.19734904011231,0.939691720155475,0.257657319956831,0.0191667673859719,0.258362121545796,NA,100
"Per-protocol (no IPTW)","RR",8,-0.5,"medium",1,25,"lpm",1.19734904011231,0.939691720155475,0.257657319956831,0.0191667673859719,0.258362121545796,NA,100
"Per-protocol (no IPTW)","RR",2,-1,"strong",2,25,"correct",1.13780440338483,0.813498147909376,0.32430625547545,0.0162336113882971,0.324708241622886,NA,100
"Per-protocol (no IPTW)","RR",2,-1,"strong",2,25,"no_lag",1.13780440338483,0.813498147909376,0.32430625547545,0.0162336113882971,0.324708241622886,NA,100
"Per-protocol (no IPTW)","RR",2,-1,"strong",2,25,"no_tv",1.13780440338483,0.813498147909376,0.32430625547545,0.0162336113882971,0.324708241622886,NA,100
"Per-protocol (no IPTW)","RR",2,-1,"strong",2,25,"coarse_L",1.13780440338483,0.813498147909376,0.32430625547545,0.0162336113882971,0.324708241622886,NA,100
"Per-protocol (no IPTW)","RR",2,-1,"strong",2,25,"nonlinear_L",1.13780440338483,0.813498147909376,0.32430625547545,0.0162336113882971,0.324708241622886,NA,100
"Per-protocol (no IPTW)","RR",2,-1,"strong",2,25,"cloglog",1.13780440338483,0.813498147909376,0.32430625547545,0.0162336113882971,0.324708241622886,NA,100
"Per-protocol (no IPTW)","RR",2,-1,"strong",2,25,"lpm",1.13780440338483,0.813498147909376,0.32430625547545,0.0162336113882971,0.324708241622886,NA,100
"Per-protocol (no IPTW)","RR",5,-1,"strong",2,25,"correct",1.18764319343678,0.847647016881975,0.339996176554803,0.0184666823101586,0.340492302767439,NA,100
"Per-protocol (no IPTW)","RR",5,-1,"strong",2,25,"no_lag",1.18764319343678,0.847647016881975,0.339996176554803,0.0184666823101586,0.340492302767439,NA,100
"Per-protocol (no IPTW)","RR",5,-1,"strong",2,25,"no_tv",1.18764319343678,0.847647016881975,0.339996176554803,0.0184666823101586,0.340492302767439,NA,100
"Per-protocol (no IPTW)","RR",5,-1,"strong",2,25,"coarse_L",1.18764319343678,0.847647016881975,0.339996176554803,0.0184666823101586,0.340492302767439,NA,100
"Per-protocol (no IPTW)","RR",5,-1,"strong",2,25,"nonlinear_L",1.18764319343678,0.847647016881975,0.339996176554803,0.0184666823101586,0.340492302767439,NA,100
"Per-protocol (no IPTW)","RR",5,-1,"strong",2,25,"cloglog",1.18764319343678,0.847647016881975,0.339996176554803,0.0184666823101586,0.340492302767439,NA,100
"Per-protocol (no IPTW)","RR",5,-1,"strong",2,25,"lpm",1.18764319343678,0.847647016881975,0.339996176554803,0.0184666823101586,0.340492302767439,NA,100
"Per-protocol (no IPTW)","RR",8,-1,"strong",2,25,"correct",1.23550503099605,0.868015909419281,0.36748912157677,0.0248931295925279,0.368322855249532,NA,100
"Per-protocol (no IPTW)","RR",8,-1,"strong",2,25,"no_lag",1.23550503099605,0.868015909419281,0.36748912157677,0.0248931295925279,0.368322855249532,NA,100
"Per-protocol (no IPTW)","RR",8,-1,"strong",2,25,"no_tv",1.23550503099605,0.868015909419281,0.36748912157677,0.0248931295925279,0.368322855249532,NA,100
"Per-protocol (no IPTW)","RR",8,-1,"strong",2,25,"coarse_L",1.23550503099605,0.868015909419281,0.36748912157677,0.0248931295925279,0.368322855249532,NA,100
"Per-protocol (no IPTW)","RR",8,-1,"strong",2,25,"nonlinear_L",1.23550503099605,0.868015909419281,0.36748912157677,0.0248931295925279,0.368322855249532,NA,100
"Per-protocol (no IPTW)","RR",8,-1,"strong",2,25,"cloglog",1.23550503099605,0.868015909419281,0.36748912157677,0.0248931295925279,0.368322855249532,NA,100
"Per-protocol (no IPTW)","RR",8,-1,"strong",2,25,"lpm",1.23550503099605,0.868015909419281,0.36748912157677,0.0248931295925279,0.368322855249532,NA,100
"Per-protocol (no IPTW)","RR",2,-0.7,"strong",2,25,"correct",1.16926970006021,0.878937516259128,0.290332183801083,0.0144844789608009,0.290689661116738,NA,100
"Per-protocol (no IPTW)","RR",2,-0.7,"strong",2,25,"no_lag",1.16926970006021,0.878937516259128,0.290332183801083,0.0144844789608009,0.290689661116738,NA,100
"Per-protocol (no IPTW)","RR",2,-0.7,"strong",2,25,"no_tv",1.16926970006021,0.878937516259128,0.290332183801083,0.0144844789608009,0.290689661116738,NA,100
"Per-protocol (no IPTW)","RR",2,-0.7,"strong",2,25,"coarse_L",1.16926970006021,0.878937516259128,0.290332183801083,0.0144844789608009,0.290689661116738,NA,100
"Per-protocol (no IPTW)","RR",2,-0.7,"strong",2,25,"nonlinear_L",1.16926970006021,0.878937516259128,0.290332183801083,0.0144844789608009,0.290689661116738,NA,100
"Per-protocol (no IPTW)","RR",2,-0.7,"strong",2,25,"cloglog",1.16926970006021,0.878937516259128,0.290332183801083,0.0144844789608009,0.290689661116738,NA,100
"Per-protocol (no IPTW)","RR",2,-0.7,"strong",2,25,"lpm",1.16926970006021,0.878937516259128,0.290332183801083,0.0144844789608009,0.290689661116738,NA,100
"Per-protocol (no IPTW)","RR",5,-0.7,"strong",2,25,"correct",1.22845490845077,0.898264705974939,0.330190202475836,0.0228561452175885,0.330972429594217,NA,100
"Per-protocol (no IPTW)","RR",5,-0.7,"strong",2,25,"no_lag",1.22845490845077,0.898264705974939,0.330190202475836,0.0228561452175885,0.330972429594217,NA,100
"Per-protocol (no IPTW)","RR",5,-0.7,"strong",2,25,"no_tv",1.22845490845077,0.898264705974939,0.330190202475836,0.0228561452175885,0.330972429594217,NA,100
"Per-protocol (no IPTW)","RR",5,-0.7,"strong",2,25,"coarse_L",1.22845490845077,0.898264705974939,0.330190202475836,0.0228561452175885,0.330972429594217,NA,100
"Per-protocol (no IPTW)","RR",5,-0.7,"strong",2,25,"nonlinear_L",1.22845490845077,0.898264705974939,0.330190202475836,0.0228561452175885,0.330972429594217,NA,100
"Per-protocol (no IPTW)","RR",5,-0.7,"strong",2,25,"cloglog",1.22845490845077,0.898264705974939,0.330190202475836,0.0228561452175885,0.330972429594217,NA,100
"Per-protocol (no IPTW)","RR",5,-0.7,"strong",2,25,"lpm",1.22845490845077,0.898264705974939,0.330190202475836,0.0228561452175885,0.330972429594217,NA,100
"Per-protocol (no IPTW)","RR",8,-0.7,"strong",2,25,"correct",1.28177316319204,0.912870188119348,0.368902975072689,0.0174865829265986,0.369313048502358,NA,100
"Per-protocol (no IPTW)","RR",8,-0.7,"strong",2,25,"no_lag",1.28177316319204,0.912870188119348,0.368902975072689,0.0174865829265986,0.369313048502358,NA,100
"Per-protocol (no IPTW)","RR",8,-0.7,"strong",2,25,"no_tv",1.28177316319204,0.912870188119348,0.368902975072689,0.0174865829265986,0.369313048502358,NA,100
"Per-protocol (no IPTW)","RR",8,-0.7,"strong",2,25,"coarse_L",1.28177316319204,0.912870188119348,0.368902975072689,0.0174865829265986,0.369313048502358,NA,100
"Per-protocol (no IPTW)","RR",8,-0.7,"strong",2,25,"nonlinear_L",1.28177316319204,0.912870188119348,0.368902975072689,0.0174865829265986,0.369313048502358,NA,100
"Per-protocol (no IPTW)","RR",8,-0.7,"strong",2,25,"cloglog",1.28177316319204,0.912870188119348,0.368902975072689,0.0174865829265986,0.369313048502358,NA,100
"Per-protocol (no IPTW)","RR",8,-0.7,"strong",2,25,"lpm",1.28177316319204,0.912870188119348,0.368902975072689,0.0174865829265986,0.369313048502358,NA,100
"Per-protocol (no IPTW)","RR",2,-0.5,"strong",2,25,"correct",1.19116433310316,0.919944439439018,0.271219893664142,0.0161773607950486,0.27169711196746,NA,100
"Per-protocol (no IPTW)","RR",2,-0.5,"strong",2,25,"no_lag",1.19116433310316,0.919944439439018,0.271219893664142,0.0161773607950486,0.27169711196746,NA,100
"Per-protocol (no IPTW)","RR",2,-0.5,"strong",2,25,"no_tv",1.19116433310316,0.919944439439018,0.271219893664142,0.0161773607950486,0.27169711196746,NA,100
"Per-protocol (no IPTW)","RR",2,-0.5,"strong",2,25,"coarse_L",1.19116433310316,0.919944439439018,0.271219893664142,0.0161773607950486,0.27169711196746,NA,100
"Per-protocol (no IPTW)","RR",2,-0.5,"strong",2,25,"nonlinear_L",1.19116433310316,0.919944439439018,0.271219893664142,0.0161773607950486,0.27169711196746,NA,100
"Per-protocol (no IPTW)","RR",2,-0.5,"strong",2,25,"cloglog",1.19116433310316,0.919944439439018,0.271219893664142,0.0161773607950486,0.27169711196746,NA,100
"Per-protocol (no IPTW)","RR",2,-0.5,"strong",2,25,"lpm",1.19116433310316,0.919944439439018,0.271219893664142,0.0161773607950486,0.27169711196746,NA,100
"Per-protocol (no IPTW)","RR",5,-0.5,"strong",2,25,"correct",1.25590815589362,0.930220082076693,0.325688073816923,0.0198804456700983,0.326288218030346,NA,100
"Per-protocol (no IPTW)","RR",5,-0.5,"strong",2,25,"no_lag",1.25590815589362,0.930220082076693,0.325688073816923,0.0198804456700983,0.326288218030346,NA,100
"Per-protocol (no IPTW)","RR",5,-0.5,"strong",2,25,"no_tv",1.25590815589362,0.930220082076693,0.325688073816923,0.0198804456700983,0.326288218030346,NA,100
"Per-protocol (no IPTW)","RR",5,-0.5,"strong",2,25,"coarse_L",1.25590815589362,0.930220082076693,0.325688073816923,0.0198804456700983,0.326288218030346,NA,100
"Per-protocol (no IPTW)","RR",5,-0.5,"strong",2,25,"nonlinear_L",1.25590815589362,0.930220082076693,0.325688073816923,0.0198804456700983,0.326288218030346,NA,100
"Per-protocol (no IPTW)","RR",5,-0.5,"strong",2,25,"cloglog",1.25590815589362,0.930220082076693,0.325688073816923,0.0198804456700983,0.326288218030346,NA,100
"Per-protocol (no IPTW)","RR",5,-0.5,"strong",2,25,"lpm",1.25590815589362,0.930220082076693,0.325688073816923,0.0198804456700983,0.326288218030346,NA,100
"Per-protocol (no IPTW)","RR",8,-0.5,"strong",2,25,"correct",1.3100631426458,0.941418510637448,0.368644632008355,0.0205352817459836,0.369210435289956,NA,100
"Per-protocol (no IPTW)","RR",8,-0.5,"strong",2,25,"no_lag",1.3100631426458,0.941418510637448,0.368644632008355,0.0205352817459836,0.369210435289956,NA,100
"Per-protocol (no IPTW)","RR",8,-0.5,"strong",2,25,"no_tv",1.3100631426458,0.941418510637448,0.368644632008355,0.0205352817459836,0.369210435289956,NA,100
"Per-protocol (no IPTW)","RR",8,-0.5,"strong",2,25,"coarse_L",1.3100631426458,0.941418510637448,0.368644632008355,0.0205352817459836,0.369210435289956,NA,100
"Per-protocol (no IPTW)","RR",8,-0.5,"strong",2,25,"nonlinear_L",1.3100631426458,0.941418510637448,0.368644632008355,0.0205352817459836,0.369210435289956,NA,100
"Per-protocol (no IPTW)","RR",8,-0.5,"strong",2,25,"cloglog",1.3100631426458,0.941418510637448,0.368644632008355,0.0205352817459836,0.369210435289956,NA,100
"Per-protocol (no IPTW)","RR",8,-0.5,"strong",2,25,"lpm",1.3100631426458,0.941418510637448,0.368644632008355,0.0205352817459836,0.369210435289956,NA,100
"Federated CCW","OR",2,-1,"small",0.4,25,"correct",0.412358202292133,0.395980211524218,0.0163779907679141,0.0689155195969573,0.0704988931437884,0.95,100
"Federated CCW","OR",2,-1,"small",0.4,25,"no_lag",0.412358202292133,0.395980211524218,0.0163779907679141,0.0689155195969573,0.0704988931437884,0.95,100
"Federated CCW","OR",2,-1,"small",0.4,25,"no_tv",0.412358202292133,0.395980211524218,0.0163779907679141,0.0689155195969573,0.0704988931437884,0.95,100
"Federated CCW","OR",2,-1,"small",0.4,25,"coarse_L",0.412358202292133,0.395980211524218,0.0163779907679141,0.0689155195969573,0.0704988931437884,0.95,100
"Federated CCW","OR",2,-1,"small",0.4,25,"nonlinear_L",0.412358202292133,0.395980211524218,0.0163779907679141,0.0689155195969573,0.0704988931437884,0.95,100
"Federated CCW","OR",2,-1,"small",0.4,25,"cloglog",0.412358202292133,0.395980211524218,0.0163779907679141,0.0689155195969573,0.0704988931437884,0.95,100
"Federated CCW","OR",2,-1,"small",0.4,25,"lpm",0.412358202292133,0.395980211524218,0.0163779907679141,0.0689155195969573,0.0704988931437884,0.95,100
"Federated CCW","OR",5,-1,"small",0.4,25,"correct",0.490402157148713,0.475944887890831,0.0144572692578818,0.0513769438832362,0.0531244491128923,0.96,100
"Federated CCW","OR",5,-1,"small",0.4,25,"no_lag",0.490402157148713,0.475944887890831,0.0144572692578818,0.0513769438832362,0.0531244491128923,0.96,100
"Federated CCW","OR",5,-1,"small",0.4,25,"no_tv",0.490402157148713,0.475944887890831,0.0144572692578818,0.0513769438832362,0.0531244491128923,0.96,100
"Federated CCW","OR",5,-1,"small",0.4,25,"coarse_L",0.490402157148713,0.475944887890831,0.0144572692578818,0.0513769438832362,0.0531244491128923,0.96,100
"Federated CCW","OR",5,-1,"small",0.4,25,"nonlinear_L",0.490402157148713,0.475944887890831,0.0144572692578818,0.0513769438832362,0.0531244491128923,0.96,100
"Federated CCW","OR",5,-1,"small",0.4,25,"cloglog",0.490402157148713,0.475944887890831,0.0144572692578818,0.0513769438832362,0.0531244491128923,0.96,100
"Federated CCW","OR",5,-1,"small",0.4,25,"lpm",0.490402157148713,0.475944887890831,0.0144572692578818,0.0513769438832362,0.0531244491128923,0.96,100
"Federated CCW","OR",8,-1,"small",0.4,25,"correct",0.535044676194642,0.52550094078331,0.00954373541133228,0.0385837387343915,0.0395588262133504,0.99,100
"Federated CCW","OR",8,-1,"small",0.4,25,"no_lag",0.535044676194642,0.52550094078331,0.00954373541133228,0.0385837387343915,0.0395588262133504,0.99,100
"Federated CCW","OR",8,-1,"small",0.4,25,"no_tv",0.535044676194642,0.52550094078331,0.00954373541133228,0.0385837387343915,0.0395588262133504,0.99,100
"Federated CCW","OR",8,-1,"small",0.4,25,"coarse_L",0.535044676194642,0.52550094078331,0.00954373541133228,0.0385837387343915,0.0395588262133504,0.99,100
"Federated CCW","OR",8,-1,"small",0.4,25,"nonlinear_L",0.535044676194642,0.52550094078331,0.00954373541133228,0.0385837387343915,0.0395588262133504,0.99,100
"Federated CCW","OR",8,-1,"small",0.4,25,"cloglog",0.535044676194642,0.52550094078331,0.00954373541133228,0.0385837387343915,0.0395588262133504,0.99,100
"Federated CCW","OR",8,-1,"small",0.4,25,"lpm",0.535044676194642,0.52550094078331,0.00954373541133228,0.0385837387343915,0.0395588262133504,0.99,100
"Federated CCW","OR",2,-0.7,"small",0.4,25,"correct",0.544331312935828,0.515785553758757,0.0285457591770708,0.0951285482165899,0.0988625644313025,0.93,100
"Federated CCW","OR",2,-0.7,"small",0.4,25,"no_lag",0.544331312935828,0.515785553758757,0.0285457591770708,0.0951285482165899,0.0988625644313025,0.93,100
"Federated CCW","OR",2,-0.7,"small",0.4,25,"no_tv",0.544331312935828,0.515785553758757,0.0285457591770708,0.0951285482165899,0.0988625644313025,0.93,100
"Federated CCW","OR",2,-0.7,"small",0.4,25,"coarse_L",0.544331312935828,0.515785553758757,0.0285457591770708,0.0951285482165899,0.0988625644313025,0.93,100
"Federated CCW","OR",2,-0.7,"small",0.4,25,"nonlinear_L",0.544331312935828,0.515785553758757,0.0285457591770708,0.0951285482165899,0.0988625644313025,0.93,100
"Federated CCW","OR",2,-0.7,"small",0.4,25,"cloglog",0.544331312935828,0.515785553758757,0.0285457591770708,0.0951285482165899,0.0988625644313025,0.93,100
"Federated CCW","OR",2,-0.7,"small",0.4,25,"lpm",0.544331312935828,0.515785553758757,0.0285457591770708,0.0951285482165899,0.0988625644313025,0.93,100
"Federated CCW","OR",5,-0.7,"small",0.4,25,"correct",0.590900104833738,0.584882879899219,0.00601722493451837,0.0559361520738313,0.055980099800296,0.98,100
"Federated CCW","OR",5,-0.7,"small",0.4,25,"no_lag",0.590900104833738,0.584882879899219,0.00601722493451837,0.0559361520738313,0.055980099800296,0.98,100
"Federated CCW","OR",5,-0.7,"small",0.4,25,"no_tv",0.590900104833738,0.584882879899219,0.00601722493451837,0.0559361520738313,0.055980099800296,0.98,100
"Federated CCW","OR",5,-0.7,"small",0.4,25,"coarse_L",0.590900104833738,0.584882879899219,0.00601722493451837,0.0559361520738313,0.055980099800296,0.98,100
"Federated CCW","OR",5,-0.7,"small",0.4,25,"nonlinear_L",0.590900104833738,0.584882879899219,0.00601722493451837,0.0559361520738313,0.055980099800296,0.98,100
"Federated CCW","OR",5,-0.7,"small",0.4,25,"cloglog",0.590900104833738,0.584882879899219,0.00601722493451837,0.0559361520738313,0.055980099800296,0.98,100
"Federated CCW","OR",5,-0.7,"small",0.4,25,"lpm",0.590900104833738,0.584882879899219,0.00601722493451837,0.0559361520738313,0.055980099800296,0.98,100
"Federated CCW","OR",8,-0.7,"small",0.4,25,"correct",0.620604122966113,0.627234826617113,-0.00663070365100007,0.0445819273288725,0.044851298674851,0.97,100
"Federated CCW","OR",8,-0.7,"small",0.4,25,"no_lag",0.620604122966113,0.627234826617113,-0.00663070365100007,0.0445819273288725,0.044851298674851,0.97,100
"Federated CCW","OR",8,-0.7,"small",0.4,25,"no_tv",0.620604122966113,0.627234826617113,-0.00663070365100007,0.0445819273288725,0.044851298674851,0.97,100
"Federated CCW","OR",8,-0.7,"small",0.4,25,"coarse_L",0.620604122966113,0.627234826617113,-0.00663070365100007,0.0445819273288725,0.044851298674851,0.97,100
"Federated CCW","OR",8,-0.7,"small",0.4,25,"nonlinear_L",0.620604122966113,0.627234826617113,-0.00663070365100007,0.0445819273288725,0.044851298674851,0.97,100
"Federated CCW","OR",8,-0.7,"small",0.4,25,"cloglog",0.620604122966113,0.627234826617113,-0.00663070365100007,0.0445819273288725,0.044851298674851,0.97,100
"Federated CCW","OR",8,-0.7,"small",0.4,25,"lpm",0.620604122966113,0.627234826617113,-0.00663070365100007,0.0445819273288725,0.044851298674851,0.97,100
"Federated CCW","OR",2,-0.5,"small",0.4,25,"correct",0.660738840073395,0.620201383623443,0.0405374564499523,0.148043606296264,0.152777700097177,0.95,100
"Federated CCW","OR",2,-0.5,"small",0.4,25,"no_lag",0.660738840073395,0.620201383623443,0.0405374564499523,0.148043606296264,0.152777700097177,0.95,100
"Federated CCW","OR",2,-0.5,"small",0.4,25,"no_tv",0.660738840073395,0.620201383623443,0.0405374564499523,0.148043606296264,0.152777700097177,0.95,100
"Federated CCW","OR",2,-0.5,"small",0.4,25,"coarse_L",0.660738840073395,0.620201383623443,0.0405374564499523,0.148043606296264,0.152777700097177,0.95,100
"Federated CCW","OR",2,-0.5,"small",0.4,25,"nonlinear_L",0.660738840073395,0.620201383623443,0.0405374564499523,0.148043606296264,0.152777700097177,0.95,100
"Federated CCW","OR",2,-0.5,"small",0.4,25,"cloglog",0.660738840073395,0.620201383623443,0.0405374564499523,0.148043606296264,0.152777700097177,0.95,100
"Federated CCW","OR",2,-0.5,"small",0.4,25,"lpm",0.660738840073395,0.620201383623443,0.0405374564499523,0.148043606296264,0.152777700097177,0.95,100
"Federated CCW","OR",5,-0.5,"small",0.4,25,"correct",0.701657784137024,0.677219536705431,0.0244382474315932,0.091732698273869,0.0944879198141562,0.93,100
"Federated CCW","OR",5,-0.5,"small",0.4,25,"no_lag",0.701657784137024,0.677219536705431,0.0244382474315932,0.091732698273869,0.0944879198141562,0.93,100
"Federated CCW","OR",5,-0.5,"small",0.4,25,"no_tv",0.701657784137024,0.677219536705431,0.0244382474315932,0.091732698273869,0.0944879198141562,0.93,100
"Federated CCW","OR",5,-0.5,"small",0.4,25,"coarse_L",0.701657784137024,0.677219536705431,0.0244382474315932,0.091732698273869,0.0944879198141562,0.93,100
"Federated CCW","OR",5,-0.5,"small",0.4,25,"nonlinear_L",0.701657784137024,0.677219536705431,0.0244382474315932,0.091732698273869,0.0944879198141562,0.93,100
"Federated CCW","OR",5,-0.5,"small",0.4,25,"cloglog",0.701657784137024,0.677219536705431,0.0244382474315932,0.091732698273869,0.0944879198141562,0.93,100
"Federated CCW","OR",5,-0.5,"small",0.4,25,"lpm",0.701657784137024,0.677219536705431,0.0244382474315932,0.091732698273869,0.0944879198141562,0.93,100
"Federated CCW","OR",8,-0.5,"small",0.4,25,"correct",0.706150660603983,0.711357484010723,-0.00520682340673998,0.0568278492348725,0.0567822279781602,0.96,100
"Federated CCW","OR",8,-0.5,"small",0.4,25,"no_lag",0.706150660603983,0.711357484010723,-0.00520682340673998,0.0568278492348725,0.0567822279781602,0.96,100
"Federated CCW","OR",8,-0.5,"small",0.4,25,"no_tv",0.706150660603983,0.711357484010723,-0.00520682340673998,0.0568278492348725,0.0567822279781602,0.96,100
"Federated CCW","OR",8,-0.5,"small",0.4,25,"coarse_L",0.706150660603983,0.711357484010723,-0.00520682340673998,0.0568278492348725,0.0567822279781602,0.96,100
"Federated CCW","OR",8,-0.5,"small",0.4,25,"nonlinear_L",0.706150660603983,0.711357484010723,-0.00520682340673998,0.0568278492348725,0.0567822279781602,0.96,100
"Federated CCW","OR",8,-0.5,"small",0.4,25,"cloglog",0.706150660603983,0.711357484010723,-0.00520682340673998,0.0568278492348725,0.0567822279781602,0.96,100
"Federated CCW","OR",8,-0.5,"small",0.4,25,"lpm",0.706150660603983,0.711357484010723,-0.00520682340673998,0.0568278492348725,0.0567822279781602,0.96,100
"Federated CCW","OR",2,-1,"medium",1,25,"correct",0.420759247482428,0.398450887254619,0.0223083602278082,0.0856712737828098,0.0881126234776103,0.95,100
"Federated CCW","OR",2,-1,"medium",1,25,"no_lag",0.420759247482428,0.398450887254619,0.0223083602278082,0.0856712737828098,0.0881126234776103,0.95,100
"Federated CCW","OR",2,-1,"medium",1,25,"no_tv",0.420759247482428,0.398450887254619,0.0223083602278082,0.0856712737828098,0.0881126234776103,0.95,100
"Federated CCW","OR",2,-1,"medium",1,25,"coarse_L",0.420759247482428,0.398450887254619,0.0223083602278082,0.0856712737828098,0.0881126234776103,0.95,100
"Federated CCW","OR",2,-1,"medium",1,25,"nonlinear_L",0.420759247482428,0.398450887254619,0.0223083602278082,0.0856712737828098,0.0881126234776103,0.95,100
"Federated CCW","OR",2,-1,"medium",1,25,"cloglog",0.420759247482428,0.398450887254619,0.0223083602278082,0.0856712737828098,0.0881126234776103,0.95,100
"Federated CCW","OR",2,-1,"medium",1,25,"lpm",0.420759247482428,0.398450887254619,0.0223083602278082,0.0856712737828098,0.0881126234776103,0.95,100
"Federated CCW","OR",5,-1,"medium",1,25,"correct",0.478395019168344,0.46965661300255,0.00873840616579379,0.0631042151224602,0.0633930618354872,0.96,100
"Federated CCW","OR",5,-1,"medium",1,25,"no_lag",0.478395019168344,0.46965661300255,0.00873840616579379,0.0631042151224602,0.0633930618354872,0.96,100
"Federated CCW","OR",5,-1,"medium",1,25,"no_tv",0.478395019168344,0.46965661300255,0.00873840616579379,0.0631042151224602,0.0633930618354872,0.96,100
"Federated CCW","OR",5,-1,"medium",1,25,"coarse_L",0.478395019168344,0.46965661300255,0.00873840616579379,0.0631042151224602,0.0633930618354872,0.96,100
"Federated CCW","OR",5,-1,"medium",1,25,"nonlinear_L",0.478395019168344,0.46965661300255,0.00873840616579379,0.0631042151224602,0.0633930618354872,0.96,100
"Federated CCW","OR",5,-1,"medium",1,25,"cloglog",0.478395019168344,0.46965661300255,0.00873840616579379,0.0631042151224602,0.0633930618354872,0.96,100
"Federated CCW","OR",5,-1,"medium",1,25,"lpm",0.478395019168344,0.46965661300255,0.00873840616579379,0.0631042151224602,0.0633930618354872,0.96,100
"Federated CCW","OR",8,-1,"medium",1,25,"correct",0.524806963279381,0.510506292913528,0.0143006703658524,0.0742385312295199,0.0752379897182135,0.96,100
"Federated CCW","OR",8,-1,"medium",1,25,"no_lag",0.524806963279381,0.510506292913528,0.0143006703658524,0.0742385312295199,0.0752379897182135,0.96,100
"Federated CCW","OR",8,-1,"medium",1,25,"no_tv",0.524806963279381,0.510506292913528,0.0143006703658524,0.0742385312295199,0.0752379897182135,0.96,100
"Federated CCW","OR",8,-1,"medium",1,25,"coarse_L",0.524806963279381,0.510506292913528,0.0143006703658524,0.0742385312295199,0.0752379897182135,0.96,100
"Federated CCW","OR",8,-1,"medium",1,25,"nonlinear_L",0.524806963279381,0.510506292913528,0.0143006703658524,0.0742385312295199,0.0752379897182135,0.96,100
"Federated CCW","OR",8,-1,"medium",1,25,"cloglog",0.524806963279381,0.510506292913528,0.0143006703658524,0.0742385312295199,0.0752379897182135,0.96,100
"Federated CCW","OR",8,-1,"medium",1,25,"lpm",0.524806963279381,0.510506292913528,0.0143006703658524,0.0742385312295199,0.0752379897182135,0.96,100
"Federated CCW","OR",2,-0.7,"medium",1,25,"correct",0.574259044678005,0.521686810592693,0.0525722340853121,0.14986714290744,0.158111981566001,0.92,100
"Federated CCW","OR",2,-0.7,"medium",1,25,"no_lag",0.574259044678005,0.521686810592693,0.0525722340853121,0.14986714290744,0.158111981566001,0.92,100
"Federated CCW","OR",2,-0.7,"medium",1,25,"no_tv",0.574259044678005,0.521686810592693,0.0525722340853121,0.14986714290744,0.158111981566001,0.92,100
"Federated CCW","OR",2,-0.7,"medium",1,25,"coarse_L",0.574259044678005,0.521686810592693,0.0525722340853121,0.14986714290744,0.158111981566001,0.92,100
"Federated CCW","OR",2,-0.7,"medium",1,25,"nonlinear_L",0.574259044678005,0.521686810592693,0.0525722340853121,0.14986714290744,0.158111981566001,0.92,100
"Federated CCW","OR",2,-0.7,"medium",1,25,"cloglog",0.574259044678005,0.521686810592693,0.0525722340853121,0.14986714290744,0.158111981566001,0.92,100
"Federated CCW","OR",2,-0.7,"medium",1,25,"lpm",0.574259044678005,0.521686810592693,0.0525722340853121,0.14986714290744,0.158111981566001,0.92,100
"Federated CCW","OR",5,-0.7,"medium",1,25,"correct",0.614190183795881,0.581533658138423,0.0326565256574576,0.115950076982225,0.119901729831885,0.89,100
"Federated CCW","OR",5,-0.7,"medium",1,25,"no_lag",0.614190183795881,0.581533658138423,0.0326565256574576,0.115950076982225,0.119901729831885,0.89,100
"Federated CCW","OR",5,-0.7,"medium",1,25,"no_tv",0.614190183795881,0.581533658138423,0.0326565256574576,0.115950076982225,0.119901729831885,0.89,100
"Federated CCW","OR",5,-0.7,"medium",1,25,"coarse_L",0.614190183795881,0.581533658138423,0.0326565256574576,0.115950076982225,0.119901729831885,0.89,100
"Federated CCW","OR",5,-0.7,"medium",1,25,"nonlinear_L",0.614190183795881,0.581533658138423,0.0326565256574576,0.115950076982225,0.119901729831885,0.89,100
"Federated CCW","OR",5,-0.7,"medium",1,25,"cloglog",0.614190183795881,0.581533658138423,0.0326565256574576,0.115950076982225,0.119901729831885,0.89,100
"Federated CCW","OR",5,-0.7,"medium",1,25,"lpm",0.614190183795881,0.581533658138423,0.0326565256574576,0.115950076982225,0.119901729831885,0.89,100
"Federated CCW","OR",8,-0.7,"medium",1,25,"correct",0.612823110390225,0.615800458666507,-0.00297734827628209,0.0763505970624004,0.0760262069146255,1,100
"Federated CCW","OR",8,-0.7,"medium",1,25,"no_lag",0.612823110390225,0.615800458666507,-0.00297734827628209,0.0763505970624004,0.0760262069146255,1,100
"Federated CCW","OR",8,-0.7,"medium",1,25,"no_tv",0.612823110390225,0.615800458666507,-0.00297734827628209,0.0763505970624004,0.0760262069146255,1,100
"Federated CCW","OR",8,-0.7,"medium",1,25,"coarse_L",0.612823110390225,0.615800458666507,-0.00297734827628209,0.0763505970624004,0.0760262069146255,1,100
"Federated CCW","OR",8,-0.7,"medium",1,25,"nonlinear_L",0.612823110390225,0.615800458666507,-0.00297734827628209,0.0763505970624004,0.0760262069146255,1,100
"Federated CCW","OR",8,-0.7,"medium",1,25,"cloglog",0.612823110390225,0.615800458666507,-0.00297734827628209,0.0763505970624004,0.0760262069146255,1,100
"Federated CCW","OR",8,-0.7,"medium",1,25,"lpm",0.612823110390225,0.615800458666507,-0.00297734827628209,0.0763505970624004,0.0760262069146255,1,100
"Federated CCW","OR",2,-0.5,"medium",1,25,"correct",0.653935139667412,0.625092641725385,0.028842497942027,0.231714468907734,0.232350099715316,0.89,100
"Federated CCW","OR",2,-0.5,"medium",1,25,"no_lag",0.653935139667412,0.625092641725385,0.028842497942027,0.231714468907734,0.232350099715316,0.89,100
"Federated CCW","OR",2,-0.5,"medium",1,25,"no_tv",0.653935139667412,0.625092641725385,0.028842497942027,0.231714468907734,0.232350099715316,0.89,100
"Federated CCW","OR",2,-0.5,"medium",1,25,"coarse_L",0.653935139667412,0.625092641725385,0.028842497942027,0.231714468907734,0.232350099715316,0.89,100
"Federated CCW","OR",2,-0.5,"medium",1,25,"nonlinear_L",0.653935139667412,0.625092641725385,0.028842497942027,0.231714468907734,0.232350099715316,0.89,100
"Federated CCW","OR",2,-0.5,"medium",1,25,"cloglog",0.653935139667412,0.625092641725385,0.028842497942027,0.231714468907734,0.232350099715316,0.89,100
"Federated CCW","OR",2,-0.5,"medium",1,25,"lpm",0.653935139667412,0.625092641725385,0.028842497942027,0.231714468907734,0.232350099715316,0.89,100
"Federated CCW","OR",5,-0.5,"medium",1,25,"correct",0.65708839334247,0.674696170529515,-0.0176077771870443,0.131672538926886,0.132190448784496,0.88,100
"Federated CCW","OR",5,-0.5,"medium",1,25,"no_lag",0.65708839334247,0.674696170529515,-0.0176077771870443,0.131672538926886,0.132190448784496,0.88,100
"Federated CCW","OR",5,-0.5,"medium",1,25,"no_tv",0.65708839334247,0.674696170529515,-0.0176077771870443,0.131672538926886,0.132190448784496,0.88,100
"Federated CCW","OR",5,-0.5,"medium",1,25,"coarse_L",0.65708839334247,0.674696170529515,-0.0176077771870443,0.131672538926886,0.132190448784496,0.88,100
"Federated CCW","OR",5,-0.5,"medium",1,25,"nonlinear_L",0.65708839334247,0.674696170529515,-0.0176077771870443,0.131672538926886,0.132190448784496,0.88,100
"Federated CCW","OR",5,-0.5,"medium",1,25,"cloglog",0.65708839334247,0.674696170529515,-0.0176077771870443,0.131672538926886,0.132190448784496,0.88,100
"Federated CCW","OR",5,-0.5,"medium",1,25,"lpm",0.65708839334247,0.674696170529515,-0.0176077771870443,0.131672538926886,0.132190448784496,0.88,100
"Federated CCW","OR",8,-0.5,"medium",1,25,"correct",0.694564163631469,0.70152040342131,-0.00695623978984068,0.101098778105452,0.100832249687712,0.97,100
"Federated CCW","OR",8,-0.5,"medium",1,25,"no_lag",0.694564163631469,0.70152040342131,-0.00695623978984068,0.101098778105452,0.100832249687712,0.97,100
"Federated CCW","OR",8,-0.5,"medium",1,25,"no_tv",0.694564163631469,0.70152040342131,-0.00695623978984068,0.101098778105452,0.100832249687712,0.97,100
"Federated CCW","OR",8,-0.5,"medium",1,25,"coarse_L",0.694564163631469,0.70152040342131,-0.00695623978984068,0.101098778105452,0.100832249687712,0.97,100
"Federated CCW","OR",8,-0.5,"medium",1,25,"nonlinear_L",0.694564163631469,0.70152040342131,-0.00695623978984068,0.101098778105452,0.100832249687712,0.97,100
"Federated CCW","OR",8,-0.5,"medium",1,25,"cloglog",0.694564163631469,0.70152040342131,-0.00695623978984068,0.101098778105452,0.100832249687712,0.97,100
"Federated CCW","OR",8,-0.5,"medium",1,25,"lpm",0.694564163631469,0.70152040342131,-0.00695623978984068,0.101098778105452,0.100832249687712,0.97,100
"Federated CCW","OR",2,-1,"strong",2,25,"correct",0.517656875311455,0.397593206336786,0.120063668974669,0.162703676781029,0.201551596821618,0.88,100
"Federated CCW","OR",2,-1,"strong",2,25,"no_lag",0.517656875311455,0.397593206336786,0.120063668974669,0.162703676781029,0.201551596821618,0.88,100
"Federated CCW","OR",2,-1,"strong",2,25,"no_tv",0.517656875311455,0.397593206336786,0.120063668974669,0.162703676781029,0.201551596821618,0.88,100
"Federated CCW","OR",2,-1,"strong",2,25,"coarse_L",0.517656875311455,0.397593206336786,0.120063668974669,0.162703676781029,0.201551596821618,0.88,100
"Federated CCW","OR",2,-1,"strong",2,25,"nonlinear_L",0.517656875311455,0.397593206336786,0.120063668974669,0.162703676781029,0.201551596821618,0.88,100
"Federated CCW","OR",2,-1,"strong",2,25,"cloglog",0.517656875311455,0.397593206336786,0.120063668974669,0.162703676781029,0.201551596821618,0.88,100
"Federated CCW","OR",2,-1,"strong",2,25,"lpm",0.517656875311455,0.397593206336786,0.120063668974669,0.162703676781029,0.201551596821618,0.88,100
"Federated CCW","OR",5,-1,"strong",2,25,"correct",0.532774260986886,0.455656781888052,0.0771174790988337,0.190021021714547,0.204191122209231,0.82,100
"Federated CCW","OR",5,-1,"strong",2,25,"no_lag",0.532774260986886,0.455656781888052,0.0771174790988337,0.190021021714547,0.204191122209231,0.82,100
"Federated CCW","OR",5,-1,"strong",2,25,"no_tv",0.532774260986886,0.455656781888052,0.0771174790988337,0.190021021714547,0.204191122209231,0.82,100
"Federated CCW","OR",5,-1,"strong",2,25,"coarse_L",0.532774260986886,0.455656781888052,0.0771174790988337,0.190021021714547,0.204191122209231,0.82,100
"Federated CCW","OR",5,-1,"strong",2,25,"nonlinear_L",0.532774260986886,0.455656781888052,0.0771174790988337,0.190021021714547,0.204191122209231,0.82,100
"Federated CCW","OR",5,-1,"strong",2,25,"cloglog",0.532774260986886,0.455656781888052,0.0771174790988337,0.190021021714547,0.204191122209231,0.82,100
"Federated CCW","OR",5,-1,"strong",2,25,"lpm",0.532774260986886,0.455656781888052,0.0771174790988337,0.190021021714547,0.204191122209231,0.82,100
"Federated CCW","OR",8,-1,"strong",2,25,"correct",0.54782024526255,0.503489084518633,0.0443311607439165,0.167864054797993,0.172805698103952,0.88,100
"Federated CCW","OR",8,-1,"strong",2,25,"no_lag",0.54782024526255,0.503489084518633,0.0443311607439165,0.167864054797993,0.172805698103952,0.88,100
"Federated CCW","OR",8,-1,"strong",2,25,"no_tv",0.54782024526255,0.503489084518633,0.0443311607439165,0.167864054797993,0.172805698103952,0.88,100
"Federated CCW","OR",8,-1,"strong",2,25,"coarse_L",0.54782024526255,0.503489084518633,0.0443311607439165,0.167864054797993,0.172805698103952,0.88,100
"Federated CCW","OR",8,-1,"strong",2,25,"nonlinear_L",0.54782024526255,0.503489084518633,0.0443311607439165,0.167864054797993,0.172805698103952,0.88,100
"Federated CCW","OR",8,-1,"strong",2,25,"cloglog",0.54782024526255,0.503489084518633,0.0443311607439165,0.167864054797993,0.172805698103952,0.88,100
"Federated CCW","OR",8,-1,"strong",2,25,"lpm",0.54782024526255,0.503489084518633,0.0443311607439165,0.167864054797993,0.172805698103952,0.88,100
"Federated CCW","OR",2,-0.7,"strong",2,25,"correct",0.738537031587233,0.523482950163268,0.215054081423964,0.433941122066267,0.482358897899722,0.89,100
"Federated CCW","OR",2,-0.7,"strong",2,25,"no_lag",0.738537031587233,0.523482950163268,0.215054081423964,0.433941122066267,0.482358897899722,0.89,100
"Federated CCW","OR",2,-0.7,"strong",2,25,"no_tv",0.738537031587233,0.523482950163268,0.215054081423964,0.433941122066267,0.482358897899722,0.89,100
"Federated CCW","OR",2,-0.7,"strong",2,25,"coarse_L",0.738537031587233,0.523482950163268,0.215054081423964,0.433941122066267,0.482358897899722,0.89,100
"Federated CCW","OR",2,-0.7,"strong",2,25,"nonlinear_L",0.738537031587233,0.523482950163268,0.215054081423964,0.433941122066267,0.482358897899722,0.89,100
"Federated CCW","OR",2,-0.7,"strong",2,25,"cloglog",0.738537031587233,0.523482950163268,0.215054081423964,0.433941122066267,0.482358897899722,0.89,100
"Federated CCW","OR",2,-0.7,"strong",2,25,"lpm",0.738537031587233,0.523482950163268,0.215054081423964,0.433941122066267,0.482358897899722,0.89,100
"Federated CCW","OR",5,-0.7,"strong",2,25,"correct",0.648726286700057,0.570523220850352,0.0782030658497052,0.299013767117993,0.307621293322042,0.79,100
"Federated CCW","OR",5,-0.7,"strong",2,25,"no_lag",0.648726286700057,0.570523220850352,0.0782030658497052,0.299013767117993,0.307621293322042,0.79,100
"Federated CCW","OR",5,-0.7,"strong",2,25,"no_tv",0.648726286700057,0.570523220850352,0.0782030658497052,0.299013767117993,0.307621293322042,0.79,100
"Federated CCW","OR",5,-0.7,"strong",2,25,"coarse_L",0.648726286700057,0.570523220850352,0.0782030658497052,0.299013767117993,0.307621293322042,0.79,100
"Federated CCW","OR",5,-0.7,"strong",2,25,"nonlinear_L",0.648726286700057,0.570523220850352,0.0782030658497052,0.299013767117993,0.307621293322042,0.79,100
"Federated CCW","OR",5,-0.7,"strong",2,25,"cloglog",0.648726286700057,0.570523220850352,0.0782030658497052,0.299013767117993,0.307621293322042,0.79,100
"Federated CCW","OR",5,-0.7,"strong",2,25,"lpm",0.648726286700057,0.570523220850352,0.0782030658497052,0.299013767117993,0.307621293322042,0.79,100
"Federated CCW","OR",8,-0.7,"strong",2,25,"correct",0.739354589090159,0.617658730232718,0.121695858857441,0.25344688080673,0.280005089667678,0.84,100
"Federated CCW","OR",8,-0.7,"strong",2,25,"no_lag",0.739354589090159,0.617658730232718,0.121695858857441,0.25344688080673,0.280005089667678,0.84,100
"Federated CCW","OR",8,-0.7,"strong",2,25,"no_tv",0.739354589090159,0.617658730232718,0.121695858857441,0.25344688080673,0.280005089667678,0.84,100
"Federated CCW","OR",8,-0.7,"strong",2,25,"coarse_L",0.739354589090159,0.617658730232718,0.121695858857441,0.25344688080673,0.280005089667678,0.84,100
"Federated CCW","OR",8,-0.7,"strong",2,25,"nonlinear_L",0.739354589090159,0.617658730232718,0.121695858857441,0.25344688080673,0.280005089667678,0.84,100
"Federated CCW","OR",8,-0.7,"strong",2,25,"cloglog",0.739354589090159,0.617658730232718,0.121695858857441,0.25344688080673,0.280005089667678,0.84,100
"Federated CCW","OR",8,-0.7,"strong",2,25,"lpm",0.739354589090159,0.617658730232718,0.121695858857441,0.25344688080673,0.280005089667678,0.84,100
"Federated CCW","OR",2,-0.5,"strong",2,25,"correct",1.10995171845064,0.634874527339976,0.475077191110664,0.604372489212158,0.766362696230012,0.67,100
"Federated CCW","OR",2,-0.5,"strong",2,25,"no_lag",1.10995171845064,0.634874527339976,0.475077191110664,0.604372489212158,0.766362696230012,0.67,100
"Federated CCW","OR",2,-0.5,"strong",2,25,"no_tv",1.10995171845064,0.634874527339976,0.475077191110664,0.604372489212158,0.766362696230012,0.67,100
"Federated CCW","OR",2,-0.5,"strong",2,25,"coarse_L",1.10995171845064,0.634874527339976,0.475077191110664,0.604372489212158,0.766362696230012,0.67,100
"Federated CCW","OR",2,-0.5,"strong",2,25,"nonlinear_L",1.10995171845064,0.634874527339976,0.475077191110664,0.604372489212158,0.766362696230012,0.67,100
"Federated CCW","OR",2,-0.5,"strong",2,25,"cloglog",1.10995171845064,0.634874527339976,0.475077191110664,0.604372489212158,0.766362696230012,0.67,100
"Federated CCW","OR",2,-0.5,"strong",2,25,"lpm",1.10995171845064,0.634874527339976,0.475077191110664,0.604372489212158,0.766362696230012,0.67,100
"Federated CCW","OR",5,-0.5,"strong",2,25,"correct",0.834044400199593,0.667293803841424,0.16675059635817,0.33669789266563,0.374215950491192,0.79,100
"Federated CCW","OR",5,-0.5,"strong",2,25,"no_lag",0.834044400199593,0.667293803841424,0.16675059635817,0.33669789266563,0.374215950491192,0.79,100
"Federated CCW","OR",5,-0.5,"strong",2,25,"no_tv",0.834044400199593,0.667293803841424,0.16675059635817,0.33669789266563,0.374215950491192,0.79,100
"Federated CCW","OR",5,-0.5,"strong",2,25,"coarse_L",0.834044400199593,0.667293803841424,0.16675059635817,0.33669789266563,0.374215950491192,0.79,100
"Federated CCW","OR",5,-0.5,"strong",2,25,"nonlinear_L",0.834044400199593,0.667293803841424,0.16675059635817,0.33669789266563,0.374215950491192,0.79,100
"Federated CCW","OR",5,-0.5,"strong",2,25,"cloglog",0.834044400199593,0.667293803841424,0.16675059635817,0.33669789266563,0.374215950491192,0.79,100
"Federated CCW","OR",5,-0.5,"strong",2,25,"lpm",0.834044400199593,0.667293803841424,0.16675059635817,0.33669789266563,0.374215950491192,0.79,100
"Federated CCW","OR",8,-0.5,"strong",2,25,"correct",0.823258125805168,0.712467200321173,0.110790925483996,0.302151769854889,0.320401879326226,0.83,100
"Federated CCW","OR",8,-0.5,"strong",2,25,"no_lag",0.823258125805168,0.712467200321173,0.110790925483996,0.302151769854889,0.320401879326226,0.83,100
"Federated CCW","OR",8,-0.5,"strong",2,25,"no_tv",0.823258125805168,0.712467200321173,0.110790925483996,0.302151769854889,0.320401879326226,0.83,100
"Federated CCW","OR",8,-0.5,"strong",2,25,"coarse_L",0.823258125805168,0.712467200321173,0.110790925483996,0.302151769854889,0.320401879326226,0.83,100
"Federated CCW","OR",8,-0.5,"strong",2,25,"nonlinear_L",0.823258125805168,0.712467200321173,0.110790925483996,0.302151769854889,0.320401879326226,0.83,100
"Federated CCW","OR",8,-0.5,"strong",2,25,"cloglog",0.823258125805168,0.712467200321173,0.110790925483996,0.302151769854889,0.320401879326226,0.83,100
"Federated CCW","OR",8,-0.5,"strong",2,25,"lpm",0.823258125805168,0.712467200321173,0.110790925483996,0.302151769854889,0.320401879326226,0.83,100
"Pooled CCW","OR",2,-1,"small",0.4,25,"correct",0.412709664647744,0.395980211524218,0.0167294531235256,0.0681456818607711,0.0698374556990658,0.95,100
"Pooled CCW","OR",2,-1,"small",0.4,25,"no_lag",0.412709664647744,0.395980211524218,0.0167294531235256,0.0681456818607711,0.0698374556990658,0.95,100
"Pooled CCW","OR",2,-1,"small",0.4,25,"no_tv",0.412709664647744,0.395980211524218,0.0167294531235256,0.0681456818607711,0.0698374556990658,0.95,100
"Pooled CCW","OR",2,-1,"small",0.4,25,"coarse_L",0.412709664647744,0.395980211524218,0.0167294531235256,0.0681456818607711,0.0698374556990658,0.95,100
"Pooled CCW","OR",2,-1,"small",0.4,25,"nonlinear_L",0.412709664647744,0.395980211524218,0.0167294531235256,0.0681456818607711,0.0698374556990658,0.95,100
"Pooled CCW","OR",2,-1,"small",0.4,25,"cloglog",0.412709664647744,0.395980211524218,0.0167294531235256,0.0681456818607711,0.0698374556990658,0.95,100
"Pooled CCW","OR",2,-1,"small",0.4,25,"lpm",0.412709664647744,0.395980211524218,0.0167294531235256,0.0681456818607711,0.0698374556990658,0.95,100
"Pooled CCW","OR",5,-1,"small",0.4,25,"correct",0.490789483015381,0.475944887890831,0.0148445951245505,0.0504040973546597,0.052302287753486,0.97,100
"Pooled CCW","OR",5,-1,"small",0.4,25,"no_lag",0.490789483015381,0.475944887890831,0.0148445951245505,0.0504040973546597,0.052302287753486,0.97,100
"Pooled CCW","OR",5,-1,"small",0.4,25,"no_tv",0.490789483015381,0.475944887890831,0.0148445951245505,0.0504040973546597,0.052302287753486,0.97,100
"Pooled CCW","OR",5,-1,"small",0.4,25,"coarse_L",0.490789483015381,0.475944887890831,0.0148445951245505,0.0504040973546597,0.052302287753486,0.97,100
"Pooled CCW","OR",5,-1,"small",0.4,25,"nonlinear_L",0.490789483015381,0.475944887890831,0.0148445951245505,0.0504040973546597,0.052302287753486,0.97,100
"Pooled CCW","OR",5,-1,"small",0.4,25,"cloglog",0.490789483015381,0.475944887890831,0.0148445951245505,0.0504040973546597,0.052302287753486,0.97,100
"Pooled CCW","OR",5,-1,"small",0.4,25,"lpm",0.490789483015381,0.475944887890831,0.0148445951245505,0.0504040973546597,0.052302287753486,0.97,100
"Pooled CCW","OR",8,-1,"small",0.4,25,"correct",0.535019690793024,0.52550094078331,0.00951875000971435,0.0383192671494482,0.0392974448821996,0.99,100
"Pooled CCW","OR",8,-1,"small",0.4,25,"no_lag",0.535019690793024,0.52550094078331,0.00951875000971435,0.0383192671494482,0.0392974448821996,0.99,100
"Pooled CCW","OR",8,-1,"small",0.4,25,"no_tv",0.535019690793024,0.52550094078331,0.00951875000971435,0.0383192671494482,0.0392974448821996,0.99,100
"Pooled CCW","OR",8,-1,"small",0.4,25,"coarse_L",0.535019690793024,0.52550094078331,0.00951875000971435,0.0383192671494482,0.0392974448821996,0.99,100
"Pooled CCW","OR",8,-1,"small",0.4,25,"nonlinear_L",0.535019690793024,0.52550094078331,0.00951875000971435,0.0383192671494482,0.0392974448821996,0.99,100
"Pooled CCW","OR",8,-1,"small",0.4,25,"cloglog",0.535019690793024,0.52550094078331,0.00951875000971435,0.0383192671494482,0.0392974448821996,0.99,100
"Pooled CCW","OR",8,-1,"small",0.4,25,"lpm",0.535019690793024,0.52550094078331,0.00951875000971435,0.0383192671494482,0.0392974448821996,0.99,100
"Pooled CCW","OR",2,-0.7,"small",0.4,25,"correct",0.544882352125591,0.515785553758757,0.0290967983668331,0.0953512061350186,0.0992348611199155,0.93,100
"Pooled CCW","OR",2,-0.7,"small",0.4,25,"no_lag",0.544882352125591,0.515785553758757,0.0290967983668331,0.0953512061350186,0.0992348611199155,0.93,100
"Pooled CCW","OR",2,-0.7,"small",0.4,25,"no_tv",0.544882352125591,0.515785553758757,0.0290967983668331,0.0953512061350186,0.0992348611199155,0.93,100
"Pooled CCW","OR",2,-0.7,"small",0.4,25,"coarse_L",0.544882352125591,0.515785553758757,0.0290967983668331,0.0953512061350186,0.0992348611199155,0.93,100
"Pooled CCW","OR",2,-0.7,"small",0.4,25,"nonlinear_L",0.544882352125591,0.515785553758757,0.0290967983668331,0.0953512061350186,0.0992348611199155,0.93,100
"Pooled CCW","OR",2,-0.7,"small",0.4,25,"cloglog",0.544882352125591,0.515785553758757,0.0290967983668331,0.0953512061350186,0.0992348611199155,0.93,100
"Pooled CCW","OR",2,-0.7,"small",0.4,25,"lpm",0.544882352125591,0.515785553758757,0.0290967983668331,0.0953512061350186,0.0992348611199155,0.93,100
"Pooled CCW","OR",5,-0.7,"small",0.4,25,"correct",0.590344140757023,0.584882879899219,0.0054612608578033,0.0538211855415247,0.0538291573696008,0.99,100
"Pooled CCW","OR",5,-0.7,"small",0.4,25,"no_lag",0.590344140757023,0.584882879899219,0.0054612608578033,0.0538211855415247,0.0538291573696008,0.99,100
"Pooled CCW","OR",5,-0.7,"small",0.4,25,"no_tv",0.590344140757023,0.584882879899219,0.0054612608578033,0.0538211855415247,0.0538291573696008,0.99,100
"Pooled CCW","OR",5,-0.7,"small",0.4,25,"coarse_L",0.590344140757023,0.584882879899219,0.0054612608578033,0.0538211855415247,0.0538291573696008,0.99,100
"Pooled CCW","OR",5,-0.7,"small",0.4,25,"nonlinear_L",0.590344140757023,0.584882879899219,0.0054612608578033,0.0538211855415247,0.0538291573696008,0.99,100
"Pooled CCW","OR",5,-0.7,"small",0.4,25,"cloglog",0.590344140757023,0.584882879899219,0.0054612608578033,0.0538211855415247,0.0538291573696008,0.99,100
"Pooled CCW","OR",5,-0.7,"small",0.4,25,"lpm",0.590344140757023,0.584882879899219,0.0054612608578033,0.0538211855415247,0.0538291573696008,0.99,100
"Pooled CCW","OR",8,-0.7,"small",0.4,25,"correct",0.620841762537879,0.627234826617113,-0.00639306407923387,0.0440688909819777,0.0443115983595584,0.97,100
"Pooled CCW","OR",8,-0.7,"small",0.4,25,"no_lag",0.620841762537879,0.627234826617113,-0.00639306407923387,0.0440688909819777,0.0443115983595584,0.97,100
"Pooled CCW","OR",8,-0.7,"small",0.4,25,"no_tv",0.620841762537879,0.627234826617113,-0.00639306407923387,0.0440688909819777,0.0443115983595584,0.97,100
"Pooled CCW","OR",8,-0.7,"small",0.4,25,"coarse_L",0.620841762537879,0.627234826617113,-0.00639306407923387,0.0440688909819777,0.0443115983595584,0.97,100
"Pooled CCW","OR",8,-0.7,"small",0.4,25,"nonlinear_L",0.620841762537879,0.627234826617113,-0.00639306407923387,0.0440688909819777,0.0443115983595584,0.97,100
"Pooled CCW","OR",8,-0.7,"small",0.4,25,"cloglog",0.620841762537879,0.627234826617113,-0.00639306407923387,0.0440688909819777,0.0443115983595584,0.97,100
"Pooled CCW","OR",8,-0.7,"small",0.4,25,"lpm",0.620841762537879,0.627234826617113,-0.00639306407923387,0.0440688909819777,0.0443115983595584,0.97,100
"Pooled CCW","OR",2,-0.5,"small",0.4,25,"correct",0.661346322885564,0.620201383623443,0.0411449392621215,0.144561307693948,0.149605808684844,0.95,100
"Pooled CCW","OR",2,-0.5,"small",0.4,25,"no_lag",0.661346322885564,0.620201383623443,0.0411449392621215,0.144561307693948,0.149605808684844,0.95,100
"Pooled CCW","OR",2,-0.5,"small",0.4,25,"no_tv",0.661346322885564,0.620201383623443,0.0411449392621215,0.144561307693948,0.149605808684844,0.95,100
"Pooled CCW","OR",2,-0.5,"small",0.4,25,"coarse_L",0.661346322885564,0.620201383623443,0.0411449392621215,0.144561307693948,0.149605808684844,0.95,100
"Pooled CCW","OR",2,-0.5,"small",0.4,25,"nonlinear_L",0.661346322885564,0.620201383623443,0.0411449392621215,0.144561307693948,0.149605808684844,0.95,100
"Pooled CCW","OR",2,-0.5,"small",0.4,25,"cloglog",0.661346322885564,0.620201383623443,0.0411449392621215,0.144561307693948,0.149605808684844,0.95,100
"Pooled CCW","OR",2,-0.5,"small",0.4,25,"lpm",0.661346322885564,0.620201383623443,0.0411449392621215,0.144561307693948,0.149605808684844,0.95,100
"Pooled CCW","OR",5,-0.5,"small",0.4,25,"correct",0.702138827881678,0.677219536705431,0.0249192911762475,0.0916967119611596,0.0945789362774271,0.92,100
"Pooled CCW","OR",5,-0.5,"small",0.4,25,"no_lag",0.702138827881678,0.677219536705431,0.0249192911762475,0.0916967119611596,0.0945789362774271,0.92,100
"Pooled CCW","OR",5,-0.5,"small",0.4,25,"no_tv",0.702138827881678,0.677219536705431,0.0249192911762475,0.0916967119611596,0.0945789362774271,0.92,100
"Pooled CCW","OR",5,-0.5,"small",0.4,25,"coarse_L",0.702138827881678,0.677219536705431,0.0249192911762475,0.0916967119611596,0.0945789362774271,0.92,100
"Pooled CCW","OR",5,-0.5,"small",0.4,25,"nonlinear_L",0.702138827881678,0.677219536705431,0.0249192911762475,0.0916967119611596,0.0945789362774271,0.92,100
"Pooled CCW","OR",5,-0.5,"small",0.4,25,"cloglog",0.702138827881678,0.677219536705431,0.0249192911762475,0.0916967119611596,0.0945789362774271,0.92,100
"Pooled CCW","OR",5,-0.5,"small",0.4,25,"lpm",0.702138827881678,0.677219536705431,0.0249192911762475,0.0916967119611596,0.0945789362774271,0.92,100
"Pooled CCW","OR",8,-0.5,"small",0.4,25,"correct",0.705826954397453,0.711357484010723,-0.00553052961327065,0.0583136674525035,0.0582843523722004,0.96,100
"Pooled CCW","OR",8,-0.5,"small",0.4,25,"no_lag",0.705826954397453,0.711357484010723,-0.00553052961327065,0.0583136674525035,0.0582843523722004,0.96,100
"Pooled CCW","OR",8,-0.5,"small",0.4,25,"no_tv",0.705826954397453,0.711357484010723,-0.00553052961327065,0.0583136674525035,0.0582843523722004,0.96,100
"Pooled CCW","OR",8,-0.5,"small",0.4,25,"coarse_L",0.705826954397453,0.711357484010723,-0.00553052961327065,0.0583136674525035,0.0582843523722004,0.96,100
"Pooled CCW","OR",8,-0.5,"small",0.4,25,"nonlinear_L",0.705826954397453,0.711357484010723,-0.00553052961327065,0.0583136674525035,0.0582843523722004,0.96,100
"Pooled CCW","OR",8,-0.5,"small",0.4,25,"cloglog",0.705826954397453,0.711357484010723,-0.00553052961327065,0.0583136674525035,0.0582843523722004,0.96,100
"Pooled CCW","OR",8,-0.5,"small",0.4,25,"lpm",0.705826954397453,0.711357484010723,-0.00553052961327065,0.0583136674525035,0.0582843523722004,0.96,100
"Pooled CCW","OR",2,-1,"medium",1,25,"correct",0.420776505228399,0.398450887254619,0.0223256179737798,0.0831385235267412,0.0856815451026392,0.95,100
"Pooled CCW","OR",2,-1,"medium",1,25,"no_lag",0.420776505228399,0.398450887254619,0.0223256179737798,0.0831385235267412,0.0856815451026392,0.95,100
"Pooled CCW","OR",2,-1,"medium",1,25,"no_tv",0.420776505228399,0.398450887254619,0.0223256179737798,0.0831385235267412,0.0856815451026392,0.95,100
"Pooled CCW","OR",2,-1,"medium",1,25,"coarse_L",0.420776505228399,0.398450887254619,0.0223256179737798,0.0831385235267412,0.0856815451026392,0.95,100
"Pooled CCW","OR",2,-1,"medium",1,25,"nonlinear_L",0.420776505228399,0.398450887254619,0.0223256179737798,0.0831385235267412,0.0856815451026392,0.95,100
"Pooled CCW","OR",2,-1,"medium",1,25,"cloglog",0.420776505228399,0.398450887254619,0.0223256179737798,0.0831385235267412,0.0856815451026392,0.95,100
"Pooled CCW","OR",2,-1,"medium",1,25,"lpm",0.420776505228399,0.398450887254619,0.0223256179737798,0.0831385235267412,0.0856815451026392,0.95,100
"Pooled CCW","OR",5,-1,"medium",1,25,"correct",0.479060995099928,0.46965661300255,0.00940438209737757,0.05990357736198,0.060340671172838,0.96,100
"Pooled CCW","OR",5,-1,"medium",1,25,"no_lag",0.479060995099928,0.46965661300255,0.00940438209737757,0.05990357736198,0.060340671172838,0.96,100
"Pooled CCW","OR",5,-1,"medium",1,25,"no_tv",0.479060995099928,0.46965661300255,0.00940438209737757,0.05990357736198,0.060340671172838,0.96,100
"Pooled CCW","OR",5,-1,"medium",1,25,"coarse_L",0.479060995099928,0.46965661300255,0.00940438209737757,0.05990357736198,0.060340671172838,0.96,100
"Pooled CCW","OR",5,-1,"medium",1,25,"nonlinear_L",0.479060995099928,0.46965661300255,0.00940438209737757,0.05990357736198,0.060340671172838,0.96,100
"Pooled CCW","OR",5,-1,"medium",1,25,"cloglog",0.479060995099928,0.46965661300255,0.00940438209737757,0.05990357736198,0.060340671172838,0.96,100
"Pooled CCW","OR",5,-1,"medium",1,25,"lpm",0.479060995099928,0.46965661300255,0.00940438209737757,0.05990357736198,0.060340671172838,0.96,100
"Pooled CCW","OR",8,-1,"medium",1,25,"correct",0.524608834909329,0.510506292913528,0.0141025419958011,0.0700501806872884,0.0711114563690118,0.96,100
"Pooled CCW","OR",8,-1,"medium",1,25,"no_lag",0.524608834909329,0.510506292913528,0.0141025419958011,0.0700501806872884,0.0711114563690118,0.96,100
"Pooled CCW","OR",8,-1,"medium",1,25,"no_tv",0.524608834909329,0.510506292913528,0.0141025419958011,0.0700501806872884,0.0711114563690118,0.96,100
"Pooled CCW","OR",8,-1,"medium",1,25,"coarse_L",0.524608834909329,0.510506292913528,0.0141025419958011,0.0700501806872884,0.0711114563690118,0.96,100
"Pooled CCW","OR",8,-1,"medium",1,25,"nonlinear_L",0.524608834909329,0.510506292913528,0.0141025419958011,0.0700501806872884,0.0711114563690118,0.96,100
"Pooled CCW","OR",8,-1,"medium",1,25,"cloglog",0.524608834909329,0.510506292913528,0.0141025419958011,0.0700501806872884,0.0711114563690118,0.96,100
"Pooled CCW","OR",8,-1,"medium",1,25,"lpm",0.524608834909329,0.510506292913528,0.0141025419958011,0.0700501806872884,0.0711114563690118,0.96,100
"Pooled CCW","OR",2,-0.7,"medium",1,25,"correct",0.579750433704005,0.521686810592693,0.0580636231113126,0.14910399210077,0.159314358375493,0.93,100
"Pooled CCW","OR",2,-0.7,"medium",1,25,"no_lag",0.579750433704005,0.521686810592693,0.0580636231113126,0.14910399210077,0.159314358375493,0.93,100
"Pooled CCW","OR",2,-0.7,"medium",1,25,"no_tv",0.579750433704005,0.521686810592693,0.0580636231113126,0.14910399210077,0.159314358375493,0.93,100
"Pooled CCW","OR",2,-0.7,"medium",1,25,"coarse_L",0.579750433704005,0.521686810592693,0.0580636231113126,0.14910399210077,0.159314358375493,0.93,100
"Pooled CCW","OR",2,-0.7,"medium",1,25,"nonlinear_L",0.579750433704005,0.521686810592693,0.0580636231113126,0.14910399210077,0.159314358375493,0.93,100
"Pooled CCW","OR",2,-0.7,"medium",1,25,"cloglog",0.579750433704005,0.521686810592693,0.0580636231113126,0.14910399210077,0.159314358375493,0.93,100
"Pooled CCW","OR",2,-0.7,"medium",1,25,"lpm",0.579750433704005,0.521686810592693,0.0580636231113126,0.14910399210077,0.159314358375493,0.93,100
"Pooled CCW","OR",5,-0.7,"medium",1,25,"correct",0.613564370725869,0.581533658138423,0.0320307125874461,0.115311075892685,0.119120293527815,0.87,100
"Pooled CCW","OR",5,-0.7,"medium",1,25,"no_lag",0.613564370725869,0.581533658138423,0.0320307125874461,0.115311075892685,0.119120293527815,0.87,100
"Pooled CCW","OR",5,-0.7,"medium",1,25,"no_tv",0.613564370725869,0.581533658138423,0.0320307125874461,0.115311075892685,0.119120293527815,0.87,100
"Pooled CCW","OR",5,-0.7,"medium",1,25,"coarse_L",0.613564370725869,0.581533658138423,0.0320307125874461,0.115311075892685,0.119120293527815,0.87,100
"Pooled CCW","OR",5,-0.7,"medium",1,25,"nonlinear_L",0.613564370725869,0.581533658138423,0.0320307125874461,0.115311075892685,0.119120293527815,0.87,100
"Pooled CCW","OR",5,-0.7,"medium",1,25,"cloglog",0.613564370725869,0.581533658138423,0.0320307125874461,0.115311075892685,0.119120293527815,0.87,100
"Pooled CCW","OR",5,-0.7,"medium",1,25,"lpm",0.613564370725869,0.581533658138423,0.0320307125874461,0.115311075892685,0.119120293527815,0.87,100
"Pooled CCW","OR",8,-0.7,"medium",1,25,"correct",0.610958735284407,0.615800458666507,-0.00484172338209977,0.0756624095316198,0.0754386803919449,1,100
"Pooled CCW","OR",8,-0.7,"medium",1,25,"no_lag",0.610958735284407,0.615800458666507,-0.00484172338209977,0.0756624095316198,0.0754386803919449,1,100
"Pooled CCW","OR",8,-0.7,"medium",1,25,"no_tv",0.610958735284407,0.615800458666507,-0.00484172338209977,0.0756624095316198,0.0754386803919449,1,100
"Pooled CCW","OR",8,-0.7,"medium",1,25,"coarse_L",0.610958735284407,0.615800458666507,-0.00484172338209977,0.0756624095316198,0.0754386803919449,1,100
"Pooled CCW","OR",8,-0.7,"medium",1,25,"nonlinear_L",0.610958735284407,0.615800458666507,-0.00484172338209977,0.0756624095316198,0.0754386803919449,1,100
"Pooled CCW","OR",8,-0.7,"medium",1,25,"cloglog",0.610958735284407,0.615800458666507,-0.00484172338209977,0.0756624095316198,0.0754386803919449,1,100
"Pooled CCW","OR",8,-0.7,"medium",1,25,"lpm",0.610958735284407,0.615800458666507,-0.00484172338209977,0.0756624095316198,0.0754386803919449,1,100
"Pooled CCW","OR",2,-0.5,"medium",1,25,"correct",0.654482554808258,0.625092641725385,0.029389913082873,0.237493847317325,0.238124045886735,0.9,100
"Pooled CCW","OR",2,-0.5,"medium",1,25,"no_lag",0.654482554808258,0.625092641725385,0.029389913082873,0.237493847317325,0.238124045886735,0.9,100
"Pooled CCW","OR",2,-0.5,"medium",1,25,"no_tv",0.654482554808258,0.625092641725385,0.029389913082873,0.237493847317325,0.238124045886735,0.9,100
"Pooled CCW","OR",2,-0.5,"medium",1,25,"coarse_L",0.654482554808258,0.625092641725385,0.029389913082873,0.237493847317325,0.238124045886735,0.9,100
"Pooled CCW","OR",2,-0.5,"medium",1,25,"nonlinear_L",0.654482554808258,0.625092641725385,0.029389913082873,0.237493847317325,0.238124045886735,0.9,100
"Pooled CCW","OR",2,-0.5,"medium",1,25,"cloglog",0.654482554808258,0.625092641725385,0.029389913082873,0.237493847317325,0.238124045886735,0.9,100
"Pooled CCW","OR",2,-0.5,"medium",1,25,"lpm",0.654482554808258,0.625092641725385,0.029389913082873,0.237493847317325,0.238124045886735,0.9,100
"Pooled CCW","OR",5,-0.5,"medium",1,25,"correct",0.65770916819791,0.674696170529515,-0.016987002331605,0.131855752713265,0.132289978367826,0.89,100
"Pooled CCW","OR",5,-0.5,"medium",1,25,"no_lag",0.65770916819791,0.674696170529515,-0.016987002331605,0.131855752713265,0.132289978367826,0.89,100
"Pooled CCW","OR",5,-0.5,"medium",1,25,"no_tv",0.65770916819791,0.674696170529515,-0.016987002331605,0.131855752713265,0.132289978367826,0.89,100
"Pooled CCW","OR",5,-0.5,"medium",1,25,"coarse_L",0.65770916819791,0.674696170529515,-0.016987002331605,0.131855752713265,0.132289978367826,0.89,100
"Pooled CCW","OR",5,-0.5,"medium",1,25,"nonlinear_L",0.65770916819791,0.674696170529515,-0.016987002331605,0.131855752713265,0.132289978367826,0.89,100
"Pooled CCW","OR",5,-0.5,"medium",1,25,"cloglog",0.65770916819791,0.674696170529515,-0.016987002331605,0.131855752713265,0.132289978367826,0.89,100
"Pooled CCW","OR",5,-0.5,"medium",1,25,"lpm",0.65770916819791,0.674696170529515,-0.016987002331605,0.131855752713265,0.132289978367826,0.89,100
"Pooled CCW","OR",8,-0.5,"medium",1,25,"correct",0.690415367021489,0.70152040342131,-0.0111050363998211,0.100090527713936,0.100206059867231,0.97,100
"Pooled CCW","OR",8,-0.5,"medium",1,25,"no_lag",0.690415367021489,0.70152040342131,-0.0111050363998211,0.100090527713936,0.100206059867231,0.97,100
"Pooled CCW","OR",8,-0.5,"medium",1,25,"no_tv",0.690415367021489,0.70152040342131,-0.0111050363998211,0.100090527713936,0.100206059867231,0.97,100
"Pooled CCW","OR",8,-0.5,"medium",1,25,"coarse_L",0.690415367021489,0.70152040342131,-0.0111050363998211,0.100090527713936,0.100206059867231,0.97,100
"Pooled CCW","OR",8,-0.5,"medium",1,25,"nonlinear_L",0.690415367021489,0.70152040342131,-0.0111050363998211,0.100090527713936,0.100206059867231,0.97,100
"Pooled CCW","OR",8,-0.5,"medium",1,25,"cloglog",0.690415367021489,0.70152040342131,-0.0111050363998211,0.100090527713936,0.100206059867231,0.97,100
"Pooled CCW","OR",8,-0.5,"medium",1,25,"lpm",0.690415367021489,0.70152040342131,-0.0111050363998211,0.100090527713936,0.100206059867231,0.97,100
"Pooled CCW","OR",2,-1,"strong",2,25,"correct",0.513933575687579,0.397593206336786,0.116340369350792,0.159855249713372,0.197061526922416,0.89,100
"Pooled CCW","OR",2,-1,"strong",2,25,"no_lag",0.513933575687579,0.397593206336786,0.116340369350792,0.159855249713372,0.197061526922416,0.89,100
"Pooled CCW","OR",2,-1,"strong",2,25,"no_tv",0.513933575687579,0.397593206336786,0.116340369350792,0.159855249713372,0.197061526922416,0.89,100
"Pooled CCW","OR",2,-1,"strong",2,25,"coarse_L",0.513933575687579,0.397593206336786,0.116340369350792,0.159855249713372,0.197061526922416,0.89,100
"Pooled CCW","OR",2,-1,"strong",2,25,"nonlinear_L",0.513933575687579,0.397593206336786,0.116340369350792,0.159855249713372,0.197061526922416,0.89,100
"Pooled CCW","OR",2,-1,"strong",2,25,"cloglog",0.513933575687579,0.397593206336786,0.116340369350792,0.159855249713372,0.197061526922416,0.89,100
"Pooled CCW","OR",2,-1,"strong",2,25,"lpm",0.513933575687579,0.397593206336786,0.116340369350792,0.159855249713372,0.197061526922416,0.89,100
"Pooled CCW","OR",5,-1,"strong",2,25,"correct",0.530650122536523,0.455656781888052,0.0749933406484707,0.191999415356677,0.205229478593964,0.83,100
"Pooled CCW","OR",5,-1,"strong",2,25,"no_lag",0.530650122536523,0.455656781888052,0.0749933406484707,0.191999415356677,0.205229478593964,0.83,100
"Pooled CCW","OR",5,-1,"strong",2,25,"no_tv",0.530650122536523,0.455656781888052,0.0749933406484707,0.191999415356677,0.205229478593964,0.83,100
"Pooled CCW","OR",5,-1,"strong",2,25,"coarse_L",0.530650122536523,0.455656781888052,0.0749933406484707,0.191999415356677,0.205229478593964,0.83,100
"Pooled CCW","OR",5,-1,"strong",2,25,"nonlinear_L",0.530650122536523,0.455656781888052,0.0749933406484707,0.191999415356677,0.205229478593964,0.83,100
"Pooled CCW","OR",5,-1,"strong",2,25,"cloglog",0.530650122536523,0.455656781888052,0.0749933406484707,0.191999415356677,0.205229478593964,0.83,100
"Pooled CCW","OR",5,-1,"strong",2,25,"lpm",0.530650122536523,0.455656781888052,0.0749933406484707,0.191999415356677,0.205229478593964,0.83,100
"Pooled CCW","OR",8,-1,"strong",2,25,"correct",0.541878308282838,0.503489084518633,0.038389223764205,0.16474137199834,0.168350987382417,0.88,100
"Pooled CCW","OR",8,-1,"strong",2,25,"no_lag",0.541878308282838,0.503489084518633,0.038389223764205,0.16474137199834,0.168350987382417,0.88,100
"Pooled CCW","OR",8,-1,"strong",2,25,"no_tv",0.541878308282838,0.503489084518633,0.038389223764205,0.16474137199834,0.168350987382417,0.88,100
"Pooled CCW","OR",8,-1,"strong",2,25,"coarse_L",0.541878308282838,0.503489084518633,0.038389223764205,0.16474137199834,0.168350987382417,0.88,100
"Pooled CCW","OR",8,-1,"strong",2,25,"nonlinear_L",0.541878308282838,0.503489084518633,0.038389223764205,0.16474137199834,0.168350987382417,0.88,100
"Pooled CCW","OR",8,-1,"strong",2,25,"cloglog",0.541878308282838,0.503489084518633,0.038389223764205,0.16474137199834,0.168350987382417,0.88,100
"Pooled CCW","OR",8,-1,"strong",2,25,"lpm",0.541878308282838,0.503489084518633,0.038389223764205,0.16474137199834,0.168350987382417,0.88,100
"Pooled CCW","OR",2,-0.7,"strong",2,25,"correct",0.739962525662758,0.523482950163268,0.21647957549949,0.430641051787388,0.48006312599297,0.88,100
"Pooled CCW","OR",2,-0.7,"strong",2,25,"no_lag",0.739962525662758,0.523482950163268,0.21647957549949,0.430641051787388,0.48006312599297,0.88,100
"Pooled CCW","OR",2,-0.7,"strong",2,25,"no_tv",0.739962525662758,0.523482950163268,0.21647957549949,0.430641051787388,0.48006312599297,0.88,100
"Pooled CCW","OR",2,-0.7,"strong",2,25,"coarse_L",0.739962525662758,0.523482950163268,0.21647957549949,0.430641051787388,0.48006312599297,0.88,100
"Pooled CCW","OR",2,-0.7,"strong",2,25,"nonlinear_L",0.739962525662758,0.523482950163268,0.21647957549949,0.430641051787388,0.48006312599297,0.88,100
"Pooled CCW","OR",2,-0.7,"strong",2,25,"cloglog",0.739962525662758,0.523482950163268,0.21647957549949,0.430641051787388,0.48006312599297,0.88,100
"Pooled CCW","OR",2,-0.7,"strong",2,25,"lpm",0.739962525662758,0.523482950163268,0.21647957549949,0.430641051787388,0.48006312599297,0.88,100
"Pooled CCW","OR",5,-0.7,"strong",2,25,"correct",0.665134631124537,0.570523220850352,0.0946114102741848,0.309705432679893,0.322350119334856,0.79,100
"Pooled CCW","OR",5,-0.7,"strong",2,25,"no_lag",0.665134631124537,0.570523220850352,0.0946114102741848,0.309705432679893,0.322350119334856,0.79,100
"Pooled CCW","OR",5,-0.7,"strong",2,25,"no_tv",0.665134631124537,0.570523220850352,0.0946114102741848,0.309705432679893,0.322350119334856,0.79,100
"Pooled CCW","OR",5,-0.7,"strong",2,25,"coarse_L",0.665134631124537,0.570523220850352,0.0946114102741848,0.309705432679893,0.322350119334856,0.79,100
"Pooled CCW","OR",5,-0.7,"strong",2,25,"nonlinear_L",0.665134631124537,0.570523220850352,0.0946114102741848,0.309705432679893,0.322350119334856,0.79,100
"Pooled CCW","OR",5,-0.7,"strong",2,25,"cloglog",0.665134631124537,0.570523220850352,0.0946114102741848,0.309705432679893,0.322350119334856,0.79,100
"Pooled CCW","OR",5,-0.7,"strong",2,25,"lpm",0.665134631124537,0.570523220850352,0.0946114102741848,0.309705432679893,0.322350119334856,0.79,100
"Pooled CCW","OR",8,-0.7,"strong",2,25,"correct",0.746735415735326,0.617658730232718,0.129076685502608,0.250415713970322,0.280609586873957,0.83,100
"Pooled CCW","OR",8,-0.7,"strong",2,25,"no_lag",0.746735415735326,0.617658730232718,0.129076685502608,0.250415713970322,0.280609586873957,0.83,100
"Pooled CCW","OR",8,-0.7,"strong",2,25,"no_tv",0.746735415735326,0.617658730232718,0.129076685502608,0.250415713970322,0.280609586873957,0.83,100
"Pooled CCW","OR",8,-0.7,"strong",2,25,"coarse_L",0.746735415735326,0.617658730232718,0.129076685502608,0.250415713970322,0.280609586873957,0.83,100
"Pooled CCW","OR",8,-0.7,"strong",2,25,"nonlinear_L",0.746735415735326,0.617658730232718,0.129076685502608,0.250415713970322,0.280609586873957,0.83,100
"Pooled CCW","OR",8,-0.7,"strong",2,25,"cloglog",0.746735415735326,0.617658730232718,0.129076685502608,0.250415713970322,0.280609586873957,0.83,100
"Pooled CCW","OR",8,-0.7,"strong",2,25,"lpm",0.746735415735326,0.617658730232718,0.129076685502608,0.250415713970322,0.280609586873957,0.83,100
"Pooled CCW","OR",2,-0.5,"strong",2,25,"correct",1.10151732343744,0.634874527339976,0.466642796097465,0.597120756291155,0.755475456098637,0.72,100
"Pooled CCW","OR",2,-0.5,"strong",2,25,"no_lag",1.10151732343744,0.634874527339976,0.466642796097465,0.597120756291155,0.755475456098637,0.72,100
"Pooled CCW","OR",2,-0.5,"strong",2,25,"no_tv",1.10151732343744,0.634874527339976,0.466642796097465,0.597120756291155,0.755475456098637,0.72,100
"Pooled CCW","OR",2,-0.5,"strong",2,25,"coarse_L",1.10151732343744,0.634874527339976,0.466642796097465,0.597120756291155,0.755475456098637,0.72,100
"Pooled CCW","OR",2,-0.5,"strong",2,25,"nonlinear_L",1.10151732343744,0.634874527339976,0.466642796097465,0.597120756291155,0.755475456098637,0.72,100
"Pooled CCW","OR",2,-0.5,"strong",2,25,"cloglog",1.10151732343744,0.634874527339976,0.466642796097465,0.597120756291155,0.755475456098637,0.72,100
"Pooled CCW","OR",2,-0.5,"strong",2,25,"lpm",1.10151732343744,0.634874527339976,0.466642796097465,0.597120756291155,0.755475456098637,0.72,100
"Pooled CCW","OR",5,-0.5,"strong",2,25,"correct",0.837636045147633,0.667293803841424,0.170342241306209,0.333878374991136,0.373331623047227,0.81,100
"Pooled CCW","OR",5,-0.5,"strong",2,25,"no_lag",0.837636045147633,0.667293803841424,0.170342241306209,0.333878374991136,0.373331623047227,0.81,100
"Pooled CCW","OR",5,-0.5,"strong",2,25,"no_tv",0.837636045147633,0.667293803841424,0.170342241306209,0.333878374991136,0.373331623047227,0.81,100
"Pooled CCW","OR",5,-0.5,"strong",2,25,"coarse_L",0.837636045147633,0.667293803841424,0.170342241306209,0.333878374991136,0.373331623047227,0.81,100
"Pooled CCW","OR",5,-0.5,"strong",2,25,"nonlinear_L",0.837636045147633,0.667293803841424,0.170342241306209,0.333878374991136,0.373331623047227,0.81,100
"Pooled CCW","OR",5,-0.5,"strong",2,25,"cloglog",0.837636045147633,0.667293803841424,0.170342241306209,0.333878374991136,0.373331623047227,0.81,100
"Pooled CCW","OR",5,-0.5,"strong",2,25,"lpm",0.837636045147633,0.667293803841424,0.170342241306209,0.333878374991136,0.373331623047227,0.81,100
"Pooled CCW","OR",8,-0.5,"strong",2,25,"correct",0.835423982587463,0.712467200321173,0.12295678226629,0.295077058561904,0.318305099063665,0.83,100
"Pooled CCW","OR",8,-0.5,"strong",2,25,"no_lag",0.835423982587463,0.712467200321173,0.12295678226629,0.295077058561904,0.318305099063665,0.83,100
"Pooled CCW","OR",8,-0.5,"strong",2,25,"no_tv",0.835423982587463,0.712467200321173,0.12295678226629,0.295077058561904,0.318305099063665,0.83,100
"Pooled CCW","OR",8,-0.5,"strong",2,25,"coarse_L",0.835423982587463,0.712467200321173,0.12295678226629,0.295077058561904,0.318305099063665,0.83,100
"Pooled CCW","OR",8,-0.5,"strong",2,25,"nonlinear_L",0.835423982587463,0.712467200321173,0.12295678226629,0.295077058561904,0.318305099063665,0.83,100
"Pooled CCW","OR",8,-0.5,"strong",2,25,"cloglog",0.835423982587463,0.712467200321173,0.12295678226629,0.295077058561904,0.318305099063665,0.83,100
"Pooled CCW","OR",8,-0.5,"strong",2,25,"lpm",0.835423982587463,0.712467200321173,0.12295678226629,0.295077058561904,0.318305099063665,0.83,100
"CC-Gcomp","OR",2,-1,"small",0.4,25,"correct",0.393565291693931,0.395980211524218,-0.00241491983028769,0.0293155474102742,0.0292683983940207,NA,100
"CC-Gcomp","OR",2,-1,"small",0.4,25,"no_lag",0.393544775033858,0.395980211524218,-0.00243543649036078,0.0295495650301193,0.0295021418956851,NA,100
"CC-Gcomp","OR",2,-1,"small",0.4,25,"no_tv",0.408128532868755,0.395980211524218,0.012148321344537,0.0346774616977729,0.0365798140754246,NA,100
"CC-Gcomp","OR",2,-1,"small",0.4,25,"coarse_L",0.413005440685295,0.395980211524218,0.0170252291610768,0.0307724373300019,0.0350332969933432,NA,100
"CC-Gcomp","OR",2,-1,"small",0.4,25,"nonlinear_L",0.393329464901386,0.395980211524218,-0.00265074662283196,0.0290461702178073,0.0290218824671501,NA,100
"CC-Gcomp","OR",2,-1,"small",0.4,25,"cloglog",0.399491456915466,0.395980211524218,0.00351124539124715,0.0299182351280744,0.0299746330994145,NA,100
"CC-Gcomp","OR",2,-1,"small",0.4,25,"lpm",0.367435891198685,0.395980211524218,-0.0285443203255338,0.0305678268617775,0.0417112256054383,NA,100
"CC-Gcomp","OR",5,-1,"small",0.4,25,"correct",0.450704997658132,0.475944887890831,-0.0252398902326989,0.0223239919358737,0.0336218540350189,NA,100
"CC-Gcomp","OR",5,-1,"small",0.4,25,"no_lag",0.451021592925255,0.475944887890831,-0.0249232949655761,0.0228821958731401,0.0337569188617399,NA,100
"CC-Gcomp","OR",5,-1,"small",0.4,25,"no_tv",0.468783723396337,0.475944887890831,-0.00716116449449379,0.0289990878458813,0.0297291086622422,NA,100
"CC-Gcomp","OR",5,-1,"small",0.4,25,"coarse_L",0.469301386140519,0.475944887890831,-0.00664350175031219,0.0250641494480361,0.0258082464957299,NA,100
"CC-Gcomp","OR",5,-1,"small",0.4,25,"nonlinear_L",0.450823666322325,0.475944887890831,-0.0251212215685053,0.0225093348684765,0.0336553001435574,NA,100
"CC-Gcomp","OR",5,-1,"small",0.4,25,"cloglog",0.455234557133934,0.475944887890831,-0.0207103307568969,0.02205039406077,0.0301707719409524,NA,100
"CC-Gcomp","OR",5,-1,"small",0.4,25,"lpm",0.423630687794868,0.475944887890831,-0.0523142000959631,0.0253066135442297,0.0580585564225179,NA,100
"CC-Gcomp","OR",8,-1,"small",0.4,25,"correct",0.499191180888479,0.52550094078331,-0.0263097598948311,0.019568132318617,0.0327305079419519,NA,100
"CC-Gcomp","OR",8,-1,"small",0.4,25,"no_lag",0.500363593300484,0.52550094078331,-0.0251373474828255,0.019957634717707,0.0320345181041089,NA,100
"CC-Gcomp","OR",8,-1,"small",0.4,25,"no_tv",0.523038862881703,0.52550094078331,-0.00246207790160664,0.0243088655220351,0.0243120044655368,NA,100
"CC-Gcomp","OR",8,-1,"small",0.4,25,"coarse_L",0.516414514411889,0.52550094078331,-0.00908642637142118,0.0208491614584574,0.0226473795921046,NA,100
"CC-Gcomp","OR",8,-1,"small",0.4,25,"nonlinear_L",0.499093407073722,0.52550094078331,-0.0264075337095877,0.0193697143170263,0.0326923815440079,NA,100
"CC-Gcomp","OR",8,-1,"small",0.4,25,"cloglog",0.504437695464162,0.52550094078331,-0.0210632453191479,0.0197485049586152,0.028805619538452,NA,100
"CC-Gcomp","OR",8,-1,"small",0.4,25,"lpm",0.475288567001126,0.52550094078331,-0.0502123737821837,0.0236768637883727,0.0554641363486926,NA,100
"CC-Gcomp","OR",2,-0.7,"small",0.4,25,"correct",0.517754417634205,0.515785553758757,0.00196886387544788,0.0391152650664457,0.0389689664549391,NA,100
"CC-Gcomp","OR",2,-0.7,"small",0.4,25,"no_lag",0.518739686923572,0.515785553758757,0.00295413316481493,0.0393910516156774,0.0393047745276644,NA,100
"CC-Gcomp","OR",2,-0.7,"small",0.4,25,"no_tv",0.544774257640841,0.515785553758757,0.0289887038820834,0.0432175396444789,0.051859648363212,NA,100
"CC-Gcomp","OR",2,-0.7,"small",0.4,25,"coarse_L",0.539405592052538,0.515785553758757,0.0236200382937805,0.0409816131101365,0.0471232840109588,NA,100
"CC-Gcomp","OR",2,-0.7,"small",0.4,25,"nonlinear_L",0.518257088207661,0.515785553758757,0.00247153444890377,0.0389956552457009,0.0388788245616205,NA,100
"CC-Gcomp","OR",2,-0.7,"small",0.4,25,"cloglog",0.523969708292158,0.515785553758757,0.00818415453340057,0.0381377958267857,0.0388191568848026,NA,100
"CC-Gcomp","OR",2,-0.7,"small",0.4,25,"lpm",0.482572868409334,0.515785553758757,-0.0332126853494237,0.0482111858752184,0.0583451602721231,NA,100
"CC-Gcomp","OR",5,-0.7,"small",0.4,25,"correct",0.554785102349841,0.584882879899219,-0.0300977775493784,0.0245702785976164,0.0387754795956505,NA,100
"CC-Gcomp","OR",5,-0.7,"small",0.4,25,"no_lag",0.556776459804789,0.584882879899219,-0.0281064200944306,0.0249631238057254,0.037508623344015,NA,100
"CC-Gcomp","OR",5,-0.7,"small",0.4,25,"no_tv",0.587124377256973,0.584882879899219,0.00224149735775389,0.0307913466596719,0.0307188910807299,NA,100
"CC-Gcomp","OR",5,-0.7,"small",0.4,25,"coarse_L",0.575692535128166,0.584882879899219,-0.00919034477105355,0.0270458539867262,0.0284363477384743,NA,100
"CC-Gcomp","OR",5,-0.7,"small",0.4,25,"nonlinear_L",0.555351646396571,0.584882879899219,-0.0295312335026482,0.0247820822579799,0.038472117659661,NA,100
"CC-Gcomp","OR",5,-0.7,"small",0.4,25,"cloglog",0.559008853490906,0.584882879899219,-0.0258740264083137,0.0246039385920858,0.0356197346828806,NA,100
"CC-Gcomp","OR",5,-0.7,"small",0.4,25,"lpm",0.527789972679888,0.584882879899219,-0.0570929072193316,0.0317286228609247,0.0652398536810092,NA,100
"CC-Gcomp","OR",8,-0.7,"small",0.4,25,"correct",0.599702108030506,0.627234826617113,-0.0275327185866066,0.0204639011522456,0.034243745861609,NA,100
"CC-Gcomp","OR",8,-0.7,"small",0.4,25,"no_lag",0.603493452929403,0.627234826617113,-0.0237413736877099,0.0204888501989296,0.0312929365389207,NA,100
"CC-Gcomp","OR",8,-0.7,"small",0.4,25,"no_tv",0.63599988681756,0.627234826617113,0.00876506020044759,0.0229213401914438,0.0244327697596414,NA,100
"CC-Gcomp","OR",8,-0.7,"small",0.4,25,"coarse_L",0.620774444097482,0.627234826617113,-0.00646038251963083,0.0220016330131681,0.0228247164055464,NA,100
"CC-Gcomp","OR",8,-0.7,"small",0.4,25,"nonlinear_L",0.599305867517222,0.627234826617113,-0.0279289590998908,0.020815282908224,0.0347702458853439,NA,100
"CC-Gcomp","OR",8,-0.7,"small",0.4,25,"cloglog",0.604685178695565,0.627234826617113,-0.0225496479215476,0.0206289765498674,0.0304923883640784,NA,100
"CC-Gcomp","OR",8,-0.7,"small",0.4,25,"lpm",0.575049567090612,0.627234826617113,-0.0521852595265007,0.0255134997891536,0.0580321514044108,NA,100
"CC-Gcomp","OR",2,-0.5,"small",0.4,25,"correct",0.616961675853312,0.620201383623443,-0.00323970777013053,0.0517625629212683,0.051604893153773,NA,100
"CC-Gcomp","OR",2,-0.5,"small",0.4,25,"no_lag",0.618442150314374,0.620201383623443,-0.0017592333090682,0.0525208793815815,0.0522872187550669,NA,100
"CC-Gcomp","OR",2,-0.5,"small",0.4,25,"no_tv",0.650008624959191,0.620201383623443,0.0298072413357488,0.061350876210241,0.0679320421281021,NA,100
"CC-Gcomp","OR",2,-0.5,"small",0.4,25,"coarse_L",0.64129221744402,0.620201383623443,0.0210908338205776,0.0546972890018304,0.0583669320862034,NA,100
"CC-Gcomp","OR",2,-0.5,"small",0.4,25,"nonlinear_L",0.616421395403859,0.620201383623443,-0.00377998821958327,0.0520269350803056,0.0519039715730118,NA,100
"CC-Gcomp","OR",2,-0.5,"small",0.4,25,"cloglog",0.621188363659555,0.620201383623443,0.000986980036112803,0.050594929828573,0.0503509938800251,NA,100
"CC-Gcomp","OR",2,-0.5,"small",0.4,25,"lpm",0.59779159542513,0.620201383623443,-0.022409788198313,0.0732559597161406,0.0762559498313852,NA,100
"CC-Gcomp","OR",5,-0.5,"small",0.4,25,"correct",0.659640395542786,0.677219536705431,-0.0175791411626444,0.0314442657943684,0.0358870538892453,NA,100
"CC-Gcomp","OR",5,-0.5,"small",0.4,25,"no_lag",0.665390747450329,0.677219536705431,-0.0118287892551022,0.0322370246512952,0.0341870407614662,NA,100
"CC-Gcomp","OR",5,-0.5,"small",0.4,25,"no_tv",0.71191964678447,0.677219536705431,0.0347001100790394,0.0419363540101892,0.0542694098852077,NA,100
"CC-Gcomp","OR",5,-0.5,"small",0.4,25,"coarse_L",0.685325481822714,0.677219536705431,0.00810594511728321,0.0349466705870903,0.0357038293956794,NA,100
"CC-Gcomp","OR",5,-0.5,"small",0.4,25,"nonlinear_L",0.660088871142489,0.677219536705431,-0.0171306655629419,0.0319981359036575,0.0361538600556733,NA,100
"CC-Gcomp","OR",5,-0.5,"small",0.4,25,"cloglog",0.66246744071798,0.677219536705431,-0.0147520959874506,0.0296006512562955,0.0329402626776383,NA,100
"CC-Gcomp","OR",5,-0.5,"small",0.4,25,"lpm",0.637499885242641,0.677219536705431,-0.0397196514627894,0.0428278345848044,0.058254028988531,NA,100
"CC-Gcomp","OR",8,-0.5,"small",0.4,25,"correct",0.683986247183531,0.711357484010723,-0.0273712368271922,0.0240240618682755,0.0363396284875681,NA,100
"CC-Gcomp","OR",8,-0.5,"small",0.4,25,"no_lag",0.689250030916207,0.711357484010723,-0.0221074530945162,0.0246110460624077,0.0329906961843688,NA,100
"CC-Gcomp","OR",8,-0.5,"small",0.4,25,"no_tv",0.733807481686301,0.711357484010723,0.0224499976755778,0.0290120954668937,0.0365689357539948,NA,100
"CC-Gcomp","OR",8,-0.5,"small",0.4,25,"coarse_L",0.709376919129346,0.711357484010723,-0.00198056488137757,0.0244492028765202,0.0244071408266847,NA,100
"CC-Gcomp","OR",8,-0.5,"small",0.4,25,"nonlinear_L",0.684408024256888,0.711357484010723,-0.0269494597538354,0.0239291382410319,0.0359604088048568,NA,100
"CC-Gcomp","OR",8,-0.5,"small",0.4,25,"cloglog",0.688654904877042,0.711357484010723,-0.0227025791336809,0.0245952460133657,0.0333808922066868,NA,100
"CC-Gcomp","OR",8,-0.5,"small",0.4,25,"lpm",0.656939188351294,0.711357484010723,-0.0544182956594296,0.0267678711297432,0.0605863403585944,NA,100
"CC-Gcomp","OR",2,-1,"medium",1,25,"correct",0.389709440619233,0.398450887254619,-0.00874144663538616,0.025789765696137,0.0271085555460694,NA,100
"CC-Gcomp","OR",2,-1,"medium",1,25,"no_lag",0.392999658707604,0.398450887254619,-0.00545122854701579,0.0263983079961521,0.0268256938601952,NA,100
"CC-Gcomp","OR",2,-1,"medium",1,25,"no_tv",0.440906658723909,0.398450887254619,0.0424557714692896,0.032772888096396,0.0535332990136947,NA,100
"CC-Gcomp","OR",2,-1,"medium",1,25,"coarse_L",0.424508645767128,0.398450887254619,0.0260577585125085,0.0279566208924692,0.0381151374640602,NA,100
"CC-Gcomp","OR",2,-1,"medium",1,25,"nonlinear_L",0.389212913462044,0.398450887254619,-0.00923797379257571,0.026104753753038,0.0275678027164662,NA,100
"CC-Gcomp","OR",2,-1,"medium",1,25,"cloglog",0.395894787553146,0.398450887254619,-0.00255609970147386,0.0252449423729431,0.0252481225033261,NA,100
"CC-Gcomp","OR",2,-1,"medium",1,25,"lpm",0.354255306167404,0.398450887254619,-0.0441955810872152,0.0301940226288061,0.0534397941624065,NA,100
"CC-Gcomp","OR",5,-1,"medium",1,25,"correct",0.445711797614221,0.46965661300255,-0.023944815388329,0.0195497302105646,0.0308500278083174,NA,100
"CC-Gcomp","OR",5,-1,"medium",1,25,"no_lag",0.451294373664226,0.46965661300255,-0.0183622393383247,0.0206008373675846,0.0275194910701694,NA,100
"CC-Gcomp","OR",5,-1,"medium",1,25,"no_tv",0.516427403690473,0.46965661300255,0.0467707906879225,0.0296513727021934,0.0552984513857902,NA,100
"CC-Gcomp","OR",5,-1,"medium",1,25,"coarse_L",0.486209115500923,0.46965661300255,0.0165525024983723,0.0241351925982089,0.0291662096525025,NA,100
"CC-Gcomp","OR",5,-1,"medium",1,25,"nonlinear_L",0.446107222097386,0.46965661300255,-0.0235493909051646,0.0197119897439762,0.0306471976903959,NA,100
"CC-Gcomp","OR",5,-1,"medium",1,25,"cloglog",0.449332474297917,0.46965661300255,-0.0203241387046337,0.0192835650416169,0.0279500972447739,NA,100
"CC-Gcomp","OR",5,-1,"medium",1,25,"lpm",0.422747438756063,0.46965661300255,-0.046909174246487,0.026893100138933,0.054004417182478,NA,100
"CC-Gcomp","OR",8,-1,"medium",1,25,"correct",0.495271819605191,0.510506292913528,-0.0152344733083375,0.0178185129572419,0.0233754911595408,NA,100
"CC-Gcomp","OR",8,-1,"medium",1,25,"no_lag",0.502732675448279,0.510506292913528,-0.00777361746524965,0.0184674293913169,0.0199515567647258,NA,100
"CC-Gcomp","OR",8,-1,"medium",1,25,"no_tv",0.578002225843643,0.510506292913528,0.0674959329301148,0.0268774504995494,0.0726007874200323,NA,100
"CC-Gcomp","OR",8,-1,"medium",1,25,"coarse_L",0.537456102033736,0.510506292913528,0.0269498091202079,0.0214192572248504,0.0343582442199729,NA,100
"CC-Gcomp","OR",8,-1,"medium",1,25,"nonlinear_L",0.495707729168135,0.510506292913528,-0.014798563745393,0.0177882043932843,0.0230706198943233,NA,100
"CC-Gcomp","OR",8,-1,"medium",1,25,"cloglog",0.498182711994912,0.510506292913528,-0.0123235809186158,0.0179896291197499,0.0217315700069084,NA,100
"CC-Gcomp","OR",8,-1,"medium",1,25,"lpm",0.475572013297575,0.510506292913528,-0.0349342796159536,0.0212844666239609,0.0408521985523113,NA,100
"CC-Gcomp","OR",2,-0.7,"medium",1,25,"correct",0.513331787069285,0.521686810592693,-0.00835502352340731,0.0339236200642975,0.0347722633195027,NA,100
"CC-Gcomp","OR",2,-0.7,"medium",1,25,"no_lag",0.517894568915725,0.521686810592693,-0.00379224167696709,0.0341684373281816,0.0342080163893188,NA,100
"CC-Gcomp","OR",2,-0.7,"medium",1,25,"no_tv",0.589878304509032,0.521686810592693,0.0681914939163391,0.0449230718504813,0.0815351544009134,NA,100
"CC-Gcomp","OR",2,-0.7,"medium",1,25,"coarse_L",0.560487884834821,0.521686810592693,0.0388010742421286,0.0380515269953368,0.0542122023344676,NA,100
"CC-Gcomp","OR",2,-0.7,"medium",1,25,"nonlinear_L",0.513434839955162,0.521686810592693,-0.00825197063753081,0.0346020856608222,0.0354037612148873,NA,100
"CC-Gcomp","OR",2,-0.7,"medium",1,25,"cloglog",0.51869807405079,0.521686810592693,-0.00298873654190199,0.0339347075597545,0.033896626373598,NA,100
"CC-Gcomp","OR",2,-0.7,"medium",1,25,"lpm",0.512413549313394,0.521686810592693,-0.00927326127929844,0.0490970016592382,0.0497232721264611,NA,100
"CC-Gcomp","OR",5,-0.7,"medium",1,25,"correct",0.56191188013218,0.581533658138423,-0.0196217780062432,0.0274016119100594,0.0335909812902675,NA,100
"CC-Gcomp","OR",5,-0.7,"medium",1,25,"no_lag",0.570868745761046,0.581533658138423,-0.0106649123773767,0.0285024248550739,0.0302985923173019,NA,100
"CC-Gcomp","OR",5,-0.7,"medium",1,25,"no_tv",0.66927491038378,0.581533658138423,0.0877412522453572,0.0437243664979573,0.0979348220449427,NA,100
"CC-Gcomp","OR",5,-0.7,"medium",1,25,"coarse_L",0.616729801834978,0.581533658138423,0.0351961436965554,0.0333444920956962,0.0483684311581151,NA,100
"CC-Gcomp","OR",5,-0.7,"medium",1,25,"nonlinear_L",0.561780187817018,0.581533658138423,-0.0197534703214056,0.0281313538146377,0.0342587058498791,NA,100
"CC-Gcomp","OR",5,-0.7,"medium",1,25,"cloglog",0.563010256979793,0.581533658138423,-0.01852340115863,0.0265555079929215,0.0322685519538456,NA,100
"CC-Gcomp","OR",5,-0.7,"medium",1,25,"lpm",0.574702160659473,0.581533658138423,-0.00683149747894995,0.038532772984999,0.0389435001737033,NA,100
"CC-Gcomp","OR",8,-0.7,"medium",1,25,"correct",0.601906912681082,0.615800458666507,-0.0138935459854251,0.023495778835368,0.0271948842045493,NA,100
"CC-Gcomp","OR",8,-0.7,"medium",1,25,"no_lag",0.613968984774185,0.615800458666507,-0.00183147389232175,0.0247690862441915,0.0247128884118537,NA,100
"CC-Gcomp","OR",8,-0.7,"medium",1,25,"no_tv",0.724432753366466,0.615800458666507,0.108632294699958,0.036565499726054,0.114562824966446,NA,100
"CC-Gcomp","OR",8,-0.7,"medium",1,25,"coarse_L",0.656432229344863,0.615800458666507,0.0406317706783559,0.0272901632010471,0.0488696865748379,NA,100
"CC-Gcomp","OR",8,-0.7,"medium",1,25,"nonlinear_L",0.601656087663943,0.615800458666507,-0.0141443710025642,0.0237632962975403,0.0275519607192233,NA,100
"CC-Gcomp","OR",8,-0.7,"medium",1,25,"cloglog",0.602583213104944,0.615800458666507,-0.013217245561563,0.0235755914123238,0.0269248213656299,NA,100
"CC-Gcomp","OR",8,-0.7,"medium",1,25,"lpm",0.609092268559212,0.615800458666507,-0.0067081901072955,0.0324666586581829,0.0329930735109403,NA,100
"CC-Gcomp","OR",2,-0.5,"medium",1,25,"correct",0.613986764008117,0.625092641725385,-0.0111058777172681,0.0356530794160982,0.0371721827581191,NA,100
"CC-Gcomp","OR",2,-0.5,"medium",1,25,"no_lag",0.620332137944537,0.625092641725385,-0.00476050378084811,0.0368544480633532,0.0369774287218747,NA,100
"CC-Gcomp","OR",2,-0.5,"medium",1,25,"no_tv",0.717077278940803,0.625092641725385,0.0919846372154177,0.0510376115661935,0.105071227746181,NA,100
"CC-Gcomp","OR",2,-0.5,"medium",1,25,"coarse_L",0.672370887027387,0.625092641725385,0.0472782453020016,0.0388073868536081,0.0610424902874856,NA,100
"CC-Gcomp","OR",2,-0.5,"medium",1,25,"nonlinear_L",0.613877744631767,0.625092641725385,-0.0112148970936184,0.0353242386047758,0.0368930580393861,NA,100
"CC-Gcomp","OR",2,-0.5,"medium",1,25,"cloglog",0.6146496587538,0.625092641725385,-0.0104429829715851,0.0354801126698933,0.0368144795489826,NA,100
"CC-Gcomp","OR",2,-0.5,"medium",1,25,"lpm",0.679971197521047,0.625092641725385,0.0548785557956619,0.0634417042842507,0.0836436323355399,NA,100
"CC-Gcomp","OR",5,-0.5,"medium",1,25,"correct",0.651553551184324,0.674696170529515,-0.023142619345191,0.0280357178799374,0.0362453071780253,NA,100
"CC-Gcomp","OR",5,-0.5,"medium",1,25,"no_lag",0.665333918223287,0.674696170529515,-0.0093622523062273,0.0298138508598872,0.0311067326202882,NA,100
"CC-Gcomp","OR",5,-0.5,"medium",1,25,"no_tv",0.798156061699579,0.674696170529515,0.123459891170064,0.0493272419499989,0.132857780194213,NA,100
"CC-Gcomp","OR",5,-0.5,"medium",1,25,"coarse_L",0.717552561837904,0.674696170529515,0.0428563913083892,0.0343701092097284,0.0548284747097304,NA,100
"CC-Gcomp","OR",5,-0.5,"medium",1,25,"nonlinear_L",0.652748143421036,0.674696170529515,-0.0219480271084784,0.0288613973642083,0.0361436903095282,NA,100
"CC-Gcomp","OR",5,-0.5,"medium",1,25,"cloglog",0.650358514355548,0.674696170529515,-0.0243376561739672,0.0279188925402353,0.0369322545088804,NA,100
"CC-Gcomp","OR",5,-0.5,"medium",1,25,"lpm",0.706695523023773,0.674696170529515,0.0319993524942582,0.0502189040999463,0.0593352973006911,NA,100
"CC-Gcomp","OR",8,-0.5,"medium",1,25,"correct",0.6896777288462,0.70152040342131,-0.0118426745751098,0.0271838054706402,0.0295265749479838,NA,100
"CC-Gcomp","OR",8,-0.5,"medium",1,25,"no_lag",0.706172796717086,0.70152040342131,0.00465239329577597,0.0280580018767878,0.028302362410287,NA,100
"CC-Gcomp","OR",8,-0.5,"medium",1,25,"no_tv",0.852486805506052,0.70152040342131,0.150966402084743,0.0403534655235485,0.156214508661567,NA,100
"CC-Gcomp","OR",8,-0.5,"medium",1,25,"coarse_L",0.757170216436293,0.70152040342131,0.0556498130149834,0.0312639676979059,0.0637539254325266,NA,100
"CC-Gcomp","OR",8,-0.5,"medium",1,25,"nonlinear_L",0.689313256518694,0.70152040342131,-0.0122071469026159,0.0274387787687887,0.0299060554072474,NA,100
"CC-Gcomp","OR",8,-0.5,"medium",1,25,"cloglog",0.689387515291581,0.70152040342131,-0.0121328881297282,0.0278464629364241,0.0302469538541891,NA,100
"CC-Gcomp","OR",8,-0.5,"medium",1,25,"lpm",0.730666829089822,0.70152040342131,0.0291464256685122,0.0398725674629032,0.0492284221661941,NA,100
"CC-Gcomp","OR",2,-1,"strong",2,25,"correct",0.392959750334044,0.397593206336786,-0.00463345600274227,0.0168161477679487,0.0173615642159715,NA,100
"CC-Gcomp","OR",2,-1,"strong",2,25,"no_lag",0.397345023040257,0.397593206336786,-0.0002481832965296,0.0173420089758158,0.0172568658079264,NA,100
"CC-Gcomp","OR",2,-1,"strong",2,25,"no_tv",0.476366315903677,0.397593206336786,0.0787731095668907,0.0278551403048596,0.0835066017978623,NA,100
"CC-Gcomp","OR",2,-1,"strong",2,25,"coarse_L",0.439106688072627,0.397593206336786,0.0415134817358402,0.0213767060885632,0.0466450757679392,NA,100
"CC-Gcomp","OR",2,-1,"strong",2,25,"nonlinear_L",0.39291469690353,0.397593206336786,-0.00467850943325647,0.0171932621485395,0.0177352933776802,NA,100
"CC-Gcomp","OR",2,-1,"strong",2,25,"cloglog",0.398192719820528,0.397593206336786,0.000599513483741574,0.0169701805506089,0.0168957560960808,NA,100
"CC-Gcomp","OR",2,-1,"strong",2,25,"lpm",0.390761644367954,0.397593206336786,-0.00683156196883192,0.0285911253493354,0.0292565917903638,NA,100
"CC-Gcomp","OR",5,-1,"strong",2,25,"correct",0.445546749885345,0.455656781888052,-0.0101100320027071,0.0187126483726656,0.0211866543872221,NA,100
"CC-Gcomp","OR",5,-1,"strong",2,25,"no_lag",0.452516138596747,0.455656781888052,-0.00314064329130461,0.0194756038867991,0.0196308378723671,NA,100
"CC-Gcomp","OR",5,-1,"strong",2,25,"no_tv",0.57459506024114,0.455656781888052,0.118938278353088,0.0339592711175308,0.123644708060969,NA,100
"CC-Gcomp","OR",5,-1,"strong",2,25,"coarse_L",0.4962530387115,0.455656781888052,0.0405962568234481,0.0234758295352171,0.0468365188151112,NA,100
"CC-Gcomp","OR",5,-1,"strong",2,25,"nonlinear_L",0.444964241284225,0.455656781888052,-0.0106925406038271,0.0186575873059519,0.0214232334861691,NA,100
"CC-Gcomp","OR",5,-1,"strong",2,25,"cloglog",0.447560536966878,0.455656781888052,-0.0080962449211734,0.0187552115726032,0.0203418180934105,NA,100
"CC-Gcomp","OR",5,-1,"strong",2,25,"lpm",0.454968121001443,0.455656781888052,-0.000688660886609209,0.0279668309450593,0.027835165718838,NA,100
"CC-Gcomp","OR",8,-1,"strong",2,25,"correct",0.493346717783676,0.503489084518633,-0.0101423667349571,0.0167929655374602,0.0195461315255287,NA,100
"CC-Gcomp","OR",8,-1,"strong",2,25,"no_lag",0.503463278511091,0.503489084518633,-2.58060075425809e-05,0.018235398071743,0.0181440103438188,NA,100
"CC-Gcomp","OR",8,-1,"strong",2,25,"no_tv",0.656388570149462,0.503489084518633,0.152899485630828,0.0346553456677983,0.15673938802896,NA,100
"CC-Gcomp","OR",8,-1,"strong",2,25,"coarse_L",0.55111067247343,0.503489084518633,0.0476215879547969,0.0219476013045697,0.0523898451069534,NA,100
"CC-Gcomp","OR",8,-1,"strong",2,25,"nonlinear_L",0.492890127992383,0.503489084518633,-0.0105989565262503,0.0172729420933192,0.0201918018690485,NA,100
"CC-Gcomp","OR",8,-1,"strong",2,25,"cloglog",0.494515791259147,0.503489084518633,-0.00897329325948676,0.0168082755516683,0.0189792765318215,NA,100
"CC-Gcomp","OR",8,-1,"strong",2,25,"lpm",0.512899055277785,0.503489084518633,0.00940997075915166,0.026691143344048,0.0281751754452476,NA,100
"CC-Gcomp","OR",2,-0.7,"strong",2,25,"correct",0.504347900524334,0.523482950163268,-0.0191350496389338,0.0268432607352597,0.0328558239147428,NA,100
"CC-Gcomp","OR",2,-0.7,"strong",2,25,"no_lag",0.512007489823271,0.523482950163268,-0.0114754603399971,0.027555956873475,0.029722443399484,NA,100
"CC-Gcomp","OR",2,-0.7,"strong",2,25,"no_tv",0.643877417806305,0.523482950163268,0.120394467643036,0.0443226869058135,0.128217328812666,NA,100
"CC-Gcomp","OR",2,-0.7,"strong",2,25,"coarse_L",0.568876216893773,0.523482950163268,0.0453932667305052,0.0325488032329684,0.0557618060185133,NA,100
"CC-Gcomp","OR",2,-0.7,"strong",2,25,"nonlinear_L",0.504376637125308,0.523482950163268,-0.01910631303796,0.0270356470888566,0.0329949715757203,NA,100
"CC-Gcomp","OR",2,-0.7,"strong",2,25,"cloglog",0.50532574041452,0.523482950163268,-0.0181572097487485,0.0265587642510646,0.0320624163908187,NA,100
"CC-Gcomp","OR",2,-0.7,"strong",2,25,"lpm",0.582724814173107,0.523482950163268,0.0592418640098387,0.0523251732584442,0.0788678830089991,NA,100
"CC-Gcomp","OR",5,-0.7,"strong",2,25,"correct",0.55566053117341,0.570523220850352,-0.0148626896769414,0.0247639741203805,0.028775361240575,NA,100
"CC-Gcomp","OR",5,-0.7,"strong",2,25,"no_lag",0.568246155181935,0.570523220850352,-0.00227706566841642,0.0259983257053822,0.0259680349304022,NA,100
"CC-Gcomp","OR",5,-0.7,"strong",2,25,"no_tv",0.758720231134888,0.570523220850352,0.188197010284536,0.0436116572876533,0.193134853314724,NA,100
"CC-Gcomp","OR",5,-0.7,"strong",2,25,"coarse_L",0.630049236547188,0.570523220850352,0.0595260156968362,0.0289860576516442,0.0661448120984751,NA,100
"CC-Gcomp","OR",5,-0.7,"strong",2,25,"nonlinear_L",0.555729743199336,0.570523220850352,-0.0147934776510158,0.0247257711914049,0.0287070915352063,NA,100
"CC-Gcomp","OR",5,-0.7,"strong",2,25,"cloglog",0.555277349573198,0.570523220850352,-0.0152458712771539,0.0248137054029434,0.0290172253509078,NA,100
"CC-Gcomp","OR",5,-0.7,"strong",2,25,"lpm",0.636194361877841,0.570523220850352,0.0656711410274894,0.0427671562541451,0.0782524000997938,NA,100
"CC-Gcomp","OR",8,-0.7,"strong",2,25,"correct",0.596322014130821,0.617658730232718,-0.0213367161018963,0.0235602194917809,0.0316983999136992,NA,100
"CC-Gcomp","OR",8,-0.7,"strong",2,25,"no_lag",0.612563197853613,0.617658730232718,-0.00509553237910418,0.024893672288116,0.0252875942116828,NA,100
"CC-Gcomp","OR",8,-0.7,"strong",2,25,"no_tv",0.835753807769497,0.617658730232718,0.218095077536779,0.0441084079658391,0.222466984028017,NA,100
"CC-Gcomp","OR",8,-0.7,"strong",2,25,"coarse_L",0.679110828601513,0.617658730232718,0.0614520983687957,0.0307709721325587,0.068656715568479,NA,100
"CC-Gcomp","OR",8,-0.7,"strong",2,25,"nonlinear_L",0.596432178211845,0.617658730232718,-0.0212265520208725,0.0237375537966027,0.0317553657881459,NA,100
"CC-Gcomp","OR",8,-0.7,"strong",2,25,"cloglog",0.596449227755643,0.617658730232718,-0.021209502477075,0.0232796794972052,0.0314064808286876,NA,100
"CC-Gcomp","OR",8,-0.7,"strong",2,25,"lpm",0.671302510612882,0.617658730232718,0.0536437803801645,0.0427947179276126,0.0684888982036813,NA,100
"CC-Gcomp","OR",2,-0.5,"strong",2,25,"correct",0.613461402049843,0.634874527339976,-0.0214131252901326,0.0398118228845877,0.0450294721673568,NA,100
"CC-Gcomp","OR",2,-0.5,"strong",2,25,"no_lag",0.623655769699601,0.634874527339976,-0.011218757640375,0.0408218124628681,0.0421380670180718,NA,100
"CC-Gcomp","OR",2,-0.5,"strong",2,25,"no_tv",0.795097860775107,0.634874527339976,0.160223333435132,0.0631650459118802,0.172108806781828,NA,100
"CC-Gcomp","OR",2,-0.5,"strong",2,25,"coarse_L",0.691419979065734,0.634874527339976,0.0565454517257587,0.0475566245073613,0.0737319762386641,NA,100
"CC-Gcomp","OR",2,-0.5,"strong",2,25,"nonlinear_L",0.612700383419995,0.634874527339976,-0.0221741439199803,0.040127924482461,0.0456710026014471,NA,100
"CC-Gcomp","OR",2,-0.5,"strong",2,25,"cloglog",0.610993362528309,0.634874527339976,-0.0238811648116663,0.0387978688947154,0.0453930822617916,NA,100
"CC-Gcomp","OR",2,-0.5,"strong",2,25,"lpm",0.827047425324542,0.634874527339976,0.192172897984566,0.108937412630306,0.220633426732366,NA,100
"CC-Gcomp","OR",5,-0.5,"strong",2,25,"correct",0.664786596478532,0.667293803841424,-0.00250720736289118,0.0335175619389664,0.0334436657307428,NA,100
"CC-Gcomp","OR",5,-0.5,"strong",2,25,"no_lag",0.684212888570066,0.667293803841424,0.0169190847286427,0.0363894225277067,0.0399650297039294,NA,100
"CC-Gcomp","OR",5,-0.5,"strong",2,25,"no_tv",0.970136651314765,0.667293803841424,0.302842847473342,0.0724539056988963,0.311305096380185,NA,100
"CC-Gcomp","OR",5,-0.5,"strong",2,25,"coarse_L",0.768648816058623,0.667293803841424,0.101355012217199,0.0436012312952941,0.110249241259565,NA,100
"CC-Gcomp","OR",5,-0.5,"strong",2,25,"nonlinear_L",0.665410974094245,0.667293803841424,-0.00188282974717815,0.0335421858006381,0.0334271221294706,NA,100
"CC-Gcomp","OR",5,-0.5,"strong",2,25,"cloglog",0.663670812303352,0.667293803841424,-0.00362299153807195,0.0327694784928822,0.0328058897329954,NA,100
"CC-Gcomp","OR",5,-0.5,"strong",2,25,"lpm",0.867118964568079,0.667293803841424,0.199825160726656,0.0819315099419628,0.215814131737452,NA,100
"CC-Gcomp","OR",8,-0.5,"strong",2,25,"correct",0.682974493036184,0.712467200321173,-0.0294927072849889,0.0274420104330154,0.0401914553137568,NA,100
"CC-Gcomp","OR",8,-0.5,"strong",2,25,"no_lag",0.70455232215622,0.712467200321173,-0.00791487816495311,0.0301528694285266,0.0310281948522966,NA,100
"CC-Gcomp","OR",8,-0.5,"strong",2,25,"no_tv",0.99857005509527,0.712467200321173,0.286102854774097,0.0617077656885133,0.292616837131246,NA,100
"CC-Gcomp","OR",8,-0.5,"strong",2,25,"coarse_L",0.78686456156904,0.712467200321173,0.074397361247867,0.0371677757538302,0.0830818661296661,NA,100
"CC-Gcomp","OR",8,-0.5,"strong",2,25,"nonlinear_L",0.683268704352227,0.712467200321173,-0.0291984959689454,0.0271005934921044,0.0397448098850223,NA,100
"CC-Gcomp","OR",8,-0.5,"strong",2,25,"cloglog",0.682176829471429,0.712467200321173,-0.0302903708497435,0.0275851557936268,0.0408758850445108,NA,100
"CC-Gcomp","OR",8,-0.5,"strong",2,25,"lpm",0.834238771025657,0.712467200321173,0.121771570704484,0.0544967565284767,0.133298585661064,NA,100
"G-comp (no cloning)","OR",2,-1,"small",0.4,25,"correct",0.393565291693931,0.395980211524218,-0.00241491983028769,0.0293155474102742,0.0292683983940207,NA,100
"G-comp (no cloning)","OR",2,-1,"small",0.4,25,"no_lag",0.393544775033858,0.395980211524218,-0.00243543649036078,0.0295495650301193,0.0295021418956851,NA,100
"G-comp (no cloning)","OR",2,-1,"small",0.4,25,"no_tv",0.408128532868755,0.395980211524218,0.012148321344537,0.0346774616977729,0.0365798140754246,NA,100
"G-comp (no cloning)","OR",2,-1,"small",0.4,25,"coarse_L",0.413005440685295,0.395980211524218,0.0170252291610768,0.0307724373300019,0.0350332969933432,NA,100
"G-comp (no cloning)","OR",2,-1,"small",0.4,25,"nonlinear_L",0.393329464901386,0.395980211524218,-0.00265074662283196,0.0290461702178073,0.0290218824671501,NA,100
"G-comp (no cloning)","OR",2,-1,"small",0.4,25,"cloglog",0.399491456915466,0.395980211524218,0.00351124539124715,0.0299182351280744,0.0299746330994145,NA,100
"G-comp (no cloning)","OR",2,-1,"small",0.4,25,"lpm",0.367435891198685,0.395980211524218,-0.0285443203255338,0.0305678268617775,0.0417112256054383,NA,100
"G-comp (no cloning)","OR",5,-1,"small",0.4,25,"correct",0.450704997658132,0.475944887890831,-0.0252398902326989,0.0223239919358737,0.0336218540350189,NA,100
"G-comp (no cloning)","OR",5,-1,"small",0.4,25,"no_lag",0.451021592925255,0.475944887890831,-0.0249232949655761,0.0228821958731401,0.0337569188617399,NA,100
"G-comp (no cloning)","OR",5,-1,"small",0.4,25,"no_tv",0.468783723396337,0.475944887890831,-0.00716116449449379,0.0289990878458813,0.0297291086622422,NA,100
"G-comp (no cloning)","OR",5,-1,"small",0.4,25,"coarse_L",0.469301386140519,0.475944887890831,-0.00664350175031219,0.0250641494480361,0.0258082464957299,NA,100
"G-comp (no cloning)","OR",5,-1,"small",0.4,25,"nonlinear_L",0.450823666322325,0.475944887890831,-0.0251212215685053,0.0225093348684765,0.0336553001435574,NA,100
"G-comp (no cloning)","OR",5,-1,"small",0.4,25,"cloglog",0.455234557133934,0.475944887890831,-0.0207103307568969,0.02205039406077,0.0301707719409524,NA,100
"G-comp (no cloning)","OR",5,-1,"small",0.4,25,"lpm",0.423630687794868,0.475944887890831,-0.0523142000959631,0.0253066135442297,0.0580585564225179,NA,100
"G-comp (no cloning)","OR",8,-1,"small",0.4,25,"correct",0.499191180888479,0.52550094078331,-0.0263097598948311,0.019568132318617,0.0327305079419519,NA,100
"G-comp (no cloning)","OR",8,-1,"small",0.4,25,"no_lag",0.500363593300484,0.52550094078331,-0.0251373474828255,0.019957634717707,0.0320345181041089,NA,100
"G-comp (no cloning)","OR",8,-1,"small",0.4,25,"no_tv",0.523038862881703,0.52550094078331,-0.00246207790160664,0.0243088655220351,0.0243120044655368,NA,100
"G-comp (no cloning)","OR",8,-1,"small",0.4,25,"coarse_L",0.516414514411889,0.52550094078331,-0.00908642637142118,0.0208491614584574,0.0226473795921046,NA,100
"G-comp (no cloning)","OR",8,-1,"small",0.4,25,"nonlinear_L",0.499093407073722,0.52550094078331,-0.0264075337095877,0.0193697143170263,0.0326923815440079,NA,100
"G-comp (no cloning)","OR",8,-1,"small",0.4,25,"cloglog",0.504437695464162,0.52550094078331,-0.0210632453191479,0.0197485049586152,0.028805619538452,NA,100
"G-comp (no cloning)","OR",8,-1,"small",0.4,25,"lpm",0.475288567001126,0.52550094078331,-0.0502123737821837,0.0236768637883727,0.0554641363486926,NA,100
"G-comp (no cloning)","OR",2,-0.7,"small",0.4,25,"correct",0.517754417634205,0.515785553758757,0.00196886387544788,0.0391152650664457,0.0389689664549391,NA,100
"G-comp (no cloning)","OR",2,-0.7,"small",0.4,25,"no_lag",0.518739686923572,0.515785553758757,0.00295413316481493,0.0393910516156774,0.0393047745276644,NA,100
"G-comp (no cloning)","OR",2,-0.7,"small",0.4,25,"no_tv",0.544774257640841,0.515785553758757,0.0289887038820834,0.0432175396444789,0.051859648363212,NA,100
"G-comp (no cloning)","OR",2,-0.7,"small",0.4,25,"coarse_L",0.539405592052538,0.515785553758757,0.0236200382937805,0.0409816131101365,0.0471232840109588,NA,100
"G-comp (no cloning)","OR",2,-0.7,"small",0.4,25,"nonlinear_L",0.518257088207661,0.515785553758757,0.00247153444890377,0.0389956552457009,0.0388788245616205,NA,100
"G-comp (no cloning)","OR",2,-0.7,"small",0.4,25,"cloglog",0.523969708292158,0.515785553758757,0.00818415453340057,0.0381377958267857,0.0388191568848026,NA,100
"G-comp (no cloning)","OR",2,-0.7,"small",0.4,25,"lpm",0.482572868409334,0.515785553758757,-0.0332126853494237,0.0482111858752184,0.0583451602721231,NA,100
"G-comp (no cloning)","OR",5,-0.7,"small",0.4,25,"correct",0.554785102349841,0.584882879899219,-0.0300977775493784,0.0245702785976164,0.0387754795956505,NA,100
"G-comp (no cloning)","OR",5,-0.7,"small",0.4,25,"no_lag",0.556776459804789,0.584882879899219,-0.0281064200944306,0.0249631238057254,0.037508623344015,NA,100
"G-comp (no cloning)","OR",5,-0.7,"small",0.4,25,"no_tv",0.587124377256973,0.584882879899219,0.00224149735775389,0.0307913466596719,0.0307188910807299,NA,100
"G-comp (no cloning)","OR",5,-0.7,"small",0.4,25,"coarse_L",0.575692535128166,0.584882879899219,-0.00919034477105355,0.0270458539867262,0.0284363477384743,NA,100
"G-comp (no cloning)","OR",5,-0.7,"small",0.4,25,"nonlinear_L",0.555351646396571,0.584882879899219,-0.0295312335026482,0.0247820822579799,0.038472117659661,NA,100
"G-comp (no cloning)","OR",5,-0.7,"small",0.4,25,"cloglog",0.559008853490906,0.584882879899219,-0.0258740264083137,0.0246039385920858,0.0356197346828806,NA,100
"G-comp (no cloning)","OR",5,-0.7,"small",0.4,25,"lpm",0.527789972679888,0.584882879899219,-0.0570929072193316,0.0317286228609247,0.0652398536810092,NA,100
"G-comp (no cloning)","OR",8,-0.7,"small",0.4,25,"correct",0.599702108030506,0.627234826617113,-0.0275327185866066,0.0204639011522456,0.034243745861609,NA,100
"G-comp (no cloning)","OR",8,-0.7,"small",0.4,25,"no_lag",0.603493452929403,0.627234826617113,-0.0237413736877099,0.0204888501989296,0.0312929365389207,NA,100
"G-comp (no cloning)","OR",8,-0.7,"small",0.4,25,"no_tv",0.63599988681756,0.627234826617113,0.00876506020044759,0.0229213401914438,0.0244327697596414,NA,100
"G-comp (no cloning)","OR",8,-0.7,"small",0.4,25,"coarse_L",0.620774444097482,0.627234826617113,-0.00646038251963083,0.0220016330131681,0.0228247164055464,NA,100
"G-comp (no cloning)","OR",8,-0.7,"small",0.4,25,"nonlinear_L",0.599305867517222,0.627234826617113,-0.0279289590998908,0.020815282908224,0.0347702458853439,NA,100
"G-comp (no cloning)","OR",8,-0.7,"small",0.4,25,"cloglog",0.604685178695565,0.627234826617113,-0.0225496479215476,0.0206289765498674,0.0304923883640784,NA,100
"G-comp (no cloning)","OR",8,-0.7,"small",0.4,25,"lpm",0.575049567090612,0.627234826617113,-0.0521852595265007,0.0255134997891536,0.0580321514044108,NA,100
"G-comp (no cloning)","OR",2,-0.5,"small",0.4,25,"correct",0.616961675853312,0.620201383623443,-0.00323970777013053,0.0517625629212683,0.051604893153773,NA,100
"G-comp (no cloning)","OR",2,-0.5,"small",0.4,25,"no_lag",0.618442150314374,0.620201383623443,-0.0017592333090682,0.0525208793815815,0.0522872187550669,NA,100
"G-comp (no cloning)","OR",2,-0.5,"small",0.4,25,"no_tv",0.650008624959191,0.620201383623443,0.0298072413357488,0.061350876210241,0.0679320421281021,NA,100
"G-comp (no cloning)","OR",2,-0.5,"small",0.4,25,"coarse_L",0.64129221744402,0.620201383623443,0.0210908338205776,0.0546972890018304,0.0583669320862034,NA,100
"G-comp (no cloning)","OR",2,-0.5,"small",0.4,25,"nonlinear_L",0.616421395403859,0.620201383623443,-0.00377998821958327,0.0520269350803056,0.0519039715730118,NA,100
"G-comp (no cloning)","OR",2,-0.5,"small",0.4,25,"cloglog",0.621188363659555,0.620201383623443,0.000986980036112803,0.050594929828573,0.0503509938800251,NA,100
"G-comp (no cloning)","OR",2,-0.5,"small",0.4,25,"lpm",0.59779159542513,0.620201383623443,-0.022409788198313,0.0732559597161406,0.0762559498313852,NA,100
"G-comp (no cloning)","OR",5,-0.5,"small",0.4,25,"correct",0.659640395542786,0.677219536705431,-0.0175791411626444,0.0314442657943684,0.0358870538892453,NA,100
"G-comp (no cloning)","OR",5,-0.5,"small",0.4,25,"no_lag",0.665390747450329,0.677219536705431,-0.0118287892551022,0.0322370246512952,0.0341870407614662,NA,100
"G-comp (no cloning)","OR",5,-0.5,"small",0.4,25,"no_tv",0.71191964678447,0.677219536705431,0.0347001100790394,0.0419363540101892,0.0542694098852077,NA,100
"G-comp (no cloning)","OR",5,-0.5,"small",0.4,25,"coarse_L",0.685325481822714,0.677219536705431,0.00810594511728321,0.0349466705870903,0.0357038293956794,NA,100
"G-comp (no cloning)","OR",5,-0.5,"small",0.4,25,"nonlinear_L",0.660088871142489,0.677219536705431,-0.0171306655629419,0.0319981359036575,0.0361538600556733,NA,100
"G-comp (no cloning)","OR",5,-0.5,"small",0.4,25,"cloglog",0.66246744071798,0.677219536705431,-0.0147520959874506,0.0296006512562955,0.0329402626776383,NA,100
"G-comp (no cloning)","OR",5,-0.5,"small",0.4,25,"lpm",0.637499885242641,0.677219536705431,-0.0397196514627894,0.0428278345848044,0.058254028988531,NA,100
"G-comp (no cloning)","OR",8,-0.5,"small",0.4,25,"correct",0.683986247183531,0.711357484010723,-0.0273712368271922,0.0240240618682755,0.0363396284875681,NA,100
"G-comp (no cloning)","OR",8,-0.5,"small",0.4,25,"no_lag",0.689250030916207,0.711357484010723,-0.0221074530945162,0.0246110460624077,0.0329906961843688,NA,100
"G-comp (no cloning)","OR",8,-0.5,"small",0.4,25,"no_tv",0.733807481686301,0.711357484010723,0.0224499976755778,0.0290120954668937,0.0365689357539948,NA,100
"G-comp (no cloning)","OR",8,-0.5,"small",0.4,25,"coarse_L",0.709376919129346,0.711357484010723,-0.00198056488137757,0.0244492028765202,0.0244071408266847,NA,100
"G-comp (no cloning)","OR",8,-0.5,"small",0.4,25,"nonlinear_L",0.684408024256888,0.711357484010723,-0.0269494597538354,0.0239291382410319,0.0359604088048568,NA,100
"G-comp (no cloning)","OR",8,-0.5,"small",0.4,25,"cloglog",0.688654904877042,0.711357484010723,-0.0227025791336809,0.0245952460133657,0.0333808922066868,NA,100
"G-comp (no cloning)","OR",8,-0.5,"small",0.4,25,"lpm",0.656939188351294,0.711357484010723,-0.0544182956594296,0.0267678711297432,0.0605863403585944,NA,100
"G-comp (no cloning)","OR",2,-1,"medium",1,25,"correct",0.389709440619233,0.398450887254619,-0.00874144663538616,0.025789765696137,0.0271085555460694,NA,100
"G-comp (no cloning)","OR",2,-1,"medium",1,25,"no_lag",0.392999658707604,0.398450887254619,-0.00545122854701579,0.0263983079961521,0.0268256938601952,NA,100
"G-comp (no cloning)","OR",2,-1,"medium",1,25,"no_tv",0.440906658723909,0.398450887254619,0.0424557714692896,0.032772888096396,0.0535332990136947,NA,100
"G-comp (no cloning)","OR",2,-1,"medium",1,25,"coarse_L",0.424508645767128,0.398450887254619,0.0260577585125085,0.0279566208924692,0.0381151374640602,NA,100
"G-comp (no cloning)","OR",2,-1,"medium",1,25,"nonlinear_L",0.389212913462044,0.398450887254619,-0.00923797379257571,0.026104753753038,0.0275678027164662,NA,100
"G-comp (no cloning)","OR",2,-1,"medium",1,25,"cloglog",0.395894787553146,0.398450887254619,-0.00255609970147386,0.0252449423729431,0.0252481225033261,NA,100
"G-comp (no cloning)","OR",2,-1,"medium",1,25,"lpm",0.354255306167404,0.398450887254619,-0.0441955810872152,0.0301940226288061,0.0534397941624065,NA,100
"G-comp (no cloning)","OR",5,-1,"medium",1,25,"correct",0.445711797614221,0.46965661300255,-0.023944815388329,0.0195497302105646,0.0308500278083174,NA,100
"G-comp (no cloning)","OR",5,-1,"medium",1,25,"no_lag",0.451294373664226,0.46965661300255,-0.0183622393383247,0.0206008373675846,0.0275194910701694,NA,100
"G-comp (no cloning)","OR",5,-1,"medium",1,25,"no_tv",0.516427403690473,0.46965661300255,0.0467707906879225,0.0296513727021934,0.0552984513857902,NA,100
"G-comp (no cloning)","OR",5,-1,"medium",1,25,"coarse_L",0.486209115500923,0.46965661300255,0.0165525024983723,0.0241351925982089,0.0291662096525025,NA,100
"G-comp (no cloning)","OR",5,-1,"medium",1,25,"nonlinear_L",0.446107222097386,0.46965661300255,-0.0235493909051646,0.0197119897439762,0.0306471976903959,NA,100
"G-comp (no cloning)","OR",5,-1,"medium",1,25,"cloglog",0.449332474297917,0.46965661300255,-0.0203241387046337,0.0192835650416169,0.0279500972447739,NA,100
"G-comp (no cloning)","OR",5,-1,"medium",1,25,"lpm",0.422747438756063,0.46965661300255,-0.046909174246487,0.026893100138933,0.054004417182478,NA,100
"G-comp (no cloning)","OR",8,-1,"medium",1,25,"correct",0.495271819605191,0.510506292913528,-0.0152344733083375,0.0178185129572419,0.0233754911595408,NA,100
"G-comp (no cloning)","OR",8,-1,"medium",1,25,"no_lag",0.502732675448279,0.510506292913528,-0.00777361746524965,0.0184674293913169,0.0199515567647258,NA,100
"G-comp (no cloning)","OR",8,-1,"medium",1,25,"no_tv",0.578002225843643,0.510506292913528,0.0674959329301148,0.0268774504995494,0.0726007874200323,NA,100
"G-comp (no cloning)","OR",8,-1,"medium",1,25,"coarse_L",0.537456102033736,0.510506292913528,0.0269498091202079,0.0214192572248504,0.0343582442199729,NA,100
"G-comp (no cloning)","OR",8,-1,"medium",1,25,"nonlinear_L",0.495707729168135,0.510506292913528,-0.014798563745393,0.0177882043932843,0.0230706198943233,NA,100
"G-comp (no cloning)","OR",8,-1,"medium",1,25,"cloglog",0.498182711994912,0.510506292913528,-0.0123235809186158,0.0179896291197499,0.0217315700069084,NA,100
"G-comp (no cloning)","OR",8,-1,"medium",1,25,"lpm",0.475572013297575,0.510506292913528,-0.0349342796159536,0.0212844666239609,0.0408521985523113,NA,100
"G-comp (no cloning)","OR",2,-0.7,"medium",1,25,"correct",0.513331787069285,0.521686810592693,-0.00835502352340731,0.0339236200642975,0.0347722633195027,NA,100
"G-comp (no cloning)","OR",2,-0.7,"medium",1,25,"no_lag",0.517894568915725,0.521686810592693,-0.00379224167696709,0.0341684373281816,0.0342080163893188,NA,100
"G-comp (no cloning)","OR",2,-0.7,"medium",1,25,"no_tv",0.589878304509032,0.521686810592693,0.0681914939163391,0.0449230718504813,0.0815351544009134,NA,100
"G-comp (no cloning)","OR",2,-0.7,"medium",1,25,"coarse_L",0.560487884834821,0.521686810592693,0.0388010742421286,0.0380515269953368,0.0542122023344676,NA,100
"G-comp (no cloning)","OR",2,-0.7,"medium",1,25,"nonlinear_L",0.513434839955162,0.521686810592693,-0.00825197063753081,0.0346020856608222,0.0354037612148873,NA,100
"G-comp (no cloning)","OR",2,-0.7,"medium",1,25,"cloglog",0.51869807405079,0.521686810592693,-0.00298873654190199,0.0339347075597545,0.033896626373598,NA,100
"G-comp (no cloning)","OR",2,-0.7,"medium",1,25,"lpm",0.512413549313394,0.521686810592693,-0.00927326127929844,0.0490970016592382,0.0497232721264611,NA,100
"G-comp (no cloning)","OR",5,-0.7,"medium",1,25,"correct",0.56191188013218,0.581533658138423,-0.0196217780062432,0.0274016119100594,0.0335909812902675,NA,100
"G-comp (no cloning)","OR",5,-0.7,"medium",1,25,"no_lag",0.570868745761046,0.581533658138423,-0.0106649123773767,0.0285024248550739,0.0302985923173019,NA,100
"G-comp (no cloning)","OR",5,-0.7,"medium",1,25,"no_tv",0.66927491038378,0.581533658138423,0.0877412522453572,0.0437243664979573,0.0979348220449427,NA,100
"G-comp (no cloning)","OR",5,-0.7,"medium",1,25,"coarse_L",0.616729801834978,0.581533658138423,0.0351961436965554,0.0333444920956962,0.0483684311581151,NA,100
"G-comp (no cloning)","OR",5,-0.7,"medium",1,25,"nonlinear_L",0.561780187817018,0.581533658138423,-0.0197534703214056,0.0281313538146377,0.0342587058498791,NA,100
"G-comp (no cloning)","OR",5,-0.7,"medium",1,25,"cloglog",0.563010256979793,0.581533658138423,-0.01852340115863,0.0265555079929215,0.0322685519538456,NA,100
"G-comp (no cloning)","OR",5,-0.7,"medium",1,25,"lpm",0.574702160659473,0.581533658138423,-0.00683149747894995,0.038532772984999,0.0389435001737033,NA,100
"G-comp (no cloning)","OR",8,-0.7,"medium",1,25,"correct",0.601906912681082,0.615800458666507,-0.0138935459854251,0.023495778835368,0.0271948842045493,NA,100
"G-comp (no cloning)","OR",8,-0.7,"medium",1,25,"no_lag",0.613968984774185,0.615800458666507,-0.00183147389232175,0.0247690862441915,0.0247128884118537,NA,100
"G-comp (no cloning)","OR",8,-0.7,"medium",1,25,"no_tv",0.724432753366466,0.615800458666507,0.108632294699958,0.036565499726054,0.114562824966446,NA,100
"G-comp (no cloning)","OR",8,-0.7,"medium",1,25,"coarse_L",0.656432229344863,0.615800458666507,0.0406317706783559,0.0272901632010471,0.0488696865748379,NA,100
"G-comp (no cloning)","OR",8,-0.7,"medium",1,25,"nonlinear_L",0.601656087663943,0.615800458666507,-0.0141443710025642,0.0237632962975403,0.0275519607192233,NA,100
"G-comp (no cloning)","OR",8,-0.7,"medium",1,25,"cloglog",0.602583213104944,0.615800458666507,-0.013217245561563,0.0235755914123238,0.0269248213656299,NA,100
"G-comp (no cloning)","OR",8,-0.7,"medium",1,25,"lpm",0.609092268559212,0.615800458666507,-0.0067081901072955,0.0324666586581829,0.0329930735109403,NA,100
"G-comp (no cloning)","OR",2,-0.5,"medium",1,25,"correct",0.613986764008117,0.625092641725385,-0.0111058777172681,0.0356530794160982,0.0371721827581191,NA,100
"G-comp (no cloning)","OR",2,-0.5,"medium",1,25,"no_lag",0.620332137944537,0.625092641725385,-0.00476050378084811,0.0368544480633532,0.0369774287218747,NA,100
"G-comp (no cloning)","OR",2,-0.5,"medium",1,25,"no_tv",0.717077278940803,0.625092641725385,0.0919846372154177,0.0510376115661935,0.105071227746181,NA,100
"G-comp (no cloning)","OR",2,-0.5,"medium",1,25,"coarse_L",0.672370887027387,0.625092641725385,0.0472782453020016,0.0388073868536081,0.0610424902874856,NA,100
"G-comp (no cloning)","OR",2,-0.5,"medium",1,25,"nonlinear_L",0.613877744631767,0.625092641725385,-0.0112148970936184,0.0353242386047758,0.0368930580393861,NA,100
"G-comp (no cloning)","OR",2,-0.5,"medium",1,25,"cloglog",0.6146496587538,0.625092641725385,-0.0104429829715851,0.0354801126698933,0.0368144795489826,NA,100
"G-comp (no cloning)","OR",2,-0.5,"medium",1,25,"lpm",0.679971197521047,0.625092641725385,0.0548785557956619,0.0634417042842507,0.0836436323355399,NA,100
"G-comp (no cloning)","OR",5,-0.5,"medium",1,25,"correct",0.651553551184324,0.674696170529515,-0.023142619345191,0.0280357178799374,0.0362453071780253,NA,100
"G-comp (no cloning)","OR",5,-0.5,"medium",1,25,"no_lag",0.665333918223287,0.674696170529515,-0.0093622523062273,0.0298138508598872,0.0311067326202882,NA,100
"G-comp (no cloning)","OR",5,-0.5,"medium",1,25,"no_tv",0.798156061699579,0.674696170529515,0.123459891170064,0.0493272419499989,0.132857780194213,NA,100
"G-comp (no cloning)","OR",5,-0.5,"medium",1,25,"coarse_L",0.717552561837904,0.674696170529515,0.0428563913083892,0.0343701092097284,0.0548284747097304,NA,100
"G-comp (no cloning)","OR",5,-0.5,"medium",1,25,"nonlinear_L",0.652748143421036,0.674696170529515,-0.0219480271084784,0.0288613973642083,0.0361436903095282,NA,100
"G-comp (no cloning)","OR",5,-0.5,"medium",1,25,"cloglog",0.650358514355548,0.674696170529515,-0.0243376561739672,0.0279188925402353,0.0369322545088804,NA,100
"G-comp (no cloning)","OR",5,-0.5,"medium",1,25,"lpm",0.706695523023773,0.674696170529515,0.0319993524942582,0.0502189040999463,0.0593352973006911,NA,100
"G-comp (no cloning)","OR",8,-0.5,"medium",1,25,"correct",0.6896777288462,0.70152040342131,-0.0118426745751098,0.0271838054706402,0.0295265749479838,NA,100
"G-comp (no cloning)","OR",8,-0.5,"medium",1,25,"no_lag",0.706172796717086,0.70152040342131,0.00465239329577597,0.0280580018767878,0.028302362410287,NA,100
"G-comp (no cloning)","OR",8,-0.5,"medium",1,25,"no_tv",0.852486805506052,0.70152040342131,0.150966402084743,0.0403534655235485,0.156214508661567,NA,100
"G-comp (no cloning)","OR",8,-0.5,"medium",1,25,"coarse_L",0.757170216436293,0.70152040342131,0.0556498130149834,0.0312639676979059,0.0637539254325266,NA,100
"G-comp (no cloning)","OR",8,-0.5,"medium",1,25,"nonlinear_L",0.689313256518694,0.70152040342131,-0.0122071469026159,0.0274387787687887,0.0299060554072474,NA,100
"G-comp (no cloning)","OR",8,-0.5,"medium",1,25,"cloglog",0.689387515291581,0.70152040342131,-0.0121328881297282,0.0278464629364241,0.0302469538541891,NA,100
"G-comp (no cloning)","OR",8,-0.5,"medium",1,25,"lpm",0.730666829089822,0.70152040342131,0.0291464256685122,0.0398725674629032,0.0492284221661941,NA,100
"G-comp (no cloning)","OR",2,-1,"strong",2,25,"correct",0.392959750334044,0.397593206336786,-0.00463345600274227,0.0168161477679487,0.0173615642159715,NA,100
"G-comp (no cloning)","OR",2,-1,"strong",2,25,"no_lag",0.397345023040257,0.397593206336786,-0.0002481832965296,0.0173420089758158,0.0172568658079264,NA,100
"G-comp (no cloning)","OR",2,-1,"strong",2,25,"no_tv",0.476366315903677,0.397593206336786,0.0787731095668907,0.0278551403048596,0.0835066017978623,NA,100
"G-comp (no cloning)","OR",2,-1,"strong",2,25,"coarse_L",0.439106688072627,0.397593206336786,0.0415134817358402,0.0213767060885632,0.0466450757679392,NA,100
"G-comp (no cloning)","OR",2,-1,"strong",2,25,"nonlinear_L",0.39291469690353,0.397593206336786,-0.00467850943325647,0.0171932621485395,0.0177352933776802,NA,100
"G-comp (no cloning)","OR",2,-1,"strong",2,25,"cloglog",0.398192719820528,0.397593206336786,0.000599513483741574,0.0169701805506089,0.0168957560960808,NA,100
"G-comp (no cloning)","OR",2,-1,"strong",2,25,"lpm",0.390761644367954,0.397593206336786,-0.00683156196883192,0.0285911253493354,0.0292565917903638,NA,100
"G-comp (no cloning)","OR",5,-1,"strong",2,25,"correct",0.445546749885345,0.455656781888052,-0.0101100320027071,0.0187126483726656,0.0211866543872221,NA,100
"G-comp (no cloning)","OR",5,-1,"strong",2,25,"no_lag",0.452516138596747,0.455656781888052,-0.00314064329130461,0.0194756038867991,0.0196308378723671,NA,100
"G-comp (no cloning)","OR",5,-1,"strong",2,25,"no_tv",0.57459506024114,0.455656781888052,0.118938278353088,0.0339592711175308,0.123644708060969,NA,100
"G-comp (no cloning)","OR",5,-1,"strong",2,25,"coarse_L",0.4962530387115,0.455656781888052,0.0405962568234481,0.0234758295352171,0.0468365188151112,NA,100
"G-comp (no cloning)","OR",5,-1,"strong",2,25,"nonlinear_L",0.444964241284225,0.455656781888052,-0.0106925406038271,0.0186575873059519,0.0214232334861691,NA,100
"G-comp (no cloning)","OR",5,-1,"strong",2,25,"cloglog",0.447560536966878,0.455656781888052,-0.0080962449211734,0.0187552115726032,0.0203418180934105,NA,100
"G-comp (no cloning)","OR",5,-1,"strong",2,25,"lpm",0.454968121001443,0.455656781888052,-0.000688660886609209,0.0279668309450593,0.027835165718838,NA,100
"G-comp (no cloning)","OR",8,-1,"strong",2,25,"correct",0.493346717783676,0.503489084518633,-0.0101423667349571,0.0167929655374602,0.0195461315255287,NA,100
"G-comp (no cloning)","OR",8,-1,"strong",2,25,"no_lag",0.503463278511091,0.503489084518633,-2.58060075425809e-05,0.018235398071743,0.0181440103438188,NA,100
"G-comp (no cloning)","OR",8,-1,"strong",2,25,"no_tv",0.656388570149462,0.503489084518633,0.152899485630828,0.0346553456677983,0.15673938802896,NA,100
"G-comp (no cloning)","OR",8,-1,"strong",2,25,"coarse_L",0.55111067247343,0.503489084518633,0.0476215879547969,0.0219476013045697,0.0523898451069534,NA,100
"G-comp (no cloning)","OR",8,-1,"strong",2,25,"nonlinear_L",0.492890127992383,0.503489084518633,-0.0105989565262503,0.0172729420933192,0.0201918018690485,NA,100
"G-comp (no cloning)","OR",8,-1,"strong",2,25,"cloglog",0.494515791259147,0.503489084518633,-0.00897329325948676,0.0168082755516683,0.0189792765318215,NA,100
"G-comp (no cloning)","OR",8,-1,"strong",2,25,"lpm",0.512899055277785,0.503489084518633,0.00940997075915166,0.026691143344048,0.0281751754452476,NA,100
"G-comp (no cloning)","OR",2,-0.7,"strong",2,25,"correct",0.504347900524334,0.523482950163268,-0.0191350496389338,0.0268432607352597,0.0328558239147428,NA,100
"G-comp (no cloning)","OR",2,-0.7,"strong",2,25,"no_lag",0.512007489823271,0.523482950163268,-0.0114754603399971,0.027555956873475,0.029722443399484,NA,100
"G-comp (no cloning)","OR",2,-0.7,"strong",2,25,"no_tv",0.643877417806305,0.523482950163268,0.120394467643036,0.0443226869058135,0.128217328812666,NA,100
"G-comp (no cloning)","OR",2,-0.7,"strong",2,25,"coarse_L",0.568876216893773,0.523482950163268,0.0453932667305052,0.0325488032329684,0.0557618060185133,NA,100
"G-comp (no cloning)","OR",2,-0.7,"strong",2,25,"nonlinear_L",0.504376637125308,0.523482950163268,-0.01910631303796,0.0270356470888566,0.0329949715757203,NA,100
"G-comp (no cloning)","OR",2,-0.7,"strong",2,25,"cloglog",0.50532574041452,0.523482950163268,-0.0181572097487485,0.0265587642510646,0.0320624163908187,NA,100
"G-comp (no cloning)","OR",2,-0.7,"strong",2,25,"lpm",0.582724814173107,0.523482950163268,0.0592418640098387,0.0523251732584442,0.0788678830089991,NA,100
"G-comp (no cloning)","OR",5,-0.7,"strong",2,25,"correct",0.55566053117341,0.570523220850352,-0.0148626896769414,0.0247639741203805,0.028775361240575,NA,100
"G-comp (no cloning)","OR",5,-0.7,"strong",2,25,"no_lag",0.568246155181935,0.570523220850352,-0.00227706566841642,0.0259983257053822,0.0259680349304022,NA,100
"G-comp (no cloning)","OR",5,-0.7,"strong",2,25,"no_tv",0.758720231134888,0.570523220850352,0.188197010284536,0.0436116572876533,0.193134853314724,NA,100
"G-comp (no cloning)","OR",5,-0.7,"strong",2,25,"coarse_L",0.630049236547188,0.570523220850352,0.0595260156968362,0.0289860576516442,0.0661448120984751,NA,100
"G-comp (no cloning)","OR",5,-0.7,"strong",2,25,"nonlinear_L",0.555729743199336,0.570523220850352,-0.0147934776510158,0.0247257711914049,0.0287070915352063,NA,100
"G-comp (no cloning)","OR",5,-0.7,"strong",2,25,"cloglog",0.555277349573198,0.570523220850352,-0.0152458712771539,0.0248137054029434,0.0290172253509078,NA,100
"G-comp (no cloning)","OR",5,-0.7,"strong",2,25,"lpm",0.636194361877841,0.570523220850352,0.0656711410274894,0.0427671562541451,0.0782524000997938,NA,100
"G-comp (no cloning)","OR",8,-0.7,"strong",2,25,"correct",0.596322014130821,0.617658730232718,-0.0213367161018963,0.0235602194917809,0.0316983999136992,NA,100
"G-comp (no cloning)","OR",8,-0.7,"strong",2,25,"no_lag",0.612563197853613,0.617658730232718,-0.00509553237910418,0.024893672288116,0.0252875942116828,NA,100
"G-comp (no cloning)","OR",8,-0.7,"strong",2,25,"no_tv",0.835753807769497,0.617658730232718,0.218095077536779,0.0441084079658391,0.222466984028017,NA,100
"G-comp (no cloning)","OR",8,-0.7,"strong",2,25,"coarse_L",0.679110828601513,0.617658730232718,0.0614520983687957,0.0307709721325587,0.068656715568479,NA,100
"G-comp (no cloning)","OR",8,-0.7,"strong",2,25,"nonlinear_L",0.596432178211845,0.617658730232718,-0.0212265520208725,0.0237375537966027,0.0317553657881459,NA,100
"G-comp (no cloning)","OR",8,-0.7,"strong",2,25,"cloglog",0.596449227755643,0.617658730232718,-0.021209502477075,0.0232796794972052,0.0314064808286876,NA,100
"G-comp (no cloning)","OR",8,-0.7,"strong",2,25,"lpm",0.671302510612882,0.617658730232718,0.0536437803801645,0.0427947179276126,0.0684888982036813,NA,100
"G-comp (no cloning)","OR",2,-0.5,"strong",2,25,"correct",0.613461402049843,0.634874527339976,-0.0214131252901326,0.0398118228845877,0.0450294721673568,NA,100
"G-comp (no cloning)","OR",2,-0.5,"strong",2,25,"no_lag",0.623655769699601,0.634874527339976,-0.011218757640375,0.0408218124628681,0.0421380670180718,NA,100
"G-comp (no cloning)","OR",2,-0.5,"strong",2,25,"no_tv",0.795097860775107,0.634874527339976,0.160223333435132,0.0631650459118802,0.172108806781828,NA,100
"G-comp (no cloning)","OR",2,-0.5,"strong",2,25,"coarse_L",0.691419979065734,0.634874527339976,0.0565454517257587,0.0475566245073613,0.0737319762386641,NA,100
"G-comp (no cloning)","OR",2,-0.5,"strong",2,25,"nonlinear_L",0.612700383419995,0.634874527339976,-0.0221741439199803,0.040127924482461,0.0456710026014471,NA,100
"G-comp (no cloning)","OR",2,-0.5,"strong",2,25,"cloglog",0.610993362528309,0.634874527339976,-0.0238811648116663,0.0387978688947154,0.0453930822617916,NA,100
"G-comp (no cloning)","OR",2,-0.5,"strong",2,25,"lpm",0.827047425324542,0.634874527339976,0.192172897984566,0.108937412630306,0.220633426732366,NA,100
"G-comp (no cloning)","OR",5,-0.5,"strong",2,25,"correct",0.664786596478532,0.667293803841424,-0.00250720736289118,0.0335175619389664,0.0334436657307428,NA,100
"G-comp (no cloning)","OR",5,-0.5,"strong",2,25,"no_lag",0.684212888570066,0.667293803841424,0.0169190847286427,0.0363894225277067,0.0399650297039294,NA,100
"G-comp (no cloning)","OR",5,-0.5,"strong",2,25,"no_tv",0.970136651314765,0.667293803841424,0.302842847473342,0.0724539056988963,0.311305096380185,NA,100
"G-comp (no cloning)","OR",5,-0.5,"strong",2,25,"coarse_L",0.768648816058623,0.667293803841424,0.101355012217199,0.0436012312952941,0.110249241259565,NA,100
"G-comp (no cloning)","OR",5,-0.5,"strong",2,25,"nonlinear_L",0.665410974094245,0.667293803841424,-0.00188282974717815,0.0335421858006381,0.0334271221294706,NA,100
"G-comp (no cloning)","OR",5,-0.5,"strong",2,25,"cloglog",0.663670812303352,0.667293803841424,-0.00362299153807195,0.0327694784928822,0.0328058897329954,NA,100
"G-comp (no cloning)","OR",5,-0.5,"strong",2,25,"lpm",0.867118964568079,0.667293803841424,0.199825160726656,0.0819315099419628,0.215814131737452,NA,100
"G-comp (no cloning)","OR",8,-0.5,"strong",2,25,"correct",0.682974493036184,0.712467200321173,-0.0294927072849889,0.0274420104330154,0.0401914553137568,NA,100
"G-comp (no cloning)","OR",8,-0.5,"strong",2,25,"no_lag",0.70455232215622,0.712467200321173,-0.00791487816495311,0.0301528694285266,0.0310281948522966,NA,100
"G-comp (no cloning)","OR",8,-0.5,"strong",2,25,"no_tv",0.99857005509527,0.712467200321173,0.286102854774097,0.0617077656885133,0.292616837131246,NA,100
"G-comp (no cloning)","OR",8,-0.5,"strong",2,25,"coarse_L",0.78686456156904,0.712467200321173,0.074397361247867,0.0371677757538302,0.0830818661296661,NA,100
"G-comp (no cloning)","OR",8,-0.5,"strong",2,25,"nonlinear_L",0.683268704352227,0.712467200321173,-0.0291984959689454,0.0271005934921044,0.0397448098850223,NA,100
"G-comp (no cloning)","OR",8,-0.5,"strong",2,25,"cloglog",0.682176829471429,0.712467200321173,-0.0302903708497435,0.0275851557936268,0.0408758850445108,NA,100
"G-comp (no cloning)","OR",8,-0.5,"strong",2,25,"lpm",0.834238771025657,0.712467200321173,0.121771570704484,0.0544967565284767,0.133298585661064,NA,100
"IPTW (no cloning)","OR",2,-1,"small",0.4,25,"correct",0.402860576698305,0.395980211524218,0.00688036517408629,0.070589979696198,0.0705723402339991,NA,100
"IPTW (no cloning)","OR",2,-1,"small",0.4,25,"no_lag",0.402860576698305,0.395980211524218,0.00688036517408629,0.070589979696198,0.0705723402339991,NA,100
"IPTW (no cloning)","OR",2,-1,"small",0.4,25,"no_tv",0.402860576698305,0.395980211524218,0.00688036517408629,0.070589979696198,0.0705723402339991,NA,100
"IPTW (no cloning)","OR",2,-1,"small",0.4,25,"coarse_L",0.402860576698305,0.395980211524218,0.00688036517408629,0.070589979696198,0.0705723402339991,NA,100
"IPTW (no cloning)","OR",2,-1,"small",0.4,25,"nonlinear_L",0.402860576698305,0.395980211524218,0.00688036517408629,0.070589979696198,0.0705723402339991,NA,100
"IPTW (no cloning)","OR",2,-1,"small",0.4,25,"cloglog",0.402860576698305,0.395980211524218,0.00688036517408629,0.070589979696198,0.0705723402339991,NA,100
"IPTW (no cloning)","OR",2,-1,"small",0.4,25,"lpm",0.402860576698305,0.395980211524218,0.00688036517408629,0.070589979696198,0.0705723402339991,NA,100
"IPTW (no cloning)","OR",5,-1,"small",0.4,25,"correct",0.49978387051926,0.475944887890831,0.0238389826284288,0.0551763959452361,0.0598522131217296,NA,100
"IPTW (no cloning)","OR",5,-1,"small",0.4,25,"no_lag",0.49978387051926,0.475944887890831,0.0238389826284288,0.0551763959452361,0.0598522131217296,NA,100
"IPTW (no cloning)","OR",5,-1,"small",0.4,25,"no_tv",0.49978387051926,0.475944887890831,0.0238389826284288,0.0551763959452361,0.0598522131217296,NA,100
"IPTW (no cloning)","OR",5,-1,"small",0.4,25,"coarse_L",0.49978387051926,0.475944887890831,0.0238389826284288,0.0551763959452361,0.0598522131217296,NA,100
"IPTW (no cloning)","OR",5,-1,"small",0.4,25,"nonlinear_L",0.49978387051926,0.475944887890831,0.0238389826284288,0.0551763959452361,0.0598522131217296,NA,100
"IPTW (no cloning)","OR",5,-1,"small",0.4,25,"cloglog",0.49978387051926,0.475944887890831,0.0238389826284288,0.0551763959452361,0.0598522131217296,NA,100
"IPTW (no cloning)","OR",5,-1,"small",0.4,25,"lpm",0.49978387051926,0.475944887890831,0.0238389826284288,0.0551763959452361,0.0598522131217296,NA,100
"IPTW (no cloning)","OR",8,-1,"small",0.4,25,"correct",0.584161267425115,0.52550094078331,0.0586603266418049,0.0480891313945465,0.0756998866209348,NA,100
"IPTW (no cloning)","OR",8,-1,"small",0.4,25,"no_lag",0.584161267425115,0.52550094078331,0.0586603266418049,0.0480891313945465,0.0756998866209348,NA,100
"IPTW (no cloning)","OR",8,-1,"small",0.4,25,"no_tv",0.584161267425115,0.52550094078331,0.0586603266418049,0.0480891313945465,0.0756998866209348,NA,100
"IPTW (no cloning)","OR",8,-1,"small",0.4,25,"coarse_L",0.584161267425115,0.52550094078331,0.0586603266418049,0.0480891313945465,0.0756998866209348,NA,100
"IPTW (no cloning)","OR",8,-1,"small",0.4,25,"nonlinear_L",0.584161267425115,0.52550094078331,0.0586603266418049,0.0480891313945465,0.0756998866209348,NA,100
"IPTW (no cloning)","OR",8,-1,"small",0.4,25,"cloglog",0.584161267425115,0.52550094078331,0.0586603266418049,0.0480891313945465,0.0756998866209348,NA,100
"IPTW (no cloning)","OR",8,-1,"small",0.4,25,"lpm",0.584161267425115,0.52550094078331,0.0586603266418049,0.0480891313945465,0.0756998866209348,NA,100
"IPTW (no cloning)","OR",2,-0.7,"small",0.4,25,"correct",0.548125955206486,0.515785553758757,0.0323404014477286,0.101616619705624,0.106153566083263,NA,100
"IPTW (no cloning)","OR",2,-0.7,"small",0.4,25,"no_lag",0.548125955206486,0.515785553758757,0.0323404014477286,0.101616619705624,0.106153566083263,NA,100
"IPTW (no cloning)","OR",2,-0.7,"small",0.4,25,"no_tv",0.548125955206486,0.515785553758757,0.0323404014477286,0.101616619705624,0.106153566083263,NA,100
"IPTW (no cloning)","OR",2,-0.7,"small",0.4,25,"coarse_L",0.548125955206486,0.515785553758757,0.0323404014477286,0.101616619705624,0.106153566083263,NA,100
"IPTW (no cloning)","OR",2,-0.7,"small",0.4,25,"nonlinear_L",0.548125955206486,0.515785553758757,0.0323404014477286,0.101616619705624,0.106153566083263,NA,100
"IPTW (no cloning)","OR",2,-0.7,"small",0.4,25,"cloglog",0.548125955206486,0.515785553758757,0.0323404014477286,0.101616619705624,0.106153566083263,NA,100
"IPTW (no cloning)","OR",2,-0.7,"small",0.4,25,"lpm",0.548125955206486,0.515785553758757,0.0323404014477286,0.101616619705624,0.106153566083263,NA,100
"IPTW (no cloning)","OR",5,-0.7,"small",0.4,25,"correct",0.621259161867067,0.584882879899219,0.0363762819678476,0.0630351176053976,0.0725046597179478,NA,100
"IPTW (no cloning)","OR",5,-0.7,"small",0.4,25,"no_lag",0.621259161867067,0.584882879899219,0.0363762819678476,0.0630351176053976,0.0725046597179478,NA,100
"IPTW (no cloning)","OR",5,-0.7,"small",0.4,25,"no_tv",0.621259161867067,0.584882879899219,0.0363762819678476,0.0630351176053976,0.0725046597179478,NA,100
"IPTW (no cloning)","OR",5,-0.7,"small",0.4,25,"coarse_L",0.621259161867067,0.584882879899219,0.0363762819678476,0.0630351176053976,0.0725046597179478,NA,100
"IPTW (no cloning)","OR",5,-0.7,"small",0.4,25,"nonlinear_L",0.621259161867067,0.584882879899219,0.0363762819678476,0.0630351176053976,0.0725046597179478,NA,100
"IPTW (no cloning)","OR",5,-0.7,"small",0.4,25,"cloglog",0.621259161867067,0.584882879899219,0.0363762819678476,0.0630351176053976,0.0725046597179478,NA,100
"IPTW (no cloning)","OR",5,-0.7,"small",0.4,25,"lpm",0.621259161867067,0.584882879899219,0.0363762819678476,0.0630351176053976,0.0725046597179478,NA,100
"IPTW (no cloning)","OR",8,-0.7,"small",0.4,25,"correct",0.709333702171941,0.627234826617113,0.0820988755548276,0.0541056953554551,0.0981752380927361,NA,100
"IPTW (no cloning)","OR",8,-0.7,"small",0.4,25,"no_lag",0.709333702171941,0.627234826617113,0.0820988755548276,0.0541056953554551,0.0981752380927361,NA,100
"IPTW (no cloning)","OR",8,-0.7,"small",0.4,25,"no_tv",0.709333702171941,0.627234826617113,0.0820988755548276,0.0541056953554551,0.0981752380927361,NA,100
"IPTW (no cloning)","OR",8,-0.7,"small",0.4,25,"coarse_L",0.709333702171941,0.627234826617113,0.0820988755548276,0.0541056953554551,0.0981752380927361,NA,100
"IPTW (no cloning)","OR",8,-0.7,"small",0.4,25,"nonlinear_L",0.709333702171941,0.627234826617113,0.0820988755548276,0.0541056953554551,0.0981752380927361,NA,100
"IPTW (no cloning)","OR",8,-0.7,"small",0.4,25,"cloglog",0.709333702171941,0.627234826617113,0.0820988755548276,0.0541056953554551,0.0981752380927361,NA,100
"IPTW (no cloning)","OR",8,-0.7,"small",0.4,25,"lpm",0.709333702171941,0.627234826617113,0.0820988755548276,0.0541056953554551,0.0981752380927361,NA,100
"IPTW (no cloning)","OR",2,-0.5,"small",0.4,25,"correct",0.665717222472236,0.620201383623443,0.0455158388487936,0.146665961009255,0.152864275302276,NA,100
"IPTW (no cloning)","OR",2,-0.5,"small",0.4,25,"no_lag",0.665717222472236,0.620201383623443,0.0455158388487936,0.146665961009255,0.152864275302276,NA,100
"IPTW (no cloning)","OR",2,-0.5,"small",0.4,25,"no_tv",0.665717222472236,0.620201383623443,0.0455158388487936,0.146665961009255,0.152864275302276,NA,100
"IPTW (no cloning)","OR",2,-0.5,"small",0.4,25,"coarse_L",0.665717222472236,0.620201383623443,0.0455158388487936,0.146665961009255,0.152864275302276,NA,100
"IPTW (no cloning)","OR",2,-0.5,"small",0.4,25,"nonlinear_L",0.665717222472236,0.620201383623443,0.0455158388487936,0.146665961009255,0.152864275302276,NA,100
"IPTW (no cloning)","OR",2,-0.5,"small",0.4,25,"cloglog",0.665717222472236,0.620201383623443,0.0455158388487936,0.146665961009255,0.152864275302276,NA,100
"IPTW (no cloning)","OR",2,-0.5,"small",0.4,25,"lpm",0.665717222472236,0.620201383623443,0.0455158388487936,0.146665961009255,0.152864275302276,NA,100
"IPTW (no cloning)","OR",5,-0.5,"small",0.4,25,"correct",0.762380954124649,0.677219536705431,0.0851614174192179,0.101234968747841,0.131903376474042,NA,100
"IPTW (no cloning)","OR",5,-0.5,"small",0.4,25,"no_lag",0.762380954124649,0.677219536705431,0.0851614174192179,0.101234968747841,0.131903376474042,NA,100
"IPTW (no cloning)","OR",5,-0.5,"small",0.4,25,"no_tv",0.762380954124649,0.677219536705431,0.0851614174192179,0.101234968747841,0.131903376474042,NA,100
"IPTW (no cloning)","OR",5,-0.5,"small",0.4,25,"coarse_L",0.762380954124649,0.677219536705431,0.0851614174192179,0.101234968747841,0.131903376474042,NA,100
"IPTW (no cloning)","OR",5,-0.5,"small",0.4,25,"nonlinear_L",0.762380954124649,0.677219536705431,0.0851614174192179,0.101234968747841,0.131903376474042,NA,100
"IPTW (no cloning)","OR",5,-0.5,"small",0.4,25,"cloglog",0.762380954124649,0.677219536705431,0.0851614174192179,0.101234968747841,0.131903376474042,NA,100
"IPTW (no cloning)","OR",5,-0.5,"small",0.4,25,"lpm",0.762380954124649,0.677219536705431,0.0851614174192179,0.101234968747841,0.131903376474042,NA,100
"IPTW (no cloning)","OR",8,-0.5,"small",0.4,25,"correct",0.842661441663224,0.711357484010723,0.131303957652501,0.0805394162453625,0.153826073500763,NA,100
"IPTW (no cloning)","OR",8,-0.5,"small",0.4,25,"no_lag",0.842661441663224,0.711357484010723,0.131303957652501,0.0805394162453625,0.153826073500763,NA,100
"IPTW (no cloning)","OR",8,-0.5,"small",0.4,25,"no_tv",0.842661441663224,0.711357484010723,0.131303957652501,0.0805394162453625,0.153826073500763,NA,100
"IPTW (no cloning)","OR",8,-0.5,"small",0.4,25,"coarse_L",0.842661441663224,0.711357484010723,0.131303957652501,0.0805394162453625,0.153826073500763,NA,100
"IPTW (no cloning)","OR",8,-0.5,"small",0.4,25,"nonlinear_L",0.842661441663224,0.711357484010723,0.131303957652501,0.0805394162453625,0.153826073500763,NA,100
"IPTW (no cloning)","OR",8,-0.5,"small",0.4,25,"cloglog",0.842661441663224,0.711357484010723,0.131303957652501,0.0805394162453625,0.153826073500763,NA,100
"IPTW (no cloning)","OR",8,-0.5,"small",0.4,25,"lpm",0.842661441663224,0.711357484010723,0.131303957652501,0.0805394162453625,0.153826073500763,NA,100
"IPTW (no cloning)","OR",2,-1,"medium",1,25,"correct",0.440453541551039,0.398450887254619,0.0420026542964196,0.0909422443892586,0.0997597607472803,NA,100
"IPTW (no cloning)","OR",2,-1,"medium",1,25,"no_lag",0.440453541551039,0.398450887254619,0.0420026542964196,0.0909422443892586,0.0997597607472803,NA,100
"IPTW (no cloning)","OR",2,-1,"medium",1,25,"no_tv",0.440453541551039,0.398450887254619,0.0420026542964196,0.0909422443892586,0.0997597607472803,NA,100
"IPTW (no cloning)","OR",2,-1,"medium",1,25,"coarse_L",0.440453541551039,0.398450887254619,0.0420026542964196,0.0909422443892586,0.0997597607472803,NA,100
"IPTW (no cloning)","OR",2,-1,"medium",1,25,"nonlinear_L",0.440453541551039,0.398450887254619,0.0420026542964196,0.0909422443892586,0.0997597607472803,NA,100
"IPTW (no cloning)","OR",2,-1,"medium",1,25,"cloglog",0.440453541551039,0.398450887254619,0.0420026542964196,0.0909422443892586,0.0997597607472803,NA,100
"IPTW (no cloning)","OR",2,-1,"medium",1,25,"lpm",0.440453541551039,0.398450887254619,0.0420026542964196,0.0909422443892586,0.0997597607472803,NA,100
"IPTW (no cloning)","OR",5,-1,"medium",1,25,"correct",0.597723798718075,0.46965661300255,0.128067185715524,0.0864056780451133,0.154248130761919,NA,100
"IPTW (no cloning)","OR",5,-1,"medium",1,25,"no_lag",0.597723798718075,0.46965661300255,0.128067185715524,0.0864056780451133,0.154248130761919,NA,100
"IPTW (no cloning)","OR",5,-1,"medium",1,25,"no_tv",0.597723798718075,0.46965661300255,0.128067185715524,0.0864056780451133,0.154248130761919,NA,100
"IPTW (no cloning)","OR",5,-1,"medium",1,25,"coarse_L",0.597723798718075,0.46965661300255,0.128067185715524,0.0864056780451133,0.154248130761919,NA,100
"IPTW (no cloning)","OR",5,-1,"medium",1,25,"nonlinear_L",0.597723798718075,0.46965661300255,0.128067185715524,0.0864056780451133,0.154248130761919,NA,100
"IPTW (no cloning)","OR",5,-1,"medium",1,25,"cloglog",0.597723798718075,0.46965661300255,0.128067185715524,0.0864056780451133,0.154248130761919,NA,100
"IPTW (no cloning)","OR",5,-1,"medium",1,25,"lpm",0.597723798718075,0.46965661300255,0.128067185715524,0.0864056780451133,0.154248130761919,NA,100
"IPTW (no cloning)","OR",8,-1,"medium",1,25,"correct",0.768820989172166,0.510506292913528,0.258314696258638,0.117465404545326,0.283525346936635,NA,100
"IPTW (no cloning)","OR",8,-1,"medium",1,25,"no_lag",0.768820989172166,0.510506292913528,0.258314696258638,0.117465404545326,0.283525346936635,NA,100
"IPTW (no cloning)","OR",8,-1,"medium",1,25,"no_tv",0.768820989172166,0.510506292913528,0.258314696258638,0.117465404545326,0.283525346936635,NA,100
"IPTW (no cloning)","OR",8,-1,"medium",1,25,"coarse_L",0.768820989172166,0.510506292913528,0.258314696258638,0.117465404545326,0.283525346936635,NA,100
"IPTW (no cloning)","OR",8,-1,"medium",1,25,"nonlinear_L",0.768820989172166,0.510506292913528,0.258314696258638,0.117465404545326,0.283525346936635,NA,100
"IPTW (no cloning)","OR",8,-1,"medium",1,25,"cloglog",0.768820989172166,0.510506292913528,0.258314696258638,0.117465404545326,0.283525346936635,NA,100
"IPTW (no cloning)","OR",8,-1,"medium",1,25,"lpm",0.768820989172166,0.510506292913528,0.258314696258638,0.117465404545326,0.283525346936635,NA,100
"IPTW (no cloning)","OR",2,-0.7,"medium",1,25,"correct",0.611835538394077,0.521686810592693,0.0901487278013846,0.162885906353379,0.185454289321882,NA,100
"IPTW (no cloning)","OR",2,-0.7,"medium",1,25,"no_lag",0.611835538394077,0.521686810592693,0.0901487278013846,0.162885906353379,0.185454289321882,NA,100
"IPTW (no cloning)","OR",2,-0.7,"medium",1,25,"no_tv",0.611835538394077,0.521686810592693,0.0901487278013846,0.162885906353379,0.185454289321882,NA,100
"IPTW (no cloning)","OR",2,-0.7,"medium",1,25,"coarse_L",0.611835538394077,0.521686810592693,0.0901487278013846,0.162885906353379,0.185454289321882,NA,100
"IPTW (no cloning)","OR",2,-0.7,"medium",1,25,"nonlinear_L",0.611835538394077,0.521686810592693,0.0901487278013846,0.162885906353379,0.185454289321882,NA,100
"IPTW (no cloning)","OR",2,-0.7,"medium",1,25,"cloglog",0.611835538394077,0.521686810592693,0.0901487278013846,0.162885906353379,0.185454289321882,NA,100
"IPTW (no cloning)","OR",2,-0.7,"medium",1,25,"lpm",0.611835538394077,0.521686810592693,0.0901487278013846,0.162885906353379,0.185454289321882,NA,100
"IPTW (no cloning)","OR",5,-0.7,"medium",1,25,"correct",0.799360233115446,0.581533658138423,0.217826574977023,0.159818486454336,0.269694171039438,NA,100
"IPTW (no cloning)","OR",5,-0.7,"medium",1,25,"no_lag",0.799360233115446,0.581533658138423,0.217826574977023,0.159818486454336,0.269694171039438,NA,100
"IPTW (no cloning)","OR",5,-0.7,"medium",1,25,"no_tv",0.799360233115446,0.581533658138423,0.217826574977023,0.159818486454336,0.269694171039438,NA,100
"IPTW (no cloning)","OR",5,-0.7,"medium",1,25,"coarse_L",0.799360233115446,0.581533658138423,0.217826574977023,0.159818486454336,0.269694171039438,NA,100
"IPTW (no cloning)","OR",5,-0.7,"medium",1,25,"nonlinear_L",0.799360233115446,0.581533658138423,0.217826574977023,0.159818486454336,0.269694171039438,NA,100
"IPTW (no cloning)","OR",5,-0.7,"medium",1,25,"cloglog",0.799360233115446,0.581533658138423,0.217826574977023,0.159818486454336,0.269694171039438,NA,100
"IPTW (no cloning)","OR",5,-0.7,"medium",1,25,"lpm",0.799360233115446,0.581533658138423,0.217826574977023,0.159818486454336,0.269694171039438,NA,100
"IPTW (no cloning)","OR",8,-0.7,"medium",1,25,"correct",0.9333008137063,0.615800458666507,0.317500355039793,0.151098019467359,0.351295859387046,NA,100
"IPTW (no cloning)","OR",8,-0.7,"medium",1,25,"no_lag",0.9333008137063,0.615800458666507,0.317500355039793,0.151098019467359,0.351295859387046,NA,100
"IPTW (no cloning)","OR",8,-0.7,"medium",1,25,"no_tv",0.9333008137063,0.615800458666507,0.317500355039793,0.151098019467359,0.351295859387046,NA,100
"IPTW (no cloning)","OR",8,-0.7,"medium",1,25,"coarse_L",0.9333008137063,0.615800458666507,0.317500355039793,0.151098019467359,0.351295859387046,NA,100
"IPTW (no cloning)","OR",8,-0.7,"medium",1,25,"nonlinear_L",0.9333008137063,0.615800458666507,0.317500355039793,0.151098019467359,0.351295859387046,NA,100
"IPTW (no cloning)","OR",8,-0.7,"medium",1,25,"cloglog",0.9333008137063,0.615800458666507,0.317500355039793,0.151098019467359,0.351295859387046,NA,100
"IPTW (no cloning)","OR",8,-0.7,"medium",1,25,"lpm",0.9333008137063,0.615800458666507,0.317500355039793,0.151098019467359,0.351295859387046,NA,100
"IPTW (no cloning)","OR",2,-0.5,"medium",1,25,"correct",0.694811062051314,0.625092641725385,0.0697184203259287,0.246667914536275,0.25514166181516,NA,100
"IPTW (no cloning)","OR",2,-0.5,"medium",1,25,"no_lag",0.694811062051314,0.625092641725385,0.0697184203259287,0.246667914536275,0.25514166181516,NA,100
"IPTW (no cloning)","OR",2,-0.5,"medium",1,25,"no_tv",0.694811062051314,0.625092641725385,0.0697184203259287,0.246667914536275,0.25514166181516,NA,100
"IPTW (no cloning)","OR",2,-0.5,"medium",1,25,"coarse_L",0.694811062051314,0.625092641725385,0.0697184203259287,0.246667914536275,0.25514166181516,NA,100
"IPTW (no cloning)","OR",2,-0.5,"medium",1,25,"nonlinear_L",0.694811062051314,0.625092641725385,0.0697184203259287,0.246667914536275,0.25514166181516,NA,100
"IPTW (no cloning)","OR",2,-0.5,"medium",1,25,"cloglog",0.694811062051314,0.625092641725385,0.0697184203259287,0.246667914536275,0.25514166181516,NA,100
"IPTW (no cloning)","OR",2,-0.5,"medium",1,25,"lpm",0.694811062051314,0.625092641725385,0.0697184203259287,0.246667914536275,0.25514166181516,NA,100
"IPTW (no cloning)","OR",5,-0.5,"medium",1,25,"correct",0.874990301703384,0.674696170529515,0.200294131173869,0.191622166339648,0.27653137809129,NA,100
"IPTW (no cloning)","OR",5,-0.5,"medium",1,25,"no_lag",0.874990301703384,0.674696170529515,0.200294131173869,0.191622166339648,0.27653137809129,NA,100
"IPTW (no cloning)","OR",5,-0.5,"medium",1,25,"no_tv",0.874990301703384,0.674696170529515,0.200294131173869,0.191622166339648,0.27653137809129,NA,100
"IPTW (no cloning)","OR",5,-0.5,"medium",1,25,"coarse_L",0.874990301703384,0.674696170529515,0.200294131173869,0.191622166339648,0.27653137809129,NA,100
"IPTW (no cloning)","OR",5,-0.5,"medium",1,25,"nonlinear_L",0.874990301703384,0.674696170529515,0.200294131173869,0.191622166339648,0.27653137809129,NA,100
"IPTW (no cloning)","OR",5,-0.5,"medium",1,25,"cloglog",0.874990301703384,0.674696170529515,0.200294131173869,0.191622166339648,0.27653137809129,NA,100
"IPTW (no cloning)","OR",5,-0.5,"medium",1,25,"lpm",0.874990301703384,0.674696170529515,0.200294131173869,0.191622166339648,0.27653137809129,NA,100
"IPTW (no cloning)","OR",8,-0.5,"medium",1,25,"correct",1.07057810917806,0.70152040342131,0.369057705756751,0.187206110945441,0.413399633374293,NA,100
"IPTW (no cloning)","OR",8,-0.5,"medium",1,25,"no_lag",1.07057810917806,0.70152040342131,0.369057705756751,0.187206110945441,0.413399633374293,NA,100
"IPTW (no cloning)","OR",8,-0.5,"medium",1,25,"no_tv",1.07057810917806,0.70152040342131,0.369057705756751,0.187206110945441,0.413399633374293,NA,100
"IPTW (no cloning)","OR",8,-0.5,"medium",1,25,"coarse_L",1.07057810917806,0.70152040342131,0.369057705756751,0.187206110945441,0.413399633374293,NA,100
"IPTW (no cloning)","OR",8,-0.5,"medium",1,25,"nonlinear_L",1.07057810917806,0.70152040342131,0.369057705756751,0.187206110945441,0.413399633374293,NA,100
"IPTW (no cloning)","OR",8,-0.5,"medium",1,25,"cloglog",1.07057810917806,0.70152040342131,0.369057705756751,0.187206110945441,0.413399633374293,NA,100
"IPTW (no cloning)","OR",8,-0.5,"medium",1,25,"lpm",1.07057810917806,0.70152040342131,0.369057705756751,0.187206110945441,0.413399633374293,NA,100
"IPTW (no cloning)","OR",2,-1,"strong",2,25,"correct",0.560469223401467,0.397593206336786,0.162876017064681,0.176172960482252,0.239280462679017,NA,100
"IPTW (no cloning)","OR",2,-1,"strong",2,25,"no_lag",0.560469223401467,0.397593206336786,0.162876017064681,0.176172960482252,0.239280462679017,NA,100
"IPTW (no cloning)","OR",2,-1,"strong",2,25,"no_tv",0.560469223401467,0.397593206336786,0.162876017064681,0.176172960482252,0.239280462679017,NA,100
"IPTW (no cloning)","OR",2,-1,"strong",2,25,"coarse_L",0.560469223401467,0.397593206336786,0.162876017064681,0.176172960482252,0.239280462679017,NA,100
"IPTW (no cloning)","OR",2,-1,"strong",2,25,"nonlinear_L",0.560469223401467,0.397593206336786,0.162876017064681,0.176172960482252,0.239280462679017,NA,100
"IPTW (no cloning)","OR",2,-1,"strong",2,25,"cloglog",0.560469223401467,0.397593206336786,0.162876017064681,0.176172960482252,0.239280462679017,NA,100
"IPTW (no cloning)","OR",2,-1,"strong",2,25,"lpm",0.560469223401467,0.397593206336786,0.162876017064681,0.176172960482252,0.239280462679017,NA,100
"IPTW (no cloning)","OR",5,-1,"strong",2,25,"correct",0.750157229753323,0.455656781888052,0.294500447865272,0.306029076234038,0.423612761066634,NA,100
"IPTW (no cloning)","OR",5,-1,"strong",2,25,"no_lag",0.750157229753323,0.455656781888052,0.294500447865272,0.306029076234038,0.423612761066634,NA,100
"IPTW (no cloning)","OR",5,-1,"strong",2,25,"no_tv",0.750157229753323,0.455656781888052,0.294500447865272,0.306029076234038,0.423612761066634,NA,100
"IPTW (no cloning)","OR",5,-1,"strong",2,25,"coarse_L",0.750157229753323,0.455656781888052,0.294500447865272,0.306029076234038,0.423612761066634,NA,100
"IPTW (no cloning)","OR",5,-1,"strong",2,25,"nonlinear_L",0.750157229753323,0.455656781888052,0.294500447865272,0.306029076234038,0.423612761066634,NA,100
"IPTW (no cloning)","OR",5,-1,"strong",2,25,"cloglog",0.750157229753323,0.455656781888052,0.294500447865272,0.306029076234038,0.423612761066634,NA,100
"IPTW (no cloning)","OR",5,-1,"strong",2,25,"lpm",0.750157229753323,0.455656781888052,0.294500447865272,0.306029076234038,0.423612761066634,NA,100
"IPTW (no cloning)","OR",8,-1,"strong",2,25,"correct",0.937794458694015,0.503489084518633,0.434305374175381,0.311897184006491,0.533786673583076,NA,100
"IPTW (no cloning)","OR",8,-1,"strong",2,25,"no_lag",0.937794458694015,0.503489084518633,0.434305374175381,0.311897184006491,0.533786673583076,NA,100
"IPTW (no cloning)","OR",8,-1,"strong",2,25,"no_tv",0.937794458694015,0.503489084518633,0.434305374175381,0.311897184006491,0.533786673583076,NA,100
"IPTW (no cloning)","OR",8,-1,"strong",2,25,"coarse_L",0.937794458694015,0.503489084518633,0.434305374175381,0.311897184006491,0.533786673583076,NA,100
"IPTW (no cloning)","OR",8,-1,"strong",2,25,"nonlinear_L",0.937794458694015,0.503489084518633,0.434305374175381,0.311897184006491,0.533786673583076,NA,100
"IPTW (no cloning)","OR",8,-1,"strong",2,25,"cloglog",0.937794458694015,0.503489084518633,0.434305374175381,0.311897184006491,0.533786673583076,NA,100
"IPTW (no cloning)","OR",8,-1,"strong",2,25,"lpm",0.937794458694015,0.503489084518633,0.434305374175381,0.311897184006491,0.533786673583076,NA,100
"IPTW (no cloning)","OR",2,-0.7,"strong",2,25,"correct",0.81125746819528,0.523482950163268,0.287774518032011,0.477438525351824,0.555411778110421,NA,100
"IPTW (no cloning)","OR",2,-0.7,"strong",2,25,"no_lag",0.81125746819528,0.523482950163268,0.287774518032011,0.477438525351824,0.555411778110421,NA,100
"IPTW (no cloning)","OR",2,-0.7,"strong",2,25,"no_tv",0.81125746819528,0.523482950163268,0.287774518032011,0.477438525351824,0.555411778110421,NA,100
"IPTW (no cloning)","OR",2,-0.7,"strong",2,25,"coarse_L",0.81125746819528,0.523482950163268,0.287774518032011,0.477438525351824,0.555411778110421,NA,100
"IPTW (no cloning)","OR",2,-0.7,"strong",2,25,"nonlinear_L",0.81125746819528,0.523482950163268,0.287774518032011,0.477438525351824,0.555411778110421,NA,100
"IPTW (no cloning)","OR",2,-0.7,"strong",2,25,"cloglog",0.81125746819528,0.523482950163268,0.287774518032011,0.477438525351824,0.555411778110421,NA,100
"IPTW (no cloning)","OR",2,-0.7,"strong",2,25,"lpm",0.81125746819528,0.523482950163268,0.287774518032011,0.477438525351824,0.555411778110421,NA,100
"IPTW (no cloning)","OR",5,-0.7,"strong",2,25,"correct",0.951079535373618,0.570523220850352,0.380556314523266,0.474001354855534,0.606014537849022,NA,100
"IPTW (no cloning)","OR",5,-0.7,"strong",2,25,"no_lag",0.951079535373618,0.570523220850352,0.380556314523266,0.474001354855534,0.606014537849022,NA,100
"IPTW (no cloning)","OR",5,-0.7,"strong",2,25,"no_tv",0.951079535373618,0.570523220850352,0.380556314523266,0.474001354855534,0.606014537849022,NA,100
"IPTW (no cloning)","OR",5,-0.7,"strong",2,25,"coarse_L",0.951079535373618,0.570523220850352,0.380556314523266,0.474001354855534,0.606014537849022,NA,100
"IPTW (no cloning)","OR",5,-0.7,"strong",2,25,"nonlinear_L",0.951079535373618,0.570523220850352,0.380556314523266,0.474001354855534,0.606014537849022,NA,100
"IPTW (no cloning)","OR",5,-0.7,"strong",2,25,"cloglog",0.951079535373618,0.570523220850352,0.380556314523266,0.474001354855534,0.606014537849022,NA,100
"IPTW (no cloning)","OR",5,-0.7,"strong",2,25,"lpm",0.951079535373618,0.570523220850352,0.380556314523266,0.474001354855534,0.606014537849022,NA,100
"IPTW (no cloning)","OR",8,-0.7,"strong",2,25,"correct",1.24099742307712,0.617658730232718,0.623338692844401,0.429480146070158,0.755751142841826,NA,100
"IPTW (no cloning)","OR",8,-0.7,"strong",2,25,"no_lag",1.24099742307712,0.617658730232718,0.623338692844401,0.429480146070158,0.755751142841826,NA,100
"IPTW (no cloning)","OR",8,-0.7,"strong",2,25,"no_tv",1.24099742307712,0.617658730232718,0.623338692844401,0.429480146070158,0.755751142841826,NA,100
"IPTW (no cloning)","OR",8,-0.7,"strong",2,25,"coarse_L",1.24099742307712,0.617658730232718,0.623338692844401,0.429480146070158,0.755751142841826,NA,100
"IPTW (no cloning)","OR",8,-0.7,"strong",2,25,"nonlinear_L",1.24099742307712,0.617658730232718,0.623338692844401,0.429480146070158,0.755751142841826,NA,100
"IPTW (no cloning)","OR",8,-0.7,"strong",2,25,"cloglog",1.24099742307712,0.617658730232718,0.623338692844401,0.429480146070158,0.755751142841826,NA,100
"IPTW (no cloning)","OR",8,-0.7,"strong",2,25,"lpm",1.24099742307712,0.617658730232718,0.623338692844401,0.429480146070158,0.755751142841826,NA,100
"IPTW (no cloning)","OR",2,-0.5,"strong",2,25,"correct",1.20320848513401,0.634874527339976,0.568333957794033,0.650721961921508,0.861515042579952,NA,100
"IPTW (no cloning)","OR",2,-0.5,"strong",2,25,"no_lag",1.20320848513401,0.634874527339976,0.568333957794033,0.650721961921508,0.861515042579952,NA,100
"IPTW (no cloning)","OR",2,-0.5,"strong",2,25,"no_tv",1.20320848513401,0.634874527339976,0.568333957794033,0.650721961921508,0.861515042579952,NA,100
"IPTW (no cloning)","OR",2,-0.5,"strong",2,25,"coarse_L",1.20320848513401,0.634874527339976,0.568333957794033,0.650721961921508,0.861515042579952,NA,100
"IPTW (no cloning)","OR",2,-0.5,"strong",2,25,"nonlinear_L",1.20320848513401,0.634874527339976,0.568333957794033,0.650721961921508,0.861515042579952,NA,100
"IPTW (no cloning)","OR",2,-0.5,"strong",2,25,"cloglog",1.20320848513401,0.634874527339976,0.568333957794033,0.650721961921508,0.861515042579952,NA,100
"IPTW (no cloning)","OR",2,-0.5,"strong",2,25,"lpm",1.20320848513401,0.634874527339976,0.568333957794033,0.650721961921508,0.861515042579952,NA,100
"IPTW (no cloning)","OR",5,-0.5,"strong",2,25,"correct",1.27677915550674,0.667293803841424,0.60948535166532,0.710040646288314,0.933053340427175,NA,100
"IPTW (no cloning)","OR",5,-0.5,"strong",2,25,"no_lag",1.27677915550674,0.667293803841424,0.60948535166532,0.710040646288314,0.933053340427175,NA,100
"IPTW (no cloning)","OR",5,-0.5,"strong",2,25,"no_tv",1.27677915550674,0.667293803841424,0.60948535166532,0.710040646288314,0.933053340427175,NA,100
"IPTW (no cloning)","OR",5,-0.5,"strong",2,25,"coarse_L",1.27677915550674,0.667293803841424,0.60948535166532,0.710040646288314,0.933053340427175,NA,100
"IPTW (no cloning)","OR",5,-0.5,"strong",2,25,"nonlinear_L",1.27677915550674,0.667293803841424,0.60948535166532,0.710040646288314,0.933053340427175,NA,100
"IPTW (no cloning)","OR",5,-0.5,"strong",2,25,"cloglog",1.27677915550674,0.667293803841424,0.60948535166532,0.710040646288314,0.933053340427175,NA,100
"IPTW (no cloning)","OR",5,-0.5,"strong",2,25,"lpm",1.27677915550674,0.667293803841424,0.60948535166532,0.710040646288314,0.933053340427175,NA,100
"IPTW (no cloning)","OR",8,-0.5,"strong",2,25,"correct",1.44468897210093,0.712467200321173,0.732221771779756,0.555501646529528,0.917412111088758,NA,100
"IPTW (no cloning)","OR",8,-0.5,"strong",2,25,"no_lag",1.44468897210093,0.712467200321173,0.732221771779756,0.555501646529528,0.917412111088758,NA,100
"IPTW (no cloning)","OR",8,-0.5,"strong",2,25,"no_tv",1.44468897210093,0.712467200321173,0.732221771779756,0.555501646529528,0.917412111088758,NA,100
"IPTW (no cloning)","OR",8,-0.5,"strong",2,25,"coarse_L",1.44468897210093,0.712467200321173,0.732221771779756,0.555501646529528,0.917412111088758,NA,100
"IPTW (no cloning)","OR",8,-0.5,"strong",2,25,"nonlinear_L",1.44468897210093,0.712467200321173,0.732221771779756,0.555501646529528,0.917412111088758,NA,100
"IPTW (no cloning)","OR",8,-0.5,"strong",2,25,"cloglog",1.44468897210093,0.712467200321173,0.732221771779756,0.555501646529528,0.917412111088758,NA,100
"IPTW (no cloning)","OR",8,-0.5,"strong",2,25,"lpm",1.44468897210093,0.712467200321173,0.732221771779756,0.555501646529528,0.917412111088758,NA,100
"Per-protocol (no IPTW)","OR",2,-1,"small",0.4,25,"correct",0.680654878435276,0.395980211524218,0.284674666911057,0.110708969041107,0.305243471754606,NA,100
"Per-protocol (no IPTW)","OR",2,-1,"small",0.4,25,"no_lag",0.680654878435276,0.395980211524218,0.284674666911057,0.110708969041107,0.305243471754606,NA,100
"Per-protocol (no IPTW)","OR",2,-1,"small",0.4,25,"no_tv",0.680654878435276,0.395980211524218,0.284674666911057,0.110708969041107,0.305243471754606,NA,100
"Per-protocol (no IPTW)","OR",2,-1,"small",0.4,25,"coarse_L",0.680654878435276,0.395980211524218,0.284674666911057,0.110708969041107,0.305243471754606,NA,100
"Per-protocol (no IPTW)","OR",2,-1,"small",0.4,25,"nonlinear_L",0.680654878435276,0.395980211524218,0.284674666911057,0.110708969041107,0.305243471754606,NA,100
"Per-protocol (no IPTW)","OR",2,-1,"small",0.4,25,"cloglog",0.680654878435276,0.395980211524218,0.284674666911057,0.110708969041107,0.305243471754606,NA,100
"Per-protocol (no IPTW)","OR",2,-1,"small",0.4,25,"lpm",0.680654878435276,0.395980211524218,0.284674666911057,0.110708969041107,0.305243471754606,NA,100
"Per-protocol (no IPTW)","OR",5,-1,"small",0.4,25,"correct",0.857734378009514,0.475944887890831,0.381789490118683,0.0996434382139327,0.394452457713711,NA,100
"Per-protocol (no IPTW)","OR",5,-1,"small",0.4,25,"no_lag",0.857734378009514,0.475944887890831,0.381789490118683,0.0996434382139327,0.394452457713711,NA,100
"Per-protocol (no IPTW)","OR",5,-1,"small",0.4,25,"no_tv",0.857734378009514,0.475944887890831,0.381789490118683,0.0996434382139327,0.394452457713711,NA,100
"Per-protocol (no IPTW)","OR",5,-1,"small",0.4,25,"coarse_L",0.857734378009514,0.475944887890831,0.381789490118683,0.0996434382139327,0.394452457713711,NA,100
"Per-protocol (no IPTW)","OR",5,-1,"small",0.4,25,"nonlinear_L",0.857734378009514,0.475944887890831,0.381789490118683,0.0996434382139327,0.394452457713711,NA,100
"Per-protocol (no IPTW)","OR",5,-1,"small",0.4,25,"cloglog",0.857734378009514,0.475944887890831,0.381789490118683,0.0996434382139327,0.394452457713711,NA,100
"Per-protocol (no IPTW)","OR",5,-1,"small",0.4,25,"lpm",0.857734378009514,0.475944887890831,0.381789490118683,0.0996434382139327,0.394452457713711,NA,100
"Per-protocol (no IPTW)","OR",8,-1,"small",0.4,25,"correct",0.968964518658105,0.52550094078331,0.443463577874795,0.0734842278860383,0.449450639483405,NA,100
"Per-protocol (no IPTW)","OR",8,-1,"small",0.4,25,"no_lag",0.968964518658105,0.52550094078331,0.443463577874795,0.0734842278860383,0.449450639483405,NA,100
"Per-protocol (no IPTW)","OR",8,-1,"small",0.4,25,"no_tv",0.968964518658105,0.52550094078331,0.443463577874795,0.0734842278860383,0.449450639483405,NA,100
"Per-protocol (no IPTW)","OR",8,-1,"small",0.4,25,"coarse_L",0.968964518658105,0.52550094078331,0.443463577874795,0.0734842278860383,0.449450639483405,NA,100
"Per-protocol (no IPTW)","OR",8,-1,"small",0.4,25,"nonlinear_L",0.968964518658105,0.52550094078331,0.443463577874795,0.0734842278860383,0.449450639483405,NA,100
"Per-protocol (no IPTW)","OR",8,-1,"small",0.4,25,"cloglog",0.968964518658105,0.52550094078331,0.443463577874795,0.0734842278860383,0.449450639483405,NA,100
"Per-protocol (no IPTW)","OR",8,-1,"small",0.4,25,"lpm",0.968964518658105,0.52550094078331,0.443463577874795,0.0734842278860383,0.449450639483405,NA,100
"Per-protocol (no IPTW)","OR",2,-0.7,"small",0.4,25,"correct",0.98758641891785,0.515785553758757,0.471800865159093,0.170397312250578,0.501339154611793,NA,100
"Per-protocol (no IPTW)","OR",2,-0.7,"small",0.4,25,"no_lag",0.98758641891785,0.515785553758757,0.471800865159093,0.170397312250578,0.501339154611793,NA,100
"Per-protocol (no IPTW)","OR",2,-0.7,"small",0.4,25,"no_tv",0.98758641891785,0.515785553758757,0.471800865159093,0.170397312250578,0.501339154611793,NA,100
"Per-protocol (no IPTW)","OR",2,-0.7,"small",0.4,25,"coarse_L",0.98758641891785,0.515785553758757,0.471800865159093,0.170397312250578,0.501339154611793,NA,100
"Per-protocol (no IPTW)","OR",2,-0.7,"small",0.4,25,"nonlinear_L",0.98758641891785,0.515785553758757,0.471800865159093,0.170397312250578,0.501339154611793,NA,100
"Per-protocol (no IPTW)","OR",2,-0.7,"small",0.4,25,"cloglog",0.98758641891785,0.515785553758757,0.471800865159093,0.170397312250578,0.501339154611793,NA,100
"Per-protocol (no IPTW)","OR",2,-0.7,"small",0.4,25,"lpm",0.98758641891785,0.515785553758757,0.471800865159093,0.170397312250578,0.501339154611793,NA,100
"Per-protocol (no IPTW)","OR",5,-0.7,"small",0.4,25,"correct",1.08868765065739,0.584882879899219,0.503804770758168,0.109478268562621,0.515446295372549,NA,100
"Per-protocol (no IPTW)","OR",5,-0.7,"small",0.4,25,"no_lag",1.08868765065739,0.584882879899219,0.503804770758168,0.109478268562621,0.515446295372549,NA,100
"Per-protocol (no IPTW)","OR",5,-0.7,"small",0.4,25,"no_tv",1.08868765065739,0.584882879899219,0.503804770758168,0.109478268562621,0.515446295372549,NA,100
"Per-protocol (no IPTW)","OR",5,-0.7,"small",0.4,25,"coarse_L",1.08868765065739,0.584882879899219,0.503804770758168,0.109478268562621,0.515446295372549,NA,100
"Per-protocol (no IPTW)","OR",5,-0.7,"small",0.4,25,"nonlinear_L",1.08868765065739,0.584882879899219,0.503804770758168,0.109478268562621,0.515446295372549,NA,100
"Per-protocol (no IPTW)","OR",5,-0.7,"small",0.4,25,"cloglog",1.08868765065739,0.584882879899219,0.503804770758168,0.109478268562621,0.515446295372549,NA,100
"Per-protocol (no IPTW)","OR",5,-0.7,"small",0.4,25,"lpm",1.08868765065739,0.584882879899219,0.503804770758168,0.109478268562621,0.515446295372549,NA,100
"Per-protocol (no IPTW)","OR",8,-0.7,"small",0.4,25,"correct",1.21801312001078,0.627234826617113,0.590778293393663,0.106599779352047,0.600224016325118,NA,100
"Per-protocol (no IPTW)","OR",8,-0.7,"small",0.4,25,"no_lag",1.21801312001078,0.627234826617113,0.590778293393663,0.106599779352047,0.600224016325118,NA,100
"Per-protocol (no IPTW)","OR",8,-0.7,"small",0.4,25,"no_tv",1.21801312001078,0.627234826617113,0.590778293393663,0.106599779352047,0.600224016325118,NA,100
"Per-protocol (no IPTW)","OR",8,-0.7,"small",0.4,25,"coarse_L",1.21801312001078,0.627234826617113,0.590778293393663,0.106599779352047,0.600224016325118,NA,100
"Per-protocol (no IPTW)","OR",8,-0.7,"small",0.4,25,"nonlinear_L",1.21801312001078,0.627234826617113,0.590778293393663,0.106599779352047,0.600224016325118,NA,100
"Per-protocol (no IPTW)","OR",8,-0.7,"small",0.4,25,"cloglog",1.21801312001078,0.627234826617113,0.590778293393663,0.106599779352047,0.600224016325118,NA,100
"Per-protocol (no IPTW)","OR",8,-0.7,"small",0.4,25,"lpm",1.21801312001078,0.627234826617113,0.590778293393663,0.106599779352047,0.600224016325118,NA,100
"Per-protocol (no IPTW)","OR",2,-0.5,"small",0.4,25,"correct",1.21711207588729,0.620201383623443,0.596910692263851,0.233917654526174,0.640681409865267,NA,100
"Per-protocol (no IPTW)","OR",2,-0.5,"small",0.4,25,"no_lag",1.21711207588729,0.620201383623443,0.596910692263851,0.233917654526174,0.640681409865267,NA,100
"Per-protocol (no IPTW)","OR",2,-0.5,"small",0.4,25,"no_tv",1.21711207588729,0.620201383623443,0.596910692263851,0.233917654526174,0.640681409865267,NA,100
"Per-protocol (no IPTW)","OR",2,-0.5,"small",0.4,25,"coarse_L",1.21711207588729,0.620201383623443,0.596910692263851,0.233917654526174,0.640681409865267,NA,100
"Per-protocol (no IPTW)","OR",2,-0.5,"small",0.4,25,"nonlinear_L",1.21711207588729,0.620201383623443,0.596910692263851,0.233917654526174,0.640681409865267,NA,100
"Per-protocol (no IPTW)","OR",2,-0.5,"small",0.4,25,"cloglog",1.21711207588729,0.620201383623443,0.596910692263851,0.233917654526174,0.640681409865267,NA,100
"Per-protocol (no IPTW)","OR",2,-0.5,"small",0.4,25,"lpm",1.21711207588729,0.620201383623443,0.596910692263851,0.233917654526174,0.640681409865267,NA,100
"Per-protocol (no IPTW)","OR",5,-0.5,"small",0.4,25,"correct",1.35098629825637,0.677219536705431,0.673766761550944,0.159289803526714,0.692156888330493,NA,100
"Per-protocol (no IPTW)","OR",5,-0.5,"small",0.4,25,"no_lag",1.35098629825637,0.677219536705431,0.673766761550944,0.159289803526714,0.692156888330493,NA,100
"Per-protocol (no IPTW)","OR",5,-0.5,"small",0.4,25,"no_tv",1.35098629825637,0.677219536705431,0.673766761550944,0.159289803526714,0.692156888330493,NA,100
"Per-protocol (no IPTW)","OR",5,-0.5,"small",0.4,25,"coarse_L",1.35098629825637,0.677219536705431,0.673766761550944,0.159289803526714,0.692156888330493,NA,100
"Per-protocol (no IPTW)","OR",5,-0.5,"small",0.4,25,"nonlinear_L",1.35098629825637,0.677219536705431,0.673766761550944,0.159289803526714,0.692156888330493,NA,100
"Per-protocol (no IPTW)","OR",5,-0.5,"small",0.4,25,"cloglog",1.35098629825637,0.677219536705431,0.673766761550944,0.159289803526714,0.692156888330493,NA,100
"Per-protocol (no IPTW)","OR",5,-0.5,"small",0.4,25,"lpm",1.35098629825637,0.677219536705431,0.673766761550944,0.159289803526714,0.692156888330493,NA,100
"Per-protocol (no IPTW)","OR",8,-0.5,"small",0.4,25,"correct",1.45476363261999,0.711357484010723,0.743406148609264,0.153715886353604,0.758976277475363,NA,100
"Per-protocol (no IPTW)","OR",8,-0.5,"small",0.4,25,"no_lag",1.45476363261999,0.711357484010723,0.743406148609264,0.153715886353604,0.758976277475363,NA,100
"Per-protocol (no IPTW)","OR",8,-0.5,"small",0.4,25,"no_tv",1.45476363261999,0.711357484010723,0.743406148609264,0.153715886353604,0.758976277475363,NA,100
"Per-protocol (no IPTW)","OR",8,-0.5,"small",0.4,25,"coarse_L",1.45476363261999,0.711357484010723,0.743406148609264,0.153715886353604,0.758976277475363,NA,100
"Per-protocol (no IPTW)","OR",8,-0.5,"small",0.4,25,"nonlinear_L",1.45476363261999,0.711357484010723,0.743406148609264,0.153715886353604,0.758976277475363,NA,100
"Per-protocol (no IPTW)","OR",8,-0.5,"small",0.4,25,"cloglog",1.45476363261999,0.711357484010723,0.743406148609264,0.153715886353604,0.758976277475363,NA,100
"Per-protocol (no IPTW)","OR",8,-0.5,"small",0.4,25,"lpm",1.45476363261999,0.711357484010723,0.743406148609264,0.153715886353604,0.758976277475363,NA,100
"Per-protocol (no IPTW)","OR",2,-1,"medium",1,25,"correct",1.46718735909458,0.398450887254619,1.06873647183996,0.217876464605618,1.09050130606602,NA,100
"Per-protocol (no IPTW)","OR",2,-1,"medium",1,25,"no_lag",1.46718735909458,0.398450887254619,1.06873647183996,0.217876464605618,1.09050130606602,NA,100
"Per-protocol (no IPTW)","OR",2,-1,"medium",1,25,"no_tv",1.46718735909458,0.398450887254619,1.06873647183996,0.217876464605618,1.09050130606602,NA,100
"Per-protocol (no IPTW)","OR",2,-1,"medium",1,25,"coarse_L",1.46718735909458,0.398450887254619,1.06873647183996,0.217876464605618,1.09050130606602,NA,100
"Per-protocol (no IPTW)","OR",2,-1,"medium",1,25,"nonlinear_L",1.46718735909458,0.398450887254619,1.06873647183996,0.217876464605618,1.09050130606602,NA,100
"Per-protocol (no IPTW)","OR",2,-1,"medium",1,25,"cloglog",1.46718735909458,0.398450887254619,1.06873647183996,0.217876464605618,1.09050130606602,NA,100
"Per-protocol (no IPTW)","OR",2,-1,"medium",1,25,"lpm",1.46718735909458,0.398450887254619,1.06873647183996,0.217876464605618,1.09050130606602,NA,100
"Per-protocol (no IPTW)","OR",5,-1,"medium",1,25,"correct",1.78294940910581,0.46965661300255,1.31329279610326,0.163569873195331,1.32333877774351,NA,100
"Per-protocol (no IPTW)","OR",5,-1,"medium",1,25,"no_lag",1.78294940910581,0.46965661300255,1.31329279610326,0.163569873195331,1.32333877774351,NA,100
"Per-protocol (no IPTW)","OR",5,-1,"medium",1,25,"no_tv",1.78294940910581,0.46965661300255,1.31329279610326,0.163569873195331,1.32333877774351,NA,100
"Per-protocol (no IPTW)","OR",5,-1,"medium",1,25,"coarse_L",1.78294940910581,0.46965661300255,1.31329279610326,0.163569873195331,1.32333877774351,NA,100
"Per-protocol (no IPTW)","OR",5,-1,"medium",1,25,"nonlinear_L",1.78294940910581,0.46965661300255,1.31329279610326,0.163569873195331,1.32333877774351,NA,100
"Per-protocol (no IPTW)","OR",5,-1,"medium",1,25,"cloglog",1.78294940910581,0.46965661300255,1.31329279610326,0.163569873195331,1.32333877774351,NA,100
"Per-protocol (no IPTW)","OR",5,-1,"medium",1,25,"lpm",1.78294940910581,0.46965661300255,1.31329279610326,0.163569873195331,1.32333877774351,NA,100
"Per-protocol (no IPTW)","OR",8,-1,"medium",1,25,"correct",2.08202532418695,0.510506292913528,1.57151903127342,0.205928906186181,1.58482008850013,NA,100
"Per-protocol (no IPTW)","OR",8,-1,"medium",1,25,"no_lag",2.08202532418695,0.510506292913528,1.57151903127342,0.205928906186181,1.58482008850013,NA,100
"Per-protocol (no IPTW)","OR",8,-1,"medium",1,25,"no_tv",2.08202532418695,0.510506292913528,1.57151903127342,0.205928906186181,1.58482008850013,NA,100
"Per-protocol (no IPTW)","OR",8,-1,"medium",1,25,"coarse_L",2.08202532418695,0.510506292913528,1.57151903127342,0.205928906186181,1.58482008850013,NA,100
"Per-protocol (no IPTW)","OR",8,-1,"medium",1,25,"nonlinear_L",2.08202532418695,0.510506292913528,1.57151903127342,0.205928906186181,1.58482008850013,NA,100
"Per-protocol (no IPTW)","OR",8,-1,"medium",1,25,"cloglog",2.08202532418695,0.510506292913528,1.57151903127342,0.205928906186181,1.58482008850013,NA,100
"Per-protocol (no IPTW)","OR",8,-1,"medium",1,25,"lpm",2.08202532418695,0.510506292913528,1.57151903127342,0.205928906186181,1.58482008850013,NA,100
"Per-protocol (no IPTW)","OR",2,-0.7,"medium",1,25,"correct",2.10391366876968,0.521686810592693,1.58222685817699,0.325956727011367,1.61512449697902,NA,100
"Per-protocol (no IPTW)","OR",2,-0.7,"medium",1,25,"no_lag",2.10391366876968,0.521686810592693,1.58222685817699,0.325956727011367,1.61512449697902,NA,100
"Per-protocol (no IPTW)","OR",2,-0.7,"medium",1,25,"no_tv",2.10391366876968,0.521686810592693,1.58222685817699,0.325956727011367,1.61512449697902,NA,100
"Per-protocol (no IPTW)","OR",2,-0.7,"medium",1,25,"coarse_L",2.10391366876968,0.521686810592693,1.58222685817699,0.325956727011367,1.61512449697902,NA,100
"Per-protocol (no IPTW)","OR",2,-0.7,"medium",1,25,"nonlinear_L",2.10391366876968,0.521686810592693,1.58222685817699,0.325956727011367,1.61512449697902,NA,100
"Per-protocol (no IPTW)","OR",2,-0.7,"medium",1,25,"cloglog",2.10391366876968,0.521686810592693,1.58222685817699,0.325956727011367,1.61512449697902,NA,100
"Per-protocol (no IPTW)","OR",2,-0.7,"medium",1,25,"lpm",2.10391366876968,0.521686810592693,1.58222685817699,0.325956727011367,1.61512449697902,NA,100
"Per-protocol (no IPTW)","OR",5,-0.7,"medium",1,25,"correct",2.54695738329663,0.581533658138423,1.96542372515821,0.349845203204065,1.99601056333818,NA,100
"Per-protocol (no IPTW)","OR",5,-0.7,"medium",1,25,"no_lag",2.54695738329663,0.581533658138423,1.96542372515821,0.349845203204065,1.99601056333818,NA,100
"Per-protocol (no IPTW)","OR",5,-0.7,"medium",1,25,"no_tv",2.54695738329663,0.581533658138423,1.96542372515821,0.349845203204065,1.99601056333818,NA,100
"Per-protocol (no IPTW)","OR",5,-0.7,"medium",1,25,"coarse_L",2.54695738329663,0.581533658138423,1.96542372515821,0.349845203204065,1.99601056333818,NA,100
"Per-protocol (no IPTW)","OR",5,-0.7,"medium",1,25,"nonlinear_L",2.54695738329663,0.581533658138423,1.96542372515821,0.349845203204065,1.99601056333818,NA,100
"Per-protocol (no IPTW)","OR",5,-0.7,"medium",1,25,"cloglog",2.54695738329663,0.581533658138423,1.96542372515821,0.349845203204065,1.99601056333818,NA,100
"Per-protocol (no IPTW)","OR",5,-0.7,"medium",1,25,"lpm",2.54695738329663,0.581533658138423,1.96542372515821,0.349845203204065,1.99601056333818,NA,100
"Per-protocol (no IPTW)","OR",8,-0.7,"medium",1,25,"correct",2.81863111375275,0.615800458666507,2.20283065508624,0.31085663174841,2.22443890049482,NA,100
"Per-protocol (no IPTW)","OR",8,-0.7,"medium",1,25,"no_lag",2.81863111375275,0.615800458666507,2.20283065508624,0.31085663174841,2.22443890049482,NA,100
"Per-protocol (no IPTW)","OR",8,-0.7,"medium",1,25,"no_tv",2.81863111375275,0.615800458666507,2.20283065508624,0.31085663174841,2.22443890049482,NA,100
"Per-protocol (no IPTW)","OR",8,-0.7,"medium",1,25,"coarse_L",2.81863111375275,0.615800458666507,2.20283065508624,0.31085663174841,2.22443890049482,NA,100
"Per-protocol (no IPTW)","OR",8,-0.7,"medium",1,25,"nonlinear_L",2.81863111375275,0.615800458666507,2.20283065508624,0.31085663174841,2.22443890049482,NA,100
"Per-protocol (no IPTW)","OR",8,-0.7,"medium",1,25,"cloglog",2.81863111375275,0.615800458666507,2.20283065508624,0.31085663174841,2.22443890049482,NA,100
"Per-protocol (no IPTW)","OR",8,-0.7,"medium",1,25,"lpm",2.81863111375275,0.615800458666507,2.20283065508624,0.31085663174841,2.22443890049482,NA,100
"Per-protocol (no IPTW)","OR",2,-0.5,"medium",1,25,"correct",2.68654121050376,0.625092641725385,2.06144856877837,0.510212016962942,2.1230363494178,NA,100
"Per-protocol (no IPTW)","OR",2,-0.5,"medium",1,25,"no_lag",2.68654121050376,0.625092641725385,2.06144856877837,0.510212016962942,2.1230363494178,NA,100
"Per-protocol (no IPTW)","OR",2,-0.5,"medium",1,25,"no_tv",2.68654121050376,0.625092641725385,2.06144856877837,0.510212016962942,2.1230363494178,NA,100
"Per-protocol (no IPTW)","OR",2,-0.5,"medium",1,25,"coarse_L",2.68654121050376,0.625092641725385,2.06144856877837,0.510212016962942,2.1230363494178,NA,100
"Per-protocol (no IPTW)","OR",2,-0.5,"medium",1,25,"nonlinear_L",2.68654121050376,0.625092641725385,2.06144856877837,0.510212016962942,2.1230363494178,NA,100
"Per-protocol (no IPTW)","OR",2,-0.5,"medium",1,25,"cloglog",2.68654121050376,0.625092641725385,2.06144856877837,0.510212016962942,2.1230363494178,NA,100
"Per-protocol (no IPTW)","OR",2,-0.5,"medium",1,25,"lpm",2.68654121050376,0.625092641725385,2.06144856877837,0.510212016962942,2.1230363494178,NA,100
"Per-protocol (no IPTW)","OR",5,-0.5,"medium",1,25,"correct",3.15841114350574,0.674696170529515,2.48371497297622,0.450607475028197,2.52385750242997,NA,100
"Per-protocol (no IPTW)","OR",5,-0.5,"medium",1,25,"no_lag",3.15841114350574,0.674696170529515,2.48371497297622,0.450607475028197,2.52385750242997,NA,100
"Per-protocol (no IPTW)","OR",5,-0.5,"medium",1,25,"no_tv",3.15841114350574,0.674696170529515,2.48371497297622,0.450607475028197,2.52385750242997,NA,100
"Per-protocol (no IPTW)","OR",5,-0.5,"medium",1,25,"coarse_L",3.15841114350574,0.674696170529515,2.48371497297622,0.450607475028197,2.52385750242997,NA,100
"Per-protocol (no IPTW)","OR",5,-0.5,"medium",1,25,"nonlinear_L",3.15841114350574,0.674696170529515,2.48371497297622,0.450607475028197,2.52385750242997,NA,100
"Per-protocol (no IPTW)","OR",5,-0.5,"medium",1,25,"cloglog",3.15841114350574,0.674696170529515,2.48371497297622,0.450607475028197,2.52385750242997,NA,100
"Per-protocol (no IPTW)","OR",5,-0.5,"medium",1,25,"lpm",3.15841114350574,0.674696170529515,2.48371497297622,0.450607475028197,2.52385750242997,NA,100
"Per-protocol (no IPTW)","OR",8,-0.5,"medium",1,25,"correct",3.43030507427228,0.70152040342131,2.72878467085097,0.367828652385051,2.75321824747176,NA,100
"Per-protocol (no IPTW)","OR",8,-0.5,"medium",1,25,"no_lag",3.43030507427228,0.70152040342131,2.72878467085097,0.367828652385051,2.75321824747176,NA,100
"Per-protocol (no IPTW)","OR",8,-0.5,"medium",1,25,"no_tv",3.43030507427228,0.70152040342131,2.72878467085097,0.367828652385051,2.75321824747176,NA,100
"Per-protocol (no IPTW)","OR",8,-0.5,"medium",1,25,"coarse_L",3.43030507427228,0.70152040342131,2.72878467085097,0.367828652385051,2.75321824747176,NA,100
"Per-protocol (no IPTW)","OR",8,-0.5,"medium",1,25,"nonlinear_L",3.43030507427228,0.70152040342131,2.72878467085097,0.367828652385051,2.75321824747176,NA,100
"Per-protocol (no IPTW)","OR",8,-0.5,"medium",1,25,"cloglog",3.43030507427228,0.70152040342131,2.72878467085097,0.367828652385051,2.75321824747176,NA,100
"Per-protocol (no IPTW)","OR",8,-0.5,"medium",1,25,"lpm",3.43030507427228,0.70152040342131,2.72878467085097,0.367828652385051,2.75321824747176,NA,100
"Per-protocol (no IPTW)","OR",2,-1,"strong",2,25,"correct",2.53657637239765,0.397593206336786,2.13898316606086,0.327067541035445,2.16359710420557,NA,100
"Per-protocol (no IPTW)","OR",2,-1,"strong",2,25,"no_lag",2.53657637239765,0.397593206336786,2.13898316606086,0.327067541035445,2.16359710420557,NA,100
"Per-protocol (no IPTW)","OR",2,-1,"strong",2,25,"no_tv",2.53657637239765,0.397593206336786,2.13898316606086,0.327067541035445,2.16359710420557,NA,100
"Per-protocol (no IPTW)","OR",2,-1,"strong",2,25,"coarse_L",2.53657637239765,0.397593206336786,2.13898316606086,0.327067541035445,2.16359710420557,NA,100
"Per-protocol (no IPTW)","OR",2,-1,"strong",2,25,"nonlinear_L",2.53657637239765,0.397593206336786,2.13898316606086,0.327067541035445,2.16359710420557,NA,100
"Per-protocol (no IPTW)","OR",2,-1,"strong",2,25,"cloglog",2.53657637239765,0.397593206336786,2.13898316606086,0.327067541035445,2.16359710420557,NA,100
"Per-protocol (no IPTW)","OR",2,-1,"strong",2,25,"lpm",2.53657637239765,0.397593206336786,2.13898316606086,0.327067541035445,2.16359710420557,NA,100
"Per-protocol (no IPTW)","OR",5,-1,"strong",2,25,"correct",2.76253393194058,0.455656781888052,2.30687715005253,0.275816431002895,2.32314359048457,NA,100
"Per-protocol (no IPTW)","OR",5,-1,"strong",2,25,"no_lag",2.76253393194058,0.455656781888052,2.30687715005253,0.275816431002895,2.32314359048457,NA,100
"Per-protocol (no IPTW)","OR",5,-1,"strong",2,25,"no_tv",2.76253393194058,0.455656781888052,2.30687715005253,0.275816431002895,2.32314359048457,NA,100
"Per-protocol (no IPTW)","OR",5,-1,"strong",2,25,"coarse_L",2.76253393194058,0.455656781888052,2.30687715005253,0.275816431002895,2.32314359048457,NA,100
"Per-protocol (no IPTW)","OR",5,-1,"strong",2,25,"nonlinear_L",2.76253393194058,0.455656781888052,2.30687715005253,0.275816431002895,2.32314359048457,NA,100
"Per-protocol (no IPTW)","OR",5,-1,"strong",2,25,"cloglog",2.76253393194058,0.455656781888052,2.30687715005253,0.275816431002895,2.32314359048457,NA,100
"Per-protocol (no IPTW)","OR",5,-1,"strong",2,25,"lpm",2.76253393194058,0.455656781888052,2.30687715005253,0.275816431002895,2.32314359048457,NA,100
"Per-protocol (no IPTW)","OR",8,-1,"strong",2,25,"correct",3.06121158311257,0.503489084518633,2.55772249859394,0.34274480745573,2.58035727038352,NA,100
"Per-protocol (no IPTW)","OR",8,-1,"strong",2,25,"no_lag",3.06121158311257,0.503489084518633,2.55772249859394,0.34274480745573,2.58035727038352,NA,100
"Per-protocol (no IPTW)","OR",8,-1,"strong",2,25,"no_tv",3.06121158311257,0.503489084518633,2.55772249859394,0.34274480745573,2.58035727038352,NA,100
"Per-protocol (no IPTW)","OR",8,-1,"strong",2,25,"coarse_L",3.06121158311257,0.503489084518633,2.55772249859394,0.34274480745573,2.58035727038352,NA,100
"Per-protocol (no IPTW)","OR",8,-1,"strong",2,25,"nonlinear_L",3.06121158311257,0.503489084518633,2.55772249859394,0.34274480745573,2.58035727038352,NA,100
"Per-protocol (no IPTW)","OR",8,-1,"strong",2,25,"cloglog",3.06121158311257,0.503489084518633,2.55772249859394,0.34274480745573,2.58035727038352,NA,100
"Per-protocol (no IPTW)","OR",8,-1,"strong",2,25,"lpm",3.06121158311257,0.503489084518633,2.55772249859394,0.34274480745573,2.58035727038352,NA,100
"Per-protocol (no IPTW)","OR",2,-0.7,"strong",2,25,"correct",3.76983192341675,0.523482950163268,3.24634897325348,0.481675115664059,3.28153507737209,NA,100
"Per-protocol (no IPTW)","OR",2,-0.7,"strong",2,25,"no_lag",3.76983192341675,0.523482950163268,3.24634897325348,0.481675115664059,3.28153507737209,NA,100
"Per-protocol (no IPTW)","OR",2,-0.7,"strong",2,25,"no_tv",3.76983192341675,0.523482950163268,3.24634897325348,0.481675115664059,3.28153507737209,NA,100
"Per-protocol (no IPTW)","OR",2,-0.7,"strong",2,25,"coarse_L",3.76983192341675,0.523482950163268,3.24634897325348,0.481675115664059,3.28153507737209,NA,100
"Per-protocol (no IPTW)","OR",2,-0.7,"strong",2,25,"nonlinear_L",3.76983192341675,0.523482950163268,3.24634897325348,0.481675115664059,3.28153507737209,NA,100
"Per-protocol (no IPTW)","OR",2,-0.7,"strong",2,25,"cloglog",3.76983192341675,0.523482950163268,3.24634897325348,0.481675115664059,3.28153507737209,NA,100
"Per-protocol (no IPTW)","OR",2,-0.7,"strong",2,25,"lpm",3.76983192341675,0.523482950163268,3.24634897325348,0.481675115664059,3.28153507737209,NA,100
"Per-protocol (no IPTW)","OR",5,-0.7,"strong",2,25,"correct",4.11968195439377,0.570523220850352,3.54915873354342,0.54336619078369,3.59010056474765,NA,100
"Per-protocol (no IPTW)","OR",5,-0.7,"strong",2,25,"no_lag",4.11968195439377,0.570523220850352,3.54915873354342,0.54336619078369,3.59010056474765,NA,100
"Per-protocol (no IPTW)","OR",5,-0.7,"strong",2,25,"no_tv",4.11968195439377,0.570523220850352,3.54915873354342,0.54336619078369,3.59010056474765,NA,100
"Per-protocol (no IPTW)","OR",5,-0.7,"strong",2,25,"coarse_L",4.11968195439377,0.570523220850352,3.54915873354342,0.54336619078369,3.59010056474765,NA,100
"Per-protocol (no IPTW)","OR",5,-0.7,"strong",2,25,"nonlinear_L",4.11968195439377,0.570523220850352,3.54915873354342,0.54336619078369,3.59010056474765,NA,100
"Per-protocol (no IPTW)","OR",5,-0.7,"strong",2,25,"cloglog",4.11968195439377,0.570523220850352,3.54915873354342,0.54336619078369,3.59010056474765,NA,100
"Per-protocol (no IPTW)","OR",5,-0.7,"strong",2,25,"lpm",4.11968195439377,0.570523220850352,3.54915873354342,0.54336619078369,3.59010056474765,NA,100
"Per-protocol (no IPTW)","OR",8,-0.7,"strong",2,25,"correct",4.39769685511821,0.617658730232718,3.78003812488549,0.379572542853058,3.79885808996899,NA,100
"Per-protocol (no IPTW)","OR",8,-0.7,"strong",2,25,"no_lag",4.39769685511821,0.617658730232718,3.78003812488549,0.379572542853058,3.79885808996899,NA,100
"Per-protocol (no IPTW)","OR",8,-0.7,"strong",2,25,"no_tv",4.39769685511821,0.617658730232718,3.78003812488549,0.379572542853058,3.79885808996899,NA,100
"Per-protocol (no IPTW)","OR",8,-0.7,"strong",2,25,"coarse_L",4.39769685511821,0.617658730232718,3.78003812488549,0.379572542853058,3.79885808996899,NA,100
"Per-protocol (no IPTW)","OR",8,-0.7,"strong",2,25,"nonlinear_L",4.39769685511821,0.617658730232718,3.78003812488549,0.379572542853058,3.79885808996899,NA,100
"Per-protocol (no IPTW)","OR",8,-0.7,"strong",2,25,"cloglog",4.39769685511821,0.617658730232718,3.78003812488549,0.379572542853058,3.79885808996899,NA,100
"Per-protocol (no IPTW)","OR",8,-0.7,"strong",2,25,"lpm",4.39769685511821,0.617658730232718,3.78003812488549,0.379572542853058,3.79885808996899,NA,100
"Per-protocol (no IPTW)","OR",2,-0.5,"strong",2,25,"correct",5.49321561841975,0.634874527339976,4.85834109107977,0.98385263476115,4.95598269812672,NA,100
"Per-protocol (no IPTW)","OR",2,-0.5,"strong",2,25,"no_lag",5.49321561841975,0.634874527339976,4.85834109107977,0.98385263476115,4.95598269812672,NA,100
"Per-protocol (no IPTW)","OR",2,-0.5,"strong",2,25,"no_tv",5.49321561841975,0.634874527339976,4.85834109107977,0.98385263476115,4.95598269812672,NA,100
"Per-protocol (no IPTW)","OR",2,-0.5,"strong",2,25,"coarse_L",5.49321561841975,0.634874527339976,4.85834109107977,0.98385263476115,4.95598269812672,NA,100
"Per-protocol (no IPTW)","OR",2,-0.5,"strong",2,25,"nonlinear_L",5.49321561841975,0.634874527339976,4.85834109107977,0.98385263476115,4.95598269812672,NA,100
"Per-protocol (no IPTW)","OR",2,-0.5,"strong",2,25,"cloglog",5.49321561841975,0.634874527339976,4.85834109107977,0.98385263476115,4.95598269812672,NA,100
"Per-protocol (no IPTW)","OR",2,-0.5,"strong",2,25,"lpm",5.49321561841975,0.634874527339976,4.85834109107977,0.98385263476115,4.95598269812672,NA,100
"Per-protocol (no IPTW)","OR",5,-0.5,"strong",2,25,"correct",5.76540691507166,0.667293803841424,5.09811311123024,0.813918468364554,5.16203408893346,NA,100
"Per-protocol (no IPTW)","OR",5,-0.5,"strong",2,25,"no_lag",5.76540691507166,0.667293803841424,5.09811311123024,0.813918468364554,5.16203408893346,NA,100
"Per-protocol (no IPTW)","OR",5,-0.5,"strong",2,25,"no_tv",5.76540691507166,0.667293803841424,5.09811311123024,0.813918468364554,5.16203408893346,NA,100
"Per-protocol (no IPTW)","OR",5,-0.5,"strong",2,25,"coarse_L",5.76540691507166,0.667293803841424,5.09811311123024,0.813918468364554,5.16203408893346,NA,100
"Per-protocol (no IPTW)","OR",5,-0.5,"strong",2,25,"nonlinear_L",5.76540691507166,0.667293803841424,5.09811311123024,0.813918468364554,5.16203408893346,NA,100
"Per-protocol (no IPTW)","OR",5,-0.5,"strong",2,25,"cloglog",5.76540691507166,0.667293803841424,5.09811311123024,0.813918468364554,5.16203408893346,NA,100
"Per-protocol (no IPTW)","OR",5,-0.5,"strong",2,25,"lpm",5.76540691507166,0.667293803841424,5.09811311123024,0.813918468364554,5.16203408893346,NA,100
"Per-protocol (no IPTW)","OR",8,-0.5,"strong",2,25,"correct",5.74598391766939,0.712467200321173,5.03351671734821,0.595316983093106,5.06824908928906,NA,100
"Per-protocol (no IPTW)","OR",8,-0.5,"strong",2,25,"no_lag",5.74598391766939,0.712467200321173,5.03351671734821,0.595316983093106,5.06824908928906,NA,100
"Per-protocol (no IPTW)","OR",8,-0.5,"strong",2,25,"no_tv",5.74598391766939,0.712467200321173,5.03351671734821,0.595316983093106,5.06824908928906,NA,100
"Per-protocol (no IPTW)","OR",8,-0.5,"strong",2,25,"coarse_L",5.74598391766939,0.712467200321173,5.03351671734821,0.595316983093106,5.06824908928906,NA,100
"Per-protocol (no IPTW)","OR",8,-0.5,"strong",2,25,"nonlinear_L",5.74598391766939,0.712467200321173,5.03351671734821,0.595316983093106,5.06824908928906,NA,100
"Per-protocol (no IPTW)","OR",8,-0.5,"strong",2,25,"cloglog",5.74598391766939,0.712467200321173,5.03351671734821,0.595316983093106,5.06824908928906,NA,100
"Per-protocol (no IPTW)","OR",8,-0.5,"strong",2,25,"lpm",5.74598391766939,0.712467200321173,5.03351671734821,0.595316983093106,5.06824908928906,NA,100
"Federated CCW","RMST_diff",2,-1,"small",0.4,25,"correct",3.72022123429961,3.79861853657404,-0.078397302274431,0.550891859433146,0.553708550941486,0.95,100
"Federated CCW","RMST_diff",2,-1,"small",0.4,25,"no_lag",3.72022123429961,3.79861853657404,-0.078397302274431,0.550891859433146,0.553708550941486,0.95,100
"Federated CCW","RMST_diff",2,-1,"small",0.4,25,"no_tv",3.72022123429961,3.79861853657404,-0.078397302274431,0.550891859433146,0.553708550941486,0.95,100
"Federated CCW","RMST_diff",2,-1,"small",0.4,25,"coarse_L",3.72022123429961,3.79861853657404,-0.078397302274431,0.550891859433146,0.553708550941486,0.95,100
"Federated CCW","RMST_diff",2,-1,"small",0.4,25,"nonlinear_L",3.72022123429961,3.79861853657404,-0.078397302274431,0.550891859433146,0.553708550941486,0.95,100
"Federated CCW","RMST_diff",2,-1,"small",0.4,25,"cloglog",3.72022123429961,3.79861853657404,-0.078397302274431,0.550891859433146,0.553708550941486,0.95,100
"Federated CCW","RMST_diff",2,-1,"small",0.4,25,"lpm",3.72022123429961,3.79861853657404,-0.078397302274431,0.550891859433146,0.553708550941486,0.95,100
"Federated CCW","RMST_diff",5,-1,"small",0.4,25,"correct",2.2499954601302,2.29737493833465,-0.047379478204457,0.300924156042642,0.303141236337129,0.94,100
"Federated CCW","RMST_diff",5,-1,"small",0.4,25,"no_lag",2.2499954601302,2.29737493833465,-0.047379478204457,0.300924156042642,0.303141236337129,0.94,100
"Federated CCW","RMST_diff",5,-1,"small",0.4,25,"no_tv",2.2499954601302,2.29737493833465,-0.047379478204457,0.300924156042642,0.303141236337129,0.94,100
"Federated CCW","RMST_diff",5,-1,"small",0.4,25,"coarse_L",2.2499954601302,2.29737493833465,-0.047379478204457,0.300924156042642,0.303141236337129,0.94,100
"Federated CCW","RMST_diff",5,-1,"small",0.4,25,"nonlinear_L",2.2499954601302,2.29737493833465,-0.047379478204457,0.300924156042642,0.303141236337129,0.94,100
"Federated CCW","RMST_diff",5,-1,"small",0.4,25,"cloglog",2.2499954601302,2.29737493833465,-0.047379478204457,0.300924156042642,0.303141236337129,0.94,100
"Federated CCW","RMST_diff",5,-1,"small",0.4,25,"lpm",2.2499954601302,2.29737493833465,-0.047379478204457,0.300924156042642,0.303141236337129,0.94,100
"Federated CCW","RMST_diff",8,-1,"small",0.4,25,"correct",1.66917955133642,1.69602919128171,-0.0268496399452853,0.166565443443382,0.167891362628299,0.97,100
"Federated CCW","RMST_diff",8,-1,"small",0.4,25,"no_lag",1.66917955133642,1.69602919128171,-0.0268496399452853,0.166565443443382,0.167891362628299,0.97,100
"Federated CCW","RMST_diff",8,-1,"small",0.4,25,"no_tv",1.66917955133642,1.69602919128171,-0.0268496399452853,0.166565443443382,0.167891362628299,0.97,100
"Federated CCW","RMST_diff",8,-1,"small",0.4,25,"coarse_L",1.66917955133642,1.69602919128171,-0.0268496399452853,0.166565443443382,0.167891362628299,0.97,100
"Federated CCW","RMST_diff",8,-1,"small",0.4,25,"nonlinear_L",1.66917955133642,1.69602919128171,-0.0268496399452853,0.166565443443382,0.167891362628299,0.97,100
"Federated CCW","RMST_diff",8,-1,"small",0.4,25,"cloglog",1.66917955133642,1.69602919128171,-0.0268496399452853,0.166565443443382,0.167891362628299,0.97,100
"Federated CCW","RMST_diff",8,-1,"small",0.4,25,"lpm",1.66917955133642,1.69602919128171,-0.0268496399452853,0.166565443443382,0.167891362628299,0.97,100
"Federated CCW","RMST_diff",2,-0.7,"small",0.4,25,"correct",2.58846808540683,2.63492614076516,-0.046458055358328,0.558696499426887,0.557833946255349,0.96,100
"Federated CCW","RMST_diff",2,-0.7,"small",0.4,25,"no_lag",2.58846808540683,2.63492614076516,-0.046458055358328,0.558696499426887,0.557833946255349,0.96,100
"Federated CCW","RMST_diff",2,-0.7,"small",0.4,25,"no_tv",2.58846808540683,2.63492614076516,-0.046458055358328,0.558696499426887,0.557833946255349,0.96,100
"Federated CCW","RMST_diff",2,-0.7,"small",0.4,25,"coarse_L",2.58846808540683,2.63492614076516,-0.046458055358328,0.558696499426887,0.557833946255349,0.96,100
"Federated CCW","RMST_diff",2,-0.7,"small",0.4,25,"nonlinear_L",2.58846808540683,2.63492614076516,-0.046458055358328,0.558696499426887,0.557833946255349,0.96,100
"Federated CCW","RMST_diff",2,-0.7,"small",0.4,25,"cloglog",2.58846808540683,2.63492614076516,-0.046458055358328,0.558696499426887,0.557833946255349,0.96,100
"Federated CCW","RMST_diff",2,-0.7,"small",0.4,25,"lpm",2.58846808540683,2.63492614076516,-0.046458055358328,0.558696499426887,0.557833946255349,0.96,100
"Federated CCW","RMST_diff",5,-0.7,"small",0.4,25,"correct",1.63124717548318,1.61557277851707,0.0156743969661132,0.257092269560952,0.256283353805066,0.98,100
"Federated CCW","RMST_diff",5,-0.7,"small",0.4,25,"no_lag",1.63124717548318,1.61557277851707,0.0156743969661132,0.257092269560952,0.256283353805066,0.98,100
"Federated CCW","RMST_diff",5,-0.7,"small",0.4,25,"no_tv",1.63124717548318,1.61557277851707,0.0156743969661132,0.257092269560952,0.256283353805066,0.98,100
"Federated CCW","RMST_diff",5,-0.7,"small",0.4,25,"coarse_L",1.63124717548318,1.61557277851707,0.0156743969661132,0.257092269560952,0.256283353805066,0.98,100
"Federated CCW","RMST_diff",5,-0.7,"small",0.4,25,"nonlinear_L",1.63124717548318,1.61557277851707,0.0156743969661132,0.257092269560952,0.256283353805066,0.98,100
"Federated CCW","RMST_diff",5,-0.7,"small",0.4,25,"cloglog",1.63124717548318,1.61557277851707,0.0156743969661132,0.257092269560952,0.256283353805066,0.98,100
"Federated CCW","RMST_diff",5,-0.7,"small",0.4,25,"lpm",1.63124717548318,1.61557277851707,0.0156743969661132,0.257092269560952,0.256283353805066,0.98,100
"Federated CCW","RMST_diff",8,-0.7,"small",0.4,25,"correct",1.23681140113931,1.20128404026569,0.03552736087362,0.169006414253441,0.171871259228709,0.97,100
"Federated CCW","RMST_diff",8,-0.7,"small",0.4,25,"no_lag",1.23681140113931,1.20128404026569,0.03552736087362,0.169006414253441,0.171871259228709,0.97,100
"Federated CCW","RMST_diff",8,-0.7,"small",0.4,25,"no_tv",1.23681140113931,1.20128404026569,0.03552736087362,0.169006414253441,0.171871259228709,0.97,100
"Federated CCW","RMST_diff",8,-0.7,"small",0.4,25,"coarse_L",1.23681140113931,1.20128404026569,0.03552736087362,0.169006414253441,0.171871259228709,0.97,100
"Federated CCW","RMST_diff",8,-0.7,"small",0.4,25,"nonlinear_L",1.23681140113931,1.20128404026569,0.03552736087362,0.169006414253441,0.171871259228709,0.97,100
"Federated CCW","RMST_diff",8,-0.7,"small",0.4,25,"cloglog",1.23681140113931,1.20128404026569,0.03552736087362,0.169006414253441,0.171871259228709,0.97,100
"Federated CCW","RMST_diff",8,-0.7,"small",0.4,25,"lpm",1.23681140113931,1.20128404026569,0.03552736087362,0.169006414253441,0.171871259228709,0.97,100
"Federated CCW","RMST_diff",2,-0.5,"small",0.4,25,"correct",1.82873389449338,1.85122454220699,-0.0224906477136113,0.646641096370923,0.643792738134883,0.95,100
"Federated CCW","RMST_diff",2,-0.5,"small",0.4,25,"no_lag",1.82873389449338,1.85122454220699,-0.0224906477136113,0.646641096370923,0.643792738134883,0.95,100
"Federated CCW","RMST_diff",2,-0.5,"small",0.4,25,"no_tv",1.82873389449338,1.85122454220699,-0.0224906477136113,0.646641096370923,0.643792738134883,0.95,100
"Federated CCW","RMST_diff",2,-0.5,"small",0.4,25,"coarse_L",1.82873389449338,1.85122454220699,-0.0224906477136113,0.646641096370923,0.643792738134883,0.95,100
"Federated CCW","RMST_diff",2,-0.5,"small",0.4,25,"nonlinear_L",1.82873389449338,1.85122454220699,-0.0224906477136113,0.646641096370923,0.643792738134883,0.95,100
"Federated CCW","RMST_diff",2,-0.5,"small",0.4,25,"cloglog",1.82873389449338,1.85122454220699,-0.0224906477136113,0.646641096370923,0.643792738134883,0.95,100
"Federated CCW","RMST_diff",2,-0.5,"small",0.4,25,"lpm",1.82873389449338,1.85122454220699,-0.0224906477136113,0.646641096370923,0.643792738134883,0.95,100
"Federated CCW","RMST_diff",5,-0.5,"small",0.4,25,"correct",1.07803059152993,1.14714745904953,-0.0691168675196009,0.290725554604445,0.297410954732309,0.98,100
"Federated CCW","RMST_diff",5,-0.5,"small",0.4,25,"no_lag",1.07803059152993,1.14714745904953,-0.0691168675196009,0.290725554604445,0.297410954732309,0.98,100
"Federated CCW","RMST_diff",5,-0.5,"small",0.4,25,"no_tv",1.07803059152993,1.14714745904953,-0.0691168675196009,0.290725554604445,0.297410954732309,0.98,100
"Federated CCW","RMST_diff",5,-0.5,"small",0.4,25,"coarse_L",1.07803059152993,1.14714745904953,-0.0691168675196009,0.290725554604445,0.297410954732309,0.98,100
"Federated CCW","RMST_diff",5,-0.5,"small",0.4,25,"nonlinear_L",1.07803059152993,1.14714745904953,-0.0691168675196009,0.290725554604445,0.297410954732309,0.98,100
"Federated CCW","RMST_diff",5,-0.5,"small",0.4,25,"cloglog",1.07803059152993,1.14714745904953,-0.0691168675196009,0.290725554604445,0.297410954732309,0.98,100
"Federated CCW","RMST_diff",5,-0.5,"small",0.4,25,"lpm",1.07803059152993,1.14714745904953,-0.0691168675196009,0.290725554604445,0.297410954732309,0.98,100
"Federated CCW","RMST_diff",8,-0.5,"small",0.4,25,"correct",0.881453713689662,0.858500773417477,0.0229529402721853,0.173549091623985,0.174197967263151,0.97,100
"Federated CCW","RMST_diff",8,-0.5,"small",0.4,25,"no_lag",0.881453713689662,0.858500773417477,0.0229529402721853,0.173549091623985,0.174197967263151,0.97,100
"Federated CCW","RMST_diff",8,-0.5,"small",0.4,25,"no_tv",0.881453713689662,0.858500773417477,0.0229529402721853,0.173549091623985,0.174197967263151,0.97,100
"Federated CCW","RMST_diff",8,-0.5,"small",0.4,25,"coarse_L",0.881453713689662,0.858500773417477,0.0229529402721853,0.173549091623985,0.174197967263151,0.97,100
"Federated CCW","RMST_diff",8,-0.5,"small",0.4,25,"nonlinear_L",0.881453713689662,0.858500773417477,0.0229529402721853,0.173549091623985,0.174197967263151,0.97,100
"Federated CCW","RMST_diff",8,-0.5,"small",0.4,25,"cloglog",0.881453713689662,0.858500773417477,0.0229529402721853,0.173549091623985,0.174197967263151,0.97,100
"Federated CCW","RMST_diff",8,-0.5,"small",0.4,25,"lpm",0.881453713689662,0.858500773417477,0.0229529402721853,0.173549091623985,0.174197967263151,0.97,100
"Federated CCW","RMST_diff",2,-1,"medium",1,25,"correct",3.787914754732,3.80085387894506,-0.0129391242130615,0.652350155482976,0.649209164322622,0.99,100
"Federated CCW","RMST_diff",2,-1,"medium",1,25,"no_lag",3.787914754732,3.80085387894506,-0.0129391242130615,0.652350155482976,0.649209164322622,0.99,100
"Federated CCW","RMST_diff",2,-1,"medium",1,25,"no_tv",3.787914754732,3.80085387894506,-0.0129391242130615,0.652350155482976,0.649209164322622,0.99,100
"Federated CCW","RMST_diff",2,-1,"medium",1,25,"coarse_L",3.787914754732,3.80085387894506,-0.0129391242130615,0.652350155482976,0.649209164322622,0.99,100
"Federated CCW","RMST_diff",2,-1,"medium",1,25,"nonlinear_L",3.787914754732,3.80085387894506,-0.0129391242130615,0.652350155482976,0.649209164322622,0.99,100
"Federated CCW","RMST_diff",2,-1,"medium",1,25,"cloglog",3.787914754732,3.80085387894506,-0.0129391242130615,0.652350155482976,0.649209164322622,0.99,100
"Federated CCW","RMST_diff",2,-1,"medium",1,25,"lpm",3.787914754732,3.80085387894506,-0.0129391242130615,0.652350155482976,0.649209164322622,0.99,100
"Federated CCW","RMST_diff",5,-1,"medium",1,25,"correct",2.4117125485126,2.42954199126714,-0.0178294427545328,0.322655417331473,0.321532801093373,1,100
"Federated CCW","RMST_diff",5,-1,"medium",1,25,"no_lag",2.4117125485126,2.42954199126714,-0.0178294427545328,0.322655417331473,0.321532801093373,1,100
"Federated CCW","RMST_diff",5,-1,"medium",1,25,"no_tv",2.4117125485126,2.42954199126714,-0.0178294427545328,0.322655417331473,0.321532801093373,1,100
"Federated CCW","RMST_diff",5,-1,"medium",1,25,"coarse_L",2.4117125485126,2.42954199126714,-0.0178294427545328,0.322655417331473,0.321532801093373,1,100
"Federated CCW","RMST_diff",5,-1,"medium",1,25,"nonlinear_L",2.4117125485126,2.42954199126714,-0.0178294427545328,0.322655417331473,0.321532801093373,1,100
"Federated CCW","RMST_diff",5,-1,"medium",1,25,"cloglog",2.4117125485126,2.42954199126714,-0.0178294427545328,0.322655417331473,0.321532801093373,1,100
"Federated CCW","RMST_diff",5,-1,"medium",1,25,"lpm",2.4117125485126,2.42954199126714,-0.0178294427545328,0.322655417331473,0.321532801093373,1,100
"Federated CCW","RMST_diff",8,-1,"medium",1,25,"correct",1.89864767895343,1.91150841078624,-0.0128607318328056,0.309077559064977,0.307797086675076,0.94,100
"Federated CCW","RMST_diff",8,-1,"medium",1,25,"no_lag",1.89864767895343,1.91150841078624,-0.0128607318328056,0.309077559064977,0.307797086675076,0.94,100
"Federated CCW","RMST_diff",8,-1,"medium",1,25,"no_tv",1.89864767895343,1.91150841078624,-0.0128607318328056,0.309077559064977,0.307797086675076,0.94,100
"Federated CCW","RMST_diff",8,-1,"medium",1,25,"coarse_L",1.89864767895343,1.91150841078624,-0.0128607318328056,0.309077559064977,0.307797086675076,0.94,100
"Federated CCW","RMST_diff",8,-1,"medium",1,25,"nonlinear_L",1.89864767895343,1.91150841078624,-0.0128607318328056,0.309077559064977,0.307797086675076,0.94,100
"Federated CCW","RMST_diff",8,-1,"medium",1,25,"cloglog",1.89864767895343,1.91150841078624,-0.0128607318328056,0.309077559064977,0.307797086675076,0.94,100
"Federated CCW","RMST_diff",8,-1,"medium",1,25,"lpm",1.89864767895343,1.91150841078624,-0.0128607318328056,0.309077559064977,0.307797086675076,0.94,100
"Federated CCW","RMST_diff",2,-0.7,"medium",1,25,"correct",2.44700755156972,2.61874108299344,-0.171733531423717,0.840244705054823,0.853488991460465,0.91,100
"Federated CCW","RMST_diff",2,-0.7,"medium",1,25,"no_lag",2.44700755156972,2.61874108299344,-0.171733531423717,0.840244705054823,0.853488991460465,0.91,100
"Federated CCW","RMST_diff",2,-0.7,"medium",1,25,"no_tv",2.44700755156972,2.61874108299344,-0.171733531423717,0.840244705054823,0.853488991460465,0.91,100
"Federated CCW","RMST_diff",2,-0.7,"medium",1,25,"coarse_L",2.44700755156972,2.61874108299344,-0.171733531423717,0.840244705054823,0.853488991460465,0.91,100
"Federated CCW","RMST_diff",2,-0.7,"medium",1,25,"nonlinear_L",2.44700755156972,2.61874108299344,-0.171733531423717,0.840244705054823,0.853488991460465,0.91,100
"Federated CCW","RMST_diff",2,-0.7,"medium",1,25,"cloglog",2.44700755156972,2.61874108299344,-0.171733531423717,0.840244705054823,0.853488991460465,0.91,100
"Federated CCW","RMST_diff",2,-0.7,"medium",1,25,"lpm",2.44700755156972,2.61874108299344,-0.171733531423717,0.840244705054823,0.853488991460465,0.91,100
"Federated CCW","RMST_diff",5,-0.7,"medium",1,25,"correct",1.62570681823089,1.69836049771415,-0.0726536794832666,0.580258063907111,0.58190289882797,0.85,100
"Federated CCW","RMST_diff",5,-0.7,"medium",1,25,"no_lag",1.62570681823089,1.69836049771415,-0.0726536794832666,0.580258063907111,0.58190289882797,0.85,100
"Federated CCW","RMST_diff",5,-0.7,"medium",1,25,"no_tv",1.62570681823089,1.69836049771415,-0.0726536794832666,0.580258063907111,0.58190289882797,0.85,100
"Federated CCW","RMST_diff",5,-0.7,"medium",1,25,"coarse_L",1.62570681823089,1.69836049771415,-0.0726536794832666,0.580258063907111,0.58190289882797,0.85,100
"Federated CCW","RMST_diff",5,-0.7,"medium",1,25,"nonlinear_L",1.62570681823089,1.69836049771415,-0.0726536794832666,0.580258063907111,0.58190289882797,0.85,100
"Federated CCW","RMST_diff",5,-0.7,"medium",1,25,"cloglog",1.62570681823089,1.69836049771415,-0.0726536794832666,0.580258063907111,0.58190289882797,0.85,100
"Federated CCW","RMST_diff",5,-0.7,"medium",1,25,"lpm",1.62570681823089,1.69836049771415,-0.0726536794832666,0.580258063907111,0.58190289882797,0.85,100
"Federated CCW","RMST_diff",8,-0.7,"medium",1,25,"correct",1.35570765618964,1.34562023897707,0.0100874172125626,0.353936207321182,0.352306523428667,0.96,100
"Federated CCW","RMST_diff",8,-0.7,"medium",1,25,"no_lag",1.35570765618964,1.34562023897707,0.0100874172125626,0.353936207321182,0.352306523428667,0.96,100
"Federated CCW","RMST_diff",8,-0.7,"medium",1,25,"no_tv",1.35570765618964,1.34562023897707,0.0100874172125626,0.353936207321182,0.352306523428667,0.96,100
"Federated CCW","RMST_diff",8,-0.7,"medium",1,25,"coarse_L",1.35570765618964,1.34562023897707,0.0100874172125626,0.353936207321182,0.352306523428667,0.96,100
"Federated CCW","RMST_diff",8,-0.7,"medium",1,25,"nonlinear_L",1.35570765618964,1.34562023897707,0.0100874172125626,0.353936207321182,0.352306523428667,0.96,100
"Federated CCW","RMST_diff",8,-0.7,"medium",1,25,"cloglog",1.35570765618964,1.34562023897707,0.0100874172125626,0.353936207321182,0.352306523428667,0.96,100
"Federated CCW","RMST_diff",8,-0.7,"medium",1,25,"lpm",1.35570765618964,1.34562023897707,0.0100874172125626,0.353936207321182,0.352306523428667,0.96,100
"Federated CCW","RMST_diff",2,-0.5,"medium",1,25,"correct",1.9298204628731,1.84038146532659,0.0894389975465197,0.876051218596317,0.876236506036,0.95,100
"Federated CCW","RMST_diff",2,-0.5,"medium",1,25,"no_lag",1.9298204628731,1.84038146532659,0.0894389975465197,0.876051218596317,0.876236506036,0.95,100
"Federated CCW","RMST_diff",2,-0.5,"medium",1,25,"no_tv",1.9298204628731,1.84038146532659,0.0894389975465197,0.876051218596317,0.876236506036,0.95,100
"Federated CCW","RMST_diff",2,-0.5,"medium",1,25,"coarse_L",1.9298204628731,1.84038146532659,0.0894389975465197,0.876051218596317,0.876236506036,0.95,100
"Federated CCW","RMST_diff",2,-0.5,"medium",1,25,"nonlinear_L",1.9298204628731,1.84038146532659,0.0894389975465197,0.876051218596317,0.876236506036,0.95,100
"Federated CCW","RMST_diff",2,-0.5,"medium",1,25,"cloglog",1.9298204628731,1.84038146532659,0.0894389975465197,0.876051218596317,0.876236506036,0.95,100
"Federated CCW","RMST_diff",2,-0.5,"medium",1,25,"lpm",1.9298204628731,1.84038146532659,0.0894389975465197,0.876051218596317,0.876236506036,0.95,100
"Federated CCW","RMST_diff",5,-0.5,"medium",1,25,"correct",1.36427438763271,1.20547707966547,0.158797307967239,0.487607751877609,0.510490246245574,0.95,100
"Federated CCW","RMST_diff",5,-0.5,"medium",1,25,"no_lag",1.36427438763271,1.20547707966547,0.158797307967239,0.487607751877609,0.510490246245574,0.95,100
"Federated CCW","RMST_diff",5,-0.5,"medium",1,25,"no_tv",1.36427438763271,1.20547707966547,0.158797307967239,0.487607751877609,0.510490246245574,0.95,100
"Federated CCW","RMST_diff",5,-0.5,"medium",1,25,"coarse_L",1.36427438763271,1.20547707966547,0.158797307967239,0.487607751877609,0.510490246245574,0.95,100
"Federated CCW","RMST_diff",5,-0.5,"medium",1,25,"nonlinear_L",1.36427438763271,1.20547707966547,0.158797307967239,0.487607751877609,0.510490246245574,0.95,100
"Federated CCW","RMST_diff",5,-0.5,"medium",1,25,"cloglog",1.36427438763271,1.20547707966547,0.158797307967239,0.487607751877609,0.510490246245574,0.95,100
"Federated CCW","RMST_diff",5,-0.5,"medium",1,25,"lpm",1.36427438763271,1.20547707966547,0.158797307967239,0.487607751877609,0.510490246245574,0.95,100
"Federated CCW","RMST_diff",8,-0.5,"medium",1,25,"correct",1.11064283814655,0.961489413733808,0.149153424412743,0.312040339409595,0.344444807913713,0.97,100
"Federated CCW","RMST_diff",8,-0.5,"medium",1,25,"no_lag",1.11064283814655,0.961489413733808,0.149153424412743,0.312040339409595,0.344444807913713,0.97,100
"Federated CCW","RMST_diff",8,-0.5,"medium",1,25,"no_tv",1.11064283814655,0.961489413733808,0.149153424412743,0.312040339409595,0.344444807913713,0.97,100
"Federated CCW","RMST_diff",8,-0.5,"medium",1,25,"coarse_L",1.11064283814655,0.961489413733808,0.149153424412743,0.312040339409595,0.344444807913713,0.97,100
"Federated CCW","RMST_diff",8,-0.5,"medium",1,25,"nonlinear_L",1.11064283814655,0.961489413733808,0.149153424412743,0.312040339409595,0.344444807913713,0.97,100
"Federated CCW","RMST_diff",8,-0.5,"medium",1,25,"cloglog",1.11064283814655,0.961489413733808,0.149153424412743,0.312040339409595,0.344444807913713,0.97,100
"Federated CCW","RMST_diff",8,-0.5,"medium",1,25,"lpm",1.11064283814655,0.961489413733808,0.149153424412743,0.312040339409595,0.344444807913713,0.97,100
"Federated CCW","RMST_diff",2,-1,"strong",2,25,"correct",3.12298477221921,3.81340268711301,-0.690417914893794,0.98252055546642,1.19681664122003,0.88,100
"Federated CCW","RMST_diff",2,-1,"strong",2,25,"no_lag",3.12298477221921,3.81340268711301,-0.690417914893794,0.98252055546642,1.19681664122003,0.88,100
"Federated CCW","RMST_diff",2,-1,"strong",2,25,"no_tv",3.12298477221921,3.81340268711301,-0.690417914893794,0.98252055546642,1.19681664122003,0.88,100
"Federated CCW","RMST_diff",2,-1,"strong",2,25,"coarse_L",3.12298477221921,3.81340268711301,-0.690417914893794,0.98252055546642,1.19681664122003,0.88,100
"Federated CCW","RMST_diff",2,-1,"strong",2,25,"nonlinear_L",3.12298477221921,3.81340268711301,-0.690417914893794,0.98252055546642,1.19681664122003,0.88,100
"Federated CCW","RMST_diff",2,-1,"strong",2,25,"cloglog",3.12298477221921,3.81340268711301,-0.690417914893794,0.98252055546642,1.19681664122003,0.88,100
"Federated CCW","RMST_diff",2,-1,"strong",2,25,"lpm",3.12298477221921,3.81340268711301,-0.690417914893794,0.98252055546642,1.19681664122003,0.88,100
"Federated CCW","RMST_diff",5,-1,"strong",2,25,"correct",2.60773948127461,2.68750354122519,-0.0797640599505835,1.47731354938695,1.47207101568846,0.87,100
"Federated CCW","RMST_diff",5,-1,"strong",2,25,"no_lag",2.60773948127461,2.68750354122519,-0.0797640599505835,1.47731354938695,1.47207101568846,0.87,100
"Federated CCW","RMST_diff",5,-1,"strong",2,25,"no_tv",2.60773948127461,2.68750354122519,-0.0797640599505835,1.47731354938695,1.47207101568846,0.87,100
"Federated CCW","RMST_diff",5,-1,"strong",2,25,"coarse_L",2.60773948127461,2.68750354122519,-0.0797640599505835,1.47731354938695,1.47207101568846,0.87,100
"Federated CCW","RMST_diff",5,-1,"strong",2,25,"nonlinear_L",2.60773948127461,2.68750354122519,-0.0797640599505835,1.47731354938695,1.47207101568846,0.87,100
"Federated CCW","RMST_diff",5,-1,"strong",2,25,"cloglog",2.60773948127461,2.68750354122519,-0.0797640599505835,1.47731354938695,1.47207101568846,0.87,100
"Federated CCW","RMST_diff",5,-1,"strong",2,25,"lpm",2.60773948127461,2.68750354122519,-0.0797640599505835,1.47731354938695,1.47207101568846,0.87,100
"Federated CCW","RMST_diff",8,-1,"strong",2,25,"correct",2.0622562169824,2.15938097189966,-0.097124754917259,0.917268782489988,0.917824284465766,0.87,100
"Federated CCW","RMST_diff",8,-1,"strong",2,25,"no_lag",2.0622562169824,2.15938097189966,-0.097124754917259,0.917268782489988,0.917824284465766,0.87,100
"Federated CCW","RMST_diff",8,-1,"strong",2,25,"no_tv",2.0622562169824,2.15938097189966,-0.097124754917259,0.917268782489988,0.917824284465766,0.87,100
"Federated CCW","RMST_diff",8,-1,"strong",2,25,"coarse_L",2.0622562169824,2.15938097189966,-0.097124754917259,0.917268782489988,0.917824284465766,0.87,100
"Federated CCW","RMST_diff",8,-1,"strong",2,25,"nonlinear_L",2.0622562169824,2.15938097189966,-0.097124754917259,0.917268782489988,0.917824284465766,0.87,100
"Federated CCW","RMST_diff",8,-1,"strong",2,25,"cloglog",2.0622562169824,2.15938097189966,-0.097124754917259,0.917268782489988,0.917824284465766,0.87,100
"Federated CCW","RMST_diff",8,-1,"strong",2,25,"lpm",2.0622562169824,2.15938097189966,-0.097124754917259,0.917268782489988,0.917824284465766,0.87,100
"Federated CCW","RMST_diff",2,-0.7,"strong",2,25,"correct",2.26278766462799,2.63829403421436,-0.375506369586364,1.36497845077642,1.40909174398727,0.87,100
"Federated CCW","RMST_diff",2,-0.7,"strong",2,25,"no_lag",2.26278766462799,2.63829403421436,-0.375506369586364,1.36497845077642,1.40909174398727,0.87,100
"Federated CCW","RMST_diff",2,-0.7,"strong",2,25,"no_tv",2.26278766462799,2.63829403421436,-0.375506369586364,1.36497845077642,1.40909174398727,0.87,100
"Federated CCW","RMST_diff",2,-0.7,"strong",2,25,"coarse_L",2.26278766462799,2.63829403421436,-0.375506369586364,1.36497845077642,1.40909174398727,0.87,100
"Federated CCW","RMST_diff",2,-0.7,"strong",2,25,"nonlinear_L",2.26278766462799,2.63829403421436,-0.375506369586364,1.36497845077642,1.40909174398727,0.87,100
"Federated CCW","RMST_diff",2,-0.7,"strong",2,25,"cloglog",2.26278766462799,2.63829403421436,-0.375506369586364,1.36497845077642,1.40909174398727,0.87,100
"Federated CCW","RMST_diff",2,-0.7,"strong",2,25,"lpm",2.26278766462799,2.63829403421436,-0.375506369586364,1.36497845077642,1.40909174398727,0.87,100
"Federated CCW","RMST_diff",5,-0.7,"strong",2,25,"correct",2.14862154157288,1.89353651644522,0.255085025127657,1.9363037066998,1.94341135485464,0.77,100
"Federated CCW","RMST_diff",5,-0.7,"strong",2,25,"no_lag",2.14862154157288,1.89353651644522,0.255085025127657,1.9363037066998,1.94341135485464,0.77,100
"Federated CCW","RMST_diff",5,-0.7,"strong",2,25,"no_tv",2.14862154157288,1.89353651644522,0.255085025127657,1.9363037066998,1.94341135485464,0.77,100
"Federated CCW","RMST_diff",5,-0.7,"strong",2,25,"coarse_L",2.14862154157288,1.89353651644522,0.255085025127657,1.9363037066998,1.94341135485464,0.77,100
"Federated CCW","RMST_diff",5,-0.7,"strong",2,25,"nonlinear_L",2.14862154157288,1.89353651644522,0.255085025127657,1.9363037066998,1.94341135485464,0.77,100
"Federated CCW","RMST_diff",5,-0.7,"strong",2,25,"cloglog",2.14862154157288,1.89353651644522,0.255085025127657,1.9363037066998,1.94341135485464,0.77,100
"Federated CCW","RMST_diff",5,-0.7,"strong",2,25,"lpm",2.14862154157288,1.89353651644522,0.255085025127657,1.9363037066998,1.94341135485464,0.77,100
"Federated CCW","RMST_diff",8,-0.7,"strong",2,25,"correct",1.15012666705509,1.49856180557954,-0.348435138524451,0.976392835035987,1.03209330217043,0.76,100
"Federated CCW","RMST_diff",8,-0.7,"strong",2,25,"no_lag",1.15012666705509,1.49856180557954,-0.348435138524451,0.976392835035987,1.03209330217043,0.76,100
"Federated CCW","RMST_diff",8,-0.7,"strong",2,25,"no_tv",1.15012666705509,1.49856180557954,-0.348435138524451,0.976392835035987,1.03209330217043,0.76,100
"Federated CCW","RMST_diff",8,-0.7,"strong",2,25,"coarse_L",1.15012666705509,1.49856180557954,-0.348435138524451,0.976392835035987,1.03209330217043,0.76,100
"Federated CCW","RMST_diff",8,-0.7,"strong",2,25,"nonlinear_L",1.15012666705509,1.49856180557954,-0.348435138524451,0.976392835035987,1.03209330217043,0.76,100
"Federated CCW","RMST_diff",8,-0.7,"strong",2,25,"cloglog",1.15012666705509,1.49856180557954,-0.348435138524451,0.976392835035987,1.03209330217043,0.76,100
"Federated CCW","RMST_diff",8,-0.7,"strong",2,25,"lpm",1.15012666705509,1.49856180557954,-0.348435138524451,0.976392835035987,1.03209330217043,0.76,100
"Federated CCW","RMST_diff",2,-0.5,"strong",2,25,"correct",1.29130372884285,1.83320062381724,-0.541896894974394,1.74019523605356,1.81429019447567,0.75,100
"Federated CCW","RMST_diff",2,-0.5,"strong",2,25,"no_lag",1.29130372884285,1.83320062381724,-0.541896894974394,1.74019523605356,1.81429019447567,0.75,100
"Federated CCW","RMST_diff",2,-0.5,"strong",2,25,"no_tv",1.29130372884285,1.83320062381724,-0.541896894974394,1.74019523605356,1.81429019447567,0.75,100
"Federated CCW","RMST_diff",2,-0.5,"strong",2,25,"coarse_L",1.29130372884285,1.83320062381724,-0.541896894974394,1.74019523605356,1.81429019447567,0.75,100
"Federated CCW","RMST_diff",2,-0.5,"strong",2,25,"nonlinear_L",1.29130372884285,1.83320062381724,-0.541896894974394,1.74019523605356,1.81429019447567,0.75,100
"Federated CCW","RMST_diff",2,-0.5,"strong",2,25,"cloglog",1.29130372884285,1.83320062381724,-0.541896894974394,1.74019523605356,1.81429019447567,0.75,100
"Federated CCW","RMST_diff",2,-0.5,"strong",2,25,"lpm",1.29130372884285,1.83320062381724,-0.541896894974394,1.74019523605356,1.81429019447567,0.75,100
"Federated CCW","RMST_diff",5,-0.5,"strong",2,25,"correct",0.969681656891379,1.34794250784726,-0.378260850955885,1.03694793063351,1.09890385025376,0.82,100
"Federated CCW","RMST_diff",5,-0.5,"strong",2,25,"no_lag",0.969681656891379,1.34794250784726,-0.378260850955885,1.03694793063351,1.09890385025376,0.82,100
"Federated CCW","RMST_diff",5,-0.5,"strong",2,25,"no_tv",0.969681656891379,1.34794250784726,-0.378260850955885,1.03694793063351,1.09890385025376,0.82,100
"Federated CCW","RMST_diff",5,-0.5,"strong",2,25,"coarse_L",0.969681656891379,1.34794250784726,-0.378260850955885,1.03694793063351,1.09890385025376,0.82,100
"Federated CCW","RMST_diff",5,-0.5,"strong",2,25,"nonlinear_L",0.969681656891379,1.34794250784726,-0.378260850955885,1.03694793063351,1.09890385025376,0.82,100
"Federated CCW","RMST_diff",5,-0.5,"strong",2,25,"cloglog",0.969681656891379,1.34794250784726,-0.378260850955885,1.03694793063351,1.09890385025376,0.82,100
"Federated CCW","RMST_diff",5,-0.5,"strong",2,25,"lpm",0.969681656891379,1.34794250784726,-0.378260850955885,1.03694793063351,1.09890385025376,0.82,100
"Federated CCW","RMST_diff",8,-0.5,"strong",2,25,"correct",0.887153645106373,1.03856783340449,-0.151414188298118,0.760204051618796,0.771399607541147,0.87,100
"Federated CCW","RMST_diff",8,-0.5,"strong",2,25,"no_lag",0.887153645106373,1.03856783340449,-0.151414188298118,0.760204051618796,0.771399607541147,0.87,100
"Federated CCW","RMST_diff",8,-0.5,"strong",2,25,"no_tv",0.887153645106373,1.03856783340449,-0.151414188298118,0.760204051618796,0.771399607541147,0.87,100
"Federated CCW","RMST_diff",8,-0.5,"strong",2,25,"coarse_L",0.887153645106373,1.03856783340449,-0.151414188298118,0.760204051618796,0.771399607541147,0.87,100
"Federated CCW","RMST_diff",8,-0.5,"strong",2,25,"nonlinear_L",0.887153645106373,1.03856783340449,-0.151414188298118,0.760204051618796,0.771399607541147,0.87,100
"Federated CCW","RMST_diff",8,-0.5,"strong",2,25,"cloglog",0.887153645106373,1.03856783340449,-0.151414188298118,0.760204051618796,0.771399607541147,0.87,100
"Federated CCW","RMST_diff",8,-0.5,"strong",2,25,"lpm",0.887153645106373,1.03856783340449,-0.151414188298118,0.760204051618796,0.771399607541147,0.87,100
"Pooled CCW","RMST_diff",2,-1,"small",0.4,25,"correct",3.71413212368923,3.79861853657404,-0.0844864128848086,0.545404068389127,0.549207516153412,0.94,100
"Pooled CCW","RMST_diff",2,-1,"small",0.4,25,"no_lag",3.71413212368923,3.79861853657404,-0.0844864128848086,0.545404068389127,0.549207516153412,0.94,100
"Pooled CCW","RMST_diff",2,-1,"small",0.4,25,"no_tv",3.71413212368923,3.79861853657404,-0.0844864128848086,0.545404068389127,0.549207516153412,0.94,100
"Pooled CCW","RMST_diff",2,-1,"small",0.4,25,"coarse_L",3.71413212368923,3.79861853657404,-0.0844864128848086,0.545404068389127,0.549207516153412,0.94,100
"Pooled CCW","RMST_diff",2,-1,"small",0.4,25,"nonlinear_L",3.71413212368923,3.79861853657404,-0.0844864128848086,0.545404068389127,0.549207516153412,0.94,100
"Pooled CCW","RMST_diff",2,-1,"small",0.4,25,"cloglog",3.71413212368923,3.79861853657404,-0.0844864128848086,0.545404068389127,0.549207516153412,0.94,100
"Pooled CCW","RMST_diff",2,-1,"small",0.4,25,"lpm",3.71413212368923,3.79861853657404,-0.0844864128848086,0.545404068389127,0.549207516153412,0.94,100
"Pooled CCW","RMST_diff",5,-1,"small",0.4,25,"correct",2.24823433099176,2.29737493833465,-0.0491406073428937,0.294080546662592,0.296704117828087,0.96,100
"Pooled CCW","RMST_diff",5,-1,"small",0.4,25,"no_lag",2.24823433099176,2.29737493833465,-0.0491406073428937,0.294080546662592,0.296704117828087,0.96,100
"Pooled CCW","RMST_diff",5,-1,"small",0.4,25,"no_tv",2.24823433099176,2.29737493833465,-0.0491406073428937,0.294080546662592,0.296704117828087,0.96,100
"Pooled CCW","RMST_diff",5,-1,"small",0.4,25,"coarse_L",2.24823433099176,2.29737493833465,-0.0491406073428937,0.294080546662592,0.296704117828087,0.96,100
"Pooled CCW","RMST_diff",5,-1,"small",0.4,25,"nonlinear_L",2.24823433099176,2.29737493833465,-0.0491406073428937,0.294080546662592,0.296704117828087,0.96,100
"Pooled CCW","RMST_diff",5,-1,"small",0.4,25,"cloglog",2.24823433099176,2.29737493833465,-0.0491406073428937,0.294080546662592,0.296704117828087,0.96,100
"Pooled CCW","RMST_diff",5,-1,"small",0.4,25,"lpm",2.24823433099176,2.29737493833465,-0.0491406073428937,0.294080546662592,0.296704117828087,0.96,100
"Pooled CCW","RMST_diff",8,-1,"small",0.4,25,"correct",1.66785523121813,1.69602919128171,-0.0281739600635806,0.16684626017517,0.1683836981859,0.97,100
"Pooled CCW","RMST_diff",8,-1,"small",0.4,25,"no_lag",1.66785523121813,1.69602919128171,-0.0281739600635806,0.16684626017517,0.1683836981859,0.97,100
"Pooled CCW","RMST_diff",8,-1,"small",0.4,25,"no_tv",1.66785523121813,1.69602919128171,-0.0281739600635806,0.16684626017517,0.1683836981859,0.97,100
"Pooled CCW","RMST_diff",8,-1,"small",0.4,25,"coarse_L",1.66785523121813,1.69602919128171,-0.0281739600635806,0.16684626017517,0.1683836981859,0.97,100
"Pooled CCW","RMST_diff",8,-1,"small",0.4,25,"nonlinear_L",1.66785523121813,1.69602919128171,-0.0281739600635806,0.16684626017517,0.1683836981859,0.97,100
"Pooled CCW","RMST_diff",8,-1,"small",0.4,25,"cloglog",1.66785523121813,1.69602919128171,-0.0281739600635806,0.16684626017517,0.1683836981859,0.97,100
"Pooled CCW","RMST_diff",8,-1,"small",0.4,25,"lpm",1.66785523121813,1.69602919128171,-0.0281739600635806,0.16684626017517,0.1683836981859,0.97,100
"Pooled CCW","RMST_diff",2,-0.7,"small",0.4,25,"correct",2.58575206932614,2.63492614076516,-0.0491740714390138,0.553307640245807,0.552725918162636,0.96,100
"Pooled CCW","RMST_diff",2,-0.7,"small",0.4,25,"no_lag",2.58575206932614,2.63492614076516,-0.0491740714390138,0.553307640245807,0.552725918162636,0.96,100
"Pooled CCW","RMST_diff",2,-0.7,"small",0.4,25,"no_tv",2.58575206932614,2.63492614076516,-0.0491740714390138,0.553307640245807,0.552725918162636,0.96,100
"Pooled CCW","RMST_diff",2,-0.7,"small",0.4,25,"coarse_L",2.58575206932614,2.63492614076516,-0.0491740714390138,0.553307640245807,0.552725918162636,0.96,100
"Pooled CCW","RMST_diff",2,-0.7,"small",0.4,25,"nonlinear_L",2.58575206932614,2.63492614076516,-0.0491740714390138,0.553307640245807,0.552725918162636,0.96,100
"Pooled CCW","RMST_diff",2,-0.7,"small",0.4,25,"cloglog",2.58575206932614,2.63492614076516,-0.0491740714390138,0.553307640245807,0.552725918162636,0.96,100
"Pooled CCW","RMST_diff",2,-0.7,"small",0.4,25,"lpm",2.58575206932614,2.63492614076516,-0.0491740714390138,0.553307640245807,0.552725918162636,0.96,100
"Pooled CCW","RMST_diff",5,-0.7,"small",0.4,25,"correct",1.63361159041323,1.61557277851707,0.0180388118961601,0.247281637501403,0.246702502819787,1,100
"Pooled CCW","RMST_diff",5,-0.7,"small",0.4,25,"no_lag",1.63361159041323,1.61557277851707,0.0180388118961601,0.247281637501403,0.246702502819787,1,100
"Pooled CCW","RMST_diff",5,-0.7,"small",0.4,25,"no_tv",1.63361159041323,1.61557277851707,0.0180388118961601,0.247281637501403,0.246702502819787,1,100
"Pooled CCW","RMST_diff",5,-0.7,"small",0.4,25,"coarse_L",1.63361159041323,1.61557277851707,0.0180388118961601,0.247281637501403,0.246702502819787,1,100
"Pooled CCW","RMST_diff",5,-0.7,"small",0.4,25,"nonlinear_L",1.63361159041323,1.61557277851707,0.0180388118961601,0.247281637501403,0.246702502819787,1,100
"Pooled CCW","RMST_diff",5,-0.7,"small",0.4,25,"cloglog",1.63361159041323,1.61557277851707,0.0180388118961601,0.247281637501403,0.246702502819787,1,100
"Pooled CCW","RMST_diff",5,-0.7,"small",0.4,25,"lpm",1.63361159041323,1.61557277851707,0.0180388118961601,0.247281637501403,0.246702502819787,1,100
"Pooled CCW","RMST_diff",8,-0.7,"small",0.4,25,"correct",1.23528351842286,1.20128404026569,0.0339994781571646,0.167534029499502,0.170126244433057,0.97,100
"Pooled CCW","RMST_diff",8,-0.7,"small",0.4,25,"no_lag",1.23528351842286,1.20128404026569,0.0339994781571646,0.167534029499502,0.170126244433057,0.97,100
"Pooled CCW","RMST_diff",8,-0.7,"small",0.4,25,"no_tv",1.23528351842286,1.20128404026569,0.0339994781571646,0.167534029499502,0.170126244433057,0.97,100
"Pooled CCW","RMST_diff",8,-0.7,"small",0.4,25,"coarse_L",1.23528351842286,1.20128404026569,0.0339994781571646,0.167534029499502,0.170126244433057,0.97,100
"Pooled CCW","RMST_diff",8,-0.7,"small",0.4,25,"nonlinear_L",1.23528351842286,1.20128404026569,0.0339994781571646,0.167534029499502,0.170126244433057,0.97,100
"Pooled CCW","RMST_diff",8,-0.7,"small",0.4,25,"cloglog",1.23528351842286,1.20128404026569,0.0339994781571646,0.167534029499502,0.170126244433057,0.97,100
"Pooled CCW","RMST_diff",8,-0.7,"small",0.4,25,"lpm",1.23528351842286,1.20128404026569,0.0339994781571646,0.167534029499502,0.170126244433057,0.97,100
"Pooled CCW","RMST_diff",2,-0.5,"small",0.4,25,"correct",1.82370518261693,1.85122454220699,-0.0275193595900629,0.638911909866512,0.636304690722792,0.95,100
"Pooled CCW","RMST_diff",2,-0.5,"small",0.4,25,"no_lag",1.82370518261693,1.85122454220699,-0.0275193595900629,0.638911909866512,0.636304690722792,0.95,100
"Pooled CCW","RMST_diff",2,-0.5,"small",0.4,25,"no_tv",1.82370518261693,1.85122454220699,-0.0275193595900629,0.638911909866512,0.636304690722792,0.95,100
"Pooled CCW","RMST_diff",2,-0.5,"small",0.4,25,"coarse_L",1.82370518261693,1.85122454220699,-0.0275193595900629,0.638911909866512,0.636304690722792,0.95,100
"Pooled CCW","RMST_diff",2,-0.5,"small",0.4,25,"nonlinear_L",1.82370518261693,1.85122454220699,-0.0275193595900629,0.638911909866512,0.636304690722792,0.95,100
"Pooled CCW","RMST_diff",2,-0.5,"small",0.4,25,"cloglog",1.82370518261693,1.85122454220699,-0.0275193595900629,0.638911909866512,0.636304690722792,0.95,100
"Pooled CCW","RMST_diff",2,-0.5,"small",0.4,25,"lpm",1.82370518261693,1.85122454220699,-0.0275193595900629,0.638911909866512,0.636304690722792,0.95,100
"Pooled CCW","RMST_diff",5,-0.5,"small",0.4,25,"correct",1.07663529074031,1.14714745904953,-0.0705121683092239,0.291197072189348,0.298194137069796,0.99,100
"Pooled CCW","RMST_diff",5,-0.5,"small",0.4,25,"no_lag",1.07663529074031,1.14714745904953,-0.0705121683092239,0.291197072189348,0.298194137069796,0.99,100
"Pooled CCW","RMST_diff",5,-0.5,"small",0.4,25,"no_tv",1.07663529074031,1.14714745904953,-0.0705121683092239,0.291197072189348,0.298194137069796,0.99,100
"Pooled CCW","RMST_diff",5,-0.5,"small",0.4,25,"coarse_L",1.07663529074031,1.14714745904953,-0.0705121683092239,0.291197072189348,0.298194137069796,0.99,100
"Pooled CCW","RMST_diff",5,-0.5,"small",0.4,25,"nonlinear_L",1.07663529074031,1.14714745904953,-0.0705121683092239,0.291197072189348,0.298194137069796,0.99,100
"Pooled CCW","RMST_diff",5,-0.5,"small",0.4,25,"cloglog",1.07663529074031,1.14714745904953,-0.0705121683092239,0.291197072189348,0.298194137069796,0.99,100
"Pooled CCW","RMST_diff",5,-0.5,"small",0.4,25,"lpm",1.07663529074031,1.14714745904953,-0.0705121683092239,0.291197072189348,0.298194137069796,0.99,100
"Pooled CCW","RMST_diff",8,-0.5,"small",0.4,25,"correct",0.881979306287389,0.858500773417477,0.0234785328699122,0.17634372927011,0.177023674264445,0.96,100
"Pooled CCW","RMST_diff",8,-0.5,"small",0.4,25,"no_lag",0.881979306287389,0.858500773417477,0.0234785328699122,0.17634372927011,0.177023674264445,0.96,100
"Pooled CCW","RMST_diff",8,-0.5,"small",0.4,25,"no_tv",0.881979306287389,0.858500773417477,0.0234785328699122,0.17634372927011,0.177023674264445,0.96,100
"Pooled CCW","RMST_diff",8,-0.5,"small",0.4,25,"coarse_L",0.881979306287389,0.858500773417477,0.0234785328699122,0.17634372927011,0.177023674264445,0.96,100
"Pooled CCW","RMST_diff",8,-0.5,"small",0.4,25,"nonlinear_L",0.881979306287389,0.858500773417477,0.0234785328699122,0.17634372927011,0.177023674264445,0.96,100
"Pooled CCW","RMST_diff",8,-0.5,"small",0.4,25,"cloglog",0.881979306287389,0.858500773417477,0.0234785328699122,0.17634372927011,0.177023674264445,0.96,100
"Pooled CCW","RMST_diff",8,-0.5,"small",0.4,25,"lpm",0.881979306287389,0.858500773417477,0.0234785328699122,0.17634372927011,0.177023674264445,0.96,100
"Pooled CCW","RMST_diff",2,-1,"medium",1,25,"correct",3.78149756116762,3.80085387894506,-0.0193563177774451,0.61340536442364,0.610637492077388,0.99,100
"Pooled CCW","RMST_diff",2,-1,"medium",1,25,"no_lag",3.78149756116762,3.80085387894506,-0.0193563177774451,0.61340536442364,0.610637492077388,0.99,100
"Pooled CCW","RMST_diff",2,-1,"medium",1,25,"no_tv",3.78149756116762,3.80085387894506,-0.0193563177774451,0.61340536442364,0.610637492077388,0.99,100
"Pooled CCW","RMST_diff",2,-1,"medium",1,25,"coarse_L",3.78149756116762,3.80085387894506,-0.0193563177774451,0.61340536442364,0.610637492077388,0.99,100
"Pooled CCW","RMST_diff",2,-1,"medium",1,25,"nonlinear_L",3.78149756116762,3.80085387894506,-0.0193563177774451,0.61340536442364,0.610637492077388,0.99,100
"Pooled CCW","RMST_diff",2,-1,"medium",1,25,"cloglog",3.78149756116762,3.80085387894506,-0.0193563177774451,0.61340536442364,0.610637492077388,0.99,100
"Pooled CCW","RMST_diff",2,-1,"medium",1,25,"lpm",3.78149756116762,3.80085387894506,-0.0193563177774451,0.61340536442364,0.610637492077388,0.99,100
"Pooled CCW","RMST_diff",5,-1,"medium",1,25,"correct",2.40347907039721,2.42954199126714,-0.0260629208699274,0.310261190538684,0.309804231951742,0.99,100
"Pooled CCW","RMST_diff",5,-1,"medium",1,25,"no_lag",2.40347907039721,2.42954199126714,-0.0260629208699274,0.310261190538684,0.309804231951742,0.99,100
"Pooled CCW","RMST_diff",5,-1,"medium",1,25,"no_tv",2.40347907039721,2.42954199126714,-0.0260629208699274,0.310261190538684,0.309804231951742,0.99,100
"Pooled CCW","RMST_diff",5,-1,"medium",1,25,"coarse_L",2.40347907039721,2.42954199126714,-0.0260629208699274,0.310261190538684,0.309804231951742,0.99,100
"Pooled CCW","RMST_diff",5,-1,"medium",1,25,"nonlinear_L",2.40347907039721,2.42954199126714,-0.0260629208699274,0.310261190538684,0.309804231951742,0.99,100
"Pooled CCW","RMST_diff",5,-1,"medium",1,25,"cloglog",2.40347907039721,2.42954199126714,-0.0260629208699274,0.310261190538684,0.309804231951742,0.99,100
"Pooled CCW","RMST_diff",5,-1,"medium",1,25,"lpm",2.40347907039721,2.42954199126714,-0.0260629208699274,0.310261190538684,0.309804231951742,0.99,100
"Pooled CCW","RMST_diff",8,-1,"medium",1,25,"correct",1.88977477290612,1.91150841078624,-0.0217336378801139,0.301743987615919,0.301017093762525,0.93,100
"Pooled CCW","RMST_diff",8,-1,"medium",1,25,"no_lag",1.88977477290612,1.91150841078624,-0.0217336378801139,0.301743987615919,0.301017093762525,0.93,100
"Pooled CCW","RMST_diff",8,-1,"medium",1,25,"no_tv",1.88977477290612,1.91150841078624,-0.0217336378801139,0.301743987615919,0.301017093762525,0.93,100
"Pooled CCW","RMST_diff",8,-1,"medium",1,25,"coarse_L",1.88977477290612,1.91150841078624,-0.0217336378801139,0.301743987615919,0.301017093762525,0.93,100
"Pooled CCW","RMST_diff",8,-1,"medium",1,25,"nonlinear_L",1.88977477290612,1.91150841078624,-0.0217336378801139,0.301743987615919,0.301017093762525,0.93,100
"Pooled CCW","RMST_diff",8,-1,"medium",1,25,"cloglog",1.88977477290612,1.91150841078624,-0.0217336378801139,0.301743987615919,0.301017093762525,0.93,100
"Pooled CCW","RMST_diff",8,-1,"medium",1,25,"lpm",1.88977477290612,1.91150841078624,-0.0217336378801139,0.301743987615919,0.301017093762525,0.93,100
"Pooled CCW","RMST_diff",2,-0.7,"medium",1,25,"correct",2.41387903713566,2.61874108299344,-0.204862045857781,0.830953045982606,0.851790228175065,0.91,100
"Pooled CCW","RMST_diff",2,-0.7,"medium",1,25,"no_lag",2.41387903713566,2.61874108299344,-0.204862045857781,0.830953045982606,0.851790228175065,0.91,100
"Pooled CCW","RMST_diff",2,-0.7,"medium",1,25,"no_tv",2.41387903713566,2.61874108299344,-0.204862045857781,0.830953045982606,0.851790228175065,0.91,100
"Pooled CCW","RMST_diff",2,-0.7,"medium",1,25,"coarse_L",2.41387903713566,2.61874108299344,-0.204862045857781,0.830953045982606,0.851790228175065,0.91,100
"Pooled CCW","RMST_diff",2,-0.7,"medium",1,25,"nonlinear_L",2.41387903713566,2.61874108299344,-0.204862045857781,0.830953045982606,0.851790228175065,0.91,100
"Pooled CCW","RMST_diff",2,-0.7,"medium",1,25,"cloglog",2.41387903713566,2.61874108299344,-0.204862045857781,0.830953045982606,0.851790228175065,0.91,100
"Pooled CCW","RMST_diff",2,-0.7,"medium",1,25,"lpm",2.41387903713566,2.61874108299344,-0.204862045857781,0.830953045982606,0.851790228175065,0.91,100
"Pooled CCW","RMST_diff",5,-0.7,"medium",1,25,"correct",1.62152126554487,1.69836049771415,-0.0768392321692785,0.573548817382764,0.57582369789921,0.84,100
"Pooled CCW","RMST_diff",5,-0.7,"medium",1,25,"no_lag",1.62152126554487,1.69836049771415,-0.0768392321692785,0.573548817382764,0.57582369789921,0.84,100
"Pooled CCW","RMST_diff",5,-0.7,"medium",1,25,"no_tv",1.62152126554487,1.69836049771415,-0.0768392321692785,0.573548817382764,0.57582369789921,0.84,100
"Pooled CCW","RMST_diff",5,-0.7,"medium",1,25,"coarse_L",1.62152126554487,1.69836049771415,-0.0768392321692785,0.573548817382764,0.57582369789921,0.84,100
"Pooled CCW","RMST_diff",5,-0.7,"medium",1,25,"nonlinear_L",1.62152126554487,1.69836049771415,-0.0768392321692785,0.573548817382764,0.57582369789921,0.84,100
"Pooled CCW","RMST_diff",5,-0.7,"medium",1,25,"cloglog",1.62152126554487,1.69836049771415,-0.0768392321692785,0.573548817382764,0.57582369789921,0.84,100
"Pooled CCW","RMST_diff",5,-0.7,"medium",1,25,"lpm",1.62152126554487,1.69836049771415,-0.0768392321692785,0.573548817382764,0.57582369789921,0.84,100
"Pooled CCW","RMST_diff",8,-0.7,"medium",1,25,"correct",1.36397698490043,1.34562023897707,0.0183567459233618,0.358815232608397,0.357488262130653,0.96,100
"Pooled CCW","RMST_diff",8,-0.7,"medium",1,25,"no_lag",1.36397698490043,1.34562023897707,0.0183567459233618,0.358815232608397,0.357488262130653,0.96,100
"Pooled CCW","RMST_diff",8,-0.7,"medium",1,25,"no_tv",1.36397698490043,1.34562023897707,0.0183567459233618,0.358815232608397,0.357488262130653,0.96,100
"Pooled CCW","RMST_diff",8,-0.7,"medium",1,25,"coarse_L",1.36397698490043,1.34562023897707,0.0183567459233618,0.358815232608397,0.357488262130653,0.96,100
"Pooled CCW","RMST_diff",8,-0.7,"medium",1,25,"nonlinear_L",1.36397698490043,1.34562023897707,0.0183567459233618,0.358815232608397,0.357488262130653,0.96,100
"Pooled CCW","RMST_diff",8,-0.7,"medium",1,25,"cloglog",1.36397698490043,1.34562023897707,0.0183567459233618,0.358815232608397,0.357488262130653,0.96,100
"Pooled CCW","RMST_diff",8,-0.7,"medium",1,25,"lpm",1.36397698490043,1.34562023897707,0.0183567459233618,0.358815232608397,0.357488262130653,0.96,100
"Pooled CCW","RMST_diff",2,-0.5,"medium",1,25,"correct",1.93504943382927,1.84038146532659,0.0946679685026859,0.89272587647848,0.893281545700656,0.95,100
"Pooled CCW","RMST_diff",2,-0.5,"medium",1,25,"no_lag",1.93504943382927,1.84038146532659,0.0946679685026859,0.89272587647848,0.893281545700656,0.95,100
"Pooled CCW","RMST_diff",2,-0.5,"medium",1,25,"no_tv",1.93504943382927,1.84038146532659,0.0946679685026859,0.89272587647848,0.893281545700656,0.95,100
"Pooled CCW","RMST_diff",2,-0.5,"medium",1,25,"coarse_L",1.93504943382927,1.84038146532659,0.0946679685026859,0.89272587647848,0.893281545700656,0.95,100
"Pooled CCW","RMST_diff",2,-0.5,"medium",1,25,"nonlinear_L",1.93504943382927,1.84038146532659,0.0946679685026859,0.89272587647848,0.893281545700656,0.95,100
"Pooled CCW","RMST_diff",2,-0.5,"medium",1,25,"cloglog",1.93504943382927,1.84038146532659,0.0946679685026859,0.89272587647848,0.893281545700656,0.95,100
"Pooled CCW","RMST_diff",2,-0.5,"medium",1,25,"lpm",1.93504943382927,1.84038146532659,0.0946679685026859,0.89272587647848,0.893281545700656,0.95,100
"Pooled CCW","RMST_diff",5,-0.5,"medium",1,25,"correct",1.36378658590062,1.20547707966547,0.158309506235152,0.489925665223254,0.512531741099438,0.95,100
"Pooled CCW","RMST_diff",5,-0.5,"medium",1,25,"no_lag",1.36378658590062,1.20547707966547,0.158309506235152,0.489925665223254,0.512531741099438,0.95,100
"Pooled CCW","RMST_diff",5,-0.5,"medium",1,25,"no_tv",1.36378658590062,1.20547707966547,0.158309506235152,0.489925665223254,0.512531741099438,0.95,100
"Pooled CCW","RMST_diff",5,-0.5,"medium",1,25,"coarse_L",1.36378658590062,1.20547707966547,0.158309506235152,0.489925665223254,0.512531741099438,0.95,100
"Pooled CCW","RMST_diff",5,-0.5,"medium",1,25,"nonlinear_L",1.36378658590062,1.20547707966547,0.158309506235152,0.489925665223254,0.512531741099438,0.95,100
"Pooled CCW","RMST_diff",5,-0.5,"medium",1,25,"cloglog",1.36378658590062,1.20547707966547,0.158309506235152,0.489925665223254,0.512531741099438,0.95,100
"Pooled CCW","RMST_diff",5,-0.5,"medium",1,25,"lpm",1.36378658590062,1.20547707966547,0.158309506235152,0.489925665223254,0.512531741099438,0.95,100
"Pooled CCW","RMST_diff",8,-0.5,"medium",1,25,"correct",1.12286447393807,0.961489413733808,0.161375060204257,0.318409881014163,0.355545937763472,0.97,100
"Pooled CCW","RMST_diff",8,-0.5,"medium",1,25,"no_lag",1.12286447393807,0.961489413733808,0.161375060204257,0.318409881014163,0.355545937763472,0.97,100
"Pooled CCW","RMST_diff",8,-0.5,"medium",1,25,"no_tv",1.12286447393807,0.961489413733808,0.161375060204257,0.318409881014163,0.355545937763472,0.97,100
"Pooled CCW","RMST_diff",8,-0.5,"medium",1,25,"coarse_L",1.12286447393807,0.961489413733808,0.161375060204257,0.318409881014163,0.355545937763472,0.97,100
"Pooled CCW","RMST_diff",8,-0.5,"medium",1,25,"nonlinear_L",1.12286447393807,0.961489413733808,0.161375060204257,0.318409881014163,0.355545937763472,0.97,100
"Pooled CCW","RMST_diff",8,-0.5,"medium",1,25,"cloglog",1.12286447393807,0.961489413733808,0.161375060204257,0.318409881014163,0.355545937763472,0.97,100
"Pooled CCW","RMST_diff",8,-0.5,"medium",1,25,"lpm",1.12286447393807,0.961489413733808,0.161375060204257,0.318409881014163,0.355545937763472,0.97,100
"Pooled CCW","RMST_diff",2,-1,"strong",2,25,"correct",3.15620023774112,3.81340268711301,-0.65720244937189,0.984371794733264,1.17949693150264,0.87,100
"Pooled CCW","RMST_diff",2,-1,"strong",2,25,"no_lag",3.15620023774112,3.81340268711301,-0.65720244937189,0.984371794733264,1.17949693150264,0.87,100
"Pooled CCW","RMST_diff",2,-1,"strong",2,25,"no_tv",3.15620023774112,3.81340268711301,-0.65720244937189,0.984371794733264,1.17949693150264,0.87,100
"Pooled CCW","RMST_diff",2,-1,"strong",2,25,"coarse_L",3.15620023774112,3.81340268711301,-0.65720244937189,0.984371794733264,1.17949693150264,0.87,100
"Pooled CCW","RMST_diff",2,-1,"strong",2,25,"nonlinear_L",3.15620023774112,3.81340268711301,-0.65720244937189,0.984371794733264,1.17949693150264,0.87,100
"Pooled CCW","RMST_diff",2,-1,"strong",2,25,"cloglog",3.15620023774112,3.81340268711301,-0.65720244937189,0.984371794733264,1.17949693150264,0.87,100
"Pooled CCW","RMST_diff",2,-1,"strong",2,25,"lpm",3.15620023774112,3.81340268711301,-0.65720244937189,0.984371794733264,1.17949693150264,0.87,100
"Pooled CCW","RMST_diff",5,-1,"strong",2,25,"correct",2.62515602293826,2.68750354122519,-0.0623475182869331,1.49544790489305,1.48925753478808,0.85,100
"Pooled CCW","RMST_diff",5,-1,"strong",2,25,"no_lag",2.62515602293826,2.68750354122519,-0.0623475182869331,1.49544790489305,1.48925753478808,0.85,100
"Pooled CCW","RMST_diff",5,-1,"strong",2,25,"no_tv",2.62515602293826,2.68750354122519,-0.0623475182869331,1.49544790489305,1.48925753478808,0.85,100
"Pooled CCW","RMST_diff",5,-1,"strong",2,25,"coarse_L",2.62515602293826,2.68750354122519,-0.0623475182869331,1.49544790489305,1.48925753478808,0.85,100
"Pooled CCW","RMST_diff",5,-1,"strong",2,25,"nonlinear_L",2.62515602293826,2.68750354122519,-0.0623475182869331,1.49544790489305,1.48925753478808,0.85,100
"Pooled CCW","RMST_diff",5,-1,"strong",2,25,"cloglog",2.62515602293826,2.68750354122519,-0.0623475182869331,1.49544790489305,1.48925753478808,0.85,100
"Pooled CCW","RMST_diff",5,-1,"strong",2,25,"lpm",2.62515602293826,2.68750354122519,-0.0623475182869331,1.49544790489305,1.48925753478808,0.85,100
"Pooled CCW","RMST_diff",8,-1,"strong",2,25,"correct",2.08339363014321,2.15938097189966,-0.0759873417564464,0.936604660144879,0.935002717973731,0.86,100
"Pooled CCW","RMST_diff",8,-1,"strong",2,25,"no_lag",2.08339363014321,2.15938097189966,-0.0759873417564464,0.936604660144879,0.935002717973731,0.86,100
"Pooled CCW","RMST_diff",8,-1,"strong",2,25,"no_tv",2.08339363014321,2.15938097189966,-0.0759873417564464,0.936604660144879,0.935002717973731,0.86,100
"Pooled CCW","RMST_diff",8,-1,"strong",2,25,"coarse_L",2.08339363014321,2.15938097189966,-0.0759873417564464,0.936604660144879,0.935002717973731,0.86,100
"Pooled CCW","RMST_diff",8,-1,"strong",2,25,"nonlinear_L",2.08339363014321,2.15938097189966,-0.0759873417564464,0.936604660144879,0.935002717973731,0.86,100
"Pooled CCW","RMST_diff",8,-1,"strong",2,25,"cloglog",2.08339363014321,2.15938097189966,-0.0759873417564464,0.936604660144879,0.935002717973731,0.86,100
"Pooled CCW","RMST_diff",8,-1,"strong",2,25,"lpm",2.08339363014321,2.15938097189966,-0.0759873417564464,0.936604660144879,0.935002717973731,0.86,100
"Pooled CCW","RMST_diff",2,-0.7,"strong",2,25,"correct",2.23864782023953,2.63829403421436,-0.399646213974827,1.34847137474487,1.39996728331974,0.89,100
"Pooled CCW","RMST_diff",2,-0.7,"strong",2,25,"no_lag",2.23864782023953,2.63829403421436,-0.399646213974827,1.34847137474487,1.39996728331974,0.89,100
"Pooled CCW","RMST_diff",2,-0.7,"strong",2,25,"no_tv",2.23864782023953,2.63829403421436,-0.399646213974827,1.34847137474487,1.39996728331974,0.89,100
"Pooled CCW","RMST_diff",2,-0.7,"strong",2,25,"coarse_L",2.23864782023953,2.63829403421436,-0.399646213974827,1.34847137474487,1.39996728331974,0.89,100
"Pooled CCW","RMST_diff",2,-0.7,"strong",2,25,"nonlinear_L",2.23864782023953,2.63829403421436,-0.399646213974827,1.34847137474487,1.39996728331974,0.89,100
"Pooled CCW","RMST_diff",2,-0.7,"strong",2,25,"cloglog",2.23864782023953,2.63829403421436,-0.399646213974827,1.34847137474487,1.39996728331974,0.89,100
"Pooled CCW","RMST_diff",2,-0.7,"strong",2,25,"lpm",2.23864782023953,2.63829403421436,-0.399646213974827,1.34847137474487,1.39996728331974,0.89,100
"Pooled CCW","RMST_diff",5,-0.7,"strong",2,25,"correct",2.0859526392187,1.89353651644522,0.192416122773474,1.83860381775489,1.83947909011747,0.8,100
"Pooled CCW","RMST_diff",5,-0.7,"strong",2,25,"no_lag",2.0859526392187,1.89353651644522,0.192416122773474,1.83860381775489,1.83947909011747,0.8,100
"Pooled CCW","RMST_diff",5,-0.7,"strong",2,25,"no_tv",2.0859526392187,1.89353651644522,0.192416122773474,1.83860381775489,1.83947909011747,0.8,100
"Pooled CCW","RMST_diff",5,-0.7,"strong",2,25,"coarse_L",2.0859526392187,1.89353651644522,0.192416122773474,1.83860381775489,1.83947909011747,0.8,100
"Pooled CCW","RMST_diff",5,-0.7,"strong",2,25,"nonlinear_L",2.0859526392187,1.89353651644522,0.192416122773474,1.83860381775489,1.83947909011747,0.8,100
"Pooled CCW","RMST_diff",5,-0.7,"strong",2,25,"cloglog",2.0859526392187,1.89353651644522,0.192416122773474,1.83860381775489,1.83947909011747,0.8,100
"Pooled CCW","RMST_diff",5,-0.7,"strong",2,25,"lpm",2.0859526392187,1.89353651644522,0.192416122773474,1.83860381775489,1.83947909011747,0.8,100
"Pooled CCW","RMST_diff",8,-0.7,"strong",2,25,"correct",1.109924860807,1.49856180557954,-0.388636944772545,0.929319950203662,1.00301440118784,0.77,100
"Pooled CCW","RMST_diff",8,-0.7,"strong",2,25,"no_lag",1.109924860807,1.49856180557954,-0.388636944772545,0.929319950203662,1.00301440118784,0.77,100
"Pooled CCW","RMST_diff",8,-0.7,"strong",2,25,"no_tv",1.109924860807,1.49856180557954,-0.388636944772545,0.929319950203662,1.00301440118784,0.77,100
"Pooled CCW","RMST_diff",8,-0.7,"strong",2,25,"coarse_L",1.109924860807,1.49856180557954,-0.388636944772545,0.929319950203662,1.00301440118784,0.77,100
"Pooled CCW","RMST_diff",8,-0.7,"strong",2,25,"nonlinear_L",1.109924860807,1.49856180557954,-0.388636944772545,0.929319950203662,1.00301440118784,0.77,100
"Pooled CCW","RMST_diff",8,-0.7,"strong",2,25,"cloglog",1.109924860807,1.49856180557954,-0.388636944772545,0.929319950203662,1.00301440118784,0.77,100
"Pooled CCW","RMST_diff",8,-0.7,"strong",2,25,"lpm",1.109924860807,1.49856180557954,-0.388636944772545,0.929319950203662,1.00301440118784,0.77,100
"Pooled CCW","RMST_diff",2,-0.5,"strong",2,25,"correct",1.2198692921334,1.83320062381724,-0.613331331683845,1.57698109738441,1.6846886982816,0.73,100
"Pooled CCW","RMST_diff",2,-0.5,"strong",2,25,"no_lag",1.2198692921334,1.83320062381724,-0.613331331683845,1.57698109738441,1.6846886982816,0.73,100
"Pooled CCW","RMST_diff",2,-0.5,"strong",2,25,"no_tv",1.2198692921334,1.83320062381724,-0.613331331683845,1.57698109738441,1.6846886982816,0.73,100
"Pooled CCW","RMST_diff",2,-0.5,"strong",2,25,"coarse_L",1.2198692921334,1.83320062381724,-0.613331331683845,1.57698109738441,1.6846886982816,0.73,100
"Pooled CCW","RMST_diff",2,-0.5,"strong",2,25,"nonlinear_L",1.2198692921334,1.83320062381724,-0.613331331683845,1.57698109738441,1.6846886982816,0.73,100
"Pooled CCW","RMST_diff",2,-0.5,"strong",2,25,"cloglog",1.2198692921334,1.83320062381724,-0.613331331683845,1.57698109738441,1.6846886982816,0.73,100
"Pooled CCW","RMST_diff",2,-0.5,"strong",2,25,"lpm",1.2198692921334,1.83320062381724,-0.613331331683845,1.57698109738441,1.6846886982816,0.73,100
"Pooled CCW","RMST_diff",5,-0.5,"strong",2,25,"correct",0.941794146437524,1.34794250784726,-0.40614836140974,0.999041919563834,1.07380650070259,0.8,100
"Pooled CCW","RMST_diff",5,-0.5,"strong",2,25,"no_lag",0.941794146437524,1.34794250784726,-0.40614836140974,0.999041919563834,1.07380650070259,0.8,100
"Pooled CCW","RMST_diff",5,-0.5,"strong",2,25,"no_tv",0.941794146437524,1.34794250784726,-0.40614836140974,0.999041919563834,1.07380650070259,0.8,100
"Pooled CCW","RMST_diff",5,-0.5,"strong",2,25,"coarse_L",0.941794146437524,1.34794250784726,-0.40614836140974,0.999041919563834,1.07380650070259,0.8,100
"Pooled CCW","RMST_diff",5,-0.5,"strong",2,25,"nonlinear_L",0.941794146437524,1.34794250784726,-0.40614836140974,0.999041919563834,1.07380650070259,0.8,100
"Pooled CCW","RMST_diff",5,-0.5,"strong",2,25,"cloglog",0.941794146437524,1.34794250784726,-0.40614836140974,0.999041919563834,1.07380650070259,0.8,100
"Pooled CCW","RMST_diff",5,-0.5,"strong",2,25,"lpm",0.941794146437524,1.34794250784726,-0.40614836140974,0.999041919563834,1.07380650070259,0.8,100
"Pooled CCW","RMST_diff",8,-0.5,"strong",2,25,"correct",0.833160280857009,1.03856783340449,-0.205407552547482,0.714256910395318,0.739765886852413,0.84,100
"Pooled CCW","RMST_diff",8,-0.5,"strong",2,25,"no_lag",0.833160280857009,1.03856783340449,-0.205407552547482,0.714256910395318,0.739765886852413,0.84,100
"Pooled CCW","RMST_diff",8,-0.5,"strong",2,25,"no_tv",0.833160280857009,1.03856783340449,-0.205407552547482,0.714256910395318,0.739765886852413,0.84,100
"Pooled CCW","RMST_diff",8,-0.5,"strong",2,25,"coarse_L",0.833160280857009,1.03856783340449,-0.205407552547482,0.714256910395318,0.739765886852413,0.84,100
"Pooled CCW","RMST_diff",8,-0.5,"strong",2,25,"nonlinear_L",0.833160280857009,1.03856783340449,-0.205407552547482,0.714256910395318,0.739765886852413,0.84,100
"Pooled CCW","RMST_diff",8,-0.5,"strong",2,25,"cloglog",0.833160280857009,1.03856783340449,-0.205407552547482,0.714256910395318,0.739765886852413,0.84,100
"Pooled CCW","RMST_diff",8,-0.5,"strong",2,25,"lpm",0.833160280857009,1.03856783340449,-0.205407552547482,0.714256910395318,0.739765886852413,0.84,100
"CC-Gcomp","RMST_diff",2,-1,"small",0.4,25,"correct",3.85692362228242,3.79861853657404,0.0583050857083815,0.332995471750548,0.3364173113616,NA,100
"CC-Gcomp","RMST_diff",2,-1,"small",0.4,25,"no_lag",3.81092135157936,3.79861853657404,0.0123028150053139,0.330590309646252,0.329163200495954,NA,100
"CC-Gcomp","RMST_diff",2,-1,"small",0.4,25,"no_tv",3.56589597781214,3.79861853657404,-0.232722558761906,0.353397172322146,0.421663912551127,NA,100
"CC-Gcomp","RMST_diff",2,-1,"small",0.4,25,"coarse_L",3.65537847030891,3.79861853657404,-0.14324006626513,0.330123472440497,0.358342585481057,NA,100
"CC-Gcomp","RMST_diff",2,-1,"small",0.4,25,"nonlinear_L",3.85832401861627,3.79861853657404,0.0597054820422291,0.331485701720236,0.335184557112053,NA,100
"CC-Gcomp","RMST_diff",2,-1,"small",0.4,25,"cloglog",3.77848374231198,3.79861853657404,-0.0201347942620595,0.33239301585342,0.331339215545377,NA,100
"CC-Gcomp","RMST_diff",2,-1,"small",0.4,25,"lpm",3.40948105696949,3.79861853657404,-0.389137479604554,0.33988491781022,0.515552633408362,NA,100
"CC-Gcomp","RMST_diff",5,-1,"small",0.4,25,"correct",2.52291533959674,2.29737493833465,0.225540401262083,0.164469064717005,0.278653988160692,NA,100
"CC-Gcomp","RMST_diff",5,-1,"small",0.4,25,"no_lag",2.49797516174365,2.29737493833465,0.200600223408992,0.167044034188905,0.260509350880656,NA,100
"CC-Gcomp","RMST_diff",5,-1,"small",0.4,25,"no_tv",2.32668684922532,2.29737493833465,0.0293119108906627,0.19931153022319,0.200467013094855,NA,100
"CC-Gcomp","RMST_diff",5,-1,"small",0.4,25,"coarse_L",2.39890234427553,2.29737493833465,0.101527405940877,0.176978704224257,0.203263526704846,NA,100
"CC-Gcomp","RMST_diff",5,-1,"small",0.4,25,"nonlinear_L",2.52258598813031,2.29737493833465,0.225211049795656,0.165631334183833,0.27906884173075,NA,100
"CC-Gcomp","RMST_diff",5,-1,"small",0.4,25,"cloglog",2.48545708278874,2.29737493833465,0.188082144454081,0.16036499419575,0.246646822627446,NA,100
"CC-Gcomp","RMST_diff",5,-1,"small",0.4,25,"lpm",2.23080640799418,2.29737493833465,-0.0665685303404695,0.168550589471949,0.18043441310049,NA,100
"CC-Gcomp","RMST_diff",8,-1,"small",0.4,25,"correct",1.83816834062492,1.69602919128171,0.142139149343214,0.10173165812071,0.174497492066109,NA,100
"CC-Gcomp","RMST_diff",8,-1,"small",0.4,25,"no_lag",1.81584306062143,1.69602919128171,0.119813869339719,0.102223897782641,0.157164217655458,NA,100
"CC-Gcomp","RMST_diff",8,-1,"small",0.4,25,"no_tv",1.66888553148405,1.69602919128171,-0.0271436597976611,0.117155632822027,0.119686950609169,NA,100
"CC-Gcomp","RMST_diff",8,-1,"small",0.4,25,"coarse_L",1.74968195077969,1.69602919128171,0.0536527594979771,0.103818288650205,0.116400486637395,NA,100
"CC-Gcomp","RMST_diff",8,-1,"small",0.4,25,"nonlinear_L",1.83842857036878,1.69602919128171,0.142399379087073,0.101155361287398,0.174377940721858,NA,100
"CC-Gcomp","RMST_diff",8,-1,"small",0.4,25,"cloglog",1.80806660256248,1.69602919128171,0.112037411280768,0.101309347407964,0.150709420939772,NA,100
"CC-Gcomp","RMST_diff",8,-1,"small",0.4,25,"lpm",1.58478569469787,1.69602919128171,-0.111243496583838,0.108997576888892,0.155360170514105,NA,100
"CC-Gcomp","RMST_diff",2,-0.7,"small",0.4,25,"correct",2.66758182092095,2.63492614076516,0.0326556801557926,0.323517350243933,0.323547886094477,NA,100
"CC-Gcomp","RMST_diff",2,-0.7,"small",0.4,25,"no_lag",2.62531491495374,2.63492614076516,-0.00961122581141304,0.321529173277882,0.320061829710555,NA,100
"CC-Gcomp","RMST_diff",2,-0.7,"small",0.4,25,"no_tv",2.35846529324382,2.63492614076516,-0.276460847521335,0.3265529436796,0.426615818961004,NA,100
"CC-Gcomp","RMST_diff",2,-0.7,"small",0.4,25,"coarse_L",2.49900343728163,2.63492614076516,-0.135922703483529,0.323812844553857,0.349687277488546,NA,100
"CC-Gcomp","RMST_diff",2,-0.7,"small",0.4,25,"nonlinear_L",2.66547231069081,2.63492614076516,0.0305461699256561,0.322375362231812,0.322210620447989,NA,100
"CC-Gcomp","RMST_diff",2,-0.7,"small",0.4,25,"cloglog",2.60779636092925,2.63492614076516,-0.0271297798359011,0.311399977772352,0.311024551521258,NA,100
"CC-Gcomp","RMST_diff",2,-0.7,"small",0.4,25,"lpm",2.39563526383504,2.63492614076516,-0.239290876930121,0.358454584607099,0.429493790543677,NA,100
"CC-Gcomp","RMST_diff",5,-0.7,"small",0.4,25,"correct",1.82358895899355,1.61557277851707,0.208016180476481,0.141283660511455,0.251062130438394,NA,100
"CC-Gcomp","RMST_diff",5,-0.7,"small",0.4,25,"no_lag",1.79579305045269,1.61557277851707,0.180220271935622,0.142678504088715,0.229418679253135,NA,100
"CC-Gcomp","RMST_diff",5,-0.7,"small",0.4,25,"no_tv",1.59861343085508,1.61557277851707,-0.0169593476619886,0.1664840756464,0.16651545706786,NA,100
"CC-Gcomp","RMST_diff",5,-0.7,"small",0.4,25,"coarse_L",1.71127725575126,1.61557277851707,0.0957044772341916,0.151791449335364,0.178800404398555,NA,100
"CC-Gcomp","RMST_diff",5,-0.7,"small",0.4,25,"nonlinear_L",1.82149660246952,1.61557277851707,0.205923823952456,0.142476449815767,0.250002329260721,NA,100
"CC-Gcomp","RMST_diff",5,-0.7,"small",0.4,25,"cloglog",1.79668658377996,1.61557277851707,0.181113805262888,0.140136830378853,0.228569810721251,NA,100
"CC-Gcomp","RMST_diff",5,-0.7,"small",0.4,25,"lpm",1.59606453560429,1.61557277851707,-0.0195082429127779,0.161196002598239,0.161570050698324,NA,100
"CC-Gcomp","RMST_diff",8,-0.7,"small",0.4,25,"correct",1.32127944522795,1.20128404026569,0.119995404962258,0.0917926774029273,0.150799648144836,NA,100
"CC-Gcomp","RMST_diff",8,-0.7,"small",0.4,25,"no_lag",1.29208665155906,1.20128404026569,0.0908026112933742,0.0912026496026517,0.128373900304128,NA,100
"CC-Gcomp","RMST_diff",8,-0.7,"small",0.4,25,"no_tv",1.13378113497888,1.20128404026569,-0.0675029052868112,0.0952719721599145,0.116372777807386,NA,100
"CC-Gcomp","RMST_diff",8,-0.7,"small",0.4,25,"coarse_L",1.23145562821353,1.20128404026569,0.0301715879478368,0.0946859155823775,0.0989246839917644,NA,100
"CC-Gcomp","RMST_diff",8,-0.7,"small",0.4,25,"nonlinear_L",1.32243214774545,1.20128404026569,0.121148107479757,0.0927755940158034,0.152309230457192,NA,100
"CC-Gcomp","RMST_diff",8,-0.7,"small",0.4,25,"cloglog",1.29829164300794,1.20128404026569,0.097007602742246,0.0913906852164121,0.132963189494986,NA,100
"CC-Gcomp","RMST_diff",8,-0.7,"small",0.4,25,"lpm",1.13789495021306,1.20128404026569,-0.0633890900526321,0.0972283392835955,0.115658952087369,NA,100
"CC-Gcomp","RMST_diff",2,-0.5,"small",0.4,25,"correct",1.91211655653279,1.85122454220699,0.0608920143257967,0.34387071532315,0.347523287819592,NA,100
"CC-Gcomp","RMST_diff",2,-0.5,"small",0.4,25,"no_lag",1.87665980706793,1.85122454220699,0.0254352648609375,0.342964939434116,0.342192420843569,NA,100
"CC-Gcomp","RMST_diff",2,-0.5,"small",0.4,25,"no_tv",1.63387916533019,1.85122454220699,-0.217345376876806,0.373016760072272,0.430103593465095,NA,100
"CC-Gcomp","RMST_diff",2,-0.5,"small",0.4,25,"coarse_L",1.75690170216347,1.85122454220699,-0.0943228400435267,0.348754055719711,0.359596851517105,NA,100
"CC-Gcomp","RMST_diff",2,-0.5,"small",0.4,25,"nonlinear_L",1.91464966184631,1.85122454220699,0.0634251196393115,0.345276720907799,0.349351684784966,NA,100
"CC-Gcomp","RMST_diff",2,-0.5,"small",0.4,25,"cloglog",1.87815728502994,1.85122454220699,0.0269327428229419,0.333969811420685,0.333385436434963,NA,100
"CC-Gcomp","RMST_diff",2,-0.5,"small",0.4,25,"lpm",1.62423400467766,1.85122454220699,-0.226990537529332,0.408070487566035,0.465167724290941,NA,100
"CC-Gcomp","RMST_diff",5,-0.5,"small",0.4,25,"correct",1.2528599642141,1.14714745904953,0.105712505164575,0.141418927436307,0.175995606919699,NA,100
"CC-Gcomp","RMST_diff",5,-0.5,"small",0.4,25,"no_lag",1.21371752661989,1.14714745904953,0.0665700675703575,0.142405384830946,0.156550549628174,NA,100
"CC-Gcomp","RMST_diff",5,-0.5,"small",0.4,25,"no_tv",0.987905787032541,1.14714745904953,-0.159241672016989,0.170680212533516,0.232805342953609,NA,100
"CC-Gcomp","RMST_diff",5,-0.5,"small",0.4,25,"coarse_L",1.13810726906384,1.14714745904953,-0.00904018998569329,0.151684387251129,0.151194566163505,NA,100
"CC-Gcomp","RMST_diff",5,-0.5,"small",0.4,25,"nonlinear_L",1.25156990853091,1.14714745904953,0.104422449481384,0.143028527249008,0.176512424397384,NA,100
"CC-Gcomp","RMST_diff",5,-0.5,"small",0.4,25,"cloglog",1.23671803416756,1.14714745904953,0.0895705751180322,0.133409312423954,0.160134169126995,NA,100
"CC-Gcomp","RMST_diff",5,-0.5,"small",0.4,25,"lpm",1.08131434269819,1.14714745904953,-0.0658331163513424,0.161045853948772,0.173235125225451,NA,100
"CC-Gcomp","RMST_diff",8,-0.5,"small",0.4,25,"correct",0.964729156420947,0.858500773417477,0.10622838300347,0.0868523959295571,0.136939310088263,NA,100
"CC-Gcomp","RMST_diff",8,-0.5,"small",0.4,25,"no_lag",0.935536303952342,0.858500773417477,0.0770355305348648,0.0872246227412314,0.11604536366876,NA,100
"CC-Gcomp","RMST_diff",8,-0.5,"small",0.4,25,"no_tv",0.762010562450102,0.858500773417477,-0.0964902109673747,0.0949235272963344,0.135021228281195,NA,100
"CC-Gcomp","RMST_diff",8,-0.5,"small",0.4,25,"coarse_L",0.871319552402054,0.858500773417477,0.0128187789845767,0.0856428566897132,0.0861723447958244,NA,100
"CC-Gcomp","RMST_diff",8,-0.5,"small",0.4,25,"nonlinear_L",0.963581136449598,0.858500773417477,0.105080363032121,0.0868311203345429,0.136037236516069,NA,100
"CC-Gcomp","RMST_diff",8,-0.5,"small",0.4,25,"cloglog",0.945968502514829,0.858500773417477,0.0874677290973518,0.088084994425791,0.123822373640669,NA,100
"CC-Gcomp","RMST_diff",8,-0.5,"small",0.4,25,"lpm",0.840529656107035,0.858500773417477,-0.0179711173104418,0.080833246086664,0.0824113741759217,NA,100
"CC-Gcomp","RMST_diff",2,-1,"medium",1,25,"correct",3.92733014724796,3.80085387894506,0.126476268302894,0.298933351373468,0.323208575878743,NA,100
"CC-Gcomp","RMST_diff",2,-1,"medium",1,25,"no_lag",3.84216982655932,3.80085387894506,0.0413159476142554,0.301649408019464,0.30296773628915,NA,100
"CC-Gcomp","RMST_diff",2,-1,"medium",1,25,"no_tv",3.25705659980185,3.80085387894506,-0.543797279143207,0.321865858088983,0.63109201793469,NA,100
"CC-Gcomp","RMST_diff",2,-1,"medium",1,25,"coarse_L",3.55464131342124,3.80085387894506,-0.246212565523826,0.294460186946111,0.382701399398016,NA,100
"CC-Gcomp","RMST_diff",2,-1,"medium",1,25,"nonlinear_L",3.93157292621566,3.80085387894506,0.130719047270602,0.302909374309808,0.328517910430535,NA,100
"CC-Gcomp","RMST_diff",2,-1,"medium",1,25,"cloglog",3.85036085251888,3.80085387894506,0.0495069735738144,0.288447377267956,0.291240125996871,NA,100
"CC-Gcomp","RMST_diff",2,-1,"medium",1,25,"lpm",3.59900645865504,3.80085387894506,-0.201847420290017,0.341341764871504,0.395084091705642,NA,100
"CC-Gcomp","RMST_diff",5,-1,"medium",1,25,"correct",2.67915024313189,2.42954199126714,0.249608251864758,0.151183477617238,0.291431224930305,NA,100
"CC-Gcomp","RMST_diff",5,-1,"medium",1,25,"no_lag",2.61222366570814,2.42954199126714,0.182681674441007,0.156158384306005,0.239821143262519,NA,100
"CC-Gcomp","RMST_diff",5,-1,"medium",1,25,"no_tv",2.11590004914656,2.42954199126714,-0.313641942120573,0.192416908437727,0.367457877645004,NA,100
"CC-Gcomp","RMST_diff",5,-1,"medium",1,25,"coarse_L",2.39199586641211,2.42954199126714,-0.0375461248550228,0.173031609628356,0.176210811367813,NA,100
"CC-Gcomp","RMST_diff",5,-1,"medium",1,25,"nonlinear_L",2.67712492698411,2.42954199126714,0.247582935716975,0.150708577235508,0.289453371992905,NA,100
"CC-Gcomp","RMST_diff",5,-1,"medium",1,25,"cloglog",2.65239175607427,2.42954199126714,0.222849764807129,0.147732409508091,0.266961858409527,NA,100
"CC-Gcomp","RMST_diff",5,-1,"medium",1,25,"lpm",2.34638058658504,2.42954199126714,-0.0831614046820978,0.182293063754176,0.199535141543175,NA,100
"CC-Gcomp","RMST_diff",8,-1,"medium",1,25,"correct",2.01266164569381,1.91150841078624,0.101153234907578,0.110497180794792,0.149397147316234,NA,100
"CC-Gcomp","RMST_diff",8,-1,"medium",1,25,"no_lag",1.95030586229962,1.91150841078624,0.0387974515133789,0.112243087256883,0.118227610034711,NA,100
"CC-Gcomp","RMST_diff",8,-1,"medium",1,25,"no_tv",1.52296930871897,1.91150841078624,-0.388539102067264,0.13586079456419,0.411383285732239,NA,100
"CC-Gcomp","RMST_diff",8,-1,"medium",1,25,"coarse_L",1.78212575197326,1.91150841078624,-0.129382658812972,0.119867543059846,0.175967093520141,NA,100
"CC-Gcomp","RMST_diff",8,-1,"medium",1,25,"nonlinear_L",2.01092288791676,1.91150841078624,0.0994144771305194,0.109939978244099,0.147814644373568,NA,100
"CC-Gcomp","RMST_diff",8,-1,"medium",1,25,"cloglog",1.99958928901632,1.91150841078624,0.0880808782300804,0.110629073390928,0.14097746298726,NA,100
"CC-Gcomp","RMST_diff",8,-1,"medium",1,25,"lpm",1.71614323565479,1.91150841078624,-0.195365175131447,0.113482310703489,0.225647965087918,NA,100
"CC-Gcomp","RMST_diff",2,-0.7,"medium",1,25,"correct",2.72111714285067,2.61874108299344,0.102376059857234,0.286896486506359,0.303261200389843,NA,100
"CC-Gcomp","RMST_diff",2,-0.7,"medium",1,25,"no_lag",2.64706872299826,2.61874108299344,0.028327640004816,0.283589175313579,0.283586049268521,NA,100
"CC-Gcomp","RMST_diff",2,-0.7,"medium",1,25,"no_tv",2.04302821532732,2.61874108299344,-0.575712867666122,0.301179935598176,0.649035874252881,NA,100
"CC-Gcomp","RMST_diff",2,-0.7,"medium",1,25,"coarse_L",2.34735077087853,2.61874108299344,-0.271390312114914,0.288469988398864,0.395013273668876,NA,100
"CC-Gcomp","RMST_diff",2,-0.7,"medium",1,25,"nonlinear_L",2.72058631375849,2.61874108299344,0.101845230765049,0.290861680296354,0.306801178165528,NA,100
"CC-Gcomp","RMST_diff",2,-0.7,"medium",1,25,"cloglog",2.67335837599879,2.61874108299344,0.0546172930053539,0.282729488060979,0.286565267400402,NA,100
"CC-Gcomp","RMST_diff",2,-0.7,"medium",1,25,"lpm",2.19132182564886,2.61874108299344,-0.427419257344584,0.337446544583106,0.543524323554671,NA,100
"CC-Gcomp","RMST_diff",5,-0.7,"medium",1,25,"correct",1.84795203845491,1.69836049771415,0.149591540740756,0.155028527693461,0.214874696081245,NA,100
"CC-Gcomp","RMST_diff",5,-0.7,"medium",1,25,"no_lag",1.7775045586201,1.69836049771415,0.0791440609059504,0.157084607053853,0.175193037567751,NA,100
"CC-Gcomp","RMST_diff",5,-0.7,"medium",1,25,"no_tv",1.23617929440203,1.69836049771415,-0.462181203312126,0.200610796447676,0.50344186300893,NA,100
"CC-Gcomp","RMST_diff",5,-0.7,"medium",1,25,"coarse_L",1.54628625157282,1.69836049771415,-0.152074246141336,0.170927378898219,0.228145969738457,NA,100
"CC-Gcomp","RMST_diff",5,-0.7,"medium",1,25,"nonlinear_L",1.84860160320503,1.69836049771415,0.150241105490879,0.158512067138177,0.217823792211171,NA,100
"CC-Gcomp","RMST_diff",5,-0.7,"medium",1,25,"cloglog",1.84130147481517,1.69836049771415,0.142940977101018,0.149488112462474,0.206289485297994,NA,100
"CC-Gcomp","RMST_diff",5,-0.7,"medium",1,25,"lpm",1.42538413107798,1.69836049771415,-0.272976366636169,0.181252324721503,0.327169646982516,NA,100
"CC-Gcomp","RMST_diff",8,-0.7,"medium",1,25,"correct",1.41627304325394,1.34562023897707,0.0706528042768679,0.104832465168108,0.125983197482346,NA,100
"CC-Gcomp","RMST_diff",8,-0.7,"medium",1,25,"no_lag",1.34535420501213,1.34562023897707,-0.000266033964943499,0.10845812046063,0.107914795227459,NA,100
"CC-Gcomp","RMST_diff",8,-0.7,"medium",1,25,"no_tv",0.866744274413178,1.34562023897707,-0.478875964563895,0.136244975461444,0.497693937919788,NA,100
"CC-Gcomp","RMST_diff",8,-0.7,"medium",1,25,"coarse_L",1.17571833424127,1.34562023897707,-0.169901904735801,0.116009285015506,0.205402604415241,NA,100
"CC-Gcomp","RMST_diff",8,-0.7,"medium",1,25,"nonlinear_L",1.41724671690583,1.34562023897707,0.0716264779287529,0.106030698870995,0.127516416011897,NA,100
"CC-Gcomp","RMST_diff",8,-0.7,"medium",1,25,"cloglog",1.41568856839582,1.34562023897707,0.0700683294187497,0.10478172120645,0.125614441031001,NA,100
"CC-Gcomp","RMST_diff",8,-0.7,"medium",1,25,"lpm",1.08861835576405,1.34562023897707,-0.257001883213025,0.119648621364136,0.283235948713147,NA,100
"CC-Gcomp","RMST_diff",2,-0.5,"medium",1,25,"correct",1.93734688894512,1.84038146532659,0.0969654236185378,0.242785913906697,0.260303367955771,NA,100
"CC-Gcomp","RMST_diff",2,-0.5,"medium",1,25,"no_lag",1.86837244884096,1.84038146532659,0.0279909835143724,0.24547161824522,0.24583988156601,NA,100
"CC-Gcomp","RMST_diff",2,-0.5,"medium",1,25,"no_tv",1.2484911631956,1.84038146532659,-0.591890302130982,0.279494306571663,0.65396485111099,NA,100
"CC-Gcomp","RMST_diff",2,-0.5,"medium",1,25,"coarse_L",1.56326917048431,1.84038146532659,-0.27711229484228,0.238923095193971,0.36510906167288,NA,100
"CC-Gcomp","RMST_diff",2,-0.5,"medium",1,25,"nonlinear_L",1.93778047660859,1.84038146532659,0.0973990112820059,0.241001554839778,0.258819433852156,NA,100
"CC-Gcomp","RMST_diff",2,-0.5,"medium",1,25,"cloglog",1.9298253640871,1.84038146532659,0.0894438987605145,0.240371502654963,0.255344641066148,NA,100
"CC-Gcomp","RMST_diff",2,-0.5,"medium",1,25,"lpm",1.19428634712342,1.84038146532659,-0.646095118203165,0.304396982646595,0.713561384591312,NA,100
"CC-Gcomp","RMST_diff",5,-0.5,"medium",1,25,"correct",1.34890575368133,1.20547707966547,0.143428674015865,0.136622969112659,0.197613162168455,NA,100
"CC-Gcomp","RMST_diff",5,-0.5,"medium",1,25,"no_lag",1.2679283204896,1.20547707966547,0.0624512408241344,0.140848871445806,0.153428087461702,NA,100
"CC-Gcomp","RMST_diff",5,-0.5,"medium",1,25,"no_tv",0.680395922279862,1.20547707966547,-0.525081157385607,0.183214017803563,0.555825444180037,NA,100
"CC-Gcomp","RMST_diff",5,-0.5,"medium",1,25,"coarse_L",1.04192340770505,1.20547707966547,-0.16355367196042,0.151597963404244,0.222490284495678,NA,100
"CC-Gcomp","RMST_diff",5,-0.5,"medium",1,25,"nonlinear_L",1.34448960405215,1.20547707966547,0.139012524386679,0.139899051807815,0.196724449894047,NA,100
"CC-Gcomp","RMST_diff",5,-0.5,"medium",1,25,"cloglog",1.35493470449716,1.20547707966547,0.149457624831691,0.135421325137637,0.201229042559328,NA,100
"CC-Gcomp","RMST_diff",5,-0.5,"medium",1,25,"lpm",0.861882455940047,1.20547707966547,-0.343594623725422,0.18131696511487,0.388077761374053,NA,100
"CC-Gcomp","RMST_diff",8,-0.5,"medium",1,25,"correct",1.01006130568322,0.961489413733808,0.0485718919494125,0.106499631285454,0.116567484475062,NA,100
"CC-Gcomp","RMST_diff",8,-0.5,"medium",1,25,"no_lag",0.934292358677645,0.961489413733808,-0.0271970550561634,0.10583661727972,0.108761461305785,NA,100
"CC-Gcomp","RMST_diff",8,-0.5,"medium",1,25,"no_tv",0.417588402621736,0.961489413733808,-0.543901011112073,0.12361690921748,0.557634861473682,NA,100
"CC-Gcomp","RMST_diff",8,-0.5,"medium",1,25,"coarse_L",0.754538928995658,0.961489413733808,-0.206950484738151,0.110930760581282,0.23454441037907,NA,100
"CC-Gcomp","RMST_diff",8,-0.5,"medium",1,25,"nonlinear_L",1.01104238812951,0.961489413733808,0.0495529743956981,0.107310234840706,0.117710785011453,NA,100
"CC-Gcomp","RMST_diff",8,-0.5,"medium",1,25,"cloglog",1.01379695767867,0.961489413733808,0.052307543944865,0.108572028263245,0.120025354077907,NA,100
"CC-Gcomp","RMST_diff",8,-0.5,"medium",1,25,"lpm",0.659881460079591,0.961489413733808,-0.301607953654217,0.118490052846926,0.323831517003696,NA,100
"CC-Gcomp","RMST_diff",2,-1,"strong",2,25,"correct",3.96398249968279,3.81340268711301,0.150579812569786,0.200786868400966,0.250172925814517,NA,100
"CC-Gcomp","RMST_diff",2,-1,"strong",2,25,"no_lag",3.86390625946148,3.81340268711301,0.0505035723484704,0.202188955687646,0.207417889498465,NA,100
"CC-Gcomp","RMST_diff",2,-1,"strong",2,25,"no_tv",2.97892803327758,3.81340268711301,-0.834474653835423,0.256408535469157,0.872602906014284,NA,100
"CC-Gcomp","RMST_diff",2,-1,"strong",2,25,"coarse_L",3.47019621573524,3.81340268711301,-0.343206471377762,0.226351064570852,0.410503518113559,NA,100
"CC-Gcomp","RMST_diff",2,-1,"strong",2,25,"nonlinear_L",3.9642713897047,3.81340268711301,0.150868702591696,0.204574937648699,0.253364878159012,NA,100
"CC-Gcomp","RMST_diff",2,-1,"strong",2,25,"cloglog",3.90887001025298,3.81340268711301,0.0954673231399752,0.201259522301991,0.221843077763462,NA,100
"CC-Gcomp","RMST_diff",2,-1,"strong",2,25,"lpm",3.27647233221969,3.81340268711301,-0.536930354893315,0.283662799189072,0.606592238503926,NA,100
"CC-Gcomp","RMST_diff",5,-1,"strong",2,25,"correct",2.87312910000312,2.68750354122519,0.185625558777923,0.145253836497822,0.235254199364812,NA,100
"CC-Gcomp","RMST_diff",5,-1,"strong",2,25,"no_lag",2.78753543502561,2.68750354122519,0.100031893800418,0.149849301887558,0.179545662494878,NA,100
"CC-Gcomp","RMST_diff",5,-1,"strong",2,25,"no_tv",1.88994425492407,2.68750354122519,-0.797559286301118,0.209375378350196,0.824318193256611,NA,100
"CC-Gcomp","RMST_diff",5,-1,"strong",2,25,"coarse_L",2.49285508480652,2.68750354122519,-0.194648456418675,0.169790271880606,0.257737212383486,NA,100
"CC-Gcomp","RMST_diff",5,-1,"strong",2,25,"nonlinear_L",2.87623745593283,2.68750354122519,0.188733914707637,0.145746098540595,0.238012597457102,NA,100
"CC-Gcomp","RMST_diff",5,-1,"strong",2,25,"cloglog",2.8645364259305,2.68750354122519,0.177032884705304,0.145659908029682,0.228790915436397,NA,100
"CC-Gcomp","RMST_diff",5,-1,"strong",2,25,"lpm",2.28194636818435,2.68750354122519,-0.405557173040844,0.190712521121321,0.447754590886802,NA,100
"CC-Gcomp","RMST_diff",8,-1,"strong",2,25,"correct",2.29698005594643,2.15938097189966,0.137599084046768,0.105260979104905,0.172923633189369,NA,100
"CC-Gcomp","RMST_diff",8,-1,"strong",2,25,"no_lag",2.20542032492235,2.15938097189966,0.0460393530226941,0.111340680766835,0.119968336441055,NA,100
"CC-Gcomp","RMST_diff",8,-1,"strong",2,25,"no_tv",1.32038251052986,2.15938097189966,-0.838998461369793,0.163642831748666,0.8546517447474,NA,100
"CC-Gcomp","RMST_diff",8,-1,"strong",2,25,"coarse_L",1.94419335956463,2.15938097189966,-0.215187612335024,0.125651427079573,0.248869658291867,NA,100
"CC-Gcomp","RMST_diff",8,-1,"strong",2,25,"nonlinear_L",2.29891780305777,2.15938097189966,0.139536831158107,0.106470975034669,0.175194848923222,NA,100
"CC-Gcomp","RMST_diff",8,-1,"strong",2,25,"cloglog",2.29868702235956,2.15938097189966,0.139306050459901,0.105379278644092,0.174355728723235,NA,100
"CC-Gcomp","RMST_diff",8,-1,"strong",2,25,"lpm",1.72703788269586,2.15938097189966,-0.432343089203796,0.136539148517419,0.45318545482988,NA,100
"CC-Gcomp","RMST_diff",2,-0.7,"strong",2,25,"correct",2.81337213630236,2.63829403421436,0.175078102088006,0.226005126366644,0.284991010039441,NA,100
"CC-Gcomp","RMST_diff",2,-0.7,"strong",2,25,"no_lag",2.70972074409973,2.63829403421436,0.0714267098853732,0.225933515340139,0.235875536470959,NA,100
"CC-Gcomp","RMST_diff",2,-0.7,"strong",2,25,"no_tv",1.69437662242956,2.63829403421436,-0.943917411784793,0.272441798860019,0.982070449967274,NA,100
"CC-Gcomp","RMST_diff",2,-0.7,"strong",2,25,"coarse_L",2.29480278235188,2.63829403421436,-0.343491251862472,0.24010518840581,0.418402003568869,NA,100
"CC-Gcomp","RMST_diff",2,-0.7,"strong",2,25,"nonlinear_L",2.81321086100019,2.63829403421436,0.174916826785835,0.225998720804894,0.284886931747,NA,100
"CC-Gcomp","RMST_diff",2,-0.7,"strong",2,25,"cloglog",2.80522605425778,2.63829403421436,0.166932020043428,0.222404934972013,0.277192378799789,NA,100
"CC-Gcomp","RMST_diff",2,-0.7,"strong",2,25,"lpm",1.75398823902102,2.63829403421436,-0.884305795193339,0.316169288460206,0.9385947624978,NA,100
"CC-Gcomp","RMST_diff",5,-0.7,"strong",2,25,"correct",2.01874534259396,1.89353651644522,0.125208826148739,0.157489165629525,0.200579308661991,NA,100
"CC-Gcomp","RMST_diff",5,-0.7,"strong",2,25,"no_lag",1.917740860246,1.89353651644522,0.0242043438007803,0.160137980169571,0.161163213000636,NA,100
"CC-Gcomp","RMST_diff",5,-0.7,"strong",2,25,"no_tv",0.901823729952605,1.89353651644522,-0.991712786492619,0.188771058433398,1.00934256735263,NA,100
"CC-Gcomp","RMST_diff",5,-0.7,"strong",2,25,"coarse_L",1.58081200390483,1.89353651644522,-0.312724512540397,0.161301193220329,0.351503221789769,NA,100
"CC-Gcomp","RMST_diff",5,-0.7,"strong",2,25,"nonlinear_L",2.0184277917514,1.89353651644522,0.124891275306181,0.156222207096053,0.199396978055503,NA,100
"CC-Gcomp","RMST_diff",5,-0.7,"strong",2,25,"cloglog",2.02499552636324,1.89353651644522,0.131459009918017,0.15732653672487,0.204415249076209,NA,100
"CC-Gcomp","RMST_diff",5,-0.7,"strong",2,25,"lpm",1.21991588479533,1.89353651644522,-0.673620631649897,0.187494296043612,0.698975911833024,NA,100
"CC-Gcomp","RMST_diff",8,-0.7,"strong",2,25,"correct",1.63134304964908,1.49856180557954,0.132781244069533,0.126714988665004,0.183103741757237,NA,100
"CC-Gcomp","RMST_diff",8,-0.7,"strong",2,25,"no_lag",1.52670628958549,1.49856180557954,0.0281444840059495,0.128704689011387,0.131115826595205,NA,100
"CC-Gcomp","RMST_diff",8,-0.7,"strong",2,25,"no_tv",0.543472080038663,1.49856180557954,-0.955089725540882,0.16119897240379,0.968463546784676,NA,100
"CC-Gcomp","RMST_diff",8,-0.7,"strong",2,25,"coarse_L",1.22219994416089,1.49856180557954,-0.276361861418653,0.143911483253691,0.311254378778737,NA,100
"CC-Gcomp","RMST_diff",8,-0.7,"strong",2,25,"nonlinear_L",1.63118938887956,1.49856180557954,0.132627583300016,0.127150341250299,0.183291060991172,NA,100
"CC-Gcomp","RMST_diff",8,-0.7,"strong",2,25,"cloglog",1.63784354151213,1.49856180557954,0.139281735932589,0.125396913986259,0.186993433417593,NA,100
"CC-Gcomp","RMST_diff",8,-0.7,"strong",2,25,"lpm",0.972510070263273,1.49856180557954,-0.526051735316272,0.160257510350236,0.549687250313012,NA,100
"CC-Gcomp","RMST_diff",2,-0.5,"strong",2,25,"correct",1.95820212945788,1.83320062381724,0.125001505640633,0.27167038729928,0.297812235736567,NA,100
"CC-Gcomp","RMST_diff",2,-0.5,"strong",2,25,"no_lag",1.86186628879818,1.83320062381724,0.0286656649809369,0.269714338671406,0.269889026432909,NA,100
"CC-Gcomp","RMST_diff",2,-0.5,"strong",2,25,"no_tv",0.860869937766141,1.83320062381724,-0.972330686051102,0.304695172814217,1.01849777608472,NA,100
"CC-Gcomp","RMST_diff",2,-0.5,"strong",2,25,"coarse_L",1.46198621599425,1.83320062381724,-0.371214407822993,0.281701253758713,0.46514747874294,NA,100
"CC-Gcomp","RMST_diff",2,-0.5,"strong",2,25,"nonlinear_L",1.96214753470026,1.83320062381724,0.128946910883012,0.273994685877558,0.301578618002871,NA,100
"CC-Gcomp","RMST_diff",2,-0.5,"strong",2,25,"cloglog",1.97452417909846,1.83320062381724,0.141323555281213,0.265449113136038,0.299551242069507,NA,100
"CC-Gcomp","RMST_diff",2,-0.5,"strong",2,25,"lpm",0.599760874859384,1.83320062381724,-1.23343974895786,0.393644252506122,1.29413285788787,NA,100
"CC-Gcomp","RMST_diff",5,-0.5,"strong",2,25,"correct",1.36322495986659,1.34794250784726,0.0152824520193223,0.172430286276027,0.172245275490224,NA,100
"CC-Gcomp","RMST_diff",5,-0.5,"strong",2,25,"no_lag",1.24980897271376,1.34794250784726,-0.0981335351335044,0.179131227694574,0.203463282893524,NA,100
"CC-Gcomp","RMST_diff",5,-0.5,"strong",2,25,"no_tv",0.104397247889118,1.34794250784726,-1.24354525995815,0.23058929285065,1.26453332155462,NA,100
"CC-Gcomp","RMST_diff",5,-0.5,"strong",2,25,"coarse_L",0.874243263020578,1.34794250784726,-0.473699244826687,0.190721314088058,0.510295843604839,NA,100
"CC-Gcomp","RMST_diff",5,-0.5,"strong",2,25,"nonlinear_L",1.36079736862007,1.34794250784726,0.012854860772804,0.171909479414807,0.171530136906118,NA,100
"CC-Gcomp","RMST_diff",5,-0.5,"strong",2,25,"cloglog",1.37250319331997,1.34794250784726,0.0245606854727025,0.17059079783526,0.17150345586576,NA,100
"CC-Gcomp","RMST_diff",5,-0.5,"strong",2,25,"lpm",0.370406565243034,1.34794250784726,-0.97753594260423,0.235831362213653,1.00530432515366,NA,100
"CC-Gcomp","RMST_diff",8,-0.5,"strong",2,25,"correct",1.1744070222369,1.03856783340449,0.135839188832412,0.122405304903587,0.182443178289851,NA,100
"CC-Gcomp","RMST_diff",8,-0.5,"strong",2,25,"no_lag",1.06453558829662,1.03856783340449,0.0259677548921332,0.129770990766792,0.131705843599617,NA,100
"CC-Gcomp","RMST_diff",8,-0.5,"strong",2,25,"no_tv",0.0102413823233625,1.03856783340449,-1.02832645108113,0.178292540548981,1.043515997821,NA,100
"CC-Gcomp","RMST_diff",8,-0.5,"strong",2,25,"coarse_L",0.738505738796307,1.03856783340449,-0.300062094608184,0.146175207652926,0.333452815312306,NA,100
"CC-Gcomp","RMST_diff",8,-0.5,"strong",2,25,"nonlinear_L",1.17341870693509,1.03856783340449,0.134850873530603,0.120748778314094,0.180607925855067,NA,100
"CC-Gcomp","RMST_diff",8,-0.5,"strong",2,25,"cloglog",1.18270601951016,1.03856783340449,0.144138186105668,0.122098723959007,0.18850685425821,NA,100
"CC-Gcomp","RMST_diff",8,-0.5,"strong",2,25,"lpm",0.421093717517049,1.03856783340449,-0.617474115887442,0.154377124386765,0.636292587855277,NA,100
"G-comp (no cloning)","RMST_diff",2,-1,"small",0.4,25,"correct",3.85692362228242,3.79861853657404,0.0583050857083815,0.332995471750548,0.3364173113616,NA,100
"G-comp (no cloning)","RMST_diff",2,-1,"small",0.4,25,"no_lag",3.81092135157936,3.79861853657404,0.0123028150053139,0.330590309646252,0.329163200495954,NA,100
"G-comp (no cloning)","RMST_diff",2,-1,"small",0.4,25,"no_tv",3.56589597781214,3.79861853657404,-0.232722558761906,0.353397172322146,0.421663912551127,NA,100
"G-comp (no cloning)","RMST_diff",2,-1,"small",0.4,25,"coarse_L",3.65537847030891,3.79861853657404,-0.14324006626513,0.330123472440497,0.358342585481057,NA,100
"G-comp (no cloning)","RMST_diff",2,-1,"small",0.4,25,"nonlinear_L",3.85832401861627,3.79861853657404,0.0597054820422291,0.331485701720236,0.335184557112053,NA,100
"G-comp (no cloning)","RMST_diff",2,-1,"small",0.4,25,"cloglog",3.77848374231198,3.79861853657404,-0.0201347942620595,0.33239301585342,0.331339215545377,NA,100
"G-comp (no cloning)","RMST_diff",2,-1,"small",0.4,25,"lpm",3.40948105696949,3.79861853657404,-0.389137479604554,0.33988491781022,0.515552633408362,NA,100
"G-comp (no cloning)","RMST_diff",5,-1,"small",0.4,25,"correct",2.52291533959674,2.29737493833465,0.225540401262083,0.164469064717005,0.278653988160692,NA,100
"G-comp (no cloning)","RMST_diff",5,-1,"small",0.4,25,"no_lag",2.49797516174365,2.29737493833465,0.200600223408992,0.167044034188905,0.260509350880656,NA,100
"G-comp (no cloning)","RMST_diff",5,-1,"small",0.4,25,"no_tv",2.32668684922532,2.29737493833465,0.0293119108906627,0.19931153022319,0.200467013094855,NA,100
"G-comp (no cloning)","RMST_diff",5,-1,"small",0.4,25,"coarse_L",2.39890234427553,2.29737493833465,0.101527405940877,0.176978704224257,0.203263526704846,NA,100
"G-comp (no cloning)","RMST_diff",5,-1,"small",0.4,25,"nonlinear_L",2.52258598813031,2.29737493833465,0.225211049795656,0.165631334183833,0.27906884173075,NA,100
"G-comp (no cloning)","RMST_diff",5,-1,"small",0.4,25,"cloglog",2.48545708278874,2.29737493833465,0.188082144454081,0.16036499419575,0.246646822627446,NA,100
"G-comp (no cloning)","RMST_diff",5,-1,"small",0.4,25,"lpm",2.23080640799418,2.29737493833465,-0.0665685303404695,0.168550589471949,0.18043441310049,NA,100
"G-comp (no cloning)","RMST_diff",8,-1,"small",0.4,25,"correct",1.83816834062492,1.69602919128171,0.142139149343214,0.10173165812071,0.174497492066109,NA,100
"G-comp (no cloning)","RMST_diff",8,-1,"small",0.4,25,"no_lag",1.81584306062143,1.69602919128171,0.119813869339719,0.102223897782641,0.157164217655458,NA,100
"G-comp (no cloning)","RMST_diff",8,-1,"small",0.4,25,"no_tv",1.66888553148405,1.69602919128171,-0.0271436597976611,0.117155632822027,0.119686950609169,NA,100
"G-comp (no cloning)","RMST_diff",8,-1,"small",0.4,25,"coarse_L",1.74968195077969,1.69602919128171,0.0536527594979771,0.103818288650205,0.116400486637395,NA,100
"G-comp (no cloning)","RMST_diff",8,-1,"small",0.4,25,"nonlinear_L",1.83842857036878,1.69602919128171,0.142399379087073,0.101155361287398,0.174377940721858,NA,100
"G-comp (no cloning)","RMST_diff",8,-1,"small",0.4,25,"cloglog",1.80806660256248,1.69602919128171,0.112037411280768,0.101309347407964,0.150709420939772,NA,100
"G-comp (no cloning)","RMST_diff",8,-1,"small",0.4,25,"lpm",1.58478569469787,1.69602919128171,-0.111243496583838,0.108997576888892,0.155360170514105,NA,100
"G-comp (no cloning)","RMST_diff",2,-0.7,"small",0.4,25,"correct",2.66758182092095,2.63492614076516,0.0326556801557926,0.323517350243933,0.323547886094477,NA,100
"G-comp (no cloning)","RMST_diff",2,-0.7,"small",0.4,25,"no_lag",2.62531491495374,2.63492614076516,-0.00961122581141304,0.321529173277882,0.320061829710555,NA,100
"G-comp (no cloning)","RMST_diff",2,-0.7,"small",0.4,25,"no_tv",2.35846529324382,2.63492614076516,-0.276460847521335,0.3265529436796,0.426615818961004,NA,100
"G-comp (no cloning)","RMST_diff",2,-0.7,"small",0.4,25,"coarse_L",2.49900343728163,2.63492614076516,-0.135922703483529,0.323812844553857,0.349687277488546,NA,100
"G-comp (no cloning)","RMST_diff",2,-0.7,"small",0.4,25,"nonlinear_L",2.66547231069081,2.63492614076516,0.0305461699256561,0.322375362231812,0.322210620447989,NA,100
"G-comp (no cloning)","RMST_diff",2,-0.7,"small",0.4,25,"cloglog",2.60779636092925,2.63492614076516,-0.0271297798359011,0.311399977772352,0.311024551521258,NA,100
"G-comp (no cloning)","RMST_diff",2,-0.7,"small",0.4,25,"lpm",2.39563526383504,2.63492614076516,-0.239290876930121,0.358454584607099,0.429493790543677,NA,100
"G-comp (no cloning)","RMST_diff",5,-0.7,"small",0.4,25,"correct",1.82358895899355,1.61557277851707,0.208016180476481,0.141283660511455,0.251062130438394,NA,100
"G-comp (no cloning)","RMST_diff",5,-0.7,"small",0.4,25,"no_lag",1.79579305045269,1.61557277851707,0.180220271935622,0.142678504088715,0.229418679253135,NA,100
"G-comp (no cloning)","RMST_diff",5,-0.7,"small",0.4,25,"no_tv",1.59861343085508,1.61557277851707,-0.0169593476619886,0.1664840756464,0.16651545706786,NA,100
"G-comp (no cloning)","RMST_diff",5,-0.7,"small",0.4,25,"coarse_L",1.71127725575126,1.61557277851707,0.0957044772341916,0.151791449335364,0.178800404398555,NA,100
"G-comp (no cloning)","RMST_diff",5,-0.7,"small",0.4,25,"nonlinear_L",1.82149660246952,1.61557277851707,0.205923823952456,0.142476449815767,0.250002329260721,NA,100
"G-comp (no cloning)","RMST_diff",5,-0.7,"small",0.4,25,"cloglog",1.79668658377996,1.61557277851707,0.181113805262888,0.140136830378853,0.228569810721251,NA,100
"G-comp (no cloning)","RMST_diff",5,-0.7,"small",0.4,25,"lpm",1.59606453560429,1.61557277851707,-0.0195082429127779,0.161196002598239,0.161570050698324,NA,100
"G-comp (no cloning)","RMST_diff",8,-0.7,"small",0.4,25,"correct",1.32127944522795,1.20128404026569,0.119995404962258,0.0917926774029273,0.150799648144836,NA,100
"G-comp (no cloning)","RMST_diff",8,-0.7,"small",0.4,25,"no_lag",1.29208665155906,1.20128404026569,0.0908026112933742,0.0912026496026517,0.128373900304128,NA,100
"G-comp (no cloning)","RMST_diff",8,-0.7,"small",0.4,25,"no_tv",1.13378113497888,1.20128404026569,-0.0675029052868112,0.0952719721599145,0.116372777807386,NA,100
"G-comp (no cloning)","RMST_diff",8,-0.7,"small",0.4,25,"coarse_L",1.23145562821353,1.20128404026569,0.0301715879478368,0.0946859155823775,0.0989246839917644,NA,100
"G-comp (no cloning)","RMST_diff",8,-0.7,"small",0.4,25,"nonlinear_L",1.32243214774545,1.20128404026569,0.121148107479757,0.0927755940158034,0.152309230457192,NA,100
"G-comp (no cloning)","RMST_diff",8,-0.7,"small",0.4,25,"cloglog",1.29829164300794,1.20128404026569,0.097007602742246,0.0913906852164121,0.132963189494986,NA,100
"G-comp (no cloning)","RMST_diff",8,-0.7,"small",0.4,25,"lpm",1.13789495021306,1.20128404026569,-0.0633890900526321,0.0972283392835955,0.115658952087369,NA,100
"G-comp (no cloning)","RMST_diff",2,-0.5,"small",0.4,25,"correct",1.91211655653279,1.85122454220699,0.0608920143257967,0.34387071532315,0.347523287819592,NA,100
"G-comp (no cloning)","RMST_diff",2,-0.5,"small",0.4,25,"no_lag",1.87665980706793,1.85122454220699,0.0254352648609375,0.342964939434116,0.342192420843569,NA,100
"G-comp (no cloning)","RMST_diff",2,-0.5,"small",0.4,25,"no_tv",1.63387916533019,1.85122454220699,-0.217345376876806,0.373016760072272,0.430103593465095,NA,100
"G-comp (no cloning)","RMST_diff",2,-0.5,"small",0.4,25,"coarse_L",1.75690170216347,1.85122454220699,-0.0943228400435267,0.348754055719711,0.359596851517105,NA,100
"G-comp (no cloning)","RMST_diff",2,-0.5,"small",0.4,25,"nonlinear_L",1.91464966184631,1.85122454220699,0.0634251196393115,0.345276720907799,0.349351684784966,NA,100
"G-comp (no cloning)","RMST_diff",2,-0.5,"small",0.4,25,"cloglog",1.87815728502994,1.85122454220699,0.0269327428229419,0.333969811420685,0.333385436434963,NA,100
"G-comp (no cloning)","RMST_diff",2,-0.5,"small",0.4,25,"lpm",1.62423400467766,1.85122454220699,-0.226990537529332,0.408070487566035,0.465167724290941,NA,100
"G-comp (no cloning)","RMST_diff",5,-0.5,"small",0.4,25,"correct",1.2528599642141,1.14714745904953,0.105712505164575,0.141418927436307,0.175995606919699,NA,100
"G-comp (no cloning)","RMST_diff",5,-0.5,"small",0.4,25,"no_lag",1.21371752661989,1.14714745904953,0.0665700675703575,0.142405384830946,0.156550549628174,NA,100
"G-comp (no cloning)","RMST_diff",5,-0.5,"small",0.4,25,"no_tv",0.987905787032541,1.14714745904953,-0.159241672016989,0.170680212533516,0.232805342953609,NA,100
"G-comp (no cloning)","RMST_diff",5,-0.5,"small",0.4,25,"coarse_L",1.13810726906384,1.14714745904953,-0.00904018998569329,0.151684387251129,0.151194566163505,NA,100
"G-comp (no cloning)","RMST_diff",5,-0.5,"small",0.4,25,"nonlinear_L",1.25156990853091,1.14714745904953,0.104422449481384,0.143028527249008,0.176512424397384,NA,100
"G-comp (no cloning)","RMST_diff",5,-0.5,"small",0.4,25,"cloglog",1.23671803416756,1.14714745904953,0.0895705751180322,0.133409312423954,0.160134169126995,NA,100
"G-comp (no cloning)","RMST_diff",5,-0.5,"small",0.4,25,"lpm",1.08131434269819,1.14714745904953,-0.0658331163513424,0.161045853948772,0.173235125225451,NA,100
"G-comp (no cloning)","RMST_diff",8,-0.5,"small",0.4,25,"correct",0.964729156420947,0.858500773417477,0.10622838300347,0.0868523959295571,0.136939310088263,NA,100
"G-comp (no cloning)","RMST_diff",8,-0.5,"small",0.4,25,"no_lag",0.935536303952342,0.858500773417477,0.0770355305348648,0.0872246227412314,0.11604536366876,NA,100
"G-comp (no cloning)","RMST_diff",8,-0.5,"small",0.4,25,"no_tv",0.762010562450102,0.858500773417477,-0.0964902109673747,0.0949235272963344,0.135021228281195,NA,100
"G-comp (no cloning)","RMST_diff",8,-0.5,"small",0.4,25,"coarse_L",0.871319552402054,0.858500773417477,0.0128187789845767,0.0856428566897132,0.0861723447958244,NA,100
"G-comp (no cloning)","RMST_diff",8,-0.5,"small",0.4,25,"nonlinear_L",0.963581136449598,0.858500773417477,0.105080363032121,0.0868311203345429,0.136037236516069,NA,100
"G-comp (no cloning)","RMST_diff",8,-0.5,"small",0.4,25,"cloglog",0.945968502514829,0.858500773417477,0.0874677290973518,0.088084994425791,0.123822373640669,NA,100
"G-comp (no cloning)","RMST_diff",8,-0.5,"small",0.4,25,"lpm",0.840529656107035,0.858500773417477,-0.0179711173104418,0.080833246086664,0.0824113741759217,NA,100
"G-comp (no cloning)","RMST_diff",2,-1,"medium",1,25,"correct",3.92733014724796,3.80085387894506,0.126476268302894,0.298933351373468,0.323208575878743,NA,100
"G-comp (no cloning)","RMST_diff",2,-1,"medium",1,25,"no_lag",3.84216982655932,3.80085387894506,0.0413159476142554,0.301649408019464,0.30296773628915,NA,100
"G-comp (no cloning)","RMST_diff",2,-1,"medium",1,25,"no_tv",3.25705659980185,3.80085387894506,-0.543797279143207,0.321865858088983,0.63109201793469,NA,100
"G-comp (no cloning)","RMST_diff",2,-1,"medium",1,25,"coarse_L",3.55464131342124,3.80085387894506,-0.246212565523826,0.294460186946111,0.382701399398016,NA,100
"G-comp (no cloning)","RMST_diff",2,-1,"medium",1,25,"nonlinear_L",3.93157292621566,3.80085387894506,0.130719047270602,0.302909374309808,0.328517910430535,NA,100
"G-comp (no cloning)","RMST_diff",2,-1,"medium",1,25,"cloglog",3.85036085251888,3.80085387894506,0.0495069735738144,0.288447377267956,0.291240125996871,NA,100
"G-comp (no cloning)","RMST_diff",2,-1,"medium",1,25,"lpm",3.59900645865504,3.80085387894506,-0.201847420290017,0.341341764871504,0.395084091705642,NA,100
"G-comp (no cloning)","RMST_diff",5,-1,"medium",1,25,"correct",2.67915024313189,2.42954199126714,0.249608251864758,0.151183477617238,0.291431224930305,NA,100
"G-comp (no cloning)","RMST_diff",5,-1,"medium",1,25,"no_lag",2.61222366570814,2.42954199126714,0.182681674441007,0.156158384306005,0.239821143262519,NA,100
"G-comp (no cloning)","RMST_diff",5,-1,"medium",1,25,"no_tv",2.11590004914656,2.42954199126714,-0.313641942120573,0.192416908437727,0.367457877645004,NA,100
"G-comp (no cloning)","RMST_diff",5,-1,"medium",1,25,"coarse_L",2.39199586641211,2.42954199126714,-0.0375461248550228,0.173031609628356,0.176210811367813,NA,100
"G-comp (no cloning)","RMST_diff",5,-1,"medium",1,25,"nonlinear_L",2.67712492698411,2.42954199126714,0.247582935716975,0.150708577235508,0.289453371992905,NA,100
"G-comp (no cloning)","RMST_diff",5,-1,"medium",1,25,"cloglog",2.65239175607427,2.42954199126714,0.222849764807129,0.147732409508091,0.266961858409527,NA,100
"G-comp (no cloning)","RMST_diff",5,-1,"medium",1,25,"lpm",2.34638058658504,2.42954199126714,-0.0831614046820978,0.182293063754176,0.199535141543175,NA,100
"G-comp (no cloning)","RMST_diff",8,-1,"medium",1,25,"correct",2.01266164569381,1.91150841078624,0.101153234907578,0.110497180794792,0.149397147316234,NA,100
"G-comp (no cloning)","RMST_diff",8,-1,"medium",1,25,"no_lag",1.95030586229962,1.91150841078624,0.0387974515133789,0.112243087256883,0.118227610034711,NA,100
"G-comp (no cloning)","RMST_diff",8,-1,"medium",1,25,"no_tv",1.52296930871897,1.91150841078624,-0.388539102067264,0.13586079456419,0.411383285732239,NA,100
"G-comp (no cloning)","RMST_diff",8,-1,"medium",1,25,"coarse_L",1.78212575197326,1.91150841078624,-0.129382658812972,0.119867543059846,0.175967093520141,NA,100
"G-comp (no cloning)","RMST_diff",8,-1,"medium",1,25,"nonlinear_L",2.01092288791676,1.91150841078624,0.0994144771305194,0.109939978244099,0.147814644373568,NA,100
"G-comp (no cloning)","RMST_diff",8,-1,"medium",1,25,"cloglog",1.99958928901632,1.91150841078624,0.0880808782300804,0.110629073390928,0.14097746298726,NA,100
"G-comp (no cloning)","RMST_diff",8,-1,"medium",1,25,"lpm",1.71614323565479,1.91150841078624,-0.195365175131447,0.113482310703489,0.225647965087918,NA,100
"G-comp (no cloning)","RMST_diff",2,-0.7,"medium",1,25,"correct",2.72111714285067,2.61874108299344,0.102376059857234,0.286896486506359,0.303261200389843,NA,100
"G-comp (no cloning)","RMST_diff",2,-0.7,"medium",1,25,"no_lag",2.64706872299826,2.61874108299344,0.028327640004816,0.283589175313579,0.283586049268521,NA,100
"G-comp (no cloning)","RMST_diff",2,-0.7,"medium",1,25,"no_tv",2.04302821532732,2.61874108299344,-0.575712867666122,0.301179935598176,0.649035874252881,NA,100
"G-comp (no cloning)","RMST_diff",2,-0.7,"medium",1,25,"coarse_L",2.34735077087853,2.61874108299344,-0.271390312114914,0.288469988398864,0.395013273668876,NA,100
"G-comp (no cloning)","RMST_diff",2,-0.7,"medium",1,25,"nonlinear_L",2.72058631375849,2.61874108299344,0.101845230765049,0.290861680296354,0.306801178165528,NA,100
"G-comp (no cloning)","RMST_diff",2,-0.7,"medium",1,25,"cloglog",2.67335837599879,2.61874108299344,0.0546172930053539,0.282729488060979,0.286565267400402,NA,100
"G-comp (no cloning)","RMST_diff",2,-0.7,"medium",1,25,"lpm",2.19132182564886,2.61874108299344,-0.427419257344584,0.337446544583106,0.543524323554671,NA,100
"G-comp (no cloning)","RMST_diff",5,-0.7,"medium",1,25,"correct",1.84795203845491,1.69836049771415,0.149591540740756,0.155028527693461,0.214874696081245,NA,100
"G-comp (no cloning)","RMST_diff",5,-0.7,"medium",1,25,"no_lag",1.7775045586201,1.69836049771415,0.0791440609059504,0.157084607053853,0.175193037567751,NA,100
"G-comp (no cloning)","RMST_diff",5,-0.7,"medium",1,25,"no_tv",1.23617929440203,1.69836049771415,-0.462181203312126,0.200610796447676,0.50344186300893,NA,100
"G-comp (no cloning)","RMST_diff",5,-0.7,"medium",1,25,"coarse_L",1.54628625157282,1.69836049771415,-0.152074246141336,0.170927378898219,0.228145969738457,NA,100
"G-comp (no cloning)","RMST_diff",5,-0.7,"medium",1,25,"nonlinear_L",1.84860160320503,1.69836049771415,0.150241105490879,0.158512067138177,0.217823792211171,NA,100
"G-comp (no cloning)","RMST_diff",5,-0.7,"medium",1,25,"cloglog",1.84130147481517,1.69836049771415,0.142940977101018,0.149488112462474,0.206289485297994,NA,100
"G-comp (no cloning)","RMST_diff",5,-0.7,"medium",1,25,"lpm",1.42538413107798,1.69836049771415,-0.272976366636169,0.181252324721503,0.327169646982516,NA,100
"G-comp (no cloning)","RMST_diff",8,-0.7,"medium",1,25,"correct",1.41627304325394,1.34562023897707,0.0706528042768679,0.104832465168108,0.125983197482346,NA,100
"G-comp (no cloning)","RMST_diff",8,-0.7,"medium",1,25,"no_lag",1.34535420501213,1.34562023897707,-0.000266033964943499,0.10845812046063,0.107914795227459,NA,100
"G-comp (no cloning)","RMST_diff",8,-0.7,"medium",1,25,"no_tv",0.866744274413178,1.34562023897707,-0.478875964563895,0.136244975461444,0.497693937919788,NA,100
"G-comp (no cloning)","RMST_diff",8,-0.7,"medium",1,25,"coarse_L",1.17571833424127,1.34562023897707,-0.169901904735801,0.116009285015506,0.205402604415241,NA,100
"G-comp (no cloning)","RMST_diff",8,-0.7,"medium",1,25,"nonlinear_L",1.41724671690583,1.34562023897707,0.0716264779287529,0.106030698870995,0.127516416011897,NA,100
"G-comp (no cloning)","RMST_diff",8,-0.7,"medium",1,25,"cloglog",1.41568856839582,1.34562023897707,0.0700683294187497,0.10478172120645,0.125614441031001,NA,100
"G-comp (no cloning)","RMST_diff",8,-0.7,"medium",1,25,"lpm",1.08861835576405,1.34562023897707,-0.257001883213025,0.119648621364136,0.283235948713147,NA,100
"G-comp (no cloning)","RMST_diff",2,-0.5,"medium",1,25,"correct",1.93734688894512,1.84038146532659,0.0969654236185378,0.242785913906697,0.260303367955771,NA,100
"G-comp (no cloning)","RMST_diff",2,-0.5,"medium",1,25,"no_lag",1.86837244884096,1.84038146532659,0.0279909835143724,0.24547161824522,0.24583988156601,NA,100
"G-comp (no cloning)","RMST_diff",2,-0.5,"medium",1,25,"no_tv",1.2484911631956,1.84038146532659,-0.591890302130982,0.279494306571663,0.65396485111099,NA,100
"G-comp (no cloning)","RMST_diff",2,-0.5,"medium",1,25,"coarse_L",1.56326917048431,1.84038146532659,-0.27711229484228,0.238923095193971,0.36510906167288,NA,100
"G-comp (no cloning)","RMST_diff",2,-0.5,"medium",1,25,"nonlinear_L",1.93778047660859,1.84038146532659,0.0973990112820059,0.241001554839778,0.258819433852156,NA,100
"G-comp (no cloning)","RMST_diff",2,-0.5,"medium",1,25,"cloglog",1.9298253640871,1.84038146532659,0.0894438987605145,0.240371502654963,0.255344641066148,NA,100
"G-comp (no cloning)","RMST_diff",2,-0.5,"medium",1,25,"lpm",1.19428634712342,1.84038146532659,-0.646095118203165,0.304396982646595,0.713561384591312,NA,100
"G-comp (no cloning)","RMST_diff",5,-0.5,"medium",1,25,"correct",1.34890575368133,1.20547707966547,0.143428674015865,0.136622969112659,0.197613162168455,NA,100
"G-comp (no cloning)","RMST_diff",5,-0.5,"medium",1,25,"no_lag",1.2679283204896,1.20547707966547,0.0624512408241344,0.140848871445806,0.153428087461702,NA,100
"G-comp (no cloning)","RMST_diff",5,-0.5,"medium",1,25,"no_tv",0.680395922279862,1.20547707966547,-0.525081157385607,0.183214017803563,0.555825444180037,NA,100
"G-comp (no cloning)","RMST_diff",5,-0.5,"medium",1,25,"coarse_L",1.04192340770505,1.20547707966547,-0.16355367196042,0.151597963404244,0.222490284495678,NA,100
"G-comp (no cloning)","RMST_diff",5,-0.5,"medium",1,25,"nonlinear_L",1.34448960405215,1.20547707966547,0.139012524386679,0.139899051807815,0.196724449894047,NA,100
"G-comp (no cloning)","RMST_diff",5,-0.5,"medium",1,25,"cloglog",1.35493470449716,1.20547707966547,0.149457624831691,0.135421325137637,0.201229042559328,NA,100
"G-comp (no cloning)","RMST_diff",5,-0.5,"medium",1,25,"lpm",0.861882455940047,1.20547707966547,-0.343594623725422,0.18131696511487,0.388077761374053,NA,100
"G-comp (no cloning)","RMST_diff",8,-0.5,"medium",1,25,"correct",1.01006130568322,0.961489413733808,0.0485718919494125,0.106499631285454,0.116567484475062,NA,100
"G-comp (no cloning)","RMST_diff",8,-0.5,"medium",1,25,"no_lag",0.934292358677645,0.961489413733808,-0.0271970550561634,0.10583661727972,0.108761461305785,NA,100
"G-comp (no cloning)","RMST_diff",8,-0.5,"medium",1,25,"no_tv",0.417588402621736,0.961489413733808,-0.543901011112073,0.12361690921748,0.557634861473682,NA,100
"G-comp (no cloning)","RMST_diff",8,-0.5,"medium",1,25,"coarse_L",0.754538928995658,0.961489413733808,-0.206950484738151,0.110930760581282,0.23454441037907,NA,100
"G-comp (no cloning)","RMST_diff",8,-0.5,"medium",1,25,"nonlinear_L",1.01104238812951,0.961489413733808,0.0495529743956981,0.107310234840706,0.117710785011453,NA,100
"G-comp (no cloning)","RMST_diff",8,-0.5,"medium",1,25,"cloglog",1.01379695767867,0.961489413733808,0.052307543944865,0.108572028263245,0.120025354077907,NA,100
"G-comp (no cloning)","RMST_diff",8,-0.5,"medium",1,25,"lpm",0.659881460079591,0.961489413733808,-0.301607953654217,0.118490052846926,0.323831517003696,NA,100
"G-comp (no cloning)","RMST_diff",2,-1,"strong",2,25,"correct",3.96398249968279,3.81340268711301,0.150579812569786,0.200786868400966,0.250172925814517,NA,100
"G-comp (no cloning)","RMST_diff",2,-1,"strong",2,25,"no_lag",3.86390625946148,3.81340268711301,0.0505035723484704,0.202188955687646,0.207417889498465,NA,100
"G-comp (no cloning)","RMST_diff",2,-1,"strong",2,25,"no_tv",2.97892803327758,3.81340268711301,-0.834474653835423,0.256408535469157,0.872602906014284,NA,100
"G-comp (no cloning)","RMST_diff",2,-1,"strong",2,25,"coarse_L",3.47019621573524,3.81340268711301,-0.343206471377762,0.226351064570852,0.410503518113559,NA,100
"G-comp (no cloning)","RMST_diff",2,-1,"strong",2,25,"nonlinear_L",3.9642713897047,3.81340268711301,0.150868702591696,0.204574937648699,0.253364878159012,NA,100
"G-comp (no cloning)","RMST_diff",2,-1,"strong",2,25,"cloglog",3.90887001025298,3.81340268711301,0.0954673231399752,0.201259522301991,0.221843077763462,NA,100
"G-comp (no cloning)","RMST_diff",2,-1,"strong",2,25,"lpm",3.27647233221969,3.81340268711301,-0.536930354893315,0.283662799189072,0.606592238503926,NA,100
"G-comp (no cloning)","RMST_diff",5,-1,"strong",2,25,"correct",2.87312910000312,2.68750354122519,0.185625558777923,0.145253836497822,0.235254199364812,NA,100
"G-comp (no cloning)","RMST_diff",5,-1,"strong",2,25,"no_lag",2.78753543502561,2.68750354122519,0.100031893800418,0.149849301887558,0.179545662494878,NA,100
"G-comp (no cloning)","RMST_diff",5,-1,"strong",2,25,"no_tv",1.88994425492407,2.68750354122519,-0.797559286301118,0.209375378350196,0.824318193256611,NA,100
"G-comp (no cloning)","RMST_diff",5,-1,"strong",2,25,"coarse_L",2.49285508480652,2.68750354122519,-0.194648456418675,0.169790271880606,0.257737212383486,NA,100
"G-comp (no cloning)","RMST_diff",5,-1,"strong",2,25,"nonlinear_L",2.87623745593283,2.68750354122519,0.188733914707637,0.145746098540595,0.238012597457102,NA,100
"G-comp (no cloning)","RMST_diff",5,-1,"strong",2,25,"cloglog",2.8645364259305,2.68750354122519,0.177032884705304,0.145659908029682,0.228790915436397,NA,100
"G-comp (no cloning)","RMST_diff",5,-1,"strong",2,25,"lpm",2.28194636818435,2.68750354122519,-0.405557173040844,0.190712521121321,0.447754590886802,NA,100
"G-comp (no cloning)","RMST_diff",8,-1,"strong",2,25,"correct",2.29698005594643,2.15938097189966,0.137599084046768,0.105260979104905,0.172923633189369,NA,100
"G-comp (no cloning)","RMST_diff",8,-1,"strong",2,25,"no_lag",2.20542032492235,2.15938097189966,0.0460393530226941,0.111340680766835,0.119968336441055,NA,100
"G-comp (no cloning)","RMST_diff",8,-1,"strong",2,25,"no_tv",1.32038251052986,2.15938097189966,-0.838998461369793,0.163642831748666,0.8546517447474,NA,100
"G-comp (no cloning)","RMST_diff",8,-1,"strong",2,25,"coarse_L",1.94419335956463,2.15938097189966,-0.215187612335024,0.125651427079573,0.248869658291867,NA,100
"G-comp (no cloning)","RMST_diff",8,-1,"strong",2,25,"nonlinear_L",2.29891780305777,2.15938097189966,0.139536831158107,0.106470975034669,0.175194848923222,NA,100
"G-comp (no cloning)","RMST_diff",8,-1,"strong",2,25,"cloglog",2.29868702235956,2.15938097189966,0.139306050459901,0.105379278644092,0.174355728723235,NA,100
"G-comp (no cloning)","RMST_diff",8,-1,"strong",2,25,"lpm",1.72703788269586,2.15938097189966,-0.432343089203796,0.136539148517419,0.45318545482988,NA,100
"G-comp (no cloning)","RMST_diff",2,-0.7,"strong",2,25,"correct",2.81337213630236,2.63829403421436,0.175078102088006,0.226005126366644,0.284991010039441,NA,100
"G-comp (no cloning)","RMST_diff",2,-0.7,"strong",2,25,"no_lag",2.70972074409973,2.63829403421436,0.0714267098853732,0.225933515340139,0.235875536470959,NA,100
"G-comp (no cloning)","RMST_diff",2,-0.7,"strong",2,25,"no_tv",1.69437662242956,2.63829403421436,-0.943917411784793,0.272441798860019,0.982070449967274,NA,100
"G-comp (no cloning)","RMST_diff",2,-0.7,"strong",2,25,"coarse_L",2.29480278235188,2.63829403421436,-0.343491251862472,0.24010518840581,0.418402003568869,NA,100
"G-comp (no cloning)","RMST_diff",2,-0.7,"strong",2,25,"nonlinear_L",2.81321086100019,2.63829403421436,0.174916826785835,0.225998720804894,0.284886931747,NA,100
"G-comp (no cloning)","RMST_diff",2,-0.7,"strong",2,25,"cloglog",2.80522605425778,2.63829403421436,0.166932020043428,0.222404934972013,0.277192378799789,NA,100
"G-comp (no cloning)","RMST_diff",2,-0.7,"strong",2,25,"lpm",1.75398823902102,2.63829403421436,-0.884305795193339,0.316169288460206,0.9385947624978,NA,100
"G-comp (no cloning)","RMST_diff",5,-0.7,"strong",2,25,"correct",2.01874534259396,1.89353651644522,0.125208826148739,0.157489165629525,0.200579308661991,NA,100
"G-comp (no cloning)","RMST_diff",5,-0.7,"strong",2,25,"no_lag",1.917740860246,1.89353651644522,0.0242043438007803,0.160137980169571,0.161163213000636,NA,100
"G-comp (no cloning)","RMST_diff",5,-0.7,"strong",2,25,"no_tv",0.901823729952605,1.89353651644522,-0.991712786492619,0.188771058433398,1.00934256735263,NA,100
"G-comp (no cloning)","RMST_diff",5,-0.7,"strong",2,25,"coarse_L",1.58081200390483,1.89353651644522,-0.312724512540397,0.161301193220329,0.351503221789769,NA,100
"G-comp (no cloning)","RMST_diff",5,-0.7,"strong",2,25,"nonlinear_L",2.0184277917514,1.89353651644522,0.124891275306181,0.156222207096053,0.199396978055503,NA,100
"G-comp (no cloning)","RMST_diff",5,-0.7,"strong",2,25,"cloglog",2.02499552636324,1.89353651644522,0.131459009918017,0.15732653672487,0.204415249076209,NA,100
"G-comp (no cloning)","RMST_diff",5,-0.7,"strong",2,25,"lpm",1.21991588479533,1.89353651644522,-0.673620631649897,0.187494296043612,0.698975911833024,NA,100
"G-comp (no cloning)","RMST_diff",8,-0.7,"strong",2,25,"correct",1.63134304964908,1.49856180557954,0.132781244069533,0.126714988665004,0.183103741757237,NA,100
"G-comp (no cloning)","RMST_diff",8,-0.7,"strong",2,25,"no_lag",1.52670628958549,1.49856180557954,0.0281444840059495,0.128704689011387,0.131115826595205,NA,100
"G-comp (no cloning)","RMST_diff",8,-0.7,"strong",2,25,"no_tv",0.543472080038663,1.49856180557954,-0.955089725540882,0.16119897240379,0.968463546784676,NA,100
"G-comp (no cloning)","RMST_diff",8,-0.7,"strong",2,25,"coarse_L",1.22219994416089,1.49856180557954,-0.276361861418653,0.143911483253691,0.311254378778737,NA,100
"G-comp (no cloning)","RMST_diff",8,-0.7,"strong",2,25,"nonlinear_L",1.63118938887956,1.49856180557954,0.132627583300016,0.127150341250299,0.183291060991172,NA,100
"G-comp (no cloning)","RMST_diff",8,-0.7,"strong",2,25,"cloglog",1.63784354151213,1.49856180557954,0.139281735932589,0.125396913986259,0.186993433417593,NA,100
"G-comp (no cloning)","RMST_diff",8,-0.7,"strong",2,25,"lpm",0.972510070263273,1.49856180557954,-0.526051735316272,0.160257510350236,0.549687250313012,NA,100
"G-comp (no cloning)","RMST_diff",2,-0.5,"strong",2,25,"correct",1.95820212945788,1.83320062381724,0.125001505640633,0.27167038729928,0.297812235736567,NA,100
"G-comp (no cloning)","RMST_diff",2,-0.5,"strong",2,25,"no_lag",1.86186628879818,1.83320062381724,0.0286656649809369,0.269714338671406,0.269889026432909,NA,100
"G-comp (no cloning)","RMST_diff",2,-0.5,"strong",2,25,"no_tv",0.860869937766141,1.83320062381724,-0.972330686051102,0.304695172814217,1.01849777608472,NA,100
"G-comp (no cloning)","RMST_diff",2,-0.5,"strong",2,25,"coarse_L",1.46198621599425,1.83320062381724,-0.371214407822993,0.281701253758713,0.46514747874294,NA,100
"G-comp (no cloning)","RMST_diff",2,-0.5,"strong",2,25,"nonlinear_L",1.96214753470026,1.83320062381724,0.128946910883012,0.273994685877558,0.301578618002871,NA,100
"G-comp (no cloning)","RMST_diff",2,-0.5,"strong",2,25,"cloglog",1.97452417909846,1.83320062381724,0.141323555281213,0.265449113136038,0.299551242069507,NA,100
"G-comp (no cloning)","RMST_diff",2,-0.5,"strong",2,25,"lpm",0.599760874859384,1.83320062381724,-1.23343974895786,0.393644252506122,1.29413285788787,NA,100
"G-comp (no cloning)","RMST_diff",5,-0.5,"strong",2,25,"correct",1.36322495986659,1.34794250784726,0.0152824520193223,0.172430286276027,0.172245275490224,NA,100
"G-comp (no cloning)","RMST_diff",5,-0.5,"strong",2,25,"no_lag",1.24980897271376,1.34794250784726,-0.0981335351335044,0.179131227694574,0.203463282893524,NA,100
"G-comp (no cloning)","RMST_diff",5,-0.5,"strong",2,25,"no_tv",0.104397247889118,1.34794250784726,-1.24354525995815,0.23058929285065,1.26453332155462,NA,100
"G-comp (no cloning)","RMST_diff",5,-0.5,"strong",2,25,"coarse_L",0.874243263020578,1.34794250784726,-0.473699244826687,0.190721314088058,0.510295843604839,NA,100
"G-comp (no cloning)","RMST_diff",5,-0.5,"strong",2,25,"nonlinear_L",1.36079736862007,1.34794250784726,0.012854860772804,0.171909479414807,0.171530136906118,NA,100
"G-comp (no cloning)","RMST_diff",5,-0.5,"strong",2,25,"cloglog",1.37250319331997,1.34794250784726,0.0245606854727025,0.17059079783526,0.17150345586576,NA,100
"G-comp (no cloning)","RMST_diff",5,-0.5,"strong",2,25,"lpm",0.370406565243034,1.34794250784726,-0.97753594260423,0.235831362213653,1.00530432515366,NA,100
"G-comp (no cloning)","RMST_diff",8,-0.5,"strong",2,25,"correct",1.1744070222369,1.03856783340449,0.135839188832412,0.122405304903587,0.182443178289851,NA,100
"G-comp (no cloning)","RMST_diff",8,-0.5,"strong",2,25,"no_lag",1.06453558829662,1.03856783340449,0.0259677548921332,0.129770990766792,0.131705843599617,NA,100
"G-comp (no cloning)","RMST_diff",8,-0.5,"strong",2,25,"no_tv",0.0102413823233625,1.03856783340449,-1.02832645108113,0.178292540548981,1.043515997821,NA,100
"G-comp (no cloning)","RMST_diff",8,-0.5,"strong",2,25,"coarse_L",0.738505738796307,1.03856783340449,-0.300062094608184,0.146175207652926,0.333452815312306,NA,100
"G-comp (no cloning)","RMST_diff",8,-0.5,"strong",2,25,"nonlinear_L",1.17341870693509,1.03856783340449,0.134850873530603,0.120748778314094,0.180607925855067,NA,100
"G-comp (no cloning)","RMST_diff",8,-0.5,"strong",2,25,"cloglog",1.18270601951016,1.03856783340449,0.144138186105668,0.122098723959007,0.18850685425821,NA,100
"G-comp (no cloning)","RMST_diff",8,-0.5,"strong",2,25,"lpm",0.421093717517049,1.03856783340449,-0.617474115887442,0.154377124386765,0.636292587855277,NA,100
"IPTW (no cloning)","RMST_diff",2,-1,"small",0.4,25,"correct",3.93271128011738,3.79861853657404,0.134092743543334,0.612429725463871,0.623939364695331,NA,100
"IPTW (no cloning)","RMST_diff",2,-1,"small",0.4,25,"no_lag",3.93271128011738,3.79861853657404,0.134092743543334,0.612429725463871,0.623939364695331,NA,100
"IPTW (no cloning)","RMST_diff",2,-1,"small",0.4,25,"no_tv",3.93271128011738,3.79861853657404,0.134092743543334,0.612429725463871,0.623939364695331,NA,100
"IPTW (no cloning)","RMST_diff",2,-1,"small",0.4,25,"coarse_L",3.93271128011738,3.79861853657404,0.134092743543334,0.612429725463871,0.623939364695331,NA,100
"IPTW (no cloning)","RMST_diff",2,-1,"small",0.4,25,"nonlinear_L",3.93271128011738,3.79861853657404,0.134092743543334,0.612429725463871,0.623939364695331,NA,100
"IPTW (no cloning)","RMST_diff",2,-1,"small",0.4,25,"cloglog",3.93271128011738,3.79861853657404,0.134092743543334,0.612429725463871,0.623939364695331,NA,100
"IPTW (no cloning)","RMST_diff",2,-1,"small",0.4,25,"lpm",3.93271128011738,3.79861853657404,0.134092743543334,0.612429725463871,0.623939364695331,NA,100
"IPTW (no cloning)","RMST_diff",5,-1,"small",0.4,25,"correct",2.07711139332504,2.29737493833465,-0.220263545009614,0.436039044065817,0.4865642575555,NA,100
"IPTW (no cloning)","RMST_diff",5,-1,"small",0.4,25,"no_lag",2.07711139332504,2.29737493833465,-0.220263545009614,0.436039044065817,0.4865642575555,NA,100
"IPTW (no cloning)","RMST_diff",5,-1,"small",0.4,25,"no_tv",2.07711139332504,2.29737493833465,-0.220263545009614,0.436039044065817,0.4865642575555,NA,100
"IPTW (no cloning)","RMST_diff",5,-1,"small",0.4,25,"coarse_L",2.07711139332504,2.29737493833465,-0.220263545009614,0.436039044065817,0.4865642575555,NA,100
"IPTW (no cloning)","RMST_diff",5,-1,"small",0.4,25,"nonlinear_L",2.07711139332504,2.29737493833465,-0.220263545009614,0.436039044065817,0.4865642575555,NA,100
"IPTW (no cloning)","RMST_diff",5,-1,"small",0.4,25,"cloglog",2.07711139332504,2.29737493833465,-0.220263545009614,0.436039044065817,0.4865642575555,NA,100
"IPTW (no cloning)","RMST_diff",5,-1,"small",0.4,25,"lpm",2.07711139332504,2.29737493833465,-0.220263545009614,0.436039044065817,0.4865642575555,NA,100
"IPTW (no cloning)","RMST_diff",8,-1,"small",0.4,25,"correct",0.973426270945273,1.69602919128171,-0.722602920336435,0.319621713352124,0.789488087135221,NA,100
"IPTW (no cloning)","RMST_diff",8,-1,"small",0.4,25,"no_lag",0.973426270945273,1.69602919128171,-0.722602920336435,0.319621713352124,0.789488087135221,NA,100
"IPTW (no cloning)","RMST_diff",8,-1,"small",0.4,25,"no_tv",0.973426270945273,1.69602919128171,-0.722602920336435,0.319621713352124,0.789488087135221,NA,100
"IPTW (no cloning)","RMST_diff",8,-1,"small",0.4,25,"coarse_L",0.973426270945273,1.69602919128171,-0.722602920336435,0.319621713352124,0.789488087135221,NA,100
"IPTW (no cloning)","RMST_diff",8,-1,"small",0.4,25,"nonlinear_L",0.973426270945273,1.69602919128171,-0.722602920336435,0.319621713352124,0.789488087135221,NA,100
"IPTW (no cloning)","RMST_diff",8,-1,"small",0.4,25,"cloglog",0.973426270945273,1.69602919128171,-0.722602920336435,0.319621713352124,0.789488087135221,NA,100
"IPTW (no cloning)","RMST_diff",8,-1,"small",0.4,25,"lpm",0.973426270945273,1.69602919128171,-0.722602920336435,0.319621713352124,0.789488087135221,NA,100
"IPTW (no cloning)","RMST_diff",2,-0.7,"small",0.4,25,"correct",2.54875312494274,2.63492614076516,-0.0861730158224196,0.646760687660937,0.649262798786857,NA,100
"IPTW (no cloning)","RMST_diff",2,-0.7,"small",0.4,25,"no_lag",2.54875312494274,2.63492614076516,-0.0861730158224196,0.646760687660937,0.649262798786857,NA,100
"IPTW (no cloning)","RMST_diff",2,-0.7,"small",0.4,25,"no_tv",2.54875312494274,2.63492614076516,-0.0861730158224196,0.646760687660937,0.649262798786857,NA,100
"IPTW (no cloning)","RMST_diff",2,-0.7,"small",0.4,25,"coarse_L",2.54875312494274,2.63492614076516,-0.0861730158224196,0.646760687660937,0.649262798786857,NA,100
"IPTW (no cloning)","RMST_diff",2,-0.7,"small",0.4,25,"nonlinear_L",2.54875312494274,2.63492614076516,-0.0861730158224196,0.646760687660937,0.649262798786857,NA,100
"IPTW (no cloning)","RMST_diff",2,-0.7,"small",0.4,25,"cloglog",2.54875312494274,2.63492614076516,-0.0861730158224196,0.646760687660937,0.649262798786857,NA,100
"IPTW (no cloning)","RMST_diff",2,-0.7,"small",0.4,25,"lpm",2.54875312494274,2.63492614076516,-0.0861730158224196,0.646760687660937,0.649262798786857,NA,100
"IPTW (no cloning)","RMST_diff",5,-0.7,"small",0.4,25,"correct",1.25485764074575,1.61557277851707,-0.360715137771314,0.374325305147371,0.518491707118169,NA,100
"IPTW (no cloning)","RMST_diff",5,-0.7,"small",0.4,25,"no_lag",1.25485764074575,1.61557277851707,-0.360715137771314,0.374325305147371,0.518491707118169,NA,100
"IPTW (no cloning)","RMST_diff",5,-0.7,"small",0.4,25,"no_tv",1.25485764074575,1.61557277851707,-0.360715137771314,0.374325305147371,0.518491707118169,NA,100
"IPTW (no cloning)","RMST_diff",5,-0.7,"small",0.4,25,"coarse_L",1.25485764074575,1.61557277851707,-0.360715137771314,0.374325305147371,0.518491707118169,NA,100
"IPTW (no cloning)","RMST_diff",5,-0.7,"small",0.4,25,"nonlinear_L",1.25485764074575,1.61557277851707,-0.360715137771314,0.374325305147371,0.518491707118169,NA,100
"IPTW (no cloning)","RMST_diff",5,-0.7,"small",0.4,25,"cloglog",1.25485764074575,1.61557277851707,-0.360715137771314,0.374325305147371,0.518491707118169,NA,100
"IPTW (no cloning)","RMST_diff",5,-0.7,"small",0.4,25,"lpm",1.25485764074575,1.61557277851707,-0.360715137771314,0.374325305147371,0.518491707118169,NA,100
"IPTW (no cloning)","RMST_diff",8,-0.7,"small",0.4,25,"correct",0.284878465176079,1.20128404026569,-0.916405575089611,0.306145395344198,0.965705405967509,NA,100
"IPTW (no cloning)","RMST_diff",8,-0.7,"small",0.4,25,"no_lag",0.284878465176079,1.20128404026569,-0.916405575089611,0.306145395344198,0.965705405967509,NA,100
"IPTW (no cloning)","RMST_diff",8,-0.7,"small",0.4,25,"no_tv",0.284878465176079,1.20128404026569,-0.916405575089611,0.306145395344198,0.965705405967509,NA,100
"IPTW (no cloning)","RMST_diff",8,-0.7,"small",0.4,25,"coarse_L",0.284878465176079,1.20128404026569,-0.916405575089611,0.306145395344198,0.965705405967509,NA,100
"IPTW (no cloning)","RMST_diff",8,-0.7,"small",0.4,25,"nonlinear_L",0.284878465176079,1.20128404026569,-0.916405575089611,0.306145395344198,0.965705405967509,NA,100
"IPTW (no cloning)","RMST_diff",8,-0.7,"small",0.4,25,"cloglog",0.284878465176079,1.20128404026569,-0.916405575089611,0.306145395344198,0.965705405967509,NA,100
"IPTW (no cloning)","RMST_diff",8,-0.7,"small",0.4,25,"lpm",0.284878465176079,1.20128404026569,-0.916405575089611,0.306145395344198,0.965705405967509,NA,100
"IPTW (no cloning)","RMST_diff",2,-0.5,"small",0.4,25,"correct",1.77171942563543,1.85122454220699,-0.0795051165715607,0.700461541895412,0.701470577799818,NA,100
"IPTW (no cloning)","RMST_diff",2,-0.5,"small",0.4,25,"no_lag",1.77171942563543,1.85122454220699,-0.0795051165715607,0.700461541895412,0.701470577799818,NA,100
"IPTW (no cloning)","RMST_diff",2,-0.5,"small",0.4,25,"no_tv",1.77171942563543,1.85122454220699,-0.0795051165715607,0.700461541895412,0.701470577799818,NA,100
"IPTW (no cloning)","RMST_diff",2,-0.5,"small",0.4,25,"coarse_L",1.77171942563543,1.85122454220699,-0.0795051165715607,0.700461541895412,0.701470577799818,NA,100
"IPTW (no cloning)","RMST_diff",2,-0.5,"small",0.4,25,"nonlinear_L",1.77171942563543,1.85122454220699,-0.0795051165715607,0.700461541895412,0.701470577799818,NA,100
"IPTW (no cloning)","RMST_diff",2,-0.5,"small",0.4,25,"cloglog",1.77171942563543,1.85122454220699,-0.0795051165715607,0.700461541895412,0.701470577799818,NA,100
"IPTW (no cloning)","RMST_diff",2,-0.5,"small",0.4,25,"lpm",1.77171942563543,1.85122454220699,-0.0795051165715607,0.700461541895412,0.701470577799818,NA,100
"IPTW (no cloning)","RMST_diff",5,-0.5,"small",0.4,25,"correct",0.483971895995544,1.14714745904953,-0.663175563053986,0.393698472823881,0.770227453458255,NA,100
"IPTW (no cloning)","RMST_diff",5,-0.5,"small",0.4,25,"no_lag",0.483971895995544,1.14714745904953,-0.663175563053986,0.393698472823881,0.770227453458255,NA,100
"IPTW (no cloning)","RMST_diff",5,-0.5,"small",0.4,25,"no_tv",0.483971895995544,1.14714745904953,-0.663175563053986,0.393698472823881,0.770227453458255,NA,100
"IPTW (no cloning)","RMST_diff",5,-0.5,"small",0.4,25,"coarse_L",0.483971895995544,1.14714745904953,-0.663175563053986,0.393698472823881,0.770227453458255,NA,100
"IPTW (no cloning)","RMST_diff",5,-0.5,"small",0.4,25,"nonlinear_L",0.483971895995544,1.14714745904953,-0.663175563053986,0.393698472823881,0.770227453458255,NA,100
"IPTW (no cloning)","RMST_diff",5,-0.5,"small",0.4,25,"cloglog",0.483971895995544,1.14714745904953,-0.663175563053986,0.393698472823881,0.770227453458255,NA,100
"IPTW (no cloning)","RMST_diff",5,-0.5,"small",0.4,25,"lpm",0.483971895995544,1.14714745904953,-0.663175563053986,0.393698472823881,0.770227453458255,NA,100
"IPTW (no cloning)","RMST_diff",8,-0.5,"small",0.4,25,"correct",-0.286997520131533,0.858500773417477,-1.14549829354901,0.339246057837284,1.19419569141923,NA,100
"IPTW (no cloning)","RMST_diff",8,-0.5,"small",0.4,25,"no_lag",-0.286997520131533,0.858500773417477,-1.14549829354901,0.339246057837284,1.19419569141923,NA,100
"IPTW (no cloning)","RMST_diff",8,-0.5,"small",0.4,25,"no_tv",-0.286997520131533,0.858500773417477,-1.14549829354901,0.339246057837284,1.19419569141923,NA,100
"IPTW (no cloning)","RMST_diff",8,-0.5,"small",0.4,25,"coarse_L",-0.286997520131533,0.858500773417477,-1.14549829354901,0.339246057837284,1.19419569141923,NA,100
"IPTW (no cloning)","RMST_diff",8,-0.5,"small",0.4,25,"nonlinear_L",-0.286997520131533,0.858500773417477,-1.14549829354901,0.339246057837284,1.19419569141923,NA,100
"IPTW (no cloning)","RMST_diff",8,-0.5,"small",0.4,25,"cloglog",-0.286997520131533,0.858500773417477,-1.14549829354901,0.339246057837284,1.19419569141923,NA,100
"IPTW (no cloning)","RMST_diff",8,-0.5,"small",0.4,25,"lpm",-0.286997520131533,0.858500773417477,-1.14549829354901,0.339246057837284,1.19419569141923,NA,100
"IPTW (no cloning)","RMST_diff",2,-1,"medium",1,25,"correct",3.42150227322797,3.80085387894506,-0.379351605717088,0.710777206152628,0.802533385709534,NA,100
"IPTW (no cloning)","RMST_diff",2,-1,"medium",1,25,"no_lag",3.42150227322797,3.80085387894506,-0.379351605717088,0.710777206152628,0.802533385709534,NA,100
"IPTW (no cloning)","RMST_diff",2,-1,"medium",1,25,"no_tv",3.42150227322797,3.80085387894506,-0.379351605717088,0.710777206152628,0.802533385709534,NA,100
"IPTW (no cloning)","RMST_diff",2,-1,"medium",1,25,"coarse_L",3.42150227322797,3.80085387894506,-0.379351605717088,0.710777206152628,0.802533385709534,NA,100
"IPTW (no cloning)","RMST_diff",2,-1,"medium",1,25,"nonlinear_L",3.42150227322797,3.80085387894506,-0.379351605717088,0.710777206152628,0.802533385709534,NA,100
"IPTW (no cloning)","RMST_diff",2,-1,"medium",1,25,"cloglog",3.42150227322797,3.80085387894506,-0.379351605717088,0.710777206152628,0.802533385709534,NA,100
"IPTW (no cloning)","RMST_diff",2,-1,"medium",1,25,"lpm",3.42150227322797,3.80085387894506,-0.379351605717088,0.710777206152628,0.802533385709534,NA,100
"IPTW (no cloning)","RMST_diff",5,-1,"medium",1,25,"correct",0.84041240170801,2.42954199126714,-1.58912958955913,0.488919228493197,1.66192191281144,NA,100
"IPTW (no cloning)","RMST_diff",5,-1,"medium",1,25,"no_lag",0.84041240170801,2.42954199126714,-1.58912958955913,0.488919228493197,1.66192191281144,NA,100
"IPTW (no cloning)","RMST_diff",5,-1,"medium",1,25,"no_tv",0.84041240170801,2.42954199126714,-1.58912958955913,0.488919228493197,1.66192191281144,NA,100
"IPTW (no cloning)","RMST_diff",5,-1,"medium",1,25,"coarse_L",0.84041240170801,2.42954199126714,-1.58912958955913,0.488919228493197,1.66192191281144,NA,100
"IPTW (no cloning)","RMST_diff",5,-1,"medium",1,25,"nonlinear_L",0.84041240170801,2.42954199126714,-1.58912958955913,0.488919228493197,1.66192191281144,NA,100
"IPTW (no cloning)","RMST_diff",5,-1,"medium",1,25,"cloglog",0.84041240170801,2.42954199126714,-1.58912958955913,0.488919228493197,1.66192191281144,NA,100
"IPTW (no cloning)","RMST_diff",5,-1,"medium",1,25,"lpm",0.84041240170801,2.42954199126714,-1.58912958955913,0.488919228493197,1.66192191281144,NA,100
"IPTW (no cloning)","RMST_diff",8,-1,"medium",1,25,"correct",-0.639228140249037,1.91150841078624,-2.55073655103527,0.440611493557752,2.58813717877549,NA,100
"IPTW (no cloning)","RMST_diff",8,-1,"medium",1,25,"no_lag",-0.639228140249037,1.91150841078624,-2.55073655103527,0.440611493557752,2.58813717877549,NA,100
"IPTW (no cloning)","RMST_diff",8,-1,"medium",1,25,"no_tv",-0.639228140249037,1.91150841078624,-2.55073655103527,0.440611493557752,2.58813717877549,NA,100
"IPTW (no cloning)","RMST_diff",8,-1,"medium",1,25,"coarse_L",-0.639228140249037,1.91150841078624,-2.55073655103527,0.440611493557752,2.58813717877549,NA,100
"IPTW (no cloning)","RMST_diff",8,-1,"medium",1,25,"nonlinear_L",-0.639228140249037,1.91150841078624,-2.55073655103527,0.440611493557752,2.58813717877549,NA,100
"IPTW (no cloning)","RMST_diff",8,-1,"medium",1,25,"cloglog",-0.639228140249037,1.91150841078624,-2.55073655103527,0.440611493557752,2.58813717877549,NA,100
"IPTW (no cloning)","RMST_diff",8,-1,"medium",1,25,"lpm",-0.639228140249037,1.91150841078624,-2.55073655103527,0.440611493557752,2.58813717877549,NA,100
"IPTW (no cloning)","RMST_diff",2,-0.7,"medium",1,25,"correct",1.94908582043825,2.61874108299344,-0.66965526255519,0.85182736451504,1.08018143430404,NA,100
"IPTW (no cloning)","RMST_diff",2,-0.7,"medium",1,25,"no_lag",1.94908582043825,2.61874108299344,-0.66965526255519,0.85182736451504,1.08018143430404,NA,100
"IPTW (no cloning)","RMST_diff",2,-0.7,"medium",1,25,"no_tv",1.94908582043825,2.61874108299344,-0.66965526255519,0.85182736451504,1.08018143430404,NA,100
"IPTW (no cloning)","RMST_diff",2,-0.7,"medium",1,25,"coarse_L",1.94908582043825,2.61874108299344,-0.66965526255519,0.85182736451504,1.08018143430404,NA,100
"IPTW (no cloning)","RMST_diff",2,-0.7,"medium",1,25,"nonlinear_L",1.94908582043825,2.61874108299344,-0.66965526255519,0.85182736451504,1.08018143430404,NA,100
"IPTW (no cloning)","RMST_diff",2,-0.7,"medium",1,25,"cloglog",1.94908582043825,2.61874108299344,-0.66965526255519,0.85182736451504,1.08018143430404,NA,100
"IPTW (no cloning)","RMST_diff",2,-0.7,"medium",1,25,"lpm",1.94908582043825,2.61874108299344,-0.66965526255519,0.85182736451504,1.08018143430404,NA,100
"IPTW (no cloning)","RMST_diff",5,-0.7,"medium",1,25,"correct",-0.179325605450811,1.69836049771415,-1.87768610316496,0.656563546534021,1.98808199925199,NA,100
"IPTW (no cloning)","RMST_diff",5,-0.7,"medium",1,25,"no_lag",-0.179325605450811,1.69836049771415,-1.87768610316496,0.656563546534021,1.98808199925199,NA,100
"IPTW (no cloning)","RMST_diff",5,-0.7,"medium",1,25,"no_tv",-0.179325605450811,1.69836049771415,-1.87768610316496,0.656563546534021,1.98808199925199,NA,100
"IPTW (no cloning)","RMST_diff",5,-0.7,"medium",1,25,"coarse_L",-0.179325605450811,1.69836049771415,-1.87768610316496,0.656563546534021,1.98808199925199,NA,100
"IPTW (no cloning)","RMST_diff",5,-0.7,"medium",1,25,"nonlinear_L",-0.179325605450811,1.69836049771415,-1.87768610316496,0.656563546534021,1.98808199925199,NA,100
"IPTW (no cloning)","RMST_diff",5,-0.7,"medium",1,25,"cloglog",-0.179325605450811,1.69836049771415,-1.87768610316496,0.656563546534021,1.98808199925199,NA,100
"IPTW (no cloning)","RMST_diff",5,-0.7,"medium",1,25,"lpm",-0.179325605450811,1.69836049771415,-1.87768610316496,0.656563546534021,1.98808199925199,NA,100
"IPTW (no cloning)","RMST_diff",8,-0.7,"medium",1,25,"correct",-1.32448021114051,1.34562023897707,-2.67010045011759,0.595300426388206,2.73500917464632,NA,100
"IPTW (no cloning)","RMST_diff",8,-0.7,"medium",1,25,"no_lag",-1.32448021114051,1.34562023897707,-2.67010045011759,0.595300426388206,2.73500917464632,NA,100
"IPTW (no cloning)","RMST_diff",8,-0.7,"medium",1,25,"no_tv",-1.32448021114051,1.34562023897707,-2.67010045011759,0.595300426388206,2.73500917464632,NA,100
"IPTW (no cloning)","RMST_diff",8,-0.7,"medium",1,25,"coarse_L",-1.32448021114051,1.34562023897707,-2.67010045011759,0.595300426388206,2.73500917464632,NA,100
"IPTW (no cloning)","RMST_diff",8,-0.7,"medium",1,25,"nonlinear_L",-1.32448021114051,1.34562023897707,-2.67010045011759,0.595300426388206,2.73500917464632,NA,100
"IPTW (no cloning)","RMST_diff",8,-0.7,"medium",1,25,"cloglog",-1.32448021114051,1.34562023897707,-2.67010045011759,0.595300426388206,2.73500917464632,NA,100
"IPTW (no cloning)","RMST_diff",8,-0.7,"medium",1,25,"lpm",-1.32448021114051,1.34562023897707,-2.67010045011759,0.595300426388206,2.73500917464632,NA,100
"IPTW (no cloning)","RMST_diff",2,-0.5,"medium",1,25,"correct",1.45900318702652,1.84038146532659,-0.381378278300068,0.903160594068395,0.976212814528841,NA,100
"IPTW (no cloning)","RMST_diff",2,-0.5,"medium",1,25,"no_lag",1.45900318702652,1.84038146532659,-0.381378278300068,0.903160594068395,0.976212814528841,NA,100
"IPTW (no cloning)","RMST_diff",2,-0.5,"medium",1,25,"no_tv",1.45900318702652,1.84038146532659,-0.381378278300068,0.903160594068395,0.976212814528841,NA,100
"IPTW (no cloning)","RMST_diff",2,-0.5,"medium",1,25,"coarse_L",1.45900318702652,1.84038146532659,-0.381378278300068,0.903160594068395,0.976212814528841,NA,100
"IPTW (no cloning)","RMST_diff",2,-0.5,"medium",1,25,"nonlinear_L",1.45900318702652,1.84038146532659,-0.381378278300068,0.903160594068395,0.976212814528841,NA,100
"IPTW (no cloning)","RMST_diff",2,-0.5,"medium",1,25,"cloglog",1.45900318702652,1.84038146532659,-0.381378278300068,0.903160594068395,0.976212814528841,NA,100
"IPTW (no cloning)","RMST_diff",2,-0.5,"medium",1,25,"lpm",1.45900318702652,1.84038146532659,-0.381378278300068,0.903160594068395,0.976212814528841,NA,100
"IPTW (no cloning)","RMST_diff",5,-0.5,"medium",1,25,"correct",-0.54859776912773,1.20547707966547,-1.7540748487932,0.618157813190821,1.85878359858205,NA,100
"IPTW (no cloning)","RMST_diff",5,-0.5,"medium",1,25,"no_lag",-0.54859776912773,1.20547707966547,-1.7540748487932,0.618157813190821,1.85878359858205,NA,100
"IPTW (no cloning)","RMST_diff",5,-0.5,"medium",1,25,"no_tv",-0.54859776912773,1.20547707966547,-1.7540748487932,0.618157813190821,1.85878359858205,NA,100
"IPTW (no cloning)","RMST_diff",5,-0.5,"medium",1,25,"coarse_L",-0.54859776912773,1.20547707966547,-1.7540748487932,0.618157813190821,1.85878359858205,NA,100
"IPTW (no cloning)","RMST_diff",5,-0.5,"medium",1,25,"nonlinear_L",-0.54859776912773,1.20547707966547,-1.7540748487932,0.618157813190821,1.85878359858205,NA,100
"IPTW (no cloning)","RMST_diff",5,-0.5,"medium",1,25,"cloglog",-0.54859776912773,1.20547707966547,-1.7540748487932,0.618157813190821,1.85878359858205,NA,100
"IPTW (no cloning)","RMST_diff",5,-0.5,"medium",1,25,"lpm",-0.54859776912773,1.20547707966547,-1.7540748487932,0.618157813190821,1.85878359858205,NA,100
"IPTW (no cloning)","RMST_diff",8,-0.5,"medium",1,25,"correct",-1.62712922246832,0.961489413733808,-2.58861863620213,0.531870478106648,2.64215892540921,NA,100
"IPTW (no cloning)","RMST_diff",8,-0.5,"medium",1,25,"no_lag",-1.62712922246832,0.961489413733808,-2.58861863620213,0.531870478106648,2.64215892540921,NA,100
"IPTW (no cloning)","RMST_diff",8,-0.5,"medium",1,25,"no_tv",-1.62712922246832,0.961489413733808,-2.58861863620213,0.531870478106648,2.64215892540921,NA,100
"IPTW (no cloning)","RMST_diff",8,-0.5,"medium",1,25,"coarse_L",-1.62712922246832,0.961489413733808,-2.58861863620213,0.531870478106648,2.64215892540921,NA,100
"IPTW (no cloning)","RMST_diff",8,-0.5,"medium",1,25,"nonlinear_L",-1.62712922246832,0.961489413733808,-2.58861863620213,0.531870478106648,2.64215892540921,NA,100
"IPTW (no cloning)","RMST_diff",8,-0.5,"medium",1,25,"cloglog",-1.62712922246832,0.961489413733808,-2.58861863620213,0.531870478106648,2.64215892540921,NA,100
"IPTW (no cloning)","RMST_diff",8,-0.5,"medium",1,25,"lpm",-1.62712922246832,0.961489413733808,-2.58861863620213,0.531870478106648,2.64215892540921,NA,100
"IPTW (no cloning)","RMST_diff",2,-1,"strong",2,25,"correct",2.48856589442162,3.81340268711301,-1.32483679269138,0.999744642339962,1.65670968599129,NA,100
"IPTW (no cloning)","RMST_diff",2,-1,"strong",2,25,"no_lag",2.48856589442162,3.81340268711301,-1.32483679269138,0.999744642339962,1.65670968599129,NA,100
"IPTW (no cloning)","RMST_diff",2,-1,"strong",2,25,"no_tv",2.48856589442162,3.81340268711301,-1.32483679269138,0.999744642339962,1.65670968599129,NA,100
"IPTW (no cloning)","RMST_diff",2,-1,"strong",2,25,"coarse_L",2.48856589442162,3.81340268711301,-1.32483679269138,0.999744642339962,1.65670968599129,NA,100
"IPTW (no cloning)","RMST_diff",2,-1,"strong",2,25,"nonlinear_L",2.48856589442162,3.81340268711301,-1.32483679269138,0.999744642339962,1.65670968599129,NA,100
"IPTW (no cloning)","RMST_diff",2,-1,"strong",2,25,"cloglog",2.48856589442162,3.81340268711301,-1.32483679269138,0.999744642339962,1.65670968599129,NA,100
"IPTW (no cloning)","RMST_diff",2,-1,"strong",2,25,"lpm",2.48856589442162,3.81340268711301,-1.32483679269138,0.999744642339962,1.65670968599129,NA,100
"IPTW (no cloning)","RMST_diff",5,-1,"strong",2,25,"correct",0.353859909644212,2.68750354122519,-2.33364363158098,1.85929727597644,2.97797063384906,NA,100
"IPTW (no cloning)","RMST_diff",5,-1,"strong",2,25,"no_lag",0.353859909644212,2.68750354122519,-2.33364363158098,1.85929727597644,2.97797063384906,NA,100
"IPTW (no cloning)","RMST_diff",5,-1,"strong",2,25,"no_tv",0.353859909644212,2.68750354122519,-2.33364363158098,1.85929727597644,2.97797063384906,NA,100
"IPTW (no cloning)","RMST_diff",5,-1,"strong",2,25,"coarse_L",0.353859909644212,2.68750354122519,-2.33364363158098,1.85929727597644,2.97797063384906,NA,100
"IPTW (no cloning)","RMST_diff",5,-1,"strong",2,25,"nonlinear_L",0.353859909644212,2.68750354122519,-2.33364363158098,1.85929727597644,2.97797063384906,NA,100
"IPTW (no cloning)","RMST_diff",5,-1,"strong",2,25,"cloglog",0.353859909644212,2.68750354122519,-2.33364363158098,1.85929727597644,2.97797063384906,NA,100
"IPTW (no cloning)","RMST_diff",5,-1,"strong",2,25,"lpm",0.353859909644212,2.68750354122519,-2.33364363158098,1.85929727597644,2.97797063384906,NA,100
"IPTW (no cloning)","RMST_diff",8,-1,"strong",2,25,"correct",-1.43325141869547,2.15938097189966,-3.59263239059513,1.31604791146997,3.8238292035844,NA,100
"IPTW (no cloning)","RMST_diff",8,-1,"strong",2,25,"no_lag",-1.43325141869547,2.15938097189966,-3.59263239059513,1.31604791146997,3.8238292035844,NA,100
"IPTW (no cloning)","RMST_diff",8,-1,"strong",2,25,"no_tv",-1.43325141869547,2.15938097189966,-3.59263239059513,1.31604791146997,3.8238292035844,NA,100
"IPTW (no cloning)","RMST_diff",8,-1,"strong",2,25,"coarse_L",-1.43325141869547,2.15938097189966,-3.59263239059513,1.31604791146997,3.8238292035844,NA,100
"IPTW (no cloning)","RMST_diff",8,-1,"strong",2,25,"nonlinear_L",-1.43325141869547,2.15938097189966,-3.59263239059513,1.31604791146997,3.8238292035844,NA,100
"IPTW (no cloning)","RMST_diff",8,-1,"strong",2,25,"cloglog",-1.43325141869547,2.15938097189966,-3.59263239059513,1.31604791146997,3.8238292035844,NA,100
"IPTW (no cloning)","RMST_diff",8,-1,"strong",2,25,"lpm",-1.43325141869547,2.15938097189966,-3.59263239059513,1.31604791146997,3.8238292035844,NA,100
"IPTW (no cloning)","RMST_diff",2,-0.7,"strong",2,25,"correct",1.57970062523388,2.63829403421436,-1.05859340898047,1.59970078244039,1.91156275673698,NA,100
"IPTW (no cloning)","RMST_diff",2,-0.7,"strong",2,25,"no_lag",1.57970062523388,2.63829403421436,-1.05859340898047,1.59970078244039,1.91156275673698,NA,100
"IPTW (no cloning)","RMST_diff",2,-0.7,"strong",2,25,"no_tv",1.57970062523388,2.63829403421436,-1.05859340898047,1.59970078244039,1.91156275673698,NA,100
"IPTW (no cloning)","RMST_diff",2,-0.7,"strong",2,25,"coarse_L",1.57970062523388,2.63829403421436,-1.05859340898047,1.59970078244039,1.91156275673698,NA,100
"IPTW (no cloning)","RMST_diff",2,-0.7,"strong",2,25,"nonlinear_L",1.57970062523388,2.63829403421436,-1.05859340898047,1.59970078244039,1.91156275673698,NA,100
"IPTW (no cloning)","RMST_diff",2,-0.7,"strong",2,25,"cloglog",1.57970062523388,2.63829403421436,-1.05859340898047,1.59970078244039,1.91156275673698,NA,100
"IPTW (no cloning)","RMST_diff",2,-0.7,"strong",2,25,"lpm",1.57970062523388,2.63829403421436,-1.05859340898047,1.59970078244039,1.91156275673698,NA,100
"IPTW (no cloning)","RMST_diff",5,-0.7,"strong",2,25,"correct",-0.253696503074918,1.89353651644522,-2.14723301952014,2.42496792534494,3.22990315407131,NA,100
"IPTW (no cloning)","RMST_diff",5,-0.7,"strong",2,25,"no_lag",-0.253696503074918,1.89353651644522,-2.14723301952014,2.42496792534494,3.22990315407131,NA,100
"IPTW (no cloning)","RMST_diff",5,-0.7,"strong",2,25,"no_tv",-0.253696503074918,1.89353651644522,-2.14723301952014,2.42496792534494,3.22990315407131,NA,100
"IPTW (no cloning)","RMST_diff",5,-0.7,"strong",2,25,"coarse_L",-0.253696503074918,1.89353651644522,-2.14723301952014,2.42496792534494,3.22990315407131,NA,100
"IPTW (no cloning)","RMST_diff",5,-0.7,"strong",2,25,"nonlinear_L",-0.253696503074918,1.89353651644522,-2.14723301952014,2.42496792534494,3.22990315407131,NA,100
"IPTW (no cloning)","RMST_diff",5,-0.7,"strong",2,25,"cloglog",-0.253696503074918,1.89353651644522,-2.14723301952014,2.42496792534494,3.22990315407131,NA,100
"IPTW (no cloning)","RMST_diff",5,-0.7,"strong",2,25,"lpm",-0.253696503074918,1.89353651644522,-2.14723301952014,2.42496792534494,3.22990315407131,NA,100
"IPTW (no cloning)","RMST_diff",8,-0.7,"strong",2,25,"correct",-2.21387522810738,1.49856180557954,-3.71243703368692,1.2605834691181,3.91859269443481,NA,100
"IPTW (no cloning)","RMST_diff",8,-0.7,"strong",2,25,"no_lag",-2.21387522810738,1.49856180557954,-3.71243703368692,1.2605834691181,3.91859269443481,NA,100
"IPTW (no cloning)","RMST_diff",8,-0.7,"strong",2,25,"no_tv",-2.21387522810738,1.49856180557954,-3.71243703368692,1.2605834691181,3.91859269443481,NA,100
"IPTW (no cloning)","RMST_diff",8,-0.7,"strong",2,25,"coarse_L",-2.21387522810738,1.49856180557954,-3.71243703368692,1.2605834691181,3.91859269443481,NA,100
"IPTW (no cloning)","RMST_diff",8,-0.7,"strong",2,25,"nonlinear_L",-2.21387522810738,1.49856180557954,-3.71243703368692,1.2605834691181,3.91859269443481,NA,100
"IPTW (no cloning)","RMST_diff",8,-0.7,"strong",2,25,"cloglog",-2.21387522810738,1.49856180557954,-3.71243703368692,1.2605834691181,3.91859269443481,NA,100
"IPTW (no cloning)","RMST_diff",8,-0.7,"strong",2,25,"lpm",-2.21387522810738,1.49856180557954,-3.71243703368692,1.2605834691181,3.91859269443481,NA,100
"IPTW (no cloning)","RMST_diff",2,-0.5,"strong",2,25,"correct",0.678559546279183,1.83320062381724,-1.15464107753806,1.81973348387515,2.14744305413468,NA,100
"IPTW (no cloning)","RMST_diff",2,-0.5,"strong",2,25,"no_lag",0.678559546279183,1.83320062381724,-1.15464107753806,1.81973348387515,2.14744305413468,NA,100
"IPTW (no cloning)","RMST_diff",2,-0.5,"strong",2,25,"no_tv",0.678559546279183,1.83320062381724,-1.15464107753806,1.81973348387515,2.14744305413468,NA,100
"IPTW (no cloning)","RMST_diff",2,-0.5,"strong",2,25,"coarse_L",0.678559546279183,1.83320062381724,-1.15464107753806,1.81973348387515,2.14744305413468,NA,100
"IPTW (no cloning)","RMST_diff",2,-0.5,"strong",2,25,"nonlinear_L",0.678559546279183,1.83320062381724,-1.15464107753806,1.81973348387515,2.14744305413468,NA,100
"IPTW (no cloning)","RMST_diff",2,-0.5,"strong",2,25,"cloglog",0.678559546279183,1.83320062381724,-1.15464107753806,1.81973348387515,2.14744305413468,NA,100
"IPTW (no cloning)","RMST_diff",2,-0.5,"strong",2,25,"lpm",0.678559546279183,1.83320062381724,-1.15464107753806,1.81973348387515,2.14744305413468,NA,100
"IPTW (no cloning)","RMST_diff",5,-0.5,"strong",2,25,"correct",-1.52580704160692,1.34794250784726,-2.87374954945418,1.48962627832969,3.23345528151969,NA,100
"IPTW (no cloning)","RMST_diff",5,-0.5,"strong",2,25,"no_lag",-1.52580704160692,1.34794250784726,-2.87374954945418,1.48962627832969,3.23345528151969,NA,100
"IPTW (no cloning)","RMST_diff",5,-0.5,"strong",2,25,"no_tv",-1.52580704160692,1.34794250784726,-2.87374954945418,1.48962627832969,3.23345528151969,NA,100
"IPTW (no cloning)","RMST_diff",5,-0.5,"strong",2,25,"coarse_L",-1.52580704160692,1.34794250784726,-2.87374954945418,1.48962627832969,3.23345528151969,NA,100
"IPTW (no cloning)","RMST_diff",5,-0.5,"strong",2,25,"nonlinear_L",-1.52580704160692,1.34794250784726,-2.87374954945418,1.48962627832969,3.23345528151969,NA,100
"IPTW (no cloning)","RMST_diff",5,-0.5,"strong",2,25,"cloglog",-1.52580704160692,1.34794250784726,-2.87374954945418,1.48962627832969,3.23345528151969,NA,100
"IPTW (no cloning)","RMST_diff",5,-0.5,"strong",2,25,"lpm",-1.52580704160692,1.34794250784726,-2.87374954945418,1.48962627832969,3.23345528151969,NA,100
"IPTW (no cloning)","RMST_diff",8,-0.5,"strong",2,25,"correct",-2.69674885740744,1.03856783340449,-3.73531669081193,0.977372664273037,3.85983102379854,NA,100
"IPTW (no cloning)","RMST_diff",8,-0.5,"strong",2,25,"no_lag",-2.69674885740744,1.03856783340449,-3.73531669081193,0.977372664273037,3.85983102379854,NA,100
"IPTW (no cloning)","RMST_diff",8,-0.5,"strong",2,25,"no_tv",-2.69674885740744,1.03856783340449,-3.73531669081193,0.977372664273037,3.85983102379854,NA,100
"IPTW (no cloning)","RMST_diff",8,-0.5,"strong",2,25,"coarse_L",-2.69674885740744,1.03856783340449,-3.73531669081193,0.977372664273037,3.85983102379854,NA,100
"IPTW (no cloning)","RMST_diff",8,-0.5,"strong",2,25,"nonlinear_L",-2.69674885740744,1.03856783340449,-3.73531669081193,0.977372664273037,3.85983102379854,NA,100
"IPTW (no cloning)","RMST_diff",8,-0.5,"strong",2,25,"cloglog",-2.69674885740744,1.03856783340449,-3.73531669081193,0.977372664273037,3.85983102379854,NA,100
"IPTW (no cloning)","RMST_diff",8,-0.5,"strong",2,25,"lpm",-2.69674885740744,1.03856783340449,-3.73531669081193,0.977372664273037,3.85983102379854,NA,100
"Per-protocol (no IPTW)","RMST_diff",2,-1,"small",0.4,25,"correct",1.60791299331022,3.79861853657404,-2.19070554326382,0.475017091616602,2.24111035030438,NA,100
"Per-protocol (no IPTW)","RMST_diff",2,-1,"small",0.4,25,"no_lag",1.60791299331022,3.79861853657404,-2.19070554326382,0.475017091616602,2.24111035030438,NA,100
"Per-protocol (no IPTW)","RMST_diff",2,-1,"small",0.4,25,"no_tv",1.60791299331022,3.79861853657404,-2.19070554326382,0.475017091616602,2.24111035030438,NA,100
"Per-protocol (no IPTW)","RMST_diff",2,-1,"small",0.4,25,"coarse_L",1.60791299331022,3.79861853657404,-2.19070554326382,0.475017091616602,2.24111035030438,NA,100
"Per-protocol (no IPTW)","RMST_diff",2,-1,"small",0.4,25,"nonlinear_L",1.60791299331022,3.79861853657404,-2.19070554326382,0.475017091616602,2.24111035030438,NA,100
"Per-protocol (no IPTW)","RMST_diff",2,-1,"small",0.4,25,"cloglog",1.60791299331022,3.79861853657404,-2.19070554326382,0.475017091616602,2.24111035030438,NA,100
"Per-protocol (no IPTW)","RMST_diff",2,-1,"small",0.4,25,"lpm",1.60791299331022,3.79861853657404,-2.19070554326382,0.475017091616602,2.24111035030438,NA,100
"Per-protocol (no IPTW)","RMST_diff",5,-1,"small",0.4,25,"correct",0.0928648291782376,2.29737493833465,-2.20451010915642,0.425330630232519,2.24476321801135,NA,100
"Per-protocol (no IPTW)","RMST_diff",5,-1,"small",0.4,25,"no_lag",0.0928648291782376,2.29737493833465,-2.20451010915642,0.425330630232519,2.24476321801135,NA,100
"Per-protocol (no IPTW)","RMST_diff",5,-1,"small",0.4,25,"no_tv",0.0928648291782376,2.29737493833465,-2.20451010915642,0.425330630232519,2.24476321801135,NA,100
"Per-protocol (no IPTW)","RMST_diff",5,-1,"small",0.4,25,"coarse_L",0.0928648291782376,2.29737493833465,-2.20451010915642,0.425330630232519,2.24476321801135,NA,100
"Per-protocol (no IPTW)","RMST_diff",5,-1,"small",0.4,25,"nonlinear_L",0.0928648291782376,2.29737493833465,-2.20451010915642,0.425330630232519,2.24476321801135,NA,100
"Per-protocol (no IPTW)","RMST_diff",5,-1,"small",0.4,25,"cloglog",0.0928648291782376,2.29737493833465,-2.20451010915642,0.425330630232519,2.24476321801135,NA,100
"Per-protocol (no IPTW)","RMST_diff",5,-1,"small",0.4,25,"lpm",0.0928648291782376,2.29737493833465,-2.20451010915642,0.425330630232519,2.24476321801135,NA,100
"Per-protocol (no IPTW)","RMST_diff",8,-1,"small",0.4,25,"correct",-0.675464665853347,1.69602919128171,-2.37149385713506,0.304870639515282,2.3908157102126,NA,100
"Per-protocol (no IPTW)","RMST_diff",8,-1,"small",0.4,25,"no_lag",-0.675464665853347,1.69602919128171,-2.37149385713506,0.304870639515282,2.3908157102126,NA,100
"Per-protocol (no IPTW)","RMST_diff",8,-1,"small",0.4,25,"no_tv",-0.675464665853347,1.69602919128171,-2.37149385713506,0.304870639515282,2.3908157102126,NA,100
"Per-protocol (no IPTW)","RMST_diff",8,-1,"small",0.4,25,"coarse_L",-0.675464665853347,1.69602919128171,-2.37149385713506,0.304870639515282,2.3908157102126,NA,100
"Per-protocol (no IPTW)","RMST_diff",8,-1,"small",0.4,25,"nonlinear_L",-0.675464665853347,1.69602919128171,-2.37149385713506,0.304870639515282,2.3908157102126,NA,100
"Per-protocol (no IPTW)","RMST_diff",8,-1,"small",0.4,25,"cloglog",-0.675464665853347,1.69602919128171,-2.37149385713506,0.304870639515282,2.3908157102126,NA,100
"Per-protocol (no IPTW)","RMST_diff",8,-1,"small",0.4,25,"lpm",-0.675464665853347,1.69602919128171,-2.37149385713506,0.304870639515282,2.3908157102126,NA,100
"Per-protocol (no IPTW)","RMST_diff",2,-0.7,"small",0.4,25,"correct",0.150803534365046,2.63492614076516,-2.48412260640011,0.600342677631149,2.55493098554688,NA,100
"Per-protocol (no IPTW)","RMST_diff",2,-0.7,"small",0.4,25,"no_lag",0.150803534365046,2.63492614076516,-2.48412260640011,0.600342677631149,2.55493098554688,NA,100
"Per-protocol (no IPTW)","RMST_diff",2,-0.7,"small",0.4,25,"no_tv",0.150803534365046,2.63492614076516,-2.48412260640011,0.600342677631149,2.55493098554688,NA,100
"Per-protocol (no IPTW)","RMST_diff",2,-0.7,"small",0.4,25,"coarse_L",0.150803534365046,2.63492614076516,-2.48412260640011,0.600342677631149,2.55493098554688,NA,100
"Per-protocol (no IPTW)","RMST_diff",2,-0.7,"small",0.4,25,"nonlinear_L",0.150803534365046,2.63492614076516,-2.48412260640011,0.600342677631149,2.55493098554688,NA,100
"Per-protocol (no IPTW)","RMST_diff",2,-0.7,"small",0.4,25,"cloglog",0.150803534365046,2.63492614076516,-2.48412260640011,0.600342677631149,2.55493098554688,NA,100
"Per-protocol (no IPTW)","RMST_diff",2,-0.7,"small",0.4,25,"lpm",0.150803534365046,2.63492614076516,-2.48412260640011,0.600342677631149,2.55493098554688,NA,100
"Per-protocol (no IPTW)","RMST_diff",5,-0.7,"small",0.4,25,"correct",-0.730940968227891,1.61557277851707,-2.34651374674496,0.345012983729517,2.37149117287322,NA,100
"Per-protocol (no IPTW)","RMST_diff",5,-0.7,"small",0.4,25,"no_lag",-0.730940968227891,1.61557277851707,-2.34651374674496,0.345012983729517,2.37149117287322,NA,100
"Per-protocol (no IPTW)","RMST_diff",5,-0.7,"small",0.4,25,"no_tv",-0.730940968227891,1.61557277851707,-2.34651374674496,0.345012983729517,2.37149117287322,NA,100
"Per-protocol (no IPTW)","RMST_diff",5,-0.7,"small",0.4,25,"coarse_L",-0.730940968227891,1.61557277851707,-2.34651374674496,0.345012983729517,2.37149117287322,NA,100
"Per-protocol (no IPTW)","RMST_diff",5,-0.7,"small",0.4,25,"nonlinear_L",-0.730940968227891,1.61557277851707,-2.34651374674496,0.345012983729517,2.37149117287322,NA,100
"Per-protocol (no IPTW)","RMST_diff",5,-0.7,"small",0.4,25,"cloglog",-0.730940968227891,1.61557277851707,-2.34651374674496,0.345012983729517,2.37149117287322,NA,100
"Per-protocol (no IPTW)","RMST_diff",5,-0.7,"small",0.4,25,"lpm",-0.730940968227891,1.61557277851707,-2.34651374674496,0.345012983729517,2.37149117287322,NA,100
"Per-protocol (no IPTW)","RMST_diff",8,-0.7,"small",0.4,25,"correct",-1.44837777210986,1.20128404026569,-2.64966181237555,0.300807085741033,2.66651228644553,NA,100
"Per-protocol (no IPTW)","RMST_diff",8,-0.7,"small",0.4,25,"no_lag",-1.44837777210986,1.20128404026569,-2.64966181237555,0.300807085741033,2.66651228644553,NA,100
"Per-protocol (no IPTW)","RMST_diff",8,-0.7,"small",0.4,25,"no_tv",-1.44837777210986,1.20128404026569,-2.64966181237555,0.300807085741033,2.66651228644553,NA,100
"Per-protocol (no IPTW)","RMST_diff",8,-0.7,"small",0.4,25,"coarse_L",-1.44837777210986,1.20128404026569,-2.64966181237555,0.300807085741033,2.66651228644553,NA,100
"Per-protocol (no IPTW)","RMST_diff",8,-0.7,"small",0.4,25,"nonlinear_L",-1.44837777210986,1.20128404026569,-2.64966181237555,0.300807085741033,2.66651228644553,NA,100
"Per-protocol (no IPTW)","RMST_diff",8,-0.7,"small",0.4,25,"cloglog",-1.44837777210986,1.20128404026569,-2.64966181237555,0.300807085741033,2.66651228644553,NA,100
"Per-protocol (no IPTW)","RMST_diff",8,-0.7,"small",0.4,25,"lpm",-1.44837777210986,1.20128404026569,-2.64966181237555,0.300807085741033,2.66651228644553,NA,100
"Per-protocol (no IPTW)","RMST_diff",2,-0.5,"small",0.4,25,"correct",-0.628226463671187,1.85122454220699,-2.47945100587818,0.565919761245856,2.54258526208212,NA,100
"Per-protocol (no IPTW)","RMST_diff",2,-0.5,"small",0.4,25,"no_lag",-0.628226463671187,1.85122454220699,-2.47945100587818,0.565919761245856,2.54258526208212,NA,100
"Per-protocol (no IPTW)","RMST_diff",2,-0.5,"small",0.4,25,"no_tv",-0.628226463671187,1.85122454220699,-2.47945100587818,0.565919761245856,2.54258526208212,NA,100
"Per-protocol (no IPTW)","RMST_diff",2,-0.5,"small",0.4,25,"coarse_L",-0.628226463671187,1.85122454220699,-2.47945100587818,0.565919761245856,2.54258526208212,NA,100
"Per-protocol (no IPTW)","RMST_diff",2,-0.5,"small",0.4,25,"nonlinear_L",-0.628226463671187,1.85122454220699,-2.47945100587818,0.565919761245856,2.54258526208212,NA,100
"Per-protocol (no IPTW)","RMST_diff",2,-0.5,"small",0.4,25,"cloglog",-0.628226463671187,1.85122454220699,-2.47945100587818,0.565919761245856,2.54258526208212,NA,100
"Per-protocol (no IPTW)","RMST_diff",2,-0.5,"small",0.4,25,"lpm",-0.628226463671187,1.85122454220699,-2.47945100587818,0.565919761245856,2.54258526208212,NA,100
"Per-protocol (no IPTW)","RMST_diff",5,-0.5,"small",0.4,25,"correct",-1.47266976174572,1.14714745904953,-2.61981722079525,0.380002665572542,2.64696057317807,NA,100
"Per-protocol (no IPTW)","RMST_diff",5,-0.5,"small",0.4,25,"no_lag",-1.47266976174572,1.14714745904953,-2.61981722079525,0.380002665572542,2.64696057317807,NA,100
"Per-protocol (no IPTW)","RMST_diff",5,-0.5,"small",0.4,25,"no_tv",-1.47266976174572,1.14714745904953,-2.61981722079525,0.380002665572542,2.64696057317807,NA,100
"Per-protocol (no IPTW)","RMST_diff",5,-0.5,"small",0.4,25,"coarse_L",-1.47266976174572,1.14714745904953,-2.61981722079525,0.380002665572542,2.64696057317807,NA,100
"Per-protocol (no IPTW)","RMST_diff",5,-0.5,"small",0.4,25,"nonlinear_L",-1.47266976174572,1.14714745904953,-2.61981722079525,0.380002665572542,2.64696057317807,NA,100
"Per-protocol (no IPTW)","RMST_diff",5,-0.5,"small",0.4,25,"cloglog",-1.47266976174572,1.14714745904953,-2.61981722079525,0.380002665572542,2.64696057317807,NA,100
"Per-protocol (no IPTW)","RMST_diff",5,-0.5,"small",0.4,25,"lpm",-1.47266976174572,1.14714745904953,-2.61981722079525,0.380002665572542,2.64696057317807,NA,100
"Per-protocol (no IPTW)","RMST_diff",8,-0.5,"small",0.4,25,"correct",-1.97563290814359,0.858500773417477,-2.83413368156107,0.344147969778673,2.85474467716653,NA,100
"Per-protocol (no IPTW)","RMST_diff",8,-0.5,"small",0.4,25,"no_lag",-1.97563290814359,0.858500773417477,-2.83413368156107,0.344147969778673,2.85474467716653,NA,100
"Per-protocol (no IPTW)","RMST_diff",8,-0.5,"small",0.4,25,"no_tv",-1.97563290814359,0.858500773417477,-2.83413368156107,0.344147969778673,2.85474467716653,NA,100
"Per-protocol (no IPTW)","RMST_diff",8,-0.5,"small",0.4,25,"coarse_L",-1.97563290814359,0.858500773417477,-2.83413368156107,0.344147969778673,2.85474467716653,NA,100
"Per-protocol (no IPTW)","RMST_diff",8,-0.5,"small",0.4,25,"nonlinear_L",-1.97563290814359,0.858500773417477,-2.83413368156107,0.344147969778673,2.85474467716653,NA,100
"Per-protocol (no IPTW)","RMST_diff",8,-0.5,"small",0.4,25,"cloglog",-1.97563290814359,0.858500773417477,-2.83413368156107,0.344147969778673,2.85474467716653,NA,100
"Per-protocol (no IPTW)","RMST_diff",8,-0.5,"small",0.4,25,"lpm",-1.97563290814359,0.858500773417477,-2.83413368156107,0.344147969778673,2.85474467716653,NA,100
"Per-protocol (no IPTW)","RMST_diff",2,-1,"medium",1,25,"correct",-1.38103657965256,3.80085387894506,-5.18189045859762,0.389574664377463,5.19636791036188,NA,100
"Per-protocol (no IPTW)","RMST_diff",2,-1,"medium",1,25,"no_lag",-1.38103657965256,3.80085387894506,-5.18189045859762,0.389574664377463,5.19636791036188,NA,100
"Per-protocol (no IPTW)","RMST_diff",2,-1,"medium",1,25,"no_tv",-1.38103657965256,3.80085387894506,-5.18189045859762,0.389574664377463,5.19636791036188,NA,100
"Per-protocol (no IPTW)","RMST_diff",2,-1,"medium",1,25,"coarse_L",-1.38103657965256,3.80085387894506,-5.18189045859762,0.389574664377463,5.19636791036188,NA,100
"Per-protocol (no IPTW)","RMST_diff",2,-1,"medium",1,25,"nonlinear_L",-1.38103657965256,3.80085387894506,-5.18189045859762,0.389574664377463,5.19636791036188,NA,100
"Per-protocol (no IPTW)","RMST_diff",2,-1,"medium",1,25,"cloglog",-1.38103657965256,3.80085387894506,-5.18189045859762,0.389574664377463,5.19636791036188,NA,100
"Per-protocol (no IPTW)","RMST_diff",2,-1,"medium",1,25,"lpm",-1.38103657965256,3.80085387894506,-5.18189045859762,0.389574664377463,5.19636791036188,NA,100
"Per-protocol (no IPTW)","RMST_diff",5,-1,"medium",1,25,"correct",-2.83633406576724,2.42954199126714,-5.26587605703437,0.284794339202329,5.27349479809482,NA,100
"Per-protocol (no IPTW)","RMST_diff",5,-1,"medium",1,25,"no_lag",-2.83633406576724,2.42954199126714,-5.26587605703437,0.284794339202329,5.27349479809482,NA,100
"Per-protocol (no IPTW)","RMST_diff",5,-1,"medium",1,25,"no_tv",-2.83633406576724,2.42954199126714,-5.26587605703437,0.284794339202329,5.27349479809482,NA,100
"Per-protocol (no IPTW)","RMST_diff",5,-1,"medium",1,25,"coarse_L",-2.83633406576724,2.42954199126714,-5.26587605703437,0.284794339202329,5.27349479809482,NA,100
"Per-protocol (no IPTW)","RMST_diff",5,-1,"medium",1,25,"nonlinear_L",-2.83633406576724,2.42954199126714,-5.26587605703437,0.284794339202329,5.27349479809482,NA,100
"Per-protocol (no IPTW)","RMST_diff",5,-1,"medium",1,25,"cloglog",-2.83633406576724,2.42954199126714,-5.26587605703437,0.284794339202329,5.27349479809482,NA,100
"Per-protocol (no IPTW)","RMST_diff",5,-1,"medium",1,25,"lpm",-2.83633406576724,2.42954199126714,-5.26587605703437,0.284794339202329,5.27349479809482,NA,100
"Per-protocol (no IPTW)","RMST_diff",8,-1,"medium",1,25,"correct",-3.72879318774125,1.91150841078624,-5.64030159852749,0.30898524568722,5.64867411748842,NA,100
"Per-protocol (no IPTW)","RMST_diff",8,-1,"medium",1,25,"no_lag",-3.72879318774125,1.91150841078624,-5.64030159852749,0.30898524568722,5.64867411748842,NA,100
"Per-protocol (no IPTW)","RMST_diff",8,-1,"medium",1,25,"no_tv",-3.72879318774125,1.91150841078624,-5.64030159852749,0.30898524568722,5.64867411748842,NA,100
"Per-protocol (no IPTW)","RMST_diff",8,-1,"medium",1,25,"coarse_L",-3.72879318774125,1.91150841078624,-5.64030159852749,0.30898524568722,5.64867411748842,NA,100
"Per-protocol (no IPTW)","RMST_diff",8,-1,"medium",1,25,"nonlinear_L",-3.72879318774125,1.91150841078624,-5.64030159852749,0.30898524568722,5.64867411748842,NA,100
"Per-protocol (no IPTW)","RMST_diff",8,-1,"medium",1,25,"cloglog",-3.72879318774125,1.91150841078624,-5.64030159852749,0.30898524568722,5.64867411748842,NA,100
"Per-protocol (no IPTW)","RMST_diff",8,-1,"medium",1,25,"lpm",-3.72879318774125,1.91150841078624,-5.64030159852749,0.30898524568722,5.64867411748842,NA,100
"Per-protocol (no IPTW)","RMST_diff",2,-0.7,"medium",1,25,"correct",-2.67026053637721,2.61874108299344,-5.28900161937065,0.338791854093296,5.29973303581429,NA,100
"Per-protocol (no IPTW)","RMST_diff",2,-0.7,"medium",1,25,"no_lag",-2.67026053637721,2.61874108299344,-5.28900161937065,0.338791854093296,5.29973303581429,NA,100
"Per-protocol (no IPTW)","RMST_diff",2,-0.7,"medium",1,25,"no_tv",-2.67026053637721,2.61874108299344,-5.28900161937065,0.338791854093296,5.29973303581429,NA,100
"Per-protocol (no IPTW)","RMST_diff",2,-0.7,"medium",1,25,"coarse_L",-2.67026053637721,2.61874108299344,-5.28900161937065,0.338791854093296,5.29973303581429,NA,100
"Per-protocol (no IPTW)","RMST_diff",2,-0.7,"medium",1,25,"nonlinear_L",-2.67026053637721,2.61874108299344,-5.28900161937065,0.338791854093296,5.29973303581429,NA,100
"Per-protocol (no IPTW)","RMST_diff",2,-0.7,"medium",1,25,"cloglog",-2.67026053637721,2.61874108299344,-5.28900161937065,0.338791854093296,5.29973303581429,NA,100
"Per-protocol (no IPTW)","RMST_diff",2,-0.7,"medium",1,25,"lpm",-2.67026053637721,2.61874108299344,-5.28900161937065,0.338791854093296,5.29973303581429,NA,100
"Per-protocol (no IPTW)","RMST_diff",5,-0.7,"medium",1,25,"correct",-3.88801662287219,1.69836049771415,-5.58637712058634,0.351781689620133,5.5973317024267,NA,100
"Per-protocol (no IPTW)","RMST_diff",5,-0.7,"medium",1,25,"no_lag",-3.88801662287219,1.69836049771415,-5.58637712058634,0.351781689620133,5.5973317024267,NA,100
"Per-protocol (no IPTW)","RMST_diff",5,-0.7,"medium",1,25,"no_tv",-3.88801662287219,1.69836049771415,-5.58637712058634,0.351781689620133,5.5973317024267,NA,100
"Per-protocol (no IPTW)","RMST_diff",5,-0.7,"medium",1,25,"coarse_L",-3.88801662287219,1.69836049771415,-5.58637712058634,0.351781689620133,5.5973317024267,NA,100
"Per-protocol (no IPTW)","RMST_diff",5,-0.7,"medium",1,25,"nonlinear_L",-3.88801662287219,1.69836049771415,-5.58637712058634,0.351781689620133,5.5973317024267,NA,100
"Per-protocol (no IPTW)","RMST_diff",5,-0.7,"medium",1,25,"cloglog",-3.88801662287219,1.69836049771415,-5.58637712058634,0.351781689620133,5.5973317024267,NA,100
"Per-protocol (no IPTW)","RMST_diff",5,-0.7,"medium",1,25,"lpm",-3.88801662287219,1.69836049771415,-5.58637712058634,0.351781689620133,5.5973317024267,NA,100
"Per-protocol (no IPTW)","RMST_diff",8,-0.7,"medium",1,25,"correct",-4.53299550027061,1.34562023897707,-5.87861573924768,0.307575257061541,5.88657621398887,NA,100
"Per-protocol (no IPTW)","RMST_diff",8,-0.7,"medium",1,25,"no_lag",-4.53299550027061,1.34562023897707,-5.87861573924768,0.307575257061541,5.88657621398887,NA,100
"Per-protocol (no IPTW)","RMST_diff",8,-0.7,"medium",1,25,"no_tv",-4.53299550027061,1.34562023897707,-5.87861573924768,0.307575257061541,5.88657621398887,NA,100
"Per-protocol (no IPTW)","RMST_diff",8,-0.7,"medium",1,25,"coarse_L",-4.53299550027061,1.34562023897707,-5.87861573924768,0.307575257061541,5.88657621398887,NA,100
"Per-protocol (no IPTW)","RMST_diff",8,-0.7,"medium",1,25,"nonlinear_L",-4.53299550027061,1.34562023897707,-5.87861573924768,0.307575257061541,5.88657621398887,NA,100
"Per-protocol (no IPTW)","RMST_diff",8,-0.7,"medium",1,25,"cloglog",-4.53299550027061,1.34562023897707,-5.87861573924768,0.307575257061541,5.88657621398887,NA,100
"Per-protocol (no IPTW)","RMST_diff",8,-0.7,"medium",1,25,"lpm",-4.53299550027061,1.34562023897707,-5.87861573924768,0.307575257061541,5.88657621398887,NA,100
"Per-protocol (no IPTW)","RMST_diff",2,-0.5,"medium",1,25,"correct",-3.38802987803281,1.84038146532659,-5.22841134335939,0.33008915619052,5.23871686941501,NA,100
"Per-protocol (no IPTW)","RMST_diff",2,-0.5,"medium",1,25,"no_lag",-3.38802987803281,1.84038146532659,-5.22841134335939,0.33008915619052,5.23871686941501,NA,100
"Per-protocol (no IPTW)","RMST_diff",2,-0.5,"medium",1,25,"no_tv",-3.38802987803281,1.84038146532659,-5.22841134335939,0.33008915619052,5.23871686941501,NA,100
"Per-protocol (no IPTW)","RMST_diff",2,-0.5,"medium",1,25,"coarse_L",-3.38802987803281,1.84038146532659,-5.22841134335939,0.33008915619052,5.23871686941501,NA,100
"Per-protocol (no IPTW)","RMST_diff",2,-0.5,"medium",1,25,"nonlinear_L",-3.38802987803281,1.84038146532659,-5.22841134335939,0.33008915619052,5.23871686941501,NA,100
"Per-protocol (no IPTW)","RMST_diff",2,-0.5,"medium",1,25,"cloglog",-3.38802987803281,1.84038146532659,-5.22841134335939,0.33008915619052,5.23871686941501,NA,100
"Per-protocol (no IPTW)","RMST_diff",2,-0.5,"medium",1,25,"lpm",-3.38802987803281,1.84038146532659,-5.22841134335939,0.33008915619052,5.23871686941501,NA,100
"Per-protocol (no IPTW)","RMST_diff",5,-0.5,"medium",1,25,"correct",-4.44366277242842,1.20547707966547,-5.64913985209389,0.346644724186657,5.65965917769558,NA,100
"Per-protocol (no IPTW)","RMST_diff",5,-0.5,"medium",1,25,"no_lag",-4.44366277242842,1.20547707966547,-5.64913985209389,0.346644724186657,5.65965917769558,NA,100
"Per-protocol (no IPTW)","RMST_diff",5,-0.5,"medium",1,25,"no_tv",-4.44366277242842,1.20547707966547,-5.64913985209389,0.346644724186657,5.65965917769558,NA,100
"Per-protocol (no IPTW)","RMST_diff",5,-0.5,"medium",1,25,"coarse_L",-4.44366277242842,1.20547707966547,-5.64913985209389,0.346644724186657,5.65965917769558,NA,100
"Per-protocol (no IPTW)","RMST_diff",5,-0.5,"medium",1,25,"nonlinear_L",-4.44366277242842,1.20547707966547,-5.64913985209389,0.346644724186657,5.65965917769558,NA,100
"Per-protocol (no IPTW)","RMST_diff",5,-0.5,"medium",1,25,"cloglog",-4.44366277242842,1.20547707966547,-5.64913985209389,0.346644724186657,5.65965917769558,NA,100
"Per-protocol (no IPTW)","RMST_diff",5,-0.5,"medium",1,25,"lpm",-4.44366277242842,1.20547707966547,-5.64913985209389,0.346644724186657,5.65965917769558,NA,100
"Per-protocol (no IPTW)","RMST_diff",8,-0.5,"medium",1,25,"correct",-4.96106097772144,0.961489413733808,-5.92255039145525,0.289128053787716,5.92953305248389,NA,100
"Per-protocol (no IPTW)","RMST_diff",8,-0.5,"medium",1,25,"no_lag",-4.96106097772144,0.961489413733808,-5.92255039145525,0.289128053787716,5.92953305248389,NA,100
"Per-protocol (no IPTW)","RMST_diff",8,-0.5,"medium",1,25,"no_tv",-4.96106097772144,0.961489413733808,-5.92255039145525,0.289128053787716,5.92953305248389,NA,100
"Per-protocol (no IPTW)","RMST_diff",8,-0.5,"medium",1,25,"coarse_L",-4.96106097772144,0.961489413733808,-5.92255039145525,0.289128053787716,5.92953305248389,NA,100
"Per-protocol (no IPTW)","RMST_diff",8,-0.5,"medium",1,25,"nonlinear_L",-4.96106097772144,0.961489413733808,-5.92255039145525,0.289128053787716,5.92953305248389,NA,100
"Per-protocol (no IPTW)","RMST_diff",8,-0.5,"medium",1,25,"cloglog",-4.96106097772144,0.961489413733808,-5.92255039145525,0.289128053787716,5.92953305248389,NA,100
"Per-protocol (no IPTW)","RMST_diff",8,-0.5,"medium",1,25,"lpm",-4.96106097772144,0.961489413733808,-5.92255039145525,0.289128053787716,5.92953305248389,NA,100
"Per-protocol (no IPTW)","RMST_diff",2,-1,"strong",2,25,"correct",-3.16893173466798,3.81340268711301,-6.98233442178099,0.325430149968601,6.98983831803506,NA,100
"Per-protocol (no IPTW)","RMST_diff",2,-1,"strong",2,25,"no_lag",-3.16893173466798,3.81340268711301,-6.98233442178099,0.325430149968601,6.98983831803506,NA,100
"Per-protocol (no IPTW)","RMST_diff",2,-1,"strong",2,25,"no_tv",-3.16893173466798,3.81340268711301,-6.98233442178099,0.325430149968601,6.98983831803506,NA,100
"Per-protocol (no IPTW)","RMST_diff",2,-1,"strong",2,25,"coarse_L",-3.16893173466798,3.81340268711301,-6.98233442178099,0.325430149968601,6.98983831803506,NA,100
"Per-protocol (no IPTW)","RMST_diff",2,-1,"strong",2,25,"nonlinear_L",-3.16893173466798,3.81340268711301,-6.98233442178099,0.325430149968601,6.98983831803506,NA,100
"Per-protocol (no IPTW)","RMST_diff",2,-1,"strong",2,25,"cloglog",-3.16893173466798,3.81340268711301,-6.98233442178099,0.325430149968601,6.98983831803506,NA,100
"Per-protocol (no IPTW)","RMST_diff",2,-1,"strong",2,25,"lpm",-3.16893173466798,3.81340268711301,-6.98233442178099,0.325430149968601,6.98983831803506,NA,100
"Per-protocol (no IPTW)","RMST_diff",5,-1,"strong",2,25,"correct",-4.28497325421283,2.68750354122519,-6.97247679543803,0.32382901490034,6.97991756695623,NA,100
"Per-protocol (no IPTW)","RMST_diff",5,-1,"strong",2,25,"no_lag",-4.28497325421283,2.68750354122519,-6.97247679543803,0.32382901490034,6.97991756695623,NA,100
"Per-protocol (no IPTW)","RMST_diff",5,-1,"strong",2,25,"no_tv",-4.28497325421283,2.68750354122519,-6.97247679543803,0.32382901490034,6.97991756695623,NA,100
"Per-protocol (no IPTW)","RMST_diff",5,-1,"strong",2,25,"coarse_L",-4.28497325421283,2.68750354122519,-6.97247679543803,0.32382901490034,6.97991756695623,NA,100
"Per-protocol (no IPTW)","RMST_diff",5,-1,"strong",2,25,"nonlinear_L",-4.28497325421283,2.68750354122519,-6.97247679543803,0.32382901490034,6.97991756695623,NA,100
"Per-protocol (no IPTW)","RMST_diff",5,-1,"strong",2,25,"cloglog",-4.28497325421283,2.68750354122519,-6.97247679543803,0.32382901490034,6.97991756695623,NA,100
"Per-protocol (no IPTW)","RMST_diff",5,-1,"strong",2,25,"lpm",-4.28497325421283,2.68750354122519,-6.97247679543803,0.32382901490034,6.97991756695623,NA,100
"Per-protocol (no IPTW)","RMST_diff",8,-1,"strong",2,25,"correct",-5.08256874443223,2.15938097189966,-7.24194971633189,0.305630723017122,7.24833165158321,NA,100
"Per-protocol (no IPTW)","RMST_diff",8,-1,"strong",2,25,"no_lag",-5.08256874443223,2.15938097189966,-7.24194971633189,0.305630723017122,7.24833165158321,NA,100
"Per-protocol (no IPTW)","RMST_diff",8,-1,"strong",2,25,"no_tv",-5.08256874443223,2.15938097189966,-7.24194971633189,0.305630723017122,7.24833165158321,NA,100
"Per-protocol (no IPTW)","RMST_diff",8,-1,"strong",2,25,"coarse_L",-5.08256874443223,2.15938097189966,-7.24194971633189,0.305630723017122,7.24833165158321,NA,100
"Per-protocol (no IPTW)","RMST_diff",8,-1,"strong",2,25,"nonlinear_L",-5.08256874443223,2.15938097189966,-7.24194971633189,0.305630723017122,7.24833165158321,NA,100
"Per-protocol (no IPTW)","RMST_diff",8,-1,"strong",2,25,"cloglog",-5.08256874443223,2.15938097189966,-7.24194971633189,0.305630723017122,7.24833165158321,NA,100
"Per-protocol (no IPTW)","RMST_diff",8,-1,"strong",2,25,"lpm",-5.08256874443223,2.15938097189966,-7.24194971633189,0.305630723017122,7.24833165158321,NA,100
"Per-protocol (no IPTW)","RMST_diff",2,-0.7,"strong",2,25,"correct",-4.3236979115512,2.63829403421436,-6.96199194576555,0.284212439465777,6.96773283045095,NA,100
"Per-protocol (no IPTW)","RMST_diff",2,-0.7,"strong",2,25,"no_lag",-4.3236979115512,2.63829403421436,-6.96199194576555,0.284212439465777,6.96773283045095,NA,100
"Per-protocol (no IPTW)","RMST_diff",2,-0.7,"strong",2,25,"no_tv",-4.3236979115512,2.63829403421436,-6.96199194576555,0.284212439465777,6.96773283045095,NA,100
"Per-protocol (no IPTW)","RMST_diff",2,-0.7,"strong",2,25,"coarse_L",-4.3236979115512,2.63829403421436,-6.96199194576555,0.284212439465777,6.96773283045095,NA,100
"Per-protocol (no IPTW)","RMST_diff",2,-0.7,"strong",2,25,"nonlinear_L",-4.3236979115512,2.63829403421436,-6.96199194576555,0.284212439465777,6.96773283045095,NA,100
"Per-protocol (no IPTW)","RMST_diff",2,-0.7,"strong",2,25,"cloglog",-4.3236979115512,2.63829403421436,-6.96199194576555,0.284212439465777,6.96773283045095,NA,100
"Per-protocol (no IPTW)","RMST_diff",2,-0.7,"strong",2,25,"lpm",-4.3236979115512,2.63829403421436,-6.96199194576555,0.284212439465777,6.96773283045095,NA,100
"Per-protocol (no IPTW)","RMST_diff",5,-0.7,"strong",2,25,"correct",-5.37608712383975,1.89353651644522,-7.26962364028497,0.278607665830493,7.27490713896302,NA,100
"Per-protocol (no IPTW)","RMST_diff",5,-0.7,"strong",2,25,"no_lag",-5.37608712383975,1.89353651644522,-7.26962364028497,0.278607665830493,7.27490713896302,NA,100
"Per-protocol (no IPTW)","RMST_diff",5,-0.7,"strong",2,25,"no_tv",-5.37608712383975,1.89353651644522,-7.26962364028497,0.278607665830493,7.27490713896302,NA,100
"Per-protocol (no IPTW)","RMST_diff",5,-0.7,"strong",2,25,"coarse_L",-5.37608712383975,1.89353651644522,-7.26962364028497,0.278607665830493,7.27490713896302,NA,100
"Per-protocol (no IPTW)","RMST_diff",5,-0.7,"strong",2,25,"nonlinear_L",-5.37608712383975,1.89353651644522,-7.26962364028497,0.278607665830493,7.27490713896302,NA,100
"Per-protocol (no IPTW)","RMST_diff",5,-0.7,"strong",2,25,"cloglog",-5.37608712383975,1.89353651644522,-7.26962364028497,0.278607665830493,7.27490713896302,NA,100
"Per-protocol (no IPTW)","RMST_diff",5,-0.7,"strong",2,25,"lpm",-5.37608712383975,1.89353651644522,-7.26962364028497,0.278607665830493,7.27490713896302,NA,100
"Per-protocol (no IPTW)","RMST_diff",8,-0.7,"strong",2,25,"correct",-6.10340086676178,1.49856180557954,-7.60196267234132,0.282802978490046,7.60716860737733,NA,100
"Per-protocol (no IPTW)","RMST_diff",8,-0.7,"strong",2,25,"no_lag",-6.10340086676178,1.49856180557954,-7.60196267234132,0.282802978490046,7.60716860737733,NA,100
"Per-protocol (no IPTW)","RMST_diff",8,-0.7,"strong",2,25,"no_tv",-6.10340086676178,1.49856180557954,-7.60196267234132,0.282802978490046,7.60716860737733,NA,100
"Per-protocol (no IPTW)","RMST_diff",8,-0.7,"strong",2,25,"coarse_L",-6.10340086676178,1.49856180557954,-7.60196267234132,0.282802978490046,7.60716860737733,NA,100
"Per-protocol (no IPTW)","RMST_diff",8,-0.7,"strong",2,25,"nonlinear_L",-6.10340086676178,1.49856180557954,-7.60196267234132,0.282802978490046,7.60716860737733,NA,100
"Per-protocol (no IPTW)","RMST_diff",8,-0.7,"strong",2,25,"cloglog",-6.10340086676178,1.49856180557954,-7.60196267234132,0.282802978490046,7.60716860737733,NA,100
"Per-protocol (no IPTW)","RMST_diff",8,-0.7,"strong",2,25,"lpm",-6.10340086676178,1.49856180557954,-7.60196267234132,0.282802978490046,7.60716860737733,NA,100
"Per-protocol (no IPTW)","RMST_diff",2,-0.5,"strong",2,25,"correct",-5.06099294592743,1.83320062381724,-6.89419356974468,0.302960175622434,6.90078053530482,NA,100
"Per-protocol (no IPTW)","RMST_diff",2,-0.5,"strong",2,25,"no_lag",-5.06099294592743,1.83320062381724,-6.89419356974468,0.302960175622434,6.90078053530482,NA,100
"Per-protocol (no IPTW)","RMST_diff",2,-0.5,"strong",2,25,"no_tv",-5.06099294592743,1.83320062381724,-6.89419356974468,0.302960175622434,6.90078053530482,NA,100
"Per-protocol (no IPTW)","RMST_diff",2,-0.5,"strong",2,25,"coarse_L",-5.06099294592743,1.83320062381724,-6.89419356974468,0.302960175622434,6.90078053530482,NA,100
"Per-protocol (no IPTW)","RMST_diff",2,-0.5,"strong",2,25,"nonlinear_L",-5.06099294592743,1.83320062381724,-6.89419356974468,0.302960175622434,6.90078053530482,NA,100
"Per-protocol (no IPTW)","RMST_diff",2,-0.5,"strong",2,25,"cloglog",-5.06099294592743,1.83320062381724,-6.89419356974468,0.302960175622434,6.90078053530482,NA,100
"Per-protocol (no IPTW)","RMST_diff",2,-0.5,"strong",2,25,"lpm",-5.06099294592743,1.83320062381724,-6.89419356974468,0.302960175622434,6.90078053530482,NA,100
"Per-protocol (no IPTW)","RMST_diff",5,-0.5,"strong",2,25,"correct",-6.16142032080434,1.34794250784726,-7.5093628286516,0.308826706596111,7.51564703054197,NA,100
"Per-protocol (no IPTW)","RMST_diff",5,-0.5,"strong",2,25,"no_lag",-6.16142032080434,1.34794250784726,-7.5093628286516,0.308826706596111,7.51564703054197,NA,100
"Per-protocol (no IPTW)","RMST_diff",5,-0.5,"strong",2,25,"no_tv",-6.16142032080434,1.34794250784726,-7.5093628286516,0.308826706596111,7.51564703054197,NA,100
"Per-protocol (no IPTW)","RMST_diff",5,-0.5,"strong",2,25,"coarse_L",-6.16142032080434,1.34794250784726,-7.5093628286516,0.308826706596111,7.51564703054197,NA,100
"Per-protocol (no IPTW)","RMST_diff",5,-0.5,"strong",2,25,"nonlinear_L",-6.16142032080434,1.34794250784726,-7.5093628286516,0.308826706596111,7.51564703054197,NA,100
"Per-protocol (no IPTW)","RMST_diff",5,-0.5,"strong",2,25,"cloglog",-6.16142032080434,1.34794250784726,-7.5093628286516,0.308826706596111,7.51564703054197,NA,100
"Per-protocol (no IPTW)","RMST_diff",5,-0.5,"strong",2,25,"lpm",-6.16142032080434,1.34794250784726,-7.5093628286516,0.308826706596111,7.51564703054197,NA,100
"Per-protocol (no IPTW)","RMST_diff",8,-0.5,"strong",2,25,"correct",-6.65977399981883,1.03856783340449,-7.69834183322332,0.279617305576111,7.70336750780839,NA,100
"Per-protocol (no IPTW)","RMST_diff",8,-0.5,"strong",2,25,"no_lag",-6.65977399981883,1.03856783340449,-7.69834183322332,0.279617305576111,7.70336750780839,NA,100
"Per-protocol (no IPTW)","RMST_diff",8,-0.5,"strong",2,25,"no_tv",-6.65977399981883,1.03856783340449,-7.69834183322332,0.279617305576111,7.70336750780839,NA,100
"Per-protocol (no IPTW)","RMST_diff",8,-0.5,"strong",2,25,"coarse_L",-6.65977399981883,1.03856783340449,-7.69834183322332,0.279617305576111,7.70336750780839,NA,100
"Per-protocol (no IPTW)","RMST_diff",8,-0.5,"strong",2,25,"nonlinear_L",-6.65977399981883,1.03856783340449,-7.69834183322332,0.279617305576111,7.70336750780839,NA,100
"Per-protocol (no IPTW)","RMST_diff",8,-0.5,"strong",2,25,"cloglog",-6.65977399981883,1.03856783340449,-7.69834183322332,0.279617305576111,7.70336750780839,NA,100
"Per-protocol (no IPTW)","RMST_diff",8,-0.5,"strong",2,25,"lpm",-6.65977399981883,1.03856783340449,-7.69834183322332,0.279617305576111,7.70336750780839,NA,100
