"method","estimand","tau","beta_trt","scenario","conf_mult","t_star","site_sizes","init_intercepts","mean_est","truth","bias","emp_sd","rmse","coverage","n_reps"
"Federated CCW","RD",2,-1,"medium",1,25,"200/800/2000","-4.5/-3/-1.5",-0.162233973690992,-0.159226270202059,-0.00300770348893317,0.0426169033228888,0.00300770348893317,0.96,100
"Federated CCW","RD",5,-1,"medium",1,25,"200/800/2000","-4.5/-3/-1.5",-0.127520292607428,-0.132377150030311,0.00485685742288336,0.03425626110738,0.00485685742288336,0.93,100
"Federated CCW","RD",8,-1,"medium",1,25,"200/800/2000","-4.5/-3/-1.5",-0.118130889084573,-0.121308991608462,0.0031781025238899,0.0290022421243716,0.0031781025238899,0.9,100
"Federated CCW","RD",2,-0.7,"medium",1,25,"200/800/2000","-4.5/-3/-1.5",-0.111795755519436,-0.104543601071603,-0.00725215444783357,0.0347060540235741,0.00725215444783357,0.95,100
"Federated CCW","RD",5,-0.7,"medium",1,25,"200/800/2000","-4.5/-3/-1.5",-0.0884632058538688,-0.0886284580213903,0.000165252167521459,0.0265254252842126,0.000165252167521459,0.94,100
"Federated CCW","RD",8,-0.7,"medium",1,25,"200/800/2000","-4.5/-3/-1.5",-0.0769724223801062,-0.0815980666420782,0.00462564426197202,0.0307320794818855,0.00462564426197202,0.91,100
"Federated CCW","RD",2,-0.5,"medium",1,25,"200/800/2000","-4.5/-3/-1.5",-0.0778138734029069,-0.071399278594779,-0.00641459480812786,0.0390500449117696,0.00641459480812786,0.93,100
"Federated CCW","RD",5,-0.5,"medium",1,25,"200/800/2000","-4.5/-3/-1.5",-0.0625901130859118,-0.0609944577766914,-0.00159565530922042,0.0424549668466234,0.00159565530922042,0.94,100
"Federated CCW","RD",8,-0.5,"medium",1,25,"200/800/2000","-4.5/-3/-1.5",-0.0556005511184592,-0.056344979038305,0.000744427919845847,0.0278314796008568,0.000744427919845847,0.9,100
"Federated CCW","RD",2,-1,"small",0.4,25,"200/800/2000","-4.5/-3/-1.5",-0.154752289370324,-0.15957236592368,0.00482007655335517,0.0290368095640754,0.00482007655335517,0.93,100
"Federated CCW","RD",5,-1,"small",0.4,25,"200/800/2000","-4.5/-3/-1.5",-0.132524735946244,-0.1310527983408,-0.00147193760544407,0.0183685101267876,0.00147193760544407,0.96,100
"Federated CCW","RD",8,-1,"small",0.4,25,"200/800/2000","-4.5/-3/-1.5",-0.118798532083486,-0.120376375621156,0.00157784353766944,0.0172734301527138,0.00157784353766944,0.92,100
"Federated CCW","RD",2,-0.7,"small",0.4,25,"200/800/2000","-4.5/-3/-1.5",-0.105012374118005,-0.105547081552456,0.00053470743445109,0.0265931446207603,0.00053470743445109,0.95,100
"Federated CCW","RD",5,-0.7,"small",0.4,25,"200/800/2000","-4.5/-3/-1.5",-0.091857715485711,-0.088343097379044,-0.00351461810666703,0.0197056371583589,0.00351461810666703,0.94,100
"Federated CCW","RD",8,-0.7,"small",0.4,25,"200/800/2000","-4.5/-3/-1.5",-0.0803943327519487,-0.081730114388728,0.00133578163677932,0.0140353965622598,0.00133578163677932,0.98,100
"Federated CCW","RD",2,-0.5,"small",0.4,25,"200/800/2000","-4.5/-3/-1.5",-0.0684527313931246,-0.0724780601653341,0.00402532877220953,0.030981560508354,0.00402532877220953,0.91,100
"Federated CCW","RD",5,-0.5,"small",0.4,25,"200/800/2000","-4.5/-3/-1.5",-0.0603724799765688,-0.0611565510217956,0.000784071045226845,0.0181459745329283,0.000784071045226845,0.97,100
"Federated CCW","RD",8,-0.5,"small",0.4,25,"200/800/2000","-4.5/-3/-1.5",-0.0561188794802048,-0.0568697996070544,0.000750920126849652,0.0145100564297872,0.000750920126849652,0.98,100
"Federated CCW","RD",2,-1,"strong",2,25,"200/800/2000","-4.5/-3/-1.5",-0.140444799454391,-0.16800051272222,0.0275557132678294,0.0744980452726075,0.0275557132678294,0.79,100
"Federated CCW","RD",5,-1,"strong",2,25,"200/800/2000","-4.5/-3/-1.5",-0.119985778089598,-0.135925890482634,0.0159401123930361,0.0621467982900184,0.0159401123930361,0.84,100
"Federated CCW","RD",8,-1,"strong",2,25,"200/800/2000","-4.5/-3/-1.5",-0.123259647909916,-0.121867323139782,-0.0013923247701338,0.0818122273296329,0.0013923247701338,0.84,100
"Federated CCW","RD",2,-0.7,"strong",2,25,"200/800/2000","-4.5/-3/-1.5",-0.0963371741250227,-0.111365398329922,0.0150282242048989,0.0760039154876364,0.0150282242048989,0.74,100
"Federated CCW","RD",5,-0.7,"strong",2,25,"200/800/2000","-4.5/-3/-1.5",-0.0852808693129274,-0.0901105428272962,0.00482967351436881,0.0743011988285167,0.00482967351436881,0.81,100
"Federated CCW","RD",8,-0.7,"strong",2,25,"200/800/2000","-4.5/-3/-1.5",-0.0647709466609829,-0.0798339717208472,0.0150630250598643,0.0638855607391603,0.0150630250598643,0.81,100
"Federated CCW","RD",2,-0.5,"strong",2,25,"200/800/2000","-4.5/-3/-1.5",-0.0732695850825097,-0.0764641151528218,0.00319453007031205,0.0865284516662631,0.00319453007031205,0.82,100
"Federated CCW","RD",5,-0.5,"strong",2,25,"200/800/2000","-4.5/-3/-1.5",-0.0449549227724893,-0.0610174617432336,0.0160625389707443,0.0770803441394046,0.0160625389707443,0.72,100
"Federated CCW","RD",8,-0.5,"strong",2,25,"200/800/2000","-4.5/-3/-1.5",-0.0361292938775648,-0.0530004391749477,0.0168711452973828,0.0556653574633101,0.0168711452973828,0.85,100
"Pooled CCW","RD",2,-1,"medium",1,25,"200/800/2000","-4.5/-3/-1.5",-0.161832877492654,-0.159226270202059,-0.00260660729059563,0.0443543629635502,0.00260660729059563,0.95,100
"Pooled CCW","RD",5,-1,"medium",1,25,"200/800/2000","-4.5/-3/-1.5",-0.12731654877833,-0.132377150030311,0.00506060125198113,0.0288960063876024,0.00506060125198113,0.94,100
"Pooled CCW","RD",8,-1,"medium",1,25,"200/800/2000","-4.5/-3/-1.5",-0.117191122002831,-0.121308991608462,0.00411786960563189,0.0246380211894499,0.00411786960563189,0.93,100
"Pooled CCW","RD",2,-0.7,"medium",1,25,"200/800/2000","-4.5/-3/-1.5",-0.112865578384521,-0.104543601071603,-0.00832197731291866,0.0352620783973609,0.00832197731291866,0.97,100
"Pooled CCW","RD",5,-0.7,"medium",1,25,"200/800/2000","-4.5/-3/-1.5",-0.0874804055519181,-0.0886284580213903,0.00114805246947223,0.0246407862848513,0.00114805246947223,0.96,100
"Pooled CCW","RD",8,-0.7,"medium",1,25,"200/800/2000","-4.5/-3/-1.5",-0.0790400764512665,-0.0815980666420782,0.00255799019081175,0.0281029599112998,0.00255799019081175,0.92,100
"Pooled CCW","RD",2,-0.5,"medium",1,25,"200/800/2000","-4.5/-3/-1.5",-0.0764460471149315,-0.071399278594779,-0.00504676852015245,0.0361583755509445,0.00504676852015245,0.93,100
"Pooled CCW","RD",5,-0.5,"medium",1,25,"200/800/2000","-4.5/-3/-1.5",-0.0588776033276524,-0.0609944577766914,0.00211685444903907,0.0306727572556246,0.00211685444903907,0.95,100
"Pooled CCW","RD",8,-0.5,"medium",1,25,"200/800/2000","-4.5/-3/-1.5",-0.0548264176671722,-0.056344979038305,0.00151856137113287,0.02841679480522,0.00151856137113287,0.91,100
"Pooled CCW","RD",2,-1,"small",0.4,25,"200/800/2000","-4.5/-3/-1.5",-0.155759648843196,-0.15957236592368,0.00381271708048409,0.0289429837454347,0.00381271708048409,0.93,100
"Pooled CCW","RD",5,-1,"small",0.4,25,"200/800/2000","-4.5/-3/-1.5",-0.132495350823604,-0.1310527983408,-0.00144255248280395,0.0181868994748513,0.00144255248280395,0.95,100
"Pooled CCW","RD",8,-1,"small",0.4,25,"200/800/2000","-4.5/-3/-1.5",-0.119018670011335,-0.120376375621156,0.00135770560982082,0.0171260805300388,0.00135770560982082,0.92,100
"Pooled CCW","RD",2,-0.7,"small",0.4,25,"200/800/2000","-4.5/-3/-1.5",-0.104583581790618,-0.105547081552456,0.000963499761838197,0.0266088386019952,0.000963499761838197,0.93,100
"Pooled CCW","RD",5,-0.7,"small",0.4,25,"200/800/2000","-4.5/-3/-1.5",-0.0919418720971714,-0.088343097379044,-0.00359877471812742,0.0183543976730572,0.00359877471812742,0.94,100
"Pooled CCW","RD",8,-0.7,"small",0.4,25,"200/800/2000","-4.5/-3/-1.5",-0.0811272432519007,-0.081730114388728,0.000602871136827292,0.0142180645933514,0.000602871136827292,0.97,100
"Pooled CCW","RD",2,-0.5,"small",0.4,25,"200/800/2000","-4.5/-3/-1.5",-0.0680163986556172,-0.0724780601653341,0.00446166150971689,0.0297667165242802,0.00446166150971689,0.87,100
"Pooled CCW","RD",5,-0.5,"small",0.4,25,"200/800/2000","-4.5/-3/-1.5",-0.0600876708006547,-0.0611565510217956,0.00106888022114088,0.017260181095407,0.00106888022114088,0.97,100
"Pooled CCW","RD",8,-0.5,"small",0.4,25,"200/800/2000","-4.5/-3/-1.5",-0.0566783103104235,-0.0568697996070544,0.000191489296630929,0.0145147701711349,0.000191489296630929,0.96,100
"Pooled CCW","RD",2,-1,"strong",2,25,"200/800/2000","-4.5/-3/-1.5",-0.1412617908838,-0.16800051272222,0.0267387218384205,0.0766049070257903,0.0267387218384205,0.78,100
"Pooled CCW","RD",5,-1,"strong",2,25,"200/800/2000","-4.5/-3/-1.5",-0.119231996799314,-0.135925890482634,0.0166938936833209,0.0594734717790612,0.0166938936833209,0.84,100
"Pooled CCW","RD",8,-1,"strong",2,25,"200/800/2000","-4.5/-3/-1.5",-0.121061481898843,-0.121867323139782,0.000805841240939173,0.0753514152994406,0.000805841240939173,0.86,100
"Pooled CCW","RD",2,-0.7,"strong",2,25,"200/800/2000","-4.5/-3/-1.5",-0.094049558690253,-0.111365398329922,0.0173158396396686,0.0721840117764105,0.0173158396396686,0.76,100
"Pooled CCW","RD",5,-0.7,"strong",2,25,"200/800/2000","-4.5/-3/-1.5",-0.0850735162896245,-0.0901105428272962,0.00503702653767175,0.0689328928527841,0.00503702653767175,0.8,100
"Pooled CCW","RD",8,-0.7,"strong",2,25,"200/800/2000","-4.5/-3/-1.5",-0.0633861276590956,-0.0798339717208472,0.0164478440617515,0.0580324554950559,0.0164478440617515,0.83,100
"Pooled CCW","RD",2,-0.5,"strong",2,25,"200/800/2000","-4.5/-3/-1.5",-0.0747711694045767,-0.0764641151528218,0.00169294574824508,0.0926389051198271,0.00169294574824508,0.82,100
"Pooled CCW","RD",5,-0.5,"strong",2,25,"200/800/2000","-4.5/-3/-1.5",-0.0456607001319533,-0.0610174617432336,0.0153567616112803,0.0704620447728666,0.0153567616112803,0.74,100
"Pooled CCW","RD",8,-0.5,"strong",2,25,"200/800/2000","-4.5/-3/-1.5",-0.0368049262918155,-0.0530004391749477,0.0161955128831322,0.0563544610027939,0.0161955128831322,0.83,100
"Federated IPW (no cloning)","RD",2,-1,"medium",1,25,"200/800/2000","-4.5/-3/-1.5",-0.156109482894758,-0.159226270202059,0.00311678730730056,0.0436448583306297,0.00311678730730056,NA,100
"Federated IPW (no cloning)","RD",5,-1,"medium",1,25,"200/800/2000","-4.5/-3/-1.5",-0.0946419465912181,-0.132377150030311,0.0377352034390933,0.0387294446960415,0.0377352034390933,NA,100
"Federated IPW (no cloning)","RD",8,-1,"medium",1,25,"200/800/2000","-4.5/-3/-1.5",-0.0626592278942909,-0.121308991608462,0.0586497637141716,0.0336762960907672,0.0586497637141716,NA,100
"Federated IPW (no cloning)","RD",2,-0.7,"medium",1,25,"200/800/2000","-4.5/-3/-1.5",-0.105497542063334,-0.104543601071603,-0.000953940991731363,0.0353162775867998,0.000953940991731363,NA,100
"Federated IPW (no cloning)","RD",5,-0.7,"medium",1,25,"200/800/2000","-4.5/-3/-1.5",-0.0539381588473025,-0.0886284580213903,0.0346902991740878,0.0288469925551047,0.0346902991740878,NA,100
"Federated IPW (no cloning)","RD",8,-0.7,"medium",1,25,"200/800/2000","-4.5/-3/-1.5",-0.015040185785886,-0.0815980666420782,0.0665578808561923,0.0359226697876718,0.0665578808561923,NA,100
"Federated IPW (no cloning)","RD",2,-0.5,"medium",1,25,"200/800/2000","-4.5/-3/-1.5",-0.0707761937894126,-0.071399278594779,0.000623084805366428,0.0387956303127524,0.000623084805366428,NA,100
"Federated IPW (no cloning)","RD",5,-0.5,"medium",1,25,"200/800/2000","-4.5/-3/-1.5",-0.0234998872097051,-0.0609944577766914,0.0374945705669863,0.04430159587039,0.0374945705669863,NA,100
"Federated IPW (no cloning)","RD",8,-0.5,"medium",1,25,"200/800/2000","-4.5/-3/-1.5",0.00771980402070945,-0.056344979038305,0.0640647830590145,0.0309183589550357,0.0640647830590145,NA,100
"Federated IPW (no cloning)","RD",2,-1,"small",0.4,25,"200/800/2000","-4.5/-3/-1.5",-0.157370492507947,-0.15957236592368,0.00220187341573267,0.0304282469485872,0.00220187341573267,NA,100
"Federated IPW (no cloning)","RD",5,-1,"small",0.4,25,"200/800/2000","-4.5/-3/-1.5",-0.126437396267722,-0.1310527983408,0.00461540207307789,0.0194228750452051,0.00461540207307789,NA,100
"Federated IPW (no cloning)","RD",8,-1,"small",0.4,25,"200/800/2000","-4.5/-3/-1.5",-0.0993000682893908,-0.120376375621156,0.021076307331765,0.0193152530081393,0.021076307331765,NA,100
"Federated IPW (no cloning)","RD",2,-0.7,"small",0.4,25,"200/800/2000","-4.5/-3/-1.5",-0.105752485293848,-0.105547081552456,-0.000205403741391367,0.0270817782854048,0.000205403741391367,NA,100
"Federated IPW (no cloning)","RD",5,-0.7,"small",0.4,25,"200/800/2000","-4.5/-3/-1.5",-0.0815252462585585,-0.088343097379044,0.00681785112048546,0.020715962948491,0.00681785112048546,NA,100
"Federated IPW (no cloning)","RD",8,-0.7,"small",0.4,25,"200/800/2000","-4.5/-3/-1.5",-0.0549371549591092,-0.081730114388728,0.0267929594296188,0.0156488917790485,0.0267929594296188,NA,100
"Federated IPW (no cloning)","RD",2,-0.5,"small",0.4,25,"200/800/2000","-4.5/-3/-1.5",-0.0677364376911752,-0.0724780601653341,0.00474162247415894,0.031003774902275,0.00474162247415894,NA,100
"Federated IPW (no cloning)","RD",5,-0.5,"small",0.4,25,"200/800/2000","-4.5/-3/-1.5",-0.0465137291200071,-0.0611565510217956,0.0146428219017885,0.0193787487975841,0.0146428219017885,NA,100
"Federated IPW (no cloning)","RD",8,-0.5,"small",0.4,25,"200/800/2000","-4.5/-3/-1.5",-0.026469617130047,-0.0568697996070544,0.0304001824770074,0.0151241521931564,0.0304001824770074,NA,100
"Federated IPW (no cloning)","RD",2,-1,"strong",2,25,"200/800/2000","-4.5/-3/-1.5",-0.131150390814367,-0.16800051272222,0.036850121907853,0.0758909214729637,0.036850121907853,NA,100
"Federated IPW (no cloning)","RD",5,-1,"strong",2,25,"200/800/2000","-4.5/-3/-1.5",-0.075206000439003,-0.135925890482634,0.0607198900436315,0.0637797285334897,0.0607198900436315,NA,100
"Federated IPW (no cloning)","RD",8,-1,"strong",2,25,"200/800/2000","-4.5/-3/-1.5",-0.0500556479038912,-0.121867323139782,0.0718116752358908,0.0936519010861128,0.0718116752358908,NA,100
"Federated IPW (no cloning)","RD",2,-0.7,"strong",2,25,"200/800/2000","-4.5/-3/-1.5",-0.0854640637323704,-0.111365398329922,0.0259013345975512,0.0768471048253518,0.0259013345975512,NA,100
"Federated IPW (no cloning)","RD",5,-0.7,"strong",2,25,"200/800/2000","-4.5/-3/-1.5",-0.0402851588367673,-0.0901105428272962,0.049825383990529,0.0741984584997352,0.049825383990529,NA,100
"Federated IPW (no cloning)","RD",8,-0.7,"strong",2,25,"200/800/2000","-4.5/-3/-1.5",0.0126690953452204,-0.0798339717208472,0.0925030670660675,0.0717044862392088,0.0925030670660675,NA,100
"Federated IPW (no cloning)","RD",2,-0.5,"strong",2,25,"200/800/2000","-4.5/-3/-1.5",-0.0615234726903247,-0.0764641151528218,0.0149406424624971,0.0867905420273695,0.0149406424624971,NA,100
"Federated IPW (no cloning)","RD",5,-0.5,"strong",2,25,"200/800/2000","-4.5/-3/-1.5",0.000855974777133416,-0.0610174617432336,0.061873436520367,0.0789922283369346,0.061873436520367,NA,100
"Federated IPW (no cloning)","RD",8,-0.5,"strong",2,25,"200/800/2000","-4.5/-3/-1.5",0.0425652035459418,-0.0530004391749477,0.0955656427208895,0.0632325268967832,0.0955656427208895,NA,100
"Federated per-protocol (unweighted)","RD",2,-1,"medium",1,25,"200/800/2000","-4.5/-3/-1.5",0.0263326806202057,-0.159226270202059,0.185558950822264,0.0159250894942143,0.185558950822264,NA,100
"Federated per-protocol (unweighted)","RD",5,-1,"medium",1,25,"200/800/2000","-4.5/-3/-1.5",0.0680324535333241,-0.132377150030311,0.200409603563635,0.0136472637896847,0.200409603563635,NA,100
"Federated per-protocol (unweighted)","RD",8,-1,"medium",1,25,"200/800/2000","-4.5/-3/-1.5",0.0933543322772968,-0.121308991608462,0.214663323885759,0.0179229216001576,0.214663323885759,NA,100
"Federated per-protocol (unweighted)","RD",2,-0.7,"medium",1,25,"200/800/2000","-4.5/-3/-1.5",0.0687721539286809,-0.104543601071603,0.173315755000283,0.013944031988931,0.173315755000283,NA,100
"Federated per-protocol (unweighted)","RD",5,-0.7,"medium",1,25,"200/800/2000","-4.5/-3/-1.5",0.105923174943532,-0.0886284580213903,0.194551632964922,0.0163213269310518,0.194551632964922,NA,100
"Federated per-protocol (unweighted)","RD",8,-0.7,"medium",1,25,"200/800/2000","-4.5/-3/-1.5",0.132284646742941,-0.0815980666420782,0.21388271338502,0.0145384779524215,0.21388271338502,NA,100
"Federated per-protocol (unweighted)","RD",2,-0.5,"medium",1,25,"200/800/2000","-4.5/-3/-1.5",0.0930659020375615,-0.071399278594779,0.16446518063234,0.013694520458438,0.16446518063234,NA,100
"Federated per-protocol (unweighted)","RD",5,-0.5,"medium",1,25,"200/800/2000","-4.5/-3/-1.5",0.132729611073331,-0.0609944577766914,0.193724068850023,0.0141142387971006,0.193724068850023,NA,100
"Federated per-protocol (unweighted)","RD",8,-0.5,"medium",1,25,"200/800/2000","-4.5/-3/-1.5",0.156879736319063,-0.056344979038305,0.213224715357368,0.0164511991345173,0.213224715357368,NA,100
"Federated per-protocol (unweighted)","RD",2,-1,"small",0.4,25,"200/800/2000","-4.5/-3/-1.5",-0.0698374156916716,-0.15957236592368,0.089734950232008,0.0177201443798714,0.089734950232008,NA,100
"Federated per-protocol (unweighted)","RD",5,-1,"small",0.4,25,"200/800/2000","-4.5/-3/-1.5",-0.0392806615745689,-0.1310527983408,0.0917721367662314,0.0149569157459393,0.0917721367662314,NA,100
"Federated per-protocol (unweighted)","RD",8,-1,"small",0.4,25,"200/800/2000","-4.5/-3/-1.5",-0.0237357555005729,-0.120376375621156,0.0966406201205829,0.0158307084792434,0.0966406201205829,NA,100
"Federated per-protocol (unweighted)","RD",2,-0.7,"small",0.4,25,"200/800/2000","-4.5/-3/-1.5",-0.0185986589422972,-0.105547081552456,0.0869484226101592,0.015447688495435,0.0869484226101592,NA,100
"Federated per-protocol (unweighted)","RD",5,-0.7,"small",0.4,25,"200/800/2000","-4.5/-3/-1.5",0.00227494034398776,-0.088343097379044,0.0906180377230318,0.0133522978415993,0.0906180377230318,NA,100
"Federated per-protocol (unweighted)","RD",8,-0.7,"small",0.4,25,"200/800/2000","-4.5/-3/-1.5",0.0202890003576083,-0.081730114388728,0.102019114746336,0.0144059064325248,0.102019114746336,NA,100
"Federated per-protocol (unweighted)","RD",2,-0.5,"small",0.4,25,"200/800/2000","-4.5/-3/-1.5",0.0144697606187312,-0.0724780601653341,0.0869478207840653,0.01747024791136,0.0869478207840653,NA,100
"Federated per-protocol (unweighted)","RD",5,-0.5,"small",0.4,25,"200/800/2000","-4.5/-3/-1.5",0.0342101028740909,-0.0611565510217956,0.0953666538958865,0.0137210006498126,0.0953666538958865,NA,100
"Federated per-protocol (unweighted)","RD",8,-0.5,"small",0.4,25,"200/800/2000","-4.5/-3/-1.5",0.0486822750453919,-0.0568697996070544,0.105552074652446,0.0148010722497448,0.105552074652446,NA,100
"Federated per-protocol (unweighted)","RD",2,-1,"strong",2,25,"200/800/2000","-4.5/-3/-1.5",0.0944230629096228,-0.16800051272222,0.262423575631843,0.0150145644113645,0.262423575631843,NA,100
"Federated per-protocol (unweighted)","RD",5,-1,"strong",2,25,"200/800/2000","-4.5/-3/-1.5",0.134403831958224,-0.135925890482634,0.270329722440858,0.0148726157323595,0.270329722440858,NA,100
"Federated per-protocol (unweighted)","RD",8,-1,"strong",2,25,"200/800/2000","-4.5/-3/-1.5",0.16727450907727,-0.121867323139782,0.289141832217052,0.0161439632027186,0.289141832217052,NA,100
"Federated per-protocol (unweighted)","RD",2,-0.7,"strong",2,25,"200/800/2000","-4.5/-3/-1.5",0.129477512913025,-0.111365398329922,0.240842911242947,0.0112376554992279,0.240842911242947,NA,100
"Federated per-protocol (unweighted)","RD",5,-0.7,"strong",2,25,"200/800/2000","-4.5/-3/-1.5",0.175854196103224,-0.0901105428272962,0.26596473893052,0.0143125754154229,0.26596473893052,NA,100
"Federated per-protocol (unweighted)","RD",8,-0.7,"strong",2,25,"200/800/2000","-4.5/-3/-1.5",0.2072243551539,-0.0798339717208472,0.287058326874747,0.0164735823595034,0.287058326874747,NA,100
"Federated per-protocol (unweighted)","RD",2,-0.5,"strong",2,25,"200/800/2000","-4.5/-3/-1.5",0.150534817083743,-0.0764641151528218,0.226998932236564,0.0117154893007768,0.226998932236564,NA,100
"Federated per-protocol (unweighted)","RD",5,-0.5,"strong",2,25,"200/800/2000","-4.5/-3/-1.5",0.199253106433928,-0.0610174617432336,0.260270568177161,0.0139294839146353,0.260270568177161,NA,100
"Federated per-protocol (unweighted)","RD",8,-0.5,"strong",2,25,"200/800/2000","-4.5/-3/-1.5",0.229465583550282,-0.0530004391749477,0.28246602272523,0.0166208713449191,0.28246602272523,NA,100
"Federated landmark IPW","RD",2,-1,"medium",1,25,"200/800/2000","-4.5/-3/-1.5",-0.209467043098067,-0.159226270202059,-0.0502407728960078,0.0677829871822858,0.0502407728960078,NA,100
"Federated landmark IPW","RD",5,-1,"medium",1,25,"200/800/2000","-4.5/-3/-1.5",-0.213512217720156,-0.132377150030311,-0.0811350676898442,0.0425669951308723,0.0811350676898442,NA,100
"Federated landmark IPW","RD",8,-1,"medium",1,25,"200/800/2000","-4.5/-3/-1.5",-0.205458249593955,-0.121308991608462,-0.0841492579854923,0.0361248866994382,0.0841492579854923,NA,100
"Federated landmark IPW","RD",2,-0.7,"medium",1,25,"200/800/2000","-4.5/-3/-1.5",-0.150254888033586,-0.104543601071603,-0.0457112869619832,0.0472222378009679,0.0457112869619832,NA,100
"Federated landmark IPW","RD",5,-0.7,"medium",1,25,"200/800/2000","-4.5/-3/-1.5",-0.15575720645118,-0.0886284580213903,-0.0671287484297898,0.0452637041222043,0.0671287484297898,NA,100
"Federated landmark IPW","RD",8,-0.7,"medium",1,25,"200/800/2000","-4.5/-3/-1.5",-0.138110825831517,-0.0815980666420782,-0.0565127591894384,0.0632315533187979,0.0565127591894384,NA,100
"Federated landmark IPW","RD",2,-0.5,"medium",1,25,"200/800/2000","-4.5/-3/-1.5",-0.110899904066805,-0.071399278594779,-0.0395006254720261,0.0589296167042271,0.0395006254720261,NA,100
"Federated landmark IPW","RD",5,-0.5,"medium",1,25,"200/800/2000","-4.5/-3/-1.5",-0.118017483604083,-0.0609944577766914,-0.0570230258273912,0.046341590600651,0.0570230258273912,NA,100
"Federated landmark IPW","RD",8,-0.5,"medium",1,25,"200/800/2000","-4.5/-3/-1.5",-0.107636409336092,-0.056344979038305,-0.0512914302977868,0.040570550366501,0.0512914302977868,NA,100
"Federated landmark IPW","RD",2,-1,"small",0.4,25,"200/800/2000","-4.5/-3/-1.5",-0.195382452407386,-0.15957236592368,-0.0358100864837063,0.0339724838919086,0.0358100864837063,NA,100
"Federated landmark IPW","RD",5,-1,"small",0.4,25,"200/800/2000","-4.5/-3/-1.5",-0.218555794452097,-0.1310527983408,-0.0875029961112971,0.0322000063938733,0.0875029961112971,NA,100
"Federated landmark IPW","RD",8,-1,"small",0.4,25,"200/800/2000","-4.5/-3/-1.5",-0.219092577445498,-0.120376375621156,-0.0987162018243424,0.032457927476827,0.0987162018243424,NA,100
"Federated landmark IPW","RD",2,-0.7,"small",0.4,25,"200/800/2000","-4.5/-3/-1.5",-0.130766940968928,-0.105547081552456,-0.0252198594164714,0.0314334488702293,0.0252198594164714,NA,100
"Federated landmark IPW","RD",5,-0.7,"small",0.4,25,"200/800/2000","-4.5/-3/-1.5",-0.155132452080221,-0.088343097379044,-0.0667893547011765,0.0267874788049141,0.0667893547011765,NA,100
"Federated landmark IPW","RD",8,-0.7,"small",0.4,25,"200/800/2000","-4.5/-3/-1.5",-0.15362115648503,-0.081730114388728,-0.0718910420963018,0.0275732840000022,0.0718910420963018,NA,100
"Federated landmark IPW","RD",2,-0.5,"small",0.4,25,"200/800/2000","-4.5/-3/-1.5",-0.0899315833279382,-0.0724780601653341,-0.0174535231626041,0.0321229006242327,0.0174535231626041,NA,100
"Federated landmark IPW","RD",5,-0.5,"small",0.4,25,"200/800/2000","-4.5/-3/-1.5",-0.106094609743291,-0.0611565510217956,-0.0449380587214957,0.0247623404060725,0.0449380587214957,NA,100
"Federated landmark IPW","RD",8,-0.5,"small",0.4,25,"200/800/2000","-4.5/-3/-1.5",-0.109629282870373,-0.0568697996070544,-0.0527594832633182,0.0312774758526927,0.0527594832633182,NA,100
"Federated landmark IPW","RD",2,-1,"strong",2,25,"200/800/2000","-4.5/-3/-1.5",-0.199768617268113,-0.16800051272222,-0.0317681045458925,0.111167257628658,0.0317681045458925,NA,100
"Federated landmark IPW","RD",5,-1,"strong",2,25,"200/800/2000","-4.5/-3/-1.5",-0.204162687632551,-0.135925890482634,-0.0682367971499166,0.0824893169367239,0.0682367971499166,NA,100
"Federated landmark IPW","RD",8,-1,"strong",2,25,"200/800/2000","-4.5/-3/-1.5",-0.204828162381494,-0.121867323139782,-0.0829608392417119,0.076783542116622,0.0829608392417119,NA,100
"Federated landmark IPW","RD",2,-0.7,"strong",2,25,"200/800/2000","-4.5/-3/-1.5",-0.144856984897755,-0.111365398329922,-0.0334915865678337,0.102260463659397,0.0334915865678337,NA,100
"Federated landmark IPW","RD",5,-0.7,"strong",2,25,"200/800/2000","-4.5/-3/-1.5",-0.16061939521859,-0.0901105428272962,-0.0705088523912936,0.0964099521380939,0.0705088523912936,NA,100
"Federated landmark IPW","RD",8,-0.7,"strong",2,25,"200/800/2000","-4.5/-3/-1.5",-0.141665814473176,-0.0798339717208472,-0.061831842752329,0.0856749787224005,0.061831842752329,NA,100
"Federated landmark IPW","RD",2,-0.5,"strong",2,25,"200/800/2000","-4.5/-3/-1.5",-0.105342892481895,-0.0764641151528218,-0.0288787773290729,0.12174415405638,0.0288787773290729,NA,100
"Federated landmark IPW","RD",5,-0.5,"strong",2,25,"200/800/2000","-4.5/-3/-1.5",-0.109347833017274,-0.0610174617432336,-0.04833037127404,0.0793401745424579,0.04833037127404,NA,100
"Federated landmark IPW","RD",8,-0.5,"strong",2,25,"200/800/2000","-4.5/-3/-1.5",-0.103451587064001,-0.0530004391749477,-0.0504511478890532,0.0755975619817473,0.0504511478890532,NA,100
"Local CCW + curve meta-analysis","RD",2,-1,"medium",1,25,"200/800/2000","-4.5/-3/-1.5",-0.155040511541923,-0.159226270202059,0.0041857586601353,0.0374165242155802,0.0041857586601353,NA,100
"Local CCW + curve meta-analysis","RD",5,-1,"medium",1,25,"200/800/2000","-4.5/-3/-1.5",-0.121870229568378,-0.132377150030311,0.0105069204619338,0.0244720150548574,0.0105069204619338,NA,100
"Local CCW + curve meta-analysis","RD",8,-1,"medium",1,25,"200/800/2000","-4.5/-3/-1.5",-0.114318323732654,-0.121308991608462,0.00699066787580864,0.0247867420173276,0.00699066787580864,NA,100
"Local CCW + curve meta-analysis","RD",2,-0.7,"medium",1,25,"200/800/2000","-4.5/-3/-1.5",-0.106490664291486,-0.104543601071603,-0.00194706321988392,0.032586811257519,0.00194706321988392,NA,100
"Local CCW + curve meta-analysis","RD",5,-0.7,"medium",1,25,"200/800/2000","-4.5/-3/-1.5",-0.0843319388115844,-0.0886284580213903,0.00429651920980592,0.0246380696641446,0.00429651920980592,NA,100
"Local CCW + curve meta-analysis","RD",8,-0.7,"medium",1,25,"200/800/2000","-4.5/-3/-1.5",-0.0759282158692478,-0.0815980666420782,0.00566985077283048,0.026227964396828,0.00566985077283048,NA,100
"Local CCW + curve meta-analysis","RD",2,-0.5,"medium",1,25,"200/800/2000","-4.5/-3/-1.5",-0.0700323539791454,-0.071399278594779,0.00136692461563357,0.0320727034848536,0.00136692461563357,NA,100
"Local CCW + curve meta-analysis","RD",5,-0.5,"medium",1,25,"200/800/2000","-4.5/-3/-1.5",-0.0571188701904721,-0.0609944577766914,0.00387558758621929,0.0302364329440516,0.00387558758621929,NA,100
"Local CCW + curve meta-analysis","RD",8,-0.5,"medium",1,25,"200/800/2000","-4.5/-3/-1.5",-0.0520707440159633,-0.056344979038305,0.0042742350223417,0.0252457802044697,0.0042742350223417,NA,100
"Local CCW + curve meta-analysis","RD",2,-1,"small",0.4,25,"200/800/2000","-4.5/-3/-1.5",-0.15125570593368,-0.15957236592368,0.00831665998999937,0.026520126349453,0.00831665998999937,NA,100
"Local CCW + curve meta-analysis","RD",5,-1,"small",0.4,25,"200/800/2000","-4.5/-3/-1.5",-0.132213649779616,-0.1310527983408,-0.00116085143881537,0.0188251208453396,0.00116085143881537,NA,100
"Local CCW + curve meta-analysis","RD",8,-1,"small",0.4,25,"200/800/2000","-4.5/-3/-1.5",-0.117874064712295,-0.120376375621156,0.00250231090886059,0.0176937348336216,0.00250231090886059,NA,100
"Local CCW + curve meta-analysis","RD",2,-0.7,"small",0.4,25,"200/800/2000","-4.5/-3/-1.5",-0.103104491090678,-0.105547081552456,0.00244259046177887,0.0244275413552454,0.00244259046177887,NA,100
"Local CCW + curve meta-analysis","RD",5,-0.7,"small",0.4,25,"200/800/2000","-4.5/-3/-1.5",-0.0908195941781914,-0.088343097379044,-0.0024764967991474,0.0191337137580373,0.0024764967991474,NA,100
"Local CCW + curve meta-analysis","RD",8,-0.7,"small",0.4,25,"200/800/2000","-4.5/-3/-1.5",-0.0795915477919222,-0.081730114388728,0.00213856659680587,0.0138793835232918,0.00213856659680587,NA,100
"Local CCW + curve meta-analysis","RD",2,-0.5,"small",0.4,25,"200/800/2000","-4.5/-3/-1.5",-0.0665933828813913,-0.0724780601653341,0.0058846772839428,0.0291801023725052,0.0058846772839428,NA,100
"Local CCW + curve meta-analysis","RD",5,-0.5,"small",0.4,25,"200/800/2000","-4.5/-3/-1.5",-0.0587697583433014,-0.0611565510217956,0.00238679267849416,0.0181169328260358,0.00238679267849416,NA,100
"Local CCW + curve meta-analysis","RD",8,-0.5,"small",0.4,25,"200/800/2000","-4.5/-3/-1.5",-0.0559575287742029,-0.0568697996070544,0.00091227083285154,0.0140536411978531,0.00091227083285154,NA,100
"Local CCW + curve meta-analysis","RD",2,-1,"strong",2,25,"200/800/2000","-4.5/-3/-1.5",-0.126940073378006,-0.16800051272222,0.0410604393442146,0.0565970309282149,0.0410604393442146,NA,100
"Local CCW + curve meta-analysis","RD",5,-1,"strong",2,25,"200/800/2000","-4.5/-3/-1.5",-0.109213900272931,-0.135925890482634,0.0267119902097038,0.0496883342939425,0.0267119902097038,NA,100
"Local CCW + curve meta-analysis","RD",8,-1,"strong",2,25,"200/800/2000","-4.5/-3/-1.5",-0.109949883455572,-0.121867323139782,0.0119174396842104,0.0589542293639172,0.0119174396842104,NA,100
"Local CCW + curve meta-analysis","RD",2,-0.7,"strong",2,25,"200/800/2000","-4.5/-3/-1.5",-0.0845543029911298,-0.111365398329922,0.0268110953387918,0.0631919880121459,0.0268110953387918,NA,100
"Local CCW + curve meta-analysis","RD",5,-0.7,"strong",2,25,"200/800/2000","-4.5/-3/-1.5",-0.0718933362605274,-0.0901105428272962,0.0182172065667689,0.0542575000344389,0.0182172065667689,NA,100
"Local CCW + curve meta-analysis","RD",8,-0.7,"strong",2,25,"200/800/2000","-4.5/-3/-1.5",-0.0557868908246383,-0.0798339717208472,0.0240470808962088,0.0523998273068365,0.0240470808962088,NA,100
"Local CCW + curve meta-analysis","RD",2,-0.5,"strong",2,25,"200/800/2000","-4.5/-3/-1.5",-0.0555759998296341,-0.0764641151528218,0.0208881153231877,0.0612264520274229,0.0208881153231877,NA,100
"Local CCW + curve meta-analysis","RD",5,-0.5,"strong",2,25,"200/800/2000","-4.5/-3/-1.5",-0.0350236532870256,-0.0610174617432336,0.0259938084562081,0.058718547032559,0.0259938084562081,NA,100
"Local CCW + curve meta-analysis","RD",8,-0.5,"strong",2,25,"200/800/2000","-4.5/-3/-1.5",-0.0272052434107451,-0.0530004391749477,0.0257951957642026,0.0491680447797072,0.0257951957642026,NA,100
"Federated CCW","RR",2,-1,"medium",1,25,"200/800/2000","-4.5/-3/-1.5",0.80887578475978,0.812451817146805,-0.00357603238702543,0.0499218887874167,0.00357603238702543,0.96,100
"Federated CCW","RR",5,-1,"medium",1,25,"200/800/2000","-4.5/-3/-1.5",0.849000317155801,0.844027088124082,0.00497322903171868,0.0406622986413737,0.00497322903171868,0.93,100
"Federated CCW","RR",8,-1,"medium",1,25,"200/800/2000","-4.5/-3/-1.5",0.860233050586748,0.856997915372426,0.00323513521432173,0.0331464538548691,0.00323513521432173,0.91,100
"Federated CCW","RR",2,-0.7,"medium",1,25,"200/800/2000","-4.5/-3/-1.5",0.868309355896757,0.876861008016911,-0.00855165212015463,0.0406966424518314,0.00855165212015463,0.95,100
"Federated CCW","RR",5,-0.7,"medium",1,25,"200/800/2000","-4.5/-3/-1.5",0.89572830483944,0.895573830759285,0.000154474080154567,0.0308374073621195,0.000154474080154567,0.94,100
"Federated CCW","RR",8,-0.7,"medium",1,25,"200/800/2000","-4.5/-3/-1.5",0.909718118394279,0.903810150618853,0.00590796777542659,0.0348954483203844,0.00590796777542659,0.9,100
"Federated CCW","RR",2,-0.5,"medium",1,25,"200/800/2000","-4.5/-3/-1.5",0.908468251473606,0.915900781067805,-0.00743252959419885,0.0458803676496649,0.00743252959419885,0.94,100
"Federated CCW","RR",5,-0.5,"medium",1,25,"200/800/2000","-4.5/-3/-1.5",0.926481176099976,0.928133494447154,-0.00165231834717807,0.0492701278519253,0.00165231834717807,0.94,100
"Federated CCW","RR",8,-0.5,"medium",1,25,"200/800/2000","-4.5/-3/-1.5",0.93445761517543,0.933579124235235,0.000878490940194815,0.0324686669284586,0.000878490940194815,0.88,100
"Federated CCW","RR",2,-1,"small",0.4,25,"200/800/2000","-4.5/-3/-1.5",0.817964848133211,0.812059908464513,0.00590493966869827,0.0338487107346729,0.00590493966869827,0.94,100
"Federated CCW","RR",5,-1,"small",0.4,25,"200/800/2000","-4.5/-3/-1.5",0.844077411921101,0.8456509933508,-0.00157358142969901,0.0213539986937544,0.00157358142969901,0.96,100
"Federated CCW","RR",8,-1,"small",0.4,25,"200/800/2000","-4.5/-3/-1.5",0.860345670790243,0.858268868303082,0.00207680248716075,0.0194236793265,0.00207680248716075,0.91,100
"Federated CCW","RR",2,-0.7,"small",0.4,25,"200/800/2000","-4.5/-3/-1.5",0.876212183360758,0.875689452534911,0.000522730825847755,0.030975571501479,0.000522730825847755,0.94,100
"Federated CCW","RR",5,-0.7,"small",0.4,25,"200/800/2000","-4.5/-3/-1.5",0.891954920201466,0.895952856425777,-0.00399793622431075,0.0228787205853676,0.00399793622431075,0.95,100
"Federated CCW","RR",8,-0.7,"small",0.4,25,"200/800/2000","-4.5/-3/-1.5",0.905485952618609,0.903770972117579,0.00171498050102971,0.0160260611214283,0.00171498050102971,0.98,100
"Federated CCW","RR",2,-0.5,"small",0.4,25,"200/800/2000","-4.5/-3/-1.5",0.919358365231191,0.914637267029666,0.00472109820152487,0.0361868819874107,0.00472109820152487,0.91,100
"Federated CCW","RR",5,-0.5,"small",0.4,25,"200/800/2000","-4.5/-3/-1.5",0.928948940647175,0.927972137796263,0.000976802850911809,0.0210543810441934,0.000976802850911809,0.97,100
"Federated CCW","RR",8,-0.5,"small",0.4,25,"200/800/2000","-4.5/-3/-1.5",0.933951715428431,0.93304150406512,0.000910211363311747,0.0167705655037095,0.000910211363311747,0.98,100
"Federated CCW","RR",2,-1,"strong",2,25,"200/800/2000","-4.5/-3/-1.5",0.834434225332177,0.802559849407148,0.0318743759250291,0.0874919582455035,0.0318743759250291,0.77,100
"Federated CCW","RR",5,-1,"strong",2,25,"200/800/2000","-4.5/-3/-1.5",0.856771795260094,0.839379196095903,0.0173925991641906,0.0737535823610222,0.0173925991641906,0.86,100
"Federated CCW","RR",8,-1,"strong",2,25,"200/800/2000","-4.5/-3/-1.5",0.851155599805278,0.85491290773525,-0.00375730792997278,0.097434600227192,0.00375730792997278,0.85,100
"Federated CCW","RR",2,-0.7,"strong",2,25,"200/800/2000","-4.5/-3/-1.5",0.886596399906197,0.869119441001656,0.0174769589045409,0.0897383547880677,0.0174769589045409,0.74,100
"Federated CCW","RR",5,-0.7,"strong",2,25,"200/800/2000","-4.5/-3/-1.5",0.899103556192063,0.893518241611196,0.00558531458086716,0.0871348969707528,0.00558531458086716,0.81,100
"Federated CCW","RR",8,-0.7,"strong",2,25,"200/800/2000","-4.5/-3/-1.5",0.922646324381399,0.904955007441672,0.0176913169397274,0.074752129074798,0.0176913169397274,0.81,100
"Federated CCW","RR",2,-0.5,"strong",2,25,"200/800/2000","-4.5/-3/-1.5",0.913569464748126,0.910136664667896,0.00343280008022988,0.102326376456833,0.00343280008022988,0.84,100
"Federated CCW","RR",5,-0.5,"strong",2,25,"200/800/2000","-4.5/-3/-1.5",0.948148650922382,0.927896931757546,0.0202517191648354,0.0922529830569587,0.0202517191648354,0.72,100
"Federated CCW","RR",8,-0.5,"strong",2,25,"200/800/2000","-4.5/-3/-1.5",0.956775328694725,0.936901218386263,0.0198741103084625,0.0676267357509268,0.0198741103084625,0.84,100
"Pooled CCW","RR",2,-1,"medium",1,25,"200/800/2000","-4.5/-3/-1.5",0.809327916682973,0.812451817146805,-0.00312390046383224,0.0519637954659463,0.00312390046383224,0.95,100
"Pooled CCW","RR",5,-1,"medium",1,25,"200/800/2000","-4.5/-3/-1.5",0.84925148886161,0.844027088124082,0.00522440073752765,0.0341456718663885,0.00522440073752765,0.94,100
"Pooled CCW","RR",8,-1,"medium",1,25,"200/800/2000","-4.5/-3/-1.5",0.861306301942099,0.856997915372426,0.00430838656967272,0.0281932489118118,0.00430838656967272,0.92,100
"Pooled CCW","RR",2,-0.7,"medium",1,25,"200/800/2000","-4.5/-3/-1.5",0.867036164028249,0.876861008016911,-0.00982484398866241,0.0414157246813819,0.00982484398866241,0.96,100
"Pooled CCW","RR",5,-0.7,"medium",1,25,"200/800/2000","-4.5/-3/-1.5",0.89689881674335,0.895573830759285,0.00132498598406554,0.0286491684261233,0.00132498598406554,0.95,100
"Pooled CCW","RR",8,-0.7,"medium",1,25,"200/800/2000","-4.5/-3/-1.5",0.907277702826347,0.903810150618853,0.0034675522074947,0.0314791436763225,0.0034675522074947,0.92,100
"Pooled CCW","RR",2,-0.5,"medium",1,25,"200/800/2000","-4.5/-3/-1.5",0.91007290096379,0.915900781067805,-0.00582788010401494,0.0424508957075443,0.00582788010401494,0.93,100
"Pooled CCW","RR",5,-0.5,"medium",1,25,"200/800/2000","-4.5/-3/-1.5",0.930790631355286,0.928133494447154,0.00265713690813201,0.0353750988923248,0.00265713690813201,0.95,100
"Pooled CCW","RR",8,-0.5,"medium",1,25,"200/800/2000","-4.5/-3/-1.5",0.935384298200247,0.933579124235235,0.00180517396501186,0.0332067189016411,0.00180517396501186,0.91,100
"Pooled CCW","RR",2,-1,"small",0.4,25,"200/800/2000","-4.5/-3/-1.5",0.816783417557518,0.812059908464513,0.00472350909300535,0.0336784248234835,0.00472350909300535,0.91,100
"Pooled CCW","RR",5,-1,"small",0.4,25,"200/800/2000","-4.5/-3/-1.5",0.844139364879804,0.8456509933508,-0.00151162847099648,0.0211025816854364,0.00151162847099648,0.95,100
"Pooled CCW","RR",8,-1,"small",0.4,25,"200/800/2000","-4.5/-3/-1.5",0.860097633970586,0.858268868303082,0.00182876566750451,0.0192523759738437,0.00182876566750451,0.91,100
"Pooled CCW","RR",2,-0.7,"small",0.4,25,"200/800/2000","-4.5/-3/-1.5",0.87669376009358,0.875689452534911,0.00100430755866983,0.0310922021189755,0.00100430755866983,0.93,100
"Pooled CCW","RR",5,-0.7,"small",0.4,25,"200/800/2000","-4.5/-3/-1.5",0.891858221709,0.895952856425777,-0.00409463471677657,0.0212364261700777,0.00409463471677657,0.96,100
"Pooled CCW","RR",8,-0.7,"small",0.4,25,"200/800/2000","-4.5/-3/-1.5",0.904639546770348,0.903770972117579,0.000868574652768525,0.0161186578301788,0.000868574652768525,0.98,100
"Pooled CCW","RR",2,-0.5,"small",0.4,25,"200/800/2000","-4.5/-3/-1.5",0.919873791727984,0.914637267029666,0.00523652469831816,0.0347481095599393,0.00523652469831816,0.88,100
"Pooled CCW","RR",5,-0.5,"small",0.4,25,"200/800/2000","-4.5/-3/-1.5",0.929277298435143,0.927972137796263,0.00130516063887919,0.0200399095221246,0.00130516063887919,0.97,100
"Pooled CCW","RR",8,-0.5,"small",0.4,25,"200/800/2000","-4.5/-3/-1.5",0.93328268706716,0.93304150406512,0.000241183002040702,0.0167755582695011,0.000241183002040702,0.97,100
"Pooled CCW","RR",2,-1,"strong",2,25,"200/800/2000","-4.5/-3/-1.5",0.833502634833187,0.802559849407148,0.0309427854260383,0.0898883381080028,0.0309427854260383,0.77,100
"Pooled CCW","RR",5,-1,"strong",2,25,"200/800/2000","-4.5/-3/-1.5",0.85763604860378,0.839379196095903,0.0182568525078773,0.0704586653353655,0.0182568525078773,0.83,100
"Pooled CCW","RR",8,-1,"strong",2,25,"200/800/2000","-4.5/-3/-1.5",0.853980200628011,0.85491290773525,-0.000932707107239071,0.0892529180782941,0.000932707107239071,0.83,100
"Pooled CCW","RR",2,-0.7,"strong",2,25,"200/800/2000","-4.5/-3/-1.5",0.889312248133643,0.869119441001656,0.0201928071319874,0.0851188017040533,0.0201928071319874,0.76,100
"Pooled CCW","RR",5,-0.7,"strong",2,25,"200/800/2000","-4.5/-3/-1.5",0.899233541908759,0.893518241611196,0.00571530029756297,0.0808814438676191,0.00571530029756297,0.81,100
"Pooled CCW","RR",8,-0.7,"strong",2,25,"200/800/2000","-4.5/-3/-1.5",0.924380573696042,0.904955007441672,0.0194255662543703,0.067578008932133,0.0194255662543703,0.82,100
"Pooled CCW","RR",2,-0.5,"strong",2,25,"200/800/2000","-4.5/-3/-1.5",0.911876654302367,0.910136664667896,0.00173998963447145,0.109095351168589,0.00173998963447145,0.86,100
"Pooled CCW","RR",5,-0.5,"strong",2,25,"200/800/2000","-4.5/-3/-1.5",0.947025970859703,0.927896931757546,0.0191290391021565,0.0836000615303306,0.0191290391021565,0.74,100
"Pooled CCW","RR",8,-0.5,"strong",2,25,"200/800/2000","-4.5/-3/-1.5",0.955951057951872,0.936901218386263,0.0190498395656093,0.0684408407847253,0.0190498395656093,0.81,100
"Federated IPW (no cloning)","RR",2,-1,"medium",1,25,"200/800/2000","-4.5/-3/-1.5",0.815506247734357,0.812451817146805,0.00305443058755174,0.0512444254564746,0.00305443058755174,NA,100
"Federated IPW (no cloning)","RR",5,-1,"medium",1,25,"200/800/2000","-4.5/-3/-1.5",0.884809253660278,0.844027088124082,0.0407821655361957,0.0470816873579996,0.0407821655361957,NA,100
"Federated IPW (no cloning)","RR",8,-1,"medium",1,25,"200/800/2000","-4.5/-3/-1.5",0.922136281126966,0.856997915372426,0.0651383657545401,0.0409117374346889,0.0651383657545401,NA,100
"Federated IPW (no cloning)","RR",2,-0.7,"medium",1,25,"200/800/2000","-4.5/-3/-1.5",0.875331570484635,0.876861008016911,-0.00152943753227657,0.0415350432970494,0.00152943753227657,NA,100
"Federated IPW (no cloning)","RR",5,-0.7,"medium",1,25,"200/800/2000","-4.5/-3/-1.5",0.934847047566869,0.895573830759285,0.0392732168075842,0.0345131286349417,0.0392732168075842,NA,100
"Federated IPW (no cloning)","RR",8,-0.7,"medium",1,25,"200/800/2000","-4.5/-3/-1.5",0.981975983323285,0.903810150618853,0.0781658327044327,0.043871574289493,0.0781658327044327,NA,100
"Federated IPW (no cloning)","RR",2,-0.5,"medium",1,25,"200/800/2000","-4.5/-3/-1.5",0.916474846926166,0.915900781067805,0.000574065858361484,0.0457491486448591,0.000574065858361484,NA,100
"Federated IPW (no cloning)","RR",5,-0.5,"medium",1,25,"200/800/2000","-4.5/-3/-1.5",0.971893778170775,0.928133494447154,0.0437602837236209,0.0533375372270254,0.0437602837236209,NA,100
"Federated IPW (no cloning)","RR",8,-0.5,"medium",1,25,"200/800/2000","-4.5/-3/-1.5",1.01009460516495,0.933579124235235,0.0765154809297186,0.0386238858135731,0.0765154809297186,NA,100
"Federated IPW (no cloning)","RR",2,-1,"small",0.4,25,"200/800/2000","-4.5/-3/-1.5",0.814681846301314,0.812059908464513,0.00262193783680124,0.0354638917308751,0.00262193783680124,NA,100
"Federated IPW (no cloning)","RR",5,-1,"small",0.4,25,"200/800/2000","-4.5/-3/-1.5",0.849333062987505,0.8456509933508,0.00368206963670468,0.022748342287977,0.00368206963670468,NA,100
"Federated IPW (no cloning)","RR",8,-1,"small",0.4,25,"200/800/2000","-4.5/-3/-1.5",0.88011964263337,0.858268868303082,0.0218507743302884,0.0223866727690288,0.0218507743302884,NA,100
"Federated IPW (no cloning)","RR",2,-0.7,"small",0.4,25,"200/800/2000","-4.5/-3/-1.5",0.875199306415716,0.875689452534911,-0.00049014611919459,0.031573566280963,0.00049014611919459,NA,100
"Federated IPW (no cloning)","RR",5,-0.7,"small",0.4,25,"200/800/2000","-4.5/-3/-1.5",0.902972551652173,0.895952856425777,0.00701969522639562,0.0243952986379804,0.00701969522639562,NA,100
"Federated IPW (no cloning)","RR",8,-0.7,"small",0.4,25,"200/800/2000","-4.5/-3/-1.5",0.933673155992884,0.903770972117579,0.0299021838753051,0.0184105379942995,0.0299021838753051,NA,100
"Federated IPW (no cloning)","RR",2,-0.5,"small",0.4,25,"200/800/2000","-4.5/-3/-1.5",0.920119659994643,0.914637267029666,0.00548239296497617,0.0362675910011402,0.00548239296497617,NA,100
"Federated IPW (no cloning)","RR",5,-0.5,"small",0.4,25,"200/800/2000","-4.5/-3/-1.5",0.944637021116151,0.927972137796263,0.0166648833198879,0.0228139022933855,0.0166648833198879,NA,100
"Federated IPW (no cloning)","RR",8,-0.5,"small",0.4,25,"200/800/2000","-4.5/-3/-1.5",0.968035437685591,0.93304150406512,0.0349939336204709,0.018053271843058,0.0349939336204709,NA,100
"Federated IPW (no cloning)","RR",2,-1,"strong",2,25,"200/800/2000","-4.5/-3/-1.5",0.844552206920537,0.802559849407148,0.0419923575133886,0.0896812812533647,0.0419923575133886,NA,100
"Federated IPW (no cloning)","RR",5,-1,"strong",2,25,"200/800/2000","-4.5/-3/-1.5",0.907014716234592,0.839379196095903,0.0676355201386894,0.0788792796994859,0.0676355201386894,NA,100
"Federated IPW (no cloning)","RR",8,-1,"strong",2,25,"200/800/2000","-4.5/-3/-1.5",0.93640602034896,0.85491290773525,0.0814931126137099,0.119065600687137,0.0814931126137099,NA,100
"Federated IPW (no cloning)","RR",2,-0.7,"strong",2,25,"200/800/2000","-4.5/-3/-1.5",0.898831141486675,0.869119441001656,0.0297117004850194,0.0911507291819537,0.0297117004850194,NA,100
"Federated IPW (no cloning)","RR",5,-0.7,"strong",2,25,"200/800/2000","-4.5/-3/-1.5",0.951191525359426,0.893518241611196,0.0576732837482298,0.0910412599852606,0.0576732837482298,NA,100
"Federated IPW (no cloning)","RR",8,-0.7,"strong",2,25,"200/800/2000","-4.5/-3/-1.5",1.01842539573422,0.904955007441672,0.113470388292551,0.091539793321497,0.113470388292551,NA,100
"Federated IPW (no cloning)","RR",2,-0.5,"strong",2,25,"200/800/2000","-4.5/-3/-1.5",0.927031992587465,0.910136664667896,0.0168953279195686,0.103205995773267,0.0168953279195686,NA,100
"Federated IPW (no cloning)","RR",5,-0.5,"strong",2,25,"200/800/2000","-4.5/-3/-1.5",1.00384757923666,0.927896931757546,0.0759506474791105,0.100614067687673,0.0759506474791105,NA,100
"Federated IPW (no cloning)","RR",8,-0.5,"strong",2,25,"200/800/2000","-4.5/-3/-1.5",1.05676435427461,0.936901218386263,0.119863135888343,0.0834400387979926,0.119863135888343,NA,100
"Federated per-protocol (unweighted)","RR",2,-1,"medium",1,25,"200/800/2000","-4.5/-3/-1.5",1.03274104311788,0.812451817146805,0.220289225971075,0.0199554226527258,0.220289225971075,NA,100
"Federated per-protocol (unweighted)","RR",5,-1,"medium",1,25,"200/800/2000","-4.5/-3/-1.5",1.09051939449795,0.844027088124082,0.246492306373868,0.0190543233512601,0.246492306373868,NA,100
"Federated per-protocol (unweighted)","RR",8,-1,"medium",1,25,"200/800/2000","-4.5/-3/-1.5",1.13024927805188,0.856997915372426,0.273251362679452,0.0274230097316245,0.273251362679452,NA,100
"Federated per-protocol (unweighted)","RR",2,-0.7,"medium",1,25,"200/800/2000","-4.5/-3/-1.5",1.08536910949549,0.876861008016911,0.20850810147858,0.0178831555727542,0.20850810147858,NA,100
"Federated per-protocol (unweighted)","RR",5,-0.7,"medium",1,25,"200/800/2000","-4.5/-3/-1.5",1.14039061446246,0.895573830759285,0.244816783703176,0.0235887955514122,0.244816783703176,NA,100
"Federated per-protocol (unweighted)","RR",8,-0.7,"medium",1,25,"200/800/2000","-4.5/-3/-1.5",1.18395014912001,0.903810150618853,0.280139998501161,0.0227614004674454,0.280139998501161,NA,100
"Federated per-protocol (unweighted)","RR",2,-0.5,"medium",1,25,"200/800/2000","-4.5/-3/-1.5",1.11534369021235,0.915900781067805,0.199442909144543,0.017807348787736,0.199442909144543,NA,100
"Federated per-protocol (unweighted)","RR",5,-0.5,"medium",1,25,"200/800/2000","-4.5/-3/-1.5",1.17588625333588,0.928133494447154,0.247752758888725,0.0208035959235654,0.247752758888725,NA,100
"Federated per-protocol (unweighted)","RR",8,-0.5,"medium",1,25,"200/800/2000","-4.5/-3/-1.5",1.21857403089798,0.933579124235235,0.28499490666274,0.0265738784368265,0.28499490666274,NA,100
"Federated per-protocol (unweighted)","RR",2,-1,"small",0.4,25,"200/800/2000","-4.5/-3/-1.5",0.916097701691642,0.812059908464513,0.104037793227129,0.0209849658559324,0.104037793227129,NA,100
"Federated per-protocol (unweighted)","RR",5,-1,"small",0.4,25,"200/800/2000","-4.5/-3/-1.5",0.951196420381656,0.8456509933508,0.105545427030856,0.0183163835425076,0.105545427030856,NA,100
"Federated per-protocol (unweighted)","RR",8,-1,"small",0.4,25,"200/800/2000","-4.5/-3/-1.5",0.969954294374887,0.858268868303082,0.111685426071805,0.0199072720920672,0.111685426071805,NA,100
"Federated per-protocol (unweighted)","RR",2,-0.7,"small",0.4,25,"200/800/2000","-4.5/-3/-1.5",0.977656750705953,0.875689452534911,0.101967298171042,0.0185101891109943,0.101967298171042,NA,100
"Federated per-protocol (unweighted)","RR",5,-0.7,"small",0.4,25,"200/800/2000","-4.5/-3/-1.5",1.00296681337994,0.895952856425777,0.107013956954167,0.0166384851704434,0.107013956954167,NA,100
"Federated per-protocol (unweighted)","RR",8,-0.7,"small",0.4,25,"200/800/2000","-4.5/-3/-1.5",1.02609812466508,0.903770972117579,0.1223271525475,0.0186568047562675,0.1223271525475,NA,100
"Federated per-protocol (unweighted)","RR",2,-0.5,"small",0.4,25,"200/800/2000","-4.5/-3/-1.5",1.01758852240979,0.914637267029666,0.102951255380122,0.0211919287065417,0.102951255380122,NA,100
"Federated per-protocol (unweighted)","RR",5,-0.5,"small",0.4,25,"200/800/2000","-4.5/-3/-1.5",1.04280139217383,0.927972137796263,0.114829254377565,0.0175233676187621,0.114829254377565,NA,100
"Federated per-protocol (unweighted)","RR",8,-0.5,"small",0.4,25,"200/800/2000","-4.5/-3/-1.5",1.06257882562217,0.93304150406512,0.129537321557052,0.0197681490157452,0.129537321557052,NA,100
"Federated per-protocol (unweighted)","RR",2,-1,"strong",2,25,"200/800/2000","-4.5/-3/-1.5",1.12154331454748,0.802559849407148,0.318983465140332,0.0204441813953884,0.318983465140332,NA,100
"Federated per-protocol (unweighted)","RR",5,-1,"strong",2,25,"200/800/2000","-4.5/-3/-1.5",1.18808335459873,0.839379196095903,0.348704158502824,0.0234755895774422,0.348704158502824,NA,100
"Federated per-protocol (unweighted)","RR",8,-1,"strong",2,25,"200/800/2000","-4.5/-3/-1.5",1.24951609800647,0.85491290773525,0.394603190271221,0.0286163904950907,0.394603190271221,NA,100
"Federated per-protocol (unweighted)","RR",2,-0.7,"strong",2,25,"200/800/2000","-4.5/-3/-1.5",1.16616840640402,0.869119441001656,0.297048965402367,0.0158114879746336,0.297048965402367,NA,100
"Federated per-protocol (unweighted)","RR",5,-0.7,"strong",2,25,"200/800/2000","-4.5/-3/-1.5",1.24592613125731,0.893518241611196,0.352407889646111,0.0236989358672278,0.352407889646111,NA,100
"Federated per-protocol (unweighted)","RR",8,-0.7,"strong",2,25,"200/800/2000","-4.5/-3/-1.5",1.30780741165877,0.904955007441672,0.402852404217102,0.0304014082384878,0.402852404217102,NA,100
"Federated per-protocol (unweighted)","RR",2,-0.5,"strong",2,25,"200/800/2000","-4.5/-3/-1.5",1.19363379238142,0.910136664667896,0.283497127713523,0.0168085612568328,0.283497127713523,NA,100
"Federated per-protocol (unweighted)","RR",5,-0.5,"strong",2,25,"200/800/2000","-4.5/-3/-1.5",1.27887855596056,0.927896931757546,0.350981624203009,0.0238294064737853,0.350981624203009,NA,100
"Federated per-protocol (unweighted)","RR",8,-0.5,"strong",2,25,"200/800/2000","-4.5/-3/-1.5",1.3405922774234,0.936901218386263,0.403691059037139,0.0316368545589644,0.403691059037139,NA,100
"Federated landmark IPW","RR",2,-1,"medium",1,25,"200/800/2000","-4.5/-3/-1.5",0.740959869173258,0.812451817146805,-0.0714919479735473,0.0834280347449278,0.0714919479735473,NA,100
"Federated landmark IPW","RR",5,-1,"medium",1,25,"200/800/2000","-4.5/-3/-1.5",0.705975670454939,0.844027088124082,-0.138051417669143,0.0575823507192769,0.138051417669143,NA,100
"Federated landmark IPW","RR",8,-1,"medium",1,25,"200/800/2000","-4.5/-3/-1.5",0.679111489810401,0.856997915372426,-0.177886425562026,0.0520111894315839,0.177886425562026,NA,100
"Federated landmark IPW","RR",2,-0.7,"medium",1,25,"200/800/2000","-4.5/-3/-1.5",0.813648567335567,0.876861008016911,-0.063212440681345,0.0587744433483242,0.063212440681345,NA,100
"Federated landmark IPW","RR",5,-0.7,"medium",1,25,"200/800/2000","-4.5/-3/-1.5",0.784944932554088,0.895573830759285,-0.110628898205197,0.061604322772646,0.110628898205197,NA,100
"Federated landmark IPW","RR",8,-0.7,"medium",1,25,"200/800/2000","-4.5/-3/-1.5",0.783098843862898,0.903810150618853,-0.120711306755954,0.0960852908873142,0.120711306755954,NA,100
"Federated landmark IPW","RR",2,-0.5,"medium",1,25,"200/800/2000","-4.5/-3/-1.5",0.862431977748258,0.915900781067805,-0.0534688033195463,0.0732891909888646,0.0534688033195463,NA,100
"Federated landmark IPW","RR",5,-0.5,"medium",1,25,"200/800/2000","-4.5/-3/-1.5",0.83625504197659,0.928133494447154,-0.0918784524705637,0.0630889796661869,0.0918784524705637,NA,100
"Federated landmark IPW","RR",8,-0.5,"medium",1,25,"200/800/2000","-4.5/-3/-1.5",0.828947306381848,0.933579124235235,-0.104631817853387,0.0626451167191033,0.104631817853387,NA,100
"Federated landmark IPW","RR",2,-1,"small",0.4,25,"200/800/2000","-4.5/-3/-1.5",0.758650571151899,0.812059908464513,-0.0534093373126137,0.0415488633163563,0.0534093373126137,NA,100
"Federated landmark IPW","RR",5,-1,"small",0.4,25,"200/800/2000","-4.5/-3/-1.5",0.702520498141639,0.8456509933508,-0.143130495209161,0.042784741045501,0.143130495209161,NA,100
"Federated landmark IPW","RR",8,-1,"small",0.4,25,"200/800/2000","-4.5/-3/-1.5",0.66485524962925,0.858268868303082,-0.193413618673831,0.0408859942073004,0.193413618673831,NA,100
"Federated landmark IPW","RR",2,-0.7,"small",0.4,25,"200/800/2000","-4.5/-3/-1.5",0.8376318881184,0.875689452534911,-0.0380575644165106,0.0384807959605599,0.0380575644165106,NA,100
"Federated landmark IPW","RR",5,-0.7,"small",0.4,25,"200/800/2000","-4.5/-3/-1.5",0.787444770514134,0.895952856425777,-0.108508085911643,0.0357824102468832,0.108508085911643,NA,100
"Federated landmark IPW","RR",8,-0.7,"small",0.4,25,"200/800/2000","-4.5/-3/-1.5",0.761144621896414,0.903770972117579,-0.142626350221165,0.0381928809761773,0.142626350221165,NA,100
"Federated landmark IPW","RR",2,-0.5,"small",0.4,25,"200/800/2000","-4.5/-3/-1.5",0.888287386183855,0.914637267029666,-0.0263498808458109,0.0395356265888003,0.0263498808458109,NA,100
"Federated landmark IPW","RR",5,-0.5,"small",0.4,25,"200/800/2000","-4.5/-3/-1.5",0.853406656602821,0.927972137796263,-0.0745654811934421,0.0331793021421385,0.0745654811934421,NA,100
"Federated landmark IPW","RR",8,-0.5,"small",0.4,25,"200/800/2000","-4.5/-3/-1.5",0.827569928724963,0.93304150406512,-0.105471575340157,0.0465712485378624,0.105471575340157,NA,100
"Federated landmark IPW","RR",2,-1,"strong",2,25,"200/800/2000","-4.5/-3/-1.5",0.7510651917575,0.802559849407148,-0.0514946576496479,0.13731889158346,0.0514946576496479,NA,100
"Federated landmark IPW","RR",5,-1,"strong",2,25,"200/800/2000","-4.5/-3/-1.5",0.714258739215967,0.839379196095903,-0.125120456879935,0.11596294148112,0.125120456879935,NA,100
"Federated landmark IPW","RR",8,-1,"strong",2,25,"200/800/2000","-4.5/-3/-1.5",0.675834582490489,0.85491290773525,-0.179078325244761,0.117694822258719,0.179078325244761,NA,100
"Federated landmark IPW","RR",2,-0.7,"strong",2,25,"200/800/2000","-4.5/-3/-1.5",0.819323497586172,0.869119441001656,-0.0497959434154835,0.127644997157528,0.0497959434154835,NA,100
"Federated landmark IPW","RR",5,-0.7,"strong",2,25,"200/800/2000","-4.5/-3/-1.5",0.773520436943071,0.893518241611196,-0.119997804668125,0.13581905962036,0.119997804668125,NA,100
"Federated landmark IPW","RR",8,-0.7,"strong",2,25,"200/800/2000","-4.5/-3/-1.5",0.772455661692464,0.904955007441672,-0.132499345749208,0.135189374085019,0.132499345749208,NA,100
"Federated landmark IPW","RR",2,-0.5,"strong",2,25,"200/800/2000","-4.5/-3/-1.5",0.868176816040339,0.910136664667896,-0.0419598486275568,0.152490435400072,0.0419598486275568,NA,100
"Federated landmark IPW","RR",5,-0.5,"strong",2,25,"200/800/2000","-4.5/-3/-1.5",0.844932559686885,0.927896931757546,-0.0829643720706613,0.11211389592193,0.0829643720706613,NA,100
"Federated landmark IPW","RR",8,-0.5,"strong",2,25,"200/800/2000","-4.5/-3/-1.5",0.831547501155577,0.936901218386263,-0.105353717230685,0.124105325104247,0.105353717230685,NA,100
"Local CCW + curve meta-analysis","RR",2,-1,"medium",1,25,"200/800/2000","-4.5/-3/-1.5",0.817352380251094,0.812451817146805,0.00490056310428896,0.0437545762073977,0.00490056310428896,NA,100
"Local CCW + curve meta-analysis","RR",5,-1,"medium",1,25,"200/800/2000","-4.5/-3/-1.5",0.855684803972331,0.844027088124082,0.0116577158482496,0.0287100452976711,0.0116577158482496,NA,100
"Local CCW + curve meta-analysis","RR",8,-1,"medium",1,25,"200/800/2000","-4.5/-3/-1.5",0.864611104546133,0.856997915372426,0.00761318917370694,0.0283341516446626,0.00761318917370694,NA,100
"Local CCW + curve meta-analysis","RR",2,-0.7,"medium",1,25,"200/800/2000","-4.5/-3/-1.5",0.87456906624725,0.876861008016911,-0.00229194176966125,0.0381647525499185,0.00229194176966125,NA,100
"Local CCW + curve meta-analysis","RR",5,-0.7,"medium",1,25,"200/800/2000","-4.5/-3/-1.5",0.900579370043663,0.895573830759285,0.00500553928437771,0.0285748791975175,0.00500553928437771,NA,100
"Local CCW + curve meta-analysis","RR",8,-0.7,"medium",1,25,"200/800/2000","-4.5/-3/-1.5",0.910765990784022,0.903810150618853,0.00695584016516908,0.02964342408404,0.00695584016516908,NA,100
"Local CCW + curve meta-analysis","RR",2,-0.5,"medium",1,25,"200/800/2000","-4.5/-3/-1.5",0.917618499200617,0.915900781067805,0.00171771813281279,0.0376290267173731,0.00171771813281279,NA,100
"Local CCW + curve meta-analysis","RR",5,-0.5,"medium",1,25,"200/800/2000","-4.5/-3/-1.5",0.932874758137185,0.928133494447154,0.0047412636900306,0.0348617002913181,0.0047412636900306,NA,100
"Local CCW + curve meta-analysis","RR",8,-0.5,"medium",1,25,"200/800/2000","-4.5/-3/-1.5",0.93855310208883,0.933579124235235,0.00497397785359451,0.0295715452528801,0.00497397785359451,NA,100
"Local CCW + curve meta-analysis","RR",2,-1,"small",0.4,25,"200/800/2000","-4.5/-3/-1.5",0.822083051428978,0.812059908464513,0.0100231429644648,0.0308615654309042,0.0100231429644648,NA,100
"Local CCW + curve meta-analysis","RR",5,-1,"small",0.4,25,"200/800/2000","-4.5/-3/-1.5",0.844440944378477,0.8456509933508,-0.0012100489723235,0.0218854114874526,0.0012100489723235,NA,100
"Local CCW + curve meta-analysis","RR",8,-1,"small",0.4,25,"200/800/2000","-4.5/-3/-1.5",0.86143079490357,0.858268868303082,0.00316192660048865,0.0199074345873213,0.00316192660048865,NA,100
"Local CCW + curve meta-analysis","RR",2,-0.7,"small",0.4,25,"200/800/2000","-4.5/-3/-1.5",0.878452317887855,0.875689452534911,0.00276286535294489,0.0284445890504157,0.00276286535294489,NA,100
"Local CCW + curve meta-analysis","RR",5,-0.7,"small",0.4,25,"200/800/2000","-4.5/-3/-1.5",0.893176561072521,0.895952856425777,-0.00277629535325577,0.0221703855429717,0.00277629535325577,NA,100
"Local CCW + curve meta-analysis","RR",8,-0.7,"small",0.4,25,"200/800/2000","-4.5/-3/-1.5",0.906425845762783,0.903770972117579,0.00265487364520388,0.0158460721748578,0.00265487364520388,NA,100
"Local CCW + curve meta-analysis","RR",2,-0.5,"small",0.4,25,"200/800/2000","-4.5/-3/-1.5",0.92153640719179,0.914637267029666,0.00689914016212358,0.0341139115035818,0.00689914016212358,NA,100
"Local CCW + curve meta-analysis","RR",5,-0.5,"small",0.4,25,"200/800/2000","-4.5/-3/-1.5",0.93083575064809,0.927972137796263,0.0028636128518267,0.0210360785953409,0.0028636128518267,NA,100
"Local CCW + curve meta-analysis","RR",8,-0.5,"small",0.4,25,"200/800/2000","-4.5/-3/-1.5",0.934133648745492,0.93304150406512,0.00109214468037266,0.0162237318347447,0.00109214468037266,NA,100
"Local CCW + curve meta-analysis","RR",2,-1,"strong",2,25,"200/800/2000","-4.5/-3/-1.5",0.850264794769407,0.802559849407148,0.0477049453622584,0.0664185453020896,0.0477049453622584,NA,100
"Local CCW + curve meta-analysis","RR",5,-1,"strong",2,25,"200/800/2000","-4.5/-3/-1.5",0.869377164569775,0.839379196095903,0.0299979684738722,0.0584628172863519,0.0299979684738722,NA,100
"Local CCW + curve meta-analysis","RR",8,-1,"strong",2,25,"200/800/2000","-4.5/-3/-1.5",0.866685101161194,0.85491290773525,0.0117721934259434,0.069893665220298,0.0117721934259434,NA,100
"Local CCW + curve meta-analysis","RR",2,-0.7,"strong",2,25,"200/800/2000","-4.5/-3/-1.5",0.900415605036898,0.869119441001656,0.0312961640352424,0.0745725826147408,0.0312961640352424,NA,100
"Local CCW + curve meta-analysis","RR",5,-0.7,"strong",2,25,"200/800/2000","-4.5/-3/-1.5",0.914590513930871,0.893518241611196,0.021072272319675,0.0640408166389365,0.021072272319675,NA,100
"Local CCW + curve meta-analysis","RR",8,-0.7,"strong",2,25,"200/800/2000","-4.5/-3/-1.5",0.93316454092511,0.904955007441672,0.0282095334834385,0.0613697636860999,0.0282095334834385,NA,100
"Local CCW + curve meta-analysis","RR",2,-0.5,"strong",2,25,"200/800/2000","-4.5/-3/-1.5",0.934433548932988,0.910136664667896,0.024296884265092,0.0723847944684863,0.024296884265092,NA,100
"Local CCW + curve meta-analysis","RR",5,-0.5,"strong",2,25,"200/800/2000","-4.5/-3/-1.5",0.959420918819701,0.927896931757546,0.0315239870621547,0.070842303318737,0.0315239870621547,NA,100
"Local CCW + curve meta-analysis","RR",8,-0.5,"strong",2,25,"200/800/2000","-4.5/-3/-1.5",0.967467730002606,0.936901218386263,0.0305665116163439,0.0598590122590427,0.0305665116163439,NA,100
"Federated CCW","OR",2,-1,"medium",1,25,"200/800/2000","-4.5/-3/-1.5",0.40005307757153,0.395469331679395,0.00458374589213431,0.0754757461359028,0.00458374589213431,0.96,100
"Federated CCW","OR",5,-1,"medium",1,25,"200/800/2000","-4.5/-3/-1.5",0.473923897274376,0.450138033819849,0.0237858634545274,0.0728969703719164,0.0237858634545274,0.93,100
"Federated CCW","OR",8,-1,"medium",1,25,"200/800/2000","-4.5/-3/-1.5",0.495462658362027,0.476195755649489,0.0192669027125382,0.0793939376440028,0.0192669027125382,0.9,100
"Federated CCW","OR",2,-0.7,"medium",1,25,"200/800/2000","-4.5/-3/-1.5",0.510746485807081,0.518150714879328,-0.00740422907224642,0.0933627365850151,0.00740422907224642,0.95,100
"Federated CCW","OR",5,-0.7,"medium",1,25,"200/800/2000","-4.5/-3/-1.5",0.574959992484572,0.564727027506309,0.0102329649782631,0.0894532393632791,0.0102329649782631,0.95,100
"Federated CCW","OR",8,-0.7,"medium",1,25,"200/800/2000","-4.5/-3/-1.5",0.614996286232762,0.587691476909949,0.0273048093228126,0.152486591708187,0.0273048093228126,0.93,100
"Federated CCW","OR",2,-0.5,"medium",1,25,"200/800/2000","-4.5/-3/-1.5",0.620871260447222,0.621874176645631,-0.00100291619840948,0.140509084182006,0.00100291619840948,0.93,100
"Federated CCW","OR",5,-0.5,"medium",1,25,"200/800/2000","-4.5/-3/-1.5",0.679498827312414,0.661447184128171,0.0180516431842421,0.147145764249384,0.0180516431842421,0.95,100
"Federated CCW","OR",8,-0.5,"medium",1,25,"200/800/2000","-4.5/-3/-1.5",0.698119200154293,0.680734436907422,0.017384763246871,0.122882150629291,0.017384763246871,0.91,100
"Federated CCW","OR",2,-1,"small",0.4,25,"200/800/2000","-4.5/-3/-1.5",0.407630725955221,0.39474250642508,0.0128882195301411,0.0567092884790796,0.0128882195301411,0.95,100
"Federated CCW","OR",5,-1,"small",0.4,25,"200/800/2000","-4.5/-3/-1.5",0.45089594282898,0.45263364109822,-0.00173769826924048,0.0452424379074591,0.00173769826924048,0.98,100
"Federated CCW","OR",8,-1,"small",0.4,25,"200/800/2000","-4.5/-3/-1.5",0.482213288920947,0.477098098801716,0.00511519011923066,0.0516141470103103,0.00511519011923066,0.93,100
"Federated CCW","OR",2,-0.7,"small",0.4,25,"200/800/2000","-4.5/-3/-1.5",0.525697829145841,0.515334564123673,0.010363265022168,0.0779573074929758,0.010363265022168,0.95,100
"Federated CCW","OR",5,-0.7,"small",0.4,25,"200/800/2000","-4.5/-3/-1.5",0.557991769609245,0.565156870309107,-0.00716510069986202,0.0650169705382197,0.00716510069986202,0.94,100
"Federated CCW","OR",8,-0.7,"small",0.4,25,"200/800/2000","-4.5/-3/-1.5",0.591688421972163,0.585935408523765,0.0057530134483976,0.0543168885274074,0.0057530134483976,0.98,100
"Federated CCW","OR",2,-0.5,"small",0.4,25,"200/800/2000","-4.5/-3/-1.5",0.649080517023048,0.61792419588876,0.0311563211342883,0.116923885736714,0.0311563211342883,0.89,100
"Federated CCW","OR",5,-0.5,"small",0.4,25,"200/800/2000","-4.5/-3/-1.5",0.669251324390073,0.660387828694414,0.0088634956956584,0.0784125292220229,0.0088634956956584,0.96,100
"Federated CCW","OR",8,-0.5,"small",0.4,25,"200/800/2000","-4.5/-3/-1.5",0.684311291880925,0.677371722489525,0.00693956939139989,0.0673103031092546,0.00693956939139989,0.97,100
"Federated CCW","OR",2,-1,"strong",2,25,"200/800/2000","-4.5/-3/-1.5",0.469550082706066,0.377370874197078,0.0921792085089885,0.153762962590804,0.0921792085089885,0.82,100
"Federated CCW","OR",5,-1,"strong",2,25,"200/800/2000","-4.5/-3/-1.5",0.52385041064163,0.44550907855447,0.0783413320871606,0.164596219477701,0.0783413320871606,0.82,100
"Federated CCW","OR",8,-1,"strong",2,25,"200/800/2000","-4.5/-3/-1.5",0.578934551434451,0.485338014233891,0.0935965372005594,0.541019154535209,0.0935965372005594,0.84,100
"Federated CCW","OR",2,-0.7,"strong",2,25,"200/800/2000","-4.5/-3/-1.5",0.608807705442213,0.497525497238449,0.111282208203763,0.249594679303849,0.111282208203763,0.81,100
"Federated CCW","OR",5,-0.7,"strong",2,25,"200/800/2000","-4.5/-3/-1.5",0.644864872325389,0.563343819109887,0.0815210532155022,0.23892604229262,0.0815210532155022,0.81,100
"Federated CCW","OR",8,-0.7,"strong",2,25,"200/800/2000","-4.5/-3/-1.5",0.714711244630156,0.60377148238686,0.110939762243296,0.220272326401512,0.110939762243296,0.84,100
"Federated CCW","OR",2,-0.5,"strong",2,25,"200/800/2000","-4.5/-3/-1.5",0.716083363396036,0.601617973772379,0.114465389623657,0.311392221636417,0.114465389623657,0.87,100
"Federated CCW","OR",5,-0.5,"strong",2,25,"200/800/2000","-4.5/-3/-1.5",0.837452986458541,0.664268570788203,0.173184415670338,0.3541475221666,0.173184415670338,0.75,100
"Federated CCW","OR",8,-0.5,"strong",2,25,"200/800/2000","-4.5/-3/-1.5",0.846119216691373,0.70381811630858,0.142301100382793,0.269619188096975,0.142301100382793,0.85,100
"Pooled CCW","OR",2,-1,"medium",1,25,"200/800/2000","-4.5/-3/-1.5",0.401623829186748,0.395469331679395,0.00615449750735316,0.0778397890318137,0.00615449750735316,0.96,100
"Pooled CCW","OR",5,-1,"medium",1,25,"200/800/2000","-4.5/-3/-1.5",0.472756221458895,0.450138033819849,0.0226181876390461,0.0675680487144094,0.0226181876390461,0.93,100
"Pooled CCW","OR",8,-1,"medium",1,25,"200/800/2000","-4.5/-3/-1.5",0.495931578492088,0.476195755649489,0.019735822842599,0.0717874700711157,0.019735822842599,0.91,100
"Pooled CCW","OR",2,-0.7,"medium",1,25,"200/800/2000","-4.5/-3/-1.5",0.508147858233109,0.518150714879328,-0.010002856646219,0.0932070949477144,0.010002856646219,0.96,100
"Pooled CCW","OR",5,-0.7,"medium",1,25,"200/800/2000","-4.5/-3/-1.5",0.576473998781758,0.564727027506309,0.0117469712754485,0.0829646826871085,0.0117469712754485,0.96,100
"Pooled CCW","OR",8,-0.7,"medium",1,25,"200/800/2000","-4.5/-3/-1.5",0.602574624930758,0.587691476909949,0.0148831480208087,0.111232821548311,0.0148831480208087,0.96,100
"Pooled CCW","OR",2,-0.5,"medium",1,25,"200/800/2000","-4.5/-3/-1.5",0.623763197723051,0.621874176645631,0.00188902107741995,0.137178721369054,0.00188902107741995,0.94,100
"Pooled CCW","OR",5,-0.5,"medium",1,25,"200/800/2000","-4.5/-3/-1.5",0.686541951257028,0.661447184128171,0.0250947671288566,0.129294528661245,0.0250947671288566,0.95,100
"Pooled CCW","OR",8,-0.5,"medium",1,25,"200/800/2000","-4.5/-3/-1.5",0.702245954482759,0.680734436907422,0.0215115175753369,0.127876883392644,0.0215115175753369,0.89,100
"Pooled CCW","OR",2,-1,"small",0.4,25,"200/800/2000","-4.5/-3/-1.5",0.405854613638664,0.39474250642508,0.0111121072135844,0.0581772649829629,0.0111121072135844,0.94,100
"Pooled CCW","OR",5,-1,"small",0.4,25,"200/800/2000","-4.5/-3/-1.5",0.450750494564675,0.45263364109822,-0.00188314653354506,0.045210746837361,0.00188314653354506,0.98,100
"Pooled CCW","OR",8,-1,"small",0.4,25,"200/800/2000","-4.5/-3/-1.5",0.481558480832142,0.477098098801716,0.00446038203042599,0.0517548605656552,0.00446038203042599,0.93,100
"Pooled CCW","OR",2,-0.7,"small",0.4,25,"200/800/2000","-4.5/-3/-1.5",0.527079062597709,0.515334564123673,0.0117444984740356,0.0790577943240539,0.0117444984740356,0.96,100
"Pooled CCW","OR",5,-0.7,"small",0.4,25,"200/800/2000","-4.5/-3/-1.5",0.557124227579978,0.565156870309107,-0.00803264272912822,0.0617176358853208,0.00803264272912822,0.93,100
"Pooled CCW","OR",8,-0.7,"small",0.4,25,"200/800/2000","-4.5/-3/-1.5",0.589261069071905,0.585935408523765,0.0033256605481397,0.0555356153022578,0.0033256605481397,0.96,100
"Pooled CCW","OR",2,-0.5,"small",0.4,25,"200/800/2000","-4.5/-3/-1.5",0.649722355603111,0.61792419588876,0.0317981597143512,0.113866918829565,0.0317981597143512,0.86,100
"Pooled CCW","OR",5,-0.5,"small",0.4,25,"200/800/2000","-4.5/-3/-1.5",0.669792203062826,0.660387828694414,0.00940437436841174,0.0747471265732854,0.00940437436841174,0.96,100
"Pooled CCW","OR",8,-0.5,"small",0.4,25,"200/800/2000","-4.5/-3/-1.5",0.681981628520584,0.677371722489525,0.00460990603105911,0.0655967083759775,0.00460990603105911,0.97,100
"Pooled CCW","OR",2,-1,"strong",2,25,"200/800/2000","-4.5/-3/-1.5",0.467994681790281,0.377370874197078,0.0906238075932034,0.151320551362978,0.0906238075932034,0.81,100
"Pooled CCW","OR",5,-1,"strong",2,25,"200/800/2000","-4.5/-3/-1.5",0.524889076814579,0.44550907855447,0.0793799982601095,0.162547028465502,0.0793799982601095,0.82,100
"Pooled CCW","OR",8,-1,"strong",2,25,"200/800/2000","-4.5/-3/-1.5",0.56026602972128,0.485338014233891,0.0749280154873883,0.360404024484773,0.0749280154873883,0.88,100
"Pooled CCW","OR",2,-0.7,"strong",2,25,"200/800/2000","-4.5/-3/-1.5",0.611749055362621,0.497525497238449,0.114223558124172,0.241800497924585,0.114223558124172,0.79,100
"Pooled CCW","OR",5,-0.7,"strong",2,25,"200/800/2000","-4.5/-3/-1.5",0.641523382448859,0.563343819109887,0.0781795633389723,0.233416743769084,0.0781795633389723,0.82,100
"Pooled CCW","OR",8,-0.7,"strong",2,25,"200/800/2000","-4.5/-3/-1.5",0.712645845235932,0.60377148238686,0.108874362849072,0.210153310195731,0.108874362849072,0.85,100
"Pooled CCW","OR",2,-0.5,"strong",2,25,"200/800/2000","-4.5/-3/-1.5",0.717677300344299,0.601617973772379,0.116059326571919,0.314947994527934,0.116059326571919,0.86,100
"Pooled CCW","OR",5,-0.5,"strong",2,25,"200/800/2000","-4.5/-3/-1.5",0.819382918755623,0.664268570788203,0.15511434796742,0.321008399423611,0.15511434796742,0.75,100
"Pooled CCW","OR",8,-0.5,"strong",2,25,"200/800/2000","-4.5/-3/-1.5",0.845234132695007,0.70381811630858,0.141416016386428,0.279050118649945,0.141416016386428,0.85,100
"Federated IPW (no cloning)","OR",2,-1,"medium",1,25,"200/800/2000","-4.5/-3/-1.5",0.415833113178643,0.395469331679395,0.0203637814992478,0.0811593242257063,0.0203637814992478,NA,100
"Federated IPW (no cloning)","OR",5,-1,"medium",1,25,"200/800/2000","-4.5/-3/-1.5",0.590764490634607,0.450138033819849,0.140626456814758,0.09883591588245,0.140626456814758,NA,100
"Federated IPW (no cloning)","OR",8,-1,"medium",1,25,"200/800/2000","-4.5/-3/-1.5",0.71427938027239,0.476195755649489,0.238083624622902,0.128459909013516,0.238083624622902,NA,100
"Federated IPW (no cloning)","OR",2,-0.7,"medium",1,25,"200/800/2000","-4.5/-3/-1.5",0.532149770991256,0.518150714879328,0.0139990561119285,0.0998720702787484,0.0139990561119285,NA,100
"Federated IPW (no cloning)","OR",5,-0.7,"medium",1,25,"200/800/2000","-4.5/-3/-1.5",0.726768177891969,0.564727027506309,0.16204115038566,0.121715501874391,0.16204115038566,NA,100
"Federated IPW (no cloning)","OR",8,-0.7,"medium",1,25,"200/800/2000","-4.5/-3/-1.5",0.941994861399198,0.587691476909949,0.354303384489249,0.25332914017276,0.354303384489249,NA,100
"Federated IPW (no cloning)","OR",2,-0.5,"medium",1,25,"200/800/2000","-4.5/-3/-1.5",0.650302403998661,0.621874176645631,0.0284282273530293,0.14683789075999,0.0284282273530293,NA,100
"Federated IPW (no cloning)","OR",5,-0.5,"medium",1,25,"200/800/2000","-4.5/-3/-1.5",0.891677469941995,0.661447184128171,0.230230285813823,0.205923069725378,0.230230285813823,NA,100
"Federated IPW (no cloning)","OR",8,-0.5,"medium",1,25,"200/800/2000","-4.5/-3/-1.5",1.07454366361881,0.680734436907422,0.393809226711386,0.207052268681124,0.393809226711386,NA,100
"Federated IPW (no cloning)","OR",2,-1,"small",0.4,25,"200/800/2000","-4.5/-3/-1.5",0.404205863650676,0.39474250642508,0.00946335722559597,0.0578825768665726,0.00946335722559597,NA,100
"Federated IPW (no cloning)","OR",5,-1,"small",0.4,25,"200/800/2000","-4.5/-3/-1.5",0.478632672406994,0.45263364109822,0.0259990313087742,0.0498624963438949,0.0259990313087742,NA,100
"Federated IPW (no cloning)","OR",8,-1,"small",0.4,25,"200/800/2000","-4.5/-3/-1.5",0.561905400206645,0.477098098801716,0.0848073014049286,0.0629174681767333,0.0848073014049286,NA,100
"Federated IPW (no cloning)","OR",2,-0.7,"small",0.4,25,"200/800/2000","-4.5/-3/-1.5",0.525153545717112,0.515334564123673,0.00981898159343901,0.0788641260771243,0.00981898159343901,NA,100
"Federated IPW (no cloning)","OR",5,-0.7,"small",0.4,25,"200/800/2000","-4.5/-3/-1.5",0.603946048009893,0.565156870309107,0.0387891777007864,0.0737277382035056,0.0387891777007864,NA,100
"Federated IPW (no cloning)","OR",8,-0.7,"small",0.4,25,"200/800/2000","-4.5/-3/-1.5",0.712038273297214,0.585935408523765,0.126102864773448,0.0714709053949918,0.126102864773448,NA,100
"Federated IPW (no cloning)","OR",2,-0.5,"small",0.4,25,"200/800/2000","-4.5/-3/-1.5",0.652925528384278,0.61792419588876,0.0350013324955184,0.117841899873952,0.0350013324955184,NA,100
"Federated IPW (no cloning)","OR",5,-0.5,"small",0.4,25,"200/800/2000","-4.5/-3/-1.5",0.740059985932893,0.660387828694414,0.0796721572384787,0.0915062329248454,0.0796721572384787,NA,100
"Federated IPW (no cloning)","OR",8,-0.5,"small",0.4,25,"200/800/2000","-4.5/-3/-1.5",0.844843877333257,0.677371722489525,0.167472154843732,0.0825083101527397,0.167472154843732,NA,100
"Federated IPW (no cloning)","OR",2,-1,"strong",2,25,"200/800/2000","-4.5/-3/-1.5",0.50016000887415,0.377370874197078,0.122789134677072,0.168339282035283,0.122789134677072,NA,100
"Federated IPW (no cloning)","OR",5,-1,"strong",2,25,"200/800/2000","-4.5/-3/-1.5",0.695919362361762,0.44550907855447,0.250410283807292,0.214897648582797,0.250410283807292,NA,100
"Federated IPW (no cloning)","OR",8,-1,"strong",2,25,"200/800/2000","-4.5/-3/-1.5",0.961808470531561,0.485338014233891,0.47647045629767,0.976715430629039,0.47647045629767,NA,100
"Federated IPW (no cloning)","OR",2,-0.7,"strong",2,25,"200/800/2000","-4.5/-3/-1.5",0.656348365724193,0.497525497238449,0.158822868485743,0.26784063843329,0.158822868485743,NA,100
"Federated IPW (no cloning)","OR",5,-0.7,"strong",2,25,"200/800/2000","-4.5/-3/-1.5",0.870478377611117,0.563343819109887,0.30713455850123,0.34052271002146,0.30713455850123,NA,100
"Federated IPW (no cloning)","OR",8,-0.7,"strong",2,25,"200/800/2000","-4.5/-3/-1.5",1.18545417479882,0.60377148238686,0.581682692411957,0.465511649467235,0.581682692411957,NA,100
"Federated IPW (no cloning)","OR",2,-0.5,"strong",2,25,"200/800/2000","-4.5/-3/-1.5",0.778184026659653,0.601617973772379,0.176566052887274,0.340110577690597,0.176566052887274,NA,100
"Federated IPW (no cloning)","OR",5,-0.5,"strong",2,25,"200/800/2000","-4.5/-3/-1.5",1.1487698914204,0.664268570788203,0.484501320632195,0.496478342964565,0.484501320632195,NA,100
"Federated IPW (no cloning)","OR",8,-0.5,"strong",2,25,"200/800/2000","-4.5/-3/-1.5",1.43826837573173,0.70381811630858,0.73445025942315,0.574276102310747,0.73445025942315,NA,100
"Federated per-protocol (unweighted)","OR",2,-1,"medium",1,25,"200/800/2000","-4.5/-3/-1.5",1.20610574815595,0.395469331679395,0.810636416476558,0.137264371753018,0.810636416476558,NA,100
"Federated per-protocol (unweighted)","OR",5,-1,"medium",1,25,"200/800/2000","-4.5/-3/-1.5",1.51140379792776,0.450138033819849,1.06126576410791,0.126817847756979,1.06126576410791,NA,100
"Federated per-protocol (unweighted)","OR",8,-1,"medium",1,25,"200/800/2000","-4.5/-3/-1.5",1.70133945873199,0.476195755649489,1.2251437030825,0.165954266686157,1.2251437030825,NA,100
"Federated per-protocol (unweighted)","OR",2,-0.7,"medium",1,25,"200/800/2000","-4.5/-3/-1.5",1.70097191307875,0.518150714879328,1.18282119819942,0.193545762972386,1.18282119819942,NA,100
"Federated per-protocol (unweighted)","OR",5,-0.7,"medium",1,25,"200/800/2000","-4.5/-3/-1.5",2.0301574438106,0.564727027506309,1.46543041630429,0.218747757930027,1.46543041630429,NA,100
"Federated per-protocol (unweighted)","OR",8,-0.7,"medium",1,25,"200/800/2000","-4.5/-3/-1.5",2.25588129217734,0.587691476909949,1.66818981526739,0.190244410451668,1.66818981526739,NA,100
"Federated per-protocol (unweighted)","OR",2,-0.5,"medium",1,25,"200/800/2000","-4.5/-3/-1.5",2.18952923341538,0.621874176645631,1.56765505676975,0.28318389010464,1.56765505676975,NA,100
"Federated per-protocol (unweighted)","OR",5,-0.5,"medium",1,25,"200/800/2000","-4.5/-3/-1.5",2.59376281493783,0.661447184128171,1.93231563080966,0.275379015203585,1.93231563080966,NA,100
"Federated per-protocol (unweighted)","OR",8,-0.5,"medium",1,25,"200/800/2000","-4.5/-3/-1.5",2.77958291809148,0.680734436907422,2.09884848118406,0.300406339481784,2.09884848118406,NA,100
"Federated per-protocol (unweighted)","OR",2,-1,"small",0.4,25,"200/800/2000","-4.5/-3/-1.5",0.65171263508237,0.39474250642508,0.25697012865729,0.0695392261018674,0.25697012865729,NA,100
"Federated per-protocol (unweighted)","OR",5,-1,"small",0.4,25,"200/800/2000","-4.5/-3/-1.5",0.79625282251553,0.45263364109822,0.343619181417311,0.0723850190308762,0.343619181417311,NA,100
"Federated per-protocol (unweighted)","OR",8,-1,"small",0.4,25,"200/800/2000","-4.5/-3/-1.5",0.876725398516365,0.477098098801716,0.399627299714648,0.0796535075366943,0.399627299714648,NA,100
"Federated per-protocol (unweighted)","OR",2,-0.7,"small",0.4,25,"200/800/2000","-4.5/-3/-1.5",0.887461080770497,0.515334564123673,0.372126516646824,0.0923604739261642,0.372126516646824,NA,100
"Federated per-protocol (unweighted)","OR",5,-0.7,"small",0.4,25,"200/800/2000","-4.5/-3/-1.5",1.01842970413185,0.565156870309107,0.453272833822746,0.0898238892891975,0.453272833822746,NA,100
"Federated per-protocol (unweighted)","OR",8,-0.7,"small",0.4,25,"200/800/2000","-4.5/-3/-1.5",1.1361008586005,0.585935408523765,0.550165450076736,0.0988724784091459,0.550165450076736,NA,100
"Federated per-protocol (unweighted)","OR",2,-0.5,"small",0.4,25,"200/800/2000","-4.5/-3/-1.5",1.12361652448594,0.61792419588876,0.50569232859718,0.145005713195516,0.50569232859718,NA,100
"Federated per-protocol (unweighted)","OR",5,-0.5,"small",0.4,25,"200/800/2000","-4.5/-3/-1.5",1.26673723426305,0.660387828694414,0.606349405568639,0.117338974781102,0.606349405568639,NA,100
"Federated per-protocol (unweighted)","OR",8,-0.5,"small",0.4,25,"200/800/2000","-4.5/-3/-1.5",1.37191613270059,0.677371722489525,0.694544410211067,0.126410681113983,0.694544410211067,NA,100
"Federated per-protocol (unweighted)","OR",2,-1,"strong",2,25,"200/800/2000","-4.5/-3/-1.5",1.96987778472765,0.377370874197078,1.59250691053058,0.227841468842113,1.59250691053058,NA,100
"Federated per-protocol (unweighted)","OR",5,-1,"strong",2,25,"200/800/2000","-4.5/-3/-1.5",2.265213964074,0.44550907855447,1.81970488551953,0.206027721329989,1.81970488551953,NA,100
"Federated per-protocol (unweighted)","OR",8,-1,"strong",2,25,"200/800/2000","-4.5/-3/-1.5",2.5587921500347,0.485338014233891,2.07345413580081,0.226485431714428,2.07345413580081,NA,100
"Federated per-protocol (unweighted)","OR",2,-0.7,"strong",2,25,"200/800/2000","-4.5/-3/-1.5",2.85547321717577,0.497525497238449,2.35794771993732,0.295255004839682,2.35794771993732,NA,100
"Federated per-protocol (unweighted)","OR",5,-0.7,"strong",2,25,"200/800/2000","-4.5/-3/-1.5",3.29597846510287,0.563343819109887,2.73263464599298,0.333367299501184,2.73263464599298,NA,100
"Federated per-protocol (unweighted)","OR",8,-0.7,"strong",2,25,"200/800/2000","-4.5/-3/-1.5",3.62047191658542,0.60377148238686,3.01670043419856,0.363587004698205,3.01670043419856,NA,100
"Federated per-protocol (unweighted)","OR",2,-0.5,"strong",2,25,"200/800/2000","-4.5/-3/-1.5",3.75709025634296,0.601617973772379,3.15547228257058,0.485038069731874,3.15547228257058,NA,100
"Federated per-protocol (unweighted)","OR",5,-0.5,"strong",2,25,"200/800/2000","-4.5/-3/-1.5",4.29564894560401,0.664268570788203,3.63138037481581,0.436247743982056,3.63138037481581,NA,100
"Federated per-protocol (unweighted)","OR",8,-0.5,"strong",2,25,"200/800/2000","-4.5/-3/-1.5",4.5928889380567,0.70381811630858,3.88907082174812,0.484644081715353,3.88907082174812,NA,100
"Federated landmark IPW","OR",2,-1,"medium",1,25,"200/800/2000","-4.5/-3/-1.5",4.84985011990738,0.395469331679395,4.45438078822799,44.9145648728618,4.45438078822799,NA,100
"Federated landmark IPW","OR",5,-1,"medium",1,25,"200/800/2000","-4.5/-3/-1.5",0.402206225583424,0.450138033819849,-0.0479318082364247,0.0668000162206406,0.0479318082364247,NA,100
"Federated landmark IPW","OR",8,-1,"medium",1,25,"200/800/2000","-4.5/-3/-1.5",0.436080672723354,0.476195755649489,-0.0401150829261354,0.064651872152599,0.0401150829261354,NA,100
"Federated landmark IPW","OR",2,-0.7,"medium",1,25,"200/800/2000","-4.5/-3/-1.5",0.470311815724902,0.518150714879328,-0.0478388991544259,0.0952625495078955,0.0478388991544259,NA,100
"Federated landmark IPW","OR",5,-0.7,"medium",1,25,"200/800/2000","-4.5/-3/-1.5",0.511741393214783,0.564727027506309,-0.0529856342915259,0.104731354557818,0.0529856342915259,NA,100
"Federated landmark IPW","OR",8,-0.7,"medium",1,25,"200/800/2000","-4.5/-3/-1.5",8.37421930793903,0.587691476909949,7.78652783102909,78.1037716791998,7.78652783102909,NA,100
"Federated landmark IPW","OR",2,-0.5,"medium",1,25,"200/800/2000","-4.5/-3/-1.5",0.573493046948442,0.621874176645631,-0.0483811296971895,0.141513573239191,0.0483811296971895,NA,100
"Federated landmark IPW","OR",5,-0.5,"medium",1,25,"200/800/2000","-4.5/-3/-1.5",0.602017024926189,0.661447184128171,-0.0594301592019826,0.123772807431318,0.0594301592019826,NA,100
"Federated landmark IPW","OR",8,-0.5,"medium",1,25,"200/800/2000","-4.5/-3/-1.5",0.651178900795465,0.680734436907422,-0.0295555361119565,0.106811423589157,0.0295555361119565,NA,100
"Federated landmark IPW","OR",2,-1,"small",0.4,25,"200/800/2000","-4.5/-3/-1.5",0.379050315891171,0.39474250642508,-0.0156921905339088,0.0545027346737155,0.0156921905339088,NA,100
"Federated landmark IPW","OR",5,-1,"small",0.4,25,"200/800/2000","-4.5/-3/-1.5",0.388789243496839,0.45263364109822,-0.0638443976013808,0.0579461749743974,0.0638443976013808,NA,100
"Federated landmark IPW","OR",8,-1,"small",0.4,25,"200/800/2000","-4.5/-3/-1.5",0.410465917309171,0.477098098801716,-0.066632181492545,0.0568009453350595,0.066632181492545,NA,100
"Federated landmark IPW","OR",2,-0.7,"small",0.4,25,"200/800/2000","-4.5/-3/-1.5",0.508019396081883,0.515334564123673,-0.00731516804179024,0.0744599700858569,0.00731516804179024,NA,100
"Federated landmark IPW","OR",5,-0.7,"small",0.4,25,"200/800/2000","-4.5/-3/-1.5",0.503535892728861,0.565156870309107,-0.0616209775802459,0.0577260516467084,0.0616209775802459,NA,100
"Federated landmark IPW","OR",8,-0.7,"small",0.4,25,"200/800/2000","-4.5/-3/-1.5",0.535296649109358,0.585935408523765,-0.0506387594144078,0.0615998701415232,0.0506387594144078,NA,100
"Federated landmark IPW","OR",2,-0.5,"small",0.4,25,"200/800/2000","-4.5/-3/-1.5",0.618432110334917,0.61792419588876,0.00050791444615769,0.0961661185902485,0.00050791444615769,NA,100
"Federated landmark IPW","OR",5,-0.5,"small",0.4,25,"200/800/2000","-4.5/-3/-1.5",0.620868495052739,0.660387828694414,-0.039519333641675,0.0693638019367897,0.039519333641675,NA,100
"Federated landmark IPW","OR",8,-0.5,"small",0.4,25,"200/800/2000","-4.5/-3/-1.5",0.641231549491445,0.677371722489525,-0.0361401729980801,0.0835790150495461,0.0361401729980801,NA,100
"Federated landmark IPW","OR",2,-1,"strong",2,25,"200/800/2000","-4.5/-3/-1.5",0.415822613621413,0.377370874197078,0.0384517394243357,0.161634773784621,0.0384517394243357,NA,100
"Federated landmark IPW","OR",5,-1,"strong",2,25,"200/800/2000","-4.5/-3/-1.5",0.445372582307289,0.44550907855447,-0.00013649624718052,0.204931697551679,0.00013649624718052,NA,100
"Federated landmark IPW","OR",8,-1,"strong",2,25,"200/800/2000","-4.5/-3/-1.5",0.453126511074258,0.485338014233891,-0.0322115031596329,0.149185150879719,0.0322115031596329,NA,100
"Federated landmark IPW","OR",2,-0.7,"strong",2,25,"200/800/2000","-4.5/-3/-1.5",0.533590426593619,0.497525497238449,0.0360649293551697,0.220057650107179,0.0360649293551697,NA,100
"Federated landmark IPW","OR",5,-0.7,"strong",2,25,"200/800/2000","-4.5/-3/-1.5",0.538098749192422,0.563343819109887,-0.0252450699174653,0.198778537649541,0.0252450699174653,NA,100
"Federated landmark IPW","OR",8,-0.7,"strong",2,25,"200/800/2000","-4.5/-3/-1.5",0.590358229473383,0.60377148238686,-0.0134132529134774,0.182796047378668,0.0134132529134774,NA,100
"Federated landmark IPW","OR",2,-0.5,"strong",2,25,"200/800/2000","-4.5/-3/-1.5",0.678225100864182,0.601617973772379,0.0766071270918033,0.319031418014224,0.0766071270918033,NA,100
"Federated landmark IPW","OR",5,-0.5,"strong",2,25,"200/800/2000","-4.5/-3/-1.5",0.657826076196381,0.664268570788203,-0.00644249459182231,0.222212361394157,0.00644249459182231,NA,100
"Federated landmark IPW","OR",8,-0.5,"strong",2,25,"200/800/2000","-4.5/-3/-1.5",0.685542198685458,0.70381811630858,-0.0182759176231217,0.207225113218232,0.0182759176231217,NA,100
"Local CCW + curve meta-analysis","OR",2,-1,"medium",1,25,"200/800/2000","-4.5/-3/-1.5",0.41243939657298,0.395469331679395,0.0169700648935847,0.0749498868019604,0.0169700648935847,NA,100
"Local CCW + curve meta-analysis","OR",5,-1,"medium",1,25,"200/800/2000","-4.5/-3/-1.5",0.484705898113893,0.450138033819849,0.0345678642940439,0.0646958807434958,0.0345678642940439,NA,100
"Local CCW + curve meta-analysis","OR",8,-1,"medium",1,25,"200/800/2000","-4.5/-3/-1.5",0.504314108002851,0.476195755649489,0.0281183523533619,0.0741542382207521,0.0281183523533619,NA,100
"Local CCW + curve meta-analysis","OR",2,-0.7,"medium",1,25,"200/800/2000","-4.5/-3/-1.5",0.524167061844703,0.518150714879328,0.0060163469653751,0.0934291312828208,0.0060163469653751,NA,100
"Local CCW + curve meta-analysis","OR",5,-0.7,"medium",1,25,"200/800/2000","-4.5/-3/-1.5",0.587413986626151,0.564727027506309,0.0226869591198422,0.0863507258993998,0.0226869591198422,NA,100
"Local CCW + curve meta-analysis","OR",8,-0.7,"medium",1,25,"200/800/2000","-4.5/-3/-1.5",0.614171998918366,0.587691476909949,0.0264805220084173,0.103747880471656,0.0264805220084173,NA,100
"Local CCW + curve meta-analysis","OR",2,-0.5,"medium",1,25,"200/800/2000","-4.5/-3/-1.5",0.643903808559204,0.621874176645631,0.0220296319135727,0.132235212392995,0.0220296319135727,NA,100
"Local CCW + curve meta-analysis","OR",5,-0.5,"medium",1,25,"200/800/2000","-4.5/-3/-1.5",0.693609675141343,0.661447184128171,0.0321624910131712,0.129973608146914,0.0321624910131712,NA,100
"Local CCW + curve meta-analysis","OR",8,-0.5,"medium",1,25,"200/800/2000","-4.5/-3/-1.5",0.712517463433207,0.680734436907422,0.0317830265257853,0.11805841922223,0.0317830265257853,NA,100
"Local CCW + curve meta-analysis","OR",2,-1,"small",0.4,25,"200/800/2000","-4.5/-3/-1.5",0.413809799778022,0.39474250642508,0.0190672933529421,0.0551901187402529,0.0190672933529421,NA,100
"Local CCW + curve meta-analysis","OR",5,-1,"small",0.4,25,"200/800/2000","-4.5/-3/-1.5",0.45176079035168,0.45263364109822,-0.00087285074653985,0.0464137979189358,0.00087285074653985,NA,100
"Local CCW + curve meta-analysis","OR",8,-1,"small",0.4,25,"200/800/2000","-4.5/-3/-1.5",0.484723972410607,0.477098098801716,0.00762587360889076,0.0532299532238934,0.00762587360889076,NA,100
"Local CCW + curve meta-analysis","OR",2,-0.7,"small",0.4,25,"200/800/2000","-4.5/-3/-1.5",0.52989950519711,0.515334564123673,0.0145649410734365,0.073072294023045,0.0145649410734365,NA,100
"Local CCW + curve meta-analysis","OR",5,-0.7,"small",0.4,25,"200/800/2000","-4.5/-3/-1.5",0.561020200750255,0.565156870309107,-0.00413666955885112,0.0647350618390628,0.00413666955885112,NA,100
"Local CCW + curve meta-analysis","OR",8,-0.7,"small",0.4,25,"200/800/2000","-4.5/-3/-1.5",0.594393747151458,0.585935408523765,0.00845833862769251,0.0544095196968583,0.00845833862769251,NA,100
"Local CCW + curve meta-analysis","OR",2,-0.5,"small",0.4,25,"200/800/2000","-4.5/-3/-1.5",0.654639852234872,0.61792419588876,0.0367156563461125,0.111936956539034,0.0367156563461125,NA,100
"Local CCW + curve meta-analysis","OR",5,-0.5,"small",0.4,25,"200/800/2000","-4.5/-3/-1.5",0.675771611728166,0.660387828694414,0.0153837830337518,0.07908617317716,0.0153837830337518,NA,100
"Local CCW + curve meta-analysis","OR",8,-0.5,"small",0.4,25,"200/800/2000","-4.5/-3/-1.5",0.684857607122201,0.677371722489525,0.0074858846326758,0.0657549418364209,0.0074858846326758,NA,100
"Local CCW + curve meta-analysis","OR",2,-1,"strong",2,25,"200/800/2000","-4.5/-3/-1.5",0.489551185119968,0.377370874197078,0.11218031092289,0.135651750653296,0.11218031092289,NA,100
"Local CCW + curve meta-analysis","OR",5,-1,"strong",2,25,"200/800/2000","-4.5/-3/-1.5",0.546430195281492,0.44550907855447,0.100921116727022,0.150923038859335,0.100921116727022,NA,100
"Local CCW + curve meta-analysis","OR",8,-1,"strong",2,25,"200/800/2000","-4.5/-3/-1.5",0.560663679331674,0.485338014233891,0.0753256650977827,0.153229594814396,0.0753256650977827,NA,100
"Local CCW + curve meta-analysis","OR",2,-0.7,"strong",2,25,"200/800/2000","-4.5/-3/-1.5",0.634284313899885,0.497525497238449,0.136758816661436,0.234931091198083,0.136758816661436,NA,100
"Local CCW + curve meta-analysis","OR",5,-0.7,"strong",2,25,"200/800/2000","-4.5/-3/-1.5",0.676382564976072,0.563343819109887,0.113038745866185,0.219843596985134,0.113038745866185,NA,100
"Local CCW + curve meta-analysis","OR",8,-0.7,"strong",2,25,"200/800/2000","-4.5/-3/-1.5",0.741114705704802,0.60377148238686,0.137343223317942,0.197929281002949,0.137343223317942,NA,100
"Local CCW + curve meta-analysis","OR",2,-0.5,"strong",2,25,"200/800/2000","-4.5/-3/-1.5",0.761126529467094,0.601617973772379,0.159508555694715,0.302927266288758,0.159508555694715,NA,100
"Local CCW + curve meta-analysis","OR",5,-0.5,"strong",2,25,"200/800/2000","-4.5/-3/-1.5",0.855755166969658,0.664268570788203,0.191486596181454,0.301296068642212,0.191486596181454,NA,100
"Local CCW + curve meta-analysis","OR",8,-0.5,"strong",2,25,"200/800/2000","-4.5/-3/-1.5",0.886613103373668,0.70381811630858,0.182794987065088,0.259844976138662,0.182794987065088,NA,100
"Federated CCW","RMST_diff",2,-1,"medium",1,25,"200/800/2000","-4.5/-3/-1.5",3.89286172708774,3.88161921151695,0.0112425155707879,0.727632005699031,0.0112425155707879,0.94,100
"Federated CCW","RMST_diff",5,-1,"medium",1,25,"200/800/2000","-4.5/-3/-1.5",2.69120024290404,2.80076503317304,-0.109564790269001,0.582006948157361,0.109564790269001,0.91,100
"Federated CCW","RMST_diff",8,-1,"medium",1,25,"200/800/2000","-4.5/-3/-1.5",2.36372650140954,2.43433226181035,-0.0706057604008094,0.467321377682984,0.0706057604008094,0.87,100
"Federated CCW","RMST_diff",2,-0.7,"medium",1,25,"200/800/2000","-4.5/-3/-1.5",2.80899684126868,2.68099559024509,0.128001251023591,0.713727090392972,0.128001251023591,0.91,100
"Federated CCW","RMST_diff",5,-0.7,"medium",1,25,"200/800/2000","-4.5/-3/-1.5",1.93136929538065,1.95459637522219,-0.0232270798415382,0.459937827014892,0.0232270798415382,0.95,100
"Federated CCW","RMST_diff",8,-0.7,"medium",1,25,"200/800/2000","-4.5/-3/-1.5",1.63300894255276,1.69904421296574,-0.0660352704129824,0.545310622437799,0.0660352704129824,0.9,100
"Federated CCW","RMST_diff",2,-0.5,"medium",1,25,"200/800/2000","-4.5/-3/-1.5",1.9865232281906,1.89150279660522,0.095020431585373,0.752328563946874,0.095020431585373,0.93,100
"Federated CCW","RMST_diff",5,-0.5,"medium",1,25,"200/800/2000","-4.5/-3/-1.5",1.38836699740353,1.38276027835156,0.00560671905197696,0.764511278535956,0.00560671905197696,0.91,100
"Federated CCW","RMST_diff",8,-0.5,"medium",1,25,"200/800/2000","-4.5/-3/-1.5",1.15779365763181,1.20080844376831,-0.0430147861364959,0.424263500484171,0.0430147861364959,0.96,100
"Federated CCW","RMST_diff",2,-1,"small",0.4,25,"200/800/2000","-4.5/-3/-1.5",3.82082287662711,3.87427654931489,-0.0534536726877785,0.51899408788218,0.0534536726877785,0.93,100
"Federated CCW","RMST_diff",5,-1,"small",0.4,25,"200/800/2000","-4.5/-3/-1.5",2.73787154528425,2.71711615569943,0.0207553895848217,0.275568673214189,0.0207553895848217,0.97,100
"Federated CCW","RMST_diff",8,-1,"small",0.4,25,"200/800/2000","-4.5/-3/-1.5",2.33665909557149,2.35832271325139,-0.0216636176799036,0.275019340694776,0.0216636176799036,0.95,100
"Federated CCW","RMST_diff",2,-0.7,"small",0.4,25,"200/800/2000","-4.5/-3/-1.5",2.70238314501915,2.6878148127921,0.014568332227048,0.466755565111787,0.014568332227048,0.98,100
"Federated CCW","RMST_diff",5,-0.7,"small",0.4,25,"200/800/2000","-4.5/-3/-1.5",1.97008087104427,1.90383845725383,0.0662424137904442,0.334566183289957,0.0662424137904442,0.95,100
"Federated CCW","RMST_diff",8,-0.7,"small",0.4,25,"200/800/2000","-4.5/-3/-1.5",1.68653538592104,1.65795390570671,0.0285814802143345,0.238830556707256,0.0285814802143345,0.98,100
"Federated CCW","RMST_diff",2,-0.5,"small",0.4,25,"200/800/2000","-4.5/-3/-1.5",1.85175296986815,1.9075790950983,-0.0558261252301489,0.579717506198338,0.0558261252301489,0.95,100
"Federated CCW","RMST_diff",5,-0.5,"small",0.4,25,"200/800/2000","-4.5/-3/-1.5",1.36647190897646,1.35241033399405,0.0140615749824094,0.299659507810623,0.0140615749824094,0.98,100
"Federated CCW","RMST_diff",8,-0.5,"small",0.4,25,"200/800/2000","-4.5/-3/-1.5",1.19213495974764,1.18187832022085,0.0102566395267944,0.223531579073545,0.0102566395267944,0.98,100
"Federated CCW","RMST_diff",2,-1,"strong",2,25,"200/800/2000","-4.5/-3/-1.5",3.66002962704186,4.11942973636553,-0.459400109323669,1.3878313779526,0.459400109323669,0.77,100
"Federated CCW","RMST_diff",5,-1,"strong",2,25,"200/800/2000","-4.5/-3/-1.5",2.60821041568709,2.91489789531683,-0.30668747962974,1.11655080904613,0.30668747962974,0.79,100
"Federated CCW","RMST_diff",8,-1,"strong",2,25,"200/800/2000","-4.5/-3/-1.5",2.40646989895475,2.51381045466042,-0.107340555705669,1.34866549306356,0.107340555705669,0.83,100
"Federated CCW","RMST_diff",2,-0.7,"strong",2,25,"200/800/2000","-4.5/-3/-1.5",2.59094054640452,2.92240759620645,-0.331467049801932,1.448890388762,0.331467049801932,0.81,100
"Federated CCW","RMST_diff",5,-0.7,"strong",2,25,"200/800/2000","-4.5/-3/-1.5",1.81354702836309,2.03344513068944,-0.219898102326347,1.29437905548146,0.219898102326347,0.8,100
"Federated CCW","RMST_diff",8,-0.7,"strong",2,25,"200/800/2000","-4.5/-3/-1.5",1.41582729496254,1.73218650864802,-0.31635921368548,1.0086454067506,0.31635921368548,0.82,100
"Federated CCW","RMST_diff",2,-0.5,"strong",2,25,"200/800/2000","-4.5/-3/-1.5",1.84221677385135,2.10781901155913,-0.265602237707779,1.56129818716542,0.265602237707779,0.8,100
"Federated CCW","RMST_diff",5,-0.5,"strong",2,25,"200/800/2000","-4.5/-3/-1.5",1.05833298663435,1.42529427566207,-0.36696128902772,1.53140168103248,0.36696128902772,0.72,100
"Federated CCW","RMST_diff",8,-0.5,"strong",2,25,"200/800/2000","-4.5/-3/-1.5",0.736647992187369,1.1912525911922,-0.454604599004831,0.943423438792011,0.454604599004831,0.77,100
"Pooled CCW","RMST_diff",2,-1,"medium",1,25,"200/800/2000","-4.5/-3/-1.5",3.88887250867991,3.88161921151695,0.00725329716296297,0.757261681952989,0.00725329716296297,0.94,100
"Pooled CCW","RMST_diff",5,-1,"medium",1,25,"200/800/2000","-4.5/-3/-1.5",2.69306477155479,2.80076503317304,-0.107700261618251,0.486299297081939,0.107700261618251,0.9,100
"Pooled CCW","RMST_diff",8,-1,"medium",1,25,"200/800/2000","-4.5/-3/-1.5",2.34383938366137,2.43433226181035,-0.0904928781489856,0.419146554323431,0.0904928781489856,0.86,100
"Pooled CCW","RMST_diff",2,-0.7,"medium",1,25,"200/800/2000","-4.5/-3/-1.5",2.84130980431473,2.68099559024509,0.160314214069636,0.710691743007061,0.160314214069636,0.93,100
"Pooled CCW","RMST_diff",5,-0.7,"medium",1,25,"200/800/2000","-4.5/-3/-1.5",1.91060178347779,1.95459637522219,-0.0439945917443991,0.442412425465174,0.0439945917443991,0.96,100
"Pooled CCW","RMST_diff",8,-0.7,"medium",1,25,"200/800/2000","-4.5/-3/-1.5",1.6644235036913,1.69904421296574,-0.0346207092744344,0.511010194588978,0.0346207092744344,0.91,100
"Pooled CCW","RMST_diff",2,-0.5,"medium",1,25,"200/800/2000","-4.5/-3/-1.5",1.95545506918935,1.89150279660522,0.0639522725841267,0.701657279636459,0.0639522725841267,0.92,100
"Pooled CCW","RMST_diff",5,-0.5,"medium",1,25,"200/800/2000","-4.5/-3/-1.5",1.32889496011357,1.38276027835156,-0.0538653182379912,0.548954236941231,0.0538653182379912,0.92,100
"Pooled CCW","RMST_diff",8,-0.5,"medium",1,25,"200/800/2000","-4.5/-3/-1.5",1.16061592734878,1.20080844376831,-0.0401925164195268,0.436040650783884,0.0401925164195268,0.94,100
"Pooled CCW","RMST_diff",2,-1,"small",0.4,25,"200/800/2000","-4.5/-3/-1.5",3.82177786515716,3.87427654931489,-0.052498684157736,0.489709236422567,0.052498684157736,0.95,100
"Pooled CCW","RMST_diff",5,-1,"small",0.4,25,"200/800/2000","-4.5/-3/-1.5",2.73304052371002,2.71711615569943,0.015924368010591,0.280005861403951,0.015924368010591,0.96,100
"Pooled CCW","RMST_diff",8,-1,"small",0.4,25,"200/800/2000","-4.5/-3/-1.5",2.33964779870881,2.35832271325139,-0.0186749145425752,0.271544374510226,0.0186749145425752,0.94,100
"Pooled CCW","RMST_diff",2,-0.7,"small",0.4,25,"200/800/2000","-4.5/-3/-1.5",2.69147219974077,2.6878148127921,0.00365738694866386,0.467842702274788,0.00365738694866386,0.96,100
"Pooled CCW","RMST_diff",5,-0.7,"small",0.4,25,"200/800/2000","-4.5/-3/-1.5",1.97101284830254,1.90383845725383,0.0671743910487085,0.324390692330573,0.0671743910487085,0.94,100
"Pooled CCW","RMST_diff",8,-0.7,"small",0.4,25,"200/800/2000","-4.5/-3/-1.5",1.69647416547523,1.65795390570671,0.0385202597685265,0.233024866770783,0.0385202597685265,0.97,100
"Pooled CCW","RMST_diff",2,-0.5,"small",0.4,25,"200/800/2000","-4.5/-3/-1.5",1.85198012186966,1.9075790950983,-0.0555989732286457,0.549144473056139,0.0555989732286457,0.94,100
"Pooled CCW","RMST_diff",5,-0.5,"small",0.4,25,"200/800/2000","-4.5/-3/-1.5",1.36068335303123,1.35241033399405,0.00827301903717837,0.298156948902135,0.00827301903717837,0.96,100
"Pooled CCW","RMST_diff",8,-0.5,"small",0.4,25,"200/800/2000","-4.5/-3/-1.5",1.1955785807269,1.18187832022085,0.0137002605060515,0.218764374724684,0.0137002605060515,0.98,100
"Pooled CCW","RMST_diff",2,-1,"strong",2,25,"200/800/2000","-4.5/-3/-1.5",3.65934567279329,4.11942973636553,-0.460084063572243,1.42628628078667,0.460084063572243,0.77,100
"Pooled CCW","RMST_diff",5,-1,"strong",2,25,"200/800/2000","-4.5/-3/-1.5",2.59268885439115,2.91489789531683,-0.322209040925685,1.0793915497893,0.322209040925685,0.81,100
"Pooled CCW","RMST_diff",8,-1,"strong",2,25,"200/800/2000","-4.5/-3/-1.5",2.35735023257187,2.51381045466042,-0.156460222088557,1.228629264204,0.156460222088557,0.87,100
"Pooled CCW","RMST_diff",2,-0.7,"strong",2,25,"200/800/2000","-4.5/-3/-1.5",2.53151608376828,2.92240759620645,-0.390891512438178,1.38518946555004,0.390891512438178,0.81,100
"Pooled CCW","RMST_diff",5,-0.7,"strong",2,25,"200/800/2000","-4.5/-3/-1.5",1.81055384141811,2.03344513068944,-0.222891289271333,1.20089501675332,0.222891289271333,0.81,100
"Pooled CCW","RMST_diff",8,-0.7,"strong",2,25,"200/800/2000","-4.5/-3/-1.5",1.39240608192381,1.73218650864802,-0.33978042672421,0.950887580649217,0.33978042672421,0.8,100
"Pooled CCW","RMST_diff",2,-0.5,"strong",2,25,"200/800/2000","-4.5/-3/-1.5",1.87804199814298,2.10781901155913,-0.229777013416144,1.64853626506964,0.229777013416144,0.85,100
"Pooled CCW","RMST_diff",5,-0.5,"strong",2,25,"200/800/2000","-4.5/-3/-1.5",1.03075062017247,1.42529427566207,-0.394543655489603,1.38588448844607,0.394543655489603,0.74,100
"Pooled CCW","RMST_diff",8,-0.5,"strong",2,25,"200/800/2000","-4.5/-3/-1.5",0.739147075022106,1.1912525911922,-0.452105516170094,0.952923529589107,0.452105516170094,0.76,100
"Federated IPW (no cloning)","RMST_diff",2,-1,"medium",1,25,"200/800/2000","-4.5/-3/-1.5",3.60091608338544,3.88161921151695,-0.280703128131504,0.793221333266167,0.280703128131504,NA,100
"Federated IPW (no cloning)","RMST_diff",5,-1,"medium",1,25,"200/800/2000","-4.5/-3/-1.5",1.16513827807542,2.80076503317304,-1.63562675509762,0.796734868498051,1.63562675509762,NA,100
"Federated IPW (no cloning)","RMST_diff",8,-1,"medium",1,25,"200/800/2000","-4.5/-3/-1.5",-0.0702463921210424,2.43433226181035,-2.5045786539314,0.709162128414198,2.5045786539314,NA,100
"Federated IPW (no cloning)","RMST_diff",2,-0.7,"medium",1,25,"200/800/2000","-4.5/-3/-1.5",2.49828281708152,2.68099559024509,-0.182712773163566,0.774844942316286,0.182712773163566,NA,100
"Federated IPW (no cloning)","RMST_diff",5,-0.7,"medium",1,25,"200/800/2000","-4.5/-3/-1.5",0.322894513078595,1.95459637522219,-1.63170186214359,0.616281560817996,1.63170186214359,NA,100
"Federated IPW (no cloning)","RMST_diff",8,-0.7,"medium",1,25,"200/800/2000","-4.5/-3/-1.5",-1.05937080076131,1.69904421296574,-2.75841501372705,0.81530247681574,2.75841501372705,NA,100
"Federated IPW (no cloning)","RMST_diff",2,-0.5,"medium",1,25,"200/800/2000","-4.5/-3/-1.5",1.63066291105443,1.89150279660522,-0.260839885550789,0.747260029361327,0.260839885550789,NA,100
"Federated IPW (no cloning)","RMST_diff",5,-0.5,"medium",1,25,"200/800/2000","-4.5/-3/-1.5",-0.43861398406752,1.38276027835156,-1.82137426241908,0.887826945572183,1.82137426241908,NA,100
"Federated IPW (no cloning)","RMST_diff",8,-0.5,"medium",1,25,"200/800/2000","-4.5/-3/-1.5",-1.60006226251569,1.20080844376831,-2.80087070628399,0.620716763543421,2.80087070628399,NA,100
"Federated IPW (no cloning)","RMST_diff",2,-1,"small",0.4,25,"200/800/2000","-4.5/-3/-1.5",3.91060612055119,3.87427654931489,0.0363295712362956,0.597206338957529,0.0363295712362956,NA,100
"Federated IPW (no cloning)","RMST_diff",5,-1,"small",0.4,25,"200/800/2000","-4.5/-3/-1.5",2.32901599118755,2.71711615569943,-0.388100164511875,0.359804916707975,0.388100164511875,NA,100
"Federated IPW (no cloning)","RMST_diff",8,-1,"small",0.4,25,"200/800/2000","-4.5/-3/-1.5",1.33406824909628,2.35832271325139,-1.02425446415511,0.397387066534405,1.02425446415511,NA,100
"Federated IPW (no cloning)","RMST_diff",2,-0.7,"small",0.4,25,"200/800/2000","-4.5/-3/-1.5",2.72258002483656,2.6878148127921,0.0347652120444575,0.502075795052248,0.0347652120444575,NA,100
"Federated IPW (no cloning)","RMST_diff",5,-0.7,"small",0.4,25,"200/800/2000","-4.5/-3/-1.5",1.41821174639933,1.90383845725383,-0.485626710854495,0.409317395085824,0.485626710854495,NA,100
"Federated IPW (no cloning)","RMST_diff",8,-0.7,"small",0.4,25,"200/800/2000","-4.5/-3/-1.5",0.493733504420286,1.65795390570671,-1.16422040128642,0.357896146891256,1.16422040128642,NA,100
"Federated IPW (no cloning)","RMST_diff",2,-0.5,"small",0.4,25,"200/800/2000","-4.5/-3/-1.5",1.81032985324893,1.9075790950983,-0.0972492418493675,0.593552083355676,0.0972492418493675,NA,100
"Federated IPW (no cloning)","RMST_diff",5,-0.5,"small",0.4,25,"200/800/2000","-4.5/-3/-1.5",0.677884621352567,1.35241033399405,-0.674525712641482,0.369605882160216,0.674525712641482,NA,100
"Federated IPW (no cloning)","RMST_diff",8,-0.5,"small",0.4,25,"200/800/2000","-4.5/-3/-1.5",-0.157155463716662,1.18187832022085,-1.33903378393751,0.367392828424665,1.33903378393751,NA,100
"Federated IPW (no cloning)","RMST_diff",2,-1,"strong",2,25,"200/800/2000","-4.5/-3/-1.5",3.19059881616467,4.11942973636553,-0.928830920200855,1.46952622847489,0.928830920200855,NA,100
"Federated IPW (no cloning)","RMST_diff",5,-1,"strong",2,25,"200/800/2000","-4.5/-3/-1.5",0.559397226165906,2.91489789531683,-2.35550066915093,1.39831062597387,2.35550066915093,NA,100
"Federated IPW (no cloning)","RMST_diff",8,-1,"strong",2,25,"200/800/2000","-4.5/-3/-1.5",-0.681487287063015,2.51381045466042,-3.19529774172344,1.87109422641879,3.19529774172344,NA,100
"Federated IPW (no cloning)","RMST_diff",2,-0.7,"strong",2,25,"200/800/2000","-4.5/-3/-1.5",2.03087311945286,2.92240759620645,-0.891534476753597,1.53765952906959,0.891534476753597,NA,100
"Federated IPW (no cloning)","RMST_diff",5,-0.7,"strong",2,25,"200/800/2000","-4.5/-3/-1.5",-0.255471976929615,2.03344513068944,-2.28891710761905,1.46450900004777,2.28891710761905,NA,100
"Federated IPW (no cloning)","RMST_diff",8,-0.7,"strong",2,25,"200/800/2000","-4.5/-3/-1.5",-1.87874549403398,1.73218650864802,-3.610932002682,1.40764160312861,3.610932002682,NA,100
"Federated IPW (no cloning)","RMST_diff",2,-0.5,"strong",2,25,"200/800/2000","-4.5/-3/-1.5",1.23331589300941,2.10781901155913,-0.874503118549717,1.65052894455974,0.874503118549717,NA,100
"Federated IPW (no cloning)","RMST_diff",5,-0.5,"strong",2,25,"200/800/2000","-4.5/-3/-1.5",-1.09219462772738,1.42529427566207,-2.51748890338945,1.78862336947582,2.51748890338945,NA,100
"Federated IPW (no cloning)","RMST_diff",8,-0.5,"strong",2,25,"200/800/2000","-4.5/-3/-1.5",-2.59971860193529,1.1912525911922,-3.79097119312749,1.39512029012754,3.79097119312749,NA,100
"Federated per-protocol (unweighted)","RMST_diff",2,-1,"medium",1,25,"200/800/2000","-4.5/-3/-1.5",-0.833100078287658,3.88161921151695,-4.71471928980461,0.398787995269419,4.71471928980461,NA,100
"Federated per-protocol (unweighted)","RMST_diff",5,-1,"medium",1,25,"200/800/2000","-4.5/-3/-1.5",-2.217696696977,2.80076503317304,-5.01846173015003,0.287769411631731,5.01846173015003,NA,100
"Federated per-protocol (unweighted)","RMST_diff",8,-1,"medium",1,25,"200/800/2000","-4.5/-3/-1.5",-2.93141724458595,2.43433226181035,-5.36574950639631,0.334668275300621,5.36574950639631,NA,100
"Federated per-protocol (unweighted)","RMST_diff",2,-0.7,"medium",1,25,"200/800/2000","-4.5/-3/-1.5",-2.08279893585764,2.68099559024509,-4.76379452610273,0.319017386529709,4.76379452610273,NA,100
"Federated per-protocol (unweighted)","RMST_diff",5,-0.7,"medium",1,25,"200/800/2000","-4.5/-3/-1.5",-3.27076708006967,1.95459637522219,-5.22536345529186,0.331527483251328,5.22536345529186,NA,100
"Federated per-protocol (unweighted)","RMST_diff",8,-0.7,"medium",1,25,"200/800/2000","-4.5/-3/-1.5",-3.90105732896766,1.69904421296574,-5.6001015419334,0.340425790345057,5.6001015419334,NA,100
"Federated per-protocol (unweighted)","RMST_diff",2,-0.5,"medium",1,25,"200/800/2000","-4.5/-3/-1.5",-2.90756411657092,1.89150279660522,-4.79906691317614,0.315822966970176,4.79906691317614,NA,100
"Federated per-protocol (unweighted)","RMST_diff",5,-0.5,"medium",1,25,"200/800/2000","-4.5/-3/-1.5",-4.04710460682828,1.38276027835156,-5.42986488517984,0.295806941984432,5.42986488517984,NA,100
"Federated per-protocol (unweighted)","RMST_diff",8,-0.5,"medium",1,25,"200/800/2000","-4.5/-3/-1.5",-4.59963561301588,1.20080844376831,-5.80044405678419,0.35355298062502,5.80044405678419,NA,100
"Federated per-protocol (unweighted)","RMST_diff",2,-1,"small",0.4,25,"200/800/2000","-4.5/-3/-1.5",1.7498472865077,3.87427654931489,-2.12442926280719,0.400887306954901,2.12442926280719,NA,100
"Federated per-protocol (unweighted)","RMST_diff",5,-1,"small",0.4,25,"200/800/2000","-4.5/-3/-1.5",0.515317690085159,2.71711615569943,-2.20179846561427,0.348796388618558,2.20179846561427,NA,100
"Federated per-protocol (unweighted)","RMST_diff",8,-1,"small",0.4,25,"200/800/2000","-4.5/-3/-1.5",-0.0387230447653607,2.35832271325139,-2.39704575801675,0.33922996901355,2.39704575801675,NA,100
"Federated per-protocol (unweighted)","RMST_diff",2,-0.7,"small",0.4,25,"200/800/2000","-4.5/-3/-1.5",0.471704026868446,2.6878148127921,-2.21611078592366,0.341902138586017,2.21611078592366,NA,100
"Federated per-protocol (unweighted)","RMST_diff",5,-0.7,"small",0.4,25,"200/800/2000","-4.5/-3/-1.5",-0.465609343258014,1.90383845725383,-2.36944780051184,0.32656451893702,2.36944780051184,NA,100
"Federated per-protocol (unweighted)","RMST_diff",8,-0.7,"small",0.4,25,"200/800/2000","-4.5/-3/-1.5",-0.997203869109158,1.65795390570671,-2.65515777481587,0.339637378762125,2.65515777481587,NA,100
"Federated per-protocol (unweighted)","RMST_diff",2,-0.5,"small",0.4,25,"200/800/2000","-4.5/-3/-1.5",-0.42123792070452,1.9075790950983,-2.32881701580282,0.393509985090495,2.32881701580282,NA,100
"Federated per-protocol (unweighted)","RMST_diff",5,-0.5,"small",0.4,25,"200/800/2000","-4.5/-3/-1.5",-1.20477062462855,1.35241033399405,-2.5571809586226,0.29409004879207,2.5571809586226,NA,100
"Federated per-protocol (unweighted)","RMST_diff",8,-0.5,"small",0.4,25,"200/800/2000","-4.5/-3/-1.5",-1.66943703611907,1.18187832022085,-2.85131535633992,0.342239409541813,2.85131535633992,NA,100
"Federated per-protocol (unweighted)","RMST_diff",2,-1,"strong",2,25,"200/800/2000","-4.5/-3/-1.5",-2.60105829930336,4.11942973636553,-6.72048803566889,0.352817229095373,6.72048803566889,NA,100
"Federated per-protocol (unweighted)","RMST_diff",5,-1,"strong",2,25,"200/800/2000","-4.5/-3/-1.5",-3.85537507885598,2.91489789531683,-6.77027297417281,0.31147559192596,6.77027297417281,NA,100
"Federated per-protocol (unweighted)","RMST_diff",8,-1,"strong",2,25,"200/800/2000","-4.5/-3/-1.5",-4.62205721350697,2.51381045466042,-7.13586766816739,0.329679784953939,7.13586766816739,NA,100
"Federated per-protocol (unweighted)","RMST_diff",2,-0.7,"strong",2,25,"200/800/2000","-4.5/-3/-1.5",-3.85358582394488,2.92240759620645,-6.77599342015133,0.274098413561336,6.77599342015133,NA,100
"Federated per-protocol (unweighted)","RMST_diff",5,-0.7,"strong",2,25,"200/800/2000","-4.5/-3/-1.5",-5.03845643250196,2.03344513068944,-7.0719015631914,0.316682937685952,7.0719015631914,NA,100
"Federated per-protocol (unweighted)","RMST_diff",8,-0.7,"strong",2,25,"200/800/2000","-4.5/-3/-1.5",-5.73355967254427,1.73218650864802,-7.46574618119229,0.359772849210517,7.46574618119229,NA,100
"Federated per-protocol (unweighted)","RMST_diff",2,-0.5,"strong",2,25,"200/800/2000","-4.5/-3/-1.5",-4.66934181818396,2.10781901155913,-6.77716082974309,0.263392808686126,6.77716082974309,NA,100
"Federated per-protocol (unweighted)","RMST_diff",5,-0.5,"strong",2,25,"200/800/2000","-4.5/-3/-1.5",-5.876142739939,1.42529427566207,-7.30143701560107,0.317987153568615,7.30143701560107,NA,100
"Federated per-protocol (unweighted)","RMST_diff",8,-0.5,"strong",2,25,"200/800/2000","-4.5/-3/-1.5",-6.40606854880579,1.1912525911922,-7.59732113999799,0.319463866925322,7.59732113999799,NA,100
"Federated landmark IPW","RMST_diff",2,-1,"medium",1,25,"200/800/2000","-4.5/-3/-1.5",4.36258300884647,3.88161921151695,0.480963797329518,1.46396171710164,0.480963797329518,NA,100
"Federated landmark IPW","RMST_diff",5,-1,"medium",1,25,"200/800/2000","-4.5/-3/-1.5",3.34651199160061,2.80076503317304,0.545746958427577,0.553031625211462,0.545746958427577,NA,100
"Federated landmark IPW","RMST_diff",8,-1,"medium",1,25,"200/800/2000","-4.5/-3/-1.5",2.44004940976669,2.43433226181035,0.00571714795633326,0.440582167583769,0.00571714795633326,NA,100
"Federated landmark IPW","RMST_diff",2,-0.7,"medium",1,25,"200/800/2000","-4.5/-3/-1.5",3.237636776531,2.68099559024509,0.556641186285906,0.772177323655903,0.556641186285906,NA,100
"Federated landmark IPW","RMST_diff",5,-0.7,"medium",1,25,"200/800/2000","-4.5/-3/-1.5",2.4868757796036,1.95459637522219,0.532279404381414,0.54259593208288,0.532279404381414,NA,100
"Federated landmark IPW","RMST_diff",8,-0.7,"medium",1,25,"200/800/2000","-4.5/-3/-1.5",1.69303529339792,1.69904421296574,-0.00600891956782293,0.455226907127234,0.00600891956782293,NA,100
"Federated landmark IPW","RMST_diff",2,-0.5,"medium",1,25,"200/800/2000","-4.5/-3/-1.5",2.40739166738106,1.89150279660522,0.515888870775837,0.967839461286859,0.515888870775837,NA,100
"Federated landmark IPW","RMST_diff",5,-0.5,"medium",1,25,"200/800/2000","-4.5/-3/-1.5",1.89783577332121,1.38276027835156,0.515075494969655,0.614803288191265,0.515075494969655,NA,100
"Federated landmark IPW","RMST_diff",8,-0.5,"medium",1,25,"200/800/2000","-4.5/-3/-1.5",1.26110105215877,1.20080844376831,0.0602926083904626,0.50182697980897,0.0602926083904626,NA,100
"Federated landmark IPW","RMST_diff",2,-1,"small",0.4,25,"200/800/2000","-4.5/-3/-1.5",4.25197546433829,3.87427654931489,0.377698915023396,0.5697457966818,0.377698915023396,NA,100
"Federated landmark IPW","RMST_diff",5,-1,"small",0.4,25,"200/800/2000","-4.5/-3/-1.5",3.50720231462478,2.71711615569943,0.790086158925347,0.486311082334324,0.790086158925347,NA,100
"Federated landmark IPW","RMST_diff",8,-1,"small",0.4,25,"200/800/2000","-4.5/-3/-1.5",2.69529327880225,2.35832271325139,0.336970565550861,0.404155587328081,0.336970565550861,NA,100
"Federated landmark IPW","RMST_diff",2,-0.7,"small",0.4,25,"200/800/2000","-4.5/-3/-1.5",2.96753637087861,2.6878148127921,0.279721558086507,0.493919488613628,0.279721558086507,NA,100
"Federated landmark IPW","RMST_diff",5,-0.7,"small",0.4,25,"200/800/2000","-4.5/-3/-1.5",2.56292727059804,1.90383845725383,0.659088813344208,0.399848849809203,0.659088813344208,NA,100
"Federated landmark IPW","RMST_diff",8,-0.7,"small",0.4,25,"200/800/2000","-4.5/-3/-1.5",1.9286211910615,1.65795390570671,0.270667285354792,0.35918761376688,0.270667285354792,NA,100
"Federated landmark IPW","RMST_diff",2,-0.5,"small",0.4,25,"200/800/2000","-4.5/-3/-1.5",2.13469305007898,1.9075790950983,0.227113954980682,0.483612604405362,0.227113954980682,NA,100
"Federated landmark IPW","RMST_diff",5,-0.5,"small",0.4,25,"200/800/2000","-4.5/-3/-1.5",1.83868213199483,1.35241033399405,0.486271798000785,0.362763490813001,0.486271798000785,NA,100
"Federated landmark IPW","RMST_diff",8,-0.5,"small",0.4,25,"200/800/2000","-4.5/-3/-1.5",1.36255977656725,1.18187832022085,0.180681456346403,0.414904442758495,0.180681456346403,NA,100
"Federated landmark IPW","RMST_diff",2,-1,"strong",2,25,"200/800/2000","-4.5/-3/-1.5",4.15971078499918,4.11942973636553,0.0402810486336514,1.71765090463128,0.0402810486336514,NA,100
"Federated landmark IPW","RMST_diff",5,-1,"strong",2,25,"200/800/2000","-4.5/-3/-1.5",3.118684355836,2.91489789531683,0.203786460519167,0.939268734145294,0.203786460519167,NA,100
"Federated landmark IPW","RMST_diff",8,-1,"strong",2,25,"200/800/2000","-4.5/-3/-1.5",2.33555001541141,2.51381045466042,-0.178260439249011,0.838227484465366,0.178260439249011,NA,100
"Federated landmark IPW","RMST_diff",2,-0.7,"strong",2,25,"200/800/2000","-4.5/-3/-1.5",3.0128914416416,2.92240759620645,0.0904838454351441,1.56173061956457,0.0904838454351441,NA,100
"Federated landmark IPW","RMST_diff",5,-0.7,"strong",2,25,"200/800/2000","-4.5/-3/-1.5",2.42762632033896,2.03344513068944,0.394181189649524,1.18298308156817,0.394181189649524,NA,100
"Federated landmark IPW","RMST_diff",8,-0.7,"strong",2,25,"200/800/2000","-4.5/-3/-1.5",1.60568019622504,1.73218650864802,-0.126506312422976,0.79446869972035,0.126506312422976,NA,100
"Federated landmark IPW","RMST_diff",2,-0.5,"strong",2,25,"200/800/2000","-4.5/-3/-1.5",2.26149106629205,2.10781901155913,0.15367205473292,1.83488765816396,0.15367205473292,NA,100
"Federated landmark IPW","RMST_diff",5,-0.5,"strong",2,25,"200/800/2000","-4.5/-3/-1.5",1.5579553907557,1.42529427566207,0.132661115093629,1.03612492141174,0.132661115093629,NA,100
"Federated landmark IPW","RMST_diff",8,-0.5,"strong",2,25,"200/800/2000","-4.5/-3/-1.5",1.08239790717157,1.1912525911922,-0.108854684020628,0.756416534871777,0.108854684020628,NA,100
"Local CCW + curve meta-analysis","RMST_diff",2,-1,"medium",1,25,"200/800/2000","-4.5/-3/-1.5",3.73751731524411,3.88161921151695,-0.144101896272841,0.697102762943537,0.144101896272841,NA,100
"Local CCW + curve meta-analysis","RMST_diff",5,-1,"medium",1,25,"200/800/2000","-4.5/-3/-1.5",2.60295816363352,2.80076503317304,-0.197806869539519,0.443016142513358,0.197806869539519,NA,100
"Local CCW + curve meta-analysis","RMST_diff",8,-1,"medium",1,25,"200/800/2000","-4.5/-3/-1.5",2.29997295238973,2.43433226181035,-0.13435930942062,0.414657886227363,0.13435930942062,NA,100
"Local CCW + curve meta-analysis","RMST_diff",2,-0.7,"medium",1,25,"200/800/2000","-4.5/-3/-1.5",2.65135347341021,2.68099559024509,-0.0296421168348812,0.662906865842368,0.0296421168348812,NA,100
"Local CCW + curve meta-analysis","RMST_diff",5,-0.7,"medium",1,25,"200/800/2000","-4.5/-3/-1.5",1.86184465816185,1.95459637522219,-0.0927517170603423,0.444423863384021,0.0927517170603423,NA,100
"Local CCW + curve meta-analysis","RMST_diff",8,-0.7,"medium",1,25,"200/800/2000","-4.5/-3/-1.5",1.6086868066794,1.69904421296574,-0.0903574062863349,0.471866534487217,0.0903574062863349,NA,100
"Local CCW + curve meta-analysis","RMST_diff",2,-0.5,"medium",1,25,"200/800/2000","-4.5/-3/-1.5",1.84673728647883,1.89150279660522,-0.0447655101263884,0.659436176251525,0.0447655101263884,NA,100
"Local CCW + curve meta-analysis","RMST_diff",5,-0.5,"medium",1,25,"200/800/2000","-4.5/-3/-1.5",1.28862244177279,1.38276027835156,-0.0941378365787646,0.552828512749859,0.0941378365787646,NA,100
"Local CCW + curve meta-analysis","RMST_diff",8,-0.5,"medium",1,25,"200/800/2000","-4.5/-3/-1.5",1.09763849191551,1.20080844376831,-0.103169951852793,0.383547068982759,0.103169951852793,NA,100
"Local CCW + curve meta-analysis","RMST_diff",2,-1,"small",0.4,25,"200/800/2000","-4.5/-3/-1.5",3.73687894995369,3.87427654931489,-0.137397599361199,0.528899864957789,0.137397599361199,NA,100
"Local CCW + curve meta-analysis","RMST_diff",5,-1,"small",0.4,25,"200/800/2000","-4.5/-3/-1.5",2.7314613126797,2.71711615569943,0.0143451569802666,0.286897299333083,0.0143451569802666,NA,100
"Local CCW + curve meta-analysis","RMST_diff",8,-1,"small",0.4,25,"200/800/2000","-4.5/-3/-1.5",2.32197164928587,2.35832271325139,-0.0363510639655222,0.277142195341816,0.0363510639655222,NA,100
"Local CCW + curve meta-analysis","RMST_diff",2,-0.7,"small",0.4,25,"200/800/2000","-4.5/-3/-1.5",2.64861872544176,2.6878148127921,-0.0391960873503399,0.454946563529576,0.0391960873503399,NA,100
"Local CCW + curve meta-analysis","RMST_diff",5,-0.7,"small",0.4,25,"200/800/2000","-4.5/-3/-1.5",1.94807713072186,1.90383845725383,0.0442386734680283,0.330605516999735,0.0442386734680283,NA,100
"Local CCW + curve meta-analysis","RMST_diff",8,-0.7,"small",0.4,25,"200/800/2000","-4.5/-3/-1.5",1.67290014409677,1.65795390570671,0.014946238390058,0.238310811587937,0.014946238390058,NA,100
"Local CCW + curve meta-analysis","RMST_diff",2,-0.5,"small",0.4,25,"200/800/2000","-4.5/-3/-1.5",1.80365979551237,1.9075790950983,-0.103919299585934,0.560916202655901,0.103919299585934,NA,100
"Local CCW + curve meta-analysis","RMST_diff",5,-0.5,"small",0.4,25,"200/800/2000","-4.5/-3/-1.5",1.335874556855,1.35241033399405,-0.0165357771390535,0.309930674089951,0.0165357771390535,NA,100
"Local CCW + curve meta-analysis","RMST_diff",8,-0.5,"small",0.4,25,"200/800/2000","-4.5/-3/-1.5",1.18323250994767,1.18187832022085,0.00135418972682068,0.220797269897681,0.00135418972682068,NA,100
"Local CCW + curve meta-analysis","RMST_diff",2,-1,"strong",2,25,"200/800/2000","-4.5/-3/-1.5",3.36205568999717,4.11942973636553,-0.757374046368356,1.13140542135396,0.757374046368356,NA,100
"Local CCW + curve meta-analysis","RMST_diff",5,-1,"strong",2,25,"200/800/2000","-4.5/-3/-1.5",2.40018938703346,2.91489789531683,-0.514708508283374,0.969453977450776,0.514708508283374,NA,100
"Local CCW + curve meta-analysis","RMST_diff",8,-1,"strong",2,25,"200/800/2000","-4.5/-3/-1.5",2.13120862044984,2.51381045466042,-0.382601834210582,0.994882889414489,0.382601834210582,NA,100
"Local CCW + curve meta-analysis","RMST_diff",2,-0.7,"strong",2,25,"200/800/2000","-4.5/-3/-1.5",2.29902852555079,2.92240759620645,-0.623379070655667,1.23125302155653,0.623379070655667,NA,100
"Local CCW + curve meta-analysis","RMST_diff",5,-0.7,"strong",2,25,"200/800/2000","-4.5/-3/-1.5",1.53854781393971,2.03344513068944,-0.494897316749725,0.987942627181652,0.494897316749725,NA,100
"Local CCW + curve meta-analysis","RMST_diff",8,-0.7,"strong",2,25,"200/800/2000","-4.5/-3/-1.5",1.22980380245844,1.73218650864802,-0.502382706189578,0.877215092002931,0.502382706189578,NA,100
"Local CCW + curve meta-analysis","RMST_diff",2,-0.5,"strong",2,25,"200/800/2000","-4.5/-3/-1.5",1.48410114865504,2.10781901155913,-0.623717862904089,1.16510674734651,0.623717862904089,NA,100
"Local CCW + curve meta-analysis","RMST_diff",5,-0.5,"strong",2,25,"200/800/2000","-4.5/-3/-1.5",0.799361012662329,1.42529427566207,-0.625933262999744,1.15342537261483,0.625933262999744,NA,100
"Local CCW + curve meta-analysis","RMST_diff",8,-0.5,"strong",2,25,"200/800/2000","-4.5/-3/-1.5",0.562847774589863,1.1912525911922,-0.628404816602337,0.851438611829946,0.628404816602337,NA,100
