"task_id","rep","estimand","fragmentation","initiation","n_sites","n_per_site","empty_g1_at_tstar","truth","fed_estimate","fed_bias","local_estimate","local_bias","local_minus_fed","absolute_bias_gap","empty_g1_fraction"
1,1,"RD","10_sites_x_500","moderate",10,500,0,-0.0890061663840512,-0.0964203369205983,-0.00741417053654703,-0.096488480523671,-0.00748231413961975,-6.81436030727234e-05,6.81436030727234e-05,0
1,1,"RMST_diff","10_sites_x_500","moderate",10,500,0,1.92756947857927,2.11546159479702,0.187892116217746,2.11143047271543,0.183860994136156,-0.00403112208159051,-0.00403112208159051,0
1,2,"RD","10_sites_x_500","moderate",10,500,0,-0.0890061663840512,-0.0959961729388412,-0.00699000655478998,-0.0961762466452509,-0.0071700802611997,-0.000180073706409711,0.000180073706409711,0
1,2,"RMST_diff","10_sites_x_500","moderate",10,500,0,1.92756947857927,2.00670815272751,0.0791386741482309,2.00647405636228,0.0789045777830015,-0.000234096365229419,-0.000234096365229419,0
1,3,"RD","10_sites_x_500","moderate",10,500,0,-0.0890061663840512,-0.0977182689315218,-0.00871210254747057,-0.097911673022855,-0.00890550663880374,-0.000193404091333171,0.000193404091333171,0
1,3,"RMST_diff","10_sites_x_500","moderate",10,500,0,1.92756947857927,2.10425793595262,0.176688457373343,2.10440635343677,0.176836874857496,0.000148417484153285,0.000148417484153285,0
1,4,"RD","10_sites_x_500","moderate",10,500,0,-0.0890061663840512,-0.0998587739661625,-0.0108526075821113,-0.100094979759214,-0.0110888133751632,-0.000236205793051947,0.000236205793051947,0
1,4,"RMST_diff","10_sites_x_500","moderate",10,500,0,1.92756947857927,2.16533453601841,0.237765057439134,2.16584541560039,0.238275937021113,0.00051087958197904,0.00051087958197904,0
1,5,"RD","10_sites_x_500","moderate",10,500,0,-0.0890061663840512,-0.100417853163586,-0.0114116867795349,-0.10063896265066,-0.0116327962666083,-0.000221109487073434,0.000221109487073434,0
1,5,"RMST_diff","10_sites_x_500","moderate",10,500,0,1.92756947857927,2.09573947743556,0.168169998856287,2.09588796921985,0.168318490640573,0.000148491784285554,0.000148491784285554,0
1,6,"RD","10_sites_x_500","moderate",10,500,0,-0.0890061663840512,-0.106765943371006,-0.0177597769869552,-0.106820378654349,-0.0178142122702973,-5.44352833421469e-05,5.44352833421469e-05,0
1,6,"RMST_diff","10_sites_x_500","moderate",10,500,0,1.92756947857927,2.14557877696445,0.218009298385175,2.14375207309794,0.216182594518665,-0.0018267038665094,-0.0018267038665094,0
1,7,"RD","10_sites_x_500","moderate",10,500,0,-0.0890061663840512,-0.105814491093797,-0.016808324709746,-0.105605340960125,-0.0165991745760734,0.00020915013367262,-0.00020915013367262,0
1,7,"RMST_diff","10_sites_x_500","moderate",10,500,0,1.92756947857927,2.05475968569627,0.127190207116998,2.04976098158998,0.122191503010706,-0.004998704106292,-0.004998704106292,0
1,8,"RD","10_sites_x_500","moderate",10,500,0,-0.0890061663840512,-0.105912570174957,-0.0169064037909058,-0.105774252182185,-0.0167680857981342,0.000138317992771642,-0.000138317992771642,0
1,8,"RMST_diff","10_sites_x_500","moderate",10,500,0,1.92756947857927,1.97562231646708,0.048052837887802,1.97307256327081,0.0455030846915356,-0.00254975319626638,-0.00254975319626638,0
1,9,"RD","10_sites_x_500","moderate",10,500,0,-0.0890061663840512,-0.102556704129236,-0.0135505377451849,-0.10246962712627,-0.013463460742219,8.70770029658408e-05,-8.70770029658408e-05,0
1,9,"RMST_diff","10_sites_x_500","moderate",10,500,0,1.92756947857927,2.08320281533487,0.155633336755592,2.07979158733959,0.152222108760315,-0.0034112279952776,-0.0034112279952776,0
1,10,"RD","10_sites_x_500","moderate",10,500,0,-0.0890061663840512,-0.0935457512558069,-0.00453958487175565,-0.093528576613236,-0.00452241022918476,1.71746425708941e-05,-1.71746425708941e-05,0
1,10,"RMST_diff","10_sites_x_500","moderate",10,500,0,1.92756947857927,2.04757161184533,0.120002133266052,2.0469417763394,0.119372297760126,-0.000629835505925769,-0.000629835505925769,0
1,11,"RD","10_sites_x_500","moderate",10,500,0,-0.0890061663840512,-0.0923435126186463,-0.00333734623459503,-0.0924871135728168,-0.00348094718876557,-0.000143600954170542,0.000143600954170542,0
1,11,"RMST_diff","10_sites_x_500","moderate",10,500,0,1.92756947857927,1.97047293010986,0.0429034515305879,1.97200529344538,0.0444358148661088,0.00153236333552087,0.00153236333552087,0
1,12,"RD","10_sites_x_500","moderate",10,500,0,-0.0890061663840512,-0.0818842993228162,0.00712186706123508,-0.0822780472065673,0.00672811917748395,-0.000393747883751128,-0.000393747883751128,0
1,12,"RMST_diff","10_sites_x_500","moderate",10,500,0,1.92756947857927,1.80187643038193,-0.125693048197347,1.80748481517505,-0.120084663404226,0.00560838479312054,-0.00560838479312054,0
1,13,"RD","10_sites_x_500","moderate",10,500,0,-0.0890061663840512,-0.0848018541114602,0.00420431227259099,-0.0851400578376935,0.00386610854635772,-0.000338203726233277,-0.000338203726233277,0
1,13,"RMST_diff","10_sites_x_500","moderate",10,500,0,1.92756947857927,1.83044956879942,-0.0971199097798543,1.83435280122285,-0.0932166773564234,0.00390323242343094,-0.00390323242343094,0
1,14,"RD","10_sites_x_500","moderate",10,500,0,-0.0890061663840512,-0.0867229500191951,0.00228321636485618,-0.0869046172675011,0.00210154911655014,-0.000181667248306039,-0.000181667248306039,0
1,14,"RMST_diff","10_sites_x_500","moderate",10,500,0,1.92756947857927,1.80455230326398,-0.123017175315296,1.80648659002046,-0.12108288855881,0.00193428675648555,-0.00193428675648555,0
1,15,"RD","10_sites_x_500","moderate",10,500,0,-0.0890061663840512,-0.0830445011005427,0.0059616652835085,-0.0832573314340954,0.00574883494995582,-0.000212830333552683,-0.000212830333552683,0
1,15,"RMST_diff","10_sites_x_500","moderate",10,500,0,1.92756947857927,1.80658422266524,-0.120985255914031,1.8097602073841,-0.117809271195174,0.00317598471885638,-0.00317598471885638,0
1,16,"RD","10_sites_x_500","moderate",10,500,0,-0.0890061663840512,-0.0820258830067166,0.00698028337733458,-0.0822616941598878,0.00674447222416341,-0.000235811153171173,-0.000235811153171173,0
1,16,"RMST_diff","10_sites_x_500","moderate",10,500,0,1.92756947857927,1.79932581923458,-0.12824365934469,1.80227916838006,-0.125290310199212,0.00295334914547851,-0.00295334914547851,0
1,17,"RD","10_sites_x_500","moderate",10,500,0,-0.0890061663840512,-0.0818175436428246,0.00718862274122667,-0.0819048827521559,0.00710128363189533,-8.73391093313414e-05,-8.73391093313414e-05,0
1,17,"RMST_diff","10_sites_x_500","moderate",10,500,0,1.92756947857927,1.83085014683571,-0.0967193317435679,1.83327819880482,-0.0942912797744526,0.00242805196911533,-0.00242805196911533,0
1,18,"RD","10_sites_x_500","moderate",10,500,0,-0.0890061663840512,-0.0845908392100637,0.00441532717398752,-0.0847949164220791,0.00421124996197209,-0.00020407721201543,-0.00020407721201543,0
1,18,"RMST_diff","10_sites_x_500","moderate",10,500,0,1.92756947857927,1.94370721951992,0.0161377409406462,1.94663974614862,0.0190702675693419,0.0029325266286957,0.0029325266286957,0
1,19,"RD","10_sites_x_500","moderate",10,500,0,-0.0890061663840512,-0.0908164735212573,-0.00181030713720609,-0.091077035536681,-0.00207086915262977,-0.000260562015423682,0.000260562015423682,0
1,19,"RMST_diff","10_sites_x_500","moderate",10,500,0,1.92756947857927,2.01182054044404,0.0842510618647676,2.01694137925833,0.0893719006790565,0.00512083881428893,0.00512083881428893,0
1,20,"RD","10_sites_x_500","moderate",10,500,0,-0.0890061663840512,-0.102324804410953,-0.0133186380269016,-0.102542995062493,-0.0135368286784414,-0.000218190651539829,0.000218190651539829,0
1,20,"RMST_diff","10_sites_x_500","moderate",10,500,0,1.92756947857927,2.13368217142921,0.206112692849937,2.1392178454854,0.211648366906129,0.00553567405619226,0.00553567405619226,0
1,21,"RD","10_sites_x_500","moderate",10,500,0,-0.0890061663840512,-0.103215600358418,-0.0142094339743667,-0.103272770474209,-0.0142666040901575,-5.71701157907611e-05,5.71701157907611e-05,0
1,21,"RMST_diff","10_sites_x_500","moderate",10,500,0,1.92756947857927,2.14988817761393,0.222318699034656,2.15215051978638,0.224581041207106,0.00226234217245036,0.00226234217245036,0
1,22,"RD","10_sites_x_500","moderate",10,500,0,-0.0890061663840512,-0.106538868268888,-0.0175327018848368,-0.106147922703333,-0.0171417563192818,0.000390945565554968,-0.000390945565554968,0
1,22,"RMST_diff","10_sites_x_500","moderate",10,500,0,1.92756947857927,2.22856332168443,0.300993843105157,2.22078139083806,0.293211912258785,-0.00778193084637202,-0.00778193084637202,0
1,23,"RD","10_sites_x_500","moderate",10,500,0,-0.0890061663840512,-0.101833167088956,-0.0128270007049052,-0.101582252166033,-0.0125760857819817,0.000250914922923506,-0.000250914922923506,0
1,23,"RMST_diff","10_sites_x_500","moderate",10,500,0,1.92756947857927,2.05554978316508,0.127980304585801,2.05217622568922,0.124606747109942,-0.0033735574758591,-0.0033735574758591,0
1,24,"RD","10_sites_x_500","moderate",10,500,0,-0.0890061663840512,-0.0936018394250858,-0.00459567304103459,-0.0932791728573223,-0.00427300647327111,0.000322666567763474,-0.000322666567763474,0
1,24,"RMST_diff","10_sites_x_500","moderate",10,500,0,1.92756947857927,1.91636642166942,-0.0112030569098565,1.90874075837395,-0.0188287202053257,-0.00762566329546921,0.00762566329546921,0
1,25,"RD","10_sites_x_500","moderate",10,500,0,-0.0890061663840512,-0.0929707670454989,-0.00396460066144766,-0.0926170840609777,-0.00361091767692645,0.000353682984521209,-0.000353682984521209,0
1,25,"RMST_diff","10_sites_x_500","moderate",10,500,0,1.92756947857927,1.89306614876863,-0.0345033298106419,1.8849654873012,-0.0426039912780727,-0.00810066146743083,0.00810066146743083,0
1,26,"RD","10_sites_x_500","moderate",10,500,0,-0.0890061663840512,-0.0877113450290593,0.00129482135499193,-0.0873692056191385,0.00163696076491271,0.000342139409920783,0.000342139409920783,0
1,26,"RMST_diff","10_sites_x_500","moderate",10,500,0,1.92756947857927,1.83606331186219,-0.0915061667170836,1.83111282619945,-0.0964566523798283,-0.0049504856627447,0.0049504856627447,0
1,27,"RD","10_sites_x_500","moderate",10,500,0,-0.0890061663840512,-0.0901878312015841,-0.0011816648175329,-0.0898883772217535,-0.000882210837702235,0.000299453979830666,-0.000299453979830666,0
1,27,"RMST_diff","10_sites_x_500","moderate",10,500,0,1.92756947857927,1.82371907735418,-0.10385040122509,1.82052808409104,-0.107041394488229,-0.00319099326313932,0.00319099326313932,0
1,28,"RD","10_sites_x_500","moderate",10,500,0,-0.0890061663840512,-0.0911407822589826,-0.00213461587493136,-0.0906222944864167,-0.00161612810236544,0.000518487772565912,-0.000518487772565912,0
1,28,"RMST_diff","10_sites_x_500","moderate",10,500,0,1.92756947857927,1.77741879972522,-0.150150678854052,1.77364156865422,-0.153927909925056,-0.00377723107100358,0.00377723107100358,0
1,29,"RD","10_sites_x_500","moderate",10,500,0,-0.0890061663840512,-0.0861307459615217,0.00287542042252953,-0.0856380096372431,0.00336815674680813,0.000492736324278598,0.000492736324278598,0
1,29,"RMST_diff","10_sites_x_500","moderate",10,500,0,1.92756947857927,1.71387875951805,-0.213690719061223,1.70884841309728,-0.218721065481992,-0.00503034642076905,0.00503034642076905,0
1,30,"RD","10_sites_x_500","moderate",10,500,0,-0.0890061663840512,-0.0781213499907244,0.0108848163933268,-0.0775339130033064,0.0114722533807449,0.000587436987418033,0.000587436987418033,0
1,30,"RMST_diff","10_sites_x_500","moderate",10,500,0,1.92756947857927,1.56213709126794,-0.365432387311339,1.55466119928453,-0.372908279294746,-0.00747589198340748,0.00747589198340748,0
1,31,"RD","10_sites_x_500","moderate",10,500,0,-0.0890061663840512,-0.0870004191745675,0.00200574720948377,-0.0861617104377357,0.00284445594631555,0.000838708736831784,0.000838708736831784,0
1,31,"RMST_diff","10_sites_x_500","moderate",10,500,0,1.92756947857927,1.69531423776368,-0.232255240815592,1.68364312123714,-0.243926357342133,-0.0116711165265411,0.0116711165265411,0
1,32,"RD","10_sites_x_500","moderate",10,500,0,-0.0890061663840512,-0.0876401842688299,0.00136598211522132,-0.086956037882458,0.00205012850159325,0.000684146386371931,0.000684146386371931,0
1,32,"RMST_diff","10_sites_x_500","moderate",10,500,0,1.92756947857927,1.68588629551819,-0.241683183061086,1.68045350108373,-0.247115977495543,-0.00543279443445677,0.00543279443445677,0
1,33,"RD","10_sites_x_500","moderate",10,500,0,-0.0890061663840512,-0.0893117385158464,-0.000305572131795162,-0.0887023161439413,0.000303850240109926,0.000609422371905088,-1.72189168523573e-06,0
1,33,"RMST_diff","10_sites_x_500","moderate",10,500,0,1.92756947857927,1.76323308890269,-0.164336389676581,1.75923593780111,-0.168333540778162,-0.00399715110158105,0.00399715110158105,0
1,34,"RD","10_sites_x_500","moderate",10,500,0,-0.0890061663840512,-0.0916884863743894,-0.00268231999033819,-0.091357844905895,-0.00235167852184381,0.000330641468494375,-0.000330641468494375,0
1,34,"RMST_diff","10_sites_x_500","moderate",10,500,0,1.92756947857927,1.811537636927,-0.116031841652273,1.81287529352616,-0.114694185053114,0.00133765659915852,-0.00133765659915852,0
1,35,"RD","10_sites_x_500","moderate",10,500,0,-0.0890061663840512,-0.0899258420499319,-0.000919675665880693,-0.0896069604461299,-0.000600794062078691,0.000318881603802001,-0.000318881603802001,0
1,35,"RMST_diff","10_sites_x_500","moderate",10,500,0,1.92756947857927,1.79889852237222,-0.128670956207058,1.80152964650949,-0.126039832069782,0.00263112413727562,-0.00263112413727562,0
1,36,"RD","10_sites_x_500","moderate",10,500,0,-0.0890061663840512,-0.0940642029892439,-0.00505803660519266,-0.0938715138416217,-0.0048653474575705,0.00019268914762216,-0.00019268914762216,0
1,36,"RMST_diff","10_sites_x_500","moderate",10,500,0,1.92756947857927,1.83760517158925,-0.0899643069900229,1.83860381893547,-0.088965659643808,0.000998647346214909,-0.000998647346214909,0
1,37,"RD","10_sites_x_500","moderate",10,500,0,-0.0890061663840512,-0.0938879159179077,-0.00488174953385645,-0.0937135541509184,-0.00470738776686719,0.000174361766989262,-0.000174361766989262,0
1,37,"RMST_diff","10_sites_x_500","moderate",10,500,0,1.92756947857927,1.93343819978726,0.00586872120798354,1.93388300875227,0.00631353017299752,0.000444808965013976,0.000444808965013976,0
1,38,"RD","10_sites_x_500","moderate",10,500,0,-0.0890061663840512,-0.0876586033532644,0.00134756303078687,-0.0875261055247896,0.00148006085926167,0.000132497828474798,0.000132497828474798,0
1,38,"RMST_diff","10_sites_x_500","moderate",10,500,0,1.92756947857927,1.85215638283754,-0.0754130957417356,1.85217976900889,-0.0753897095703824,2.33861713532235e-05,-2.33861713532235e-05,0
1,39,"RD","10_sites_x_500","moderate",10,500,0,-0.0890061663840512,-0.087709203200414,0.00129696318363726,-0.0875936658678729,0.00141250051617836,0.000115537332541105,0.000115537332541105,0
1,39,"RMST_diff","10_sites_x_500","moderate",10,500,0,1.92756947857927,1.77514712931288,-0.152422349266391,1.77629491203715,-0.151274566542128,0.00114778272426364,-0.00114778272426364,0
1,40,"RD","10_sites_x_500","moderate",10,500,0,-0.0890061663840512,-0.0956223250629552,-0.00661615867890397,-0.0955602116910653,-0.00655404530701409,6.21133718898825e-05,-6.21133718898825e-05,0
1,40,"RMST_diff","10_sites_x_500","moderate",10,500,0,1.92756947857927,1.83888213383627,-0.0886873447430006,1.8418865840291,-0.0856828945501729,0.00300445019282769,-0.00300445019282769,0
1,41,"RD","10_sites_x_500","moderate",10,500,0,-0.0890061663840512,-0.0881123090588215,0.00089385732522973,-0.0881662703574752,0.000839896026576081,-5.39612986536486e-05,-5.39612986536486e-05,0
1,41,"RMST_diff","10_sites_x_500","moderate",10,500,0,1.92756947857927,1.76993708480929,-0.157632393769983,1.77534686902481,-0.152222609554462,0.00540978421552119,-0.00540978421552119,0
1,42,"RD","10_sites_x_500","moderate",10,500,0,-0.0890061663840512,-0.0914191959225055,-0.00241302953845424,-0.0914224842614839,-0.00241631787743268,-3.2883389784466e-06,3.2883389784466e-06,0
1,42,"RMST_diff","10_sites_x_500","moderate",10,500,0,1.92756947857927,1.92692181085228,-0.000647667726989098,1.92926685940921,0.00169738082993121,0.0023450485569203,0.00104971310294211,0
1,43,"RD","10_sites_x_500","moderate",10,500,0,-0.0890061663840512,-0.0943825181478798,-0.00537635176382856,-0.094430906144688,-0.00542473976063673,-4.83879968081746e-05,4.83879968081746e-05,0
1,43,"RMST_diff","10_sites_x_500","moderate",10,500,0,1.92756947857927,1.93540351504437,0.00783403646509306,1.93690590583326,0.00933642725398443,0.00150239078889136,0.00150239078889136,0
1,44,"RD","10_sites_x_500","moderate",10,500,0,-0.0890061663840512,-0.0985014054344735,-0.00949523905042227,-0.0986470008614471,-0.00964083447739583,-0.000145595426973566,0.000145595426973566,0
1,44,"RMST_diff","10_sites_x_500","moderate",10,500,0,1.92756947857927,2.02503462222027,0.0974651436409957,2.02864894677911,0.101079468199831,0.00361432455883559,0.00361432455883559,0
1,45,"RD","10_sites_x_500","moderate",10,500,0,-0.0890061663840512,-0.0981178722095957,-0.00911170582554444,-0.0982570401751028,-0.00925087379105161,-0.00013916796550717,0.00013916796550717,0
1,45,"RMST_diff","10_sites_x_500","moderate",10,500,0,1.92756947857927,2.00156423630911,0.0739947577298388,2.00340034787178,0.0758308692925027,0.00183611156266394,0.00183611156266394,0
1,46,"RD","10_sites_x_500","moderate",10,500,0,-0.0890061663840512,-0.0967100157709515,-0.00770384938690027,-0.096888534782855,-0.00788236839880374,-0.000178519011903466,0.000178519011903466,0
1,46,"RMST_diff","10_sites_x_500","moderate",10,500,0,1.92756947857927,2.001289333017,0.0737198544377282,2.00297421427232,0.0754047356930432,0.00168488125531496,0.00168488125531496,0
1,47,"RD","10_sites_x_500","moderate",10,500,0,-0.0890061663840512,-0.0927781878038959,-0.00377202141984467,-0.0930020013014791,-0.00399583491742783,-0.000223813497583158,0.000223813497583158,0
1,47,"RMST_diff","10_sites_x_500","moderate",10,500,0,1.92756947857927,1.90078708955013,-0.0267823890291421,1.90384640820569,-0.0237230703735793,0.00305931865556275,-0.00305931865556275,0
1,48,"RD","10_sites_x_500","moderate",10,500,0,-0.0890061663840512,-0.0887243226824621,0.000281843701589124,-0.0888663474989473,0.000139818885103948,-0.000142024816485176,-0.000142024816485176,0
1,48,"RMST_diff","10_sites_x_500","moderate",10,500,0,1.92756947857927,1.84980703633271,-0.0777624422465593,1.85106463175861,-0.0765048468206651,0.00125759542589421,-0.00125759542589421,0
1,49,"RD","10_sites_x_500","moderate",10,500,0,-0.0890061663840512,-0.0893650133805828,-0.000358846996531548,-0.0895205769030044,-0.000514410518953179,-0.000155563522421631,0.000155563522421631,0
1,49,"RMST_diff","10_sites_x_500","moderate",10,500,0,1.92756947857927,1.86697749330173,-0.0605919852775472,1.86863621164109,-0.0589332669381886,0.0016587183393586,-0.0016587183393586,0
1,50,"RD","10_sites_x_500","moderate",10,500,0,-0.0890061663840512,-0.0844062072136571,0.00459995917039413,-0.084650151065358,0.00435601531869323,-0.000243943851700901,-0.000243943851700901,0
1,50,"RMST_diff","10_sites_x_500","moderate",10,500,0,1.92756947857927,1.91874461838033,-0.00882486019894024,1.91983964942548,-0.0077298291537975,0.00109503104514275,-0.00109503104514275,0
1,51,"RD","10_sites_x_500","moderate",10,500,0,-0.0890061663840512,-0.0854712854265954,0.0035348809574558,-0.0856688078305536,0.00333735855349759,-0.000197522403958206,-0.000197522403958206,0
1,51,"RMST_diff","10_sites_x_500","moderate",10,500,0,1.92756947857927,1.84738891908568,-0.0801805594935967,1.84817221583657,-0.0793972627427024,0.00078329675089428,-0.00078329675089428,0
1,52,"RD","10_sites_x_500","moderate",10,500,0,-0.0890061663840512,-0.0816211072809183,0.00738505910313292,-0.0816987077335645,0.00730745865048676,-7.76004526461538e-05,-7.76004526461538e-05,0
1,52,"RMST_diff","10_sites_x_500","moderate",10,500,0,1.92756947857927,1.73974133024798,-0.187828148331299,1.73871668628968,-0.188852792289591,-0.00102464395829216,0.00102464395829216,0
1,53,"RD","10_sites_x_500","moderate",10,500,0,-0.0890061663840512,-0.0786801977145763,0.0103259686694749,-0.0784161370366622,0.0105900293473891,0.00026406067791418,0.00026406067791418,0
1,53,"RMST_diff","10_sites_x_500","moderate",10,500,0,1.92756947857927,1.73947723043568,-0.188092248143596,1.73423665381855,-0.193332824760724,-0.00524057661712796,0.00524057661712796,0
1,54,"RD","10_sites_x_500","moderate",10,500,0,-0.0890061663840512,-0.0756732171849887,0.0133329491990626,-0.0752501614908576,0.0137560048931936,0.000423055694131036,0.000423055694131036,0
1,54,"RMST_diff","10_sites_x_500","moderate",10,500,0,1.92756947857927,1.67253723556228,-0.25503224301699,1.66346890732205,-0.264100571257227,-0.00906832824023773,0.00906832824023773,0
1,55,"RD","10_sites_x_500","moderate",10,500,0,-0.0890061663840512,-0.0767842738894202,0.012221892494631,-0.0762927665434174,0.0127133998406338,0.000491507346002784,0.000491507346002784,0
1,55,"RMST_diff","10_sites_x_500","moderate",10,500,0,1.92756947857927,1.63190876485122,-0.295660713728054,1.62101983711029,-0.306549641468987,-0.0108889277409325,0.0108889277409325,0
1,56,"RD","10_sites_x_500","moderate",10,500,0,-0.0890061663840512,-0.0792492045033123,0.00975696188073893,-0.0788288731829846,0.0101772932010666,0.000420331320327705,0.000420331320327705,0
1,56,"RMST_diff","10_sites_x_500","moderate",10,500,0,1.92756947857927,1.61329816571644,-0.314271312862834,1.60352805326465,-0.324041425314624,-0.00977011245178971,0.00977011245178971,0
1,57,"RD","10_sites_x_500","moderate",10,500,0,-0.0890061663840512,-0.0850544243595169,0.0039517420245343,-0.0845247797858247,0.0044813865982265,0.000529644573692201,0.000529644573692201,0
1,57,"RMST_diff","10_sites_x_500","moderate",10,500,0,1.92756947857927,1.65669427043936,-0.270875208139911,1.64619172479562,-0.281377753783651,-0.0105025456437406,0.0105025456437406,0
1,58,"RD","10_sites_x_500","moderate",10,500,0,-0.0890061663840512,-0.0925433237428555,-0.00353715735880422,-0.09227925142681,-0.00327308504275881,0.000264072316045416,-0.000264072316045416,0
1,58,"RMST_diff","10_sites_x_500","moderate",10,500,0,1.92756947857927,1.74200057816571,-0.185568900413566,1.73557185343928,-0.191997625139992,-0.00642872472642608,0.00642872472642608,0
1,59,"RD","10_sites_x_500","moderate",10,500,0,-0.0890061663840512,-0.0914803572136363,-0.00247419082958511,-0.0911815921045046,-0.00217542572045337,0.000298765109131738,-0.000298765109131738,0
1,59,"RMST_diff","10_sites_x_500","moderate",10,500,0,1.92756947857927,1.73530762431637,-0.192261854262906,1.72846890358686,-0.199100574992416,-0.00683872072950997,0.00683872072950997,0
1,60,"RD","10_sites_x_500","moderate",10,500,0,-0.0890061663840512,-0.0952424687885775,-0.00623630240452622,-0.0949550043069441,-0.00594883792289291,0.000287464481633304,-0.000287464481633304,0
1,60,"RMST_diff","10_sites_x_500","moderate",10,500,0,1.92756947857927,1.78941574324548,-0.138153735333789,1.78289336214359,-0.144676116435681,-0.00652238110189174,0.00652238110189174,0
1,61,"RD","10_sites_x_500","moderate",10,500,0,-0.0890061663840512,-0.0964092927141196,-0.00740312633006834,-0.0960192494188511,-0.00701308303479986,0.000390043295268483,-0.000390043295268483,0
1,61,"RMST_diff","10_sites_x_500","moderate",10,500,0,1.92756947857927,1.91055257838429,-0.0170169001949887,1.90085955406535,-0.0267099245139271,-0.00969302431893837,0.00969302431893837,0
1,62,"RD","10_sites_x_500","moderate",10,500,0,-0.0890061663840512,-0.0934528213382771,-0.00444665495422591,-0.0929136493984425,-0.00390748301439126,0.000539171939834659,-0.000539171939834659,0
1,62,"RMST_diff","10_sites_x_500","moderate",10,500,0,1.92756947857927,1.89069200206459,-0.036877476514686,1.87959629177254,-0.0479731868067361,-0.0110957102920501,0.0110957102920501,0
1,63,"RD","10_sites_x_500","moderate",10,500,0,-0.0890061663840512,-0.0939198363116043,-0.00491366992755304,-0.093526566087506,-0.00452039970345475,0.000393270224098297,-0.000393270224098297,0
1,63,"RMST_diff","10_sites_x_500","moderate",10,500,0,1.92756947857927,1.88731037698617,-0.0402591015931044,1.87858256293428,-0.048986915644992,-0.00872781405188761,0.00872781405188761,0
1,64,"RD","10_sites_x_500","moderate",10,500,0,-0.0890061663840512,-0.089825805539238,-0.000819639155186791,-0.0893929783284259,-0.000386811944374621,0.00043282721081217,-0.00043282721081217,0
1,64,"RMST_diff","10_sites_x_500","moderate",10,500,0,1.92756947857927,1.84634260436695,-0.0812268742123283,1.8381970630099,-0.0893724155693771,-0.00814554135704881,0.00814554135704881,0
1,65,"RD","10_sites_x_500","moderate",10,500,0,-0.0890061663840512,-0.0905704621405776,-0.00156429575652639,-0.0902104868890581,-0.00120432050500685,0.00035997525151954,-0.00035997525151954,0
1,65,"RMST_diff","10_sites_x_500","moderate",10,500,0,1.92756947857927,1.89384853232571,-0.0337209462535597,1.8876919219332,-0.0398775566460738,-0.00615661039251414,0.00615661039251414,0
1,66,"RD","10_sites_x_500","moderate",10,500,0,-0.0890061663840512,-0.0917428451800792,-0.00273667879602801,-0.0913299229071165,-0.00232375652306527,0.000412922272962746,-0.000412922272962746,0
1,66,"RMST_diff","10_sites_x_500","moderate",10,500,0,1.92756947857927,1.9261253711571,-0.00144410742217183,1.9197280819429,-0.0078413966363744,-0.00639728921420257,0.00639728921420257,0
1,67,"RD","10_sites_x_500","moderate",10,500,0,-0.0890061663840512,-0.0891203182560226,-0.000114151871971391,-0.0887310219761372,0.000275144407913985,0.000389296279885376,0.000160992535942595,0
1,67,"RMST_diff","10_sites_x_500","moderate",10,500,0,1.92756947857927,1.86288748215189,-0.0646819964273888,1.85662032581413,-0.0709491527651469,-0.0062671563377581,0.0062671563377581,0
1,68,"RD","10_sites_x_500","moderate",10,500,0,-0.0890061663840512,-0.0861729404985748,0.00283322588547641,-0.0857649144381682,0.00324125194588298,0.000408026060406574,0.000408026060406574,0
1,68,"RMST_diff","10_sites_x_500","moderate",10,500,0,1.92756947857927,1.80256288700381,-0.125006591575461,1.79715321313612,-0.130416265443158,-0.00540967386769609,0.00540967386769609,0
1,69,"RD","10_sites_x_500","moderate",10,500,0,-0.0890061663840512,-0.0856072887991831,0.00339887758486812,-0.0851947030752502,0.003811463308801,0.000412585723932879,0.000412585723932879,0
1,69,"RMST_diff","10_sites_x_500","moderate",10,500,0,1.92756947857927,1.73582046221053,-0.191749016368741,1.73020670404595,-0.197362774533319,-0.00561375816457854,0.00561375816457854,0
1,70,"RD","10_sites_x_500","moderate",10,500,0,-0.0890061663840512,-0.0840971475381349,0.00490901884591632,-0.0835759837605747,0.0054301826234765,0.000521163777560174,0.000521163777560174,0
1,70,"RMST_diff","10_sites_x_500","moderate",10,500,0,1.92756947857927,1.76870172715518,-0.158867751424099,1.75953562045767,-0.1680338581216,-0.00916610669750106,0.00916610669750106,0
1,71,"RD","10_sites_x_500","moderate",10,500,0,-0.0890061663840512,-0.0844680094803176,0.0045381569037336,-0.0838605044852961,0.00514566189875509,0.000607504995021491,0.000607504995021491,0
1,71,"RMST_diff","10_sites_x_500","moderate",10,500,0,1.92756947857927,1.65704304901541,-0.270526429563862,1.64781284673789,-0.27975663184138,-0.00923020227751792,0.00923020227751792,0
1,72,"RD","10_sites_x_500","moderate",10,500,0,-0.0890061663840512,-0.0918046340235484,-0.0027984676394972,-0.0916164053016868,-0.00261023891763557,0.000188228721861639,-0.000188228721861639,0
1,72,"RMST_diff","10_sites_x_500","moderate",10,500,0,1.92756947857927,1.70177640806846,-0.225793070510809,1.69708646593703,-0.230483012642241,-0.00468994213143148,0.00468994213143148,0
1,73,"RD","10_sites_x_500","moderate",10,500,0,-0.0890061663840512,-0.0918404553225056,-0.00283428893845439,-0.0916230099082883,-0.00261684352423708,0.00021744541421731,-0.00021744541421731,0
1,73,"RMST_diff","10_sites_x_500","moderate",10,500,0,1.92756947857927,1.72342633844705,-0.204143140132221,1.71905042261073,-0.208519055968544,-0.00437591583632368,0.00437591583632368,0
1,74,"RD","10_sites_x_500","moderate",10,500,0,-0.0890061663840512,-0.0892752695990614,-0.000269103215010169,-0.0891409986285093,-0.000134832244458094,0.000134270970552075,-0.000134270970552075,0
1,74,"RMST_diff","10_sites_x_500","moderate",10,500,0,1.92756947857927,1.78498468480405,-0.142584793775221,1.78178509217769,-0.145784386401587,-0.00319959262636615,0.00319959262636615,0
1,75,"RD","10_sites_x_500","moderate",10,500,0,-0.0890061663840512,-0.0922597024498361,-0.00325353606578482,-0.0921930062981665,-0.00318683991411528,6.6696151669543e-05,-6.6696151669543e-05,0
1,75,"RMST_diff","10_sites_x_500","moderate",10,500,0,1.92756947857927,1.83357258179401,-0.0939968967852689,1.83067168525483,-0.0968977933244446,-0.00290089653917569,0.00290089653917569,0
1,76,"RD","10_sites_x_500","moderate",10,500,0,-0.0890061663840512,-0.100309697584557,-0.0113035312005055,-0.100176304437188,-0.0111701380531365,0.000133393147369043,-0.000133393147369043,0
1,76,"RMST_diff","10_sites_x_500","moderate",10,500,0,1.92756947857927,1.96455413607551,0.0369846574962374,1.96051267097752,0.0329431923982426,-0.00404146509799475,-0.00404146509799475,0
1,77,"RD","10_sites_x_500","moderate",10,500,0,-0.0890061663840512,-0.0992427228970234,-0.0102365565129722,-0.0990945564472414,-0.0100883900631902,0.000148166449781995,-0.000148166449781995,0
1,77,"RMST_diff","10_sites_x_500","moderate",10,500,0,1.92756947857927,2.03107550574134,0.103506027162064,2.02785746843542,0.100287989856147,-0.00321803730591697,-0.00321803730591697,0
1,78,"RD","10_sites_x_500","moderate",10,500,0,-0.0890061663840512,-0.101245441100021,-0.0122392747159696,-0.10112805832673,-0.0121218919426789,0.000117382773290764,-0.000117382773290764,0
1,78,"RMST_diff","10_sites_x_500","moderate",10,500,0,1.92756947857927,2.12006594507629,0.192496466497017,2.11638288897535,0.188813410396078,-0.00368305610093955,-0.00368305610093955,0
1,79,"RD","10_sites_x_500","moderate",10,500,0,-0.0890061663840512,-0.0991031516660186,-0.0100969852819673,-0.0989887693558955,-0.00998260297184428,0.000114382310123062,-0.000114382310123062,0
1,79,"RMST_diff","10_sites_x_500","moderate",10,500,0,1.92756947857927,2.1839932898913,0.256423811312027,2.18026447522757,0.252694996648296,-0.00372881466373087,-0.00372881466373087,0
1,80,"RD","10_sites_x_500","moderate",10,500,0,-0.0890061663840512,-0.0964575363291188,-0.00745136994506757,-0.0961120279913861,-0.00710586160733484,0.000345508337732725,-0.000345508337732725,0
1,80,"RMST_diff","10_sites_x_500","moderate",10,500,0,1.92756947857927,2.05906789229156,0.131498413712286,2.05418089063841,0.126611412059136,-0.00488700165315059,-0.00488700165315059,0
1,81,"RD","10_sites_x_500","moderate",10,500,0,-0.0890061663840512,-0.0878279421620121,0.00117822422203917,-0.0875604375725145,0.00144572881153671,0.000267504589497536,0.000267504589497536,0
1,81,"RMST_diff","10_sites_x_500","moderate",10,500,0,1.92756947857927,2.04574690840764,0.118177429828362,2.0414365837665,0.113867105187227,-0.00431032464113557,-0.00431032464113557,0
1,82,"RD","10_sites_x_500","moderate",10,500,0,-0.0890061663840512,-0.0823103858044105,0.00669578057964071,-0.0820580300897097,0.00694813629434154,0.000252355714700836,0.000252355714700836,0
1,82,"RMST_diff","10_sites_x_500","moderate",10,500,0,1.92756947857927,2.00451738006229,0.0769479014830168,2.00064482243462,0.0730753438553418,-0.00387255762767502,-0.00387255762767502,0
1,83,"RD","10_sites_x_500","moderate",10,500,0,-0.0890061663840512,-0.0780925917831741,0.0109135746008772,-0.0778463864141864,0.0111597799698648,0.000246205368987673,0.000246205368987673,0
1,83,"RMST_diff","10_sites_x_500","moderate",10,500,0,1.92756947857927,1.9616547452159,0.0340852666366267,1.95744446147161,0.0298749828923377,-0.004210283744289,-0.004210283744289,0
1,84,"RD","10_sites_x_500","moderate",10,500,0,-0.0890061663840512,-0.0878831542179356,0.00112301216611566,-0.0874156524480246,0.00159051393602661,0.00046750176991095,0.00046750176991095,0
1,84,"RMST_diff","10_sites_x_500","moderate",10,500,0,1.92756947857927,1.94971209508844,0.0221426165091625,1.94444113817211,0.0168716595928338,-0.00527095691632873,-0.00527095691632873,0
1,85,"RD","10_sites_x_500","moderate",10,500,0,-0.0890061663840512,-0.0859029244702497,0.00310324191380151,-0.0855338938209953,0.00347227256305593,0.00036903064925442,0.00036903064925442,0
1,85,"RMST_diff","10_sites_x_500","moderate",10,500,0,1.92756947857927,1.97888620865853,0.0513167300792574,1.97731105658102,0.0497415780017505,-0.00157515207750691,-0.00157515207750691,0
1,86,"RD","10_sites_x_500","moderate",10,500,0,-0.0890061663840512,-0.0746874082372707,0.0143187581467805,-0.074633873158825,0.0143722932252263,5.35350784457433e-05,5.35350784457433e-05,0
1,86,"RMST_diff","10_sites_x_500","moderate",10,500,0,1.92756947857927,1.83438164418843,-0.0931878343908465,1.83820364624468,-0.0893658323345932,0.00382200205625338,-0.00382200205625338,0
1,87,"RD","10_sites_x_500","moderate",10,500,0,-0.0890061663840512,-0.0725596792426443,0.016446487141407,-0.0723707396462813,0.01663542673777,0.000188939596363014,0.000188939596363014,0
1,87,"RMST_diff","10_sites_x_500","moderate",10,500,0,1.92756947857927,1.77266715605022,-0.154902322529056,1.77418686383831,-0.153382614740968,0.00151970778808774,-0.00151970778808774,0
1,88,"RD","10_sites_x_500","moderate",10,500,0,-0.0890061663840512,-0.0721553305125799,0.0168508358714713,-0.0719618640021268,0.0170443023819244,0.000193466510453155,0.000193466510453155,0
1,88,"RMST_diff","10_sites_x_500","moderate",10,500,0,1.92756947857927,1.7743297337209,-0.153239744858379,1.77529218037493,-0.152277298204345,0.00096244665403411,-0.00096244665403411,0
1,89,"RD","10_sites_x_500","moderate",10,500,0,-0.0890061663840512,-0.0736219061568134,0.0153842602272378,-0.0734359411955103,0.0155702251885409,0.000185964961303076,0.000185964961303076,0
1,89,"RMST_diff","10_sites_x_500","moderate",10,500,0,1.92756947857927,1.79135275580438,-0.136216722774893,1.7922450136804,-0.135324464898872,0.000892257876021318,-0.000892257876021318,0
1,90,"RD","10_sites_x_500","moderate",10,500,0,-0.0890061663840512,-0.0764648755326255,0.0125412908514257,-0.0762299736853448,0.0127761926987064,0.0002349018472807,0.0002349018472807,0
1,90,"RMST_diff","10_sites_x_500","moderate",10,500,0,1.92756947857927,1.8343845403337,-0.0931849382455745,1.83552086559748,-0.092048612981797,0.00113632526377749,-0.00113632526377749,0
1,91,"RD","10_sites_x_500","moderate",10,500,0,-0.0890061663840512,-0.0792774365094234,0.00972872987462781,-0.0791163910895566,0.00988977529449464,0.000161045419866834,0.000161045419866834,0
1,91,"RMST_diff","10_sites_x_500","moderate",10,500,0,1.92756947857927,1.80095882264506,-0.126610655934211,1.8019189508236,-0.125650527755672,0.000960128178538966,-0.000960128178538966,0
1,92,"RD","10_sites_x_500","moderate",10,500,0,-0.0890061663840512,-0.0838779185505634,0.00512824783348786,-0.0837679700458237,0.00523819633822753,0.000109948504739665,0.000109948504739665,0
1,92,"RMST_diff","10_sites_x_500","moderate",10,500,0,1.92756947857927,1.81056698607624,-0.11700249250303,1.81356573339093,-0.114003745188342,0.00299874731468819,-0.00299874731468819,0
1,93,"RD","10_sites_x_500","moderate",10,500,0,-0.0890061663840512,-0.0884910094546468,0.000515156929404403,-0.0883699722137269,0.000636194170324345,0.000121037240919941,0.000121037240919941,0
1,93,"RMST_diff","10_sites_x_500","moderate",10,500,0,1.92756947857927,1.85839331829762,-0.0691761602816552,1.86201990513857,-0.0655495734407072,0.00362658684094797,-0.00362658684094797,0
1,94,"RD","10_sites_x_500","moderate",10,500,0,-0.0890061663840512,-0.0868251983331676,0.00218096805088364,-0.0868490614405141,0.00215710494353716,-2.38631073464779e-05,-2.38631073464779e-05,0
1,94,"RMST_diff","10_sites_x_500","moderate",10,500,0,1.92756947857927,1.90941643614487,-0.0181530424344007,1.91431153991174,-0.0132579386675342,0.00489510376686653,-0.00489510376686653,0
1,95,"RD","10_sites_x_500","moderate",10,500,0,-0.0890061663840512,-0.0825649155248764,0.0064412508591748,-0.082318298400864,0.00668786798318721,0.000246617124012416,0.000246617124012416,0
1,95,"RMST_diff","10_sites_x_500","moderate",10,500,0,1.92756947857927,1.79326051646967,-0.134308962109609,1.79085961692131,-0.136709861657964,-0.00240089954835554,0.00240089954835554,0
1,96,"RD","10_sites_x_500","moderate",10,500,0,-0.0890061663840512,-0.081918281163367,0.00708788522068426,-0.0815707325538547,0.00743543383019651,0.000347548609512249,0.000347548609512249,0
1,96,"RMST_diff","10_sites_x_500","moderate",10,500,0,1.92756947857927,1.71155706102109,-0.216012417558188,1.70545553529281,-0.222113943286464,-0.00610152572827616,0.00610152572827616,0
1,97,"RD","10_sites_x_500","moderate",10,500,0,-0.0890061663840512,-0.0809232599135933,0.00808290647045795,-0.080681465113562,0.00832470127048923,0.000241794800031281,0.000241794800031281,0
1,97,"RMST_diff","10_sites_x_500","moderate",10,500,0,1.92756947857927,1.65343280365263,-0.274136674926641,1.64884673358321,-0.278722744996063,-0.00458607006942202,0.00458607006942202,0
1,98,"RD","10_sites_x_500","moderate",10,500,0,-0.0890061663840512,-0.0805271207521657,0.00847904563188551,-0.0802778166412349,0.00872834974281633,0.000249304110930826,0.000249304110930826,0
1,98,"RMST_diff","10_sites_x_500","moderate",10,500,0,1.92756947857927,1.63906688943582,-0.288502589143457,1.63416871326246,-0.293400765316813,-0.00489817617335575,0.00489817617335575,0
1,99,"RD","10_sites_x_500","moderate",10,500,0,-0.0890061663840512,-0.0849469263677911,0.00405924001626012,-0.084669671125888,0.00433649525816326,0.00027725524190314,0.00027725524190314,0
1,99,"RMST_diff","10_sites_x_500","moderate",10,500,0,1.92756947857927,1.60011423482705,-0.327455243752224,1.59531693414129,-0.332252544437981,-0.00479730068575712,0.00479730068575712,0
1,100,"RD","10_sites_x_500","moderate",10,500,0,-0.0890061663840512,-0.0836669797217318,0.00533918666231947,-0.0835656706572863,0.00544049572676497,0.000101309064445498,0.000101309064445498,0
1,100,"RMST_diff","10_sites_x_500","moderate",10,500,0,1.92756947857927,1.59892190753149,-0.328647571047785,1.59719602483389,-0.330373453745382,-0.00172588269759721,0.00172588269759721,0
1,101,"RD","10_sites_x_500","moderate",10,500,0,-0.0890061663840512,-0.0900072721808133,-0.00100110579676205,-0.0902834732756487,-0.00127730689159744,-0.000276201094835393,0.000276201094835393,0
1,101,"RMST_diff","10_sites_x_500","moderate",10,500,0,1.92756947857927,1.6296171436218,-0.297952334957476,1.62989742589125,-0.297672052688027,0.000280282269448762,-0.000280282269448762,0
1,102,"RD","10_sites_x_500","moderate",10,500,0,-0.0890061663840512,-0.0846981103714005,0.00430805601265072,-0.0848251363007883,0.00418103008326298,-0.000127025929387736,-0.000127025929387736,0
1,102,"RMST_diff","10_sites_x_500","moderate",10,500,0,1.92756947857927,1.56283235906064,-0.36473711951863,1.55952906944708,-0.368040409132197,-0.00330328961356763,0.00330328961356763,0
1,103,"RD","10_sites_x_500","moderate",10,500,0,-0.0890061663840512,-0.0965565276837896,-0.00755036129973841,-0.0966164688670466,-0.00761030248299532,-5.99411832569174e-05,5.99411832569174e-05,0
1,103,"RMST_diff","10_sites_x_500","moderate",10,500,0,1.92756947857927,1.69346168019992,-0.234107798379357,1.68940283306196,-0.238166645517316,-0.00405884713795857,0.00405884713795857,0
1,104,"RD","10_sites_x_500","moderate",10,500,0,-0.0890061663840512,-0.0954531915356196,-0.00644702515156836,-0.0954780187669455,-0.00647185238289427,-2.48272313259079e-05,2.48272313259079e-05,0
1,104,"RMST_diff","10_sites_x_500","moderate",10,500,0,1.92756947857927,1.71421982051782,-0.213349658061455,1.70860433053635,-0.218965148042921,-0.00561548998146577,0.00561548998146577,0
1,105,"RD","10_sites_x_500","moderate",10,500,0,-0.0890061663840512,-0.0998018088977776,-0.0107956425137263,-0.0996789044155675,-0.0106727380315162,0.000122904482210084,-0.000122904482210084,0
1,105,"RMST_diff","10_sites_x_500","moderate",10,500,0,1.92756947857927,1.71324233964806,-0.21432713893121,1.70631127080854,-0.221258207770731,-0.00693106883952055,0.00693106883952055,0
1,106,"RD","10_sites_x_500","moderate",10,500,0,-0.0890061663840512,-0.102171917698488,-0.0131657513144368,-0.102375895833251,-0.0133697294492001,-0.000203978134763361,0.000203978134763361,0
1,106,"RMST_diff","10_sites_x_500","moderate",10,500,0,1.92756947857927,1.72901936609717,-0.198550112482105,1.72711438397787,-0.200455094601404,-0.00190498211929935,0.00190498211929935,0
1,107,"RD","10_sites_x_500","moderate",10,500,0,-0.0890061663840512,-0.112608737293047,-0.0236025709089961,-0.112703862157076,-0.0236976957730251,-9.51248640289615e-05,9.51248640289615e-05,0
1,107,"RMST_diff","10_sites_x_500","moderate",10,500,0,1.92756947857927,1.88354281158928,-0.0440266669899891,1.88030693080808,-0.0472625477711901,-0.00323588078120096,0.00323588078120096,0
1,108,"RD","10_sites_x_500","moderate",10,500,0,-0.0890061663840512,-0.105866205756523,-0.0168600393724722,-0.106114413815795,-0.0171082474317439,-0.000248208059271726,0.000248208059271726,0
1,108,"RMST_diff","10_sites_x_500","moderate",10,500,0,1.92756947857927,1.85055374474696,-0.0770157338323152,1.8486269422166,-0.0789425363626712,-0.00192680253035604,0.00192680253035604,0
1,109,"RD","10_sites_x_500","moderate",10,500,0,-0.0890061663840512,-0.103508348099056,-0.0145021817150046,-0.103741161197066,-0.0147349948130144,-0.000232813098009821,0.000232813098009821,0
1,109,"RMST_diff","10_sites_x_500","moderate",10,500,0,1.92756947857927,1.98726683543221,0.0596973568529346,1.98274380926413,0.0551743306848564,-0.0045230261680782,-0.0045230261680782,0
1,110,"RD","10_sites_x_500","moderate",10,500,0,-0.0890061663840512,-0.103409804204405,-0.0144036378203534,-0.103616195372729,-0.0146100289886778,-0.000206391168324438,0.000206391168324438,0
1,110,"RMST_diff","10_sites_x_500","moderate",10,500,0,1.92756947857927,1.9255901335166,-0.0019793450626775,1.92074662113799,-0.00682285744128741,-0.00484351237860992,0.00484351237860992,0
1,111,"RD","10_sites_x_500","moderate",10,500,0,-0.0890061663840512,-0.10046140534163,-0.0114552389575788,-0.100516962707166,-0.0115107963231152,-5.55573655364183e-05,5.55573655364183e-05,0
1,111,"RMST_diff","10_sites_x_500","moderate",10,500,0,1.92756947857927,1.94563634134208,0.018066862762808,1.94327178239665,0.0157023038173776,-0.00236455894543042,-0.00236455894543042,0
1,112,"RD","10_sites_x_500","moderate",10,500,0,-0.0890061663840512,-0.103595081075846,-0.0145889146917948,-0.103772515091496,-0.0147663487074452,-0.000177434015650402,0.000177434015650402,0
1,112,"RMST_diff","10_sites_x_500","moderate",10,500,0,1.92756947857927,2.01356124906357,0.0859917704842985,2.01385414829333,0.0862846697140522,0.000292899229753729,0.000292899229753729,0
1,113,"RD","10_sites_x_500","moderate",10,500,0,-0.0890061663840512,-0.0915909904110253,-0.00258482402697402,-0.0917423803823094,-0.00273621399825819,-0.000151389971284166,0.000151389971284166,0
1,113,"RMST_diff","10_sites_x_500","moderate",10,500,0,1.92756947857927,1.80917670904814,-0.118392769531132,1.80959391679339,-0.117975561785888,0.000417207745243786,-0.000417207745243786,0
1,114,"RD","10_sites_x_500","moderate",10,500,0,-0.0890061663840512,-0.0945941226917349,-0.00558795630768372,-0.0946957106991577,-0.00568954431510649,-0.00010158800742277,0.00010158800742277,0
1,114,"RMST_diff","10_sites_x_500","moderate",10,500,0,1.92756947857927,1.81125569947842,-0.11631377910085,1.81078989544926,-0.116779583130018,-0.000465804029168737,0.000465804029168737,0
1,115,"RD","10_sites_x_500","moderate",10,500,0,-0.0890061663840512,-0.091700229075245,-0.00269406269119377,-0.0918917657059879,-0.00288559932193666,-0.000191536630742895,0.000191536630742895,0
1,115,"RMST_diff","10_sites_x_500","moderate",10,500,0,1.92756947857927,1.88890338524581,-0.0386660933334682,1.88811449664423,-0.039454981935048,-0.000788888601579885,0.000788888601579885,0
1,116,"RD","10_sites_x_500","moderate",10,500,0,-0.0890061663840512,-0.0958455962098302,-0.00683942982577901,-0.0959740742101434,-0.00696790782609213,-0.000128478000313126,0.000128478000313126,0
1,116,"RMST_diff","10_sites_x_500","moderate",10,500,0,1.92756947857927,2.04132425104941,0.11375477247014,2.04160161965011,0.114032141070835,0.000277368600695382,0.000277368600695382,0
1,117,"RD","10_sites_x_500","moderate",10,500,0,-0.0890061663840512,-0.0882616587293513,0.000744507654699911,-0.0884372914042456,0.000568874979805623,-0.000175632674894288,-0.000175632674894288,0
1,117,"RMST_diff","10_sites_x_500","moderate",10,500,0,1.92756947857927,1.94804633757189,0.0204768589926125,1.94899082848791,0.0214213499086355,0.000944490916023,0.000944490916023,0
1,118,"RD","10_sites_x_500","moderate",10,500,0,-0.0890061663840512,-0.0987323366880599,-0.00972617030400869,-0.0987539600802068,-0.00974779369615553,-2.16233921468412e-05,2.16233921468412e-05,0
1,118,"RMST_diff","10_sites_x_500","moderate",10,500,0,1.92756947857927,2.08502383247945,0.157454353900176,2.08458784692458,0.157018368345303,-0.000435985554872786,-0.000435985554872786,0
1,119,"RD","10_sites_x_500","moderate",10,500,0,-0.0890061663840512,-0.0975792685748386,-0.00857310219078733,-0.0976393627651979,-0.00863319638114668,-6.00941903593499e-05,6.00941903593499e-05,0
1,119,"RMST_diff","10_sites_x_500","moderate",10,500,0,1.92756947857927,1.99998392662057,0.0724144480412967,2.00071178045506,0.0731423018757855,0.000727853834488812,0.000727853834488812,0
1,120,"RD","10_sites_x_500","moderate",10,500,0,-0.0890061663840512,-0.0996967486135309,-0.0106905822294797,-0.0998017248861248,-0.0107955585020736,-0.000104976272593871,0.000104976272593871,0
1,120,"RMST_diff","10_sites_x_500","moderate",10,500,0,1.92756947857927,2.01388745830496,0.086317979725683,2.0153913423254,0.0878218637461305,0.00150388402044754,0.00150388402044754,0
1,121,"RD","10_sites_x_500","moderate",10,500,0,-0.0890061663840512,-0.0989301094372336,-0.00992394305318234,-0.0990404800884837,-0.0100343137044324,-0.00011037065125008,0.00011037065125008,0
1,121,"RMST_diff","10_sites_x_500","moderate",10,500,0,1.92756947857927,2.04320159544773,0.11563211686846,2.04444968755284,0.116880208973569,0.00124809210510968,0.00124809210510968,0
1,122,"RD","10_sites_x_500","moderate",10,500,0,-0.0890061663840512,-0.105163949540035,-0.0161577831559842,-0.105262375717575,-0.016256209333524,-9.84261775398565e-05,9.84261775398565e-05,0
1,122,"RMST_diff","10_sites_x_500","moderate",10,500,0,1.92756947857927,2.18862060551192,0.261051126932646,2.19028933757903,0.262719858999759,0.00166873206711315,0.00166873206711315,0
1,123,"RD","10_sites_x_500","moderate",10,500,0,-0.0890061663840512,-0.108811134507386,-0.0198049681233349,-0.10899263465968,-0.0199864682756287,-0.00018150015229379,0.00018150015229379,0
1,123,"RMST_diff","10_sites_x_500","moderate",10,500,0,1.92756947857927,2.31495487401081,0.387385395431536,2.3174764330908,0.389906954511526,0.00252155907998919,0.00252155907998919,0
1,124,"RD","10_sites_x_500","moderate",10,500,0,-0.0890061663840512,-0.09967238088482,-0.0106662145007688,-0.0998314530991707,-0.0108252867151195,-0.000159072214350742,0.000159072214350742,0
1,124,"RMST_diff","10_sites_x_500","moderate",10,500,0,1.92756947857927,2.24217472794481,0.314605249365531,2.24484347964134,0.317274001062065,0.00266875169653424,0.00266875169653424,0
1,125,"RD","10_sites_x_500","moderate",10,500,0,-0.0890061663840512,-0.105223835152358,-0.0162176687683069,-0.105306371338913,-0.0163002049548614,-8.2536186554516e-05,8.2536186554516e-05,0
1,125,"RMST_diff","10_sites_x_500","moderate",10,500,0,1.92756947857927,2.31013059454743,0.38256111596816,2.31163049681276,0.38406101823349,0.00149990226532992,0.00149990226532992,0
1,126,"RD","10_sites_x_500","moderate",10,500,0,-0.0890061663840512,-0.100461727011497,-0.0114555606274453,-0.100509520346232,-0.0115033539621807,-4.77933347353687e-05,4.77933347353687e-05,0
1,126,"RMST_diff","10_sites_x_500","moderate",10,500,0,1.92756947857927,2.27540726227459,0.347837783695319,2.27687333268662,0.349303854107344,0.00146607041202529,0.00146607041202529,0
1,127,"RD","10_sites_x_500","moderate",10,500,0,-0.0890061663840512,-0.101142616364066,-0.012136449980015,-0.101221288947476,-0.0122151225634245,-7.86725834095447e-05,7.86725834095447e-05,0
1,127,"RMST_diff","10_sites_x_500","moderate",10,500,0,1.92756947857927,2.33828988250363,0.410720403924358,2.34083512746884,0.413265648889571,0.00254524496521213,0.00254524496521213,0
1,128,"RD","10_sites_x_500","moderate",10,500,0,-0.0890061663840512,-0.0953619916354738,-0.00635582525142253,-0.0954491402992528,-0.00644297391520154,-8.71486637790131e-05,8.71486637790131e-05,0
1,128,"RMST_diff","10_sites_x_500","moderate",10,500,0,1.92756947857927,2.26560876030749,0.33803928172822,2.26795180723203,0.340382328652753,0.00234304692453335,0.00234304692453335,0
1,129,"RD","10_sites_x_500","moderate",10,500,0,-0.0890061663840512,-0.095355648908431,-0.00634948252437972,-0.0953783225346289,-0.00637215615057762,-2.26736261978999e-05,2.26736261978999e-05,0
1,129,"RMST_diff","10_sites_x_500","moderate",10,500,0,1.92756947857927,2.2508270474835,0.32325756890423,2.25213059974562,0.324561121166351,0.00130355226212053,0.00130355226212053,0
1,130,"RD","10_sites_x_500","moderate",10,500,0,-0.0890061663840512,-0.0956343081470123,-0.00662814176296112,-0.0957546573174483,-0.00674849093339702,-0.000120349170435907,0.000120349170435907,0
1,130,"RMST_diff","10_sites_x_500","moderate",10,500,0,1.92756947857927,2.29642687581099,0.368857397231718,2.29740558276497,0.369836104185694,0.000978706953976172,0.000978706953976172,0
1,131,"RD","10_sites_x_500","moderate",10,500,0,-0.0890061663840512,-0.0929211842135895,-0.00391501782953829,-0.0930629316806558,-0.00405676529660459,-0.0001417474670663,0.0001417474670663,0
1,131,"RMST_diff","10_sites_x_500","moderate",10,500,0,1.92756947857927,2.25814553399251,0.330576055413236,2.25968901930584,0.332119540726566,0.00154348531333071,0.00154348531333071,0
1,132,"RD","10_sites_x_500","moderate",10,500,0,-0.0890061663840512,-0.0913689023146917,-0.00236273593064051,-0.0915137000884423,-0.00250753370439105,-0.000144797773750538,0.000144797773750538,0
1,132,"RMST_diff","10_sites_x_500","moderate",10,500,0,1.92756947857927,2.20980610859171,0.282236630012433,2.21102329452106,0.283453815941785,0.00121718592935238,0.00121718592935238,0
1,133,"RD","10_sites_x_500","moderate",10,500,0,-0.0890061663840512,-0.0861546595986677,0.00285150678538348,-0.0863248891092192,0.00268127727483203,-0.000170229510551456,-0.000170229510551456,0
1,133,"RMST_diff","10_sites_x_500","moderate",10,500,0,1.92756947857927,2.12128641427441,0.193716935695138,2.1218112684842,0.194241789904922,0.000524854209784209,0.000524854209784209,0
1,134,"RD","10_sites_x_500","moderate",10,500,0,-0.0890061663840512,-0.0855349555578577,0.0034712108261935,-0.0857454509591042,0.00326071542494699,-0.000210495401246513,-0.000210495401246513,0
1,134,"RMST_diff","10_sites_x_500","moderate",10,500,0,1.92756947857927,2.06901797424825,0.14144849566898,2.06967565593842,0.142106177359146,0.000657681690166001,0.000657681690166001,0
1,135,"RD","10_sites_x_500","moderate",10,500,0,-0.0890061663840512,-0.079001241808013,0.0100049245760382,-0.0792199373515228,0.00978622903252846,-0.000218695543509728,-0.000218695543509728,0
1,135,"RMST_diff","10_sites_x_500","moderate",10,500,0,1.92756947857927,1.89305169988597,-0.0345177786933011,1.89350736818232,-0.0340621103969561,0.000455668296345024,-0.000455668296345024,0
1,136,"RD","10_sites_x_500","moderate",10,500,0,-0.0890061663840512,-0.0784356354003569,0.0105705309836943,-0.0786863310086284,0.0103198353754228,-0.000250695608271512,-0.000250695608271512,0
1,136,"RMST_diff","10_sites_x_500","moderate",10,500,0,1.92756947857927,1.81333129237468,-0.114238186204597,1.81399157343069,-0.113577905148587,0.000660281056010348,-0.000660281056010348,0
1,137,"RD","10_sites_x_500","moderate",10,500,0,-0.0890061663840512,-0.0808652019660465,0.00814096441800471,-0.0810999256600289,0.00790624072402235,-0.000234723693982364,-0.000234723693982364,0
1,137,"RMST_diff","10_sites_x_500","moderate",10,500,0,1.92756947857927,1.78537884447759,-0.142190634101683,1.78601787413245,-0.141551604446828,0.000639029654854184,-0.000639029654854184,0
1,138,"RD","10_sites_x_500","moderate",10,500,0,-0.0890061663840512,-0.0807481468842022,0.00825801949984906,-0.0808796371494097,0.00812652923464152,-0.000131490265207534,-0.000131490265207534,0
1,138,"RMST_diff","10_sites_x_500","moderate",10,500,0,1.92756947857927,1.81026597223441,-0.117303506344861,1.8107029425575,-0.116866536021769,0.000436970323091757,-0.000436970323091757,0
1,139,"RD","10_sites_x_500","moderate",10,500,0,-0.0890061663840512,-0.080535129356933,0.00847103702711827,-0.0805980846703528,0.00840808171369845,-6.29553134198213e-05,-6.29553134198213e-05,0
1,139,"RMST_diff","10_sites_x_500","moderate",10,500,0,1.92756947857927,1.88512163887066,-0.0424478397086094,1.88446166606159,-0.0431078125176807,-0.000659972809071263,0.000659972809071263,0
1,140,"RD","10_sites_x_500","moderate",10,500,0,-0.0890061663840512,-0.0738565959660693,0.0151495704179819,-0.0737692295554291,0.0152369368286221,8.73664106402217e-05,8.73664106402217e-05,0
1,140,"RMST_diff","10_sites_x_500","moderate",10,500,0,1.92756947857927,1.86821405456672,-0.0593554240125513,1.86790388909259,-0.0596655894866878,-0.000310165474136426,0.000310165474136426,0
1,141,"RD","10_sites_x_500","moderate",10,500,0,-0.0890061663840512,-0.0739658739069854,0.0150402924770658,-0.073879960372733,0.0151262060113182,8.59135342523576e-05,8.59135342523576e-05,0
1,141,"RMST_diff","10_sites_x_500","moderate",10,500,0,1.92756947857927,1.81952186261356,-0.108047615965711,1.81913482057087,-0.108434658008404,-0.000387042042692798,0.000387042042692798,0
1,142,"RD","10_sites_x_500","moderate",10,500,0,-0.0890061663840512,-0.0667688120365159,0.0222373543475354,-0.0666355234420767,0.0223706429419746,0.000133288594439174,0.000133288594439174,0
1,142,"RMST_diff","10_sites_x_500","moderate",10,500,0,1.92756947857927,1.75105096729924,-0.176518511280033,1.75080144210126,-0.176768036478014,-0.000249525197981271,0.000249525197981271,0
1,143,"RD","10_sites_x_500","moderate",10,500,0,-0.0890061663840512,-0.0716696083354839,0.0173365580485674,-0.0715035384580138,0.0175026279260374,0.000166069877470032,0.000166069877470032,0
1,143,"RMST_diff","10_sites_x_500","moderate",10,500,0,1.92756947857927,1.74434467247475,-0.183224806104523,1.74417806432782,-0.183391414251458,-0.000166608146935587,0.000166608146935587,0
1,144,"RD","10_sites_x_500","moderate",10,500,0,-0.0890061663840512,-0.0762053351751876,0.0128008312088637,-0.0759650677615882,0.0130410986224631,0.000240267413599393,0.000240267413599393,0
1,144,"RMST_diff","10_sites_x_500","moderate",10,500,0,1.92756947857927,1.75875497136119,-0.168814507218086,1.75919268706712,-0.168376791512154,0.000437715705931652,-0.000437715705931652,0
1,145,"RD","10_sites_x_500","moderate",10,500,0,-0.0890061663840512,-0.0769322698505207,0.0120738965335305,-0.0766600798272032,0.012346086556848,0.000272190023317465,0.000272190023317465,0
1,145,"RMST_diff","10_sites_x_500","moderate",10,500,0,1.92756947857927,1.77583732429223,-0.151732154287048,1.77477378342213,-0.152795695157147,-0.00106354087009919,0.00106354087009919,0
1,146,"RD","10_sites_x_500","moderate",10,500,0,-0.0890061663840512,-0.08329611850282,0.00571004788123119,-0.0830045009916273,0.00600166539242397,0.000291617511192777,0.000291617511192777,0
1,146,"RMST_diff","10_sites_x_500","moderate",10,500,0,1.92756947857927,1.82022207438302,-0.107347404196252,1.81850856401863,-0.109060914560645,-0.00171351036439304,0.00171351036439304,0
1,147,"RD","10_sites_x_500","moderate",10,500,0,-0.0890061663840512,-0.0853906419028656,0.00361552448118563,-0.0851415715485468,0.00386459483550439,0.000249070354318759,0.000249070354318759,0
1,147,"RMST_diff","10_sites_x_500","moderate",10,500,0,1.92756947857927,1.86044311191471,-0.0671263666645672,1.85898726942532,-0.0685822091539521,-0.00145584248938491,0.00145584248938491,0
1,148,"RD","10_sites_x_500","moderate",10,500,0,-0.0890061663840512,-0.0805616444356205,0.00844452194843071,-0.0802179886871068,0.0087881776969444,0.000343655748513694,0.000343655748513694,0
1,148,"RMST_diff","10_sites_x_500","moderate",10,500,0,1.92756947857927,1.72763537773748,-0.199934100841794,1.72490390525717,-0.202665573322108,-0.00273147248031336,0.00273147248031336,0
1,149,"RD","10_sites_x_500","moderate",10,500,0,-0.0890061663840512,-0.0831196865878481,0.00588647979620316,-0.0827851888643414,0.00622097751970985,0.000334497723506688,0.000334497723506688,0
1,149,"RMST_diff","10_sites_x_500","moderate",10,500,0,1.92756947857927,1.72295648689815,-0.20461299168112,1.72252620101228,-0.205043277566995,-0.000430285885874682,0.000430285885874682,0
1,150,"RD","10_sites_x_500","moderate",10,500,0,-0.0890061663840512,-0.0867245498862095,0.00228161649784175,-0.0863603375346061,0.00264582884944509,0.000364212351603332,0.000364212351603332,0
1,150,"RMST_diff","10_sites_x_500","moderate",10,500,0,1.92756947857927,1.68388352794274,-0.243685950636536,1.68326441833874,-0.244305060240535,-0.000619109603999135,0.000619109603999135,0
1,151,"RD","10_sites_x_500","moderate",10,500,0,-0.0890061663840512,-0.0903720337364168,-0.00136586735236555,-0.089931576812161,-0.000925410428109785,0.000440456924255761,-0.000440456924255761,0
1,151,"RMST_diff","10_sites_x_500","moderate",10,500,0,1.92756947857927,1.81145280368491,-0.116116674894361,1.8088533238843,-0.118716154694971,-0.00259947980060993,0.00259947980060993,0
1,152,"RD","10_sites_x_500","moderate",10,500,0,-0.0890061663840512,-0.089584298885262,-0.000578132501210749,-0.0892672307899725,-0.000261064405921219,0.00031706809528953,-0.00031706809528953,0
1,152,"RMST_diff","10_sites_x_500","moderate",10,500,0,1.92756947857927,1.74086124848236,-0.186708230096913,1.73837752805899,-0.189191950520286,-0.0024837204233723,0.0024837204233723,0
1,153,"RD","10_sites_x_500","moderate",10,500,0,-0.0890061663840512,-0.0988262453718037,-0.0098200789877525,-0.0985567502211345,-0.00955058383708329,0.000269495150669208,-0.000269495150669208,0
1,153,"RMST_diff","10_sites_x_500","moderate",10,500,0,1.92756947857927,1.91835232344995,-0.00921715512932053,1.91571913517936,-0.0118503433999155,-0.002633188270595,0.002633188270595,0
1,154,"RD","10_sites_x_500","moderate",10,500,0,-0.0890061663840512,-0.102012786263577,-0.0130066198795257,-0.101834200186581,-0.0128280338025302,0.000178586076995502,-0.000178586076995502,0
1,154,"RMST_diff","10_sites_x_500","moderate",10,500,0,1.92756947857927,1.96112375895074,0.0335542803714688,1.95960064652639,0.0320311679471121,-0.00152311242435665,-0.00152311242435665,0
1,155,"RD","10_sites_x_500","moderate",10,500,0,-0.0890061663840512,-0.103861041922123,-0.0148548755380719,-0.103713685495962,-0.0147075191119111,0.000147356426160705,-0.000147356426160705,0
1,155,"RMST_diff","10_sites_x_500","moderate",10,500,0,1.92756947857927,2.05565913714629,0.128089658567017,2.05710013923221,0.129530660652932,0.00144100208591524,0.00144100208591524,0
1,156,"RD","10_sites_x_500","moderate",10,500,0,-0.0890061663840512,-0.100567605323461,-0.0115614389394094,-0.10039800213942,-0.0113918357553686,0.000169603184040801,-0.000169603184040801,0
1,156,"RMST_diff","10_sites_x_500","moderate",10,500,0,1.92756947857927,2.05418197133699,0.126612492757712,2.05563055058259,0.12806107200332,0.00144857924560782,0.00144857924560782,0
1,157,"RD","10_sites_x_500","moderate",10,500,0,-0.0890061663840512,-0.0959958781594008,-0.00698971177534957,-0.0957915467550667,-0.0067853803710155,0.000204331404334068,-0.000204331404334068,0
1,157,"RMST_diff","10_sites_x_500","moderate",10,500,0,1.92756947857927,2.00981140395602,0.0822419253767457,2.01076464835175,0.0831951697724715,0.000953244395725861,0.000953244395725861,0
1,158,"RD","10_sites_x_500","moderate",10,500,0,-0.0890061663840512,-0.100166961616887,-0.011160795232836,-0.100108303635949,-0.0111021372518981,5.86579809378485e-05,-5.86579809378485e-05,0
1,158,"RMST_diff","10_sites_x_500","moderate",10,500,0,1.92756947857927,2.10779545796003,0.180225979380758,2.11167338743679,0.184103908857512,0.00387792947675436,0.00387792947675436,0
1,159,"RD","10_sites_x_500","moderate",10,500,0,-0.0890061663840512,-0.0989629368811539,-0.00995677049710264,-0.09889353104817,-0.00988736466411877,6.94058329838709e-05,-6.94058329838709e-05,0
1,159,"RMST_diff","10_sites_x_500","moderate",10,500,0,1.92756947857927,2.1454157888363,0.217846310257027,2.14475970550298,0.217190226923707,-0.000656083333320012,-0.000656083333320012,0
1,160,"RD","10_sites_x_500","moderate",10,500,0,-0.0890061663840512,-0.0941890240829618,-0.00518285769891058,-0.0943746809713166,-0.00536851458726539,-0.000185656888354813,0.000185656888354813,0
1,160,"RMST_diff","10_sites_x_500","moderate",10,500,0,1.92756947857927,2.14794827184686,0.220378793267587,2.14931142468019,0.221741946100915,0.00136315283332777,0.00136315283332777,0
1,161,"RD","10_sites_x_500","moderate",10,500,0,-0.0890061663840512,-0.087831777070052,0.00117438931399927,-0.0879820627208908,0.00102410366316041,-0.000150285650838855,-0.000150285650838855,0
1,161,"RMST_diff","10_sites_x_500","moderate",10,500,0,1.92756947857927,2.01207348978653,0.0845040112072546,2.01319083448669,0.085621355907417,0.00111734470016245,0.00111734470016245,0
1,162,"RD","10_sites_x_500","moderate",10,500,0,-0.0890061663840512,-0.0895461091509353,-0.000539942766884072,-0.0896658741353529,-0.000659707751301641,-0.00011976498441757,0.00011976498441757,0
1,162,"RMST_diff","10_sites_x_500","moderate",10,500,0,1.92756947857927,2.14005271559928,0.212483237020008,2.1403844419446,0.212814963365325,0.000331726345317307,0.000331726345317307,0
1,163,"RD","10_sites_x_500","moderate",10,500,0,-0.0890061663840512,-0.0811713307761454,0.00783483560790588,-0.0813059004431619,0.00770026594088935,-0.000134569667016526,-0.000134569667016526,0
1,163,"RMST_diff","10_sites_x_500","moderate",10,500,0,1.92756947857927,2.04956050829052,0.121991029711241,2.04966845941761,0.12209898083834,0.000107951127098715,0.000107951127098715,0
1,164,"RD","10_sites_x_500","moderate",10,500,0,-0.0890061663840512,-0.0765075630729435,0.0124986033111077,-0.076668444446666,0.0123377219373852,-0.000160881373722499,-0.000160881373722499,0
1,164,"RMST_diff","10_sites_x_500","moderate",10,500,0,1.92756947857927,2.02473702714636,0.0971675485670875,2.02359097707622,0.0960214984969436,-0.0011460500701439,-0.0011460500701439,0
1,165,"RD","10_sites_x_500","moderate",10,500,0,-0.0890061663840512,-0.0745825260437032,0.014423640340348,-0.0746709745699936,0.0143351918140576,-8.84485262904189e-05,-8.84485262904189e-05,0
1,165,"RMST_diff","10_sites_x_500","moderate",10,500,0,1.92756947857927,2.01785047443578,0.0902809958565012,2.01466937763365,0.0870998990543725,-0.00318109680212864,-0.00318109680212864,0
1,166,"RD","10_sites_x_500","moderate",10,500,0,-0.0890061663840512,-0.0787108059588757,0.0102953604251755,-0.0788047489266591,0.0102014174573921,-9.39429677834225e-05,-9.39429677834225e-05,0
1,166,"RMST_diff","10_sites_x_500","moderate",10,500,0,1.92756947857927,2.07425158137227,0.146682102792992,2.07156808595451,0.143998607375234,-0.0026834954177577,-0.0026834954177577,0
1,167,"RD","10_sites_x_500","moderate",10,500,0,-0.0890061663840512,-0.0802458001853141,0.0087603661987371,-0.0803028739504809,0.00870329243357038,-5.70737651667264e-05,-5.70737651667264e-05,0
1,167,"RMST_diff","10_sites_x_500","moderate",10,500,0,1.92756947857927,2.15220731872152,0.22463784014225,2.14897367764604,0.221404199066766,-0.00323364107548407,-0.00323364107548407,0
1,168,"RD","10_sites_x_500","moderate",10,500,0,-0.0890061663840512,-0.082959262783258,0.00604690360079319,-0.0828643674167368,0.00614179896731448,9.4895366521297e-05,9.4895366521297e-05,0
1,168,"RMST_diff","10_sites_x_500","moderate",10,500,0,1.92756947857927,2.19687337372774,0.269303895148463,2.19096888267046,0.263399404091189,-0.00590449105727409,-0.00590449105727409,0
1,169,"RD","10_sites_x_500","moderate",10,500,0,-0.0890061663840512,-0.0839202519380284,0.0050859144460228,-0.0840278554198701,0.00497831096418111,-0.000107603481841689,-0.000107603481841689,0
1,169,"RMST_diff","10_sites_x_500","moderate",10,500,0,1.92756947857927,2.07337215869987,0.145802680120594,2.07240537905105,0.144835900471776,-0.000966779648818417,-0.000966779648818417,0
1,170,"RD","10_sites_x_500","moderate",10,500,0,-0.0890061663840512,-0.0857802690262688,0.00322589735778245,-0.0857476819288077,0.00325848445524357,3.25870974611231e-05,3.25870974611231e-05,0
1,170,"RMST_diff","10_sites_x_500","moderate",10,500,0,1.92756947857927,2.1110477917896,0.183478313210324,2.10889502096831,0.181325542389036,-0.00215277082128829,-0.00215277082128829,0
1,171,"RD","10_sites_x_500","moderate",10,500,0,-0.0890061663840512,-0.0877624473149247,0.00124371906912657,-0.0878111866787736,0.0011949797052776,-4.87393638489708e-05,-4.87393638489708e-05,0
1,171,"RMST_diff","10_sites_x_500","moderate",10,500,0,1.92756947857927,2.04122827387399,0.113658795294711,2.04455212110502,0.116982642525748,0.00332384723103729,0.00332384723103729,0
1,172,"RD","10_sites_x_500","moderate",10,500,0,-0.0890061663840512,-0.0932300213828948,-0.00422385499884359,-0.0932536030961886,-0.00424743671213734,-2.35817132937521e-05,2.35817132937521e-05,0
1,172,"RMST_diff","10_sites_x_500","moderate",10,500,0,1.92756947857927,2.0276582820021,0.10008880342283,2.03045755523355,0.102888076654274,0.00279927323144413,0.00279927323144413,0
1,173,"RD","10_sites_x_500","moderate",10,500,0,-0.0890061663840512,-0.0897408591317675,-0.000734692747716315,-0.0896509364815045,-0.000644770097453229,8.99226502630857e-05,-8.99226502630857e-05,0
1,173,"RMST_diff","10_sites_x_500","moderate",10,500,0,1.92756947857927,2.03186978045442,0.104300301875144,2.03471487597944,0.107145397400165,0.00284509552502143,0.00284509552502143,0
1,174,"RD","10_sites_x_500","moderate",10,500,0,-0.0890061663840512,-0.0873558002262151,0.00165036615783609,-0.0872836501233233,0.00172251626072795,7.21501028918548e-05,7.21501028918548e-05,0
1,174,"RMST_diff","10_sites_x_500","moderate",10,500,0,1.92756947857927,2.02237522878423,0.0948057502049586,2.02552629926948,0.0979568206902108,0.00315107048525221,0.00315107048525221,0
1,175,"RD","10_sites_x_500","moderate",10,500,0,-0.0890061663840512,-0.0860039547575064,0.00300221162654479,-0.0859582694296799,0.00304789695437135,4.56853278265612e-05,4.56853278265612e-05,0
1,175,"RMST_diff","10_sites_x_500","moderate",10,500,0,1.92756947857927,2.01501072177313,0.087441243193858,2.01858966102459,0.0910201824453143,0.00357893925145625,0.00357893925145625,0
1,176,"RD","10_sites_x_500","moderate",10,500,0,-0.0890061663840512,-0.0829160477696681,0.00609011861438313,-0.0828513337856807,0.00615483259837057,6.47139839874411e-05,6.47139839874411e-05,0
1,176,"RMST_diff","10_sites_x_500","moderate",10,500,0,1.92756947857927,1.94792404364764,0.020354565068363,1.95101504180847,0.0234455632291937,0.00309099816083069,0.00309099816083069,0
1,177,"RD","10_sites_x_500","moderate",10,500,0,-0.0890061663840512,-0.0790028969848823,0.010003269399169,-0.0788550766093526,0.0101510897746986,0.000147820375529628,0.000147820375529628,0
1,177,"RMST_diff","10_sites_x_500","moderate",10,500,0,1.92756947857927,1.86268364677922,-0.0648858318000585,1.86589862623307,-0.0616708523462037,0.00321497945385474,-0.00321497945385474,0
1,178,"RD","10_sites_x_500","moderate",10,500,0,-0.0890061663840512,-0.0772845814969245,0.0117215848871267,-0.077278004988488,0.0117281613955632,6.57650843649549e-06,6.57650843649549e-06,0
1,178,"RMST_diff","10_sites_x_500","moderate",10,500,0,1.92756947857927,1.79864180742922,-0.128927671150057,1.80431625961748,-0.123253218961795,0.00567445218826279,-0.00567445218826279,0
1,179,"RD","10_sites_x_500","moderate",10,500,0,-0.0890061663840512,-0.0799174678973182,0.00908869848673299,-0.0797336971663727,0.00927246921767855,0.000183770730945554,0.000183770730945554,0
1,179,"RMST_diff","10_sites_x_500","moderate",10,500,0,1.92756947857927,1.82388862331751,-0.103680855261761,1.8282329697741,-0.0993365088051767,0.00434434645658399,-0.00434434645658399,0
1,180,"RD","10_sites_x_500","moderate",10,500,0,-0.0890061663840512,-0.0853265950911813,0.00367957129286989,-0.0852352952195728,0.00377087116447838,9.12998716084967e-05,9.12998716084967e-05,0
1,180,"RMST_diff","10_sites_x_500","moderate",10,500,0,1.92756947857927,1.81494945706205,-0.112620021517225,1.81774403663724,-0.109825441942032,0.00279457957519291,-0.00279457957519291,0
1,181,"RD","10_sites_x_500","moderate",10,500,0,-0.0890061663840512,-0.088244596085653,0.000761570298398184,-0.0882481751504502,0.000757991233600985,-3.57906479719894e-06,-3.57906479719894e-06,0
1,181,"RMST_diff","10_sites_x_500","moderate",10,500,0,1.92756947857927,1.90026801661548,-0.0273014619637983,1.90064883153139,-0.0269206470478824,0.000380814915915906,-0.000380814915915906,0
1,182,"RD","10_sites_x_500","moderate",10,500,0,-0.0890061663840512,-0.0869260555921268,0.00208011079192438,-0.0870428060420365,0.00196336034201472,-0.000116750449909664,-0.000116750449909664,0
1,182,"RMST_diff","10_sites_x_500","moderate",10,500,0,1.92756947857927,1.91655628334426,-0.0110131952350176,1.91841015904076,-0.0091593195385169,0.00185387569650075,-0.00185387569650075,0
1,183,"RD","10_sites_x_500","moderate",10,500,0,-0.0890061663840512,-0.086724973931998,0.00228119245205327,-0.0868129964505935,0.00219316993345775,-8.80225185955208e-05,-8.80225185955208e-05,0
1,183,"RMST_diff","10_sites_x_500","moderate",10,500,0,1.92756947857927,1.84154854637893,-0.0860209322003485,1.84196928151511,-0.0856001970641636,0.000420735136184902,-0.000420735136184902,0
1,184,"RD","10_sites_x_500","moderate",10,500,0,-0.0890061663840512,-0.0981239339025844,-0.00911776751853322,-0.0980018816976959,-0.00899571531364463,0.00012205220488859,-0.00012205220488859,0
1,184,"RMST_diff","10_sites_x_500","moderate",10,500,0,1.92756947857927,2.00541819158264,0.077848713003366,2.00238376070848,0.0748142821292017,-0.00303443087416433,-0.00303443087416433,0
1,185,"RD","10_sites_x_500","moderate",10,500,0,-0.0890061663840512,-0.0977875023291667,-0.00878133594511543,-0.0976785711227037,-0.00867240473865249,0.000108931206462937,-0.000108931206462937,0
1,185,"RMST_diff","10_sites_x_500","moderate",10,500,0,1.92756947857927,1.99564103724063,0.0680715586613569,1.99255941601593,0.0649899374366552,-0.00308162122470179,-0.00308162122470179,0
1,186,"RD","10_sites_x_500","moderate",10,500,0,-0.0890061663840512,-0.10073068468207,-0.0117245182980185,-0.100630037561595,-0.0116238711775443,0.000100647120474195,-0.000100647120474195,0
1,186,"RMST_diff","10_sites_x_500","moderate",10,500,0,1.92756947857927,2.02708015617975,0.0995106776004757,2.02403083481734,0.0964613562380663,-0.00304932136240943,-0.00304932136240943,0
1,187,"RD","10_sites_x_500","moderate",10,500,0,-0.0890061663840512,-0.102430273968839,-0.0134241075847882,-0.102455063675922,-0.0134488972918708,-2.47897070826397e-05,2.47897070826397e-05,0
1,187,"RMST_diff","10_sites_x_500","moderate",10,500,0,1.92756947857927,2.02183969931956,0.0942702207402881,2.02081752464827,0.0932480460689966,-0.00102217467129151,-0.00102217467129151,0
1,188,"RD","10_sites_x_500","moderate",10,500,0,-0.0890061663840512,-0.10024166124493,-0.0112354948608785,-0.100330146645382,-0.0113239802613304,-8.84854004519209e-05,8.84854004519209e-05,0
1,188,"RMST_diff","10_sites_x_500","moderate",10,500,0,1.92756947857927,2.10502647530441,0.177456996725132,2.1026738039402,0.175104325360921,-0.00235267136421058,-0.00235267136421058,0
1,189,"RD","10_sites_x_500","moderate",10,500,0,-0.0890061663840512,-0.0970348037657176,-0.00802863738166637,-0.0971818507554826,-0.00817568437143135,-0.000147046989764976,0.000147046989764976,0
1,189,"RMST_diff","10_sites_x_500","moderate",10,500,0,1.92756947857927,2.1239450383266,0.196375559747324,2.12117287567728,0.193603397098007,-0.00277216264931646,-0.00277216264931646,0
1,190,"RD","10_sites_x_500","moderate",10,500,0,-0.0890061663840512,-0.0938421282715121,-0.00483596188746083,-0.0939843621781054,-0.00497819579405412,-0.000142233906593292,0.000142233906593292,0
1,190,"RMST_diff","10_sites_x_500","moderate",10,500,0,1.92756947857927,2.19783177465169,0.270262296072421,2.19570961253946,0.268140133960188,-0.00212216211223293,-0.00212216211223293,0
1,191,"RD","10_sites_x_500","moderate",10,500,0,-0.0890061663840512,-0.0923530622593456,-0.00334689587529435,-0.0923831217359502,-0.00337695535189897,-3.00594766046158e-05,3.00594766046158e-05,0
1,191,"RMST_diff","10_sites_x_500","moderate",10,500,0,1.92756947857927,2.21445522059956,0.28688574202029,2.21387562560275,0.286306147023478,-0.000579594996812816,-0.000579594996812816,0
1,192,"RD","10_sites_x_500","moderate",10,500,0,-0.0890061663840512,-0.0963464085398226,-0.00734024215577134,-0.0963066949215921,-0.00730052853754082,3.97136182305191e-05,-3.97136182305191e-05,0
1,192,"RMST_diff","10_sites_x_500","moderate",10,500,0,1.92756947857927,2.23255738936417,0.304987910784899,2.23077491566997,0.303205437090696,-0.00178247369420248,-0.00178247369420248,0
1,193,"RD","10_sites_x_500","moderate",10,500,0,-0.0890061663840512,-0.0965248576270463,-0.00751869124299509,-0.0964917518679547,-0.00748558548390343,3.31057590916561e-05,-3.31057590916561e-05,0
1,193,"RMST_diff","10_sites_x_500","moderate",10,500,0,1.92756947857927,2.19537199232551,0.26780251374624,2.19458716671203,0.267017688132754,-0.000784825613486362,-0.000784825613486362,0
1,194,"RD","10_sites_x_500","moderate",10,500,0,-0.0890061663840512,-0.0879255792596992,0.00108058712435199,-0.0880366129110577,0.000969553472993545,-0.00011103365135845,-0.00011103365135845,0
1,194,"RMST_diff","10_sites_x_500","moderate",10,500,0,1.92756947857927,2.03679611107366,0.109226632494389,2.0380413115389,0.110471832959623,0.00124520046523457,0.00124520046523457,0
1,195,"RD","10_sites_x_500","moderate",10,500,0,-0.0890061663840512,-0.0969168451845285,-0.00791067880047724,-0.096949727155109,-0.00794356077105773,-3.28819705804895e-05,3.28819705804895e-05,0
1,195,"RMST_diff","10_sites_x_500","moderate",10,500,0,1.92756947857927,2.05785296151635,0.130283482937076,2.05903135002107,0.131461871441793,0.00117838850471763,0.00117838850471763,0
1,196,"RD","10_sites_x_500","moderate",10,500,0,-0.0890061663840512,-0.0979644174420681,-0.00895825105801684,-0.0979169430046787,-0.00891077662062745,4.74744373893943e-05,-4.74744373893943e-05,0
1,196,"RMST_diff","10_sites_x_500","moderate",10,500,0,1.92756947857927,2.08669206020752,0.159122581628244,2.08708427642103,0.15951479784176,0.00039221621351615,0.00039221621351615,0
1,197,"RD","10_sites_x_500","moderate",10,500,0,-0.0890061663840512,-0.100462339379424,-0.0114561729953727,-0.100264824246122,-0.0112586578620705,0.00019751513330224,-0.00019751513330224,0
1,197,"RMST_diff","10_sites_x_500","moderate",10,500,0,1.92756947857927,2.11983582326576,0.192266344686489,2.11851016798956,0.19094068941029,-0.0013256552761991,-0.0013256552761991,0
1,198,"RD","10_sites_x_500","moderate",10,500,0,-0.0890061663840512,-0.100146093588062,-0.0111399272040106,-0.0998050201159207,-0.0107988537318695,0.000341073472141074,-0.000341073472141074,0
1,198,"RMST_diff","10_sites_x_500","moderate",10,500,0,1.92756947857927,1.98948507026976,0.0619155916904823,1.98846563770498,0.0608961591257078,-0.00101943256477455,-0.00101943256477455,0
1,199,"RD","10_sites_x_500","moderate",10,500,0,-0.0890061663840512,-0.0956493944594095,-0.00664322807535822,-0.095324808721635,-0.00631864233758372,0.000324585737774497,-0.000324585737774497,0
1,199,"RMST_diff","10_sites_x_500","moderate",10,500,0,1.92756947857927,1.89854957203916,-0.029019906540114,1.89730279880749,-0.0302666797717883,-0.00124677323167433,0.00124677323167433,0
1,200,"RD","10_sites_x_500","moderate",10,500,0,-0.0890061663840512,-0.0918895052703311,-0.0028833388862799,-0.0915085164606414,-0.00250235007659017,0.000380988809689731,-0.000380988809689731,0
1,200,"RMST_diff","10_sites_x_500","moderate",10,500,0,1.92756947857927,1.78264053921652,-0.144928939362757,1.78038705378842,-0.147182424790854,-0.00225348542809733,0.00225348542809733,0
1,201,"RD","10_sites_x_500","moderate",10,500,0,-0.0890061663840512,-0.0874293253916287,0.0015768409924225,-0.0868633754219265,0.00214279096212477,0.000565949969702273,0.000565949969702273,0
1,201,"RMST_diff","10_sites_x_500","moderate",10,500,0,1.92756947857927,1.70523972694913,-0.222329751630149,1.69935424047388,-0.228215238105392,-0.00588548647524334,0.00588548647524334,0
1,202,"RD","10_sites_x_500","moderate",10,500,0,-0.0890061663840512,-0.0783904929237242,0.010615673460327,-0.0777661111734942,0.011240055210557,0.000624381750230052,0.000624381750230052,0
1,202,"RMST_diff","10_sites_x_500","moderate",10,500,0,1.92756947857927,1.59211036783274,-0.33545911074653,1.58927627612747,-0.338293202451803,-0.00283409170527271,0.00283409170527271,0
1,203,"RD","10_sites_x_500","moderate",10,500,0,-0.0890061663840512,-0.0810229705659784,0.00798319581807283,-0.0802859041221865,0.00872026226186473,0.000737066443791901,0.000737066443791901,0
1,203,"RMST_diff","10_sites_x_500","moderate",10,500,0,1.92756947857927,1.59457086238529,-0.332998616193988,1.59026187033799,-0.337307608241288,-0.0043089920472994,0.0043089920472994,0
1,204,"RD","10_sites_x_500","moderate",10,500,0,-0.0890061663840512,-0.0839411908973944,0.00506497548665685,-0.0832232540651077,0.00578291231894357,0.000717936832286714,0.000717936832286714,0
1,204,"RMST_diff","10_sites_x_500","moderate",10,500,0,1.92756947857927,1.65320773606717,-0.274361742512106,1.64874577183225,-0.278823706747028,-0.00446196423492218,0.00446196423492218,0
1,205,"RD","10_sites_x_500","moderate",10,500,0,-0.0890061663840512,-0.075986489256977,0.0130196771270742,-0.0753285742075331,0.0136775921765181,0.000657915049443902,0.000657915049443902,0
1,205,"RMST_diff","10_sites_x_500","moderate",10,500,0,1.92756947857927,1.6069959151979,-0.320573563381378,1.60263610553789,-0.324933373041386,-0.00435980966000749,0.00435980966000749,0
1,206,"RD","10_sites_x_500","moderate",10,500,0,-0.0890061663840512,-0.0732090403096411,0.0157971260744101,-0.0726713406144349,0.0163348257696163,0.000537699695206229,0.000537699695206229,0
1,206,"RMST_diff","10_sites_x_500","moderate",10,500,0,1.92756947857927,1.58211634637234,-0.345453132206938,1.57911325336031,-0.348456225218962,-0.00300309301202439,0.00300309301202439,0
1,207,"RD","10_sites_x_500","moderate",10,500,0,-0.0890061663840512,-0.0732049418845845,0.0158012244994667,-0.0728073810728302,0.016198785311221,0.000397560811754238,0.000397560811754238,0
1,207,"RMST_diff","10_sites_x_500","moderate",10,500,0,1.92756947857927,1.5383754545177,-0.389194024061572,1.53693001902868,-0.390639459550593,-0.00144543548902121,0.00144543548902121,0
1,208,"RD","10_sites_x_500","moderate",10,500,0,-0.0890061663840512,-0.0817123860486059,0.00729378033544537,-0.0812535503930871,0.00775261599096411,0.000458835655518741,0.000458835655518741,0
1,208,"RMST_diff","10_sites_x_500","moderate",10,500,0,1.92756947857927,1.63559087363557,-0.291978604943704,1.63266147778705,-0.294908000792224,-0.00292939584852014,0.00292939584852014,0
1,209,"RD","10_sites_x_500","moderate",10,500,0,-0.0890061663840512,-0.079056553113163,0.00994961327088828,-0.0786433528413812,0.01036281354267,0.000413200271781711,0.000413200271781711,0
1,209,"RMST_diff","10_sites_x_500","moderate",10,500,0,1.92756947857927,1.62464276392388,-0.302926714655397,1.62196932052201,-0.305600158057262,-0.00267344340186426,0.00267344340186426,0
1,210,"RD","10_sites_x_500","moderate",10,500,0,-0.0890061663840512,-0.0793790525874357,0.00962711379661552,-0.0790058921502762,0.010000274233775,0.000373160437159514,0.000373160437159514,0
1,210,"RMST_diff","10_sites_x_500","moderate",10,500,0,1.92756947857927,1.61388834680461,-0.31368113177466,1.61158609885133,-0.315983379727948,-0.00230224795328837,0.00230224795328837,0
1,211,"RD","10_sites_x_500","moderate",10,500,0,-0.0890061663840512,-0.0931018194400931,-0.00409565305604187,-0.0932804965136609,-0.00427433012960965,-0.000178677073567779,0.000178677073567779,0
1,211,"RMST_diff","10_sites_x_500","moderate",10,500,0,1.92756947857927,1.76959580410251,-0.157973674476766,1.77327075647406,-0.15429872210521,0.00367495237155602,-0.00367495237155602,0
1,212,"RD","10_sites_x_500","moderate",10,500,0,-0.0890061663840512,-0.0874963248274416,0.0015098415566096,-0.0876747497704169,0.00133141661363434,-0.000178424942975264,-0.000178424942975264,0
1,212,"RMST_diff","10_sites_x_500","moderate",10,500,0,1.92756947857927,1.67771351725516,-0.249855961324117,1.67746238258634,-0.250107095992936,-0.000251134668818764,0.000251134668818764,0
1,213,"RD","10_sites_x_500","moderate",10,500,0,-0.0890061663840512,-0.0900830198253062,-0.00107685344125497,-0.0903306381276773,-0.00132447174362604,-0.000247618302371078,0.000247618302371078,0
1,213,"RMST_diff","10_sites_x_500","moderate",10,500,0,1.92756947857927,1.76254811921843,-0.165021359360848,1.76276815081156,-0.164801327767711,0.000220031593137548,-0.000220031593137548,0
1,214,"RD","10_sites_x_500","moderate",10,500,0,-0.0890061663840512,-0.0968673550216608,-0.00786118863760954,-0.0974929917686894,-0.00848682538463819,-0.000625636747028646,0.000625636747028646,0
1,214,"RMST_diff","10_sites_x_500","moderate",10,500,0,1.92756947857927,1.83285370952187,-0.0947157690574016,1.83833227620592,-0.0892372023733525,0.00547856668404911,-0.00547856668404911,0
1,215,"RD","10_sites_x_500","moderate",10,500,0,-0.0890061663840512,-0.102312931181714,-0.0133067647976625,-0.102830301994985,-0.0138241356109333,-0.000517370813270857,0.000517370813270857,0
1,215,"RMST_diff","10_sites_x_500","moderate",10,500,0,1.92756947857927,1.88272032942234,-0.0448491491569349,1.88749103201986,-0.0400784465594164,0.00477070259751855,-0.00477070259751855,0
1,216,"RD","10_sites_x_500","moderate",10,500,0,-0.0890061663840512,-0.103435732019622,-0.0144295656355711,-0.103803696723205,-0.0147975303391537,-0.000367964703582579,0.000367964703582579,0
1,216,"RMST_diff","10_sites_x_500","moderate",10,500,0,1.92756947857927,1.94658345329045,0.0190139747111786,1.95048364802416,0.0229141694448902,0.00390019473371161,0.00390019473371161,0
1,217,"RD","10_sites_x_500","moderate",10,500,0,-0.0890061663840512,-0.107342294025417,-0.0183361276413655,-0.107724659595265,-0.0187184932112141,-0.000382365569848608,0.000382365569848608,0
1,217,"RMST_diff","10_sites_x_500","moderate",10,500,0,1.92756947857927,2.08755506782321,0.159985589243938,2.09213455499002,0.164565076410748,0.00457948716680967,0.00457948716680967,0
1,218,"RD","10_sites_x_500","moderate",10,500,0,-0.0890061663840512,-0.103284045936766,-0.0142778795527152,-0.103708304561504,-0.0147021381774533,-0.00042425862473805,0.00042425862473805,0
1,218,"RMST_diff","10_sites_x_500","moderate",10,500,0,1.92756947857927,2.12008160073105,0.192512122151774,2.12295995782157,0.195390479242301,0.00287835709052686,0.00287835709052686,0
1,219,"RD","10_sites_x_500","moderate",10,500,0,-0.0890061663840512,-0.109799941804384,-0.0207937754203332,-0.110210228572308,-0.0212040621882564,-0.000410286767923207,0.000410286767923207,0
1,219,"RMST_diff","10_sites_x_500","moderate",10,500,0,1.92756947857927,2.26858128647431,0.34101180789504,2.27032628449271,0.342756805913439,0.001744998018399,0.001744998018399,0
1,220,"RD","10_sites_x_500","moderate",10,500,0,-0.0890061663840512,-0.1152888273173,-0.0262826609332483,-0.115800923132252,-0.0267947567482012,-0.000512095814952929,0.000512095814952929,0
1,220,"RMST_diff","10_sites_x_500","moderate",10,500,0,1.92756947857927,2.41124554021868,0.483676061639402,2.41324869366488,0.485679215085607,0.00200315344620527,0.00200315344620527,0
1,221,"RD","10_sites_x_500","moderate",10,500,0,-0.0890061663840512,-0.101672695048962,-0.0126665286649111,-0.102244962671371,-0.0132387962873198,-0.000572267622408695,0.000572267622408695,0
1,221,"RMST_diff","10_sites_x_500","moderate",10,500,0,1.92756947857927,2.27679634441099,0.349226865831717,2.28175644347981,0.354186964900535,0.00496009906881767,0.00496009906881767,0
1,222,"RD","10_sites_x_500","moderate",10,500,0,-0.0890061663840512,-0.111279873574906,-0.022273707190855,-0.112011159456401,-0.0230049930723497,-0.000731285881494737,0.000731285881494737,0
1,222,"RMST_diff","10_sites_x_500","moderate",10,500,0,1.92756947857927,2.49813557325573,0.570566094676453,2.5064742591562,0.578904780576931,0.00833868590047793,0.00833868590047793,0
1,223,"RD","10_sites_x_500","moderate",10,500,0,-0.0890061663840512,-0.102094159563696,-0.0130879931796453,-0.102775752476677,-0.0137695860926262,-0.000681592912980977,0.000681592912980977,0
1,223,"RMST_diff","10_sites_x_500","moderate",10,500,0,1.92756947857927,2.40072969336685,0.473160214787573,2.40771017619521,0.480140697615933,0.00698048282836083,0.00698048282836083,0
1,224,"RD","10_sites_x_500","moderate",10,500,0,-0.0890061663840512,-0.0837512682732972,0.00525489811075408,-0.0840169476505299,0.00498921873352132,-0.000265679377232764,-0.000265679377232764,0
1,224,"RMST_diff","10_sites_x_500","moderate",10,500,0,1.92756947857927,2.09278441649122,0.165214937911948,2.09726645206782,0.169696973488547,0.00448203557659888,0.00448203557659888,0
1,225,"RD","10_sites_x_500","moderate",10,500,0,-0.0890061663840512,-0.0802797062346111,0.00872646014944012,-0.0805041575566696,0.00850200882738161,-0.000224451322058505,-0.000224451322058505,0
1,225,"RMST_diff","10_sites_x_500","moderate",10,500,0,1.92756947857927,2.03103997412061,0.103470495541334,2.03444255649887,0.106873077919598,0.00340258237826419,0.00340258237826419,0
1,226,"RD","10_sites_x_500","moderate",10,500,0,-0.0890061663840512,-0.0730986916522605,0.0159074747317908,-0.0730997186210398,0.0159064477630114,-1.0269687793496e-06,-1.0269687793496e-06,0
1,226,"RMST_diff","10_sites_x_500","moderate",10,500,0,1.92756947857927,1.88946977503507,-0.0380997035441997,1.88947253051263,-0.0380969480666451,2.75547755457239e-06,-2.75547755457239e-06,0
1,227,"RD","10_sites_x_500","moderate",10,500,0,-0.0890061663840512,-0.0698768673915522,0.019129298992499,-0.0697133379354143,0.0192928284486369,0.000163529456137845,0.000163529456137845,0
1,227,"RMST_diff","10_sites_x_500","moderate",10,500,0,1.92756947857927,1.7493756135764,-0.178193865002878,1.7452101345058,-0.182359344073479,-0.0041654790706005,0.0041654790706005,0
1,228,"RD","10_sites_x_500","moderate",10,500,0,-0.0890061663840512,-0.0664491155773987,0.0225570508066525,-0.0663717195530545,0.0226344468309967,7.73960243442007e-05,7.73960243442007e-05,0
1,228,"RMST_diff","10_sites_x_500","moderate",10,500,0,1.92756947857927,1.70774454165762,-0.219824936921652,1.70569318319457,-0.221876295384709,-0.00205135846305637,0.00205135846305637,0
1,229,"RD","10_sites_x_500","moderate",10,500,0,-0.0890061663840512,-0.0677020528486171,0.0213041135354342,-0.0678919755395564,0.0211141908444948,-0.000189922690939315,-0.000189922690939315,0
1,229,"RMST_diff","10_sites_x_500","moderate",10,500,0,1.92756947857927,1.59698110497751,-0.330588373601763,1.59957908031318,-0.327990398266099,0.00259797533566442,-0.00259797533566442,0
1,230,"RD","10_sites_x_500","moderate",10,500,0,-0.0890061663840512,-0.0655723135929878,0.0234338527910635,-0.0657327393046621,0.0232734270793892,-0.000160425711674295,-0.000160425711674295,0
1,230,"RMST_diff","10_sites_x_500","moderate",10,500,0,1.92756947857927,1.41944723093537,-0.508122247643902,1.42336417661197,-0.504205301967309,0.00391694567659329,-0.00391694567659329,0
1,231,"RD","10_sites_x_500","moderate",10,500,0,-0.0890061663840512,-0.0698801962460228,0.0191259701380284,-0.069937416762769,0.0190687496212822,-5.72205167461703e-05,-5.72205167461703e-05,0
1,231,"RMST_diff","10_sites_x_500","moderate",10,500,0,1.92756947857927,1.49955107728684,-0.428018401292432,1.50159839475924,-0.425971083820038,0.00204731747239428,-0.00204731747239428,0
1,232,"RD","10_sites_x_500","moderate",10,500,0,-0.0890061663840512,-0.0684549385889076,0.0205512277951436,-0.0685866084917596,0.0204195578922917,-0.000131669902851961,-0.000131669902851961,0
1,232,"RMST_diff","10_sites_x_500","moderate",10,500,0,1.92756947857927,1.42980719899168,-0.497762279587596,1.43567496622433,-0.491894512354939,0.00586776723265636,-0.00586776723265636,0
1,233,"RD","10_sites_x_500","moderate",10,500,0,-0.0890061663840512,-0.0697260238096603,0.0192801425743909,-0.0698701831058001,0.0191359832782512,-0.000144159296139756,-0.000144159296139756,0
1,233,"RMST_diff","10_sites_x_500","moderate",10,500,0,1.92756947857927,1.49058078805469,-0.436988690524579,1.49625727816426,-0.431312200415011,0.00567649010956828,-0.00567649010956828,0
1,234,"RD","10_sites_x_500","moderate",10,500,0,-0.0890061663840512,-0.0790002630165284,0.0100059033675228,-0.079022271411081,0.00998389497297025,-2.20083945525751e-05,-2.20083945525751e-05,0
1,234,"RMST_diff","10_sites_x_500","moderate",10,500,0,1.92756947857927,1.64199623125685,-0.285573247322423,1.64396936635816,-0.283600112221114,0.00197313510130925,-0.00197313510130925,0
1,235,"RD","10_sites_x_500","moderate",10,500,0,-0.0890061663840512,-0.0747509009819151,0.0142552654021362,-0.0746873230441454,0.0143188433399059,6.35779377696766e-05,6.35779377696766e-05,0
1,235,"RMST_diff","10_sites_x_500","moderate",10,500,0,1.92756947857927,1.63761853704132,-0.289950941537956,1.63969823408128,-0.287871244497993,0.00207969703996369,-0.00207969703996369,0
1,236,"RD","10_sites_x_500","moderate",10,500,0,-0.0890061663840512,-0.083986892106925,0.00501927427712623,-0.0841779387442246,0.0048282276398266,-0.00019104663729963,-0.00019104663729963,0
1,236,"RMST_diff","10_sites_x_500","moderate",10,500,0,1.92756947857927,1.76851703863693,-0.159052439942345,1.77276431955212,-0.154805159027156,0.00424728091518922,-0.00424728091518922,0
1,237,"RD","10_sites_x_500","moderate",10,500,0,-0.0890061663840512,-0.0860838143801431,0.00292235200390811,-0.0861048628625031,0.00290130352154816,-2.10484823599533e-05,-2.10484823599533e-05,0
1,237,"RMST_diff","10_sites_x_500","moderate",10,500,0,1.92756947857927,1.83955865523839,-0.0880108233408858,1.84069843191947,-0.0868710466598035,0.00113977668108234,-0.00113977668108234,0
1,238,"RD","10_sites_x_500","moderate",10,500,0,-0.0890061663840512,-0.0883574079621573,0.000648758421893936,-0.0883229720221501,0.000683194361901118,3.44359400071825e-05,3.44359400071825e-05,0
1,238,"RMST_diff","10_sites_x_500","moderate",10,500,0,1.92756947857927,1.8445220230551,-0.08304745552417,1.84533850733482,-0.0822309712444582,0.000816484279711815,-0.000816484279711815,0
1,239,"RD","10_sites_x_500","moderate",10,500,0,-0.0890061663840512,-0.0819633527307539,0.00704281365329729,-0.0816973962471607,0.00730877013689057,0.000265956483593288,0.000265956483593288,0
1,239,"RMST_diff","10_sites_x_500","moderate",10,500,0,1.92756947857927,1.84292301792241,-0.0846464606568684,1.84178120711092,-0.0857882714683544,-0.00114181081148601,0.00114181081148601,0
1,240,"RD","10_sites_x_500","moderate",10,500,0,-0.0890061663840512,-0.0899016006000697,-0.000895434216018454,-0.0893782261209475,-0.000372059736896246,0.000523374479122207,-0.000523374479122207,0
1,240,"RMST_diff","10_sites_x_500","moderate",10,500,0,1.92756947857927,2.08281212881698,0.155242650237703,2.07704316211065,0.149473683531378,-0.00576896670632543,-0.00576896670632543,0
1,241,"RD","10_sites_x_500","moderate",10,500,0,-0.0890061663840512,-0.0897809835624006,-0.000774817178349374,-0.0891812385995876,-0.000175072215536365,0.000599744962813009,-0.000599744962813009,0
1,241,"RMST_diff","10_sites_x_500","moderate",10,500,0,1.92756947857927,2.07160487379596,0.144035395216688,2.0655012038114,0.13793172523213,-0.00610366998455802,-0.00610366998455802,0
1,242,"RD","10_sites_x_500","moderate",10,500,0,-0.0890061663840512,-0.0909137080933275,-0.00190754170927632,-0.0904355746772779,-0.00142940829322669,0.000478133416049631,-0.000478133416049631,0
1,242,"RMST_diff","10_sites_x_500","moderate",10,500,0,1.92756947857927,1.99848782314407,0.0709183445647952,1.99527928427757,0.0677098056982945,-0.00320853886650063,-0.00320853886650063,0
1,243,"RD","10_sites_x_500","moderate",10,500,0,-0.0890061663840512,-0.101327155661779,-0.0123209892777282,-0.100897530995231,-0.0118913646111797,0.0004296246665485,-0.0004296246665485,0
1,243,"RMST_diff","10_sites_x_500","moderate",10,500,0,1.92756947857927,2.0930330270825,0.165463548503222,2.09055723199755,0.162987753418275,-0.00247579508494766,-0.00247579508494766,0
1,244,"RD","10_sites_x_500","moderate",10,500,0,-0.0890061663840512,-0.102433573780077,-0.0134274073960258,-0.102080729164672,-0.0130745627806205,0.000352844615405301,-0.000352844615405301,0
1,244,"RMST_diff","10_sites_x_500","moderate",10,500,0,1.92756947857927,2.15587678270993,0.228307304130654,2.15444794349934,0.226878464920063,-0.00142883921059145,-0.00142883921059145,0
1,245,"RD","10_sites_x_500","moderate",10,500,0,-0.0890061663840512,-0.104240394507403,-0.0152342281233521,-0.103913793507155,-0.0149076271231042,0.000326601000247839,-0.000326601000247839,0
1,245,"RMST_diff","10_sites_x_500","moderate",10,500,0,1.92756947857927,2.15259320209705,0.225023723517779,2.15115582039601,0.223586341816734,-0.00143738170104513,-0.00143738170104513,0
1,246,"RD","10_sites_x_500","moderate",10,500,0,-0.0890061663840512,-0.100710057365292,-0.0117038909812404,-0.100217242092763,-0.0112110757087116,0.000492815272528757,-0.000492815272528757,0
1,246,"RMST_diff","10_sites_x_500","moderate",10,500,0,1.92756947857927,2.07571218345857,0.148142704879294,2.07327314411901,0.145703665539733,-0.00243903933956169,-0.00243903933956169,0
1,247,"RD","10_sites_x_500","moderate",10,500,0,-0.0890061663840512,-0.0947688101013074,-0.00576264371725621,-0.094583137572495,-0.0055769711884438,0.000185672528812408,-0.000185672528812408,0
1,247,"RMST_diff","10_sites_x_500","moderate",10,500,0,1.92756947857927,1.94517713384978,0.017607655270508,1.94294961612077,0.0153801375414933,-0.00222751772901475,-0.00222751772901475,0
1,248,"RD","10_sites_x_500","moderate",10,500,0,-0.0890061663840512,-0.0955379585173384,-0.00653179213328714,-0.0953420186315627,-0.00633585224751143,0.000195939885775709,-0.000195939885775709,0
1,248,"RMST_diff","10_sites_x_500","moderate",10,500,0,1.92756947857927,1.91235802545287,-0.0152114531264047,1.91020281735528,-0.0173666612239938,-0.00215520809758907,0.00215520809758907,0
1,249,"RD","10_sites_x_500","moderate",10,500,0,-0.0890061663840512,-0.0971030761161475,-0.00809690973209631,-0.0969840055719012,-0.00797783918785,0.000119070544246314,-0.000119070544246314,0
1,249,"RMST_diff","10_sites_x_500","moderate",10,500,0,1.92756947857927,1.93417523027789,0.00660575169862021,1.93219077617991,0.00462129760063412,-0.00198445409798609,-0.00198445409798609,0
1,250,"RD","10_sites_x_500","moderate",10,500,0,-0.0890061663840512,-0.091323183093016,-0.00231701670896478,-0.0913826968778952,-0.00237653049384401,-5.95137848792282e-05,5.95137848792282e-05,0
1,250,"RMST_diff","10_sites_x_500","moderate",10,500,0,1.92756947857927,1.88039323901722,-0.0471762395620505,1.8801747965677,-0.0473946820115732,-0.000218442449522627,0.000218442449522627,0
1,251,"RD","10_sites_x_500","moderate",10,500,0,-0.0890061663840512,-0.0935941261080696,-0.00458795972401838,-0.0937368237226194,-0.00473065733856814,-0.000142697614549769,0.000142697614549769,0
1,251,"RMST_diff","10_sites_x_500","moderate",10,500,0,1.92756947857927,1.97131154728349,0.0437420687042174,1.97000251797802,0.04243303939875,-0.00130902930546739,-0.00130902930546739,0
1,252,"RD","10_sites_x_500","moderate",10,500,0,-0.0890061663840512,-0.0912300374473695,-0.00222387106331823,-0.091478428693212,-0.00247226230916076,-0.000248391245842527,0.000248391245842527,0
1,252,"RMST_diff","10_sites_x_500","moderate",10,500,0,1.92756947857927,2.00452532726815,0.0769558486888808,2.00119335550617,0.0736238769269004,-0.00333197176198041,-0.00333197176198041,0
1,253,"RD","10_sites_x_500","moderate",10,500,0,-0.0890061663840512,-0.0781216300548109,0.0108845363292404,-0.078431944006762,0.0105742223772892,-0.000310313951951136,-0.000310313951951136,0
1,253,"RMST_diff","10_sites_x_500","moderate",10,500,0,1.92756947857927,1.78079177965417,-0.146777698925099,1.77838883612779,-0.149180642451487,-0.0024029435263877,0.0024029435263877,0
1,254,"RD","10_sites_x_500","moderate",10,500,0,-0.0890061663840512,-0.077693576305996,0.0113125900780552,-0.0777738970511773,0.0112322693328739,-8.03207451812726e-05,-8.03207451812726e-05,0
1,254,"RMST_diff","10_sites_x_500","moderate",10,500,0,1.92756947857927,1.78462636693185,-0.142943111647428,1.77795000012737,-0.149619478451907,-0.00667636680447892,0.00667636680447892,0
1,255,"RD","10_sites_x_500","moderate",10,500,0,-0.0890061663840512,-0.0841008460708953,0.00490532031315594,-0.084172951293274,0.00483321509077728,-7.210522237866e-05,-7.210522237866e-05,0
1,255,"RMST_diff","10_sites_x_500","moderate",10,500,0,1.92756947857927,1.93614369561893,0.00857421703965322,1.93013883993522,0.00256936135594188,-0.00600485568371134,-0.00600485568371134,0
1,256,"RD","10_sites_x_500","moderate",10,500,0,-0.0890061663840512,-0.080336107692665,0.00867005869138626,-0.0805179298558647,0.00848823652818653,-0.00018182216319973,-0.00018182216319973,0
1,256,"RMST_diff","10_sites_x_500","moderate",10,500,0,1.92756947857927,1.83611876885744,-0.0914507097218351,1.83294519354859,-0.0946242850306849,-0.00317357530884976,0.00317357530884976,0
1,257,"RD","10_sites_x_500","moderate",10,500,0,-0.0890061663840512,-0.0808547258177247,0.00815144056632655,-0.0808330960910685,0.00817307029298275,2.16297266562027e-05,2.16297266562027e-05,0
1,257,"RMST_diff","10_sites_x_500","moderate",10,500,0,1.92756947857927,1.84812134170409,-0.0794481368751843,1.84772375108612,-0.0798457274931543,-0.000397590617970067,0.000397590617970067,0
1,258,"RD","10_sites_x_500","moderate",10,500,0,-0.0890061663840512,-0.0833317480562897,0.0056744183277615,-0.0833219912160837,0.00568417516796749,9.75684020598777e-06,9.75684020598777e-06,0
1,258,"RMST_diff","10_sites_x_500","moderate",10,500,0,1.92756947857927,1.92114114178451,-0.0064283367947624,1.92251362683947,-0.00505585173980805,0.00137248505495435,-0.00137248505495435,0
1,259,"RD","10_sites_x_500","moderate",10,500,0,-0.0890061663840512,-0.0910349717569086,-0.00202880537285732,-0.0910182790752396,-0.00201211269118839,1.66926816689283e-05,-1.66926816689283e-05,0
1,259,"RMST_diff","10_sites_x_500","moderate",10,500,0,1.92756947857927,1.98154667409909,0.0539771955198152,1.98423945344464,0.0566699748653612,0.00269277934554601,0.00269277934554601,0
1,260,"RD","10_sites_x_500","moderate",10,500,0,-0.0890061663840512,-0.0905295033892578,-0.00152333700520657,-0.0905847871946716,-0.00157862081062032,-5.52838054137528e-05,5.52838054137528e-05,0
1,260,"RMST_diff","10_sites_x_500","moderate",10,500,0,1.92756947857927,1.92672103360116,-0.000848444978110763,1.93267880110536,0.00510932252608853,0.0059577675041993,0.00426087754797777,0
1,261,"RD","10_sites_x_500","moderate",10,500,0,-0.0890061663840512,-0.0922815023884066,-0.00327533600435537,-0.0923140483151341,-0.00330788193108289,-3.2545926727523e-05,3.2545926727523e-05,0
1,261,"RMST_diff","10_sites_x_500","moderate",10,500,0,1.92756947857927,1.88681880745464,-0.0407506711246377,1.89275272218739,-0.03481675639188,0.00593391473275773,-0.00593391473275773,0
1,262,"RD","10_sites_x_500","moderate",10,500,0,-0.0890061663840512,-0.101310300278191,-0.0123041338941398,-0.101404717623444,-0.0123985512393928,-9.44173452530617e-05,9.44173452530617e-05,0
1,262,"RMST_diff","10_sites_x_500","moderate",10,500,0,1.92756947857927,1.98316566459425,0.0555961860149772,1.98985616589735,0.0622866873180747,0.00669050130309756,0.00669050130309756,0
1,263,"RD","10_sites_x_500","moderate",10,500,0,-0.0890061663840512,-0.100569046734495,-0.0115628803504438,-0.100676636602049,-0.0116704702179977,-0.000107589867553881,0.000107589867553881,0
1,263,"RMST_diff","10_sites_x_500","moderate",10,500,0,1.92756947857927,2.05205795186513,0.124488473285854,2.05885626520701,0.131286786627735,0.0067983133418803,0.0067983133418803,0
1,264,"RD","10_sites_x_500","moderate",10,500,0,-0.0890061663840512,-0.0994141558792486,-0.0104079894951974,-0.0995208544097949,-0.0105146880257436,-0.000106698530546234,0.000106698530546234,0
1,264,"RMST_diff","10_sites_x_500","moderate",10,500,0,1.92756947857927,2.0187114942182,0.091142015638928,2.02698623485682,0.0994167562775417,0.00827474063861366,0.00827474063861366,0
1,265,"RD","10_sites_x_500","moderate",10,500,0,-0.0890061663840512,-0.0977968234393394,-0.00879065705528814,-0.0978943527168935,-0.00888818633284227,-9.75292775541314e-05,9.75292775541314e-05,0
1,265,"RMST_diff","10_sites_x_500","moderate",10,500,0,1.92756947857927,1.95900543715844,0.0314359585791646,1.9676959168907,0.0401264383114235,0.00869047973225889,0.00869047973225889,0
1,266,"RD","10_sites_x_500","moderate",10,500,0,-0.0890061663840512,-0.104233106772855,-0.015226940388804,-0.104241857517046,-0.0152356911329951,-8.75074419104394e-06,8.75074419104394e-06,0
1,266,"RMST_diff","10_sites_x_500","moderate",10,500,0,1.92756947857927,2.19395428280277,0.266384804223495,2.20019289668659,0.272623418107317,0.00623861388382174,0.00623861388382174,0
1,267,"RD","10_sites_x_500","moderate",10,500,0,-0.0890061663840512,-0.0973738947495876,-0.00836772836553634,-0.0971626073918328,-0.00815644100778157,0.000211287357754775,-0.000211287357754775,0
1,267,"RMST_diff","10_sites_x_500","moderate",10,500,0,1.92756947857927,2.21011554235742,0.282546063778142,2.21187644653296,0.284306967953686,0.0017609041755442,0.0017609041755442,0
1,268,"RD","10_sites_x_500","moderate",10,500,0,-0.0890061663840512,-0.0937119954975282,-0.00470582911347694,-0.0935790870933602,-0.00457292070930893,0.00013290840416802,-0.00013290840416802,0
1,268,"RMST_diff","10_sites_x_500","moderate",10,500,0,1.92756947857927,2.1562680696232,0.228698591043928,2.15697419061687,0.229404712037597,0.000706120993669401,0.000706120993669401,0
1,269,"RD","10_sites_x_500","moderate",10,500,0,-0.0890061663840512,-0.0812293989024991,0.00777676748155209,-0.0813076456808639,0.00769852070318733,-7.82467783647656e-05,-7.82467783647656e-05,0
1,269,"RMST_diff","10_sites_x_500","moderate",10,500,0,1.92756947857927,2.0453027857818,0.11773330720253,2.04555484907339,0.117985370494115,0.000252063291585003,0.000252063291585003,0
1,270,"RD","10_sites_x_500","moderate",10,500,0,-0.0890061663840512,-0.0859980076870593,0.00300815869699189,-0.0861491705322217,0.00285699585182952,-0.000151162845162367,-0.000151162845162367,0
1,270,"RMST_diff","10_sites_x_500","moderate",10,500,0,1.92756947857927,2.02810725653551,0.100537777956232,2.0273868145179,0.0998173359386261,-0.000720442017605905,-0.000720442017605905,0
1,271,"RD","10_sites_x_500","moderate",10,500,0,-0.0890061663840512,-0.0783058005901726,0.0107003657938787,-0.0787787242477301,0.0102274421363211,-0.000472923657557578,-0.000472923657557578,0
1,271,"RMST_diff","10_sites_x_500","moderate",10,500,0,1.92756947857927,1.89672696579724,-0.0308425127820335,1.90184715002228,-0.0257223285569914,0.00512018422504212,-0.00512018422504212,0
1,272,"RD","10_sites_x_500","moderate",10,500,0,-0.0890061663840512,-0.0654217097991302,0.023584456584921,-0.0657741402523735,0.0232320261316777,-0.000352430453243291,-0.000352430453243291,0
1,272,"RMST_diff","10_sites_x_500","moderate",10,500,0,1.92756947857927,1.69822876104292,-0.229340717536351,1.70280569132702,-0.224763787252256,0.00457693028409523,-0.00457693028409523,0
1,273,"RD","10_sites_x_500","moderate",10,500,0,-0.0890061663840512,-0.069618310284975,0.0193878560990762,-0.0699754391187148,0.0190307272653364,-0.000357128833739839,-0.000357128833739839,0
1,273,"RMST_diff","10_sites_x_500","moderate",10,500,0,1.92756947857927,1.75663298919654,-0.170936489382733,1.76115912142013,-0.16641035715914,0.00452613222359233,-0.00452613222359233,0
1,274,"RD","10_sites_x_500","moderate",10,500,0,-0.0890061663840512,-0.0646132206804456,0.0243929457036056,-0.0650246783729037,0.0239814880111475,-0.000411457692458095,-0.000411457692458095,0
1,274,"RMST_diff","10_sites_x_500","moderate",10,500,0,1.92756947857927,1.69855303816176,-0.229016440417517,1.70511582499639,-0.222453653582887,0.00656278683463007,-0.00656278683463007,0
1,275,"RD","10_sites_x_500","moderate",10,500,0,-0.0890061663840512,-0.0625699787583966,0.0264361876256546,-0.0629834959979233,0.0260226703861279,-0.000413517239526651,-0.000413517239526651,0
1,275,"RMST_diff","10_sites_x_500","moderate",10,500,0,1.92756947857927,1.67105063340352,-0.256518845175755,1.67713683288287,-0.250432645696405,0.00608619947935019,-0.00608619947935019,0
1,276,"RD","10_sites_x_500","moderate",10,500,0,-0.0890061663840512,-0.0638060990423016,0.0252000673417496,-0.064057320433016,0.0249488459510352,-0.000251221390714429,-0.000251221390714429,0
1,276,"RMST_diff","10_sites_x_500","moderate",10,500,0,1.92756947857927,1.57777587119659,-0.349793607382686,1.58171750866972,-0.345851969909559,0.00394163747312781,-0.00394163747312781,0
1,277,"RD","10_sites_x_500","moderate",10,500,0,-0.0890061663840512,-0.0735258032438842,0.015480363140167,-0.0738637350635103,0.0151424313205409,-0.000337931819626047,-0.000337931819626047,0
1,277,"RMST_diff","10_sites_x_500","moderate",10,500,0,1.92756947857927,1.60692778685832,-0.320641691720958,1.61097822745565,-0.316591251123626,0.00405044059733228,-0.00405044059733228,0
1,278,"RD","10_sites_x_500","moderate",10,500,0,-0.0890061663840512,-0.0709750313246366,0.0180311350594147,-0.0713175520240632,0.017688614359988,-0.000342520699426641,-0.000342520699426641,0
1,278,"RMST_diff","10_sites_x_500","moderate",10,500,0,1.92756947857927,1.4226204634711,-0.504949015108178,1.42514807817779,-0.502421400401488,0.00252761470668972,-0.00252761470668972,0
1,279,"RD","10_sites_x_500","moderate",10,500,0,-0.0890061663840512,-0.0748796216008265,0.0141265447832247,-0.0751970803352374,0.0138090860488138,-0.000317458734410914,-0.000317458734410914,0
1,279,"RMST_diff","10_sites_x_500","moderate",10,500,0,1.92756947857927,1.45417293241081,-0.473396546168463,1.45671708927093,-0.470852389308348,0.00254415686011455,-0.00254415686011455,0
1,280,"RD","10_sites_x_500","moderate",10,500,0,-0.0890061663840512,-0.0736974641465993,0.015308702237452,-0.0738398958032748,0.0151662705807765,-0.00014243165667549,-0.00014243165667549,0
1,280,"RMST_diff","10_sites_x_500","moderate",10,500,0,1.92756947857927,1.44656026930208,-0.48100920927719,1.44773378887974,-0.479835689699533,0.00117351957765699,-0.00117351957765699,0
1,281,"RD","10_sites_x_500","moderate",10,500,0,-0.0890061663840512,-0.0789899524789592,0.010016213905092,-0.0789224022197133,0.010083764164338,6.75502592459853e-05,6.75502592459853e-05,0
1,281,"RMST_diff","10_sites_x_500","moderate",10,500,0,1.92756947857927,1.57519495673471,-0.352374521844563,1.57642347061236,-0.351146007966914,0.00122851387764911,-0.00122851387764911,0
1,282,"RD","10_sites_x_500","moderate",10,500,0,-0.0890061663840512,-0.0829505168911249,0.00605564949292636,-0.082773218225606,0.00623294815844522,0.000177298665518855,0.000177298665518855,0
1,282,"RMST_diff","10_sites_x_500","moderate",10,500,0,1.92756947857927,1.73879406485961,-0.188775413719668,1.7391735025078,-0.188395976071474,0.000379437648193814,-0.000379437648193814,0
1,283,"RD","10_sites_x_500","moderate",10,500,0,-0.0890061663840512,-0.0726477191262358,0.0163584472578154,-0.0728381860192111,0.0161679803648401,-0.000190466892975305,-0.000190466892975305,0
1,283,"RMST_diff","10_sites_x_500","moderate",10,500,0,1.92756947857927,1.52648713472647,-0.401082343852801,1.53341461065511,-0.394154867924165,0.00692747592863618,-0.00692747592863618,0
1,284,"RD","10_sites_x_500","moderate",10,500,0,-0.0890061663840512,-0.0736073330182889,0.0153988333657623,-0.0737593619880035,0.0152468043960478,-0.000152028969714557,-0.000152028969714557,0
1,284,"RMST_diff","10_sites_x_500","moderate",10,500,0,1.92756947857927,1.56719108450409,-0.360378394075184,1.57387053618104,-0.353698942398237,0.00667945167694661,-0.00667945167694661,0
1,285,"RD","10_sites_x_500","moderate",10,500,0,-0.0890061663840512,-0.067316285749103,0.0216898806349483,-0.0676345204856714,0.0213716458983798,-0.000318234736568446,-0.000318234736568446,0
1,285,"RMST_diff","10_sites_x_500","moderate",10,500,0,1.92756947857927,1.48823741744905,-0.439332061130219,1.49775301053935,-0.429816468039922,0.00951559309029726,-0.00951559309029726,0
1,286,"RD","10_sites_x_500","moderate",10,500,0,-0.0890061663840512,-0.0603083411154068,0.0286978252686444,-0.0605749362556544,0.0284312301283969,-0.000266595140247516,-0.000266595140247516,0
1,286,"RMST_diff","10_sites_x_500","moderate",10,500,0,1.92756947857927,1.50648283247572,-0.421086646103554,1.51695694347091,-0.410612535108362,0.010474110995192,-0.010474110995192,0
1,287,"RD","10_sites_x_500","moderate",10,500,0,-0.0890061663840512,-0.0569398816126574,0.0320662847713938,-0.0573031026906432,0.031703063693408,-0.000363221077985809,-0.000363221077985809,0
1,287,"RMST_diff","10_sites_x_500","moderate",10,500,0,1.92756947857927,1.55619053119439,-0.371378947384887,1.56618051632225,-0.361388962257028,0.00998998512785931,-0.00998998512785931,0
1,288,"RD","10_sites_x_500","moderate",10,500,0,-0.0890061663840512,-0.065418344389755,0.0235878219942962,-0.0655586658034116,0.0234475005806396,-0.000140321413656608,-0.000140321413656608,0
1,288,"RMST_diff","10_sites_x_500","moderate",10,500,0,1.92756947857927,1.82770223801725,-0.0998672405620198,1.83580928815119,-0.0917601904280847,0.00810705013393509,-0.00810705013393509,0
1,289,"RD","10_sites_x_500","moderate",10,500,0,-0.0890061663840512,-0.0675439241395533,0.0214622422444979,-0.0676389139284136,0.0213672524556376,-9.49897888602447e-05,-9.49897888602447e-05,0
1,289,"RMST_diff","10_sites_x_500","moderate",10,500,0,1.92756947857927,1.86559749243251,-0.061971986146764,1.87312298849209,-0.0544464900871855,0.00752549605957853,-0.00752549605957853,0
1,290,"RD","10_sites_x_500","moderate",10,500,0,-0.0890061663840512,-0.0653745082665393,0.0236316581175119,-0.0654433839134144,0.0235627824706368,-6.88756468750773e-05,-6.88756468750773e-05,0
1,290,"RMST_diff","10_sites_x_500","moderate",10,500,0,1.92756947857927,1.86937971358124,-0.0581897649980352,1.87647338588215,-0.0510960926971276,0.00709367230090763,-0.00709367230090763,0
1,291,"RD","10_sites_x_500","moderate",10,500,0,-0.0890061663840512,-0.0627938479512601,0.0262123184327911,-0.0627983338241331,0.0262078325599181,-4.48587287305013e-06,-4.48587287305013e-06,0
1,291,"RMST_diff","10_sites_x_500","moderate",10,500,0,1.92756947857927,1.76367041148198,-0.163899067097292,1.76902484536405,-0.158544633215225,0.0053544338820668,-0.0053544338820668,0
1,292,"RD","10_sites_x_500","moderate",10,500,0,-0.0890061663840512,-0.0671075381014278,0.0218986282826235,-0.0673168727537651,0.0216892936302862,-0.000209334652337301,-0.000209334652337301,0
1,292,"RMST_diff","10_sites_x_500","moderate",10,500,0,1.92756947857927,1.69627260865239,-0.231296869926883,1.70049033100486,-0.227079147574411,0.00421772235247175,-0.00421772235247175,0
1,293,"RD","10_sites_x_500","moderate",10,500,0,-0.0890061663840512,-0.0794659561891436,0.00954021019490758,-0.0795067324629217,0.00949943392112951,-4.07762737780759e-05,-4.07762737780759e-05,0
1,293,"RMST_diff","10_sites_x_500","moderate",10,500,0,1.92756947857927,1.86481158094592,-0.0627578976333556,1.86482630398696,-0.0627431745923168,1.47230410387778e-05,-1.47230410387778e-05,0
1,294,"RD","10_sites_x_500","moderate",10,500,0,-0.0890061663840512,-0.0826356973820357,0.00637046900201554,-0.0826505966604357,0.00635556972361551,-1.48992784000379e-05,-1.48992784000379e-05,0
1,294,"RMST_diff","10_sites_x_500","moderate",10,500,0,1.92756947857927,1.88048281933682,-0.0470866592424528,1.88014710304995,-0.0474223755293277,-0.000335716286874899,0.000335716286874899,0
1,295,"RD","10_sites_x_500","moderate",10,500,0,-0.0890061663840512,-0.087134899535968,0.00187126684808325,-0.0869626052138046,0.00204356117024662,0.000172294322163369,0.000172294322163369,0
1,295,"RMST_diff","10_sites_x_500","moderate",10,500,0,1.92756947857927,1.949912555244,0.0223430766647219,1.94660687687279,0.0190373982935164,-0.00330567837120554,-0.00330567837120554,0
1,296,"RD","10_sites_x_500","moderate",10,500,0,-0.0890061663840512,-0.0935668297576032,-0.00456066337355199,-0.0935747602091442,-0.004568593825093,-7.93045154101613e-06,7.93045154101613e-06,0
1,296,"RMST_diff","10_sites_x_500","moderate",10,500,0,1.92756947857927,1.95877961104318,0.0312101324639062,1.95593811997049,0.0283686413912161,-0.00284149107269016,-0.00284149107269016,0
1,297,"RD","10_sites_x_500","moderate",10,500,0,-0.0890061663840512,-0.101847068392581,-0.0128409020085301,-0.102032978710583,-0.0130268123265317,-0.000185910318001636,0.000185910318001636,0
1,297,"RMST_diff","10_sites_x_500","moderate",10,500,0,1.92756947857927,1.97822357536156,0.0506540967822904,1.97677047231115,0.0492009937318798,-0.00145310305041058,-0.00145310305041058,0
1,298,"RD","10_sites_x_500","moderate",10,500,0,-0.0890061663840512,-0.0985348898766876,-0.00952872349263634,-0.0986206992984733,-0.00961453291442205,-8.58094217857097e-05,8.58094217857097e-05,0
1,298,"RMST_diff","10_sites_x_500","moderate",10,500,0,1.92756947857927,1.97225752341565,0.0446880448363736,1.96999830759881,0.0424288290195403,-0.0022592158168333,-0.0022592158168333,0
1,299,"RD","10_sites_x_500","moderate",10,500,0,-0.0890061663840512,-0.100057893647772,-0.0110517272637206,-0.100054422823213,-0.0110482564391617,3.47082455887104e-06,-3.47082455887104e-06,0
1,299,"RMST_diff","10_sites_x_500","moderate",10,500,0,1.92756947857927,1.9724948354687,0.0449253568894292,1.96926952216754,0.0417000435882642,-0.00322531330116504,-0.00322531330116504,0
1,300,"RD","10_sites_x_500","moderate",10,500,0,-0.0890061663840512,-0.0966825037180243,-0.0076763373339731,-0.0967205856008212,-0.00771441921676996,-3.80818827968588e-05,3.80818827968588e-05,0
1,300,"RMST_diff","10_sites_x_500","moderate",10,500,0,1.92756947857927,1.92194683079092,-0.00562264778835875,1.9185269339841,-0.00904254459516984,-0.0034198968068111,0.0034198968068111,0
2,1,"RD","20_sites_x_250","moderate",20,250,0,-0.0890061663840512,-0.0813690324681784,0.00763713391587284,-0.0811575779717553,0.00784858841229596,0.000211454496423125,0.000211454496423125,0
2,1,"RMST_diff","20_sites_x_250","moderate",20,250,0,1.92756947857927,1.71755741987369,-0.21001205870558,1.72132926578382,-0.206240212795457,0.00377184591012281,-0.00377184591012281,0
2,2,"RD","20_sites_x_250","moderate",20,250,0,-0.0890061663840512,-0.0820943246640475,0.0069118417200037,-0.081919245895722,0.00708692048832926,0.000175078768325565,0.000175078768325565,0
2,2,"RMST_diff","20_sites_x_250","moderate",20,250,0,1.92756947857927,1.79417238947836,-0.133397089100916,1.79773927172302,-0.129830206856251,0.00356688224466417,-0.00356688224466417,0
2,3,"RD","20_sites_x_250","moderate",20,250,0,-0.0890061663840512,-0.0795960662241061,0.00941010015994515,-0.0795651661094567,0.00944100027459449,3.09001146493459e-05,3.09001146493459e-05,0
2,3,"RMST_diff","20_sites_x_250","moderate",20,250,0,1.92756947857927,1.83181321156338,-0.09575626701589,1.83373221226669,-0.0938372663125833,0.00191900070330675,-0.00191900070330675,0
2,4,"RD","20_sites_x_250","moderate",20,250,0,-0.0890061663840512,-0.082434934521299,0.00657123186275221,-0.0820877901414317,0.00691837624261948,0.00034714437986727,0.00034714437986727,0
2,4,"RMST_diff","20_sites_x_250","moderate",20,250,0,1.92756947857927,1.82236730119556,-0.105202177383713,1.82034184406917,-0.107227634510101,-0.00202545712638802,0.00202545712638802,0
2,5,"RD","20_sites_x_250","moderate",20,250,0,-0.0890061663840512,-0.0838669958507144,0.00513917053333679,-0.0834088518904487,0.00559731449360257,0.000458143960265778,0.000458143960265778,0
2,5,"RMST_diff","20_sites_x_250","moderate",20,250,0,1.92756947857927,1.85377210857469,-0.0737973700045842,1.85034065802626,-0.0772288205530138,-0.00343145054842964,0.00343145054842964,0
2,6,"RD","20_sites_x_250","moderate",20,250,0,-0.0890061663840512,-0.0924820939626164,-0.00347592757856519,-0.0914347679511455,-0.00242860156709424,0.00104732601147095,-0.00104732601147095,0
2,6,"RMST_diff","20_sites_x_250","moderate",20,250,0,1.92756947857927,1.98069359026356,0.0531241116842853,1.96782130111674,0.0402518225374706,-0.0128722891468147,-0.0128722891468147,0
2,7,"RD","20_sites_x_250","moderate",20,250,0,-0.0890061663840512,-0.0915051483186043,-0.00249898193455311,-0.090456741137805,-0.00145057475375376,0.00104840718079935,-0.00104840718079935,0
2,7,"RMST_diff","20_sites_x_250","moderate",20,250,0,1.92756947857927,1.92681169558425,-0.00075778299502538,1.9137811801625,-0.0137882984167739,-0.0130305154217485,0.0130305154217485,0
2,8,"RD","20_sites_x_250","moderate",20,250,0,-0.0890061663840512,-0.0854378424426878,0.00356832394136342,-0.0843930180825727,0.00461314830147852,0.0010448243601151,0.0010448243601151,0
2,8,"RMST_diff","20_sites_x_250","moderate",20,250,0,1.92756947857927,1.81605632464611,-0.111513153933164,1.80297457259287,-0.124594905986406,-0.0130817520532425,0.0130817520532425,0
2,9,"RD","20_sites_x_250","moderate",20,250,0,-0.0890061663840512,-0.085517563176313,0.00348860320773825,-0.0847070605688004,0.00429910581525084,0.000810502607512587,0.000810502607512587,0
2,9,"RMST_diff","20_sites_x_250","moderate",20,250,0,1.92756947857927,1.85745771794696,-0.0701117606323169,1.84833466807869,-0.07923481050058,-0.00912304986826307,0.00912304986826307,0
2,10,"RD","20_sites_x_250","moderate",20,250,0,-0.0890061663840512,-0.0843658747288841,0.00464029165516711,-0.0835024960773875,0.00550367030666377,0.00086337865149666,0.00086337865149666,0
2,10,"RMST_diff","20_sites_x_250","moderate",20,250,0,1.92756947857927,1.84308509788552,-0.0844843806937554,1.83243549295365,-0.0951339856256261,-0.0106496049318707,0.0106496049318707,0
2,11,"RD","20_sites_x_250","moderate",20,250,0,-0.0890061663840512,-0.0825460072405741,0.00646015914347708,-0.081618898181633,0.0073872682024182,0.000927109058941111,0.000927109058941111,0
2,11,"RMST_diff","20_sites_x_250","moderate",20,250,0,1.92756947857927,1.80912212535624,-0.118447353223031,1.7961630624806,-0.131406416098676,-0.0129590628756446,0.0129590628756446,0
2,12,"RD","20_sites_x_250","moderate",20,250,0,-0.0890061663840512,-0.0794830029733686,0.0095231634106826,-0.0784553320331287,0.0105508343509225,0.00102767094023992,0.00102767094023992,0
2,12,"RMST_diff","20_sites_x_250","moderate",20,250,0,1.92756947857927,1.69729272684128,-0.230276751737998,1.67874539508007,-0.248824083499207,-0.0185473317612086,0.0185473317612086,0
2,13,"RD","20_sites_x_250","moderate",20,250,0,-0.0890061663840512,-0.0780256217037547,0.0109805446802965,-0.0770850328393219,0.0119211335447293,0.000940588864432823,0.000940588864432823,0
2,13,"RMST_diff","20_sites_x_250","moderate",20,250,0,1.92756947857927,1.74526254708409,-0.18230693149518,1.72620369873951,-0.201365779839769,-0.0190588483445886,0.0190588483445886,0
2,14,"RD","20_sites_x_250","moderate",20,250,0,-0.0890061663840512,-0.0832024087591581,0.00580375762489316,-0.082185129887119,0.00682103649693222,0.00101727887203906,0.00101727887203906,0
2,14,"RMST_diff","20_sites_x_250","moderate",20,250,0,1.92756947857927,1.83581383852929,-0.0917556400499873,1.81471713374799,-0.112852344831289,-0.0210967047813018,0.0210967047813018,0
2,15,"RD","20_sites_x_250","moderate",20,250,0,-0.0890061663840512,-0.0821876833771322,0.00681848300691901,-0.0815616050367143,0.00744456134733695,0.000626078340417946,0.000626078340417946,0
2,15,"RMST_diff","20_sites_x_250","moderate",20,250,0,1.92756947857927,1.88090900035188,-0.0466604782273965,1.8687491039114,-0.0588203746678779,-0.0121598964404814,0.0121598964404814,0
2,16,"RD","20_sites_x_250","moderate",20,250,0,-0.0890061663840512,-0.0812478807205692,0.00775828566348202,-0.0806057687720069,0.00840039761204436,0.000642111948562341,0.000642111948562341,0
2,16,"RMST_diff","20_sites_x_250","moderate",20,250,0,1.92756947857927,1.85637113018829,-0.0711983483909844,1.84431532352325,-0.0832541550560286,-0.0120558066650442,0.0120558066650442,0
2,17,"RD","20_sites_x_250","moderate",20,250,0,-0.0890061663840512,-0.078979008278858,0.0100271581051933,-0.0783281618835387,0.0106780045005125,0.000650846395319205,0.000650846395319205,0
2,17,"RMST_diff","20_sites_x_250","moderate",20,250,0,1.92756947857927,1.85659784934212,-0.0709716292371585,1.84451813824913,-0.0830513403301474,-0.0120797110929889,0.0120797110929889,0
2,18,"RD","20_sites_x_250","moderate",20,250,0,-0.0890061663840512,-0.0795845316017516,0.00942163478229963,-0.0789147821812916,0.0100913842027597,0.000669749420460053,0.000669749420460053,0
2,18,"RMST_diff","20_sites_x_250","moderate",20,250,0,1.92756947857927,1.87555909319483,-0.0520103853844436,1.86246729324834,-0.0651021853309324,-0.0130917999464888,0.0130917999464888,0
2,19,"RD","20_sites_x_250","moderate",20,250,0,-0.0890061663840512,-0.0729075414927617,0.0160986248912895,-0.0723441148716903,0.0166620515123609,0.000563426621071339,0.000563426621071339,0
2,19,"RMST_diff","20_sites_x_250","moderate",20,250,0,1.92756947857927,1.73774017447219,-0.189829304107088,1.72613266139895,-0.201436817180328,-0.0116075130732405,0.0116075130732405,0
2,20,"RD","20_sites_x_250","moderate",20,250,0,-0.0890061663840512,-0.0711885320074656,0.0178176343765857,-0.0706021419292907,0.0184040244547605,0.000586390078174848,0.000586390078174848,0
2,20,"RMST_diff","20_sites_x_250","moderate",20,250,0,1.92756947857927,1.69854790101512,-0.229021577564152,1.68629894622458,-0.241270532354694,-0.0122489547905413,0.0122489547905413,0
2,21,"RD","20_sites_x_250","moderate",20,250,0,-0.0890061663840512,-0.0668712524860458,0.0221349138980055,-0.0664112468351868,0.0225949195488644,0.000460005650858908,0.000460005650858908,0
2,21,"RMST_diff","20_sites_x_250","moderate",20,250,0,1.92756947857927,1.55644890168477,-0.371120576894507,1.54709174807502,-0.380477730504255,-0.00935715360974854,0.00935715360974854,0
2,22,"RD","20_sites_x_250","moderate",20,250,0,-0.0890061663840512,-0.0637296216320403,0.0252765447520109,-0.0631911192131694,0.0258150471708818,0.000538502418870879,0.000538502418870879,0
2,22,"RMST_diff","20_sites_x_250","moderate",20,250,0,1.92756947857927,1.45289536198615,-0.474674116593121,1.43828210953464,-0.489287369044632,-0.014613252451511,0.014613252451511,0
2,23,"RD","20_sites_x_250","moderate",20,250,0,-0.0890061663840512,-0.0673697958910668,0.0216363704929844,-0.0668714814659018,0.0221346849181494,0.000498314425165014,0.000498314425165014,0
2,23,"RMST_diff","20_sites_x_250","moderate",20,250,0,1.92756947857927,1.41883626049535,-0.508733218083925,1.40557619139733,-0.521993287181941,-0.0132600690980151,0.0132600690980151,0
2,24,"RD","20_sites_x_250","moderate",20,250,0,-0.0890061663840512,-0.0641489593392991,0.0248572070447521,-0.063804124762915,0.0252020416211363,0.000344834576384123,0.000344834576384123,0
2,24,"RMST_diff","20_sites_x_250","moderate",20,250,0,1.92756947857927,1.37586555835948,-0.551703920219797,1.36507734757889,-0.562492131000383,-0.0107882107805857,0.0107882107805857,0
2,25,"RD","20_sites_x_250","moderate",20,250,0,-0.0890061663840512,-0.0607503364033524,0.0282558299806989,-0.0604318784562279,0.0285742879278233,0.000318457947124484,0.000318457947124484,0
2,25,"RMST_diff","20_sites_x_250","moderate",20,250,0,1.92756947857927,1.26197826756281,-0.665591211016466,1.25210360643868,-0.675465872140594,-0.00987466112412783,0.00987466112412783,0
2,26,"RD","20_sites_x_250","moderate",20,250,0,-0.0890061663840512,-0.054301542941726,0.0347046234423253,-0.0545051104053034,0.0345010559787479,-0.000203567463577414,-0.000203567463577414,0
2,26,"RMST_diff","20_sites_x_250","moderate",20,250,0,1.92756947857927,1.19589235824687,-0.731677120332408,1.19613969926867,-0.731429779310607,0.000247341021800906,-0.000247341021800906,0
2,27,"RD","20_sites_x_250","moderate",20,250,0,-0.0890061663840512,-0.0578260344761999,0.0311801319078513,-0.0581384954346281,0.0308676709494231,-0.000312460958428185,-0.000312460958428185,0
2,27,"RMST_diff","20_sites_x_250","moderate",20,250,0,1.92756947857927,1.23125740161687,-0.696312076962402,1.23190538491979,-0.695664093659481,0.000647983302920707,-0.000647983302920707,0
2,28,"RD","20_sites_x_250","moderate",20,250,0,-0.0890061663840512,-0.0629700220667022,0.026036144317349,-0.0633904590149371,0.0256157073691141,-0.000420436948234904,-0.000420436948234904,0
2,28,"RMST_diff","20_sites_x_250","moderate",20,250,0,1.92756947857927,1.30164671865343,-0.625922759925841,1.30310947264108,-0.624460005938198,0.00146275398764217,-0.00146275398764217,0
2,29,"RD","20_sites_x_250","moderate",20,250,0,-0.0890061663840512,-0.0712271709855568,0.0177789953984945,-0.0715675686193677,0.0174385977646835,-0.000340397633810996,-0.000340397633810996,0
2,29,"RMST_diff","20_sites_x_250","moderate",20,250,0,1.92756947857927,1.32740385771934,-0.600165620859931,1.3277651596634,-0.59980431891587,0.000361301944060699,-0.000361301944060699,0
2,30,"RD","20_sites_x_250","moderate",20,250,0,-0.0890061663840512,-0.0788707712288,0.0101353951552512,-0.0790253558590438,0.00998081052500743,-0.000154584630243759,-0.000154584630243759,0
2,30,"RMST_diff","20_sites_x_250","moderate",20,250,0,1.92756947857927,1.49635501259745,-0.431214465981824,1.49487082291762,-0.43269865566165,-0.00148418967982522,0.00148418967982522,0
2,31,"RD","20_sites_x_250","moderate",20,250,0,-0.0890061663840512,-0.083695956560872,0.0053102098231792,-0.0835440427023403,0.00546212368171095,0.000151913858531749,0.000151913858531749,0
2,31,"RMST_diff","20_sites_x_250","moderate",20,250,0,1.92756947857927,1.51445055817314,-0.413118920406131,1.50995785241098,-0.417611626168293,-0.00449270576216243,0.00449270576216243,0
2,32,"RD","20_sites_x_250","moderate",20,250,0,-0.0890061663840512,-0.0859935357464385,0.0030126306376127,-0.0857919636775049,0.00321420270654638,0.000201572068933675,0.000201572068933675,0
2,32,"RMST_diff","20_sites_x_250","moderate",20,250,0,1.92756947857927,1.57238223831342,-0.355187240265854,1.56784849298054,-0.359720985598734,-0.0045337453328802,0.0045337453328802,0
2,33,"RD","20_sites_x_250","moderate",20,250,0,-0.0890061663840512,-0.0879604035723917,0.00104576281165958,-0.0877045765425717,0.00130158984147954,0.000255827029819966,0.000255827029819966,0
2,33,"RMST_diff","20_sites_x_250","moderate",20,250,0,1.92756947857927,1.57646636026491,-0.351103118314363,1.57373878394932,-0.353830694629957,-0.0027275763155945,0.0027275763155945,0
2,34,"RD","20_sites_x_250","moderate",20,250,0,-0.0890061663840512,-0.0865539808533938,0.0024521855306574,-0.0864191921524415,0.0025869742316097,0.000134788700952293,0.000134788700952293,0
2,34,"RMST_diff","20_sites_x_250","moderate",20,250,0,1.92756947857927,1.54882364411933,-0.378745834459943,1.55053192213364,-0.377037556445631,0.00170827801431273,-0.00170827801431273,0
2,35,"RD","20_sites_x_250","moderate",20,250,0,-0.0890061663840512,-0.0972981867115184,-0.00829202032746712,-0.0967164221318559,-0.00771025574780471,0.000581764579662414,-0.000581764579662414,0
2,35,"RMST_diff","20_sites_x_250","moderate",20,250,0,1.92756947857927,1.72296026339441,-0.204609215184862,1.71718984923697,-0.210379629342304,-0.00577041415744262,0.00577041415744262,0
2,36,"RD","20_sites_x_250","moderate",20,250,0,-0.0890061663840512,-0.0944841352839287,-0.00547796889987751,-0.0940553040834374,-0.0050491376993862,0.000428831200491309,-0.000428831200491309,0
2,36,"RMST_diff","20_sites_x_250","moderate",20,250,0,1.92756947857927,1.66703188989069,-0.260537588688583,1.66357456024995,-0.263994918329326,-0.0034573296407423,0.0034573296407423,0
2,37,"RD","20_sites_x_250","moderate",20,250,0,-0.0890061663840512,-0.10093376176562,-0.0119275953815686,-0.100495828107732,-0.0114896617236806,0.000437933657888023,-0.000437933657888023,0
2,37,"RMST_diff","20_sites_x_250","moderate",20,250,0,1.92756947857927,1.72507505428455,-0.20249442429472,1.72151768822218,-0.206051790357096,-0.00355736606237578,0.00355736606237578,0
2,38,"RD","20_sites_x_250","moderate",20,250,0,-0.0890061663840512,-0.101532500933385,-0.0125263345493341,-0.10126524616686,-0.0122590797828083,0.000267254766525782,-0.000267254766525782,0
2,38,"RMST_diff","20_sites_x_250","moderate",20,250,0,1.92756947857927,1.76387552586521,-0.163693952714064,1.76277823616604,-0.164791242413237,-0.00109728969917278,0.00109728969917278,0
2,39,"RD","20_sites_x_250","moderate",20,250,0,-0.0890061663840512,-0.103488182295069,-0.0144820159110182,-0.103313472944931,-0.0143073065608793,0.000174709350138857,-0.000174709350138857,0
2,39,"RMST_diff","20_sites_x_250","moderate",20,250,0,1.92756947857927,1.86595826543837,-0.061611213140905,1.8654029307025,-0.0621665478767728,-0.000555334735867774,0.000555334735867774,0
2,40,"RD","20_sites_x_250","moderate",20,250,0,-0.0890061663840512,-0.107325795296339,-0.0183196289122873,-0.107278107548867,-0.0182719411648158,4.76877474715476e-05,-4.76877474715476e-05,0
2,40,"RMST_diff","20_sites_x_250","moderate",20,250,0,1.92756947857927,1.93536224941994,0.00779277084066443,1.93610333561133,0.00853385703205944,0.000741086191395013,0.000741086191395013,0
2,41,"RD","20_sites_x_250","moderate",20,250,0,-0.0890061663840512,-0.115181172929407,-0.0261750065453558,-0.114936471687354,-0.0259303053033031,0.00024470124205267,-0.00024470124205267,0
2,41,"RMST_diff","20_sites_x_250","moderate",20,250,0,1.92756947857927,2.10697121377389,0.179401735194615,2.10536786500227,0.177798386422998,-0.00160334877161716,-0.00160334877161716,0
2,42,"RD","20_sites_x_250","moderate",20,250,0,-0.0890061663840512,-0.114848817837661,-0.0258426514536093,-0.114856076617965,-0.025849910233914,-7.25878030471971e-06,7.25878030471971e-06,0
2,42,"RMST_diff","20_sites_x_250","moderate",20,250,0,1.92756947857927,2.13800202804504,0.210432549465764,2.14258061335753,0.215011134778251,0.00457858531248689,0.00457858531248689,0
2,43,"RD","20_sites_x_250","moderate",20,250,0,-0.0890061663840512,-0.117833831309754,-0.0288276649257031,-0.117757103796323,-0.0287509374122715,7.67275134315737e-05,-7.67275134315737e-05,0
2,43,"RMST_diff","20_sites_x_250","moderate",20,250,0,1.92756947857927,2.19630105764243,0.268731579063154,2.20045207038106,0.272882591801791,0.00415101273863705,0.00415101273863705,0
2,44,"RD","20_sites_x_250","moderate",20,250,0,-0.0890061663840512,-0.118368882860434,-0.0293627164763823,-0.118201059158651,-0.0291948927746002,0.000167823701782144,-0.000167823701782144,0
2,44,"RMST_diff","20_sites_x_250","moderate",20,250,0,1.92756947857927,2.23140577393542,0.303836295356145,2.23165598097688,0.30408650239761,0.000250207041464279,0.000250207041464279,0
2,45,"RD","20_sites_x_250","moderate",20,250,0,-0.0890061663840512,-0.116287918481225,-0.0272817520971733,-0.116164162788905,-0.0271579964048541,0.000123755692319261,-0.000123755692319261,0
2,45,"RMST_diff","20_sites_x_250","moderate",20,250,0,1.92756947857927,2.18258058826853,0.255011109689253,2.18296593981228,0.255396461233001,0.000385351543748413,0.000385351543748413,0
2,46,"RD","20_sites_x_250","moderate",20,250,0,-0.0890061663840512,-0.118022597913516,-0.0290164315294646,-0.117999794442182,-0.0289936280581305,2.28034713340985e-05,-2.28034713340985e-05,0
2,46,"RMST_diff","20_sites_x_250","moderate",20,250,0,1.92756947857927,2.20686006219522,0.279290583615943,2.20740087435275,0.279831395773479,0.000540812157536763,0.000540812157536763,0
2,47,"RD","20_sites_x_250","moderate",20,250,0,-0.0890061663840512,-0.116857097284117,-0.0278509309000661,-0.116832733593147,-0.0278265672090954,2.43636909706968e-05,-2.43636909706968e-05,0
2,47,"RMST_diff","20_sites_x_250","moderate",20,250,0,1.92756947857927,2.24863002966767,0.321060551088392,2.25108641597538,0.323516937396111,0.00245638630771872,0.00245638630771872,0
2,48,"RD","20_sites_x_250","moderate",20,250,0,-0.0890061663840512,-0.117329542724816,-0.0283233763407645,-0.117282812027953,-0.0282766456439015,4.67306968630066e-05,-4.67306968630066e-05,0
2,48,"RMST_diff","20_sites_x_250","moderate",20,250,0,1.92756947857927,2.28093296310756,0.353363484528282,2.28445503215178,0.356885553572509,0.00352206904422658,0.00352206904422658,0
2,49,"RD","20_sites_x_250","moderate",20,250,0,-0.0890061663840512,-0.110438797440066,-0.0214326310560143,-0.110357652623293,-0.021351486239242,8.11448167723494e-05,-8.11448167723494e-05,0
2,49,"RMST_diff","20_sites_x_250","moderate",20,250,0,1.92756947857927,2.26869725264796,0.341127774068688,2.27208799084518,0.344518512265905,0.00339073819721669,0.00339073819721669,0
2,50,"RD","20_sites_x_250","moderate",20,250,0,-0.0890061663840512,-0.107910196086262,-0.0189040297022112,-0.107999722391041,-0.0189935560069899,-8.95263047787642e-05,8.95263047787642e-05,0
2,50,"RMST_diff","20_sites_x_250","moderate",20,250,0,1.92756947857927,2.18879760262838,0.261228124049104,2.19313913149222,0.265569652912948,0.00434152886384354,0.00434152886384354,0
2,51,"RD","20_sites_x_250","moderate",20,250,0,-0.0890061663840512,-0.103168198393853,-0.0141620320098023,-0.103506524409282,-0.0145003580252304,-0.000338326015428159,0.000338326015428159,0
2,51,"RMST_diff","20_sites_x_250","moderate",20,250,0,1.92756947857927,2.20568365483219,0.278114176252911,2.21186456245108,0.284295083871806,0.00618090761889434,0.00618090761889434,0
2,52,"RD","20_sites_x_250","moderate",20,250,0,-0.0890061663840512,-0.106751051009133,-0.0177448846250819,-0.107099894993019,-0.0180937286089676,-0.000348843983885683,0.000348843983885683,0
2,52,"RMST_diff","20_sites_x_250","moderate",20,250,0,1.92756947857927,2.30305713104132,0.375487652462045,2.3079784841072,0.380409005527921,0.00492135306587649,0.00492135306587649,0
2,53,"RD","20_sites_x_250","moderate",20,250,0,-0.0890061663840512,-0.104018145501584,-0.0150119791175328,-0.104422844176418,-0.0154166777923667,-0.000404698674833837,0.000404698674833837,0
2,53,"RMST_diff","20_sites_x_250","moderate",20,250,0,1.92756947857927,2.3150201601693,0.387450681590021,2.31992584571682,0.39235636713755,0.0049056855475289,0.0049056855475289,0
2,54,"RD","20_sites_x_250","moderate",20,250,0,-0.0890061663840512,-0.10231899192288,-0.0133128255388287,-0.102698008455205,-0.0136918420711541,-0.000379016532325416,0.000379016532325416,0
2,54,"RMST_diff","20_sites_x_250","moderate",20,250,0,1.92756947857927,2.25192595215441,0.324356473575136,2.25566035223012,0.328090873650851,0.00373440007571446,0.00373440007571446,0
2,55,"RD","20_sites_x_250","moderate",20,250,0,-0.0890061663840512,-0.0951441318117346,-0.00613796542768341,-0.0955328158021629,-0.00652664941811165,-0.00038868399042824,0.00038868399042824,0
2,55,"RMST_diff","20_sites_x_250","moderate",20,250,0,1.92756947857927,2.11035667179152,0.182787193212244,2.11461476318711,0.187045284607839,0.00425809139559519,0.00425809139559519,0
2,56,"RD","20_sites_x_250","moderate",20,250,0,-0.0890061663840512,-0.101389220034185,-0.0123830536501337,-0.101762320526163,-0.0127561541421113,-0.000373100491977585,0.000373100491977585,0
2,56,"RMST_diff","20_sites_x_250","moderate",20,250,0,1.92756947857927,2.16238921959949,0.234819741020212,2.1642712724976,0.23670179391833,0.00188205289811805,0.00188205289811805,0
2,57,"RD","20_sites_x_250","moderate",20,250,0,-0.0890061663840512,-0.0953750245342111,-0.00636885815015986,-0.0957980156783246,-0.00679184929427334,-0.000422991144113483,0.000422991144113483,0
2,57,"RMST_diff","20_sites_x_250","moderate",20,250,0,1.92756947857927,2.09304083775997,0.165471359180694,2.09604855372983,0.168479075150556,0.00300771596986138,0.00300771596986138,0
2,58,"RD","20_sites_x_250","moderate",20,250,0,-0.0890061663840512,-0.095907814913416,-0.00690164852936481,-0.0963760179120596,-0.0073698515280084,-0.000468202998643585,0.000468202998643585,0
2,58,"RMST_diff","20_sites_x_250","moderate",20,250,0,1.92756947857927,2.14998706495703,0.222417586377761,2.14756870487368,0.21999922629441,-0.00241836008335028,-0.00241836008335028,0
2,59,"RD","20_sites_x_250","moderate",20,250,0,-0.0890061663840512,-0.0916638620455099,-0.00265769566145868,-0.0923202766377051,-0.00331411025365391,-0.000656414592195231,0.000656414592195231,0
2,59,"RMST_diff","20_sites_x_250","moderate",20,250,0,1.92756947857927,2.06614734742537,0.138577868846097,2.06546378269264,0.137894304113363,-0.000683564732733899,-0.000683564732733899,0
2,60,"RD","20_sites_x_250","moderate",20,250,0,-0.0890061663840512,-0.0939849405978663,-0.0049787742138151,-0.0946950571173923,-0.00568889073334111,-0.000710116519526016,0.000710116519526016,0
2,60,"RMST_diff","20_sites_x_250","moderate",20,250,0,1.92756947857927,2.08251199279242,0.154942514213142,2.08418812214646,0.156618643567185,0.00167612935404371,0.00167612935404371,0
2,61,"RD","20_sites_x_250","moderate",20,250,0,-0.0890061663840512,-0.092155017603654,-0.00314885121960273,-0.0925691362003126,-0.00356296981626136,-0.00041411859665863,0.00041411859665863,0
2,61,"RMST_diff","20_sites_x_250","moderate",20,250,0,1.92756947857927,2.02580420965793,0.0982347310786515,2.02169084766816,0.0941213690888905,-0.00411336198976109,-0.00411336198976109,0
2,62,"RD","20_sites_x_250","moderate",20,250,0,-0.0890061663840512,-0.0980335539653068,-0.00902738758125554,-0.0985447087691093,-0.00953854238505802,-0.000511154803802483,0.000511154803802483,0
2,62,"RMST_diff","20_sites_x_250","moderate",20,250,0,1.92756947857927,2.10832801579673,0.180758537217459,2.10440515564791,0.176835677068631,-0.00392286014882792,-0.00392286014882792,0
2,63,"RD","20_sites_x_250","moderate",20,250,0,-0.0890061663840512,-0.0919963239854066,-0.00299015760135535,-0.0929146243634851,-0.00390845797943384,-0.000918300378078496,0.000918300378078496,0
2,63,"RMST_diff","20_sites_x_250","moderate",20,250,0,1.92756947857927,2.03804922508868,0.110479746509405,2.03989999207232,0.112330513493051,0.00185076698364561,0.00185076698364561,0
2,64,"RD","20_sites_x_250","moderate",20,250,0,-0.0890061663840512,-0.0878569808724169,0.00114918551163434,-0.0886024153383261,0.000403751045725098,-0.000745434465909245,-0.000745434465909245,0
2,64,"RMST_diff","20_sites_x_250","moderate",20,250,0,1.92756947857927,2.05514983016467,0.127580351585394,2.05830940723344,0.130739928654165,0.00315957706877157,0.00315957706877157,0
2,65,"RD","20_sites_x_250","moderate",20,250,0,-0.0890061663840512,-0.0896796024956483,-0.000673436111597092,-0.090422167602363,-0.00141600121831176,-0.000742565106714665,0.000742565106714665,0
2,65,"RMST_diff","20_sites_x_250","moderate",20,250,0,1.92756947857927,2.14756499905987,0.219995520480598,2.15074811198435,0.223178633405073,0.00318311292447504,0.00318311292447504,0
2,66,"RD","20_sites_x_250","moderate",20,250,0,-0.0890061663840512,-0.0917235087700982,-0.00271734238604693,-0.0924711395418379,-0.00346497315778671,-0.000747630771739782,0.000747630771739782,0
2,66,"RMST_diff","20_sites_x_250","moderate",20,250,0,1.92756947857927,2.13214718628336,0.204577707704086,2.13543797519329,0.207868496614021,0.00329078890993451,0.00329078890993451,0
2,67,"RD","20_sites_x_250","moderate",20,250,0,-0.0890061663840512,-0.0920684373181774,-0.00306227093412614,-0.0928895409039439,-0.00388337451989262,-0.000821103585766481,0.000821103585766481,0
2,67,"RMST_diff","20_sites_x_250","moderate",20,250,0,1.92756947857927,2.14594693287507,0.218377454295798,2.15049333567409,0.22292385709482,0.00454640279902208,0.00454640279902208,0
2,68,"RD","20_sites_x_250","moderate",20,250,0,-0.0890061663840512,-0.0917637560268986,-0.00275758964284734,-0.0925178228856596,-0.00351165650160834,-0.000754066858761004,0.000754066858761004,0
2,68,"RMST_diff","20_sites_x_250","moderate",20,250,0,1.92756947857927,2.12898382923499,0.201414350655714,2.13363166397161,0.206062185392335,0.00464783473662145,0.00464783473662145,0
2,69,"RD","20_sites_x_250","moderate",20,250,0,-0.0890061663840512,-0.0929930687336205,-0.00398690234956922,-0.0937331423122368,-0.00472697592818561,-0.000740073578616385,0.000740073578616385,0
2,69,"RMST_diff","20_sites_x_250","moderate",20,250,0,1.92756947857927,2.10430516698235,0.176735688403074,2.10846036063011,0.180890882050837,0.00415519364776351,0.00415519364776351,0
2,70,"RD","20_sites_x_250","moderate",20,250,0,-0.0890061663840512,-0.0884331646725071,0.000573001711544174,-0.0889747464237862,3.14199602650111e-05,-0.000541581751279163,-0.000541581751279163,0
2,70,"RMST_diff","20_sites_x_250","moderate",20,250,0,1.92756947857927,2.06246584499795,0.13489636641868,2.06514631543037,0.137576836851094,0.00268047043241459,0.00268047043241459,0
2,71,"RD","20_sites_x_250","moderate",20,250,0,-0.0890061663840512,-0.0884210385563191,0.000585127827732124,-0.0889337223467838,7.24440372674717e-05,-0.000512683790464652,-0.000512683790464652,0
2,71,"RMST_diff","20_sites_x_250","moderate",20,250,0,1.92756947857927,1.98071997704839,0.0531504984691153,1.98087700603717,0.0533075274578998,0.000157028988784447,0.000157028988784447,0
2,72,"RD","20_sites_x_250","moderate",20,250,0,-0.0890061663840512,-0.084930613175101,0.00407555320895026,-0.0854890068978214,0.00351715948622988,-0.000558393722720374,-0.000558393722720374,0
2,72,"RMST_diff","20_sites_x_250","moderate",20,250,0,1.92756947857927,1.92095934524114,-0.0066101333381301,1.92248221594749,-0.00508726263178261,0.00152287070634749,-0.00152287070634749,0
2,73,"RD","20_sites_x_250","moderate",20,250,0,-0.0890061663840512,-0.0880788425851528,0.000927323798898483,-0.0885092450481593,0.000496921335891964,-0.000430402463006518,-0.000430402463006518,0
2,73,"RMST_diff","20_sites_x_250","moderate",20,250,0,1.92756947857927,1.91062348459132,-0.0169459939879566,1.9108431895709,-0.0167262890083713,0.000219704979585345,-0.000219704979585345,0
2,74,"RD","20_sites_x_250","moderate",20,250,0,-0.0890061663840512,-0.0890087237503188,-2.55736626753045e-06,-0.0894140628338134,-0.000407896449762135,-0.000405339083494605,0.000405339083494605,0
2,74,"RMST_diff","20_sites_x_250","moderate",20,250,0,1.92756947857927,1.89899625856762,-0.0285732200116531,1.89750403516956,-0.0300654434097183,-0.00149222339806521,0.00149222339806521,0
2,75,"RD","20_sites_x_250","moderate",20,250,0,-0.0890061663840512,-0.0905467586965236,-0.00154059231247239,-0.0910453086127424,-0.00203914222869117,-0.000498549916218782,0.000498549916218782,0
2,75,"RMST_diff","20_sites_x_250","moderate",20,250,0,1.92756947857927,1.96016083042145,0.0325913518421714,1.96042113093265,0.032851652353374,0.000260300511202516,0.000260300511202516,0
2,76,"RD","20_sites_x_250","moderate",20,250,0,-0.0890061663840512,-0.0879534077661116,0.00105275861793963,-0.0882782471259914,0.000727919258059817,-0.000324839359879814,-0.000324839359879814,0
2,76,"RMST_diff","20_sites_x_250","moderate",20,250,0,1.92756947857927,1.99159103112427,0.0640215525449932,1.99212969350096,0.064560214921686,0.000538662376692756,0.000538662376692756,0
2,77,"RD","20_sites_x_250","moderate",20,250,0,-0.0890061663840512,-0.0871040430180353,0.00190212336601592,-0.0873298397430008,0.00167632664105044,-0.000225796724965477,-0.000225796724965477,0
2,77,"RMST_diff","20_sites_x_250","moderate",20,250,0,1.92756947857927,1.98240681502545,0.0548373364461785,1.98168333745155,0.0541138588722792,-0.000723477573899345,-0.000723477573899345,0
2,78,"RD","20_sites_x_250","moderate",20,250,0,-0.0890061663840512,-0.0860096268448365,0.00299653953921475,-0.0862227395333626,0.00278342685068866,-0.000213112688526085,-0.000213112688526085,0
2,78,"RMST_diff","20_sites_x_250","moderate",20,250,0,1.92756947857927,1.90420180767963,-0.0233676708996473,1.90826830068046,-0.0193011778988126,0.00406649300083473,-0.00406649300083473,0
2,79,"RD","20_sites_x_250","moderate",20,250,0,-0.0890061663840512,-0.0872497278310577,0.00175643855299357,-0.0873928867255934,0.00161327965845781,-0.000143158894535755,-0.000143158894535755,0
2,79,"RMST_diff","20_sites_x_250","moderate",20,250,0,1.92756947857927,1.88091376595817,-0.0466557126210994,1.88761815660588,-0.0399513219733922,0.00670439064770711,-0.00670439064770711,0
2,80,"RD","20_sites_x_250","moderate",20,250,0,-0.0890061663840512,-0.0818157615487333,0.00719040483531797,-0.0820557061524395,0.00695046023161172,-0.000239944603706244,-0.000239944603706244,0
2,80,"RMST_diff","20_sites_x_250","moderate",20,250,0,1.92756947857927,1.76909570303421,-0.158473775545069,1.78069724319577,-0.146872235383499,0.0116015401615694,-0.0116015401615694,0
2,81,"RD","20_sites_x_250","moderate",20,250,0,-0.0890061663840512,-0.0789466077349895,0.0100595586490617,-0.0792354120664785,0.00977075431757268,-0.000288804331489034,-0.000288804331489034,0
2,81,"RMST_diff","20_sites_x_250","moderate",20,250,0,1.92756947857927,1.67921629541435,-0.248353183164925,1.69234184546708,-0.235227633112192,0.0131255500527327,-0.0131255500527327,0
2,82,"RD","20_sites_x_250","moderate",20,250,0,-0.0890061663840512,-0.0726566557036066,0.0163495106804447,-0.0727531335970579,0.0162530327869933,-9.64778934513522e-05,-9.64778934513522e-05,0
2,82,"RMST_diff","20_sites_x_250","moderate",20,250,0,1.92756947857927,1.62949952939951,-0.298069949179766,1.64236129630393,-0.285208182275348,0.0128617669044182,-0.0128617669044182,0
2,83,"RD","20_sites_x_250","moderate",20,250,0,-0.0890061663840512,-0.0746954167205667,0.0143107496634846,-0.0746451488955182,0.014361017488533,5.02678250484667e-05,5.02678250484667e-05,0
2,83,"RMST_diff","20_sites_x_250","moderate",20,250,0,1.92756947857927,1.62675461666312,-0.300814861916155,1.63675703106694,-0.29081244751233,0.0100024144038251,-0.0100024144038251,0
2,84,"RD","20_sites_x_250","moderate",20,250,0,-0.0890061663840512,-0.0790024815123945,0.0100036848716567,-0.079060717165125,0.00994544921892626,-5.82356527304428e-05,-5.82356527304428e-05,0
2,84,"RMST_diff","20_sites_x_250","moderate",20,250,0,1.92756947857927,1.65820336077457,-0.269366117804701,1.66904180690748,-0.258527671671795,0.0108384461329063,-0.0108384461329063,0
2,85,"RD","20_sites_x_250","moderate",20,250,0,-0.0890061663840512,-0.0825482122078097,0.00645795417624151,-0.0826054339859061,0.00640073239814509,-5.72217780964168e-05,-5.72217780964168e-05,0
2,85,"RMST_diff","20_sites_x_250","moderate",20,250,0,1.92756947857927,1.63709372367054,-0.290475754908732,1.64833464122124,-0.279234837358032,0.0112409175506993,-0.0112409175506993,0
2,86,"RD","20_sites_x_250","moderate",20,250,0,-0.0890061663840512,-0.0806639573725918,0.00834220901145943,-0.0807715953314987,0.00823457105255254,-0.000107637958906892,-0.000107637958906892,0
2,86,"RMST_diff","20_sites_x_250","moderate",20,250,0,1.92756947857927,1.652162403743,-0.275407074836272,1.66443850225424,-0.26313097632503,0.0122760985112418,-0.0122760985112418,0
2,87,"RD","20_sites_x_250","moderate",20,250,0,-0.0890061663840512,-0.0803999339006881,0.00860623248336312,-0.080765515235801,0.00824065114825023,-0.000365581335112886,-0.000365581335112886,0
2,87,"RMST_diff","20_sites_x_250","moderate",20,250,0,1.92756947857927,1.62930977624777,-0.298259702331505,1.64799971889252,-0.279569759686758,0.0186899426447464,-0.0186899426447464,0
2,88,"RD","20_sites_x_250","moderate",20,250,0,-0.0890061663840512,-0.0791733138659385,0.00983285251811272,-0.079570816969294,0.00943534941475721,-0.000397503103355512,-0.000397503103355512,0
2,88,"RMST_diff","20_sites_x_250","moderate",20,250,0,1.92756947857927,1.65196324736127,-0.275606231218001,1.67057774971519,-0.256991728864085,0.0186145023539162,-0.0186145023539162,0
2,89,"RD","20_sites_x_250","moderate",20,250,0,-0.0890061663840512,-0.0816972689254245,0.00730889745862673,-0.0820614975177738,0.00694466886627743,-0.000364228592349303,-0.000364228592349303,0
2,89,"RMST_diff","20_sites_x_250","moderate",20,250,0,1.92756947857927,1.72943431430964,-0.19813516426963,1.74672105006423,-0.180848428515045,0.0172867357545847,-0.0172867357545847,0
2,90,"RD","20_sites_x_250","moderate",20,250,0,-0.0890061663840512,-0.0839879027221935,0.00501826366185776,-0.0844058441387266,0.00460032224532458,-0.000417941416533174,-0.000417941416533174,0
2,90,"RMST_diff","20_sites_x_250","moderate",20,250,0,1.92756947857927,1.74858436863529,-0.178985109943982,1.76577097300139,-0.161798505577883,0.0171866043660991,-0.0171866043660991,0
2,91,"RD","20_sites_x_250","moderate",20,250,0,-0.0890061663840512,-0.0880360900708326,0.00097007631321866,-0.0886228861029243,0.000383280281126885,-0.000586796032091774,-0.000586796032091774,0
2,91,"RMST_diff","20_sites_x_250","moderate",20,250,0,1.92756947857927,1.84390997760892,-0.083659500970354,1.86471269031802,-0.0628567882612501,0.0208027127091039,-0.0208027127091039,0
2,92,"RD","20_sites_x_250","moderate",20,250,0,-0.0890061663840512,-0.0879752346760407,0.0010309317080105,-0.0886273681191363,0.000378798264914937,-0.000652133443095559,-0.000652133443095559,0
2,92,"RMST_diff","20_sites_x_250","moderate",20,250,0,1.92756947857927,1.8232711238521,-0.104298354727176,1.84530218481851,-0.0822672937607631,0.0220310609664125,-0.0220310609664125,0
2,93,"RD","20_sites_x_250","moderate",20,250,0,-0.0890061663840512,-0.0828558793630387,0.0061502870210125,-0.0837440646531502,0.00526210173090103,-0.000888185290111476,-0.000888185290111476,0
2,93,"RMST_diff","20_sites_x_250","moderate",20,250,0,1.92756947857927,1.72475420443265,-0.202815274146623,1.74974473418307,-0.177824744396203,0.0249905297504203,-0.0249905297504203,0
2,94,"RD","20_sites_x_250","moderate",20,250,0,-0.0890061663840512,-0.0805924342286833,0.00841373215536789,-0.0815764466059475,0.00742971977810369,-0.000984012377264198,-0.000984012377264198,0
2,94,"RMST_diff","20_sites_x_250","moderate",20,250,0,1.92756947857927,1.77148568546064,-0.156083793118638,1.79867091791279,-0.128898560666487,0.0271852324521511,-0.0271852324521511,0
2,95,"RD","20_sites_x_250","moderate",20,250,0,-0.0890061663840512,-0.0860002880839689,0.00300587830008237,-0.0870136564361487,0.00199250994790257,-0.0010133683521798,-0.0010133683521798,0
2,95,"RMST_diff","20_sites_x_250","moderate",20,250,0,1.92756947857927,1.77701628027583,-0.15055319830344,1.80512849485588,-0.122440983723399,0.028112214580041,-0.028112214580041,0
2,96,"RD","20_sites_x_250","moderate",20,250,0,-0.0890061663840512,-0.0896731936304574,-0.000667027246406215,-0.0905270342478047,-0.00152086786375349,-0.000853840617347279,0.000853840617347279,0
2,96,"RMST_diff","20_sites_x_250","moderate",20,250,0,1.92756947857927,1.7670666432497,-0.160502835329577,1.79343857401499,-0.13413090456428,0.026371930765297,-0.026371930765297,0
2,97,"RD","20_sites_x_250","moderate",20,250,0,-0.0890061663840512,-0.0967359491963252,-0.00772978281227399,-0.0976572360143437,-0.0086510696302925,-0.000921286818018507,0.000921286818018507,0
2,97,"RMST_diff","20_sites_x_250","moderate",20,250,0,1.92756947857927,1.88184656059754,-0.0457229179817311,1.9084264103008,-0.0191430682784741,0.026579849703257,-0.026579849703257,0
2,98,"RD","20_sites_x_250","moderate",20,250,0,-0.0890061663840512,-0.0942456109451933,-0.00523944456114211,-0.0951346762620136,-0.00612850987796232,-0.000889065316820203,0.000889065316820203,0
2,98,"RMST_diff","20_sites_x_250","moderate",20,250,0,1.92756947857927,1.86976654139986,-0.0578029371794155,1.89763843224634,-0.0299310463329299,0.0278718908464857,-0.0278718908464857,0
2,99,"RD","20_sites_x_250","moderate",20,250,0,-0.0890061663840512,-0.092298656152288,-0.00329248976823682,-0.0928962176609877,-0.00389005127693642,-0.000597561508699607,0.000597561508699607,0
2,99,"RMST_diff","20_sites_x_250","moderate",20,250,0,1.92756947857927,1.86731540643708,-0.0602540721421896,1.88843987782486,-0.0391296007544142,0.0211244713877754,-0.0211244713877754,0
2,100,"RD","20_sites_x_250","moderate",20,250,0,-0.0890061663840512,-0.0947106560822504,-0.00570448969819914,-0.0951087379937854,-0.00610257160973415,-0.000398081911535009,0.000398081911535009,0
2,100,"RMST_diff","20_sites_x_250","moderate",20,250,0,1.92756947857927,1.9481842952931,0.0206148167138238,1.96107993648643,0.0335104579071519,0.0128956411933281,0.0128956411933281,0
2,101,"RD","20_sites_x_250","moderate",20,250,0,-0.0890061663840512,-0.0960297431952595,-0.00702357681120824,-0.096373935799873,-0.00736776941582173,-0.000344192604613491,0.000344192604613491,0
2,101,"RMST_diff","20_sites_x_250","moderate",20,250,0,1.92756947857927,2.04508422309714,0.117514744517866,2.05607008752607,0.128500608946792,0.0109858644289265,0.0109858644289265,0
2,102,"RD","20_sites_x_250","moderate",20,250,0,-0.0890061663840512,-0.0976642592364992,-0.00865809285244801,-0.0981447374499328,-0.00913857106588156,-0.000480478213433555,0.000480478213433555,0
2,102,"RMST_diff","20_sites_x_250","moderate",20,250,0,1.92756947857927,2.03624948267197,0.108680004092694,2.04856964488895,0.121000166309679,0.0123201622169855,0.0123201622169855,0
2,103,"RD","20_sites_x_250","moderate",20,250,0,-0.0890061663840512,-0.0982326753475727,-0.00922650896352151,-0.0987023141547386,-0.00969614777068739,-0.000469638807165884,0.000469638807165884,0
2,103,"RMST_diff","20_sites_x_250","moderate",20,250,0,1.92756947857927,2.06561899482389,0.138049516244616,2.07693011996191,0.149360641382637,0.0113111251380218,0.0113111251380218,0
2,104,"RD","20_sites_x_250","moderate",20,250,0,-0.0890061663840512,-0.101522197663567,-0.0125160312795156,-0.101830105600551,-0.0128239392164993,-0.000307907936983653,0.000307907936983653,0
2,104,"RMST_diff","20_sites_x_250","moderate",20,250,0,1.92756947857927,2.09162973011052,0.16406025153125,2.10021473310706,0.17264525452779,0.00858500299653997,0.00858500299653997,0
2,105,"RD","20_sites_x_250","moderate",20,250,0,-0.0890061663840512,-0.0979729984458105,-0.0089668320617593,-0.0983583015970104,-0.00935213521295919,-0.000385303151199889,0.000385303151199889,0
2,105,"RMST_diff","20_sites_x_250","moderate",20,250,0,1.92756947857927,2.10718985729977,0.179620378720498,2.11704088593568,0.189471407356406,0.00985102863590726,0.00985102863590726,0
2,106,"RD","20_sites_x_250","moderate",20,250,0,-0.0890061663840512,-0.0980719884467399,-0.00906582206268869,-0.0983776367559662,-0.00937147037191499,-0.000305648309226303,0.000305648309226303,0
2,106,"RMST_diff","20_sites_x_250","moderate",20,250,0,1.92756947857927,2.06252740540901,0.134957926829737,2.07194224865646,0.144372770077187,0.00941484324745012,0.00941484324745012,0
2,107,"RD","20_sites_x_250","moderate",20,250,0,-0.0890061663840512,-0.0958327956537613,-0.00682662926971012,-0.0959767069520815,-0.00697054056803026,-0.000143911298320143,0.000143911298320143,0
2,107,"RMST_diff","20_sites_x_250","moderate",20,250,0,1.92756947857927,2.02899807077775,0.101428592198475,2.03535389576559,0.107784417186313,0.00635582498783727,0.00635582498783727,0
2,108,"RD","20_sites_x_250","moderate",20,250,0,-0.0890061663840512,-0.0933344403758242,-0.00432827399177294,-0.0934976011751772,-0.00449143479112601,-0.000163160799353079,0.000163160799353079,0
2,108,"RMST_diff","20_sites_x_250","moderate",20,250,0,1.92756947857927,1.97131095919671,0.0437414806174399,1.97781142029637,0.0502419417170987,0.00650046109965885,0.00650046109965885,0
2,109,"RD","20_sites_x_250","moderate",20,250,0,-0.0890061663840512,-0.089604557713886,-0.000598391329834747,-0.0898338778285217,-0.000827711444470469,-0.000229320114635723,0.000229320114635723,0
2,109,"RMST_diff","20_sites_x_250","moderate",20,250,0,1.92756947857927,1.90695949459193,-0.0206099839873453,1.91470263888154,-0.0128668396977361,0.00774314428960921,-0.00774314428960921,0
2,110,"RD","20_sites_x_250","moderate",20,250,0,-0.0890061663840512,-0.0920192945831857,-0.00301312819913446,-0.0922723880096248,-0.00326622162557355,-0.000253093426439088,0.000253093426439088,0
2,110,"RMST_diff","20_sites_x_250","moderate",20,250,0,1.92756947857927,1.98335241707831,0.0557829384990391,1.99247487788972,0.0649053993104474,0.00912246081140822,0.00912246081140822,0
2,111,"RD","20_sites_x_250","moderate",20,250,0,-0.0890061663840512,-0.0905826916798061,-0.00157652529575492,-0.0904744896901661,-0.0014683233061149,0.000108201989640011,-0.000108201989640011,0
2,111,"RMST_diff","20_sites_x_250","moderate",20,250,0,1.92756947857927,1.95075084615587,0.0231813675765942,1.9558005601761,0.0282310815968287,0.00504971402023457,0.00504971402023457,0
2,112,"RD","20_sites_x_250","moderate",20,250,0,-0.0890061663840512,-0.0930887667259542,-0.004082600341903,-0.0929049667424426,-0.00389880035839141,0.00018379998351159,-0.00018379998351159,0
2,112,"RMST_diff","20_sites_x_250","moderate",20,250,0,1.92756947857927,2.04130980936245,0.113740330783171,2.04487774293133,0.117308264352054,0.00356793356888296,0.00356793356888296,0
2,113,"RD","20_sites_x_250","moderate",20,250,0,-0.0890061663840512,-0.101944169426835,-0.0129380030427836,-0.101826477393305,-0.0128203110092541,0.000117692033529515,-0.000117692033529515,0
2,113,"RMST_diff","20_sites_x_250","moderate",20,250,0,1.92756947857927,2.19030154884658,0.262732070267303,2.1950691758676,0.267499697288322,0.00476762702101929,0.00476762702101929,0
2,114,"RD","20_sites_x_250","moderate",20,250,0,-0.0890061663840512,-0.105755305892259,-0.0167491395082081,-0.105565139419381,-0.0165589730353296,0.000190166472878506,-0.000190166472878506,0
2,114,"RMST_diff","20_sites_x_250","moderate",20,250,0,1.92756947857927,2.19733869918488,0.269769220605609,2.20139337990029,0.273823901321018,0.00405468071540938,0.00405468071540938,0
2,115,"RD","20_sites_x_250","moderate",20,250,0,-0.0890061663840512,-0.103962132116056,-0.0149559657320048,-0.103851294462031,-0.0148451280779801,0.000110837654024643,-0.000110837654024643,0
2,115,"RMST_diff","20_sites_x_250","moderate",20,250,0,1.92756947857927,2.19008734218654,0.262517863607265,2.1928240926177,0.265254614038422,0.00273675043115773,0.00273675043115773,0
2,116,"RD","20_sites_x_250","moderate",20,250,0,-0.0890061663840512,-0.098179738693196,-0.00917357230914473,-0.0979615747083508,-0.00895540832429953,0.000218163984845199,-0.000218163984845199,0
2,116,"RMST_diff","20_sites_x_250","moderate",20,250,0,1.92756947857927,2.17489743522851,0.247327956649231,2.17653430592891,0.24896482734964,0.00163687070040908,0.00163687070040908,0
2,117,"RD","20_sites_x_250","moderate",20,250,0,-0.0890061663840512,-0.0947254068657406,-0.00571924048168937,-0.0945020230896783,-0.00549585670562702,0.000223383776062347,-0.000223383776062347,0
2,117,"RMST_diff","20_sites_x_250","moderate",20,250,0,1.92756947857927,2.09921347661033,0.17164399803106,2.10156475854262,0.173995279963345,0.00235128193228462,0.00235128193228462,0
2,118,"RD","20_sites_x_250","moderate",20,250,0,-0.0890061663840512,-0.0986512782548945,-0.00964511187084327,-0.0984676751873003,-0.00946150880324903,0.00018360306759424,-0.00018360306759424,0
2,118,"RMST_diff","20_sites_x_250","moderate",20,250,0,1.92756947857927,2.09276519904934,0.165195720470063,2.09507745675788,0.167507978178609,0.00231225770854593,0.00231225770854593,0
2,119,"RD","20_sites_x_250","moderate",20,250,0,-0.0890061663840512,-0.10148971749042,-0.0124835511063686,-0.10163585556614,-0.012629689182089,-0.000146138075720392,0.000146138075720392,0
2,119,"RMST_diff","20_sites_x_250","moderate",20,250,0,1.92756947857927,2.11232237006445,0.184752891485171,2.12313992645384,0.195570447874564,0.0108175563893926,0.0108175563893926,0
2,120,"RD","20_sites_x_250","moderate",20,250,0,-0.0890061663840512,-0.102720176198512,-0.0137140098144607,-0.10287694332376,-0.0138707769397092,-0.00015676712524848,0.00015676712524848,0
2,120,"RMST_diff","20_sites_x_250","moderate",20,250,0,1.92756947857927,2.0731231661286,0.145553687549322,2.084301332684,0.156731854104729,0.0111781665554069,0.0111781665554069,0
2,121,"RD","20_sites_x_250","moderate",20,250,0,-0.0890061663840512,-0.102124858470575,-0.0131186920865234,-0.102356249094738,-0.0133500827106864,-0.000231390624162997,0.000231390624162997,0
2,121,"RMST_diff","20_sites_x_250","moderate",20,250,0,1.92756947857927,2.02485243009364,0.0972829515143658,2.036888964561,0.109319485981729,0.012036534467363,0.012036534467363,0
2,122,"RD","20_sites_x_250","moderate",20,250,0,-0.0890061663840512,-0.102486516285759,-0.0134803499017077,-0.102710526221191,-0.0137043598371398,-0.000224009935432146,0.000224009935432146,0
2,122,"RMST_diff","20_sites_x_250","moderate",20,250,0,1.92756947857927,2.04337357504246,0.115804096463181,2.05441686014314,0.126847381563865,0.0110432851006834,0.0110432851006834,0
2,123,"RD","20_sites_x_250","moderate",20,250,0,-0.0890061663840512,-0.0989559958830414,-0.00994982949899015,-0.0992841395836622,-0.010277973199611,-0.000328143700620842,0.000328143700620842,0
2,123,"RMST_diff","20_sites_x_250","moderate",20,250,0,1.92756947857927,1.9580696801974,0.0305002016181231,1.96966167061706,0.0420921920377815,0.0115919904196584,0.0115919904196584,0
2,124,"RD","20_sites_x_250","moderate",20,250,0,-0.0890061663840512,-0.0982773502941071,-0.00927118391005588,-0.0985248955224496,-0.00951872913839835,-0.000247545228342472,0.000247545228342472,0
2,124,"RMST_diff","20_sites_x_250","moderate",20,250,0,1.92756947857927,1.97644505388686,0.0488755753075871,1.98708902610182,0.0595195475225498,0.0106439722149627,0.0106439722149627,0
2,125,"RD","20_sites_x_250","moderate",20,250,0,-0.0890061663840512,-0.10026182846732,-0.0112556620832683,-0.100528982028739,-0.0115228156446882,-0.000267153561419819,0.000267153561419819,0
2,125,"RMST_diff","20_sites_x_250","moderate",20,250,0,1.92756947857927,1.95880742346114,0.0312379448818643,1.96908369430566,0.0415142157263837,0.0102762708445194,0.0102762708445194,0
2,126,"RD","20_sites_x_250","moderate",20,250,0,-0.0890061663840512,-0.0992929162776962,-0.010286749893645,-0.0996367014798214,-0.0106305350957702,-0.000343785202125191,0.000343785202125191,0
2,126,"RMST_diff","20_sites_x_250","moderate",20,250,0,1.92756947857927,2.0364243338239,0.108854855244623,2.04664848113998,0.119079002560701,0.0102241473160785,0.0102241473160785,0
2,127,"RD","20_sites_x_250","moderate",20,250,0,-0.0890061663840512,-0.0994132796343958,-0.0104071132503446,-0.0996408530971628,-0.0106346867131115,-0.000227573462766917,0.000227573462766917,0
2,127,"RMST_diff","20_sites_x_250","moderate",20,250,0,1.92756947857927,2.00470263834181,0.0771331597625409,2.01258410869187,0.0850146301125978,0.00788147035005693,0.00788147035005693,0
2,128,"RD","20_sites_x_250","moderate",20,250,0,-0.0890061663840512,-0.102534184160897,-0.0135280177768459,-0.102777269935591,-0.01377110355154,-0.000243085774694118,0.000243085774694118,0
2,128,"RMST_diff","20_sites_x_250","moderate",20,250,0,1.92756947857927,2.03056935799822,0.102999879418942,2.03834774233812,0.110778263758844,0.00777838433990219,0.00777838433990219,0
2,129,"RD","20_sites_x_250","moderate",20,250,0,-0.0890061663840512,-0.105117258504514,-0.0161110921204629,-0.105365724121656,-0.0163595577376043,-0.000248465617141425,0.000248465617141425,0
2,129,"RMST_diff","20_sites_x_250","moderate",20,250,0,1.92756947857927,2.02031336360812,0.0927438850288436,2.02805828750918,0.100488808929908,0.00774492390106474,0.00774492390106474,0
2,130,"RD","20_sites_x_250","moderate",20,250,0,-0.0890061663840512,-0.101414260351404,-0.0124080939673523,-0.101269606394386,-0.0122634400103346,0.000144653957017682,-0.000144653957017682,0
2,130,"RMST_diff","20_sites_x_250","moderate",20,250,0,1.92756947857927,1.97066802209402,0.0430985435147448,1.97373677009901,0.0461672915197315,0.00306874800498669,0.00306874800498669,0
2,131,"RD","20_sites_x_250","moderate",20,250,0,-0.0890061663840512,-0.10100514332003,-0.0119989769359791,-0.1009568092732,-0.0119506428891489,4.83340468301341e-05,-4.83340468301341e-05,0
2,131,"RMST_diff","20_sites_x_250","moderate",20,250,0,1.92756947857927,1.94932862512974,0.0217591465504672,1.9532451028963,0.025675624317028,0.00391647776656079,0.00391647776656079,0
2,132,"RD","20_sites_x_250","moderate",20,250,0,-0.0890061663840512,-0.094895705749764,-0.00588953936571279,-0.0948974000999991,-0.00589123371594791,-1.69435023511522e-06,1.69435023511522e-06,0
2,132,"RMST_diff","20_sites_x_250","moderate",20,250,0,1.92756947857927,1.79389121839516,-0.133678260184116,1.79885961829701,-0.12870986028226,0.00496839990185549,-0.00496839990185549,0
2,133,"RD","20_sites_x_250","moderate",20,250,0,-0.0890061663840512,-0.0904690154291183,-0.00146284904506711,-0.0902411177663394,-0.00123495138228813,0.000227897662778975,-0.000227897662778975,0
2,133,"RMST_diff","20_sites_x_250","moderate",20,250,0,1.92756947857927,1.69072010617063,-0.236849372408647,1.69060201670901,-0.236967461870261,-0.000118089461613735,0.000118089461613735,0
2,134,"RD","20_sites_x_250","moderate",20,250,0,-0.0890061663840512,-0.0916045618251732,-0.00259839544112195,-0.0915225452154215,-0.00251637883137024,8.20166097517117e-05,-8.20166097517117e-05,0
2,134,"RMST_diff","20_sites_x_250","moderate",20,250,0,1.92756947857927,1.73106267324306,-0.196506805336211,1.73406974902623,-0.193499729553048,0.00300707578316306,-0.00300707578316306,0
2,135,"RD","20_sites_x_250","moderate",20,250,0,-0.0890061663840512,-0.0872086141384038,0.00179755224564748,-0.0870401560611919,0.00196601032285937,0.000168458077211886,0.000168458077211886,0
2,135,"RMST_diff","20_sites_x_250","moderate",20,250,0,1.92756947857927,1.6820419991014,-0.245527479477877,1.68536502828297,-0.242204450296308,0.00332302918156913,-0.00332302918156913,0
2,136,"RD","20_sites_x_250","moderate",20,250,0,-0.0890061663840512,-0.0862487459721178,0.00275742041193339,-0.086466624353422,0.00253954203062923,-0.00021787838130416,-0.00021787838130416,0
2,136,"RMST_diff","20_sites_x_250","moderate",20,250,0,1.92756947857927,1.64821821667575,-0.279351261903521,1.65209166813998,-0.275477810439291,0.00387345146423002,-0.00387345146423002,0
2,137,"RD","20_sites_x_250","moderate",20,250,0,-0.0890061663840512,-0.0861476939600567,0.00285847242399451,-0.0863541783483694,0.00265198803568178,-0.000206484388312722,-0.000206484388312722,0
2,137,"RMST_diff","20_sites_x_250","moderate",20,250,0,1.92756947857927,1.66212251157565,-0.265446967003621,1.66524962322273,-0.262319855356544,0.00312711164707657,-0.00312711164707657,0
2,138,"RD","20_sites_x_250","moderate",20,250,0,-0.0890061663840512,-0.0847864154938037,0.00421975089024751,-0.0851040447237358,0.00390212166031545,-0.000317629229932059,-0.000317629229932059,0
2,138,"RMST_diff","20_sites_x_250","moderate",20,250,0,1.92756947857927,1.69958409122379,-0.227985387355481,1.70292263253415,-0.224646846045127,0.00333854131035416,-0.00333854131035416,0
2,139,"RD","20_sites_x_250","moderate",20,250,0,-0.0890061663840512,-0.0877318835412038,0.00127428284284747,-0.0877814287658607,0.00122473761819053,-4.95452246569439e-05,-4.95452246569439e-05,0
2,139,"RMST_diff","20_sites_x_250","moderate",20,250,0,1.92756947857927,1.78398911274926,-0.143580365830013,1.78120115871075,-0.146368319868525,-0.00278795403851184,0.00278795403851184,0
2,140,"RD","20_sites_x_250","moderate",20,250,0,-0.0890061663840512,-0.08546713462273,0.0035390317613212,-0.0854817464644785,0.00352441991957275,-1.46118417484464e-05,-1.46118417484464e-05,0
2,140,"RMST_diff","20_sites_x_250","moderate",20,250,0,1.92756947857927,1.84067986994481,-0.086889608634463,1.83878792005821,-0.0887815585210632,-0.00189194988660013,0.00189194988660013,0
2,141,"RD","20_sites_x_250","moderate",20,250,0,-0.0890061663840512,-0.0871853454420106,0.00182082094204061,-0.0872021682556399,0.00180399812841137,-1.6822813629247e-05,-1.6822813629247e-05,0
2,141,"RMST_diff","20_sites_x_250","moderate",20,250,0,1.92756947857927,1.88841920867342,-0.0391502699058535,1.888266037618,-0.0393034409612749,-0.000153171055421453,0.000153171055421453,0
2,142,"RD","20_sites_x_250","moderate",20,250,0,-0.0890061663840512,-0.0886836550305946,0.000322511353456623,-0.0886299377494125,0.000376228634638709,5.37172811820863e-05,5.37172811820863e-05,0
2,142,"RMST_diff","20_sites_x_250","moderate",20,250,0,1.92756947857927,1.87593867574705,-0.0516308028322232,1.87628629670027,-0.051283181879004,0.000347620953219163,-0.000347620953219163,0
2,143,"RD","20_sites_x_250","moderate",20,250,0,-0.0890061663840512,-0.0963343881407545,-0.00732822175670322,-0.0964245280608599,-0.00741836167680865,-9.01399201054254e-05,9.01399201054254e-05,0
2,143,"RMST_diff","20_sites_x_250","moderate",20,250,0,1.92756947857927,2.02788357318316,0.100314094603887,2.02950952543728,0.101940046858006,0.00162595225411977,0.00162595225411977,0
2,144,"RD","20_sites_x_250","moderate",20,250,0,-0.0890061663840512,-0.0950900828289671,-0.0060839164449159,-0.0953497293253606,-0.00634356294130933,-0.000259646496393429,0.000259646496393429,0
2,144,"RMST_diff","20_sites_x_250","moderate",20,250,0,1.92756947857927,1.99833013433718,0.0707606557579084,2.00269355383924,0.0751240752599696,0.00436341950206121,0.00436341950206121,0
2,145,"RD","20_sites_x_250","moderate",20,250,0,-0.0890061663840512,-0.0927801982136139,-0.00377403182956271,-0.0931217080006015,-0.00411554161655026,-0.000341509786987548,0.000341509786987548,0
2,145,"RMST_diff","20_sites_x_250","moderate",20,250,0,1.92756947857927,2.01055267821392,0.0829831996346471,2.01767754526026,0.0901080666809886,0.00712486704634152,0.00712486704634152,0
2,146,"RD","20_sites_x_250","moderate",20,250,0,-0.0890061663840512,-0.0953703534087041,-0.00636418702465291,-0.0958263745370599,-0.00682020815300866,-0.000456021128355744,0.000456021128355744,0
2,146,"RMST_diff","20_sites_x_250","moderate",20,250,0,1.92756947857927,1.95102405588547,0.0234545773061932,1.9597882884044,0.0322188098251281,0.00876423251893499,0.00876423251893499,0
2,147,"RD","20_sites_x_250","moderate",20,250,0,-0.0890061663840512,-0.098745649024428,-0.00973948264037672,-0.0993242960429649,-0.0103181296589137,-0.000578647018536937,0.000578647018536937,0
2,147,"RMST_diff","20_sites_x_250","moderate",20,250,0,1.92756947857927,2.03347307437972,0.105903595800449,2.04501524468567,0.1174457661064,0.0115421703059511,0.0115421703059511,0
2,148,"RD","20_sites_x_250","moderate",20,250,0,-0.0890061663840512,-0.0982355676173976,-0.00922940123334637,-0.0988273175373431,-0.00982115115329185,-0.000591749919945483,0.000591749919945483,0
2,148,"RMST_diff","20_sites_x_250","moderate",20,250,0,1.92756947857927,2.02334551271203,0.0957760341327525,2.03525869369433,0.107689215115057,0.0119131809823045,0.0119131809823045,0
2,149,"RD","20_sites_x_250","moderate",20,250,0,-0.0890061663840512,-0.0909172279603674,-0.00191106157631615,-0.0914285866083601,-0.00242242022430883,-0.000511358647992677,0.000511358647992677,0
2,149,"RMST_diff","20_sites_x_250","moderate",20,250,0,1.92756947857927,1.93903138949261,0.01146191091334,1.94956132385717,0.0219918452778991,0.0105299343645591,0.0105299343645591,0
2,150,"RD","20_sites_x_250","moderate",20,250,0,-0.0890061663840512,-0.0929164737937012,-0.00391030740964993,-0.0937644443843592,-0.00475827800030793,-0.000847970590657998,0.000847970590657998,0
2,150,"RMST_diff","20_sites_x_250","moderate",20,250,0,1.92756947857927,1.90358147076627,-0.0239880078130064,1.91588358664663,-0.0116858919326415,0.0123021158803649,-0.0123021158803649,0
2,151,"RD","20_sites_x_250","moderate",20,250,0,-0.0890061663840512,-0.0907162770383847,-0.00171011065433346,-0.0917056626128155,-0.00269949622876431,-0.000989385574430846,0.000989385574430846,0
2,151,"RMST_diff","20_sites_x_250","moderate",20,250,0,1.92756947857927,1.93839886658386,0.010829388004586,1.9501606569375,0.0225911783582298,0.0117617903536438,0.0117617903536438,0
2,152,"RD","20_sites_x_250","moderate",20,250,0,-0.0890061663840512,-0.0906410102219171,-0.00163484383786583,-0.0914892270577833,-0.00248306067373205,-0.000848216835866222,0.000848216835866222,0
2,152,"RMST_diff","20_sites_x_250","moderate",20,250,0,1.92756947857927,1.95123703688616,0.0236675583068884,1.96058270248167,0.0330132239023957,0.00934566559550731,0.00934566559550731,0
2,153,"RD","20_sites_x_250","moderate",20,250,0,-0.0890061663840512,-0.0877904179726564,0.00121574841139482,-0.0886538500367566,0.000352316347294601,-0.000863432064100222,-0.000863432064100222,0
2,153,"RMST_diff","20_sites_x_250","moderate",20,250,0,1.92756947857927,1.94245142612623,0.0148819475469519,1.9520651660945,0.0244956875152269,0.00961373996827497,0.00961373996827497,0
2,154,"RD","20_sites_x_250","moderate",20,250,0,-0.0890061663840512,-0.0881283768789969,0.000877789505054349,-0.0888832005893688,0.000122965794682406,-0.000754823710371944,-0.000754823710371944,0
2,154,"RMST_diff","20_sites_x_250","moderate",20,250,0,1.92756947857927,1.96982423680763,0.0422547582283563,1.97696566291177,0.0493961843324993,0.00714142610414292,0.00714142610414292,0
2,155,"RD","20_sites_x_250","moderate",20,250,0,-0.0890061663840512,-0.0922117793658151,-0.00320561298176392,-0.0927989147229334,-0.00379274833888221,-0.000587135357118296,0.000587135357118296,0
2,155,"RMST_diff","20_sites_x_250","moderate",20,250,0,1.92756947857927,2.02811359858212,0.100544120002846,2.03245231763064,0.104882839051371,0.00433871904852445,0.00433871904852445,0
2,156,"RD","20_sites_x_250","moderate",20,250,0,-0.0890061663840512,-0.0953047487062448,-0.0062985823221936,-0.0956903661403766,-0.00668419975632539,-0.000385617434131791,0.000385617434131791,0
2,156,"RMST_diff","20_sites_x_250","moderate",20,250,0,1.92756947857927,2.00055387015076,0.0729843915714827,2.00561296362561,0.0780434850463312,0.00505909347484845,0.00505909347484845,0
2,157,"RD","20_sites_x_250","moderate",20,250,0,-0.0890061663840512,-0.0956555833853158,-0.00664941700126453,-0.0960604658974201,-0.00705429951336889,-0.000404882512104354,0.000404882512104354,0
2,157,"RMST_diff","20_sites_x_250","moderate",20,250,0,1.92756947857927,2.00492892955344,0.0773594509741695,2.00995657183253,0.0823870932532529,0.00502764227908337,0.00502764227908337,0
2,158,"RD","20_sites_x_250","moderate",20,250,0,-0.0890061663840512,-0.0900158752727798,-0.00100970888872853,-0.0900740515388629,-0.00106788515481171,-5.81762660831764e-05,5.81762660831764e-05,0
2,158,"RMST_diff","20_sites_x_250","moderate",20,250,0,1.92756947857927,1.91676924051143,-0.0108002380678425,1.91847742956512,-0.00909204901414995,0.00170818905369252,-0.00170818905369252,0
2,159,"RD","20_sites_x_250","moderate",20,250,0,-0.0890061663840512,-0.0882993668457482,0.000706799538302993,-0.0883632687995908,0.000642897584460456,-6.39019538425378e-05,-6.39019538425378e-05,0
2,159,"RMST_diff","20_sites_x_250","moderate",20,250,0,1.92756947857927,1.83439102848577,-0.0931784500935073,1.83586748438952,-0.0917019941897514,0.00147645590375589,-0.00147645590375589,0
2,160,"RD","20_sites_x_250","moderate",20,250,0,-0.0890061663840512,-0.0927455036758521,-0.00373933729180087,-0.0928183846298118,-0.00381221824576061,-7.28809539597419e-05,7.28809539597419e-05,0
2,160,"RMST_diff","20_sites_x_250","moderate",20,250,0,1.92756947857927,1.87795456921393,-0.049614909365344,1.87904469452702,-0.0485247840522547,0.00109012531308927,-0.00109012531308927,0
2,161,"RD","20_sites_x_250","moderate",20,250,0,-0.0890061663840512,-0.0860782741998679,0.00292789218418332,-0.0862213258691167,0.00278484051493455,-0.000143051669248773,-0.000143051669248773,0
2,161,"RMST_diff","20_sites_x_250","moderate",20,250,0,1.92756947857927,1.81296285192412,-0.114606626655151,1.81197384125185,-0.115595637327424,-0.000989010672272528,0.000989010672272528,0
2,162,"RD","20_sites_x_250","moderate",20,250,0,-0.0890061663840512,-0.0849351029781713,0.00407106340587993,-0.0852226065880395,0.00378355979601175,-0.000287503609868178,-0.000287503609868178,0
2,162,"RMST_diff","20_sites_x_250","moderate",20,250,0,1.92756947857927,1.78792867431559,-0.139640804263689,1.78835806144299,-0.139211417136288,0.000429387127400815,-0.000429387127400815,0
2,163,"RD","20_sites_x_250","moderate",20,250,0,-0.0890061663840512,-0.0789147592452515,0.0100914071387997,-0.07891944088407,0.0100867254999812,-4.68163881850447e-06,-4.68163881850447e-06,0
2,163,"RMST_diff","20_sites_x_250","moderate",20,250,0,1.92756947857927,1.7111698993524,-0.216399579226875,1.70797141956699,-0.219598059012288,-0.00319847978541254,0.00319847978541254,0
2,164,"RD","20_sites_x_250","moderate",20,250,0,-0.0890061663840512,-0.072905455281784,0.0161007111022672,-0.0729353225504742,0.016070843833577,-2.98672686901424e-05,-2.98672686901424e-05,0
2,164,"RMST_diff","20_sites_x_250","moderate",20,250,0,1.92756947857927,1.61041117521511,-0.317158303364161,1.60715997733975,-0.320409501239526,-0.00325119787536465,0.00325119787536465,0
2,165,"RD","20_sites_x_250","moderate",20,250,0,-0.0890061663840512,-0.0749880770545552,0.014018089329496,-0.0750280716903565,0.0139780946936947,-3.99946358012881e-05,-3.99946358012881e-05,0
2,165,"RMST_diff","20_sites_x_250","moderate",20,250,0,1.92756947857927,1.67010504141652,-0.257464437162749,1.67011958051661,-0.257449898062662,1.45391000874184e-05,-1.45391000874184e-05,0
2,166,"RD","20_sites_x_250","moderate",20,250,0,-0.0890061663840512,-0.0721903194367862,0.016815846947265,-0.0719615853174861,0.0170445810665651,0.000228734119300134,0.000228734119300134,0
2,166,"RMST_diff","20_sites_x_250","moderate",20,250,0,1.92756947857927,1.66593838049498,-0.261631098084292,1.66339439979426,-0.26417507878501,-0.00254398070071815,0.00254398070071815,0
2,167,"RD","20_sites_x_250","moderate",20,250,0,-0.0890061663840512,-0.069940730256694,0.0190654361273572,-0.0696754664018415,0.0193306999822097,0.000265263854852482,0.000265263854852482,0
2,167,"RMST_diff","20_sites_x_250","moderate",20,250,0,1.92756947857927,1.67601035291384,-0.25155912566543,1.67311566313467,-0.254453815444606,-0.00289468977917551,0.00289468977917551,0
2,168,"RD","20_sites_x_250","moderate",20,250,0,-0.0890061663840512,-0.0662743639804464,0.0227318024036048,-0.0660908700450933,0.0229152963389579,0.000183493935353107,0.000183493935353107,0
2,168,"RMST_diff","20_sites_x_250","moderate",20,250,0,1.92756947857927,1.63858659214305,-0.288982886436225,1.63720829896499,-0.290361179614287,-0.00137829317806215,0.00137829317806215,0
2,169,"RD","20_sites_x_250","moderate",20,250,0,-0.0890061663840512,-0.0736233286363855,0.0153828377476657,-0.0734777155244821,0.0155284508595691,0.00014561311190342,0.00014561311190342,0
2,169,"RMST_diff","20_sites_x_250","moderate",20,250,0,1.92756947857927,1.77280052742199,-0.154768951157283,1.77241883415185,-0.155150644427421,-0.000381693270137262,0.000381693270137262,0
2,170,"RD","20_sites_x_250","moderate",20,250,0,-0.0890061663840512,-0.0735797189139589,0.0154264474700924,-0.0733857736856066,0.0156203926984446,0.000193945228352255,0.000193945228352255,0
2,170,"RMST_diff","20_sites_x_250","moderate",20,250,0,1.92756947857927,1.78992192870942,-0.137647549869854,1.79049105106598,-0.137078427513295,0.000569122356559149,-0.000569122356559149,0
2,171,"RD","20_sites_x_250","moderate",20,250,0,-0.0890061663840512,-0.079775081040811,0.00923108534324024,-0.079602741661159,0.00940342472289224,0.000172339379651998,0.000172339379651998,0
2,171,"RMST_diff","20_sites_x_250","moderate",20,250,0,1.92756947857927,1.81947524092912,-0.108094237650159,1.82185896797517,-0.105710510604107,0.00238372704605183,-0.00238372704605183,0
2,172,"RD","20_sites_x_250","moderate",20,250,0,-0.0890061663840512,-0.0810154430947959,0.00799072328925532,-0.0810050172816726,0.00800114910237859,1.04258131232715e-05,1.04258131232715e-05,0
2,172,"RMST_diff","20_sites_x_250","moderate",20,250,0,1.92756947857927,1.86759744499406,-0.0599720335852112,1.87387139865252,-0.0536980799267521,0.00627395365845906,-0.00627395365845906,0
2,173,"RD","20_sites_x_250","moderate",20,250,0,-0.0890061663840512,-0.0852137519586897,0.00379241442536149,-0.0851961178035461,0.00381004858050515,1.76341551436643e-05,1.76341551436643e-05,0
2,173,"RMST_diff","20_sites_x_250","moderate",20,250,0,1.92756947857927,1.96394341539716,0.0363739368178866,1.97016122038628,0.0425917418070014,0.00621780498911484,0.00621780498911484,0
2,174,"RD","20_sites_x_250","moderate",20,250,0,-0.0890061663840512,-0.0804707736931212,0.00853539269093007,-0.0804033882737258,0.00860277811032539,6.73854193953272e-05,6.73854193953272e-05,0
2,174,"RMST_diff","20_sites_x_250","moderate",20,250,0,1.92756947857927,1.82659476020583,-0.100974718373442,1.82983727440998,-0.0977322041692972,0.00324251420414434,-0.00324251420414434,0
2,175,"RD","20_sites_x_250","moderate",20,250,0,-0.0890061663840512,-0.0762739386026232,0.012732227781428,-0.0763396843666293,0.0126664820174219,-6.57457640060866e-05,-6.57457640060866e-05,0
2,175,"RMST_diff","20_sites_x_250","moderate",20,250,0,1.92756947857927,1.7537710159044,-0.173798462674874,1.75987652687286,-0.16769295170641,0.00610551096846379,-0.00610551096846379,0
2,176,"RD","20_sites_x_250","moderate",20,250,0,-0.0890061663840512,-0.0743161978357774,0.0146899685482739,-0.0744275744867995,0.0145785918972517,-0.000111376651022121,-0.000111376651022121,0
2,176,"RMST_diff","20_sites_x_250","moderate",20,250,0,1.92756947857927,1.81322510042712,-0.114344378152154,1.81723154056516,-0.110337938014112,0.00400644013804197,-0.00400644013804197,0
2,177,"RD","20_sites_x_250","moderate",20,250,0,-0.0890061663840512,-0.0741298084285182,0.014876357955533,-0.0742911270014459,0.0147150393826053,-0.000161318572927671,-0.000161318572927671,0
2,177,"RMST_diff","20_sites_x_250","moderate",20,250,0,1.92756947857927,1.83704022876191,-0.0905292498173598,1.83938345774544,-0.0881860208338345,0.00234322898352524,-0.00234322898352524,0
2,178,"RD","20_sites_x_250","moderate",20,250,0,-0.0890061663840512,-0.0792339665863829,0.0097721997976683,-0.0795510413090046,0.00945512507504664,-0.000317074722621657,-0.000317074722621657,0
2,178,"RMST_diff","20_sites_x_250","moderate",20,250,0,1.92756947857927,1.90873896045351,-0.0188305181257675,1.91254218027593,-0.0150272983033446,0.00380321982242293,-0.00380321982242293,0
2,179,"RD","20_sites_x_250","moderate",20,250,0,-0.0890061663840512,-0.0814983671945291,0.00750779918952216,-0.0818151245159109,0.00719104186814035,-0.000316757321381811,-0.000316757321381811,0
2,179,"RMST_diff","20_sites_x_250","moderate",20,250,0,1.92756947857927,2.01929521390234,0.0917257353230632,2.02492821824735,0.0973587396680777,0.00563300434501457,0.00563300434501457,0
2,180,"RD","20_sites_x_250","moderate",20,250,0,-0.0890061663840512,-0.078825159238584,0.0101810071454672,-0.0791685225218407,0.00983764386221053,-0.000343363283256681,-0.000343363283256681,0
2,180,"RMST_diff","20_sites_x_250","moderate",20,250,0,1.92756947857927,1.95499651034866,0.0274270317693848,1.96113909352942,0.0335696149501477,0.00614258318076288,0.00614258318076288,0
2,181,"RD","20_sites_x_250","moderate",20,250,0,-0.0890061663840512,-0.0814348725790762,0.00757129380497501,-0.0815818364374973,0.00742432994655395,-0.000146963858421056,-0.000146963858421056,0
2,181,"RMST_diff","20_sites_x_250","moderate",20,250,0,1.92756947857927,1.92286047255414,-0.00470900602513069,1.9258705425001,-0.0016989360791726,0.00301006994595809,-0.00301006994595809,0
2,182,"RD","20_sites_x_250","moderate",20,250,0,-0.0890061663840512,-0.079188385726817,0.00981778065723427,-0.0793636521307578,0.00964251425329343,-0.000175266403940832,-0.000175266403940832,0
2,182,"RMST_diff","20_sites_x_250","moderate",20,250,0,1.92756947857927,1.92793632691306,0.000366848333790415,1.93012953091487,0.00256005233559975,0.00219320400180933,0.00219320400180933,0
2,183,"RD","20_sites_x_250","moderate",20,250,0,-0.0890061663840512,-0.0803604788306915,0.0086456875533597,-0.0804926083237137,0.00851355806033749,-0.000132129493022215,-0.000132129493022215,0
2,183,"RMST_diff","20_sites_x_250","moderate",20,250,0,1.92756947857927,1.90186558835332,-0.0257038902259517,1.90601051986443,-0.0215589587148486,0.00414493151110307,-0.00414493151110307,0
2,184,"RD","20_sites_x_250","moderate",20,250,0,-0.0890061663840512,-0.0846883353263481,0.00431783105770311,-0.0847387091700071,0.00426745721404409,-5.0373843659024e-05,-5.0373843659024e-05,0
2,184,"RMST_diff","20_sites_x_250","moderate",20,250,0,1.92756947857927,1.97813480348103,0.0505653249017524,1.98111972050123,0.053550241921954,0.00298491702020165,0.00298491702020165,0
2,185,"RD","20_sites_x_250","moderate",20,250,0,-0.0890061663840512,-0.0840097935585619,0.00499637282548937,-0.0839299552743987,0.00507621110965251,7.98382841631362e-05,7.98382841631362e-05,0
2,185,"RMST_diff","20_sites_x_250","moderate",20,250,0,1.92756947857927,1.93462269912161,0.00705322054233903,1.93246836974072,0.00489889116144226,-0.00215432938089677,-0.00215432938089677,0
2,186,"RD","20_sites_x_250","moderate",20,250,0,-0.0890061663840512,-0.0888877869331606,0.00011837945089066,-0.088979371728297,2.67946557542809e-05,-9.15847951363791e-05,-9.15847951363791e-05,0
2,186,"RMST_diff","20_sites_x_250","moderate",20,250,0,1.92756947857927,1.98852985535952,0.0609603767802458,1.98882057076697,0.0612510921876925,0.00029071540744674,0.00029071540744674,0
2,187,"RD","20_sites_x_250","moderate",20,250,0,-0.0890061663840512,-0.088779602534491,0.000226563849560213,-0.0888781205194931,0.000128045864558168,-9.85179850020446e-05,-9.85179850020446e-05,0
2,187,"RMST_diff","20_sites_x_250","moderate",20,250,0,1.92756947857927,1.92126530449749,-0.00630417408178552,1.91966781198399,-0.00790166659528602,-0.0015974925135005,0.0015974925135005,0
2,188,"RD","20_sites_x_250","moderate",20,250,0,-0.0890061663840512,-0.0936682716721284,-0.0046621052880772,-0.093645628390564,-0.00463946200651277,2.26432815644273e-05,-2.26432815644273e-05,0
2,188,"RMST_diff","20_sites_x_250","moderate",20,250,0,1.92756947857927,1.98170798901497,0.0541385104356991,1.97831290800689,0.0507434294276123,-0.00339508100808672,-0.00339508100808672,0
2,189,"RD","20_sites_x_250","moderate",20,250,0,-0.0890061663840512,-0.0937784415586289,-0.00477227517457768,-0.0937870065821221,-0.0047808401980709,-8.5650234932233e-06,8.5650234932233e-06,0
2,189,"RMST_diff","20_sites_x_250","moderate",20,250,0,1.92756947857927,2.03469294431191,0.10712346573264,2.03275874518946,0.105189266610186,-0.00193419912245396,-0.00193419912245396,0
2,190,"RD","20_sites_x_250","moderate",20,250,0,-0.0890061663840512,-0.0982113055493606,-0.00920513916530941,-0.0983743350421784,-0.00936816865812717,-0.000163029492817768,0.000163029492817768,0
2,190,"RMST_diff","20_sites_x_250","moderate",20,250,0,1.92756947857927,2.11010009705993,0.182530618480655,2.10873747939998,0.181168000820708,-0.00136261765994661,-0.00136261765994661,0
2,191,"RD","20_sites_x_250","moderate",20,250,0,-0.0890061663840512,-0.0866870116442383,0.00231915473981292,-0.087357734253793,0.00164843213025823,-0.000670722609554697,-0.000670722609554697,0
2,191,"RMST_diff","20_sites_x_250","moderate",20,250,0,1.92756947857927,1.98413474428505,0.0565652657057765,1.98903089545307,0.061461416873799,0.00489615116802256,0.00489615116802256,0
2,192,"RD","20_sites_x_250","moderate",20,250,0,-0.0890061663840512,-0.0912470813298378,-0.0022409149457866,-0.0919284563485869,-0.0029222899645357,-0.000681375018749097,0.000681375018749097,0
2,192,"RMST_diff","20_sites_x_250","moderate",20,250,0,1.92756947857927,2.02164733754138,0.0940778589621054,2.02611830242856,0.0985488238492902,0.00447096488718479,0.00447096488718479,0
2,193,"RD","20_sites_x_250","moderate",20,250,0,-0.0890061663840512,-0.090476982686004,-0.00147081630195278,-0.0912030584641494,-0.00219689208009821,-0.00072607577814543,0.00072607577814543,0
2,193,"RMST_diff","20_sites_x_250","moderate",20,250,0,1.92756947857927,1.94727492690955,0.0197054483302725,1.95285339533454,0.0252839167552672,0.00557846842499465,0.00557846842499465,0
2,194,"RD","20_sites_x_250","moderate",20,250,0,-0.0890061663840512,-0.0888807702621726,0.000125396121878674,-0.0893376726480135,-0.000331506263962278,-0.000456902385840952,0.000206110142083604,0
2,194,"RMST_diff","20_sites_x_250","moderate",20,250,0,1.92756947857927,1.94787486094119,0.0203053823619204,1.95015060060466,0.0225811220253878,0.00227573966346739,0.00227573966346739,0
2,195,"RD","20_sites_x_250","moderate",20,250,0,-0.0890061663840512,-0.0907076393055969,-0.00170147292154565,-0.0911511266151461,-0.00214496023109489,-0.00044348730954924,0.00044348730954924,0
2,195,"RMST_diff","20_sites_x_250","moderate",20,250,0,1.92756947857927,2.02912719697224,0.101557718392968,2.0303218501158,0.10275237153653,0.00119465314356226,0.00119465314356226,0
2,196,"RD","20_sites_x_250","moderate",20,250,0,-0.0890061663840512,-0.0918730598086586,-0.00286689342460733,-0.0922860034777239,-0.00327983709367263,-0.000412943669065302,0.000412943669065302,0
2,196,"RMST_diff","20_sites_x_250","moderate",20,250,0,1.92756947857927,2.00385333071028,0.0762838521310076,2.0061967338494,0.0786272552701224,0.00234340313911474,0.00234340313911474,0
2,197,"RD","20_sites_x_250","moderate",20,250,0,-0.0890061663840512,-0.0941030834382485,-0.00509691705419724,-0.0944523189045982,-0.00544615252054692,-0.000349235466349684,0.000349235466349684,0
2,197,"RMST_diff","20_sites_x_250","moderate",20,250,0,1.92756947857927,1.98576267947821,0.0581932008989394,1.99096575140743,0.0633962728281521,0.00520307192921265,0.00520307192921265,0
2,198,"RD","20_sites_x_250","moderate",20,250,0,-0.0890061663840512,-0.0949957949331092,-0.00598962854905793,-0.095474973326396,-0.00646880694234475,-0.000479178393286817,0.000479178393286817,0
2,198,"RMST_diff","20_sites_x_250","moderate",20,250,0,1.92756947857927,1.98909148758866,0.0615220090093889,1.99523798492674,0.0676685063474611,0.00614649733807227,0.00614649733807227,0
2,199,"RD","20_sites_x_250","moderate",20,250,0,-0.0890061663840512,-0.0981967911694964,-0.00919062478544519,-0.0988421930420332,-0.009836026657982,-0.00064540187253681,0.00064540187253681,0
2,199,"RMST_diff","20_sites_x_250","moderate",20,250,0,1.92756947857927,2.02657045765054,0.0990009790712705,2.03113596890323,0.103566490323956,0.00456551125268589,0.00456551125268589,0
2,200,"RD","20_sites_x_250","moderate",20,250,0,-0.0890061663840512,-0.0954173732005994,-0.00641120681654817,-0.0960231292532933,-0.00701696286924203,-0.000605756052693862,0.000605756052693862,0
2,200,"RMST_diff","20_sites_x_250","moderate",20,250,0,1.92756947857927,1.98427179674021,0.0567023181609407,1.98793839610983,0.0603689175305568,0.00366659936961611,0.00366659936961611,0
2,201,"RD","20_sites_x_250","moderate",20,250,0,-0.0890061663840512,-0.101220376665862,-0.0122142102818106,-0.10193427601315,-0.0129281096290991,-0.000713899347288494,0.000713899347288494,0
2,201,"RMST_diff","20_sites_x_250","moderate",20,250,0,1.92756947857927,2.10901853374871,0.181449055169439,2.11597307355166,0.188403594972383,0.00695453980294403,0.00695453980294403,0
2,202,"RD","20_sites_x_250","moderate",20,250,0,-0.0890061663840512,-0.103830245724388,-0.0148240793403368,-0.104536774398338,-0.0155306080142864,-0.000706528673949602,0.000706528673949602,0
2,202,"RMST_diff","20_sites_x_250","moderate",20,250,0,1.92756947857927,2.13107437322615,0.203504894646874,2.13791267677578,0.210343198196504,0.00683830354963,0.00683830354963,0
2,203,"RD","20_sites_x_250","moderate",20,250,0,-0.0890061663840512,-0.103088517780614,-0.0140823513965627,-0.103795767252884,-0.0147896008688326,-0.000707249472269966,0.000707249472269966,0
2,203,"RMST_diff","20_sites_x_250","moderate",20,250,0,1.92756947857927,2.14883323012889,0.221263751549614,2.15408214697635,0.226512668397072,0.00524891684745832,0.00524891684745832,0
2,204,"RD","20_sites_x_250","moderate",20,250,0,-0.0890061663840512,-0.102296126931647,-0.0132899605475961,-0.103059437367673,-0.0140532709836216,-0.000763310436025511,0.000763310436025511,0
2,204,"RMST_diff","20_sites_x_250","moderate",20,250,0,1.92756947857927,2.09612213383184,0.168552655252563,2.10177238289421,0.174202904314933,0.00565024906236999,0.00565024906236999,0
2,205,"RD","20_sites_x_250","moderate",20,250,0,-0.0890061663840512,-0.100360730176765,-0.0113545637927137,-0.101112811761747,-0.0121066453776959,-0.000752081584982189,0.000752081584982189,0
2,205,"RMST_diff","20_sites_x_250","moderate",20,250,0,1.92756947857927,2.06073407181239,0.133164593233117,2.06643060211978,0.138861123540506,0.00569653030738948,0.00569653030738948,0
2,206,"RD","20_sites_x_250","moderate",20,250,0,-0.0890061663840512,-0.0935209774910812,-0.00451481110703,-0.0943464923987563,-0.00534032601470502,-0.000825514907675018,0.000825514907675018,0
2,206,"RMST_diff","20_sites_x_250","moderate",20,250,0,1.92756947857927,1.9946930897446,0.0671236111653233,2.00160602266095,0.0740365440816735,0.0069129329163502,0.0069129329163502,0
2,207,"RD","20_sites_x_250","moderate",20,250,0,-0.0890061663840512,-0.0965747606165469,-0.00756859423249567,-0.0974304820964965,-0.00842431571244528,-0.000855721479949612,0.000855721479949612,0
2,207,"RMST_diff","20_sites_x_250","moderate",20,250,0,1.92756947857927,2.07170451268018,0.144135034100907,2.08103027483257,0.153460796253293,0.00932576215238612,0.00932576215238612,0
2,208,"RD","20_sites_x_250","moderate",20,250,0,-0.0890061663840512,-0.0952113762790522,-0.00620520989500095,-0.0960989658698648,-0.00709279948581354,-0.000887589590812587,0.000887589590812587,0
2,208,"RMST_diff","20_sites_x_250","moderate",20,250,0,1.92756947857927,2.03221835287043,0.10464887429116,2.04339087855555,0.115821399976276,0.011172525685117,0.011172525685117,0
2,209,"RD","20_sites_x_250","moderate",20,250,0,-0.0890061663840512,-0.0913114034341644,-0.00230523705011321,-0.092001617134742,-0.00299545075069074,-0.000690213700577536,0.000690213700577536,0
2,209,"RMST_diff","20_sites_x_250","moderate",20,250,0,1.92756947857927,1.93068541722304,0.00311593864376469,1.93872245097621,0.0111529723969337,0.008037033753169,0.008037033753169,0
2,210,"RD","20_sites_x_250","moderate",20,250,0,-0.0890061663840512,-0.0879848358406802,0.00102133054337106,-0.0884919870718113,0.00051417931223996,-0.000507151231131098,-0.000507151231131098,0
2,210,"RMST_diff","20_sites_x_250","moderate",20,250,0,1.92756947857927,1.87843720113609,-0.0491322774431833,1.88278011513494,-0.0447893634443322,0.00434291399885112,-0.00434291399885112,0
2,211,"RD","20_sites_x_250","moderate",20,250,0,-0.0890061663840512,-0.0919882932482434,-0.00298212686419219,-0.0919139050235734,-0.00290773863952221,7.43882246699856e-05,-7.43882246699856e-05,0
2,211,"RMST_diff","20_sites_x_250","moderate",20,250,0,1.92756947857927,1.9240457502126,-0.00352372836667314,1.92274768552758,-0.00482179305169339,-0.00129806468502025,0.00129806468502025,0
2,212,"RD","20_sites_x_250","moderate",20,250,0,-0.0890061663840512,-0.0915946390268311,-0.00258847264277984,-0.091551859361764,-0.00254569297771279,4.27796650670498e-05,-4.27796650670498e-05,0
2,212,"RMST_diff","20_sites_x_250","moderate",20,250,0,1.92756947857927,1.94749756406398,0.0199280854847022,1.94754547664632,0.0199759980670429,4.79125823407145e-05,4.79125823407145e-05,0
2,213,"RD","20_sites_x_250","moderate",20,250,0,-0.0890061663840512,-0.0924434055910799,-0.00343723920702865,-0.0924370476830708,-0.00343088129901958,6.35790800906921e-06,-6.35790800906921e-06,0
2,213,"RMST_diff","20_sites_x_250","moderate",20,250,0,1.92756947857927,1.97940661023791,0.0518371316586386,1.98027697512005,0.0527074965407746,0.000870364882135988,0.000870364882135988,0
2,214,"RD","20_sites_x_250","moderate",20,250,0,-0.0890061663840512,-0.0935634139853725,-0.00455724760132126,-0.0936582544878504,-0.00465208810379913,-9.48405024778776e-05,9.48405024778776e-05,0
2,214,"RMST_diff","20_sites_x_250","moderate",20,250,0,1.92756947857927,1.99291684617174,0.0653473675924641,1.99538669951474,0.0678172209354635,0.00246985334299943,0.00246985334299943,0
2,215,"RD","20_sites_x_250","moderate",20,250,0,-0.0890061663840512,-0.0948509070920638,-0.00584474070801255,-0.0948688769988842,-0.00586271061483301,-1.79699068204586e-05,1.79699068204586e-05,0
2,215,"RMST_diff","20_sites_x_250","moderate",20,250,0,1.92756947857927,2.02882770507805,0.101258226498778,2.03019791531997,0.102628436740693,0.00137021024191419,0.00137021024191419,0
2,216,"RD","20_sites_x_250","moderate",20,250,0,-0.0890061663840512,-0.0921063558574693,-0.00310018947341806,-0.0919980727159233,-0.00299190633187207,0.000108283141545984,-0.000108283141545984,0
2,216,"RMST_diff","20_sites_x_250","moderate",20,250,0,1.92756947857927,2.04051737368336,0.112947895104089,2.04274351477053,0.115174036191256,0.00222614108716712,0.00222614108716712,0
2,217,"RD","20_sites_x_250","moderate",20,250,0,-0.0890061663840512,-0.0920681207523832,-0.00306195436833201,-0.0919373663499422,-0.00293119996589097,0.000130754402441036,-0.000130754402441036,0
2,217,"RMST_diff","20_sites_x_250","moderate",20,250,0,1.92756947857927,2.08075735447401,0.153187875894737,2.08237260019016,0.154803121610886,0.00161524571614891,0.00161524571614891,0
2,218,"RD","20_sites_x_250","moderate",20,250,0,-0.0890061663840512,-0.0945085671781609,-0.00550240079410969,-0.0943480778260395,-0.00534191144198826,0.000160489352121429,-0.000160489352121429,0
2,218,"RMST_diff","20_sites_x_250","moderate",20,250,0,1.92756947857927,2.11341271512047,0.185843236541199,2.11485673924264,0.187287260663364,0.00144402412216493,0.00144402412216493,0
2,219,"RD","20_sites_x_250","moderate",20,250,0,-0.0890061663840512,-0.0899466412747533,-0.000940474890702037,-0.0896660862724113,-0.000659919888360117,0.00028055500234192,-0.00028055500234192,0
2,219,"RMST_diff","20_sites_x_250","moderate",20,250,0,1.92756947857927,2.06939493829619,0.141825459716914,2.06948869759182,0.141919219012546,9.37592956322675e-05,9.37592956322675e-05,0
2,220,"RD","20_sites_x_250","moderate",20,250,0,-0.0890061663840512,-0.0933880500612089,-0.00438188367715764,-0.0931076925609253,-0.00410152617687409,0.000280357500283546,-0.000280357500283546,0
2,220,"RMST_diff","20_sites_x_250","moderate",20,250,0,1.92756947857927,2.1880508112068,0.260481332627522,2.18685577923086,0.259286300651581,-0.00119503197594106,-0.00119503197594106,0
2,221,"RD","20_sites_x_250","moderate",20,250,0,-0.0890061663840512,-0.0918370707189347,-0.00283090433488342,-0.0915859791978724,-0.00257981281382114,0.000251091521062285,-0.000251091521062285,0
2,221,"RMST_diff","20_sites_x_250","moderate",20,250,0,1.92756947857927,2.06300239825879,0.135432919679518,2.06144659149294,0.133877112913664,-0.00155580676585387,-0.00155580676585387,0
2,222,"RD","20_sites_x_250","moderate",20,250,0,-0.0890061663840512,-0.0918856128457597,-0.00287944646170846,-0.0915688844081091,-0.00256271802405783,0.000316728437650626,-0.000316728437650626,0
2,222,"RMST_diff","20_sites_x_250","moderate",20,250,0,1.92756947857927,2.08745558112917,0.159886102549894,2.0842148761783,0.156645397599023,-0.00324070495087092,-0.00324070495087092,0
2,223,"RD","20_sites_x_250","moderate",20,250,0,-0.0890061663840512,-0.0946098564657724,-0.00560369008172112,-0.0942675289568197,-0.00526136257276844,0.000342327508952689,-0.000342327508952689,0
2,223,"RMST_diff","20_sites_x_250","moderate",20,250,0,1.92756947857927,2.14144374410995,0.213874265530681,2.13759681955073,0.210027340971457,-0.0038469245592232,-0.0038469245592232,0
2,224,"RD","20_sites_x_250","moderate",20,250,0,-0.0890061663840512,-0.0941591597987933,-0.00515299341474207,-0.0937879996771774,-0.0047818332931262,0.000371160121615866,-0.000371160121615866,0
2,224,"RMST_diff","20_sites_x_250","moderate",20,250,0,1.92756947857927,2.15110210287124,0.223532624291966,2.14812310708165,0.220553628502378,-0.00297899578958827,-0.00297899578958827,0
2,225,"RD","20_sites_x_250","moderate",20,250,0,-0.0890061663840512,-0.0949584054356816,-0.00595223905163034,-0.0946798617598953,-0.00567369537584406,0.00027854367578628,-0.00027854367578628,0
2,225,"RMST_diff","20_sites_x_250","moderate",20,250,0,1.92756947857927,2.20692651013223,0.279357031552959,2.20424469015334,0.276675211574068,-0.00268181997889094,-0.00268181997889094,0
2,226,"RD","20_sites_x_250","moderate",20,250,0,-0.0890061663840512,-0.0971768610337842,-0.00817069464973297,-0.0967419409999923,-0.0077357746159411,0.000434920033791864,-0.000434920033791864,0
2,226,"RMST_diff","20_sites_x_250","moderate",20,250,0,1.92756947857927,2.26551502092999,0.337945542350711,2.26177771330814,0.334208234728868,-0.00373730762184366,-0.00373730762184366,0
2,227,"RD","20_sites_x_250","moderate",20,250,0,-0.0890061663840512,-0.095485047320873,-0.00647888093682181,-0.0950729091788179,-0.00606674279476671,0.000412138142055096,-0.000412138142055096,0
2,227,"RMST_diff","20_sites_x_250","moderate",20,250,0,1.92756947857927,2.20583616843037,0.278266689851092,2.20232537466127,0.274755896081997,-0.00351079376909524,-0.00351079376909524,0
2,228,"RD","20_sites_x_250","moderate",20,250,0,-0.0890061663840512,-0.095258871577328,-0.00625270519327681,-0.0948258244312354,-0.00581965804718421,0.000433047146092602,-0.000433047146092602,0
2,228,"RMST_diff","20_sites_x_250","moderate",20,250,0,1.92756947857927,2.23642674778533,0.308857269206058,2.22991035083175,0.302340872252479,-0.00651639695357886,-0.00651639695357886,0
2,229,"RD","20_sites_x_250","moderate",20,250,0,-0.0890061663840512,-0.0950053155549203,-0.00599914917086908,-0.0947382260222501,-0.00573205963819889,0.000267089532670184,-0.000267089532670184,0
2,229,"RMST_diff","20_sites_x_250","moderate",20,250,0,1.92756947857927,2.20207696970286,0.27450749112359,2.19784907036714,0.270279591787871,-0.00422789933571899,-0.00422789933571899,0
2,230,"RD","20_sites_x_250","moderate",20,250,0,-0.0890061663840512,-0.0930047359947422,-0.00399856961069101,-0.0928216255442625,-0.00381545916021131,0.000183110450479695,-0.000183110450479695,0
2,230,"RMST_diff","20_sites_x_250","moderate",20,250,0,1.92756947857927,2.1732660153865,0.245696536807223,2.17036691478983,0.242797436210555,-0.00289910059666809,-0.00289910059666809,0
2,231,"RD","20_sites_x_250","moderate",20,250,0,-0.0890061663840512,-0.0946035701962182,-0.005597403812167,-0.0946150351970326,-0.00560886881298139,-1.14650008143924e-05,1.14650008143924e-05,0
2,231,"RMST_diff","20_sites_x_250","moderate",20,250,0,1.92756947857927,2.16725940693394,0.239689928354661,2.16792364903072,0.240354170451448,0.000664242096787504,0.000664242096787504,0
2,232,"RD","20_sites_x_250","moderate",20,250,0,-0.0890061663840512,-0.0927150565529814,-0.00370889016893017,-0.0926677949939619,-0.00366162860991071,4.72615590194625e-05,-4.72615590194625e-05,0
2,232,"RMST_diff","20_sites_x_250","moderate",20,250,0,1.92756947857927,2.14815623819409,0.220586759614818,2.1477230699785,0.220153591399223,-0.000433168215595359,-0.000433168215595359,0
2,233,"RD","20_sites_x_250","moderate",20,250,0,-0.0890061663840512,-0.09252887754812,-0.00352271116406877,-0.0924057806027722,-0.00339961421872093,0.000123096945347845,-0.000123096945347845,0
2,233,"RMST_diff","20_sites_x_250","moderate",20,250,0,1.92756947857927,2.15988819237181,0.232318713792536,2.15935838254436,0.231788903965084,-0.000529809827451544,-0.000529809827451544,0
2,234,"RD","20_sites_x_250","moderate",20,250,0,-0.0890061663840512,-0.0967064016821818,-0.00770023529813058,-0.0968109218623203,-0.00780475547826909,-0.000104520180138512,0.000104520180138512,0
2,234,"RMST_diff","20_sites_x_250","moderate",20,250,0,1.92756947857927,2.27270547882134,0.345136000242064,2.27739877996666,0.349829301387384,0.00469330114531985,0.00469330114531985,0
2,235,"RD","20_sites_x_250","moderate",20,250,0,-0.0890061663840512,-0.0972977566611801,-0.00829159027712889,-0.0974705179924835,-0.00846435160843229,-0.000172761331303395,0.000172761331303395,0
2,235,"RMST_diff","20_sites_x_250","moderate",20,250,0,1.92756947857927,2.22753979627949,0.299970317700216,2.23378999032143,0.306220511742154,0.00625019404193772,0.00625019404193772,0
2,236,"RD","20_sites_x_250","moderate",20,250,0,-0.0890061663840512,-0.0983003624487974,-0.00929419606474613,-0.098590783612188,-0.00958461722813675,-0.00029042116339062,0.00029042116339062,0
2,236,"RMST_diff","20_sites_x_250","moderate",20,250,0,1.92756947857927,2.2160708223992,0.288501343819931,2.22171067566984,0.294141197090566,0.00563985327063499,0.00563985327063499,0
2,237,"RD","20_sites_x_250","moderate",20,250,0,-0.0890061663840512,-0.0989363455357571,-0.00993017915170591,-0.0992595398776024,-0.0102533734935512,-0.000323194341845245,0.000323194341845245,0
2,237,"RMST_diff","20_sites_x_250","moderate",20,250,0,1.92756947857927,2.22906410212724,0.301494623547965,2.23490037943296,0.307330900853689,0.00583627730572367,0.00583627730572367,0
2,238,"RD","20_sites_x_250","moderate",20,250,0,-0.0890061663840512,-0.0944142799295052,-0.00540811354545401,-0.094743965876449,-0.00573779949239772,-0.000329685946943714,0.000329685946943714,0
2,238,"RMST_diff","20_sites_x_250","moderate",20,250,0,1.92756947857927,2.17766617129922,0.25009669271995,2.18368178561068,0.25611230703141,0.00601561431146003,0.00601561431146003,0
2,239,"RD","20_sites_x_250","moderate",20,250,0,-0.0890061663840512,-0.0940717401065485,-0.00506557372249727,-0.0944190446297657,-0.00541287824571446,-0.000347304523217185,0.000347304523217185,0
2,239,"RMST_diff","20_sites_x_250","moderate",20,250,0,1.92756947857927,2.13520196243455,0.207632483855278,2.14207710413448,0.214507625555203,0.00687514169992554,0.00687514169992554,0
2,240,"RD","20_sites_x_250","moderate",20,250,0,-0.0890061663840512,-0.0912565369681078,-0.00225037058405653,-0.0916923981577403,-0.0026862317736891,-0.000435861189632569,0.000435861189632569,0
2,240,"RMST_diff","20_sites_x_250","moderate",20,250,0,1.92756947857927,2.03758038310926,0.11001090452999,2.04767779253486,0.120108313955585,0.0100974094255957,0.0100974094255957,0
2,241,"RD","20_sites_x_250","moderate",20,250,0,-0.0890061663840512,-0.0937466932107127,-0.00474052682666148,-0.0943567558753458,-0.00535058949129452,-0.000610062664633038,0.000610062664633038,0
2,241,"RMST_diff","20_sites_x_250","moderate",20,250,0,1.92756947857927,2.16972407187674,0.242154593297466,2.18282257420964,0.255253095630362,0.0130985023328964,0.0130985023328964,0
2,242,"RD","20_sites_x_250","moderate",20,250,0,-0.0890061663840512,-0.0951333052290807,-0.00612713884502947,-0.0958036398678006,-0.00679747348374937,-0.000670334638719905,0.000670334638719905,0
2,242,"RMST_diff","20_sites_x_250","moderate",20,250,0,1.92756947857927,2.17753522311718,0.249965744537908,2.19183904130763,0.264269562728357,0.0143038181904487,0.0143038181904487,0
2,243,"RD","20_sites_x_250","moderate",20,250,0,-0.0890061663840512,-0.0949688264765947,-0.00596266009254343,-0.0956358176960568,-0.00662965131200555,-0.000666991219462121,0.000666991219462121,0
2,243,"RMST_diff","20_sites_x_250","moderate",20,250,0,1.92756947857927,2.13276259756955,0.205193118990277,2.14801505773912,0.220445579159842,0.0152524601695649,0.0152524601695649,0
2,244,"RD","20_sites_x_250","moderate",20,250,0,-0.0890061663840512,-0.0977696723777347,-0.00876350599368347,-0.0984743279553613,-0.00946816157131003,-0.000704655577626556,0.000704655577626556,0
2,244,"RMST_diff","20_sites_x_250","moderate",20,250,0,1.92756947857927,2.17955040950823,0.251980930928958,2.19423171043977,0.266662231860497,0.0146813009315387,0.0146813009315387,0
2,245,"RD","20_sites_x_250","moderate",20,250,0,-0.0890061663840512,-0.0965003415182633,-0.00749417513421202,-0.0969729379988967,-0.00796677161484549,-0.000472596480633469,0.000472596480633469,0
2,245,"RMST_diff","20_sites_x_250","moderate",20,250,0,1.92756947857927,2.15111292919024,0.223543450610961,2.16499707627804,0.237427597698765,0.0138841470878042,0.0138841470878042,0
2,246,"RD","20_sites_x_250","moderate",20,250,0,-0.0890061663840512,-0.0940104371942443,-0.00500427081019306,-0.0946392357984425,-0.00563306941439123,-0.000628798604198177,0.000628798604198177,0
2,246,"RMST_diff","20_sites_x_250","moderate",20,250,0,1.92756947857927,2.04203295532032,0.114463476741044,2.05882161780098,0.131252139221706,0.0167886624806624,0.0167886624806624,0
2,247,"RD","20_sites_x_250","moderate",20,250,0,-0.0890061663840512,-0.0927440580667108,-0.00373789168265959,-0.0933757738624639,-0.00436960747841264,-0.000631715795753052,0.000631715795753052,0
2,247,"RMST_diff","20_sites_x_250","moderate",20,250,0,1.92756947857927,2.02433355159597,0.0967640730166917,2.04068591928212,0.113116440702846,0.0163523676861548,0.0163523676861548,0
2,248,"RD","20_sites_x_250","moderate",20,250,0,-0.0890061663840512,-0.0896891601698179,-0.000682993785766639,-0.0903469429476164,-0.00134077656356513,-0.000657782777798488,0.000657782777798488,0
2,248,"RMST_diff","20_sites_x_250","moderate",20,250,0,1.92756947857927,1.95809758031537,0.0305281017360919,1.97427501951746,0.0467055409381842,0.0161774392020924,0.0161774392020924,0
2,249,"RD","20_sites_x_250","moderate",20,250,0,-0.0890061663840512,-0.0901593935518228,-0.00115322716777155,-0.0908502303704773,-0.00184406398642611,-0.000690836818654561,0.000690836818654561,0
2,249,"RMST_diff","20_sites_x_250","moderate",20,250,0,1.92756947857927,1.99010359955514,0.062534120975867,2.00361495117759,0.0760454725983202,0.0135113516224532,0.0135113516224532,0
2,250,"RD","20_sites_x_250","moderate",20,250,0,-0.0890061663840512,-0.0934844166960713,-0.00447825031202009,-0.0941159998063577,-0.00510983342230642,-0.000631583110286327,0.000631583110286327,0
2,250,"RMST_diff","20_sites_x_250","moderate",20,250,0,1.92756947857927,2.01275764286065,0.0851881642813801,2.02518762362108,0.0976181450418085,0.0124299807604284,0.0124299807604284,0
2,251,"RD","20_sites_x_250","moderate",20,250,0,-0.0890061663840512,-0.0961031983741208,-0.00709703199006961,-0.0965735352179927,-0.00756736883394149,-0.000470336843871877,0.000470336843871877,0
2,251,"RMST_diff","20_sites_x_250","moderate",20,250,0,1.92756947857927,2.03691577094667,0.109346292367395,2.04528133581035,0.117711857231079,0.00836556486368423,0.00836556486368423,0
2,252,"RD","20_sites_x_250","moderate",20,250,0,-0.0890061663840512,-0.0970404361208828,-0.00803426973683152,-0.0973863035631739,-0.00838013717912267,-0.000345867442291148,0.000345867442291148,0
2,252,"RMST_diff","20_sites_x_250","moderate",20,250,0,1.92756947857927,1.99331302070783,0.0657435421285584,2.00225069779748,0.0746812192182027,0.00893767708964432,0.00893767708964432,0
2,253,"RD","20_sites_x_250","moderate",20,250,0,-0.0890061663840512,-0.0950802871145854,-0.00607412073053415,-0.0953942655365452,-0.00638809915249394,-0.000313978421959793,0.000313978421959793,0
2,253,"RMST_diff","20_sites_x_250","moderate",20,250,0,1.92756947857927,1.91641701918146,-0.0111524593978167,1.92449017325075,-0.00307930532852652,0.00807315406929021,-0.00807315406929021,0
2,254,"RD","20_sites_x_250","moderate",20,250,0,-0.0890061663840512,-0.0931974336748524,-0.00419126729080121,-0.0935411435952046,-0.00453497721115337,-0.000343709920352153,0.000343709920352153,0
2,254,"RMST_diff","20_sites_x_250","moderate",20,250,0,1.92756947857927,1.80930065691694,-0.118268821662333,1.81737805250817,-0.110191426071106,0.00807739559122744,-0.00807739559122744,0
2,255,"RD","20_sites_x_250","moderate",20,250,0,-0.0890061663840512,-0.0907755345689779,-0.00176936818492668,-0.0911470402364554,-0.00214087385240413,-0.000371505667477456,0.000371505667477456,0
2,255,"RMST_diff","20_sites_x_250","moderate",20,250,0,1.92756947857927,1.78374029222276,-0.143829186356518,1.79203659025208,-0.135532888327189,0.00829629802932885,-0.00829629802932885,0
2,256,"RD","20_sites_x_250","moderate",20,250,0,-0.0890061663840512,-0.0928333921550044,-0.00382722577095318,-0.0933234358621617,-0.00431726947811051,-0.000490043707157328,0.000490043707157328,0
2,256,"RMST_diff","20_sites_x_250","moderate",20,250,0,1.92756947857927,1.8541975276832,-0.0733719508960711,1.85881358765016,-0.0687558909291113,0.0046160599669598,-0.0046160599669598,0
2,257,"RD","20_sites_x_250","moderate",20,250,0,-0.0890061663840512,-0.0872104604490469,0.00179570593500433,-0.0876318744604156,0.00137429192363558,-0.000421414011368748,-0.000421414011368748,0
2,257,"RMST_diff","20_sites_x_250","moderate",20,250,0,1.92756947857927,1.71457186189967,-0.212997616679603,1.71846158472597,-0.2091078938533,0.00388972282630284,-0.00388972282630284,0
2,258,"RD","20_sites_x_250","moderate",20,250,0,-0.0890061663840512,-0.0881363167308203,0.000869849653230892,-0.0885264528187938,0.000479713565257445,-0.000390136087973447,-0.000390136087973447,0
2,258,"RMST_diff","20_sites_x_250","moderate",20,250,0,1.92756947857927,1.7178504674112,-0.209719011168076,1.72191696490024,-0.205652513679031,0.00406649748904542,-0.00406649748904542,0
2,259,"RD","20_sites_x_250","moderate",20,250,0,-0.0890061663840512,-0.087417375271951,0.0015887911121002,-0.0877842350850846,0.00122193129896664,-0.000366859813133558,-0.000366859813133558,0
2,259,"RMST_diff","20_sites_x_250","moderate",20,250,0,1.92756947857927,1.679085047902,-0.248484430677271,1.68179764499443,-0.24577183358484,0.00271259709243132,-0.00271259709243132,0
2,260,"RD","20_sites_x_250","moderate",20,250,0,-0.0890061663840512,-0.0892614215647911,-0.000255255180739877,-0.0895965362932346,-0.000590369909183375,-0.000335114728443497,0.000335114728443497,0
2,260,"RMST_diff","20_sites_x_250","moderate",20,250,0,1.92756947857927,1.68309642962797,-0.244473048951301,1.68513855154719,-0.242430927032084,0.00204212191921727,-0.00204212191921727,0
2,261,"RD","20_sites_x_250","moderate",20,250,0,-0.0890061663840512,-0.086866871146956,0.00213929523709522,-0.087140991670845,0.00186517471320624,-0.000274120523888977,-0.000274120523888977,0
2,261,"RMST_diff","20_sites_x_250","moderate",20,250,0,1.92756947857927,1.62912085921862,-0.29844861936065,1.62974501906625,-0.297824459513022,0.000624159847628647,-0.000624159847628647,0
2,262,"RD","20_sites_x_250","moderate",20,250,0,-0.0890061663840512,-0.0811730924322925,0.0078330739517587,-0.0815242586172251,0.00748190776682611,-0.000351166184932583,-0.000351166184932583,0
2,262,"RMST_diff","20_sites_x_250","moderate",20,250,0,1.92756947857927,1.52621205357179,-0.401357425007488,1.52793281598916,-0.399636662590117,0.00172076241737074,-0.00172076241737074,0
2,263,"RD","20_sites_x_250","moderate",20,250,0,-0.0890061663840512,-0.0866337096722244,0.00237245671182684,-0.0870664306797294,0.00193973570432182,-0.000432721007505021,-0.000432721007505021,0
2,263,"RMST_diff","20_sites_x_250","moderate",20,250,0,1.92756947857927,1.61225271555961,-0.315316763019659,1.61513753169057,-0.312431946888701,0.00288481613095826,-0.00288481613095826,0
2,264,"RD","20_sites_x_250","moderate",20,250,0,-0.0890061663840512,-0.0843442053551813,0.00466196102886995,-0.0847062376530007,0.00429992873105056,-0.000362032297819392,-0.000362032297819392,0
2,264,"RMST_diff","20_sites_x_250","moderate",20,250,0,1.92756947857927,1.58106606729019,-0.346503411289079,1.58310668790465,-0.344462790674619,0.00204062061446031,-0.00204062061446031,0
2,265,"RD","20_sites_x_250","moderate",20,250,0,-0.0890061663840512,-0.0865528039631817,0.00245336242086958,-0.0869728045687526,0.00203336181529867,-0.000420000605570903,-0.000420000605570903,0
2,265,"RMST_diff","20_sites_x_250","moderate",20,250,0,1.92756947857927,1.58568439445874,-0.341885084120532,1.58680532039029,-0.340764158188987,0.001120925931545,-0.001120925931545,0
2,266,"RD","20_sites_x_250","moderate",20,250,0,-0.0890061663840512,-0.0847588160768963,0.00424735030715495,-0.0850735738099371,0.00393259257411416,-0.000314757733040794,-0.000314757733040794,0
2,266,"RMST_diff","20_sites_x_250","moderate",20,250,0,1.92756947857927,1.62485209241059,-0.30271738616868,1.62374061614085,-0.303828862438424,-0.00111147626974351,0.00111147626974351,0
2,267,"RD","20_sites_x_250","moderate",20,250,0,-0.0890061663840512,-0.082921277714592,0.00608488866945922,-0.0832887213663324,0.00571744501771887,-0.000367443651740351,-0.000367443651740351,0
2,267,"RMST_diff","20_sites_x_250","moderate",20,250,0,1.92756947857927,1.6761473854419,-0.25142209313737,1.67576308860785,-0.251806389971424,-0.000384296834054609,0.000384296834054609,0
2,268,"RD","20_sites_x_250","moderate",20,250,0,-0.0890061663840512,-0.0825836659182917,0.00642250046575954,-0.082869707537181,0.0061364588468702,-0.000286041618889343,-0.000286041618889343,0
2,268,"RMST_diff","20_sites_x_250","moderate",20,250,0,1.92756947857927,1.64193262388022,-0.285636854699051,1.64017226798797,-0.287397210591303,-0.00176035589225165,0.00176035589225165,0
2,269,"RD","20_sites_x_250","moderate",20,250,0,-0.0890061663840512,-0.0823589115309619,0.00664725485308937,-0.0824679858454354,0.00653818053861588,-0.00010907431447349,-0.00010907431447349,0
2,269,"RMST_diff","20_sites_x_250","moderate",20,250,0,1.92756947857927,1.61130193044671,-0.316267548132565,1.61009551584665,-0.317473962732626,-0.00120641460006077,0.00120641460006077,0
2,270,"RD","20_sites_x_250","moderate",20,250,0,-0.0890061663840512,-0.0799394422062026,0.0090667241778486,-0.0801215732719972,0.00888459311205403,-0.000182131065794566,-0.000182131065794566,0
2,270,"RMST_diff","20_sites_x_250","moderate",20,250,0,1.92756947857927,1.55463108988276,-0.372938388696509,1.55723869435461,-0.370330784224661,0.00260760447184794,-0.00260760447184794,0
2,271,"RD","20_sites_x_250","moderate",20,250,0,-0.0890061663840512,-0.0771763715091015,0.0118297948749497,-0.0772543231795719,0.0117518432044793,-7.7951670470422e-05,-7.7951670470422e-05,0
2,271,"RMST_diff","20_sites_x_250","moderate",20,250,0,1.92756947857927,1.56032082301217,-0.367248655567106,1.56723246122749,-0.360337017351782,0.0069116382153247,-0.0069116382153247,0
2,272,"RD","20_sites_x_250","moderate",20,250,0,-0.0890061663840512,-0.0754254218305782,0.013580744553473,-0.0756685327692217,0.0133376336148295,-0.000243110938643487,-0.000243110938643487,0
2,272,"RMST_diff","20_sites_x_250","moderate",20,250,0,1.92756947857927,1.6141290746441,-0.313440403935179,1.62013004772309,-0.30743943085618,0.00600097307899894,-0.00600097307899894,0
2,273,"RD","20_sites_x_250","moderate",20,250,0,-0.0890061663840512,-0.0786532868362924,0.0103528795477589,-0.0788901169560701,0.0101160494279812,-0.000236830119777709,-0.000236830119777709,0
2,273,"RMST_diff","20_sites_x_250","moderate",20,250,0,1.92756947857927,1.65231824355741,-0.275251235021862,1.65764446024644,-0.269925018332833,0.00532621668902955,-0.00532621668902955,0
2,274,"RD","20_sites_x_250","moderate",20,250,0,-0.0890061663840512,-0.0835642804818996,0.00544188590215167,-0.0837732136575996,0.00523295272645163,-0.000208933175700032,-0.000208933175700032,0
2,274,"RMST_diff","20_sites_x_250","moderate",20,250,0,1.92756947857927,1.73676599630271,-0.190803482276564,1.74214586887839,-0.185423609700882,0.0053798725756824,-0.0053798725756824,0
2,275,"RD","20_sites_x_250","moderate",20,250,0,-0.0890061663840512,-0.0828936243696791,0.00611254201437217,-0.0830462894759247,0.00595987690812649,-0.000152665106245675,-0.000152665106245675,0
2,275,"RMST_diff","20_sites_x_250","moderate",20,250,0,1.92756947857927,1.68015245850195,-0.247417020077322,1.68623760341262,-0.241331875166651,0.00608514491067069,-0.00608514491067069,0
2,276,"RD","20_sites_x_250","moderate",20,250,0,-0.0890061663840512,-0.0839200313458639,0.00508613503818733,-0.0839160883195768,0.00509007806447448,3.94302628714538e-06,3.94302628714538e-06,0
2,276,"RMST_diff","20_sites_x_250","moderate",20,250,0,1.92756947857927,1.6335744173437,-0.293995061235577,1.64190508299431,-0.285664395584963,0.00833066565061458,-0.00833066565061458,0
2,277,"RD","20_sites_x_250","moderate",20,250,0,-0.0890061663840512,-0.0881320691821955,0.000874097201855717,-0.0881897483586738,0.000816418025377463,-5.76791764782536e-05,-5.76791764782536e-05,0
2,277,"RMST_diff","20_sites_x_250","moderate",20,250,0,1.92756947857927,1.70012465241122,-0.227444826168052,1.71061423795227,-0.216955240627007,0.0104895855410447,-0.0104895855410447,0
2,278,"RD","20_sites_x_250","moderate",20,250,0,-0.0890061663840512,-0.088296917999241,0.000709248384810235,-0.0883935008014225,0.000612665582628735,-9.65828021814996e-05,-9.65828021814996e-05,0
2,278,"RMST_diff","20_sites_x_250","moderate",20,250,0,1.92756947857927,1.70938175972871,-0.218187718850563,1.7196456357982,-0.207923842781078,0.0102638760694855,-0.0102638760694855,0
2,279,"RD","20_sites_x_250","moderate",20,250,0,-0.0890061663840512,-0.087295460330425,0.00171070605362622,-0.0874176313516077,0.00158853503244349,-0.000122171021182726,-0.000122171021182726,0
2,279,"RMST_diff","20_sites_x_250","moderate",20,250,0,1.92756947857927,1.774263441881,-0.15330603669827,1.78461538656972,-0.142954092009553,0.0103519446887166,-0.0103519446887166,0
2,280,"RD","20_sites_x_250","moderate",20,250,0,-0.0890061663840512,-0.0913976689093852,-0.00239150252533393,-0.091850774815039,-0.00284460843098777,-0.000453105905653839,0.000453105905653839,0
2,280,"RMST_diff","20_sites_x_250","moderate",20,250,0,1.92756947857927,1.83294759138927,-0.0946218871900051,1.84531699332174,-0.0822524852575306,0.0123694019324745,-0.0123694019324745,0
2,281,"RD","20_sites_x_250","moderate",20,250,0,-0.0890061663840512,-0.0884356666019436,0.000570499782107659,-0.0889005129514652,0.000105653432586061,-0.000464846349521597,-0.000464846349521597,0
2,281,"RMST_diff","20_sites_x_250","moderate",20,250,0,1.92756947857927,1.80006320091302,-0.127506277666249,1.81349749132285,-0.114071987256422,0.0134342904098279,-0.0134342904098279,0
2,282,"RD","20_sites_x_250","moderate",20,250,0,-0.0890061663840512,-0.0946837327018248,-0.00567756631777361,-0.095025243528131,-0.00601907714407979,-0.000341510826306179,0.000341510826306179,0
2,282,"RMST_diff","20_sites_x_250","moderate",20,250,0,1.92756947857927,1.89667482735923,-0.0308946512200414,1.90808768367255,-0.0194817949067261,0.0114128563133153,-0.0114128563133153,0
2,283,"RD","20_sites_x_250","moderate",20,250,0,-0.0890061663840512,-0.0905960274878186,-0.00158986110376735,-0.0908360860995252,-0.00182991971547397,-0.000240058611706617,0.000240058611706617,0
2,283,"RMST_diff","20_sites_x_250","moderate",20,250,0,1.92756947857927,1.84742012080995,-0.0801493577693275,1.85701798893013,-0.0705514896491461,0.00959786812018137,-0.00959786812018137,0
2,284,"RD","20_sites_x_250","moderate",20,250,0,-0.0890061663840512,-0.0872137867923591,0.00179237959169209,-0.0875759683511212,0.00143019803292999,-0.000362181558762109,-0.000362181558762109,0
2,284,"RMST_diff","20_sites_x_250","moderate",20,250,0,1.92756947857927,1.81248793701798,-0.115081541561297,1.82363001291868,-0.10393946566059,0.0111420759007075,-0.0111420759007075,0
2,285,"RD","20_sites_x_250","moderate",20,250,0,-0.0890061663840512,-0.0863110696273136,0.00269509675673762,-0.0866502476912794,0.00235591869277185,-0.000339178063965773,-0.000339178063965773,0
2,285,"RMST_diff","20_sites_x_250","moderate",20,250,0,1.92756947857927,1.78334734995942,-0.14422212861985,1.79401994033856,-0.133549538240716,0.0106725903791336,-0.0106725903791336,0
2,286,"RD","20_sites_x_250","moderate",20,250,0,-0.0890061663840512,-0.0933102915263272,-0.00430412514227596,-0.0936454035187085,-0.0046392371346573,-0.000335111992381343,0.000335111992381343,0
2,286,"RMST_diff","20_sites_x_250","moderate",20,250,0,1.92756947857927,1.852453767861,-0.0751157107182774,1.86221665050573,-0.0653528280735429,0.00976288264473446,-0.00976288264473446,0
2,287,"RD","20_sites_x_250","moderate",20,250,0,-0.0890061663840512,-0.0946632620957084,-0.00565709571165718,-0.0950167571396533,-0.00601059075560206,-0.000353495043944885,0.000353495043944885,0
2,287,"RMST_diff","20_sites_x_250","moderate",20,250,0,1.92756947857927,1.85940402057761,-0.068165458001662,1.86888095241193,-0.0586885261673444,0.00947693183431753,-0.00947693183431753,0
2,288,"RD","20_sites_x_250","moderate",20,250,0,-0.0890061663840512,-0.0992197973940721,-0.0102136310100208,-0.099630895575655,-0.0106247291916037,-0.000411098181582914,0.000411098181582914,0
2,288,"RMST_diff","20_sites_x_250","moderate",20,250,0,1.92756947857927,1.99559470383619,0.0680252252569176,2.00634654374114,0.0787770651618658,0.0107518399049482,0.0107518399049482,0
2,289,"RD","20_sites_x_250","moderate",20,250,0,-0.0890061663840512,-0.0986332644049879,-0.00962709802093664,-0.0991812635351269,-0.0101750971510757,-0.000547999130139032,0.000547999130139032,0
2,289,"RMST_diff","20_sites_x_250","moderate",20,250,0,1.92756947857927,1.97106150524347,0.0434920266641914,1.98303006401309,0.0554605854338135,0.0119685587696221,0.0119685587696221,0
2,290,"RD","20_sites_x_250","moderate",20,250,0,-0.0890061663840512,-0.0984165140982276,-0.00941034771417637,-0.0989337090944999,-0.00992754271044871,-0.000517194996272341,0.000517194996272341,0
2,290,"RMST_diff","20_sites_x_250","moderate",20,250,0,1.92756947857927,2.02674228118158,0.0991728026023022,2.03654305328367,0.108973574704395,0.00980077210209274,0.00980077210209274,0
2,291,"RD","20_sites_x_250","moderate",20,250,0,-0.0890061663840512,-0.101237752307061,-0.01223158592301,-0.101645672880159,-0.0126395064961082,-0.000407920573098242,0.000407920573098242,0
2,291,"RMST_diff","20_sites_x_250","moderate",20,250,0,1.92756947857927,2.04767849468968,0.120109016110408,2.04992381916006,0.122354340580788,0.00224532447037973,0.00224532447037973,0
2,292,"RD","20_sites_x_250","moderate",20,250,0,-0.0890061663840512,-0.102339777213361,-0.0133336108293101,-0.102860974775462,-0.013854808391411,-0.000521197562100895,0.000521197562100895,0
2,292,"RMST_diff","20_sites_x_250","moderate",20,250,0,1.92756947857927,2.02645894478856,0.0988894662092896,2.03170794468667,0.104138466107399,0.00524899989810912,0.00524899989810912,0
2,293,"RD","20_sites_x_250","moderate",20,250,0,-0.0890061663840512,-0.101875100492747,-0.0128689341086953,-0.102384328499487,-0.0133781621154359,-0.000509228006740581,0.000509228006740581,0
2,293,"RMST_diff","20_sites_x_250","moderate",20,250,0,1.92756947857927,2.01626385413184,0.0886943755525618,2.02198260797495,0.0944131293956794,0.0057187538431176,0.0057187538431176,0
2,294,"RD","20_sites_x_250","moderate",20,250,0,-0.0890061663840512,-0.0935355686247656,-0.00452940224071441,-0.0936791793827856,-0.00467301299873435,-0.000143610758019941,0.000143610758019941,0
2,294,"RMST_diff","20_sites_x_250","moderate",20,250,0,1.92756947857927,1.89203938126375,-0.0355300973155259,1.89305318541204,-0.0345162931672292,0.00101380414829677,-0.00101380414829677,0
2,295,"RD","20_sites_x_250","moderate",20,250,0,-0.0890061663840512,-0.0935684201402192,-0.00456225375616792,-0.093634925242076,-0.00462875885802472,-6.65051018567953e-05,6.65051018567953e-05,0
2,295,"RMST_diff","20_sites_x_250","moderate",20,250,0,1.92756947857927,1.91569596585131,-0.0118735127279628,1.91436860883553,-0.0132008697437414,-0.00132735701577857,0.00132735701577857,0
2,296,"RD","20_sites_x_250","moderate",20,250,0,-0.0890061663840512,-0.0922255595024052,-0.00321939311835395,-0.0923925442764247,-0.0033863778923735,-0.000166984774019552,0.000166984774019552,0
2,296,"RMST_diff","20_sites_x_250","moderate",20,250,0,1.92756947857927,1.95618543189394,0.0286159533146666,1.95716693853741,0.0295974599581328,0.00098150664346619,0.00098150664346619,0
2,297,"RD","20_sites_x_250","moderate",20,250,0,-0.0890061663840512,-0.0908246136335309,-0.00181844724947966,-0.0910587676157026,-0.00205260123165141,-0.000234153982171748,0.000234153982171748,0
2,297,"RMST_diff","20_sites_x_250","moderate",20,250,0,1.92756947857927,2.03120918880017,0.103639710220893,2.02965591431701,0.102086435737734,-0.00155327448315923,-0.00155327448315923,0
2,298,"RD","20_sites_x_250","moderate",20,250,0,-0.0890061663840512,-0.0936939577275132,-0.00468779134346198,-0.0939806113913797,-0.00497444500732847,-0.000286653663866487,0.000286653663866487,0
2,298,"RMST_diff","20_sites_x_250","moderate",20,250,0,1.92756947857927,2.10476676524253,0.177197286663255,2.10491747847882,0.177347999899549,0.000150713236294564,0.000150713236294564,0
2,299,"RD","20_sites_x_250","moderate",20,250,0,-0.0890061663840512,-0.0940281331040144,-0.00502196671996313,-0.0943708119870399,-0.00536464560298866,-0.000342678883025527,0.000342678883025527,0
2,299,"RMST_diff","20_sites_x_250","moderate",20,250,0,1.92756947857927,2.03263711816144,0.105067639582169,2.03420898422931,0.106639505650035,0.00157186606786652,0.00157186606786652,0
2,300,"RD","20_sites_x_250","moderate",20,250,0,-0.0890061663840512,-0.0944213235267174,-0.00541515714266616,-0.0944552239764153,-0.00544905759236403,-3.39004496978657e-05,3.39004496978657e-05,0
2,300,"RMST_diff","20_sites_x_250","moderate",20,250,0,1.92756947857927,2.07722043135488,0.149650952775609,2.07768171380934,0.150112235230061,0.000461282454452316,0.000461282454452316,0
3,1,"RD","50_sites_x_100","moderate",50,100,0,-0.0890061663840512,-0.0808913118700639,0.0081148545139873,-0.0818500343910021,0.0071561319930491,-0.000958722520938204,-0.000958722520938204,0
3,1,"RMST_diff","50_sites_x_100","moderate",50,100,0,1.92756947857927,1.77725905346086,-0.150310425118409,1.79689652854476,-0.130672950034516,0.0196374750838935,-0.0196374750838935,0
3,2,"RD","50_sites_x_100","moderate",50,100,0,-0.0890061663840512,-0.082567673373912,0.00643849301013921,-0.083434624575461,0.00557154180859021,-0.000866951201549004,-0.000866951201549004,0
3,2,"RMST_diff","50_sites_x_100","moderate",50,100,0,1.92756947857927,1.77965777357649,-0.147911705002786,1.79839171677447,-0.129177761804804,0.0187339431979812,-0.0187339431979812,0
3,3,"RD","50_sites_x_100","moderate",50,100,0,-0.0890061663840512,-0.0826124261905951,0.00639374019345618,-0.0834876086619907,0.00551855772206056,-0.000875182471395619,-0.000875182471395619,0
3,3,"RMST_diff","50_sites_x_100","moderate",50,100,0,1.92756947857927,1.75606674455334,-0.171502734025939,1.77560488763129,-0.151964590947987,0.019538143077952,-0.019538143077952,0
3,4,"RD","50_sites_x_100","moderate",50,100,0,-0.0890061663840512,-0.0858493947799044,0.00315677160414685,-0.0871001456841214,0.00190602069992984,-0.001250750904217,-0.001250750904217,0
3,4,"RMST_diff","50_sites_x_100","moderate",50,100,0,1.92756947857927,1.78425557748935,-0.143313901089922,1.80874605642858,-0.118823422150696,0.0244904789392262,-0.0244904789392262,0
3,5,"RD","50_sites_x_100","moderate",50,100,0,-0.0890061663840512,-0.0901928240447183,-0.00118665766066706,-0.0921330327937299,-0.00312686640967863,-0.00194020874901157,0.00194020874901157,0
3,5,"RMST_diff","50_sites_x_100","moderate",50,100,0,1.92756947857927,1.86160579177227,-0.0659636868070024,1.8929173988429,-0.0346520797363716,0.0313116070706307,-0.0313116070706307,0
3,6,"RD","50_sites_x_100","moderate",50,100,0,-0.0890061663840512,-0.091443202706898,-0.00243703632284675,-0.0933207962802187,-0.00431462989616749,-0.00187759357332073,0.00187759357332073,0
3,6,"RMST_diff","50_sites_x_100","moderate",50,100,0,1.92756947857927,1.83392876914252,-0.0936407094367535,1.86367267279434,-0.0638968057849354,0.0297439036518181,-0.0297439036518181,0
3,7,"RD","50_sites_x_100","moderate",50,100,0,-0.0890061663840512,-0.0903355095890206,-0.00132934320496936,-0.0921734577033598,-0.0031672913193086,-0.00183794811433924,0.00183794811433924,0
3,7,"RMST_diff","50_sites_x_100","moderate",50,100,0,1.92756947857927,1.75483985247336,-0.172729626105918,1.78358725705585,-0.143982221523425,0.0287474045824929,-0.0287474045824929,0
3,8,"RD","50_sites_x_100","moderate",50,100,0,-0.0890061663840512,-0.0873110219304277,0.00169514445362351,-0.0892510544706402,-0.000244888086588957,-0.00194003254021247,-0.00145025636703455,0
3,8,"RMST_diff","50_sites_x_100","moderate",50,100,0,1.92756947857927,1.69184962687772,-0.235719851701553,1.7244333388623,-0.203136139716976,0.0325837119845769,-0.0325837119845769,0
3,9,"RD","50_sites_x_100","moderate",50,100,0,-0.0890061663840512,-0.0870299681360878,0.00197619824796347,-0.088682880570037,0.000323285814014196,-0.00165291243394927,-0.00165291243394927,0
3,9,"RMST_diff","50_sites_x_100","moderate",50,100,0,1.92756947857927,1.67049980980217,-0.257069668777104,1.7011114033982,-0.226458075181071,0.0306115935960332,-0.0306115935960332,0
3,10,"RD","50_sites_x_100","moderate",50,100,0,-0.0890061663840512,-0.0892634849335104,-0.000257318549459207,-0.0909216973159392,-0.00191553093188801,-0.0016582123824288,0.0016582123824288,0
3,10,"RMST_diff","50_sites_x_100","moderate",50,100,0,1.92756947857927,1.73156429856648,-0.196005180012799,1.76120123839913,-0.166368240180146,0.0296369398326526,-0.0296369398326526,0
3,11,"RD","50_sites_x_100","moderate",50,100,0,-0.0890061663840512,-0.0898618458682464,-0.000855679484195182,-0.0913200788116985,-0.00231391242764722,-0.00145823294345204,0.00145823294345204,0
3,11,"RMST_diff","50_sites_x_100","moderate",50,100,0,1.92756947857927,1.75650685038528,-0.171062628193992,1.78338253103552,-0.144186947543757,0.0268756806502353,-0.0268756806502353,0
3,12,"RD","50_sites_x_100","moderate",50,100,0,-0.0890061663840512,-0.0911871669503702,-0.00218100056631898,-0.0928945517266118,-0.00388838534256053,-0.00170738477624155,0.00170738477624155,0
3,12,"RMST_diff","50_sites_x_100","moderate",50,100,0,1.92756947857927,1.80451460005795,-0.123054878521325,1.83580325239405,-0.0917662261852268,0.031288652336098,-0.031288652336098,0
3,13,"RD","50_sites_x_100","moderate",50,100,0,-0.0890061663840512,-0.0928548247593327,-0.00384865837528148,-0.0940008139050689,-0.00499464752101764,-0.00114598914573616,0.00114598914573616,0
3,13,"RMST_diff","50_sites_x_100","moderate",50,100,0,1.92756947857927,1.80458826468152,-0.122981213897758,1.8277271309971,-0.0998423475821753,0.0231388663155823,-0.0231388663155823,0
3,14,"RD","50_sites_x_100","moderate",50,100,0,-0.0890061663840512,-0.0953371448836107,-0.00633097849955944,-0.0962487962927068,-0.00724262990865554,-0.000911651409096104,0.000911651409096104,0
3,14,"RMST_diff","50_sites_x_100","moderate",50,100,0,1.92756947857927,1.89038787724768,-0.0371816013315982,1.90788122097056,-0.019688257608717,0.0174933437228812,-0.0174933437228812,0
3,15,"RD","50_sites_x_100","moderate",50,100,0,-0.0890061663840512,-0.0988395263251407,-0.00983335994108947,-0.0998661740577982,-0.010860007673747,-0.00102664773265748,0.00102664773265748,0
3,15,"RMST_diff","50_sites_x_100","moderate",50,100,0,1.92756947857927,1.96205731186664,0.034487833287363,1.98192416576008,0.0543546871808047,0.0198668538934417,0.0198668538934417,0
3,16,"RD","50_sites_x_100","moderate",50,100,0,-0.0890061663840512,-0.100383641976356,-0.0113774755923048,-0.101304618683696,-0.0122984522996443,-0.000920976707339483,0.000920976707339483,0
3,16,"RMST_diff","50_sites_x_100","moderate",50,100,0,1.92756947857927,1.94820867965717,0.0206392010779002,1.96702824460768,0.0394587660284014,0.0188195649505012,0.0188195649505012,0
3,17,"RD","50_sites_x_100","moderate",50,100,0,-0.0890061663840512,-0.0946279365847674,-0.00562177020071619,-0.0937832214951807,-0.00477705511112947,0.000844715089586723,-0.000844715089586723,0
3,17,"RMST_diff","50_sites_x_100","moderate",50,100,0,1.92756947857927,1.83271616199119,-0.094853316588086,1.82684155717458,-0.100727921404696,-0.00587460481660962,0.00587460481660962,0
3,18,"RD","50_sites_x_100","moderate",50,100,0,-0.0890061663840512,-0.0973553020394698,-0.00834913565541862,-0.0965174976041123,-0.00751133122006109,0.000837804435357525,-0.000837804435357525,0
3,18,"RMST_diff","50_sites_x_100","moderate",50,100,0,1.92756947857927,1.84631491668287,-0.081254561896408,1.84273552769815,-0.0848339508811282,-0.00357938898472021,0.00357938898472021,0
3,19,"RD","50_sites_x_100","moderate",50,100,0,-0.0890061663840512,-0.0972383405651561,-0.00823217418110489,-0.0964340012599371,-0.00742783487588583,0.000804339305219059,-0.000804339305219059,0
3,19,"RMST_diff","50_sites_x_100","moderate",50,100,0,1.92756947857927,1.82957138739072,-0.0979980911885558,1.82637731089767,-0.101192167681607,-0.0031940764930507,0.0031940764930507,0
3,20,"RD","50_sites_x_100","moderate",50,100,0,-0.0890061663840512,-0.0956416652560074,-0.00663549887195614,-0.0949071265523055,-0.00590096016825425,0.000734538703701881,-0.000734538703701881,0
3,20,"RMST_diff","50_sites_x_100","moderate",50,100,0,1.92756947857927,1.83134653726169,-0.0962229413175848,1.83193222088416,-0.0956372576951132,0.000585683622471578,-0.000585683622471578,0
3,21,"RD","50_sites_x_100","moderate",50,100,0,-0.0890061663840512,-0.0944695692884459,-0.00546340290439462,-0.0936911098054968,-0.00468494342144554,0.000778459482949079,-0.000778459482949079,0
3,21,"RMST_diff","50_sites_x_100","moderate",50,100,0,1.92756947857927,1.80248382499074,-0.125085653588535,1.80454307003665,-0.123026408542627,0.00205924504590804,-0.00205924504590804,0
3,22,"RD","50_sites_x_100","moderate",50,100,0,-0.0890061663840512,-0.0946341977969556,-0.00562803141290436,-0.0939850323845468,-0.00497886600049557,0.000649165412408781,-0.000649165412408781,0
3,22,"RMST_diff","50_sites_x_100","moderate",50,100,0,1.92756947857927,1.83715882911506,-0.0904106494642178,1.84238746229021,-0.085182016289064,0.00522863317515387,-0.00522863317515387,0
3,23,"RD","50_sites_x_100","moderate",50,100,0,-0.0890061663840512,-0.0955363931953146,-0.00653022681126336,-0.0949013717941034,-0.00589520541005217,0.000635021401211189,-0.000635021401211189,0
3,23,"RMST_diff","50_sites_x_100","moderate",50,100,0,1.92756947857927,1.82820719289977,-0.099362285679506,1.83328572014501,-0.0942837584342637,0.00507852724524227,-0.00507852724524227,0
3,24,"RD","50_sites_x_100","moderate",50,100,0,-0.0890061663840512,-0.0967370152791167,-0.00773084889506548,-0.0955834785613545,-0.00657731217730328,0.00115353671776219,-0.00115353671776219,0
3,24,"RMST_diff","50_sites_x_100","moderate",50,100,0,1.92756947857927,1.87479941469877,-0.0527700638805069,1.87653664176633,-0.0510328368129453,0.00173722706756152,-0.00173722706756152,0
3,25,"RD","50_sites_x_100","moderate",50,100,0,-0.0890061663840512,-0.0941689054016864,-0.0051627390176352,-0.0930868338328324,-0.00408066744878122,0.00108207156885398,-0.00108207156885398,0
3,25,"RMST_diff","50_sites_x_100","moderate",50,100,0,1.92756947857927,1.83737106432967,-0.0901984142496008,1.84110314000634,-0.086466338572933,0.00373207567666789,-0.00373207567666789,0
3,26,"RD","50_sites_x_100","moderate",50,100,0,-0.0890061663840512,-0.0968086718009979,-0.00780250541694671,-0.09559954731723,-0.00659338093317874,0.00120912448376798,-0.00120912448376798,0
3,26,"RMST_diff","50_sites_x_100","moderate",50,100,0,1.92756947857927,1.93482158614606,0.00725210756678152,1.93726064716034,0.00969116858106744,0.00243906101428593,0.00243906101428593,0
3,27,"RD","50_sites_x_100","moderate",50,100,0,-0.0890061663840512,-0.096384424464363,-0.00737825808031178,-0.0956521752720236,-0.0066460088879724,0.000732249192339385,-0.000732249192339385,0
3,27,"RMST_diff","50_sites_x_100","moderate",50,100,0,1.92756947857927,1.91061249404986,-0.0169569845294184,1.91746688566901,-0.0101025929102612,0.00685439161915724,-0.00685439161915724,0
3,28,"RD","50_sites_x_100","moderate",50,100,0,-0.0890061663840512,-0.0980324715257765,-0.00902630514172531,-0.0972234045805759,-0.00821723819652465,0.000809066945200665,-0.000809066945200665,0
3,28,"RMST_diff","50_sites_x_100","moderate",50,100,0,1.92756947857927,1.95256483113969,0.0249953525604152,1.9599285047798,0.0323590262005258,0.00736367364011059,0.00736367364011059,0
3,29,"RD","50_sites_x_100","moderate",50,100,0,-0.0890061663840512,-0.0942987182711953,-0.00529255188714406,-0.0937043332425151,-0.00469816685846391,0.000594385028680144,-0.000594385028680144,0
3,29,"RMST_diff","50_sites_x_100","moderate",50,100,0,1.92756947857927,1.87732549729866,-0.0502439812806177,1.88787428295631,-0.0396951956229668,0.0105487856576509,-0.0105487856576509,0
3,30,"RD","50_sites_x_100","moderate",50,100,0,-0.0890061663840512,-0.10114602975355,-0.0121398633694992,-0.100301916039348,-0.0112957496552964,0.000844113714202788,-0.000844113714202788,0
3,30,"RMST_diff","50_sites_x_100","moderate",50,100,0,1.92756947857927,1.99075233610957,0.0631828575302986,1.9956761430577,0.0681066644784227,0.00492380694812411,0.00492380694812411,0
3,31,"RD","50_sites_x_100","moderate",50,100,0,-0.0890061663840512,-0.102316837570255,-0.0133106711862035,-0.101442135944184,-0.0124359695601333,0.000874701626070284,-0.000874701626070284,0
3,31,"RMST_diff","50_sites_x_100","moderate",50,100,0,1.92756947857927,1.9596052177855,0.0320357392062292,1.96364174958536,0.0360722710060823,0.00403653179985319,0.00403653179985319,0
3,32,"RD","50_sites_x_100","moderate",50,100,0,-0.0890061663840512,-0.0999242639365931,-0.0109180975525419,-0.0991909145636121,-0.0101847481795608,0.000733349372981085,-0.000733349372981085,0
3,32,"RMST_diff","50_sites_x_100","moderate",50,100,0,1.92756947857927,1.90519440981828,-0.0223750687609936,1.91045191294859,-0.0171175656306808,0.00525750313031281,-0.00525750313031281,0
3,33,"RD","50_sites_x_100","moderate",50,100,0,-0.0890061663840512,-0.101313255723315,-0.0123070893392637,-0.100690014882401,-0.01168384849835,0.000623240840913697,-0.000623240840913697,0
3,33,"RMST_diff","50_sites_x_100","moderate",50,100,0,1.92756947857927,1.94087029236527,0.0133008137859996,1.94577819562906,0.0182087170497862,0.00490790326378665,0.00490790326378665,0
3,34,"RD","50_sites_x_100","moderate",50,100,0,-0.0890061663840512,-0.0969797804850516,-0.00797361410100039,-0.0968224434381029,-0.00781627705405163,0.000157337046948758,-0.000157337046948758,0
3,34,"RMST_diff","50_sites_x_100","moderate",50,100,0,1.92756947857927,1.92316823293882,-0.00440124564045341,1.92830187325129,0.00073239467201347,0.00513364031246688,-0.00366885096843994,0
3,35,"RD","50_sites_x_100","moderate",50,100,0,-0.0890061663840512,-0.0931634387859068,-0.00415727240185559,-0.0929982981055376,-0.00399213172148638,0.000165140680369213,-0.000165140680369213,0
3,35,"RMST_diff","50_sites_x_100","moderate",50,100,0,1.92756947857927,1.86706956699181,-0.0604999115874669,1.87132851169735,-0.0562409668819264,0.00425894470554056,-0.00425894470554056,0
3,36,"RD","50_sites_x_100","moderate",50,100,0,-0.0890061663840512,-0.0959123456456791,-0.00690617926162784,-0.0969076240015143,-0.00790145761746308,-0.000995278355835238,0.000995278355835238,0
3,36,"RMST_diff","50_sites_x_100","moderate",50,100,0,1.92756947857927,1.91588157242896,-0.0116879061503106,1.93105953624084,0.00349005766156552,0.0151779638118761,-0.00819784848874505,0
3,37,"RD","50_sites_x_100","moderate",50,100,0,-0.0890061663840512,-0.0919208474257874,-0.0029146810417362,-0.0928836440069973,-0.0038774776229461,-0.000962796581209902,0.000962796581209902,0
3,37,"RMST_diff","50_sites_x_100","moderate",50,100,0,1.92756947857927,1.83917946958781,-0.0883900089914675,1.85383975565661,-0.0737297229226606,0.014660286068807,-0.014660286068807,0
3,38,"RD","50_sites_x_100","moderate",50,100,0,-0.0890061663840512,-0.0955448092519536,-0.0065386428679024,-0.0960811077253189,-0.00707494134126763,-0.000536298473365227,0.000536298473365227,0
3,38,"RMST_diff","50_sites_x_100","moderate",50,100,0,1.92756947857927,1.93403196225759,0.00646248367831603,1.93628689855153,0.00871741997225861,0.00225493629394258,0.00225493629394258,0
3,39,"RD","50_sites_x_100","moderate",50,100,0,-0.0890061663840512,-0.0958612214835196,-0.00685505509946838,-0.0964135756118,-0.00740740922774874,-0.000552354128280363,0.000552354128280363,0
3,39,"RMST_diff","50_sites_x_100","moderate",50,100,0,1.92756947857927,1.94635760407193,0.0187881254926605,1.94816321111074,0.0205937325314647,0.00180560703880417,0.00180560703880417,0
3,40,"RD","50_sites_x_100","moderate",50,100,0,-0.0890061663840512,-0.0967628975541263,-0.00775673117007503,-0.097248950683876,-0.00824278429982472,-0.000486053129749697,0.000486053129749697,0
3,40,"RMST_diff","50_sites_x_100","moderate",50,100,0,1.92756947857927,1.96326701450989,0.0356975359306126,1.96343400402056,0.0358645254412853,0.000166989510672622,0.000166989510672622,0
3,41,"RD","50_sites_x_100","moderate",50,100,0,-0.0890061663840512,-0.0956916075907045,-0.00668544120665326,-0.096314087251112,-0.00730792086706078,-0.000622479660407516,0.000622479660407516,0
3,41,"RMST_diff","50_sites_x_100","moderate",50,100,0,1.92756947857927,1.96811052217283,0.04054104359356,1.97025466334078,0.0426851847615062,0.00214414116794615,0.00214414116794615,0
3,42,"RD","50_sites_x_100","moderate",50,100,0,-0.0890061663840512,-0.0935745546057151,-0.00456838822166383,-0.0939239827396071,-0.00491781635555588,-0.000349428133892049,0.000349428133892049,0
3,42,"RMST_diff","50_sites_x_100","moderate",50,100,0,1.92756947857927,1.91185079360384,-0.0157186849754325,1.91164622325966,-0.0159232553196187,-0.000204570344186195,0.000204570344186195,0
3,43,"RD","50_sites_x_100","moderate",50,100,0,-0.0890061663840512,-0.0920741312028195,-0.00306796481876825,-0.0923848854278274,-0.00337871904377618,-0.000310754225007925,0.000310754225007925,0
3,43,"RMST_diff","50_sites_x_100","moderate",50,100,0,1.92756947857927,1.90360994921859,-0.0239595293606882,1.90219961130112,-0.0253698672781582,-0.00141033791746992,0.00141033791746992,0
3,44,"RD","50_sites_x_100","moderate",50,100,0,-0.0890061663840512,-0.0917301445130956,-0.00272397812904435,-0.0921005122323226,-0.0030943458482714,-0.000370367719227049,0.000370367719227049,0
3,44,"RMST_diff","50_sites_x_100","moderate",50,100,0,1.92756947857927,1.89133013082196,-0.0362393477573182,1.88915563142439,-0.0384138471548869,-0.00217449939756875,0.00217449939756875,0
3,45,"RD","50_sites_x_100","moderate",50,100,0,-0.0890061663840512,-0.0959602766203127,-0.00695411023626147,-0.0964792069569983,-0.00747304057294707,-0.000518930336685597,0.000518930336685597,0
3,45,"RMST_diff","50_sites_x_100","moderate",50,100,0,1.92756947857927,1.96011308453622,0.0325436059569455,1.96132113784743,0.0337516592681517,0.00120805331120621,0.00120805331120621,0
3,46,"RD","50_sites_x_100","moderate",50,100,0,-0.0890061663840512,-0.0958028016102035,-0.00679663522615226,-0.0965544713302904,-0.00754830494623915,-0.000751669720086889,0.000751669720086889,0
3,46,"RMST_diff","50_sites_x_100","moderate",50,100,0,1.92756947857927,1.9557274021671,0.0281579235878233,1.96138106420359,0.0338115856243189,0.00565366203649553,0.00565366203649553,0
3,47,"RD","50_sites_x_100","moderate",50,100,0,-0.0890061663840512,-0.0993470857859552,-0.010340919401904,-0.100083384651416,-0.0110772182673646,-0.000736298865460672,0.000736298865460672,0
3,47,"RMST_diff","50_sites_x_100","moderate",50,100,0,1.92756947857927,2.02054519743976,0.0929757188604832,2.0284381950497,0.100868716470426,0.00789299760994311,0.00789299760994311,0
3,48,"RD","50_sites_x_100","moderate",50,100,0,-0.0890061663840512,-0.100259951570016,-0.0112537851859648,-0.10147524665134,-0.0124690802672888,-0.00121529508132401,0.00121529508132401,0
3,48,"RMST_diff","50_sites_x_100","moderate",50,100,0,1.92756947857927,2.06564848183436,0.13807900325509,2.08392144398616,0.156351965406882,0.0182729621517925,0.0182729621517925,0
3,49,"RD","50_sites_x_100","moderate",50,100,0,-0.0890061663840512,-0.0965648619898392,-0.00755869560578792,-0.0976474926025976,-0.00864132621854641,-0.00108263061275848,0.00108263061275848,0
3,49,"RMST_diff","50_sites_x_100","moderate",50,100,0,1.92756947857927,2.00290888343286,0.0753394048535831,2.01803308384704,0.0904636052677628,0.0151242004141796,0.0151242004141796,0
3,50,"RD","50_sites_x_100","moderate",50,100,0,-0.0890061663840512,-0.0944513598383507,-0.0054451934542995,-0.0958644350413042,-0.00685826865725292,-0.00141307520295342,0.00141307520295342,0
3,50,"RMST_diff","50_sites_x_100","moderate",50,100,0,1.92756947857927,1.97053240289108,0.0429629243118104,1.99109294348245,0.063523464903172,0.0205605405913616,0.0205605405913616,0
3,51,"RD","50_sites_x_100","moderate",50,100,0,-0.0890061663840512,-0.0965316007329157,-0.00752543434886443,-0.0979516809763393,-0.0089455145922881,-0.00142008024342366,0.00142008024342366,0
3,51,"RMST_diff","50_sites_x_100","moderate",50,100,0,1.92756947857927,2.00769136309984,0.0801218845205671,2.02703674776626,0.099467269186988,0.0193453846664209,0.0193453846664209,0
3,52,"RD","50_sites_x_100","moderate",50,100,0,-0.0890061663840512,-0.091725978269001,-0.00271981188494974,-0.0932363520897297,-0.00423018570567846,-0.00151037382072872,0.00151037382072872,0
3,52,"RMST_diff","50_sites_x_100","moderate",50,100,0,1.92756947857927,1.97671422373395,0.049144745154674,1.99632331267121,0.0687538340919378,0.0196090889372638,0.0196090889372638,0
3,53,"RD","50_sites_x_100","moderate",50,100,0,-0.0890061663840512,-0.092812261502903,-0.00380609511885177,-0.0943319964724497,-0.00532583008839849,-0.00151973496954672,0.00151973496954672,0
3,53,"RMST_diff","50_sites_x_100","moderate",50,100,0,1.92756947857927,1.98043988444522,0.0528704058659457,1.99983581495673,0.07226633637746,0.0193959305115143,0.0193959305115143,0
3,54,"RD","50_sites_x_100","moderate",50,100,0,-0.0890061663840512,-0.0947777845041712,-0.00577161812011995,-0.0963078236284235,-0.00730165724437226,-0.00153003912425231,0.00153003912425231,0
3,54,"RMST_diff","50_sites_x_100","moderate",50,100,0,1.92756947857927,2.02681037575871,0.0992408971794383,2.04760818435349,0.12003870577422,0.0207978085947822,0.0207978085947822,0
3,55,"RD","50_sites_x_100","moderate",50,100,0,-0.0890061663840512,-0.0971611316668602,-0.00815496528280901,-0.0988839816916967,-0.00987781530764542,-0.00172285002483641,0.00172285002483641,0
3,55,"RMST_diff","50_sites_x_100","moderate",50,100,0,1.92756947857927,2.03346163962377,0.105892161044494,2.05860764819194,0.131038169612671,0.0251460085681767,0.0251460085681767,0
3,56,"RD","50_sites_x_100","moderate",50,100,0,-0.0890061663840512,-0.0981233195267027,-0.00911715314265149,-0.100186112090548,-0.0111799457064971,-0.00206279256384556,0.00206279256384556,0
3,56,"RMST_diff","50_sites_x_100","moderate",50,100,0,1.92756947857927,2.06826435538896,0.14069487680969,2.09742904479087,0.169859566211596,0.029164689401906,0.029164689401906,0
3,57,"RD","50_sites_x_100","moderate",50,100,0,-0.0890061663840512,-0.0975917169750702,-0.00858555059101895,-0.0996589848244372,-0.010652818440386,-0.00206726784936706,0.00206726784936706,0
3,57,"RMST_diff","50_sites_x_100","moderate",50,100,0,1.92756947857927,2.08615971373429,0.158590235155016,2.11457199875837,0.187002520179094,0.0284122850240784,0.0284122850240784,0
3,58,"RD","50_sites_x_100","moderate",50,100,0,-0.0890061663840512,-0.0978799022046214,-0.00887373582057016,-0.0999241265136249,-0.0109179601295737,-0.00204422430900353,0.00204422430900353,0
3,58,"RMST_diff","50_sites_x_100","moderate",50,100,0,1.92756947857927,2.07638265102603,0.148813172446758,2.10336828258166,0.175798804002389,0.0269856315556307,0.0269856315556307,0
3,59,"RD","50_sites_x_100","moderate",50,100,0,-0.0890061663840512,-0.0983977206323328,-0.00939155424828153,-0.0998553722927199,-0.0108492059086687,-0.00145765166038714,0.00145765166038714,0
3,59,"RMST_diff","50_sites_x_100","moderate",50,100,0,1.92756947857927,2.12207125485876,0.194501776279484,2.14027094709305,0.212701468513776,0.0181996922342922,0.0181996922342922,0
3,60,"RD","50_sites_x_100","moderate",50,100,0,-0.0890061663840512,-0.0997009162286862,-0.0106947498446349,-0.101290866164327,-0.0122846997802755,-0.00158994993564054,0.00158994993564054,0
3,60,"RMST_diff","50_sites_x_100","moderate",50,100,0,1.92756947857927,2.12217055525108,0.194601076671802,2.14389414509155,0.216324666512271,0.0217235898404695,0.0217235898404695,0
3,61,"RD","50_sites_x_100","moderate",50,100,0,-0.0890061663840512,-0.101268058235324,-0.012261891851273,-0.103082856528672,-0.0140766901446205,-0.00181479829334752,0.00181479829334752,0
3,61,"RMST_diff","50_sites_x_100","moderate",50,100,0,1.92756947857927,2.17192772201982,0.244358243440544,2.19936342123114,0.27179394265187,0.0274356992113258,0.0274356992113258,0
3,62,"RD","50_sites_x_100","moderate",50,100,0,-0.0890061663840512,-0.0987043012238531,-0.00969813483980186,-0.100155366145883,-0.0111491997618317,-0.00145106492202984,0.00145106492202984,0
3,62,"RMST_diff","50_sites_x_100","moderate",50,100,0,1.92756947857927,2.14651262204999,0.218943143470714,2.16893990749579,0.241370428916516,0.0224272854458025,0.0224272854458025,0
3,63,"RD","50_sites_x_100","moderate",50,100,0,-0.0890061663840512,-0.0959025860777649,-0.00689641969371368,-0.0976373581685621,-0.00863119178451088,-0.0017347720907972,0.0017347720907972,0
3,63,"RMST_diff","50_sites_x_100","moderate",50,100,0,1.92756947857927,2.14211562804719,0.214546149467918,2.16880618243819,0.241236703858915,0.0266905543909974,0.0266905543909974,0
3,64,"RD","50_sites_x_100","moderate",50,100,0,-0.0890061663840512,-0.0948649706664328,-0.00585880428238161,-0.0966874204125356,-0.00768125402848441,-0.00182244974610279,0.00182244974610279,0
3,64,"RMST_diff","50_sites_x_100","moderate",50,100,0,1.92756947857927,2.10621575874823,0.178646280168961,2.13446769451734,0.206898215938066,0.0282519357691058,0.0282519357691058,0
3,65,"RD","50_sites_x_100","moderate",50,100,0,-0.0890061663840512,-0.0887377997758018,0.000268366608249471,-0.0900290167976718,-0.0010228504136206,-0.00129121702187007,0.000754483805371131,0
3,65,"RMST_diff","50_sites_x_100","moderate",50,100,0,1.92756947857927,2.06811472780664,0.140545249227364,2.09119579153142,0.163626312952147,0.0230810637247831,0.0230810637247831,0
3,66,"RD","50_sites_x_100","moderate",50,100,0,-0.0890061663840512,-0.092152004940003,-0.00314583855595174,-0.0936746935038022,-0.00466852711975096,-0.00152268856379922,0.00152268856379922,0
3,66,"RMST_diff","50_sites_x_100","moderate",50,100,0,1.92756947857927,2.13731455659339,0.209745078014114,2.16355770144591,0.235988222866638,0.0262431448525238,0.0262431448525238,0
3,67,"RD","50_sites_x_100","moderate",50,100,0,-0.0890061663840512,-0.0933312344372816,-0.00432506805323041,-0.0948197952908365,-0.00581362890678527,-0.00148856085355487,0.00148856085355487,0
3,67,"RMST_diff","50_sites_x_100","moderate",50,100,0,1.92756947857927,2.20148463107258,0.273915152493304,2.22694910565785,0.299379627078572,0.0254644745852683,0.0254644745852683,0
3,68,"RD","50_sites_x_100","moderate",50,100,0,-0.0890061663840512,-0.0888926230753708,0.000113543308680408,-0.0905324283581287,-0.00152626197407746,-0.00163980528275787,0.00141271866539705,0
3,68,"RMST_diff","50_sites_x_100","moderate",50,100,0,1.92756947857927,2.12720387857591,0.199634399996638,2.15581249116881,0.228243012589532,0.0286086125928939,0.0286086125928939,0
3,69,"RD","50_sites_x_100","moderate",50,100,0,-0.0890061663840512,-0.0859958806463613,0.00301028573768991,-0.0876297435886317,0.0013764227954195,-0.00163386294227041,-0.00163386294227041,0
3,69,"RMST_diff","50_sites_x_100","moderate",50,100,0,1.92756947857927,2.12945411199783,0.201884633418556,2.15755783359548,0.229988355016209,0.0281037215976525,0.0281037215976525,0
3,70,"RD","50_sites_x_100","moderate",50,100,0,-0.0890061663840512,-0.0881436318461407,0.00086253453791052,-0.0898547307273782,-0.000848564343326919,-0.00171109888123744,-1.39701945836013e-05,0
3,70,"RMST_diff","50_sites_x_100","moderate",50,100,0,1.92756947857927,2.17166721386201,0.244097735282738,2.19988400785499,0.272314529275713,0.0282167939929749,0.0282167939929749,0
3,71,"RD","50_sites_x_100","moderate",50,100,0,-0.0890061663840512,-0.0906353195416256,-0.00162915315757439,-0.0923631821874413,-0.0033570158033901,-0.0017278626458157,0.0017278626458157,0
3,71,"RMST_diff","50_sites_x_100","moderate",50,100,0,1.92756947857927,2.1965182617887,0.268948783209424,2.2244622603546,0.296892781775322,0.0279439985658971,0.0279439985658971,0
3,72,"RD","50_sites_x_100","moderate",50,100,0,-0.0890061663840512,-0.0948859558879886,-0.00587978950393742,-0.0965020280272275,-0.00749586164317628,-0.00161607213923887,0.00161607213923887,0
3,72,"RMST_diff","50_sites_x_100","moderate",50,100,0,1.92756947857927,2.27697764043312,0.349408161853843,2.3018124403964,0.374242961817126,0.0248347999632834,0.0248347999632834,0
3,73,"RD","50_sites_x_100","moderate",50,100,0,-0.0890061663840512,-0.0941960316366161,-0.00518986525256482,-0.0957468875699264,-0.00674072118587521,-0.00155085593331039,0.00155085593331039,0
3,73,"RMST_diff","50_sites_x_100","moderate",50,100,0,1.92756947857927,2.3110517722745,0.383482293695231,2.33580414598762,0.408234667408349,0.0247523737131186,0.0247523737131186,0
3,74,"RD","50_sites_x_100","moderate",50,100,0,-0.0890061663840512,-0.0877476080855913,0.00125855829845989,-0.0894112016777763,-0.000405035293725042,-0.00166359359218493,-0.000853523004734846,0
3,74,"RMST_diff","50_sites_x_100","moderate",50,100,0,1.92756947857927,2.22676756550054,0.299198086921271,2.25319641866858,0.325626940089307,0.0264288531680368,0.0264288531680368,0
3,75,"RD","50_sites_x_100","moderate",50,100,0,-0.0890061663840512,-0.0867324612193437,0.00227370516470748,-0.0885575509743766,0.000448615409674669,-0.00182508975503282,-0.00182508975503282,0
3,75,"RMST_diff","50_sites_x_100","moderate",50,100,0,1.92756947857927,2.24293028100327,0.315360802423992,2.27026983842969,0.342700359850411,0.0273395574264192,0.0273395574264192,0
3,76,"RD","50_sites_x_100","moderate",50,100,0,-0.0890061663840512,-0.0877293792084151,0.00127678717563617,-0.089494941303353,-0.000488774919301771,-0.00176556209493794,-0.000788012256334403,0
3,76,"RMST_diff","50_sites_x_100","moderate",50,100,0,1.92756947857927,2.2074557897927,0.279886311213424,2.23170710437205,0.304137625792778,0.0242513145793541,0.0242513145793541,0
3,77,"RD","50_sites_x_100","moderate",50,100,0,-0.0890061663840512,-0.0832140111034598,0.0057921552805914,-0.0845908459551802,0.00441532042887105,-0.00137683485172035,-0.00137683485172035,0
3,77,"RMST_diff","50_sites_x_100","moderate",50,100,0,1.92756947857927,2.1653397899631,0.237770311383825,2.18706441875583,0.259494940176552,0.0217246287927271,0.0217246287927271,0
3,78,"RD","50_sites_x_100","moderate",50,100,0,-0.0890061663840512,-0.0838076405493382,0.00519852583471303,-0.0851944285116371,0.00381173787241418,-0.00138678796229885,-0.00138678796229885,0
3,78,"RMST_diff","50_sites_x_100","moderate",50,100,0,1.92756947857927,2.15866589438607,0.231096415806796,2.17970047612005,0.252130997540771,0.021034581733975,0.021034581733975,0
3,79,"RD","50_sites_x_100","moderate",50,100,0,-0.0890061663840512,-0.0884002769344187,0.00060588944963258,-0.0898504142701789,-0.000844247886127691,-0.00145013733576027,0.000238358436495112,0
3,79,"RMST_diff","50_sites_x_100","moderate",50,100,0,1.92756947857927,2.2403804638484,0.312810985269122,2.26215357053225,0.334584091952976,0.0217731066838542,0.0217731066838542,0
3,80,"RD","50_sites_x_100","moderate",50,100,0,-0.0890061663840512,-0.0871066720094044,0.00189949437464687,-0.0882272690092903,0.00077889737476089,-0.00112059699988598,-0.00112059699988598,0
3,80,"RMST_diff","50_sites_x_100","moderate",50,100,0,1.92756947857927,2.27159586987164,0.344026391292363,2.29306263154237,0.365493152963099,0.0214667616707356,0.0214667616707356,0
3,81,"RD","50_sites_x_100","moderate",50,100,0,-0.0890061663840512,-0.088102600369249,0.000903566014802237,-0.0891322452265588,-0.000126078842507593,-0.00102964485730983,-0.000777487172294644,0
3,81,"RMST_diff","50_sites_x_100","moderate",50,100,0,1.92756947857927,2.30138084977569,0.373811371196412,2.32362081420284,0.396051335623566,0.022239964427154,0.022239964427154,0
3,82,"RD","50_sites_x_100","moderate",50,100,0,-0.0890061663840512,-0.0901770907448418,-0.00117092436079058,-0.0910205689613189,-0.0020144025772677,-0.000843478216477123,0.000843478216477123,0
3,82,"RMST_diff","50_sites_x_100","moderate",50,100,0,1.92756947857927,2.33608652060883,0.40851704202956,2.35739584227276,0.429826363693484,0.0213093216639244,0.0213093216639244,0
3,83,"RD","50_sites_x_100","moderate",50,100,0,-0.0890061663840512,-0.0888221232142576,0.000184043169793591,-0.0898165259400721,-0.000810359556020823,-0.000994402725814414,0.000626316386227233,0
3,83,"RMST_diff","50_sites_x_100","moderate",50,100,0,1.92756947857927,2.31349760569409,0.38592812711482,2.33576421891843,0.408194740339155,0.0222666132243354,0.0222666132243354,0
3,84,"RD","50_sites_x_100","moderate",50,100,0,-0.0890061663840512,-0.0901012797246901,-0.00109511334063883,-0.0911364874899229,-0.00213032110587164,-0.0010352077652328,0.0010352077652328,0
3,84,"RMST_diff","50_sites_x_100","moderate",50,100,0,1.92756947857927,2.30996516388409,0.382395685304813,2.33603136142406,0.40846188284479,0.0260661975399774,0.0260661975399774,0
3,85,"RD","50_sites_x_100","moderate",50,100,0,-0.0890061663840512,-0.094002243273983,-0.00499607688993176,-0.0948492042173412,-0.00584303783328999,-0.000846960943358233,0.000846960943358233,0
3,85,"RMST_diff","50_sites_x_100","moderate",50,100,0,1.92756947857927,2.36426386167615,0.436694383096873,2.38877876142064,0.461209282841361,0.0245148997444886,0.0245148997444886,0
3,86,"RD","50_sites_x_100","moderate",50,100,0,-0.0890061663840512,-0.0998047432974667,-0.0107985769134155,-0.100814022108597,-0.0118078557245459,-0.00100927881113044,0.00100927881113044,0
3,86,"RMST_diff","50_sites_x_100","moderate",50,100,0,1.92756947857927,2.41496647501535,0.487396996436077,2.44132580895665,0.513756330377372,0.0263593339412953,0.0263593339412953,0
3,87,"RD","50_sites_x_100","moderate",50,100,0,-0.0890061663840512,-0.106178349911293,-0.0171721835272415,-0.107351007467488,-0.0183448410834367,-0.00117265755619522,0.00117265755619522,0
3,87,"RMST_diff","50_sites_x_100","moderate",50,100,0,1.92756947857927,2.51652096396608,0.58895148538681,2.54611094333392,0.618541464754642,0.0295899793678327,0.0295899793678327,0
3,88,"RD","50_sites_x_100","moderate",50,100,0,-0.0890061663840512,-0.103741037591056,-0.014734871207005,-0.105352317969227,-0.0163461515851756,-0.0016112803781706,0.0016112803781706,0
3,88,"RMST_diff","50_sites_x_100","moderate",50,100,0,1.92756947857927,2.44077574331257,0.513206264733292,2.48153751010548,0.553968031526203,0.0407617667929117,0.0407617667929117,0
3,89,"RD","50_sites_x_100","moderate",50,100,0,-0.0890061663840512,-0.106307821526375,-0.0173016551423236,-0.107961933968436,-0.0189557675843851,-0.00165411244206148,0.00165411244206148,0
3,89,"RMST_diff","50_sites_x_100","moderate",50,100,0,1.92756947857927,2.48864572232177,0.561076243742495,2.53061488154552,0.60304540296625,0.0419691592237559,0.0419691592237559,0
3,90,"RD","50_sites_x_100","moderate",50,100,0,-0.0890061663840512,-0.106375678491911,-0.0173695121078593,-0.107935724273374,-0.0189295578893223,-0.00156004578146296,0.00156004578146296,0
3,90,"RMST_diff","50_sites_x_100","moderate",50,100,0,1.92756947857927,2.47643237750122,0.548862898921941,2.51611602501009,0.588546546430816,0.0396836475088751,0.0396836475088751,0
3,91,"RD","50_sites_x_100","moderate",50,100,0,-0.0890061663840512,-0.104572289238926,-0.0155661228548746,-0.106181096110387,-0.0171749297263359,-0.00160880687146137,0.00160880687146137,0
3,91,"RMST_diff","50_sites_x_100","moderate",50,100,0,1.92756947857927,2.47408681485991,0.546517336280637,2.51421872871856,0.58664925013929,0.0401319138586533,0.0401319138586533,0
3,92,"RD","50_sites_x_100","moderate",50,100,0,-0.0890061663840512,-0.107287308438842,-0.0182811420547908,-0.1091566043339,-0.0201504379498487,-0.00186929589505791,0.00186929589505791,0
3,92,"RMST_diff","50_sites_x_100","moderate",50,100,0,1.92756947857927,2.4732561713773,0.545686692798023,2.51581179276004,0.588242314180766,0.0425556213827427,0.0425556213827427,0
3,93,"RD","50_sites_x_100","moderate",50,100,0,-0.0890061663840512,-0.105384496140364,-0.0163783297563125,-0.10730182789731,-0.0182956615132583,-0.00191733175694586,0.00191733175694586,0
3,93,"RMST_diff","50_sites_x_100","moderate",50,100,0,1.92756947857927,2.42990790977552,0.502338431196243,2.47243070944587,0.5448612308666,0.0425227996703565,0.0425227996703565,0
3,94,"RD","50_sites_x_100","moderate",50,100,0,-0.0890061663840512,-0.102758164323877,-0.0137519979398253,-0.10455057442136,-0.0155444080373087,-0.00179241009748343,0.00179241009748343,0
3,94,"RMST_diff","50_sites_x_100","moderate",50,100,0,1.92756947857927,2.38923533645486,0.461665857875582,2.42914327032855,0.501573791749273,0.0399079338736907,0.0399079338736907,0
3,95,"RD","50_sites_x_100","moderate",50,100,0,-0.0890061663840512,-0.0975969048111819,-0.00859073842713065,-0.099229816444642,-0.0102236500605908,-0.00163291163346013,0.00163291163346013,0
3,95,"RMST_diff","50_sites_x_100","moderate",50,100,0,1.92756947857927,2.35571761611424,0.428148137534961,2.39405764890841,0.466488170329134,0.0383400327941725,0.0383400327941725,0
3,96,"RD","50_sites_x_100","moderate",50,100,0,-0.0890061663840512,-0.0948409907822505,-0.00583482439819927,-0.0963977506480058,-0.00739158426395459,-0.00155675986575532,0.00155675986575532,0
3,96,"RMST_diff","50_sites_x_100","moderate",50,100,0,1.92756947857927,2.29996555709928,0.372396078520005,2.33827569019619,0.410706211616919,0.038310133096914,0.038310133096914,0
3,97,"RD","50_sites_x_100","moderate",50,100,0,-0.0890061663840512,-0.0953718854950723,-0.00636571911102102,-0.0970669854110707,-0.00806081902701949,-0.00169509991599848,0.00169509991599848,0
3,97,"RMST_diff","50_sites_x_100","moderate",50,100,0,1.92756947857927,2.32413937554472,0.396569896965442,2.362577129025,0.435007650445726,0.0384377534802844,0.0384377534802844,0
3,98,"RD","50_sites_x_100","moderate",50,100,0,-0.0890061663840512,-0.0956267588655805,-0.00662059248152924,-0.0969590736228187,-0.00795290723876751,-0.00133231475723827,0.00133231475723827,0
3,98,"RMST_diff","50_sites_x_100","moderate",50,100,0,1.92756947857927,2.32039821369686,0.392828735117588,2.34980806324467,0.422238584665392,0.0294098495478039,0.0294098495478039,0
3,99,"RD","50_sites_x_100","moderate",50,100,0,-0.0890061663840512,-0.0948155054678005,-0.00580933908374925,-0.0957681360960349,-0.00676196971198362,-0.000952630628234363,0.000952630628234363,0
3,99,"RMST_diff","50_sites_x_100","moderate",50,100,0,1.92756947857927,2.31460481180735,0.387035333228074,2.33790890289705,0.410339424317772,0.0233040910896989,0.0233040910896989,0
3,100,"RD","50_sites_x_100","moderate",50,100,0,-0.0890061663840512,-0.0928694433820708,-0.00386327699801958,-0.0938847384319298,-0.00487857204787856,-0.00101529504985898,0.00101529504985898,0
3,100,"RMST_diff","50_sites_x_100","moderate",50,100,0,1.92756947857927,2.30703860904152,0.379469130462248,2.33007417263618,0.402504694056908,0.0230355635946609,0.0230355635946609,0
3,101,"RD","50_sites_x_100","moderate",50,100,0,-0.0890061663840512,-0.0894119196780202,-0.000405753293968969,-0.0903847302999731,-0.00137856391592184,-0.000972810621952869,0.000972810621952869,0
3,101,"RMST_diff","50_sites_x_100","moderate",50,100,0,1.92756947857927,2.25079061768869,0.323221139109419,2.27534492088081,0.347775442301533,0.0245543031921134,0.0245543031921134,0
3,102,"RD","50_sites_x_100","moderate",50,100,0,-0.0890061663840512,-0.0909776509793804,-0.00197148459532914,-0.0919711045539108,-0.00296493816985954,-0.000993453574530401,0.000993453574530401,0
3,102,"RMST_diff","50_sites_x_100","moderate",50,100,0,1.92756947857927,2.26145631958051,0.333886841001236,2.28621933129229,0.35864985271302,0.0247630117117836,0.0247630117117836,0
3,103,"RD","50_sites_x_100","moderate",50,100,0,-0.0890061663840512,-0.0912817245550483,-0.00227555817099712,-0.0922660168315804,-0.00325985044752919,-0.000984292276532073,0.000984292276532073,0
3,103,"RMST_diff","50_sites_x_100","moderate",50,100,0,1.92756947857927,2.28062260439361,0.353053125814332,2.30508465001417,0.377515171434895,0.0244620456205631,0.0244620456205631,0
3,104,"RD","50_sites_x_100","moderate",50,100,0,-0.0890061663840512,-0.0891907798918836,-0.000184613507832387,-0.0901185887748414,-0.00111242239079012,-0.000927808882957737,0.000927808882957737,0
3,104,"RMST_diff","50_sites_x_100","moderate",50,100,0,1.92756947857927,2.24035652368772,0.312787045108442,2.26398428150771,0.33641480292844,0.0236277578199982,0.0236277578199982,0
3,105,"RD","50_sites_x_100","moderate",50,100,0,-0.0890061663840512,-0.0844227272461889,0.0045834391378623,-0.0851695954853273,0.00383657089872391,-0.000746868239138387,-0.000746868239138387,0
3,105,"RMST_diff","50_sites_x_100","moderate",50,100,0,1.92756947857927,2.15643380660668,0.228864328027406,2.17873142375423,0.251161945174957,0.0222976171475509,0.0222976171475509,0
3,106,"RD","50_sites_x_100","moderate",50,100,0,-0.0890061663840512,-0.0819565391419997,0.00704962724205149,-0.0824201737295016,0.00658599265454962,-0.000463634587501871,-0.000463634587501871,0
3,106,"RMST_diff","50_sites_x_100","moderate",50,100,0,1.92756947857927,2.14580367240527,0.218234193826,2.16547539304632,0.237905914467044,0.0196717206410444,0.0196717206410444,0
3,107,"RD","50_sites_x_100","moderate",50,100,0,-0.0890061663840512,-0.0808791270897792,0.00812703929427205,-0.0815456699162231,0.00746049646782809,-0.000666542826443961,-0.000666542826443961,0
3,107,"RMST_diff","50_sites_x_100","moderate",50,100,0,1.92756947857927,2.16380041178418,0.236230933204904,2.18221318123713,0.254643702657861,0.0184127694529561,0.0184127694529561,0
3,108,"RD","50_sites_x_100","moderate",50,100,0,-0.0890061663840512,-0.0804434899607795,0.00856267642327169,-0.0810756182629577,0.00793054812109351,-0.000632128302178181,-0.000632128302178181,0
3,108,"RMST_diff","50_sites_x_100","moderate",50,100,0,1.92756947857927,2.16645632444588,0.238886845866604,2.18380089763836,0.256231419059089,0.0173445731924851,0.0173445731924851,0
3,109,"RD","50_sites_x_100","moderate",50,100,0,-0.0890061663840512,-0.0828963057972416,0.00610986058680962,-0.0838625139426753,0.00514365244137593,-0.000966208145433689,-0.000966208145433689,0
3,109,"RMST_diff","50_sites_x_100","moderate",50,100,0,1.92756947857927,2.15528858867193,0.227719110092654,2.17562214362786,0.248052665048583,0.0203335549559291,0.0203335549559291,0
3,110,"RD","50_sites_x_100","moderate",50,100,0,-0.0890061663840512,-0.0785363749998008,0.0104697913842504,-0.0792847217704217,0.00972144461362956,-0.000748346770620856,-0.000748346770620856,0
3,110,"RMST_diff","50_sites_x_100","moderate",50,100,0,1.92756947857927,2.09526179126847,0.167692312689198,2.11299277639047,0.1854232978112,0.017730985122002,0.017730985122002,0
3,111,"RD","50_sites_x_100","moderate",50,100,0,-0.0890061663840512,-0.0764927210941563,0.012513445289895,-0.0772649501791576,0.0117412162048937,-0.000772229085001297,-0.000772229085001297,0
3,111,"RMST_diff","50_sites_x_100","moderate",50,100,0,1.92756947857927,2.06201093175829,0.134441453179011,2.08023363561406,0.152664157034788,0.018222703855777,0.018222703855777,0
3,112,"RD","50_sites_x_100","moderate",50,100,0,-0.0890061663840512,-0.0784159908558615,0.0105901755281897,-0.0791516499015797,0.00985451648247149,-0.000735659045718262,-0.000735659045718262,0
3,112,"RMST_diff","50_sites_x_100","moderate",50,100,0,1.92756947857927,2.08982266300879,0.162253184429511,2.10714471853167,0.179575239952394,0.0173220555228824,0.0173220555228824,0
3,113,"RD","50_sites_x_100","moderate",50,100,0,-0.0890061663840512,-0.0782477543617074,0.0107584120223438,-0.0790377895530274,0.00996837683102381,-0.000790035191320038,-0.000790035191320038,0
3,113,"RMST_diff","50_sites_x_100","moderate",50,100,0,1.92756947857927,2.08819080342757,0.160621324848295,2.10552187647619,0.17795239789692,0.0173310730486254,0.0173310730486254,0
3,114,"RD","50_sites_x_100","moderate",50,100,0,-0.0890061663840512,-0.0778323504647764,0.0111738159192748,-0.0783422046643155,0.0106639617197357,-0.000509854199539084,-0.000509854199539084,0
3,114,"RMST_diff","50_sites_x_100","moderate",50,100,0,1.92756947857927,2.07654188502294,0.14897240644367,2.08695682616502,0.159387347585749,0.0104149411420789,0.0104149411420789,0
3,115,"RD","50_sites_x_100","moderate",50,100,0,-0.0890061663840512,-0.0809493140457,0.00805685233835118,-0.081980447198813,0.0070257191852382,-0.00103113315311298,-0.00103113315311298,0
3,115,"RMST_diff","50_sites_x_100","moderate",50,100,0,1.92756947857927,2.09593940317483,0.168369924595556,2.1107236770117,0.183154198432428,0.014784273836872,0.014784273836872,0
3,116,"RD","50_sites_x_100","moderate",50,100,0,-0.0890061663840512,-0.0765865443848088,0.0124196219992424,-0.0774877260374914,0.0115184403465598,-0.000901181652682603,-0.000901181652682603,0
3,116,"RMST_diff","50_sites_x_100","moderate",50,100,0,1.92756947857927,2.05134311422321,0.123773635643939,2.0639416289081,0.136372150328828,0.012598514684889,0.012598514684889,0
3,117,"RD","50_sites_x_100","moderate",50,100,0,-0.0890061663840512,-0.0749169026710157,0.0140892637130355,-0.0759555869499066,0.0130505794341447,-0.00103868427889087,-0.00103868427889087,0
3,117,"RMST_diff","50_sites_x_100","moderate",50,100,0,1.92756947857927,2.02456962541381,0.0970001468345334,2.0388760101923,0.111306531613023,0.0143063847784894,0.0143063847784894,0
3,118,"RD","50_sites_x_100","moderate",50,100,0,-0.0890061663840512,-0.0781485873763423,0.0108575790077089,-0.0790245502156762,0.00998161616837501,-0.000875962839333888,-0.000875962839333888,0
3,118,"RMST_diff","50_sites_x_100","moderate",50,100,0,1.92756947857927,2.10146864067773,0.17389916209846,2.10937101757344,0.181801538994165,0.00790237689570539,0.00790237689570539,0
3,119,"RD","50_sites_x_100","moderate",50,100,0,-0.0890061663840512,-0.07582462126324,0.0131815451208113,-0.0767574544439359,0.0122487119401153,-0.000932833180695924,-0.000932833180695924,0
3,119,"RMST_diff","50_sites_x_100","moderate",50,100,0,1.92756947857927,2.06834488717608,0.140775408596802,2.07795810865628,0.150388630077009,0.00961322148020649,0.00961322148020649,0
3,120,"RD","50_sites_x_100","moderate",50,100,0,-0.0890061663840512,-0.0748133687395144,0.0141927976445368,-0.0755012438858009,0.0135049224982503,-0.000687875146286543,-0.000687875146286543,0
3,120,"RMST_diff","50_sites_x_100","moderate",50,100,0,1.92756947857927,2.03260363585987,0.105034157280599,2.03805820689797,0.110488728318693,0.00545457103809355,0.00545457103809355,0
3,121,"RD","50_sites_x_100","moderate",50,100,0,-0.0890061663840512,-0.0763746278919029,0.0126315384921484,-0.0772413244338149,0.0117648419502363,-0.000866696541912071,-0.000866696541912071,0
3,121,"RMST_diff","50_sites_x_100","moderate",50,100,0,1.92756947857927,2.0281549925422,0.100585513962926,2.03747505423555,0.109905575656274,0.00932006169334798,0.00932006169334798,0
3,122,"RD","50_sites_x_100","moderate",50,100,0,-0.0890061663840512,-0.0744242495408437,0.0145819168432075,-0.0754470418607239,0.0135591245233273,-0.00102279231988023,-0.00102279231988023,0
3,122,"RMST_diff","50_sites_x_100","moderate",50,100,0,1.92756947857927,1.99004324144164,0.0624737628623642,2.00126463864563,0.0736951600663591,0.011221397203995,0.011221397203995,0
3,123,"RD","50_sites_x_100","moderate",50,100,0,-0.0890061663840512,-0.0741084070822781,0.0148977593017732,-0.0751515408688705,0.0138546255151807,-0.00104313378659249,-0.00104313378659249,0
3,123,"RMST_diff","50_sites_x_100","moderate",50,100,0,1.92756947857927,1.9630544510676,0.0354849724883302,1.97529519306824,0.0477257144889673,0.0122407420006372,0.0122407420006372,0
3,124,"RD","50_sites_x_100","moderate",50,100,0,-0.0890061663840512,-0.0776631062486105,0.0113430601354407,-0.0785932373588238,0.0104129290252274,-0.000930131110213339,-0.000930131110213339,0
3,124,"RMST_diff","50_sites_x_100","moderate",50,100,0,1.92756947857927,2.00783387792198,0.0802643993427061,2.01907704105462,0.0915075624753428,0.0112431631326366,0.0112431631326366,0
3,125,"RD","50_sites_x_100","moderate",50,100,0,-0.0890061663840512,-0.0781331765550982,0.010872989828953,-0.078900137445169,0.0101060289388822,-0.000766960890070778,-0.000766960890070778,0
3,125,"RMST_diff","50_sites_x_100","moderate",50,100,0,1.92756947857927,1.99777748295403,0.0702080043747539,2.00710034957497,0.0795308709956934,0.00932286662093951,0.00932286662093951,0
3,126,"RD","50_sites_x_100","moderate",50,100,0,-0.0890061663840512,-0.0766576191506267,0.0123485472334245,-0.0776442842640135,0.0113618821200377,-0.000986665113386742,-0.000986665113386742,0
3,126,"RMST_diff","50_sites_x_100","moderate",50,100,0,1.92756947857927,1.98203685686145,0.0544673782821725,1.99345882069522,0.0658893421159465,0.011421963833774,0.011421963833774,0
3,127,"RD","50_sites_x_100","moderate",50,100,0,-0.0890061663840512,-0.0790344513148508,0.00997171506920047,-0.0799880776974369,0.00901808868661436,-0.000953626382586115,-0.000953626382586115,0
3,127,"RMST_diff","50_sites_x_100","moderate",50,100,0,1.92756947857927,2.0399461891656,0.112376710586322,2.05027814155118,0.122708662971903,0.0103319523855809,0.0103319523855809,0
3,128,"RD","50_sites_x_100","moderate",50,100,0,-0.0890061663840512,-0.077967460872711,0.0110387055113402,-0.0789433227633864,0.0100628436206648,-0.000975861890675445,-0.000975861890675445,0
3,128,"RMST_diff","50_sites_x_100","moderate",50,100,0,1.92756947857927,2.00480076624133,0.0772312876620589,2.01613459460414,0.0885651160248653,0.0113338283628064,0.0113338283628064,0
3,129,"RD","50_sites_x_100","moderate",50,100,0,-0.0890061663840512,-0.0738543899952891,0.0151517763887621,-0.0747870282777588,0.0142191381062924,-0.0009326382824697,-0.0009326382824697,0
3,129,"RMST_diff","50_sites_x_100","moderate",50,100,0,1.92756947857927,1.95402829084883,0.0264588122695564,1.9636504599549,0.036080981375628,0.00962216910607161,0.00962216910607161,0
3,130,"RD","50_sites_x_100","moderate",50,100,0,-0.0890061663840512,-0.0745938343142205,0.0144123320698307,-0.0751589442583287,0.0138472221257225,-0.000565109944108189,-0.000565109944108189,0
3,130,"RMST_diff","50_sites_x_100","moderate",50,100,0,1.92756947857927,1.91245838539123,-0.0151110931880485,1.91467359682873,-0.0128958817505449,0.00221521143750358,-0.00221521143750358,0
3,131,"RD","50_sites_x_100","moderate",50,100,0,-0.0890061663840512,-0.0736181601279071,0.0153880062561441,-0.0741163655589983,0.014889800825053,-0.000498205431091137,-0.000498205431091137,0
3,131,"RMST_diff","50_sites_x_100","moderate",50,100,0,1.92756947857927,1.88732995751716,-0.0402395210621123,1.88698638166091,-0.0405830969183612,-0.00034357585624889,0.00034357585624889,0
3,132,"RD","50_sites_x_100","moderate",50,100,0,-0.0890061663840512,-0.0801287196318348,0.00887744675221647,-0.0805258211591566,0.0084803452248946,-0.000397101527321864,-0.000397101527321864,0
3,132,"RMST_diff","50_sites_x_100","moderate",50,100,0,1.92756947857927,1.92846626737902,0.000896788799744641,1.92609560344524,-0.0014738751340353,-0.00237066393377994,0.000577086334290655,0
3,133,"RD","50_sites_x_100","moderate",50,100,0,-0.0890061663840512,-0.0805205328124715,0.00848563357157972,-0.0806498846525097,0.00835628173154157,-0.00012935184003815,-0.00012935184003815,0
3,133,"RMST_diff","50_sites_x_100","moderate",50,100,0,1.92756947857927,1.95423856547401,0.026669086894735,1.9471380350917,0.0195685565124233,-0.00710053038231173,-0.00710053038231173,0
3,134,"RD","50_sites_x_100","moderate",50,100,0,-0.0890061663840512,-0.0795781628533642,0.00942800353068707,-0.0798990490597391,0.00910711732431213,-0.000320886206374937,-0.000320886206374937,0
3,134,"RMST_diff","50_sites_x_100","moderate",50,100,0,1.92756947857927,1.96476456777676,0.0371950891974819,1.95982689566372,0.0322574170844412,-0.00493767211304075,-0.00493767211304075,0
3,135,"RD","50_sites_x_100","moderate",50,100,0,-0.0890061663840512,-0.0752941357095863,0.0137120306744649,-0.0757926882897468,0.0132134780943044,-0.000498552580160516,-0.000498552580160516,0
3,135,"RMST_diff","50_sites_x_100","moderate",50,100,0,1.92756947857927,1.9465453863402,0.0189759077609288,1.94490337469849,0.0173338961192169,-0.00164201164171196,-0.00164201164171196,0
3,136,"RD","50_sites_x_100","moderate",50,100,0,-0.0890061663840512,-0.0724352056794967,0.0165709607045545,-0.0728587115562933,0.0161474548277579,-0.000423505876796626,-0.000423505876796626,0
3,136,"RMST_diff","50_sites_x_100","moderate",50,100,0,1.92756947857927,1.91268540300169,-0.0148840755775836,1.91203935213952,-0.0155301264397547,-0.000646050862171066,0.000646050862171066,0
3,137,"RD","50_sites_x_100","moderate",50,100,0,-0.0890061663840512,-0.0718331480930674,0.0171730182909838,-0.0719774636771536,0.0170287027068976,-0.00014431558408623,-0.00014431558408623,0
3,137,"RMST_diff","50_sites_x_100","moderate",50,100,0,1.92756947857927,1.90677936190123,-0.0207901166780466,1.90008153899953,-0.0274879395797427,-0.00669782290169607,0.00669782290169607,0
3,138,"RD","50_sites_x_100","moderate",50,100,0,-0.0890061663840512,-0.0708351992429842,0.018170967141067,-0.0709835103803456,0.0180226560037057,-0.000148311137361357,-0.000148311137361357,0
3,138,"RMST_diff","50_sites_x_100","moderate",50,100,0,1.92756947857927,1.934991023992,0.0074215454127291,1.92813813868084,0.000568660101562202,-0.0068528853111669,-0.0068528853111669,0
3,139,"RD","50_sites_x_100","moderate",50,100,0,-0.0890061663840512,-0.0652378407961018,0.0237683255879494,-0.0654170181337551,0.0235891482502961,-0.000179177337653269,-0.000179177337653269,0
3,139,"RMST_diff","50_sites_x_100","moderate",50,100,0,1.92756947857927,1.80715836578865,-0.120411112790622,1.80207178321086,-0.125497695368413,-0.00508658257779082,0.00508658257779082,0
3,140,"RD","50_sites_x_100","moderate",50,100,0,-0.0890061663840512,-0.0656809347946348,0.0233252315894165,-0.065906582239058,0.0230995841449932,-0.000225647444423216,-0.000225647444423216,0
3,140,"RMST_diff","50_sites_x_100","moderate",50,100,0,1.92756947857927,1.8043569573085,-0.123212521270769,1.80126909524207,-0.126300383337201,-0.00308786206643141,0.00308786206643141,0
3,141,"RD","50_sites_x_100","moderate",50,100,0,-0.0890061663840512,-0.0658139575551639,0.0231922088288873,-0.0660316344964973,0.0229745318875539,-0.000217676941333345,-0.000217676941333345,0
3,141,"RMST_diff","50_sites_x_100","moderate",50,100,0,1.92756947857927,1.7735626849622,-0.154006793617073,1.77048336246617,-0.157086116113099,-0.00307932249602594,0.00307932249602594,0
3,142,"RD","50_sites_x_100","moderate",50,100,0,-0.0890061663840512,-0.0626060488616655,0.0264001175223857,-0.062826612921138,0.0261795534629132,-0.000220564059472461,-0.000220564059472461,0
3,142,"RMST_diff","50_sites_x_100","moderate",50,100,0,1.92756947857927,1.75338623290717,-0.174183245672108,1.7512609939751,-0.176308484604171,-0.00212523893206296,0.00212523893206296,0
3,143,"RD","50_sites_x_100","moderate",50,100,0,-0.0890061663840512,-0.0624478022627578,0.0265583641212934,-0.0626346984039119,0.0263714679801393,-0.00018689614115408,-0.00018689614115408,0
3,143,"RMST_diff","50_sites_x_100","moderate",50,100,0,1.92756947857927,1.73495661043766,-0.192612868141618,1.73188507214204,-0.195684406437232,-0.00307153829561457,0.00307153829561457,0
3,144,"RD","50_sites_x_100","moderate",50,100,0,-0.0890061663840512,-0.0613818795168519,0.0276242868671993,-0.0618524937627263,0.027153672621325,-0.000470614245874357,-0.000470614245874357,0
3,144,"RMST_diff","50_sites_x_100","moderate",50,100,0,1.92756947857927,1.76217449936724,-0.16539497921203,1.76530416246705,-0.162265316112226,0.00312966309980389,-0.00312966309980389,0
3,145,"RD","50_sites_x_100","moderate",50,100,0,-0.0890061663840512,-0.0618923233149513,0.0271138430690999,-0.0626980097448525,0.0263081566391987,-0.000805686429901198,-0.000805686429901198,0
3,145,"RMST_diff","50_sites_x_100","moderate",50,100,0,1.92756947857927,1.75734981426835,-0.170219664310926,1.76817517058013,-0.159394307999142,0.0108253563117842,-0.0108253563117842,0
3,146,"RD","50_sites_x_100","moderate",50,100,0,-0.0890061663840512,-0.0636414984879183,0.0253646678961329,-0.0643846168907969,0.0246215494932543,-0.000743118402878551,-0.000743118402878551,0
3,146,"RMST_diff","50_sites_x_100","moderate",50,100,0,1.92756947857927,1.82917353685632,-0.0983959417229556,1.83981192101695,-0.0877575575623233,0.0106383841606323,-0.0106383841606323,0
3,147,"RD","50_sites_x_100","moderate",50,100,0,-0.0890061663840512,-0.0650288279410245,0.0239773384430267,-0.0658406194317072,0.0231655469523441,-0.000811791490682667,-0.000811791490682667,0
3,147,"RMST_diff","50_sites_x_100","moderate",50,100,0,1.92756947857927,1.83851342189315,-0.08905605668612,1.85073396082718,-0.0768355177520927,0.0122205389340273,-0.0122205389340273,0
3,148,"RD","50_sites_x_100","moderate",50,100,0,-0.0890061663840512,-0.0662176022254235,0.0227885641586277,-0.0670491001636691,0.0219570662203822,-0.000831497938245551,-0.000831497938245551,0
3,148,"RMST_diff","50_sites_x_100","moderate",50,100,0,1.92756947857927,1.86418462713028,-0.0633848514489941,1.87748845988957,-0.0500810186896992,0.0133038327592949,-0.0133038327592949,0
3,149,"RD","50_sites_x_100","moderate",50,100,0,-0.0890061663840512,-0.0653161974912154,0.0236899688928358,-0.066359245160111,0.0226469212239402,-0.00104304766889562,-0.00104304766889562,0
3,149,"RMST_diff","50_sites_x_100","moderate",50,100,0,1.92756947857927,1.87877430686716,-0.0487951717121113,1.89543872513524,-0.0321307534440383,0.0166644182680731,-0.0166644182680731,0
3,150,"RD","50_sites_x_100","moderate",50,100,0,-0.0890061663840512,-0.0654221960209594,0.0235839703630918,-0.0666315417382196,0.0223746246458316,-0.00120934571726017,-0.00120934571726017,0
3,150,"RMST_diff","50_sites_x_100","moderate",50,100,0,1.92756947857927,1.87664599912435,-0.0509234794549229,1.89746934242153,-0.030100136157742,0.0208233432971809,-0.0208233432971809,0
3,151,"RD","50_sites_x_100","moderate",50,100,0,-0.0890061663840512,-0.069445732378466,0.0195604340055853,-0.0709053020492614,0.0181008643347899,-0.00145956967079541,-0.00145956967079541,0
3,151,"RMST_diff","50_sites_x_100","moderate",50,100,0,1.92756947857927,1.92461487976328,-0.00295459881599669,1.94722646786817,0.0196569892888991,0.0226115881048958,0.0167023904729025,0
3,152,"RD","50_sites_x_100","moderate",50,100,0,-0.0890061663840512,-0.069272434711967,0.0197337316720843,-0.0707107478688076,0.0182954185152436,-0.00143831315684062,-0.00143831315684062,0
3,152,"RMST_diff","50_sites_x_100","moderate",50,100,0,1.92756947857927,1.90575334668731,-0.0218161318919652,1.92804042038065,0.000470941801379965,0.0222870736933451,-0.0213451900905852,0
3,153,"RD","50_sites_x_100","moderate",50,100,0,-0.0890061663840512,-0.0720468242600105,0.0169593421240407,-0.0737451286248535,0.0152610377591977,-0.00169830436484297,-0.00169830436484297,0
3,153,"RMST_diff","50_sites_x_100","moderate",50,100,0,1.92756947857927,1.95539261287687,0.0278231342975914,1.98335620233511,0.0557867237558352,0.0279635894582437,0.0279635894582437,0
3,154,"RD","50_sites_x_100","moderate",50,100,0,-0.0890061663840512,-0.073983676191804,0.0150224901922472,-0.0756484879380512,0.013357678446,-0.00166481174624722,-0.00166481174624722,0
3,154,"RMST_diff","50_sites_x_100","moderate",50,100,0,1.92756947857927,1.99492820678521,0.0673587282059334,2.02143196922945,0.0938624906501779,0.0265037624442446,0.0265037624442446,0
3,155,"RD","50_sites_x_100","moderate",50,100,0,-0.0890061663840512,-0.0726771735528462,0.016328992831205,-0.0742612735458335,0.0147448928382178,-0.00158409999298725,-0.00158409999298725,0
3,155,"RMST_diff","50_sites_x_100","moderate",50,100,0,1.92756947857927,1.984624224122,0.0570547455427217,2.0077934143136,0.0802239357343222,0.0231691901916005,0.0231691901916005,0
3,156,"RD","50_sites_x_100","moderate",50,100,0,-0.0890061663840512,-0.0725323224307167,0.0164738439533345,-0.0740800554174914,0.0149261109665598,-0.00154773298677469,-0.00154773298677469,0
3,156,"RMST_diff","50_sites_x_100","moderate",50,100,0,1.92756947857927,1.96043659439015,0.0328671158108804,1.98241357861735,0.0548441000380784,0.021976984227198,0.021976984227198,0
3,157,"RD","50_sites_x_100","moderate",50,100,0,-0.0890061663840512,-0.0752787818523263,0.013727384531725,-0.0768875475238691,0.0121186188601822,-0.00160876567154278,-0.00160876567154278,0
3,157,"RMST_diff","50_sites_x_100","moderate",50,100,0,1.92756947857927,1.9625092652288,0.034939786649522,1.98903704229273,0.061467563713455,0.0265277770639329,0.0265277770639329,0
3,158,"RD","50_sites_x_100","moderate",50,100,0,-0.0890061663840512,-0.0780222360207432,0.010983930363308,-0.0786777137997223,0.0103284525843289,-0.000655477778979119,-0.000655477778979119,0
3,158,"RMST_diff","50_sites_x_100","moderate",50,100,0,1.92756947857927,2.02144341877953,0.0938739402002593,2.03689704261957,0.109327564040292,0.0154536238400329,0.0154536238400329,0
3,159,"RD","50_sites_x_100","moderate",50,100,0,-0.0890061663840512,-0.0777857169796768,0.0112204494043744,-0.0784300687177421,0.0105760976663092,-0.000644351738065208,-0.000644351738065208,0
3,159,"RMST_diff","50_sites_x_100","moderate",50,100,0,1.92756947857927,2.07379570365592,0.146226225076649,2.08635754834476,0.158788069765482,0.0125618446888325,0.0125618446888325,0
3,160,"RD","50_sites_x_100","moderate",50,100,0,-0.0890061663840512,-0.0799710567497693,0.00903510963428189,-0.0806953068418891,0.00831085954216215,-0.000724250092119738,-0.000724250092119738,0
3,160,"RMST_diff","50_sites_x_100","moderate",50,100,0,1.92756947857927,2.0553043279177,0.127734849338427,2.06912120515342,0.141551726574146,0.013816877235719,0.013816877235719,0
3,161,"RD","50_sites_x_100","moderate",50,100,0,-0.0890061663840512,-0.0790234687396907,0.00998269764436055,-0.0797885019618139,0.00921766442223737,-0.000765033222123179,-0.000765033222123179,0
3,161,"RMST_diff","50_sites_x_100","moderate",50,100,0,1.92756947857927,2.03547992501904,0.107910446439771,2.04863085458692,0.121061376007649,0.0131509295678782,0.0131509295678782,0
3,162,"RD","50_sites_x_100","moderate",50,100,0,-0.0890061663840512,-0.0790958713203007,0.00991029506375052,-0.0799405343391574,0.00906563204489386,-0.000844663018856662,-0.000844663018856662,0
3,162,"RMST_diff","50_sites_x_100","moderate",50,100,0,1.92756947857927,2.01919268387117,0.0916232052918957,2.03459860170732,0.107029123128051,0.015405917836155,0.015405917836155,0
3,163,"RD","50_sites_x_100","moderate",50,100,0,-0.0890061663840512,-0.0768517165753417,0.0121544498087095,-0.0774944443510929,0.0115117220329584,-0.00064272777575114,-0.00064272777575114,0
3,163,"RMST_diff","50_sites_x_100","moderate",50,100,0,1.92756947857927,1.96812764752505,0.0405581689457719,1.97914815577943,0.0515786772001565,0.0110205082543846,0.0110205082543846,0
3,164,"RD","50_sites_x_100","moderate",50,100,0,-0.0890061663840512,-0.0773970783577008,0.0116090880263504,-0.0786066647065096,0.0103995016775417,-0.00120958634880874,-0.00120958634880874,0
3,164,"RMST_diff","50_sites_x_100","moderate",50,100,0,1.92756947857927,1.96751143391563,0.03994195533636,1.98660623985518,0.0590367612759071,0.019094805939547,0.019094805939547,0
3,165,"RD","50_sites_x_100","moderate",50,100,0,-0.0890061663840512,-0.0808193957831562,0.00818677060089501,-0.0817291824504149,0.00727698393363629,-0.000909786667258716,-0.000909786667258716,0
3,165,"RMST_diff","50_sites_x_100","moderate",50,100,0,1.92756947857927,2.0114379602576,0.0838684816783246,2.02744151396202,0.0998720353827487,0.0160035537044241,0.0160035537044241,0
3,166,"RD","50_sites_x_100","moderate",50,100,0,-0.0890061663840512,-0.0786692555188062,0.010336910865245,-0.0795331329174375,0.00947303346661377,-0.000863877398631252,-0.000863877398631252,0
3,166,"RMST_diff","50_sites_x_100","moderate",50,100,0,1.92756947857927,1.96664354672485,0.0390740681455739,1.98249778153963,0.0549283029603593,0.0158542348147854,0.0158542348147854,0
3,167,"RD","50_sites_x_100","moderate",50,100,0,-0.0890061663840512,-0.0818851445631568,0.00712102182089447,-0.0826906859287428,0.00631548045530839,-0.000805541365586082,-0.000805541365586082,0
3,167,"RMST_diff","50_sites_x_100","moderate",50,100,0,1.92756947857927,2.01856062322772,0.0909911446484415,2.03388081483818,0.106311336258901,0.0153201916104599,0.0153201916104599,0
3,168,"RD","50_sites_x_100","moderate",50,100,0,-0.0890061663840512,-0.0829753326789289,0.00603083370512236,-0.0841531642197818,0.00485300216426943,-0.00117783154085294,-0.00117783154085294,0
3,168,"RMST_diff","50_sites_x_100","moderate",50,100,0,1.92756947857927,2.025122893212,0.0975534146327295,2.04309307986187,0.115523601282593,0.0179701866498636,0.0179701866498636,0
3,169,"RD","50_sites_x_100","moderate",50,100,0,-0.0890061663840512,-0.084490514608617,0.00451565177543423,-0.0856620299335402,0.00334413645051101,-0.00117151532492321,-0.00117151532492321,0
3,169,"RMST_diff","50_sites_x_100","moderate",50,100,0,1.92756947857927,2.03015279687026,0.102583318290987,2.04802235348743,0.120452874908159,0.0178695566171712,0.0178695566171712,0
3,170,"RD","50_sites_x_100","moderate",50,100,0,-0.0890061663840512,-0.0849919993031466,0.00401416708090463,-0.0862035410091438,0.00280262537490739,-0.00121154170599724,-0.00121154170599724,0
3,170,"RMST_diff","50_sites_x_100","moderate",50,100,0,1.92756947857927,2.05049826730186,0.122928788722584,2.06910253552201,0.141533056942739,0.0186042682201553,0.0186042682201553,0
3,171,"RD","50_sites_x_100","moderate",50,100,0,-0.0890061663840512,-0.0809737698329902,0.00803239655106103,-0.0815683088544653,0.00743785752958592,-0.000594539021475105,-0.000594539021475105,0
3,171,"RMST_diff","50_sites_x_100","moderate",50,100,0,1.92756947857927,1.96506990712847,0.0375004285491958,1.96769228483928,0.0401228062600083,0.00262237771081253,0.00262237771081253,0
3,172,"RD","50_sites_x_100","moderate",50,100,0,-0.0890061663840512,-0.0777046098876304,0.0113015564964208,-0.0779245302435039,0.0110816361405474,-0.000219920355873482,-0.000219920355873482,0
3,172,"RMST_diff","50_sites_x_100","moderate",50,100,0,1.92756947857927,1.92797474340438,0.000405264825110052,1.9279942102432,0.000424731663926536,1.94668388164843e-05,1.94668388164843e-05,0
3,173,"RD","50_sites_x_100","moderate",50,100,0,-0.0890061663840512,-0.0780021203805972,0.0110040460034541,-0.0782365711454086,0.0107695952386426,-0.000234450764811434,-0.000234450764811434,0
3,173,"RMST_diff","50_sites_x_100","moderate",50,100,0,1.92756947857927,1.94563237215047,0.0180628935711997,1.94599207118361,0.0184225926043311,0.000359699033131378,0.000359699033131378,0
3,174,"RD","50_sites_x_100","moderate",50,100,0,-0.0890061663840512,-0.0775334638795206,0.0114727025045306,-0.0777490098193884,0.0112571565646629,-0.000215545939867723,-0.000215545939867723,0
3,174,"RMST_diff","50_sites_x_100","moderate",50,100,0,1.92756947857927,1.94415288361615,0.0165834050368723,1.94380114557937,0.016231667000099,-0.000351738036773241,-0.000351738036773241,0
3,175,"RD","50_sites_x_100","moderate",50,100,0,-0.0890061663840512,-0.0791122604069814,0.00989390597706985,-0.0791272258304647,0.00987894055358651,-1.49654234833374e-05,-1.49654234833374e-05,0
3,175,"RMST_diff","50_sites_x_100","moderate",50,100,0,1.92756947857927,1.9794714998013,0.0519020212220251,1.97507508261985,0.0475056040405732,-0.00439641718145189,-0.00439641718145189,0
3,176,"RD","50_sites_x_100","moderate",50,100,0,-0.0890061663840512,-0.0786592575742112,0.01034690880984,-0.078561898843737,0.0104442675403142,9.73587304742285e-05,9.73587304742285e-05,0
3,176,"RMST_diff","50_sites_x_100","moderate",50,100,0,1.92756947857927,1.9717692750908,0.0441997965115259,1.96595595728113,0.038386478701856,-0.00581331780966998,-0.00581331780966998,0
3,177,"RD","50_sites_x_100","moderate",50,100,0,-0.0890061663840512,-0.0794612147076211,0.0095449516764301,-0.0794077748858215,0.00959839149822972,5.34398217996168e-05,5.34398217996168e-05,0
3,177,"RMST_diff","50_sites_x_100","moderate",50,100,0,1.92756947857927,1.98933252296441,0.0617630443851365,1.9847722549784,0.0572027763991265,-0.00456026798600995,-0.00456026798600995,0
3,178,"RD","50_sites_x_100","moderate",50,100,0,-0.0890061663840512,-0.0824528242675481,0.00655334211650316,-0.0823436463880775,0.00666251999597378,0.000109177879470623,0.000109177879470623,0
3,178,"RMST_diff","50_sites_x_100","moderate",50,100,0,1.92756947857927,1.99535201402592,0.0677825354466464,1.99042730502903,0.0628578264497577,-0.00492470899688868,-0.00492470899688868,0
3,179,"RD","50_sites_x_100","moderate",50,100,0,-0.0890061663840512,-0.0837863234502503,0.00521984293380096,-0.083589480696929,0.00541668568712228,0.000196842753321325,0.000196842753321325,0
3,179,"RMST_diff","50_sites_x_100","moderate",50,100,0,1.92756947857927,2.00705744612016,0.0794879675408851,2.00184355089755,0.0742740723182784,-0.00521389522260662,-0.00521389522260662,0
3,180,"RD","50_sites_x_100","moderate",50,100,0,-0.0890061663840512,-0.0806500658468272,0.00835610053722402,-0.0807788101694615,0.0082273562145897,-0.000128744322634322,-0.000128744322634322,0
3,180,"RMST_diff","50_sites_x_100","moderate",50,100,0,1.92756947857927,1.9625213347149,0.0349518561356241,1.96094292528841,0.0333734467091347,-0.00157840942648946,-0.00157840942648946,0
3,181,"RD","50_sites_x_100","moderate",50,100,0,-0.0890061663840512,-0.0787551249693464,0.0102510414147048,-0.0792423392426451,0.00976382714140611,-0.000487214273298675,-0.000487214273298675,0
3,181,"RMST_diff","50_sites_x_100","moderate",50,100,0,1.92756947857927,1.95133063375356,0.0237611551742862,1.95383167660807,0.0262621980287996,0.00250104285451336,0.00250104285451336,0
3,182,"RD","50_sites_x_100","moderate",50,100,0,-0.0890061663840512,-0.0749201768192825,0.0140859895647687,-0.0754680985011219,0.0135380678829293,-0.00054792168183937,-0.00054792168183937,0
3,182,"RMST_diff","50_sites_x_100","moderate",50,100,0,1.92756947857927,1.92652322823295,-0.00104625034632022,1.93037485973391,0.00280538115463536,0.00385163150095558,0.00175913080831513,0
3,183,"RD","50_sites_x_100","moderate",50,100,0,-0.0890061663840512,-0.0743447888557722,0.014661377528279,-0.0748827118898135,0.0141234544942377,-0.000537923034041321,-0.000537923034041321,0
3,183,"RMST_diff","50_sites_x_100","moderate",50,100,0,1.92756947857927,1.94298635475131,0.015416876172031,1.94609904239655,0.01852956381728,0.00311268764524897,0.00311268764524897,0
3,184,"RD","50_sites_x_100","moderate",50,100,0,-0.0890061663840512,-0.0773156504120932,0.011690515971958,-0.0772803771673874,0.0117257892166638,3.5273244705758e-05,3.5273244705758e-05,0
3,184,"RMST_diff","50_sites_x_100","moderate",50,100,0,1.92756947857927,1.97452195101851,0.0469524724392354,1.96813903941787,0.0405695608386001,-0.00638291160063531,-0.00638291160063531,0
3,185,"RD","50_sites_x_100","moderate",50,100,0,-0.0890061663840512,-0.0801833752200225,0.00882279116402873,-0.0801398992121034,0.00886626717194783,4.34760079190966e-05,4.34760079190966e-05,0
3,185,"RMST_diff","50_sites_x_100","moderate",50,100,0,1.92756947857927,1.99209665557494,0.0645271769956643,1.98396633656761,0.0563968579883376,-0.00813031900732675,-0.00813031900732675,0
3,186,"RD","50_sites_x_100","moderate",50,100,0,-0.0890061663840512,-0.0779997561490737,0.0110064102349775,-0.0778041497843472,0.011202016599704,0.000195606364726486,0.000195606364726486,0
3,186,"RMST_diff","50_sites_x_100","moderate",50,100,0,1.92756947857927,1.96889806675221,0.0413285881729379,1.95783986923252,0.0302703906532411,-0.0110581975196968,-0.0110581975196968,0
3,187,"RD","50_sites_x_100","moderate",50,100,0,-0.0890061663840512,-0.0775960766018085,0.0114100897822428,-0.0775203651592553,0.0114858012247959,7.57114425531391e-05,7.57114425531391e-05,0
3,187,"RMST_diff","50_sites_x_100","moderate",50,100,0,1.92756947857927,1.9272205454999,-0.000348933079369118,1.91930469715489,-0.00826478142438525,-0.00791584834501613,0.00791584834501613,0
3,188,"RD","50_sites_x_100","moderate",50,100,0,-0.0890061663840512,-0.0797562339265145,0.00924993245753669,-0.0795434851582547,0.00946268122579652,0.000212748768259829,0.000212748768259829,0
3,188,"RMST_diff","50_sites_x_100","moderate",50,100,0,1.92756947857927,1.88185129014329,-0.0457181884359841,1.87425032730968,-0.0533191512695943,-0.00760096283361023,0.00760096283361023,0
3,189,"RD","50_sites_x_100","moderate",50,100,0,-0.0890061663840512,-0.0826469148966347,0.00635925148741656,-0.0821492888391423,0.00685687754490893,0.000497626057492373,0.000497626057492373,0
3,189,"RMST_diff","50_sites_x_100","moderate",50,100,0,1.92756947857927,1.94510729976581,0.0175378211865365,1.93119323100286,0.00362375242358937,-0.0139140687629471,-0.0139140687629471,0
3,190,"RD","50_sites_x_100","moderate",50,100,0,-0.0890061663840512,-0.0816372623761826,0.0073689040078686,-0.0811444788634,0.00786168752065119,0.000492783512782591,0.000492783512782591,0
3,190,"RMST_diff","50_sites_x_100","moderate",50,100,0,1.92756947857927,1.96631841825505,0.0387489396757772,1.95162419713419,0.0240547185549111,-0.014694221120866,-0.014694221120866,0
3,191,"RD","50_sites_x_100","moderate",50,100,0,-0.0890061663840512,-0.0846349748369948,0.00437119154705645,-0.0840489719648359,0.00495719441921538,0.000586002872158931,0.000586002872158931,0
3,191,"RMST_diff","50_sites_x_100","moderate",50,100,0,1.92756947857927,2.02733428157542,0.0997648029961482,2.01383015828023,0.0862606797009597,-0.0135041232951885,-0.0135041232951885,0
3,192,"RD","50_sites_x_100","moderate",50,100,0,-0.0890061663840512,-0.0846686188446595,0.00433754753939175,-0.0841796395207717,0.00482652686327956,0.000488979323887806,0.000488979323887806,0
3,192,"RMST_diff","50_sites_x_100","moderate",50,100,0,1.92756947857927,2.06287090996456,0.135301431385287,2.04847027257953,0.120900794000253,-0.0144006373850338,-0.0144006373850338,0
3,193,"RD","50_sites_x_100","moderate",50,100,0,-0.0890061663840512,-0.0875197148954158,0.00148645148863547,-0.0868101190913515,0.00219604729269973,0.000709595804064267,0.000709595804064267,0
3,193,"RMST_diff","50_sites_x_100","moderate",50,100,0,1.92756947857927,2.08859644700172,0.161026968422444,2.07527260871573,0.147703130136454,-0.0133238382859897,-0.0133238382859897,0
3,194,"RD","50_sites_x_100","moderate",50,100,0,-0.0890061663840512,-0.0903343669576276,-0.00132820057357641,-0.0892588616564789,-0.000252695272427661,0.00107550530114875,-0.00107550530114875,0
3,194,"RMST_diff","50_sites_x_100","moderate",50,100,0,1.92756947857927,2.06391205881214,0.136342580232863,2.04245151144726,0.114882032867989,-0.0214605473648746,-0.0214605473648746,0
3,195,"RD","50_sites_x_100","moderate",50,100,0,-0.0890061663840512,-0.0941015481113368,-0.00509538172728552,-0.0925954745591855,-0.00358930817513425,0.00150607355215127,-0.00150607355215127,0
3,195,"RMST_diff","50_sites_x_100","moderate",50,100,0,1.92756947857927,2.10642985880572,0.178860380226444,2.07898547229031,0.151415993711039,-0.0274443865154055,-0.0274443865154055,0
3,196,"RD","50_sites_x_100","moderate",50,100,0,-0.0890061663840512,-0.0910214252229611,-0.00201525883890985,-0.0894362910032556,-0.000430124619204331,0.00158513421970552,-0.00158513421970552,0
3,196,"RMST_diff","50_sites_x_100","moderate",50,100,0,1.92756947857927,2.04621051882137,0.1186410402421,2.01772050785169,0.0901510292724179,-0.0284900109696817,-0.0284900109696817,0
3,197,"RD","50_sites_x_100","moderate",50,100,0,-0.0890061663840512,-0.0847307237650951,0.00427544261895618,-0.0834218453181107,0.00558432106594053,0.00130887844698435,0.00130887844698435,0
3,197,"RMST_diff","50_sites_x_100","moderate",50,100,0,1.92756947857927,2.00118815473635,0.0736186761570714,1.97282125359195,0.0452517750126784,-0.028366901144393,-0.028366901144393,0
3,198,"RD","50_sites_x_100","moderate",50,100,0,-0.0890061663840512,-0.0821842411087536,0.00682192527529768,-0.0808142382710635,0.00819192811298775,0.00137000283769007,0.00137000283769007,0
3,198,"RMST_diff","50_sites_x_100","moderate",50,100,0,1.92756947857927,1.9898384953622,0.0622690167829258,1.96248238442297,0.0349129058436954,-0.0273561109392304,-0.0273561109392304,0
3,199,"RD","50_sites_x_100","moderate",50,100,0,-0.0890061663840512,-0.0852862232440665,0.00371994313998469,-0.0838152965709409,0.00519086981311034,0.00147092667312565,0.00147092667312565,0
3,199,"RMST_diff","50_sites_x_100","moderate",50,100,0,1.92756947857927,1.99594645958759,0.068376981008317,1.96794599794615,0.0403765193668715,-0.0280004616414455,-0.0280004616414455,0
3,200,"RD","50_sites_x_100","moderate",50,100,0,-0.0890061663840512,-0.0847936879235009,0.00421247846055028,-0.0834501667356956,0.00555599964835563,0.00134352118780534,0.00134352118780534,0
3,200,"RMST_diff","50_sites_x_100","moderate",50,100,0,1.92756947857927,1.97600154872128,0.0484320701420078,1.94909801805806,0.0215285394787887,-0.026903530663219,-0.026903530663219,0
3,201,"RD","50_sites_x_100","moderate",50,100,0,-0.0890061663840512,-0.0811916853073243,0.00781448107672689,-0.0796662933868011,0.00933987299725014,0.00152539192052326,0.00152539192052326,0
3,201,"RMST_diff","50_sites_x_100","moderate",50,100,0,1.92756947857927,1.94393696144088,0.0163674828616021,1.91547065002301,-0.0120988285562635,-0.0284663114178656,-0.00426865430533852,0
3,202,"RD","50_sites_x_100","moderate",50,100,0,-0.0890061663840512,-0.083652233027,0.00535393335705125,-0.0820019851470731,0.0070041812369781,0.00165024787992685,0.00165024787992685,0
3,202,"RMST_diff","50_sites_x_100","moderate",50,100,0,1.92756947857927,2.0206852193227,0.0931157407434213,1.9870634813519,0.0594940027726274,-0.0336217379707939,-0.0336217379707939,0
3,203,"RD","50_sites_x_100","moderate",50,100,0,-0.0890061663840512,-0.0807652915145916,0.00824087486945968,-0.0788695280955776,0.0101366382884737,0.00189576341901398,0.00189576341901398,0
3,203,"RMST_diff","50_sites_x_100","moderate",50,100,0,1.92756947857927,1.96213152620747,0.034562047628194,1.92377258808979,-0.00379689048948073,-0.0383589381176748,-0.0307651571387133,0
3,204,"RD","50_sites_x_100","moderate",50,100,0,-0.0890061663840512,-0.0803376078570662,0.008668558526985,-0.0785074845164232,0.010498681867628,0.00183012334064303,0.00183012334064303,0
3,204,"RMST_diff","50_sites_x_100","moderate",50,100,0,1.92756947857927,1.93729193597478,0.00972245739550814,1.90269053580944,-0.0248789427698295,-0.0346014001653376,0.0151564853743213,0
3,205,"RD","50_sites_x_100","moderate",50,100,0,-0.0890061663840512,-0.0830796117218165,0.00592655466223468,-0.0812238191029113,0.00778234728113991,0.00185579261890523,0.00185579261890523,0
3,205,"RMST_diff","50_sites_x_100","moderate",50,100,0,1.92756947857927,2.01368372987394,0.0861142512946635,1.98012250230845,0.0525530237291729,-0.0335612275654906,-0.0335612275654906,0
3,206,"RD","50_sites_x_100","moderate",50,100,0,-0.0890061663840512,-0.0831494830093208,0.00585668337473044,-0.0813108264121735,0.00769533997187777,0.00183865659714733,0.00183865659714733,0
3,206,"RMST_diff","50_sites_x_100","moderate",50,100,0,1.92756947857927,2.02914046256452,0.101570983985248,1.99607200716335,0.0685025285840783,-0.0330684554011693,-0.0330684554011693,0
3,207,"RD","50_sites_x_100","moderate",50,100,0,-0.0890061663840512,-0.0801797459353338,0.0088264204487174,-0.0779038973410998,0.0111022690429514,0.00227584859423402,0.00227584859423402,0
3,207,"RMST_diff","50_sites_x_100","moderate",50,100,0,1.92756947857927,2.02314009953389,0.0955706209546179,1.99226262436638,0.0646931457871016,-0.0308774751675163,-0.0308774751675163,0
3,208,"RD","50_sites_x_100","moderate",50,100,0,-0.0890061663840512,-0.0758329764301484,0.0131731899539028,-0.0747835292842371,0.0142226370998141,0.00104944714591126,0.00104944714591126,0
3,208,"RMST_diff","50_sites_x_100","moderate",50,100,0,1.92756947857927,1.94217055737642,0.014601078797142,1.92801467908758,0.000445200508307764,-0.0141558782888342,-0.0141558782888342,0
3,209,"RD","50_sites_x_100","moderate",50,100,0,-0.0890061663840512,-0.0776083092332749,0.0113978571507763,-0.0764483577415562,0.012557808642495,0.00115995149171866,0.00115995149171866,0
3,209,"RMST_diff","50_sites_x_100","moderate",50,100,0,1.92756947857927,1.89808563086312,-0.0294838477161541,1.8888760278625,-0.0386934507167709,-0.0092096030006168,0.0092096030006168,0
3,210,"RD","50_sites_x_100","moderate",50,100,0,-0.0890061663840512,-0.0759187930983016,0.0130873732857496,-0.0742227326759548,0.0147834337080964,0.00169606042234682,0.00169606042234682,0
3,210,"RMST_diff","50_sites_x_100","moderate",50,100,0,1.92756947857927,1.96718428367631,0.03961480509704,1.95855119000258,0.0309817114233102,-0.00863309367372977,-0.00863309367372977,0
3,211,"RD","50_sites_x_100","moderate",50,100,0,-0.0890061663840512,-0.0757527782538832,0.0132533881301681,-0.07393961891291,0.0150665474711412,0.00181315934097315,0.00181315934097315,0
3,211,"RMST_diff","50_sites_x_100","moderate",50,100,0,1.92756947857927,1.96237235819823,0.0348028796189599,1.95178744671463,0.0242179681353569,-0.010584911483603,-0.010584911483603,0
3,212,"RD","50_sites_x_100","moderate",50,100,0,-0.0890061663840512,-0.0744997150184195,0.0145064513656318,-0.0724345641748887,0.0165716022091625,0.00206515084353076,0.00206515084353076,0
3,212,"RMST_diff","50_sites_x_100","moderate",50,100,0,1.92756947857927,1.94925933674937,0.0216898581701006,1.93371876056396,0.00614928198468689,-0.0155405761854137,-0.0155405761854137,0
3,213,"RD","50_sites_x_100","moderate",50,100,0,-0.0890061663840512,-0.0784697227931238,0.0105364435909274,-0.0765023427520355,0.0125038236320157,0.00196738004108832,0.00196738004108832,0
3,213,"RMST_diff","50_sites_x_100","moderate",50,100,0,1.92756947857927,2.00902229333053,0.0814528147512537,1.99582776950175,0.0682582909224791,-0.0131945238287745,-0.0131945238287745,0
3,214,"RD","50_sites_x_100","moderate",50,100,0,-0.0890061663840512,-0.076680607359769,0.0123255590242822,-0.0745329710607404,0.0144731953233108,0.00214763629902859,0.00214763629902859,0
3,214,"RMST_diff","50_sites_x_100","moderate",50,100,0,1.92756947857927,1.99455935903715,0.0669898804578715,1.98193563447935,0.0543661559000803,-0.0126237245577911,-0.0126237245577911,0
3,215,"RD","50_sites_x_100","moderate",50,100,0,-0.0890061663840512,-0.0735824432080325,0.0154237231760187,-0.0713933219821365,0.0176128444019147,0.00218912122589598,0.00218912122589598,0
3,215,"RMST_diff","50_sites_x_100","moderate",50,100,0,1.92756947857927,1.9356253765969,0.00805589801762707,1.92147555432701,-0.00609392425226041,-0.0141498222698875,-0.00196197376536666,0
3,216,"RD","50_sites_x_100","moderate",50,100,0,-0.0890061663840512,-0.0780439690055433,0.0109621973785079,-0.0757340909815053,0.0132720754025459,0.00230987802403804,0.00230987802403804,0
3,216,"RMST_diff","50_sites_x_100","moderate",50,100,0,1.92756947857927,1.98690577435192,0.0593362957726491,1.97152725750126,0.0439577789219872,-0.0153785168506619,-0.0153785168506619,0
3,217,"RD","50_sites_x_100","moderate",50,100,0,-0.0890061663840512,-0.0783105044263123,0.010695661957739,-0.0759474048138359,0.0130587615702153,0.00236309961247638,0.00236309961247638,0
3,217,"RMST_diff","50_sites_x_100","moderate",50,100,0,1.92756947857927,1.95922494684949,0.0316554682702197,1.9432497786958,0.0156803001165287,-0.015975168153691,-0.015975168153691,0
3,218,"RD","50_sites_x_100","moderate",50,100,0,-0.0890061663840512,-0.0788101602376664,0.0101960061463848,-0.0759634411252549,0.0130427252587964,0.00284671911241152,0.00284671911241152,0
3,218,"RMST_diff","50_sites_x_100","moderate",50,100,0,1.92756947857927,1.93719421323535,0.00962473465607161,1.91886889390999,-0.00870058466928114,-0.0183253193253528,-0.000924149986790468,0
3,219,"RD","50_sites_x_100","moderate",50,100,0,-0.0890061663840512,-0.0791478941747141,0.0098582722093371,-0.0764623540803937,0.0125438123036575,0.00268554009432043,0.00268554009432043,0
3,219,"RMST_diff","50_sites_x_100","moderate",50,100,0,1.92756947857927,1.94915707470996,0.0215875961306882,1.93169116885672,0.00412169027744724,-0.0174659058532409,-0.0174659058532409,0
3,220,"RD","50_sites_x_100","moderate",50,100,0,-0.0890061663840512,-0.0760857661194247,0.0129204002646265,-0.073595130291536,0.0154110360925153,0.00249063582788878,0.00249063582788878,0
3,220,"RMST_diff","50_sites_x_100","moderate",50,100,0,1.92756947857927,1.9144516268009,-0.013117851778377,1.89919069521559,-0.0283787833636833,-0.0152609315853063,0.0152609315853063,0
3,221,"RD","50_sites_x_100","moderate",50,100,0,-0.0890061663840512,-0.0771055985925311,0.0119005677915202,-0.0751373244860042,0.013868841898047,0.00196827410652689,0.00196827410652689,0
3,221,"RMST_diff","50_sites_x_100","moderate",50,100,0,1.92756947857927,1.95809229849876,0.0305228199194811,1.95810341874321,0.0305339401639344,1.11202444532665e-05,1.11202444532665e-05,0
3,222,"RD","50_sites_x_100","moderate",50,100,0,-0.0890061663840512,-0.08200653691747,0.00699962946658128,-0.0805377357664797,0.00846843061757152,0.00146880115099024,0.00146880115099024,0
3,222,"RMST_diff","50_sites_x_100","moderate",50,100,0,1.92756947857927,1.9980215047537,0.0704520261744221,2.00441622113028,0.0768467425510071,0.00639471637658495,0.00639471637658495,0
3,223,"RD","50_sites_x_100","moderate",50,100,0,-0.0890061663840512,-0.0781471790816857,0.0108589873023656,-0.0760779771779677,0.0129281892060835,0.00206920190371795,0.00206920190371795,0
3,223,"RMST_diff","50_sites_x_100","moderate",50,100,0,1.92756947857927,1.94135257046654,0.0137830918872677,1.93906610879091,0.0114966302116315,-0.00228646167563618,-0.00228646167563618,0
3,224,"RD","50_sites_x_100","moderate",50,100,0,-0.0890061663840512,-0.0777266288032401,0.0112795375808111,-0.0756606015857153,0.0133455647983359,0.0020660272175248,0.0020660272175248,0
3,224,"RMST_diff","50_sites_x_100","moderate",50,100,0,1.92756947857927,1.91011159851109,-0.0174578800681857,1.90848833339902,-0.0190811451802535,-0.00162326511206778,0.00162326511206778,0
3,225,"RD","50_sites_x_100","moderate",50,100,0,-0.0890061663840512,-0.080975942901369,0.00803022348268223,-0.0789215954905339,0.0100845708935173,0.0020543474108351,0.0020543474108351,0
3,225,"RMST_diff","50_sites_x_100","moderate",50,100,0,1.92756947857927,1.9342535054145,0.00668402683522551,1.93455560230414,0.00698612372486096,0.00030209688963545,0.00030209688963545,0
3,226,"RD","50_sites_x_100","moderate",50,100,0,-0.0890061663840512,-0.0786240137053369,0.0103821526787143,-0.0766578103085188,0.0123483560755324,0.00196620339681808,0.00196620339681808,0
3,226,"RMST_diff","50_sites_x_100","moderate",50,100,0,1.92756947857927,1.94057185798309,0.013002379403817,1.9410766743642,0.0135071957849213,0.000504816381104334,0.000504816381104334,0
3,227,"RD","50_sites_x_100","moderate",50,100,0,-0.0890061663840512,-0.0779285942373631,0.0110775721466881,-0.0759660749047885,0.0130400914792628,0.00196251933257463,0.00196251933257463,0
3,227,"RMST_diff","50_sites_x_100","moderate",50,100,0,1.92756947857927,1.86296122388823,-0.0646082546910485,1.86087690848062,-0.0666925700986507,-0.00208431540760223,0.00208431540760223,0
3,228,"RD","50_sites_x_100","moderate",50,100,0,-0.0890061663840512,-0.0714254174055021,0.0175807489785491,-0.0701504525736175,0.0188557138104337,0.00127496483188461,0.00127496483188461,0
3,228,"RMST_diff","50_sites_x_100","moderate",50,100,0,1.92756947857927,1.74451189086821,-0.183057587711065,1.76389733218535,-0.163672146393923,0.0193854413171426,-0.0193854413171426,0
3,229,"RD","50_sites_x_100","moderate",50,100,0,-0.0890061663840512,-0.0695552973290523,0.0194508690549989,-0.0682205032390842,0.020785663144967,0.00133479408996806,0.00133479408996806,0
3,229,"RMST_diff","50_sites_x_100","moderate",50,100,0,1.92756947857927,1.67381418588761,-0.253755292691666,1.69076977838514,-0.236799700194135,0.0169555924975313,-0.0169555924975313,0
3,230,"RD","50_sites_x_100","moderate",50,100,0,-0.0890061663840512,-0.0676190696972863,0.021387096686765,-0.0663023819763808,0.0227037844076704,0.00131668772090543,0.00131668772090543,0
3,230,"RMST_diff","50_sites_x_100","moderate",50,100,0,1.92756947857927,1.61363592396025,-0.313933554619025,1.63116247665136,-0.296407001927912,0.0175265526911126,-0.0175265526911126,0
3,231,"RD","50_sites_x_100","moderate",50,100,0,-0.0890061663840512,-0.0688368181024466,0.0201693482816047,-0.0674196726942536,0.0215864936897976,0.00141714540819293,0.00141714540819293,0
3,231,"RMST_diff","50_sites_x_100","moderate",50,100,0,1.92756947857927,1.62457283400477,-0.302996644574508,1.64187197663917,-0.285697501940106,0.0172991426344016,-0.0172991426344016,0
3,232,"RD","50_sites_x_100","moderate",50,100,0,-0.0890061663840512,-0.0675663941236017,0.0214397722604496,-0.0663025229435104,0.0227036434405409,0.0012638711800913,0.0012638711800913,0
3,232,"RMST_diff","50_sites_x_100","moderate",50,100,0,1.92756947857927,1.58288033783237,-0.344689140746906,1.60063604480526,-0.326933433774018,0.0177557069728884,-0.0177557069728884,0
3,233,"RD","50_sites_x_100","moderate",50,100,0,-0.0890061663840512,-0.0702120980654898,0.0187940683185615,-0.0690836838840191,0.0199224825000321,0.00112841418147069,0.00112841418147069,0
3,233,"RMST_diff","50_sites_x_100","moderate",50,100,0,1.92756947857927,1.57407742263596,-0.353492055943317,1.5945650089198,-0.333004469659471,0.0204875862838456,-0.0204875862838456,0
3,234,"RD","50_sites_x_100","moderate",50,100,0,-0.0890061663840512,-0.0721709373464076,0.0168352290376437,-0.0710594198790236,0.0179467465050276,0.00111151746738392,0.00111151746738392,0
3,234,"RMST_diff","50_sites_x_100","moderate",50,100,0,1.92756947857927,1.61668362886534,-0.310885849713936,1.63783987475816,-0.289729603821117,0.0211562458928185,-0.0211562458928185,0
3,235,"RD","50_sites_x_100","moderate",50,100,0,-0.0890061663840512,-0.0716458427229681,0.0173603236610831,-0.0706015111534977,0.0184046552305536,0.00104433156947048,0.00104433156947048,0
3,235,"RMST_diff","50_sites_x_100","moderate",50,100,0,1.92756947857927,1.59377858001651,-0.333790898562761,1.61639847781285,-0.311171000766421,0.0226198977963392,-0.0226198977963392,0
3,236,"RD","50_sites_x_100","moderate",50,100,0,-0.0890061663840512,-0.0718714683834174,0.0171346980006338,-0.0708515732955662,0.018154593088485,0.00101989508785116,0.00101989508785116,0
3,236,"RMST_diff","50_sites_x_100","moderate",50,100,0,1.92756947857927,1.5914489193599,-0.336120559219372,1.6151108402302,-0.312458638349078,0.0236619208702944,-0.0236619208702944,0
3,237,"RD","50_sites_x_100","moderate",50,100,0,-0.0890061663840512,-0.0712568423375181,0.0177493240465332,-0.0702146926523721,0.0187914737316791,0.00104214968514593,0.00104214968514593,0
3,237,"RMST_diff","50_sites_x_100","moderate",50,100,0,1.92756947857927,1.59580892309764,-0.331760555481635,1.61704081045888,-0.310528668120394,0.0212318873612407,-0.0212318873612407,0
3,238,"RD","50_sites_x_100","moderate",50,100,0,-0.0890061663840512,-0.0724893824968571,0.0165167838871941,-0.0715747047258595,0.0174314616581918,0.000914677770997629,0.000914677770997629,0
3,238,"RMST_diff","50_sites_x_100","moderate",50,100,0,1.92756947857927,1.65419283671346,-0.273376641865818,1.67743910432488,-0.250130374254397,0.0232462676114213,-0.0232462676114213,0
3,239,"RD","50_sites_x_100","moderate",50,100,0,-0.0890061663840512,-0.0725130362447198,0.0164931301393314,-0.0717667526835016,0.0172394137005496,0.000746283561218197,0.000746283561218197,0
3,239,"RMST_diff","50_sites_x_100","moderate",50,100,0,1.92756947857927,1.65321041311264,-0.274359065466632,1.67995462270411,-0.247614855875167,0.026744209591465,-0.026744209591465,0
3,240,"RD","50_sites_x_100","moderate",50,100,0,-0.0890061663840512,-0.0733379232513027,0.0156682431327485,-0.0723412500930316,0.0166649162910196,0.000996673158271122,0.000996673158271122,0
3,240,"RMST_diff","50_sites_x_100","moderate",50,100,0,1.92756947857927,1.62836194710496,-0.299207531474311,1.65369103057698,-0.273878448002289,0.0253290834720215,-0.0253290834720215,0
3,241,"RD","50_sites_x_100","moderate",50,100,0,-0.0890061663840512,-0.0714852145078023,0.0175209518762489,-0.0703930434744394,0.0186131229096118,0.0010921710333629,0.0010921710333629,0
3,241,"RMST_diff","50_sites_x_100","moderate",50,100,0,1.92756947857927,1.6178405720253,-0.309728906553969,1.63746362579903,-0.29010585278024,0.0196230537737296,-0.0196230537737296,0
3,242,"RD","50_sites_x_100","moderate",50,100,0,-0.0890061663840512,-0.0728281314418762,0.0161780349421751,-0.0715285008076825,0.0174776655763688,0.00129963063419369,0.00129963063419369,0
3,242,"RMST_diff","50_sites_x_100","moderate",50,100,0,1.92756947857927,1.61879235348377,-0.308777125095501,1.64233341369393,-0.285236064885341,0.0235410602101602,-0.0235410602101602,0
3,243,"RD","50_sites_x_100","moderate",50,100,0,-0.0890061663840512,-0.0714690482151055,0.0175371181689458,-0.0705790587968689,0.0184271075871824,0.000889989418236592,0.000889989418236592,0
3,243,"RMST_diff","50_sites_x_100","moderate",50,100,0,1.92756947857927,1.64539701688834,-0.28217246169093,1.66863455894414,-0.258934919635131,0.0232375420557993,-0.0232375420557993,0
3,244,"RD","50_sites_x_100","moderate",50,100,0,-0.0890061663840512,-0.0720417978674496,0.0169643685166017,-0.0711482913937259,0.0178578749903253,0.00089350647372366,0.00089350647372366,0
3,244,"RMST_diff","50_sites_x_100","moderate",50,100,0,1.92756947857927,1.71579441856128,-0.211775060017995,1.7418227803248,-0.185746698254469,0.026028361763526,-0.026028361763526,0
3,245,"RD","50_sites_x_100","moderate",50,100,0,-0.0890061663840512,-0.0697377004689705,0.0192684659150807,-0.0692568445199405,0.0197493218641107,0.000480855949030023,0.000480855949030023,0
3,245,"RMST_diff","50_sites_x_100","moderate",50,100,0,1.92756947857927,1.7014028946228,-0.226166583956473,1.7304336465968,-0.197135831982479,0.0290307519739947,-0.0290307519739947,0
3,246,"RD","50_sites_x_100","moderate",50,100,0,-0.0890061663840512,-0.0723055525870996,0.0167006137969516,-0.0718887788222671,0.0171173875617842,0.000416773764832512,0.000416773764832512,0
3,246,"RMST_diff","50_sites_x_100","moderate",50,100,0,1.92756947857927,1.70852700847826,-0.219042470101011,1.73759240365984,-0.189977074919435,0.0290653951815756,-0.0290653951815756,0
3,247,"RD","50_sites_x_100","moderate",50,100,0,-0.0890061663840512,-0.0754643733558273,0.0135417930282239,-0.0748639125401601,0.0141422538438911,0.000600460815667225,0.000600460815667225,0
3,247,"RMST_diff","50_sites_x_100","moderate",50,100,0,1.92756947857927,1.6980873812373,-0.22948209734197,1.72614213604931,-0.201427342529961,0.0280547548120094,-0.0280547548120094,0
3,248,"RD","50_sites_x_100","moderate",50,100,0,-0.0890061663840512,-0.0787786862123339,0.0102274801717174,-0.0782201726994765,0.0107859936845748,0.000558513512857406,0.000558513512857406,0
3,248,"RMST_diff","50_sites_x_100","moderate",50,100,0,1.92756947857927,1.6934960125272,-0.234073466052074,1.71954455459841,-0.208024923980863,0.0260485420712104,-0.0260485420712104,0
3,249,"RD","50_sites_x_100","moderate",50,100,0,-0.0890061663840512,-0.0785821191146731,0.0104240472693782,-0.0780332239589294,0.0109729424251218,0.000548895155743634,0.000548895155743634,0
3,249,"RMST_diff","50_sites_x_100","moderate",50,100,0,1.92756947857927,1.67184931362949,-0.255720164949787,1.69800235202859,-0.229567126550688,0.0261530383990998,-0.0261530383990998,0
3,250,"RD","50_sites_x_100","moderate",50,100,0,-0.0890061663840512,-0.0769864239297973,0.012019742454254,-0.0762285025693565,0.0127776638146947,0.000757921360440728,0.000757921360440728,0
3,250,"RMST_diff","50_sites_x_100","moderate",50,100,0,1.92756947857927,1.6325499444008,-0.295019534178472,1.65395879342968,-0.273610685149594,0.0214088490288784,-0.0214088490288784,0
3,251,"RD","50_sites_x_100","moderate",50,100,0,-0.0890061663840512,-0.0819384039591116,0.00706776242493967,-0.080867230942859,0.00813893544119226,0.00107117301625259,0.00107117301625259,0
3,251,"RMST_diff","50_sites_x_100","moderate",50,100,0,1.92756947857927,1.67593461809562,-0.251634860483652,1.69350669600647,-0.234062782572808,0.0175720779108435,-0.0175720779108435,0
3,252,"RD","50_sites_x_100","moderate",50,100,0,-0.0890061663840512,-0.0813420560666133,0.00766411031743797,-0.0802684683897906,0.00873769799426061,0.00107358767682264,0.00107358767682264,0
3,252,"RMST_diff","50_sites_x_100","moderate",50,100,0,1.92756947857927,1.63252520706097,-0.295044271518309,1.65398987859008,-0.273579599989192,0.0214646715291167,-0.0214646715291167,0
3,253,"RD","50_sites_x_100","moderate",50,100,0,-0.0890061663840512,-0.0800627755632792,0.008943390820772,-0.0790513864203726,0.00995477996367866,0.00101138914290666,0.00101138914290666,0
3,253,"RMST_diff","50_sites_x_100","moderate",50,100,0,1.92756947857927,1.61235060262899,-0.315218875950286,1.6332955802538,-0.294273898325477,0.0209449776248096,-0.0209449776248096,0
3,254,"RD","50_sites_x_100","moderate",50,100,0,-0.0890061663840512,-0.080898399188485,0.00810776719556627,-0.0797188371731353,0.00928732921091591,0.00117956201534963,0.00117956201534963,0
3,254,"RMST_diff","50_sites_x_100","moderate",50,100,0,1.92756947857927,1.62787918538527,-0.299690293194004,1.64392248481009,-0.283646993769187,0.0160432994248172,-0.0160432994248172,0
3,255,"RD","50_sites_x_100","moderate",50,100,0,-0.0890061663840512,-0.079560520102383,0.00944564628166822,-0.0785239611255689,0.0104822052584823,0.00103655897681409,0.00103655897681409,0
3,255,"RMST_diff","50_sites_x_100","moderate",50,100,0,1.92756947857927,1.59586694047775,-0.331702538101528,1.61383219047545,-0.313737288103821,0.0179652499977063,-0.0179652499977063,0
3,256,"RD","50_sites_x_100","moderate",50,100,0,-0.0890061663840512,-0.0789878382075199,0.0100183281765314,-0.0779587458586689,0.0110474205253823,0.00102909234885096,0.00102909234885096,0
3,256,"RMST_diff","50_sites_x_100","moderate",50,100,0,1.92756947857927,1.5942454307362,-0.333324047843078,1.61259116470521,-0.314978313874064,0.0183457339690136,-0.0183457339690136,0
3,257,"RD","50_sites_x_100","moderate",50,100,0,-0.0890061663840512,-0.0797127041289588,0.00929346225509242,-0.0789040564703898,0.0101021099136615,0.000808647658569028,0.000808647658569028,0
3,257,"RMST_diff","50_sites_x_100","moderate",50,100,0,1.92756947857927,1.56971722439359,-0.357852254185685,1.58134469561862,-0.346224782960652,0.011627471225033,-0.011627471225033,0
3,258,"RD","50_sites_x_100","moderate",50,100,0,-0.0890061663840512,-0.0798860982048423,0.00912006817920896,-0.0788987694646511,0.0101073969194001,0.00098732874019114,0.00098732874019114,0
3,258,"RMST_diff","50_sites_x_100","moderate",50,100,0,1.92756947857927,1.61632769895288,-0.311241779626394,1.62367475849575,-0.303894720083527,0.00734705954286774,-0.00734705954286774,0
3,259,"RD","50_sites_x_100","moderate",50,100,0,-0.0890061663840512,-0.0795750160131835,0.00943115037086772,-0.0787270065451298,0.0102791598389215,0.000848009468053745,0.000848009468053745,0
3,259,"RMST_diff","50_sites_x_100","moderate",50,100,0,1.92756947857927,1.64797709563523,-0.279592382944045,1.6546846036024,-0.272884874976874,0.00670750796717101,-0.00670750796717101,0
3,260,"RD","50_sites_x_100","moderate",50,100,0,-0.0890061663840512,-0.0800166237391163,0.0089895426449349,-0.0793850975505572,0.00962106883349401,0.000631526188559106,0.000631526188559106,0
3,260,"RMST_diff","50_sites_x_100","moderate",50,100,0,1.92756947857927,1.61491198707853,-0.312657491500747,1.61871316069944,-0.308856317879833,0.00380117362091426,-0.00380117362091426,0
3,261,"RD","50_sites_x_100","moderate",50,100,0,-0.0890061663840512,-0.0816343839008542,0.00737178248319703,-0.0812194747566722,0.00778669162737899,0.000414909144181963,0.000414909144181963,0
3,261,"RMST_diff","50_sites_x_100","moderate",50,100,0,1.92756947857927,1.62553596159953,-0.302033516979741,1.63120226512669,-0.29636721345258,0.00566630352716047,-0.00566630352716047,0
3,262,"RD","50_sites_x_100","moderate",50,100,0,-0.0890061663840512,-0.0878242111281461,0.00118195525590514,-0.0880498387398295,0.000956327644221711,-0.000225627611683432,-0.000225627611683432,0
3,262,"RMST_diff","50_sites_x_100","moderate",50,100,0,1.92756947857927,1.7124998075586,-0.21506967102067,1.7279700865324,-0.199599392046876,0.0154702789737939,-0.0154702789737939,0
3,263,"RD","50_sites_x_100","moderate",50,100,0,-0.0890061663840512,-0.0846530759541637,0.00435309042988752,-0.0848788465477295,0.00412731983632175,-0.000225770593565766,-0.000225770593565766,0
3,263,"RMST_diff","50_sites_x_100","moderate",50,100,0,1.92756947857927,1.6624914851373,-0.265077993441972,1.67715306342218,-0.25041641515709,0.0146615782848816,-0.0146615782848816,0
3,264,"RD","50_sites_x_100","moderate",50,100,0,-0.0890061663840512,-0.0885511552858159,0.000455011098235314,-0.0887096355669558,0.000296530817095464,-0.00015848028113985,-0.00015848028113985,0
3,264,"RMST_diff","50_sites_x_100","moderate",50,100,0,1.92756947857927,1.73036715291567,-0.197202325663607,1.74392145358387,-0.183648024995405,0.0135543006682024,-0.0135543006682024,0
3,265,"RD","50_sites_x_100","moderate",50,100,0,-0.0890061663840512,-0.092973855063861,-0.00396768867980979,-0.0929378350412762,-0.00393166865722494,3.60200225848484e-05,-3.60200225848484e-05,0
3,265,"RMST_diff","50_sites_x_100","moderate",50,100,0,1.92756947857927,1.79617552113385,-0.131393957445427,1.80733478411224,-0.120234694467033,0.0111592629783939,-0.0111592629783939,0
3,266,"RD","50_sites_x_100","moderate",50,100,0,-0.0890061663840512,-0.090573791796174,-0.00156762541212274,-0.090538150339903,-0.00153198395585175,3.56414562709961e-05,-3.56414562709961e-05,0
3,266,"RMST_diff","50_sites_x_100","moderate",50,100,0,1.92756947857927,1.77153938433253,-0.156030094246749,1.78404256875094,-0.143526909828331,0.0125031844184171,-0.0125031844184171,0
3,267,"RD","50_sites_x_100","moderate",50,100,0,-0.0890061663840512,-0.0917842389105317,-0.00277807252648044,-0.091732735420974,-0.00272656903692281,5.1503489557625e-05,-5.1503489557625e-05,0
3,267,"RMST_diff","50_sites_x_100","moderate",50,100,0,1.92756947857927,1.81684764732717,-0.110721831252102,1.82906962678118,-0.098499851798092,0.0122219794540097,-0.0122219794540097,0
3,268,"RD","50_sites_x_100","moderate",50,100,0,-0.0890061663840512,-0.0893736224607639,-0.000367456076712624,-0.0891656261876042,-0.000159459803552919,0.000207996273159705,-0.000207996273159705,0
3,268,"RMST_diff","50_sites_x_100","moderate",50,100,0,1.92756947857927,1.79317823231648,-0.134391246262798,1.7981630561543,-0.129406422424971,0.00498482383782672,-0.00498482383782672,0
3,269,"RD","50_sites_x_100","moderate",50,100,0,-0.0890061663840512,-0.0960648081533613,-0.00705864176931004,-0.0951540437816685,-0.00614787739761724,0.000910764371692796,-0.000910764371692796,0
3,269,"RMST_diff","50_sites_x_100","moderate",50,100,0,1.92756947857927,1.86184633077789,-0.0657231478013802,1.85870314196801,-0.0688663366112596,-0.0031431888098794,0.0031431888098794,0
3,270,"RD","50_sites_x_100","moderate",50,100,0,-0.0890061663840512,-0.0949212924296653,-0.00591512604561406,-0.0936456256460652,-0.00463945926201392,0.00127566678360014,-0.00127566678360014,0
3,270,"RMST_diff","50_sites_x_100","moderate",50,100,0,1.92756947857927,1.81828940545299,-0.109280073126284,1.81117404056679,-0.11639543801248,-0.00711536488619657,0.00711536488619657,0
3,271,"RD","50_sites_x_100","moderate",50,100,0,-0.0890061663840512,-0.0917527171008428,-0.00274655071679153,-0.0907182958052744,-0.00171212942122312,0.00103442129556841,-0.00103442129556841,0
3,271,"RMST_diff","50_sites_x_100","moderate",50,100,0,1.92756947857927,1.76299666105825,-0.164572817521025,1.75976521891684,-0.167804259662436,-0.00323144214141102,0.00323144214141102,0
3,272,"RD","50_sites_x_100","moderate",50,100,0,-0.0890061663840512,-0.0876870590303307,0.00131910735372054,-0.0864814741031178,0.00252469228093344,0.0012055849272129,0.0012055849272129,0
3,272,"RMST_diff","50_sites_x_100","moderate",50,100,0,1.92756947857927,1.72201919927828,-0.205550279300994,1.71578557932299,-0.211783899256286,-0.00623361995529237,0.00623361995529237,0
3,273,"RD","50_sites_x_100","moderate",50,100,0,-0.0890061663840512,-0.0901301024376776,-0.00112393605362637,-0.0891759155313888,-0.000169749147337583,0.00095418690628879,-0.00095418690628879,0
3,273,"RMST_diff","50_sites_x_100","moderate",50,100,0,1.92756947857927,1.71404845678359,-0.213521021795684,1.70416897651894,-0.223400502060333,-0.00987948026464913,0.00987948026464913,0
3,274,"RD","50_sites_x_100","moderate",50,100,0,-0.0890061663840512,-0.0890180125381925,-1.18461541412929e-05,-0.0882192463344931,0.00078692004955816,0.000798766203699453,0.000775073895416867,0
3,274,"RMST_diff","50_sites_x_100","moderate",50,100,0,1.92756947857927,1.69971073222533,-0.227858746353945,1.6915197928887,-0.236049685690572,-0.00819093933662707,0.00819093933662707,0
3,275,"RD","50_sites_x_100","moderate",50,100,0,-0.0890061663840512,-0.0826327868527216,0.00637337953132966,-0.0823475210389941,0.00665864534505711,0.000285265813727453,0.000285265813727453,0
3,275,"RMST_diff","50_sites_x_100","moderate",50,100,0,1.92756947857927,1.63449434397558,-0.293075134603697,1.63210208476642,-0.295467393812855,-0.00239225920915764,0.00239225920915764,0
3,276,"RD","50_sites_x_100","moderate",50,100,0,-0.0890061663840512,-0.0853566509385396,0.00364951544551162,-0.084836728212677,0.00416943817137427,0.000519922725862654,0.000519922725862654,0
3,276,"RMST_diff","50_sites_x_100","moderate",50,100,0,1.92756947857927,1.62472055422579,-0.302848924353484,1.62226242614645,-0.305307052432823,-0.00245812807933987,0.00245812807933987,0
3,277,"RD","50_sites_x_100","moderate",50,100,0,-0.0890061663840512,-0.0840196795680327,0.00498648681601854,-0.0835888387487297,0.00541732763532154,0.000430840819303002,0.000430840819303002,0
3,277,"RMST_diff","50_sites_x_100","moderate",50,100,0,1.92756947857927,1.60790083612414,-0.319668642455136,1.61008577417888,-0.317483704400392,0.00218493805474473,-0.00218493805474473,0
3,278,"RD","50_sites_x_100","moderate",50,100,0,-0.0890061663840512,-0.0852518017139672,0.00375436467008405,-0.0839527964271766,0.00505336995687466,0.00129900528679061,0.00129900528679061,0
3,278,"RMST_diff","50_sites_x_100","moderate",50,100,0,1.92756947857927,1.6188119501873,-0.308757528391977,1.59220046980509,-0.335369008774185,-0.0266114803822077,0.0266114803822077,0
3,279,"RD","50_sites_x_100","moderate",50,100,0,-0.0890061663840512,-0.0912719747773404,-0.00226580839328916,-0.0911714980592736,-0.00216533167522237,0.000100476718066789,-0.000100476718066789,0
3,279,"RMST_diff","50_sites_x_100","moderate",50,100,0,1.92756947857927,1.70599873404172,-0.221570744537553,1.69451761693417,-0.233051861645107,-0.0114811171075537,0.0114811171075537,0
3,280,"RD","50_sites_x_100","moderate",50,100,0,-0.0890061663840512,-0.0947314654792476,-0.00572529909519637,-0.0946055552154506,-0.00559938883139932,0.000125910263797047,-0.000125910263797047,0
3,280,"RMST_diff","50_sites_x_100","moderate",50,100,0,1.92756947857927,1.77057925967075,-0.156990218908529,1.75800077754396,-0.169568701035312,-0.0125784821267825,0.0125784821267825,0
3,281,"RD","50_sites_x_100","moderate",50,100,0,-0.0890061663840512,-0.0934218543169315,-0.00441568793288027,-0.0932339857099022,-0.00422781932585092,0.000187868607029351,-0.000187868607029351,0
3,281,"RMST_diff","50_sites_x_100","moderate",50,100,0,1.92756947857927,1.75189222462747,-0.175677253951806,1.73869137930218,-0.188878099277098,-0.0132008453252919,0.0132008453252919,0
3,282,"RD","50_sites_x_100","moderate",50,100,0,-0.0890061663840512,-0.0932647685791966,-0.0042586021951454,-0.0929987853864823,-0.00399261900243109,0.000265983192714314,-0.000265983192714314,0
3,282,"RMST_diff","50_sites_x_100","moderate",50,100,0,1.92756947857927,1.75602831664924,-0.17154116193003,1.74348076580523,-0.184088712774043,-0.0125475508440136,0.0125475508440136,0
3,283,"RD","50_sites_x_100","moderate",50,100,0,-0.0890061663840512,-0.0904625502389833,-0.00145638385493208,-0.0901820826455363,-0.00117591626148505,0.00028046759344702,-0.00028046759344702,0
3,283,"RMST_diff","50_sites_x_100","moderate",50,100,0,1.92756947857927,1.72477815329297,-0.202791325286308,1.71355465189414,-0.214014826685139,-0.0112235013988311,0.0112235013988311,0
3,284,"RD","50_sites_x_100","moderate",50,100,0,-0.0890061663840512,-0.0884652424063964,0.000540923977654817,-0.0883117231085836,0.000694443275467638,0.000153519297812821,0.000153519297812821,0
3,284,"RMST_diff","50_sites_x_100","moderate",50,100,0,1.92756947857927,1.65013402089873,-0.277435457680539,1.64556292241169,-0.282006556167586,-0.0045710984870464,0.0045710984870464,0
3,285,"RD","50_sites_x_100","moderate",50,100,0,-0.0890061663840512,-0.0885463382802208,0.000459828103830384,-0.0883884166370859,0.000617749746965379,0.000157921643134995,0.000157921643134995,0
3,285,"RMST_diff","50_sites_x_100","moderate",50,100,0,1.92756947857927,1.64447664155603,-0.28309283702324,1.64001340133708,-0.287556077242195,-0.00446324021895528,0.00446324021895528,0
3,286,"RD","50_sites_x_100","moderate",50,100,0,-0.0890061663840512,-0.0884265863867839,0.000579579997267321,-0.0881587132734116,0.000847453110639607,0.000267873113372286,0.000267873113372286,0
3,286,"RMST_diff","50_sites_x_100","moderate",50,100,0,1.92756947857927,1.66076080981504,-0.266808668764238,1.65397757724121,-0.273591901338065,-0.00678323257382729,0.00678323257382729,0
3,287,"RD","50_sites_x_100","moderate",50,100,0,-0.0890061663840512,-0.0887704527750568,0.000235713608994437,-0.0885085972167169,0.000497569167334344,0.000261855558339907,0.000261855558339907,0
3,287,"RMST_diff","50_sites_x_100","moderate",50,100,0,1.92756947857927,1.63834979030181,-0.289219688277459,1.63463758335931,-0.292931895219967,-0.00371220694250773,0.00371220694250773,0
3,288,"RD","50_sites_x_100","moderate",50,100,0,-0.0890061663840512,-0.086600840319796,0.00240532606425525,-0.0864146561017167,0.00259151028233451,0.000186184218079255,0.000186184218079255,0
3,288,"RMST_diff","50_sites_x_100","moderate",50,100,0,1.92756947857927,1.61488793960076,-0.312681538978511,1.61007223702404,-0.317497241555234,-0.00481570257672281,0.00481570257672281,0
3,289,"RD","50_sites_x_100","moderate",50,100,0,-0.0890061663840512,-0.0873148734917104,0.00169129289234082,-0.0871117890612658,0.00189437732278541,0.000203084430444589,0.000203084430444589,0
3,289,"RMST_diff","50_sites_x_100","moderate",50,100,0,1.92756947857927,1.62820127391293,-0.299368204666349,1.62377007755598,-0.303799401023293,-0.00443119635694345,0.00443119635694345,0
3,290,"RD","50_sites_x_100","moderate",50,100,0,-0.0890061663840512,-0.0873399451722018,0.00166622121184945,-0.087345229344845,0.00166093703920622,-5.28417264322734e-06,-5.28417264322734e-06,0
3,290,"RMST_diff","50_sites_x_100","moderate",50,100,0,1.92756947857927,1.66457415369316,-0.262995324886111,1.66126589994991,-0.266303578629364,-0.00330825374325272,0.00330825374325272,0
3,291,"RD","50_sites_x_100","moderate",50,100,0,-0.0890061663840512,-0.0893108273250741,-0.000304660941022883,-0.0893412446523801,-0.000335078268328903,-3.04173273060204e-05,3.04173273060204e-05,0
3,291,"RMST_diff","50_sites_x_100","moderate",50,100,0,1.92756947857927,1.66045194422921,-0.267117534350067,1.65996826636725,-0.267601212212027,-0.000483677861959464,0.000483677861959464,0
3,292,"RD","50_sites_x_100","moderate",50,100,0,-0.0890061663840512,-0.0891686605231784,-0.000162494139127167,-0.0893172393905377,-0.000311073006486473,-0.000148578867359306,0.000148578867359306,0
3,292,"RMST_diff","50_sites_x_100","moderate",50,100,0,1.92756947857927,1.64592458763244,-0.281644890946829,1.64238283741594,-0.285186641163337,-0.00354175021650782,0.00354175021650782,0
3,293,"RD","50_sites_x_100","moderate",50,100,0,-0.0890061663840512,-0.0899927160793941,-0.000986549695342842,-0.0899141022293639,-0.00090793584531268,7.86138500301625e-05,-7.86138500301625e-05,0
3,293,"RMST_diff","50_sites_x_100","moderate",50,100,0,1.92756947857927,1.63333143925322,-0.29423803932605,1.62846557757677,-0.2991039010025,-0.00486586167644987,0.00486586167644987,0
3,294,"RD","50_sites_x_100","moderate",50,100,0,-0.0890061663840512,-0.0891801686377283,-0.00017400225367703,-0.0890596553544536,-5.348897040236e-05,0.00012051328327467,-0.00012051328327467,0
3,294,"RMST_diff","50_sites_x_100","moderate",50,100,0,1.92756947857927,1.59853535576682,-0.329034122812455,1.59136261646468,-0.33620686211459,-0.0071727393021348,0.0071727393021348,0
3,295,"RD","50_sites_x_100","moderate",50,100,0,-0.0890061663840512,-0.0911720178232954,-0.00216585143924419,-0.0910455578411122,-0.002039391457061,0.000126459982183191,-0.000126459982183191,0
3,295,"RMST_diff","50_sites_x_100","moderate",50,100,0,1.92756947857927,1.63058991587914,-0.29697956270013,1.6239765182426,-0.303592960336676,-0.00661339763654567,0.00661339763654567,0
3,296,"RD","50_sites_x_100","moderate",50,100,0,-0.0890061663840512,-0.0932178355519599,-0.00421166916790872,-0.0931874242604296,-0.00418125787637835,3.04112915303634e-05,-3.04112915303634e-05,0
3,296,"RMST_diff","50_sites_x_100","moderate",50,100,0,1.92756947857927,1.64928835100836,-0.27828112757091,1.64265308355488,-0.284916395024391,-0.00663526745348086,0.00663526745348086,0
3,297,"RD","50_sites_x_100","moderate",50,100,0,-0.0890061663840512,-0.0929270365514853,-0.00392087016743403,-0.093022763794781,-0.00401659741072979,-9.57272432957623e-05,9.57272432957623e-05,0
3,297,"RMST_diff","50_sites_x_100","moderate",50,100,0,1.92756947857927,1.63543179095844,-0.292137687620832,1.63325943863709,-0.294310039942188,-0.00217235232135593,0.00217235232135593,0
3,298,"RD","50_sites_x_100","moderate",50,100,0,-0.0890061663840512,-0.090669637154038,-0.00166347076998674,-0.0908041145944845,-0.00179794821043322,-0.000134477440446479,0.000134477440446479,0
3,298,"RMST_diff","50_sites_x_100","moderate",50,100,0,1.92756947857927,1.67540877822602,-0.252160700353249,1.66499529253088,-0.262574186048395,-0.0104134856951461,0.0104134856951461,0
3,299,"RD","50_sites_x_100","moderate",50,100,0,-0.0890061663840512,-0.0931370336467767,-0.00413086726272549,-0.093327940008609,-0.00432177362455777,-0.000190906361832277,0.000190906361832277,0
3,299,"RMST_diff","50_sites_x_100","moderate",50,100,0,1.92756947857927,1.70455574629402,-0.223013732285258,1.69473520702832,-0.232834271550953,-0.00982053926569471,0.00982053926569471,0
3,300,"RD","50_sites_x_100","moderate",50,100,0,-0.0890061663840512,-0.0932350473227126,-0.00422888093866136,-0.0934079287675941,-0.00440176238354284,-0.000172881444881479,0.000172881444881479,0
3,300,"RMST_diff","50_sites_x_100","moderate",50,100,0,1.92756947857927,1.70543368974914,-0.22213578883013,1.6924791286057,-0.235090349973577,-0.012954561143447,0.012954561143447,0
4,1,"RD","100_sites_x_50","moderate",100,50,3,-0.0890061663840512,-0.0818725920001184,0.00713357438393281,-0.0849691106760685,0.00403705570798274,-0.00309651867595007,-0.00309651867595007,0.03
4,1,"RMST_diff","100_sites_x_50","moderate",100,50,3,1.92756947857927,1.61196425972719,-0.315605218852081,1.61247472288569,-0.315094755693586,0.0005104631584949,-0.0005104631584949,0.03
4,2,"RD","100_sites_x_50","moderate",100,50,3,-0.0890061663840512,-0.0804622280578647,0.0085439383261865,-0.0838634286061134,0.00514273777793783,-0.00340120054824866,-0.00340120054824866,0.03
4,2,"RMST_diff","100_sites_x_50","moderate",100,50,3,1.92756947857927,1.57580830866897,-0.351761169910302,1.58250667365995,-0.345062804919325,0.00669836499097798,-0.00669836499097798,0.03
4,3,"RD","100_sites_x_50","moderate",100,50,3,-0.0890061663840512,-0.080412708893403,0.00859345749064822,-0.0841547072324853,0.00485145915156593,-0.00374199833908229,-0.00374199833908229,0.03
4,3,"RMST_diff","100_sites_x_50","moderate",100,50,3,1.92756947857927,1.55255977668256,-0.375009701896719,1.56297685319141,-0.364592625387866,0.0104170765088529,-0.0104170765088529,0.03
4,4,"RD","100_sites_x_50","moderate",100,50,3,-0.0890061663840512,-0.0818125004386644,0.00719366594538684,-0.0855634588547189,0.00344270752933229,-0.00375095841605455,-0.00375095841605455,0.03
4,4,"RMST_diff","100_sites_x_50","moderate",100,50,3,1.92756947857927,1.57709223722323,-0.350477241356041,1.58784038466118,-0.339729093918097,0.0107481474379441,-0.0107481474379441,0.03
4,5,"RD","100_sites_x_50","moderate",100,50,3,-0.0890061663840512,-0.083690998960107,0.00531516742394422,-0.0870248011404222,0.00198136524362902,-0.0033338021803152,-0.0033338021803152,0.03
4,5,"RMST_diff","100_sites_x_50","moderate",100,50,3,1.92756947857927,1.62136265159505,-0.306206826984223,1.6293879595576,-0.298181519021679,0.0080253079625443,-0.0080253079625443,0.03
4,6,"RD","100_sites_x_50","moderate",100,50,3,-0.0890061663840512,-0.0839943300471869,0.00501183633686431,-0.0884905824082747,0.000515583975776557,-0.00449625236108775,-0.00449625236108775,0.03
4,6,"RMST_diff","100_sites_x_50","moderate",100,50,3,1.92756947857927,1.64136622230467,-0.286203256274609,1.65722142728693,-0.270348051292345,0.0158552049822642,-0.0158552049822642,0.03
4,7,"RD","100_sites_x_50","moderate",100,50,3,-0.0890061663840512,-0.0816903425020494,0.0073158238820018,-0.0861345902382858,0.00287157614576539,-0.00444424773623642,-0.00444424773623642,0.03
4,7,"RMST_diff","100_sites_x_50","moderate",100,50,3,1.92756947857927,1.62043968177635,-0.307129796802922,1.63593768299894,-0.291631795580333,0.0154980012225892,-0.0154980012225892,0.03
4,8,"RD","100_sites_x_50","moderate",100,50,3,-0.0890061663840512,-0.0849798584663876,0.00402630791766367,-0.090111270869275,-0.00110510448522372,-0.00513141240288739,-0.00292120343243996,0.03
4,8,"RMST_diff","100_sites_x_50","moderate",100,50,3,1.92756947857927,1.66417946339538,-0.263390015183893,1.69215319483375,-0.235416283745522,0.0279737314383706,-0.0279737314383706,0.03
4,9,"RD","100_sites_x_50","moderate",100,50,3,-0.0890061663840512,-0.0803505267129896,0.00865563967106164,-0.0871123300465014,0.0018938363375498,-0.00676180333351184,-0.00676180333351184,0.03
4,9,"RMST_diff","100_sites_x_50","moderate",100,50,3,1.92756947857927,1.57319178201774,-0.35437769656153,1.63399443066213,-0.293575047917148,0.0608026486443816,-0.0608026486443816,0.03
4,10,"RD","100_sites_x_50","moderate",100,50,3,-0.0890061663840512,-0.0814297094785861,0.00757645690546516,-0.0888339165051273,0.000172249878923947,-0.00740420702654121,-0.00740420702654121,0.03
4,10,"RMST_diff","100_sites_x_50","moderate",100,50,3,1.92756947857927,1.57349622590111,-0.354073252678166,1.64318734892495,-0.284382129654325,0.0696911230238406,-0.0696911230238406,0.03
4,11,"RD","100_sites_x_50","moderate",100,50,3,-0.0890061663840512,-0.0826637267531714,0.00634243963087988,-0.0896425373737617,-0.000636370989710477,-0.00697881062059036,-0.0057060686411694,0.03
4,11,"RMST_diff","100_sites_x_50","moderate",100,50,3,1.92756947857927,1.55304890212777,-0.374520576451504,1.62577082857564,-0.301798650003636,0.0727219264478673,-0.0727219264478673,0.03
4,12,"RD","100_sites_x_50","moderate",100,50,3,-0.0890061663840512,-0.0857395201914855,0.00326664619256578,-0.0934206525771205,-0.00441448619306928,-0.00768113238563506,0.0011478400005035,0.03
4,12,"RMST_diff","100_sites_x_50","moderate",100,50,3,1.92756947857927,1.61900826838555,-0.308561210193719,1.69711905048676,-0.230450428092517,0.0781107821012021,-0.0781107821012021,0.03
4,13,"RD","100_sites_x_50","moderate",100,50,3,-0.0890061663840512,-0.0853697234253933,0.00363644295865795,-0.0932686708355404,-0.00426250445148912,-0.00789894741014707,0.000626061492831176,0.03
4,13,"RMST_diff","100_sites_x_50","moderate",100,50,3,1.92756947857927,1.62376602502942,-0.303803453549856,1.7023229390151,-0.225246539564173,0.0785569139856825,-0.0785569139856825,0.03
4,14,"RD","100_sites_x_50","moderate",100,50,3,-0.0890061663840512,-0.0837158789582518,0.0052902874257994,-0.0917224390839526,-0.00271627269990138,-0.00800656012570078,-0.00257401472589802,0.03
4,14,"RMST_diff","100_sites_x_50","moderate",100,50,3,1.92756947857927,1.58801800243961,-0.339551476139668,1.66975055777623,-0.257818920803048,0.0817325553366199,-0.0817325553366199,0.03
4,15,"RD","100_sites_x_50","moderate",100,50,3,-0.0890061663840512,-0.083802627196228,0.00520353918782324,-0.092021255491478,-0.00301508910742676,-0.00821862829525,-0.00218845008039648,0.03
4,15,"RMST_diff","100_sites_x_50","moderate",100,50,3,1.92756947857927,1.61130384933942,-0.316265629239853,1.69762760828948,-0.229941870289792,0.0863237589500603,-0.0863237589500603,0.03
4,16,"RD","100_sites_x_50","moderate",100,50,3,-0.0890061663840512,-0.0823066372015202,0.00669952918253103,-0.0906656204696388,-0.00165945408558754,-0.00835898326811857,-0.00504007509694349,0.03
4,16,"RMST_diff","100_sites_x_50","moderate",100,50,3,1.92756947857927,1.59129727295464,-0.336272205624629,1.67863724112896,-0.24893223745031,0.0873399681743194,-0.0873399681743194,0.03
4,17,"RD","100_sites_x_50","moderate",100,50,3,-0.0890061663840512,-0.0770063573699624,0.0119998090140888,-0.0894511677169574,-0.000445001332906148,-0.012444810346995,-0.0115548076811827,0.03
4,17,"RMST_diff","100_sites_x_50","moderate",100,50,3,1.92756947857927,1.40825277474983,-0.519316703829441,1.62558949098091,-0.301979987598362,0.217336716231079,-0.217336716231079,0.03
4,18,"RD","100_sites_x_50","moderate",100,50,3,-0.0890061663840512,-0.0743329020734326,0.0146732643106187,-0.0869229393946392,0.00208322698941199,-0.0125900373212067,-0.0125900373212067,0.03
4,18,"RMST_diff","100_sites_x_50","moderate",100,50,3,1.92756947857927,1.40298140918792,-0.524588069391353,1.61745848287531,-0.31011099570396,0.214477073687393,-0.214477073687393,0.03
4,19,"RD","100_sites_x_50","moderate",100,50,3,-0.0890061663840512,-0.073158409262556,0.0158477571214952,-0.0853790293675099,0.00362713701654138,-0.0122206201049538,-0.0122206201049538,0.03
4,19,"RMST_diff","100_sites_x_50","moderate",100,50,3,1.92756947857927,1.40508651550687,-0.522482963072408,1.61706571832106,-0.310503760258216,0.211979202814192,-0.211979202814192,0.03
4,20,"RD","100_sites_x_50","moderate",100,50,3,-0.0890061663840512,-0.07469188553838,0.0143142808456712,-0.0874345839165985,0.0015715824674527,-0.0127426983782185,-0.0127426983782185,0.03
4,20,"RMST_diff","100_sites_x_50","moderate",100,50,3,1.92756947857927,1.42510847616079,-0.502461002418487,1.64656931672802,-0.281000161851258,0.221460840567229,-0.221460840567229,0.03
4,21,"RD","100_sites_x_50","moderate",100,50,3,-0.0890061663840512,-0.0745644586629155,0.0144417077211357,-0.0873759508545372,0.00163021552951403,-0.0128114921916217,-0.0128114921916217,0.03
4,21,"RMST_diff","100_sites_x_50","moderate",100,50,3,1.92756947857927,1.43735102838221,-0.490218450197066,1.65813052427959,-0.269438954299686,0.22077949589738,-0.22077949589738,0.03
4,22,"RD","100_sites_x_50","moderate",100,50,3,-0.0890061663840512,-0.0731007494596337,0.0159054169244175,-0.085825719725198,0.0031804466588532,-0.0127249702655643,-0.0127249702655643,0.03
4,22,"RMST_diff","100_sites_x_50","moderate",100,50,3,1.92756947857927,1.40865604841663,-0.518913430162643,1.6312143004451,-0.296355178134176,0.222558252028467,-0.222558252028467,0.03
4,23,"RD","100_sites_x_50","moderate",100,50,3,-0.0890061663840512,-0.075020712280035,0.0139854541040162,-0.0874679639439675,0.00153820244008374,-0.0124472516639325,-0.0124472516639325,0.03
4,23,"RMST_diff","100_sites_x_50","moderate",100,50,3,1.92756947857927,1.43661240053021,-0.490957078049064,1.65282373511323,-0.274745743466047,0.216211334583017,-0.216211334583017,0.03
4,24,"RD","100_sites_x_50","moderate",100,50,3,-0.0890061663840512,-0.0765159420988107,0.0124902242852405,-0.0886566196827553,0.000349546701295944,-0.0121406775839445,-0.0121406775839445,0.03
4,24,"RMST_diff","100_sites_x_50","moderate",100,50,3,1.92756947857927,1.45379236257873,-0.473777116000546,1.66616293521685,-0.261406543362419,0.212370572638127,-0.212370572638127,0.03
4,25,"RD","100_sites_x_50","moderate",100,50,3,-0.0890061663840512,-0.0770243965827991,0.0119817698012521,-0.090682003003046,-0.00167583661899473,-0.0136576064202468,-0.0103059331822574,0.03
4,25,"RMST_diff","100_sites_x_50","moderate",100,50,3,1.92756947857927,1.47763378510546,-0.44993569347381,1.72655354337305,-0.201015935206224,0.248919758267586,-0.248919758267586,0.03
4,26,"RD","100_sites_x_50","moderate",100,50,3,-0.0890061663840512,-0.0774897266701503,0.0115164397139009,-0.0910729974651469,-0.00206683108109562,-0.0135832707949965,-0.00944960863280531,0.03
4,26,"RMST_diff","100_sites_x_50","moderate",100,50,3,1.92756947857927,1.47136180289099,-0.456207675688281,1.718136036414,-0.209433442165277,0.246774233523004,-0.246774233523004,0.03
4,27,"RD","100_sites_x_50","moderate",100,50,3,-0.0890061663840512,-0.0770126337225587,0.0119935326614925,-0.0907083151340712,-0.00170214875001995,-0.0136956814115125,-0.0102913839114726,0.03
4,27,"RMST_diff","100_sites_x_50","moderate",100,50,3,1.92756947857927,1.48803494496611,-0.439534533613159,1.73494002690293,-0.192629451676343,0.246905081936816,-0.246905081936816,0.03
4,28,"RD","100_sites_x_50","moderate",100,50,3,-0.0890061663840512,-0.0793886694597419,0.00961749692430935,-0.0929188403361992,-0.003912673952148,-0.0135301708764574,-0.00570482297216135,0.03
4,28,"RMST_diff","100_sites_x_50","moderate",100,50,3,1.92756947857927,1.53593014967551,-0.391639328903768,1.77813421807804,-0.149435260501233,0.242204068402534,-0.242204068402534,0.03
4,29,"RD","100_sites_x_50","moderate",100,50,3,-0.0890061663840512,-0.0809253654412352,0.00808080094281605,-0.0946033667649273,-0.00559720038087608,-0.0136780013236921,-0.00248360056193997,0.03
4,29,"RMST_diff","100_sites_x_50","moderate",100,50,3,1.92756947857927,1.591861378208,-0.335708100371274,1.83650502483711,-0.0910644537421632,0.244643646629111,-0.244643646629111,0.03
4,30,"RD","100_sites_x_50","moderate",100,50,3,-0.0890061663840512,-0.0893945004708396,-0.0003883340867884,-0.098685199329241,-0.00967903294518979,-0.00929069885840139,0.00929069885840139,0.03
4,30,"RMST_diff","100_sites_x_50","moderate",100,50,3,1.92756947857927,1.7117743876332,-0.215795090946074,1.89844456904341,-0.0291249095358665,0.186670181410207,-0.186670181410207,0.03
4,31,"RD","100_sites_x_50","moderate",100,50,3,-0.0890061663840512,-0.0900377364417533,-0.00103157005770205,-0.0992712520896558,-0.0102650857056046,-0.00923351564790253,0.00923351564790253,0.03
4,31,"RMST_diff","100_sites_x_50","moderate",100,50,3,1.92756947857927,1.68615968438747,-0.241409794191803,1.87970672248173,-0.047862756097544,0.193547038094259,-0.193547038094259,0.03
4,32,"RD","100_sites_x_50","moderate",100,50,3,-0.0890061663840512,-0.0903061354926662,-0.00129996910861496,-0.0998848537110136,-0.0108786873269624,-0.00957871821834744,0.00957871821834744,0.03
4,32,"RMST_diff","100_sites_x_50","moderate",100,50,3,1.92756947857927,1.67379007662709,-0.25377940195218,1.87247365677285,-0.055095821806427,0.198683580145753,-0.198683580145753,0.03
4,33,"RD","100_sites_x_50","moderate",100,50,3,-0.0890061663840512,-0.0904363574308504,-0.0014301910467992,-0.100442715722789,-0.0114365493387382,-0.010006358291939,0.010006358291939,0.03
4,33,"RMST_diff","100_sites_x_50","moderate",100,50,3,1.92756947857927,1.67571535065562,-0.251854127923659,1.88778546053033,-0.0397840180489464,0.212070109874713,-0.212070109874713,0.03
4,34,"RD","100_sites_x_50","moderate",100,50,3,-0.0890061663840512,-0.08994134058603,-0.00093517420197875,-0.0998928499941697,-0.0108866836101185,-0.00995150940813971,0.00995150940813971,0.03
4,34,"RMST_diff","100_sites_x_50","moderate",100,50,3,1.92756947857927,1.67258809927537,-0.254981379303899,1.88092857950108,-0.046640899078195,0.208340480225704,-0.208340480225704,0.03
4,35,"RD","100_sites_x_50","moderate",100,50,3,-0.0890061663840512,-0.0905604963329878,-0.00155432994893656,-0.100221673695285,-0.011215507311234,-0.00966117736229744,0.00966117736229744,0.03
4,35,"RMST_diff","100_sites_x_50","moderate",100,50,3,1.92756947857927,1.68449877644988,-0.243070702129398,1.88662523542119,-0.0409442431580818,0.202126458971316,-0.202126458971316,0.03
4,36,"RD","100_sites_x_50","moderate",100,50,3,-0.0890061663840512,-0.0914959143344455,-0.00248974795039425,-0.100252335338894,-0.0112461689548423,-0.00875642100444807,0.00875642100444807,0.03
4,36,"RMST_diff","100_sites_x_50","moderate",100,50,3,1.92756947857927,1.7085010129563,-0.219068465622973,1.88757408020865,-0.0399953983706229,0.17907306725235,-0.17907306725235,0.03
4,37,"RD","100_sites_x_50","moderate",100,50,3,-0.0890061663840512,-0.0891733729978715,-0.000167206613820303,-0.0981226953375888,-0.00911652895353754,-0.00894932233971724,0.00894932233971724,0.03
4,37,"RMST_diff","100_sites_x_50","moderate",100,50,3,1.92756947857927,1.65842701147939,-0.269142467099883,1.83998875500364,-0.0875807235756341,0.181561743524249,-0.181561743524249,0.03
4,38,"RD","100_sites_x_50","moderate",100,50,3,-0.0890061663840512,-0.0888490960533664,0.000157070330684794,-0.0978100150322604,-0.00880384864820916,-0.00896091897889395,0.00864677831752436,0.03
4,38,"RMST_diff","100_sites_x_50","moderate",100,50,3,1.92756947857927,1.63572249916092,-0.291846979418354,1.81638025320999,-0.111189225369287,0.180657754049067,-0.180657754049067,0.03
4,39,"RD","100_sites_x_50","moderate",100,50,3,-0.0890061663840512,-0.0887840596760572,0.000222106707994052,-0.0977040346358278,-0.00869786825177654,-0.00891997495977059,0.00847576154378249,0.03
4,39,"RMST_diff","100_sites_x_50","moderate",100,50,3,1.92756947857927,1.65344133224448,-0.274128146334792,1.83049221664368,-0.0970772619355973,0.177050884399195,-0.177050884399195,0.03
4,40,"RD","100_sites_x_50","moderate",100,50,3,-0.0890061663840512,-0.0876512504233817,0.0013549159606695,-0.0964394157594695,-0.00743324937541823,-0.00878816533608773,0.00607833341474873,0.03
4,40,"RMST_diff","100_sites_x_50","moderate",100,50,3,1.92756947857927,1.67362199490652,-0.253947483672752,1.85248368065889,-0.0750857979203872,0.178861685752365,-0.178861685752365,0.03
4,41,"RD","100_sites_x_50","moderate",100,50,3,-0.0890061663840512,-0.0855251492390668,0.00348101714498439,-0.0941582756229289,-0.00515210923887766,-0.00863312638386204,0.00167109209389327,0.03
4,41,"RMST_diff","100_sites_x_50","moderate",100,50,3,1.92756947857927,1.65791655143633,-0.269652927142946,1.83702602766353,-0.0905434509157477,0.179109476227199,-0.179109476227199,0.03
4,42,"RD","100_sites_x_50","moderate",100,50,3,-0.0890061663840512,-0.0861825933268973,0.00282357305715397,-0.094767659342971,-0.00576149295891981,-0.00858506601607378,0.00293791990176584,0.03
4,42,"RMST_diff","100_sites_x_50","moderate",100,50,3,1.92756947857927,1.67839741418012,-0.249172064399154,1.85614380839752,-0.0714256701817533,0.177746394217401,-0.177746394217401,0.03
4,43,"RD","100_sites_x_50","moderate",100,50,3,-0.0890061663840512,-0.0872365865777103,0.00176957980634096,-0.0961809791031859,-0.00717481271913467,-0.00894439252547563,0.00540523291279371,0.03
4,43,"RMST_diff","100_sites_x_50","moderate",100,50,3,1.92756947857927,1.70234672366944,-0.225222754909835,1.88403887771463,-0.0435306008646474,0.181692154045187,-0.181692154045187,0.03
4,44,"RD","100_sites_x_50","moderate",100,50,3,-0.0890061663840512,-0.0875577203016056,0.00144844608244565,-0.0963388441481915,-0.00733267776414026,-0.00878112384658591,0.00588423168169461,0.03
4,44,"RMST_diff","100_sites_x_50","moderate",100,50,3,1.92756947857927,1.69474823734279,-0.232821241236481,1.87718713165661,-0.0503823469226639,0.182438894313817,-0.182438894313817,0.03
4,45,"RD","100_sites_x_50","moderate",100,50,3,-0.0890061663840512,-0.085830560787912,0.00317560559613927,-0.0943896868724183,-0.0053835204883671,-0.00855912608450637,0.00220791489222782,0.03
4,45,"RMST_diff","100_sites_x_50","moderate",100,50,3,1.92756947857927,1.67342539419511,-0.254144084384162,1.85117667680384,-0.0763928017754374,0.177751282608725,-0.177751282608725,0.03
4,46,"RD","100_sites_x_50","moderate",100,50,3,-0.0890061663840512,-0.0880383785908608,0.0009677877931904,-0.096889433754947,-0.00788326737089573,-0.00885105516408613,0.00691547957770533,0.03
4,46,"RMST_diff","100_sites_x_50","moderate",100,50,3,1.92756947857927,1.72366933481308,-0.203900143766189,1.91593638379851,-0.0116330947807626,0.192267048985427,-0.192267048985427,0.03
4,47,"RD","100_sites_x_50","moderate",100,50,3,-0.0890061663840512,-0.0895823424586529,-0.000576176074601698,-0.0989149611620528,-0.00990879477800155,-0.00933261870339985,0.00933261870339985,0.03
4,47,"RMST_diff","100_sites_x_50","moderate",100,50,3,1.92756947857927,1.73208308185785,-0.195486396721423,1.93177154860768,0.00420207002840201,0.199688466749825,-0.191284326693021,0.03
4,48,"RD","100_sites_x_50","moderate",100,50,3,-0.0890061663840512,-0.090603339776387,-0.00159717339233578,-0.100026495406141,-0.0110203290220897,-0.00942315562975393,0.00942315562975393,0.03
4,48,"RMST_diff","100_sites_x_50","moderate",100,50,3,1.92756947857927,1.75941253353254,-0.168156945046738,1.95943674972832,0.0318672711490429,0.20002421619578,-0.136289673897695,0.03
4,49,"RD","100_sites_x_50","moderate",100,50,3,-0.0890061663840512,-0.0904456717394019,-0.00143950535535065,-0.0999770351857026,-0.0109708688016513,-0.00953136344630068,0.00953136344630068,0.03
4,49,"RMST_diff","100_sites_x_50","moderate",100,50,3,1.92756947857927,1.78212839947461,-0.145441079104664,1.98274121930006,0.0551717407207821,0.200612819825446,-0.090269338383882,0.03
4,50,"RD","100_sites_x_50","moderate",100,50,3,-0.0890061663840512,-0.0933696304626608,-0.00436346407860955,-0.103590445569662,-0.0145842791856103,-0.0102208151070008,0.0102208151070008,0.03
4,50,"RMST_diff","100_sites_x_50","moderate",100,50,3,1.92756947857927,1.8290231819513,-0.098546296627978,2.04214560070118,0.114576122121907,0.213122418749885,0.0160298254939288,0.03
4,51,"RD","100_sites_x_50","moderate",100,50,3,-0.0890061663840512,-0.0929522469064616,-0.00394608052241041,-0.103549547003171,-0.0145433806191195,-0.0105973000967091,0.0105973000967091,0.03
4,51,"RMST_diff","100_sites_x_50","moderate",100,50,3,1.92756947857927,1.80312391147326,-0.124445567106017,2.01736639574903,0.0897969171697586,0.214242484275776,-0.0346486499362584,0.03
4,52,"RD","100_sites_x_50","moderate",100,50,3,-0.0890061663840512,-0.0925813580836784,-0.00357519169962717,-0.103141983411636,-0.0141358170275847,-0.0105606253279575,0.0105606253279575,0.03
4,52,"RMST_diff","100_sites_x_50","moderate",100,50,3,1.92756947857927,1.81566139394276,-0.111908084636514,2.02920278880525,0.101633310225978,0.213541394862492,-0.0102747744105365,0.03
4,53,"RD","100_sites_x_50","moderate",100,50,2,-0.0890061663840512,-0.0970646105105066,-0.0080584441264554,-0.107192221760942,-0.0181860553768903,-0.0101276112504349,0.0101276112504349,0.02
4,53,"RMST_diff","100_sites_x_50","moderate",100,50,2,1.92756947857927,1.77640190171054,-0.151167576868732,2.0161934461319,0.0886239675526284,0.23979154442136,-0.0625436093161031,0.02
4,54,"RD","100_sites_x_50","moderate",100,50,2,-0.0890061663840512,-0.100018633171744,-0.0110124667876923,-0.110338747144298,-0.021332580760247,-0.0103201139725547,0.0103201139725547,0.02
4,54,"RMST_diff","100_sites_x_50","moderate",100,50,2,1.92756947857927,1.82751993950726,-0.100049539072016,2.06801358703824,0.140444108458965,0.240493647530981,0.0403945693869492,0.02
4,55,"RD","100_sites_x_50","moderate",100,50,2,-0.0890061663840512,-0.100112816623984,-0.0111066502399323,-0.109648913843066,-0.0206427474590152,-0.00953609721908288,0.00953609721908288,0.02
4,55,"RMST_diff","100_sites_x_50","moderate",100,50,2,1.92756947857927,1.83842432095846,-0.0891451576208109,2.06623775601072,0.138668277431442,0.227813435052253,0.0495231198106314,0.02
4,56,"RD","100_sites_x_50","moderate",100,50,2,-0.0890061663840512,-0.0984086784206496,-0.00940251203659836,-0.108474417530086,-0.0194682511460349,-0.0100657391094365,0.0100657391094365,0.02
4,56,"RMST_diff","100_sites_x_50","moderate",100,50,2,1.92756947857927,1.88009420943927,-0.0474752691400049,2.10436495523472,0.17679547665545,0.224270745795454,0.129320207515445,0.02
4,57,"RD","100_sites_x_50","moderate",100,50,2,-0.0890061663840512,-0.100153207911182,-0.0111470415271304,-0.110410933631404,-0.021404767247353,-0.0102577257202225,0.0102577257202225,0.02
4,57,"RMST_diff","100_sites_x_50","moderate",100,50,2,1.92756947857927,1.91408983785348,-0.0134796407257909,2.14092276381492,0.213353285235648,0.226832925961439,0.199873644509857,0.02
4,58,"RD","100_sites_x_50","moderate",100,50,1,-0.0890061663840512,-0.100071366469644,-0.0110652000855928,-0.110410309330464,-0.0214041429464128,-0.01033894286082,0.01033894286082,0.01
4,58,"RMST_diff","100_sites_x_50","moderate",100,50,1,1.92756947857927,1.90568530290567,-0.0218841756736037,2.13342079847714,0.205851319897867,0.227735495571471,0.183967144224264,0.01
4,59,"RD","100_sites_x_50","moderate",100,50,1,-0.0890061663840512,-0.0968273750698486,-0.00782120868579739,-0.106858768603724,-0.0178526022196723,-0.0100313935338749,0.0100313935338749,0.01
4,59,"RMST_diff","100_sites_x_50","moderate",100,50,1,1.92756947857927,1.85667082260872,-0.0708986559705576,2.07744430883535,0.149874830256076,0.220773486226634,0.0789761742855184,0.01
4,60,"RD","100_sites_x_50","moderate",100,50,1,-0.0890061663840512,-0.0921892774775426,-0.00318311109349134,-0.102234112303119,-0.0132279459190675,-0.0100448348255762,0.0100448348255762,0.01
4,60,"RMST_diff","100_sites_x_50","moderate",100,50,1,1.92756947857927,1.7941265120406,-0.133442966538674,2.01540992215016,0.0878404435708848,0.221283410109558,-0.0456025229677888,0.01
4,61,"RD","100_sites_x_50","moderate",100,50,1,-0.0890061663840512,-0.0926054878008054,-0.00359932141675412,-0.102269053024009,-0.0132628866399577,-0.00966356522320355,0.00966356522320355,0.01
4,61,"RMST_diff","100_sites_x_50","moderate",100,50,1,1.92756947857927,1.79136779239794,-0.136201686181336,2.009808604209,0.0822391256297283,0.218440811811064,-0.0539625605516072,0.01
4,62,"RD","100_sites_x_50","moderate",100,50,1,-0.0890061663840512,-0.0925613438274131,-0.00355517744336187,-0.102656445161957,-0.0136502787779054,-0.0100951013345435,0.0100951013345435,0.01
4,62,"RMST_diff","100_sites_x_50","moderate",100,50,1,1.92756947857927,1.77172648503871,-0.155842993540563,1.99642729218143,0.0688578136021576,0.224700807142721,-0.0869851799384058,0.01
4,63,"RD","100_sites_x_50","moderate",100,50,1,-0.0890061663840512,-0.0946331717874079,-0.0056270054033567,-0.104806000823688,-0.0157998344396368,-0.0101728290362801,0.0101728290362801,0.01
4,63,"RMST_diff","100_sites_x_50","moderate",100,50,1,1.92756947857927,1.80583609332383,-0.121733385255448,2.03207033154682,0.104500852967544,0.226234238222991,-0.0172325322879043,0.01
4,64,"RD","100_sites_x_50","moderate",100,50,1,-0.0890061663840512,-0.0940446565287324,-0.00503849014468116,-0.103729205724672,-0.0147230393406206,-0.00968454919593942,0.00968454919593942,0.01
4,64,"RMST_diff","100_sites_x_50","moderate",100,50,1,1.92756947857927,1.81074266041909,-0.116826818160181,2.03349919855025,0.105929719970971,0.222756538131152,-0.0108970981892096,0.01
4,65,"RD","100_sites_x_50","moderate",100,50,1,-0.0890061663840512,-0.0923462529557029,-0.00334008657165163,-0.0998499273556704,-0.0108437609716192,-0.00750367439996757,0.00750367439996757,0.01
4,65,"RMST_diff","100_sites_x_50","moderate",100,50,1,1.92756947857927,1.7840884037863,-0.143481074792973,1.9814772852323,0.0539078066530223,0.197388881445995,-0.0895732681399508,0.01
4,66,"RD","100_sites_x_50","moderate",100,50,1,-0.0890061663840512,-0.0933396321212001,-0.00433346573714888,-0.101222698327027,-0.0122165319429762,-0.00788306620582735,0.00788306620582735,0.01
4,66,"RMST_diff","100_sites_x_50","moderate",100,50,1,1.92756947857927,1.83276493868517,-0.0948045398941062,2.03756562176715,0.109996143187878,0.204800683081984,0.015191603293772,0.01
4,67,"RD","100_sites_x_50","moderate",100,50,1,-0.0890061663840512,-0.0916283732098254,-0.00262220682577419,-0.0993522423551388,-0.0103460759710876,-0.00772386914531342,0.00772386914531342,0.01
4,67,"RMST_diff","100_sites_x_50","moderate",100,50,1,1.92756947857927,1.81468560697083,-0.112883871608446,2.01577612967796,0.0882066510986856,0.201090522707132,-0.0246772205097603,0.01
4,68,"RD","100_sites_x_50","moderate",100,50,1,-0.0890061663840512,-0.0900975038615941,-0.00109133747754286,-0.0977512696272624,-0.00874510324321121,-0.00765376576566834,0.00765376576566834,0.01
4,68,"RMST_diff","100_sites_x_50","moderate",100,50,1,1.92756947857927,1.76642844446585,-0.161141034113427,1.96661021356045,0.0390407349811728,0.2001817690946,-0.122100299132255,0.01
4,69,"RD","100_sites_x_50","moderate",100,50,1,-0.0890061663840512,-0.0882036552293058,0.000802511154745389,-0.0959557956473125,-0.00694962926326126,-0.00775214041800665,0.00614711810851587,0.01
4,69,"RMST_diff","100_sites_x_50","moderate",100,50,1,1.92756947857927,1.73250259482479,-0.195066883754489,1.93488782007452,0.00731834149524602,0.202385225249735,-0.187748542259243,0.01
4,70,"RD","100_sites_x_50","moderate",100,50,1,-0.0890061663840512,-0.0835009915409974,0.0055051748430538,-0.0909733668985216,-0.00196720051447041,-0.00747237535752421,-0.00353797432858338,0.01
4,70,"RMST_diff","100_sites_x_50","moderate",100,50,1,1.92756947857927,1.65214811873379,-0.275421359845488,1.85035982032452,-0.0772096582547537,0.198211701590735,-0.198211701590735,0.01
4,71,"RD","100_sites_x_50","moderate",100,50,1,-0.0890061663840512,-0.0838656045648545,0.00514056181919675,-0.0918946696649373,-0.00288850328088608,-0.00802906510008283,-0.00225205853831068,0.01
4,71,"RMST_diff","100_sites_x_50","moderate",100,50,1,1.92756947857927,1.64979712177085,-0.277772356808427,1.85983984826465,-0.0677296303146289,0.210042726493798,-0.210042726493798,0.01
4,72,"RD","100_sites_x_50","moderate",100,50,1,-0.0890061663840512,-0.0853464816733522,0.003659684710699,-0.0933953085715452,-0.00438914218749398,-0.00804882689819297,0.000729457476794981,0.01
4,72,"RMST_diff","100_sites_x_50","moderate",100,50,1,1.92756947857927,1.66903871662321,-0.258530761956063,1.87798216241317,-0.0495873161661038,0.208943445789959,-0.208943445789959,0.01
4,73,"RD","100_sites_x_50","moderate",100,50,1,-0.0890061663840512,-0.0838828324017324,0.00512333398231879,-0.0919865602209485,-0.0029803938368973,-0.00810372781921609,-0.00214294014542149,0.01
4,73,"RMST_diff","100_sites_x_50","moderate",100,50,1,1.92756947857927,1.68474255712184,-0.242826921457436,1.88039468971339,-0.0471747888658793,0.195652132591556,-0.195652132591556,0.01
4,74,"RD","100_sites_x_50","moderate",100,50,1,-0.0890061663840512,-0.0867927586400031,0.0022134077440481,-0.0957010514201566,-0.00669488503610538,-0.00890829278015348,0.00448147729205728,0.01
4,74,"RMST_diff","100_sites_x_50","moderate",100,50,1,1.92756947857927,1.718099427706,-0.209470050873273,1.92286353156896,-0.00470594701030969,0.204764103862964,-0.204764103862964,0.01
4,75,"RD","100_sites_x_50","moderate",100,50,1,-0.0890061663840512,-0.0892376474325111,-0.000231481048459825,-0.0982525751608367,-0.00924640877678551,-0.00901492772832568,0.00901492772832568,0.01
4,75,"RMST_diff","100_sites_x_50","moderate",100,50,1,1.92756947857927,1.7712771904684,-0.156292288110874,1.97819281110833,0.0506233325290584,0.206915620639933,-0.105668955581816,0.01
4,76,"RD","100_sites_x_50","moderate",100,50,1,-0.0890061663840512,-0.0890712249560479,-6.5058571996679e-05,-0.0983376749720581,-0.00933150858800691,-0.00926645001601023,0.00926645001601023,0.01
4,76,"RMST_diff","100_sites_x_50","moderate",100,50,1,1.92756947857927,1.76472578823514,-0.162843690344133,1.97505190243262,0.0474824238533458,0.210326114197478,-0.115361266490787,0.01
4,77,"RD","100_sites_x_50","moderate",100,50,1,-0.0890061663840512,-0.0894120615425087,-0.000405895158457459,-0.0987321325151707,-0.00972596613111942,-0.00932007097266196,0.00932007097266196,0.01
4,77,"RMST_diff","100_sites_x_50","moderate",100,50,1,1.92756947857927,1.74622200694284,-0.181347471636434,1.95610243052336,0.0285329519440847,0.209880423580518,-0.152814519692349,0.01
4,78,"RD","100_sites_x_50","moderate",100,50,1,-0.0890061663840512,-0.0891398331088081,-0.000133666724756898,-0.0979570967790028,-0.00895093039495154,-0.00881726367019464,0.00881726367019464,0.01
4,78,"RMST_diff","100_sites_x_50","moderate",100,50,1,1.92756947857927,1.75789672038463,-0.16967275819464,1.96461450063565,0.0370450220563736,0.206717780251013,-0.132627736138266,0.01
4,79,"RD","100_sites_x_50","moderate",100,50,1,-0.0890061663840512,-0.0892724114125463,-0.000266245028495038,-0.0979935694613936,-0.00898740307734236,-0.00872115804884732,0.00872115804884732,0.01
4,79,"RMST_diff","100_sites_x_50","moderate",100,50,1,1.92756947857927,1.76647865552256,-0.161090823056718,1.97103218830649,0.0434627097272209,0.204553532783939,-0.117628113329497,0.01
4,80,"RD","100_sites_x_50","moderate",100,50,1,-0.0890061663840512,-0.0889543717352702,5.17946487810228e-05,-0.0974895676898032,-0.00848340130575198,-0.008535195954533,0.00843160665697096,0.01
4,80,"RMST_diff","100_sites_x_50","moderate",100,50,1,1.92756947857927,1.75053496908319,-0.177034509496089,1.93901764882578,0.0114481702465028,0.188482679742592,-0.165586339249586,0.01
4,81,"RD","100_sites_x_50","moderate",100,50,1,-0.0890061663840512,-0.0910478479753021,-0.00204168159125084,-0.0997895204635263,-0.0107833540794751,-0.00874167248822422,0.00874167248822422,0.01
4,81,"RMST_diff","100_sites_x_50","moderate",100,50,1,1.92756947857927,1.78168677200916,-0.145882706570109,1.97277663770963,0.0452071591303511,0.19108986570046,-0.100675547439758,0.01
4,82,"RD","100_sites_x_50","moderate",100,50,1,-0.0890061663840512,-0.0913367397868177,-0.00233057340276643,-0.100325940297206,-0.011319773913155,-0.00898920051038854,0.00898920051038854,0.01
4,82,"RMST_diff","100_sites_x_50","moderate",100,50,1,1.92756947857927,1.74855827283262,-0.179011205746654,1.95456556799454,0.026996089415265,0.206007295161919,-0.152015116331389,0.01
4,83,"RD","100_sites_x_50","moderate",100,50,1,-0.0890061663840512,-0.0910188441761502,-0.00201267779209902,-0.100403665772673,-0.0113974993886217,-0.00938482159652265,0.00938482159652265,0.01
4,83,"RMST_diff","100_sites_x_50","moderate",100,50,1,1.92756947857927,1.75292611199611,-0.17464336658316,1.96672157209806,0.0391520935187835,0.213795460101943,-0.135491273064376,0.01
4,84,"RD","100_sites_x_50","moderate",100,50,1,-0.0890061663840512,-0.091273764210153,-0.00226759782610175,-0.100515371892322,-0.0115092055082706,-0.00924160768216886,0.00924160768216886,0.01
4,84,"RMST_diff","100_sites_x_50","moderate",100,50,1,1.92756947857927,1.75073759614809,-0.176831882431186,1.96064637416628,0.0330768955870067,0.209908778018193,-0.143754986844179,0.01
4,85,"RD","100_sites_x_50","moderate",100,50,1,-0.0890061663840512,-0.0869467331356985,0.00205943324835278,-0.0965918444909664,-0.00758567810691513,-0.00964511135526791,0.00552624485856235,0.01
4,85,"RMST_diff","100_sites_x_50","moderate",100,50,1,1.92756947857927,1.71729907347231,-0.210270405106964,1.9297397742182,0.00217029563892801,0.212440700745892,-0.208100109468036,0.01
4,86,"RD","100_sites_x_50","moderate",100,50,0,-0.0890061663840512,-0.0880164978430129,0.000989668541038324,-0.0986198087361632,-0.00961364235211193,-0.0106033108931503,0.0086239738110736,0
4,86,"RMST_diff","100_sites_x_50","moderate",100,50,0,1.92756947857927,1.73352144908775,-0.194048029491523,1.95836878900203,0.0307993104227595,0.224847339914282,-0.163248719068763,0
4,87,"RD","100_sites_x_50","moderate",100,50,0,-0.0890061663840512,-0.0888626833915599,0.000143482992491339,-0.0992226398622578,-0.0102164734782065,-0.0103599564706979,0.0100729904857152,0
4,87,"RMST_diff","100_sites_x_50","moderate",100,50,0,1.92756947857927,1.72937311264238,-0.198196365936896,1.9556296540164,0.0280601754371279,0.226256541374024,-0.170136190499768,0
4,88,"RD","100_sites_x_50","moderate",100,50,0,-0.0890061663840512,-0.0900688005580637,-0.00106263417401242,-0.100289692164261,-0.0112835257802094,-0.010220891606197,0.010220891606197,0
4,88,"RMST_diff","100_sites_x_50","moderate",100,50,0,1.92756947857927,1.7845056927665,-0.143063785812776,2.01187940198103,0.0843099234017597,0.227373709214536,-0.0587538624110167,0
4,89,"RD","100_sites_x_50","moderate",100,50,0,-0.0890061663840512,-0.0939416282693398,-0.00493546188528859,-0.104673283302831,-0.0156671169187793,-0.0107316550334907,0.0107316550334907,0
4,89,"RMST_diff","100_sites_x_50","moderate",100,50,0,1.92756947857927,1.80477743249493,-0.12279204608434,2.04136464886453,0.113795170285252,0.236587216369593,-0.00899687579908814,0
4,90,"RD","100_sites_x_50","moderate",100,50,0,-0.0890061663840512,-0.0902662613565608,-0.00126009497250956,-0.10165500065275,-0.012648834268699,-0.0113887392961894,0.0113887392961894,0
4,90,"RMST_diff","100_sites_x_50","moderate",100,50,0,1.92756947857927,1.74850797151321,-0.179061507066066,1.99322432561124,0.0656548470319649,0.244716354098031,-0.113406660034101,0
4,91,"RD","100_sites_x_50","moderate",100,50,0,-0.0890061663840512,-0.086236975600507,0.00276919078354421,-0.0985882641273784,-0.00958209774332719,-0.0123512885268714,0.00681290695978298,0
4,91,"RMST_diff","100_sites_x_50","moderate",100,50,0,1.92756947857927,1.67790329837105,-0.249666180208227,1.94100024537699,0.0134307667977183,0.263096947005945,-0.236235413410508,0
4,92,"RD","100_sites_x_50","moderate",100,50,0,-0.0890061663840512,-0.0877494284134082,0.00125673797064307,-0.100474729822809,-0.0114685634387574,-0.0127253014094004,0.0102118254681143,0
4,92,"RMST_diff","100_sites_x_50","moderate",100,50,0,1.92756947857927,1.71331603230928,-0.214253446269996,1.99139044726463,0.0638209686853521,0.278074414955348,-0.150432477584644,0
4,93,"RD","100_sites_x_50","moderate",100,50,0,-0.0890061663840512,-0.0839876514752225,0.00501851490882876,-0.0977601916632698,-0.00875402527921854,-0.0137725401880473,0.00373551037038977,0
4,93,"RMST_diff","100_sites_x_50","moderate",100,50,0,1.92756947857927,1.66874026099608,-0.258829217583196,1.95921599274621,0.0316465141669404,0.290475731750137,-0.227182703416256,0
4,94,"RD","100_sites_x_50","moderate",100,50,0,-0.0890061663840512,-0.082673607461522,0.00633255892252926,-0.0969592694469714,-0.00795310306292019,-0.0142856619854494,0.00162054414039092,0
4,94,"RMST_diff","100_sites_x_50","moderate",100,50,0,1.92756947857927,1.6470565101461,-0.280512968433172,1.94462452362947,0.0170550450501974,0.297568013483369,-0.263457923382974,0
4,95,"RD","100_sites_x_50","moderate",100,50,0,-0.0890061663840512,-0.0856086737023829,0.00339749268166833,-0.100230970122407,-0.0112248037383559,-0.0146222964200242,0.00782731105668755,0
4,95,"RMST_diff","100_sites_x_50","moderate",100,50,0,1.92756947857927,1.71765350491362,-0.20991597366565,2.02001078318905,0.0924413046097783,0.302357278275428,-0.117474669055872,0
4,96,"RD","100_sites_x_50","moderate",100,50,0,-0.0890061663840512,-0.084193366479858,0.00481279990419325,-0.097642876435618,-0.00863671005156674,-0.01344950995576,0.00382391014737349,0
4,96,"RMST_diff","100_sites_x_50","moderate",100,50,0,1.92756947857927,1.69166316494058,-0.23590631363869,1.98077404863714,0.0532045700578649,0.289110883696555,-0.182701743580825,0
4,97,"RD","100_sites_x_50","moderate",100,50,0,-0.0890061663840512,-0.0843715057937994,0.00463466059025186,-0.0980375579132391,-0.00903139152918786,-0.0136660521194397,0.004396730938936,0
4,97,"RMST_diff","100_sites_x_50","moderate",100,50,0,1.92756947857927,1.70770019696227,-0.219869281617006,1.99345579873328,0.0658863201540036,0.28575560177101,-0.153982961463003,0
4,98,"RD","100_sites_x_50","moderate",100,50,0,-0.0890061663840512,-0.0841859958504414,0.00482017053360984,-0.0981415003412772,-0.00913533395722599,-0.0139555044908358,0.00431516342361615,0
4,98,"RMST_diff","100_sites_x_50","moderate",100,50,0,1.92756947857927,1.72019543662847,-0.207374041950802,2.01047541120334,0.0829059326240689,0.290279974574871,-0.124468109326733,0
4,99,"RD","100_sites_x_50","moderate",100,50,0,-0.0890061663840512,-0.0856389379862771,0.00336722839777415,-0.0993564490785885,-0.0103502826945373,-0.0137175110923115,0.00698305429676316,0
4,99,"RMST_diff","100_sites_x_50","moderate",100,50,0,1.92756947857927,1.76183465408209,-0.165734824497182,2.05631158733178,0.128742108752505,0.294476933249687,-0.0369927157446774,0
4,100,"RD","100_sites_x_50","moderate",100,50,0,-0.0890061663840512,-0.0832008442840881,0.0058053220999631,-0.0971462739429862,-0.00814010755893502,-0.0139454296588981,0.00233478545897192,0
4,100,"RMST_diff","100_sites_x_50","moderate",100,50,0,1.92756947857927,1.71156108172129,-0.216008396857985,2.01022469022903,0.082655211649751,0.298663608507736,-0.133353185208234,0
4,101,"RD","100_sites_x_50","moderate",100,50,0,-0.0890061663840512,-0.0828180195001282,0.006188146883923,-0.0945913757500767,-0.00558520936602547,-0.0117733562499485,-0.000602937517897528,0
4,101,"RMST_diff","100_sites_x_50","moderate",100,50,0,1.92756947857927,1.67956636342852,-0.248003115150757,1.94997880917497,0.0224093305956909,0.270412445746448,-0.225593784555066,0
4,102,"RD","100_sites_x_50","moderate",100,50,0,-0.0890061663840512,-0.0843598141254706,0.00464635225858068,-0.0957138763390279,-0.00670770995497671,-0.0113540622135574,0.00206135769639604,0
4,102,"RMST_diff","100_sites_x_50","moderate",100,50,0,1.92756947857927,1.72547019084445,-0.20209928773482,1.98576869409403,0.0581992155147582,0.260298503249578,-0.143900072220061,0
4,103,"RD","100_sites_x_50","moderate",100,50,0,-0.0890061663840512,-0.0863586326909539,0.00264753369309734,-0.0974113672491718,-0.00840520086512053,-0.0110527345582179,0.0057576671720232,0
4,103,"RMST_diff","100_sites_x_50","moderate",100,50,0,1.92756947857927,1.74846628998728,-0.179103188591998,2.01017668407099,0.0826072054917155,0.261710394083714,-0.096495983100283,0
4,104,"RD","100_sites_x_50","moderate",100,50,0,-0.0890061663840512,-0.0836660552097154,0.00534011117433586,-0.0955234118394308,-0.00651724545537957,-0.0118573566297154,0.00117713428104371,0
4,104,"RMST_diff","100_sites_x_50","moderate",100,50,0,1.92756947857927,1.68733550561181,-0.240233972967461,1.96858291688659,0.0410134383073206,0.281247411274782,-0.199220534660141,0
4,105,"RD","100_sites_x_50","moderate",100,50,0,-0.0890061663840512,-0.0834531757307474,0.00555299065330384,-0.0953587134549808,-0.00635254707092958,-0.0119055377242334,0.000799556417625746,0
4,105,"RMST_diff","100_sites_x_50","moderate",100,50,0,1.92756947857927,1.63499733454037,-0.292572144038905,1.91138466173145,-0.0161848168478258,0.276387327191079,-0.276387327191079,0
4,106,"RD","100_sites_x_50","moderate",100,50,0,-0.0890061663840512,-0.0843962909952227,0.00460987538882851,-0.095486074535843,-0.00647990815179178,-0.0110897835406203,0.00187003276296327,0
4,106,"RMST_diff","100_sites_x_50","moderate",100,50,0,1.92756947857927,1.62249121806793,-0.305078260511348,1.89704466211775,-0.0305248164615257,0.274553444049822,-0.274553444049822,0
4,107,"RD","100_sites_x_50","moderate",100,50,0,-0.0890061663840512,-0.0857509729273045,0.00325519345674674,-0.0969164887889644,-0.00791032240491318,-0.0111655158616599,0.00465512894816644,0
4,107,"RMST_diff","100_sites_x_50","moderate",100,50,0,1.92756947857927,1.62290827624867,-0.3046612023306,1.89947437435276,-0.0280951042265141,0.276566098104086,-0.276566098104086,0
4,108,"RD","100_sites_x_50","moderate",100,50,0,-0.0890061663840512,-0.0860652717124833,0.00294089467156788,-0.0966305785545631,-0.00762441217051191,-0.0105653068420798,0.00468351749894402,0
4,108,"RMST_diff","100_sites_x_50","moderate",100,50,0,1.92756947857927,1.61125997593984,-0.316309502639433,1.87731042022966,-0.0502590583496172,0.266050444289816,-0.266050444289816,0
4,109,"RD","100_sites_x_50","moderate",100,50,0,-0.0890061663840512,-0.0844471379633606,0.00455902842069067,-0.0946015408103206,-0.00559537442626934,-0.01015440284696,0.00103634600557867,0
4,109,"RMST_diff","100_sites_x_50","moderate",100,50,0,1.92756947857927,1.61406543394492,-0.313504044634353,1.8785337536017,-0.0490357249775712,0.264468319656782,-0.264468319656782,0
4,110,"RD","100_sites_x_50","moderate",100,50,0,-0.0890061663840512,-0.0844988729320864,0.00450729345196488,-0.0946402998024733,-0.00563413341842212,-0.010141426870387,0.00112683996645724,0
4,110,"RMST_diff","100_sites_x_50","moderate",100,50,0,1.92756947857927,1.60939828414341,-0.318171194435861,1.86731876613943,-0.0602507124398421,0.257920481996019,-0.257920481996019,0
4,111,"RD","100_sites_x_50","moderate",100,50,0,-0.0890061663840512,-0.0820061059818543,0.00700006040219692,-0.0925638528238856,-0.00355768643983434,-0.0105577468420313,-0.00344237396236258,0
4,111,"RMST_diff","100_sites_x_50","moderate",100,50,0,1.92756947857927,1.58912240152614,-0.338447077053138,1.84776211839079,-0.0798073601884859,0.258639716864652,-0.258639716864652,0
4,112,"RD","100_sites_x_50","moderate",100,50,0,-0.0890061663840512,-0.0811888261550312,0.00781734022902003,-0.0908973613516428,-0.0018911949675916,-0.00970853519661163,-0.00592614526142843,0
4,112,"RMST_diff","100_sites_x_50","moderate",100,50,0,1.92756947857927,1.58680778991041,-0.340761688668861,1.83680724749143,-0.090762231087842,0.249999457581019,-0.249999457581019,0
4,113,"RD","100_sites_x_50","moderate",100,50,0,-0.0890061663840512,-0.0813107807728979,0.00769538561115335,-0.0910387203113492,-0.00203255392729795,-0.0097279395384513,-0.0056628316838554,0
4,113,"RMST_diff","100_sites_x_50","moderate",100,50,0,1.92756947857927,1.58878274464049,-0.338786733938784,1.83915057038861,-0.0884189081906612,0.250367825748123,-0.250367825748123,0
4,114,"RD","100_sites_x_50","moderate",100,50,0,-0.0890061663840512,-0.0834306461291663,0.00557552025488495,-0.0930136019246481,-0.0040074355405969,-0.00958295579548185,-0.00156808471428804,0
4,114,"RMST_diff","100_sites_x_50","moderate",100,50,0,1.92756947857927,1.63444520217852,-0.293124276400759,1.88221671757442,-0.0453527610048567,0.247771515395902,-0.247771515395902,0
4,115,"RD","100_sites_x_50","moderate",100,50,0,-0.0890061663840512,-0.0847264460523536,0.00427972033169766,-0.0942037995075662,-0.00519763312351496,-0.00947735345521261,0.000917912791817299,0
4,115,"RMST_diff","100_sites_x_50","moderate",100,50,0,1.92756947857927,1.62574616715487,-0.301823311424402,1.86792739399817,-0.0596420845810997,0.242181226843302,-0.242181226843302,0
4,116,"RD","100_sites_x_50","moderate",100,50,0,-0.0890061663840512,-0.0853267275458314,0.00367943883821986,-0.094727803729437,-0.00572163734538578,-0.00940107618360564,0.00204219850716592,0
4,116,"RMST_diff","100_sites_x_50","moderate",100,50,0,1.92756947857927,1.66833651620798,-0.259232962371291,1.90574604716597,-0.0218234314133081,0.237409530957983,-0.237409530957983,0
4,117,"RD","100_sites_x_50","moderate",100,50,0,-0.0890061663840512,-0.0882679723553944,0.000738194028656824,-0.0937317587265089,-0.00472559234245762,-0.00546378637111444,0.00398739831380079,0
4,117,"RMST_diff","100_sites_x_50","moderate",100,50,0,1.92756947857927,1.82168825577335,-0.105881222805928,1.95306480247585,0.02549532389658,0.131376546702509,-0.0803858989093484,0
4,118,"RD","100_sites_x_50","moderate",100,50,0,-0.0890061663840512,-0.0887227898462175,0.000283376537833724,-0.093721578604812,-0.00471541222076077,-0.0049987887585945,0.00443203568292705,0
4,118,"RMST_diff","100_sites_x_50","moderate",100,50,0,1.92756947857927,1.8088605964612,-0.118708882118074,1.93748990857025,0.00992042999097187,0.128629312109046,-0.108788452127103,0
4,119,"RD","100_sites_x_50","moderate",100,50,0,-0.0890061663840512,-0.0926570826238876,-0.00365091623983638,-0.0972498790776174,-0.00824371269356616,-0.00459279645372979,0.00459279645372979,0
4,119,"RMST_diff","100_sites_x_50","moderate",100,50,0,1.92756947857927,1.85912657616908,-0.0684429024101973,1.98101056521606,0.053441086636786,0.121883989046983,-0.0150018157734113,0
4,120,"RD","100_sites_x_50","moderate",100,50,0,-0.0890061663840512,-0.0928297261033463,-0.00382355971929504,-0.0973437666093866,-0.00833760022533536,-0.00451404050604032,0.00451404050604032,0
4,120,"RMST_diff","100_sites_x_50","moderate",100,50,0,1.92756947857927,1.87396659726262,-0.0536028813166531,1.99206769047093,0.0644982118916548,0.118101093208308,0.0108953305750017,0
4,121,"RD","100_sites_x_50","moderate",100,50,0,-0.0890061663840512,-0.0935129561004101,-0.00450678971635887,-0.0979909498932652,-0.00898478350921394,-0.00447799379285507,0.00447799379285507,0
4,121,"RMST_diff","100_sites_x_50","moderate",100,50,0,1.92756947857927,1.86758209466341,-0.0599873839158622,1.98490305105049,0.0573335724712134,0.117320956387076,-0.00265381144464882,0
4,122,"RD","100_sites_x_50","moderate",100,50,0,-0.0890061663840512,-0.09484707461176,-0.00584090822770877,-0.0994232011609583,-0.010417034776907,-0.00457612654919826,0.00457612654919826,0
4,122,"RMST_diff","100_sites_x_50","moderate",100,50,0,1.92756947857927,1.89841527718788,-0.0291542013913944,2.01502517629369,0.0874556977144163,0.116609899105811,0.058301496323022,0
4,123,"RD","100_sites_x_50","moderate",100,50,0,-0.0890061663840512,-0.0915429581072393,-0.0025367917231881,-0.0960636114249446,-0.00705744504089334,-0.00452065331770524,0.00452065331770524,0
4,123,"RMST_diff","100_sites_x_50","moderate",100,50,0,1.92756947857927,1.87131661352388,-0.0562528650553933,1.99382553852378,0.0662560599445072,0.122508924999901,0.0100031948891139,0
4,124,"RD","100_sites_x_50","moderate",100,50,0,-0.0890061663840512,-0.0946444398642867,-0.00563827348023549,-0.0992243316897551,-0.0102181653057039,-0.00457989182546836,0.00457989182546836,0
4,124,"RMST_diff","100_sites_x_50","moderate",100,50,0,1.92756947857927,1.91370380071178,-0.0138656778674964,2.03687324342411,0.109303764844839,0.123169442712335,0.0954380869773424,0
4,125,"RD","100_sites_x_50","moderate",100,50,0,-0.0890061663840512,-0.092968554456121,-0.00396238807206972,-0.0960266673511111,-0.00702050096705986,-0.00305811289499014,0.00305811289499014,0
4,125,"RMST_diff","100_sites_x_50","moderate",100,50,0,1.92756947857927,1.8914448750373,-0.0361246035419747,1.98513896892999,0.0575694903507209,0.0936940938926956,0.0214448868087462,0
4,126,"RD","100_sites_x_50","moderate",100,50,0,-0.0890061663840512,-0.0920555289785656,-0.00304936259451438,-0.0954391044148928,-0.00643293803084155,-0.00338357543632717,0.00338357543632717,0
4,126,"RMST_diff","100_sites_x_50","moderate",100,50,0,1.92756947857927,1.8786915794334,-0.0488778991458734,1.97989925533513,0.0523297767558599,0.101207675901733,0.00345187760998655,0
4,127,"RD","100_sites_x_50","moderate",100,50,0,-0.0890061663840512,-0.0937512207924414,-0.00474505440839013,-0.0966760204507039,-0.00766985406665266,-0.00292479965826253,0.00292479965826253,0
4,127,"RMST_diff","100_sites_x_50","moderate",100,50,0,1.92756947857927,1.89609271858656,-0.0314767599927137,1.99201311820446,0.0644436396251837,0.0959203996178974,0.03296687963247,0
4,128,"RD","100_sites_x_50","moderate",100,50,0,-0.0890061663840512,-0.0951733720294053,-0.00616720564535411,-0.0977617146346489,-0.00875554825059766,-0.00258834260524354,0.00258834260524354,0
4,128,"RMST_diff","100_sites_x_50","moderate",100,50,0,1.92756947857927,1.92634710663191,-0.00122237194736208,2.01746959827939,0.089900119700113,0.0911224916474751,0.0886777477527509,0
4,129,"RD","100_sites_x_50","moderate",100,50,0,-0.0890061663840512,-0.093687938035761,-0.0046817716517098,-0.0961829050511296,-0.00717673866707835,-0.00249496701536855,0.00249496701536855,0
4,129,"RMST_diff","100_sites_x_50","moderate",100,50,0,1.92756947857927,1.88453385619747,-0.0430356223818027,1.97206831603653,0.0444988374572564,0.0875344598390591,0.00146321507545366,0
4,130,"RD","100_sites_x_50","moderate",100,50,0,-0.0890061663840512,-0.0861342976615124,0.00287186872253886,-0.0927729688211958,-0.00376680243714456,-0.00663867115968342,0.000894933714605695,0
4,130,"RMST_diff","100_sites_x_50","moderate",100,50,0,1.92756947857927,1.77768808500673,-0.14988139357254,1.91665493456695,-0.0109145440123211,0.138966849560219,-0.138966849560219,0
4,131,"RD","100_sites_x_50","moderate",100,50,0,-0.0890061663840512,-0.0867046537935455,0.00230151259050571,-0.0932368978898157,-0.00423073150576447,-0.00653224409627018,0.00192921891525877,0
4,131,"RMST_diff","100_sites_x_50","moderate",100,50,0,1.92756947857927,1.80952188093913,-0.118047597640148,1.93899804422069,0.0114285656414133,0.129476163281561,-0.106619031998735,0
4,132,"RD","100_sites_x_50","moderate",100,50,0,-0.0890061663840512,-0.0862143943674647,0.00279177201658654,-0.0923589974844778,-0.00335283110042661,-0.00614460311701315,0.000561059083840076,0
4,132,"RMST_diff","100_sites_x_50","moderate",100,50,0,1.92756947857927,1.83985179838144,-0.0877176801978354,1.96261533853244,0.0350458599531702,0.122763540151006,-0.0526718202446652,0
4,133,"RD","100_sites_x_50","moderate",100,50,0,-0.0890061663840512,-0.0851471554464077,0.00385901093764351,-0.0908814111007362,-0.00187524471668499,-0.0057342556543285,-0.00198376622095853,0
4,133,"RMST_diff","100_sites_x_50","moderate",100,50,0,1.92756947857927,1.82714690114715,-0.100422577432123,1.94026877929806,0.012699300718781,0.113121878150904,-0.0877232767133425,0
4,134,"RD","100_sites_x_50","moderate",100,50,0,-0.0890061663840512,-0.0860127829706889,0.0029933834133623,-0.0916900961149434,-0.00268392973089215,-0.00567731314425446,-0.000309453682470151,0
4,134,"RMST_diff","100_sites_x_50","moderate",100,50,0,1.92756947857927,1.81704195456169,-0.110527524017582,1.93500282907301,0.0074333504937325,0.117960874511315,-0.10309417352385,0
4,135,"RD","100_sites_x_50","moderate",100,50,0,-0.0890061663840512,-0.0831178051737089,0.00588836121034231,-0.088878659050893,0.00012750733315825,-0.00576085387718406,-0.00576085387718406,0
4,135,"RMST_diff","100_sites_x_50","moderate",100,50,0,1.92756947857927,1.77539556179491,-0.15217391678436,1.89054490912766,-0.0370245694516189,0.115149347332741,-0.115149347332741,0
4,136,"RD","100_sites_x_50","moderate",100,50,0,-0.0890061663840512,-0.0873867430069795,0.00161942337707177,-0.0924063181264907,-0.00340015174243946,-0.00501957511951123,0.00178072836536769,0
4,136,"RMST_diff","100_sites_x_50","moderate",100,50,0,1.92756947857927,1.85885487007459,-0.0687146085046866,1.96572307208274,0.0381535935034663,0.106868202008153,-0.0305610150012203,0
4,137,"RD","100_sites_x_50","moderate",100,50,0,-0.0890061663840512,-0.0877808460495556,0.00122532033449563,-0.092337110213928,-0.00333094382987675,-0.00455626416437238,0.00210562349538113,0
4,137,"RMST_diff","100_sites_x_50","moderate",100,50,0,1.92756947857927,1.85232143606964,-0.0752480425096369,1.95339041623823,0.025820937658958,0.101068980168595,-0.0494271048506789,0
4,138,"RD","100_sites_x_50","moderate",100,50,0,-0.0890061663840512,-0.0892160646949108,-0.000209898310859602,-0.0939648420527638,-0.00495867566871255,-0.00474877735785295,0.00474877735785295,0
4,138,"RMST_diff","100_sites_x_50","moderate",100,50,0,1.92756947857927,1.85587949018465,-0.0716899883946205,1.95891244098175,0.0313429624024764,0.103032950797097,-0.0403470259921441,0
4,139,"RD","100_sites_x_50","moderate",100,50,0,-0.0890061663840512,-0.0871306417643062,0.00187552461974505,-0.0918951731805286,-0.00288900679647741,-0.00476453141622246,0.00101348217673236,0
4,139,"RMST_diff","100_sites_x_50","moderate",100,50,0,1.92756947857927,1.81599359454407,-0.111575884035208,1.91968936399116,-0.00788011458811688,0.103695769447091,-0.103695769447091,0
4,140,"RD","100_sites_x_50","moderate",100,50,0,-0.0890061663840512,-0.0881900602377798,0.000816106146271478,-0.0931553603641005,-0.00414919398004931,-0.00496530012632079,0.00333308783377784,0
4,140,"RMST_diff","100_sites_x_50","moderate",100,50,0,1.92756947857927,1.8199818837508,-0.107587594828473,1.93039515438129,0.00282567580201487,0.110413270630488,-0.104761919026458,0
4,141,"RD","100_sites_x_50","moderate",100,50,0,-0.0890061663840512,-0.0893770288491483,-0.000370862465097099,-0.094098729102737,-0.00509256271868574,-0.00472170025358865,0.00472170025358865,0
4,141,"RMST_diff","100_sites_x_50","moderate",100,50,0,1.92756947857927,1.82807252725546,-0.0994969513238111,1.94004781921975,0.0124783406404809,0.111975291964292,-0.0870186106833302,0
4,142,"RD","100_sites_x_50","moderate",100,50,0,-0.0890061663840512,-0.090537071009597,-0.00153090462554573,-0.0951188940992823,-0.00611272771523108,-0.00458182308968536,0.00458182308968536,0
4,142,"RMST_diff","100_sites_x_50","moderate",100,50,0,1.92756947857927,1.82870769785728,-0.0988617807219949,1.93927950481105,0.0117100262317749,0.11057180695377,-0.0871517544902201,0
4,143,"RD","100_sites_x_50","moderate",100,50,0,-0.0890061663840512,-0.0912521290490899,-0.00224596266503863,-0.095678505473563,-0.00667233908951181,-0.00442637642447319,0.00442637642447319,0
4,143,"RMST_diff","100_sites_x_50","moderate",100,50,0,1.92756947857927,1.83365972371907,-0.0939097548602064,1.94346647209375,0.0158969935144757,0.109806748374682,-0.0780127613457307,0
4,144,"RD","100_sites_x_50","moderate",100,50,0,-0.0890061663840512,-0.0906648216625576,-0.00165865527850639,-0.0953419736031696,-0.00633580721911842,-0.00467715194061202,0.00467715194061202,0
4,144,"RMST_diff","100_sites_x_50","moderate",100,50,0,1.92756947857927,1.8576621439194,-0.0699073346598755,1.96981752094072,0.0422480423614466,0.112155377021322,-0.0276592922984289,0
4,145,"RD","100_sites_x_50","moderate",100,50,0,-0.0890061663840512,-0.0905977963067891,-0.00159162992273787,-0.0954316152387917,-0.0064254488547405,-0.00483381893200263,0.00483381893200263,0
4,145,"RMST_diff","100_sites_x_50","moderate",100,50,0,1.92756947857927,1.86618381760189,-0.061385660977388,1.979025818808,0.0514563402287216,0.11284200120611,-0.00992932074866637,0
4,146,"RD","100_sites_x_50","moderate",100,50,0,-0.0890061663840512,-0.0872357056077918,0.00177046077625942,-0.0920101364846161,-0.00300397010056486,-0.00477443087682428,0.00123350932430544,0
4,146,"RMST_diff","100_sites_x_50","moderate",100,50,0,1.92756947857927,1.79883578981356,-0.128733688765719,1.9097807674829,-0.0177887110963777,0.110944977669341,-0.110944977669341,0
4,147,"RD","100_sites_x_50","moderate",100,50,0,-0.0890061663840512,-0.0867658448637861,0.0022403215202651,-0.0910268863191968,-0.00202071993514552,-0.00426104145541062,-0.000219601585119578,0
4,147,"RMST_diff","100_sites_x_50","moderate",100,50,0,1.92756947857927,1.7856784012457,-0.141891077333577,1.8926301993866,-0.0349392791926757,0.106951798140901,-0.106951798140901,0
4,148,"RD","100_sites_x_50","moderate",100,50,0,-0.0890061663840512,-0.0875615121348048,0.00144465424924645,-0.0917782123155089,-0.00277204593145763,-0.00421670018070408,0.00132739168221119,0
4,148,"RMST_diff","100_sites_x_50","moderate",100,50,0,1.92756947857927,1.77826613763489,-0.149303340944385,1.88482333899284,-0.0427461395864324,0.106557201357953,-0.106557201357953,0
4,149,"RD","100_sites_x_50","moderate",100,50,0,-0.0890061663840512,-0.0883429992839769,0.000663167100074302,-0.0924742328572197,-0.00346806647316844,-0.00413123357324274,0.00280489937309414,0
4,149,"RMST_diff","100_sites_x_50","moderate",100,50,0,1.92756947857927,1.76326664300733,-0.164302835571942,1.87074431497328,-0.0568251636059927,0.107477671965949,-0.107477671965949,0
4,150,"RD","100_sites_x_50","moderate",100,50,0,-0.0890061663840512,-0.0880680996096606,0.000938066774390678,-0.0917625588610145,-0.00275639247696324,-0.00369445925135392,0.00181832570257257,0
4,150,"RMST_diff","100_sites_x_50","moderate",100,50,0,1.92756947857927,1.75075138513508,-0.176818093444194,1.85183915005305,-0.0757303285262214,0.101087764917972,-0.101087764917972,0
4,151,"RD","100_sites_x_50","moderate",100,50,0,-0.0890061663840512,-0.0882753837405476,0.00073078264350368,-0.0917416167729745,-0.00273545038892331,-0.00346623303242699,0.00200466774541963,0
4,151,"RMST_diff","100_sites_x_50","moderate",100,50,0,1.92756947857927,1.74432979416392,-0.183239684415357,1.84726632540805,-0.0803031531712204,0.102936531244136,-0.102936531244136,0
4,152,"RD","100_sites_x_50","moderate",100,50,0,-0.0890061663840512,-0.09175159264028,-0.00274542625622876,-0.0951682291921275,-0.0061620628080763,-0.00341663655184754,0.00341663655184754,0
4,152,"RMST_diff","100_sites_x_50","moderate",100,50,0,1.92756947857927,1.80728721038787,-0.120282268191408,1.90945782712947,-0.0181116514498001,0.102170616741608,-0.102170616741608,0
4,153,"RD","100_sites_x_50","moderate",100,50,0,-0.0890061663840512,-0.0915550203464357,-0.00254885396238447,-0.0948167599878141,-0.0058105936037629,-0.00326173964137844,0.00326173964137844,0
4,153,"RMST_diff","100_sites_x_50","moderate",100,50,0,1.92756947857927,1.79690988684518,-0.130659591734096,1.89587668703403,-0.0316927915452467,0.0989668001888493,-0.0989668001888493,0
4,154,"RD","100_sites_x_50","moderate",100,50,0,-0.0890061663840512,-0.0919924676415766,-0.00298630125752541,-0.0953066985561677,-0.00630053217211646,-0.00331423091459104,0.00331423091459104,0
4,154,"RMST_diff","100_sites_x_50","moderate",100,50,0,1.92756947857927,1.79981201873675,-0.127757459842528,1.89887990646192,-0.0286895721173508,0.0990678877251767,-0.0990678877251767,0
4,155,"RD","100_sites_x_50","moderate",100,50,0,-0.0890061663840512,-0.0952289268630672,-0.00622276047901593,-0.0983395699845535,-0.00933340360050228,-0.00311064312148635,0.00311064312148635,0
4,155,"RMST_diff","100_sites_x_50","moderate",100,50,0,1.92756947857927,1.82083568814456,-0.106733790434719,1.92745649525683,-0.000112983322443583,0.106620807112275,-0.106620807112275,0
4,156,"RD","100_sites_x_50","moderate",100,50,0,-0.0890061663840512,-0.0979646479917564,-0.00895848160770518,-0.100532054588707,-0.0115258882046554,-0.00256740659695021,0.00256740659695021,0
4,156,"RMST_diff","100_sites_x_50","moderate",100,50,0,1.92756947857927,1.81880363194689,-0.108765846632386,1.92852433206469,0.000954853485412244,0.109720700117798,-0.107810993146973,0
4,157,"RD","100_sites_x_50","moderate",100,50,0,-0.0890061663840512,-0.0950179390581681,-0.0060117726741169,-0.0979978114779367,-0.0089916450938855,-0.0029798724197686,0.0029798724197686,0
4,157,"RMST_diff","100_sites_x_50","moderate",100,50,0,1.92756947857927,1.76668920943603,-0.16088026914324,1.88051093624735,-0.0470585423319196,0.11382172681132,-0.11382172681132,0
4,158,"RD","100_sites_x_50","moderate",100,50,0,-0.0890061663840512,-0.0947566735328448,-0.00575050714879355,-0.0977389378614978,-0.00873277147744655,-0.00298226432865301,0.00298226432865301,0
4,158,"RMST_diff","100_sites_x_50","moderate",100,50,0,1.92756947857927,1.76976512304444,-0.157804355534836,1.88376406510868,-0.043805413470599,0.113998942064237,-0.113998942064237,0
4,159,"RD","100_sites_x_50","moderate",100,50,0,-0.0890061663840512,-0.0975766775059955,-0.00857051112194429,-0.100339377703441,-0.0113332113193894,-0.00276270019744507,0.00276270019744507,0
4,159,"RMST_diff","100_sites_x_50","moderate",100,50,0,1.92756947857927,1.8385725899821,-0.0889968885971744,1.94850744905711,0.0209379704778367,0.109934859075011,-0.0680589181193376,0
4,160,"RD","100_sites_x_50","moderate",100,50,0,-0.0890061663840512,-0.0941708509497501,-0.00516468456569885,-0.0986288187343212,-0.00962265235026993,-0.00445796778457108,0.00445796778457108,0
4,160,"RMST_diff","100_sites_x_50","moderate",100,50,0,1.92756947857927,1.77781488100938,-0.149754597569899,1.91618206403265,-0.0113874145466291,0.13836718302327,-0.13836718302327,0
4,161,"RD","100_sites_x_50","moderate",100,50,0,-0.0890061663840512,-0.093796967805226,-0.00479080142117472,-0.0987084795216433,-0.00970231313759207,-0.00491151171641735,0.00491151171641735,0
4,161,"RMST_diff","100_sites_x_50","moderate",100,50,0,1.92756947857927,1.78035816339389,-0.147211315185388,1.9288142524087,0.00124477382942345,0.148456089014811,-0.145966541355964,0
4,162,"RD","100_sites_x_50","moderate",100,50,0,-0.0890061663840512,-0.0931389464671013,-0.00413278008305007,-0.0977802915457514,-0.00877412516170017,-0.00464134507865011,0.00464134507865011,0
4,162,"RMST_diff","100_sites_x_50","moderate",100,50,0,1.92756947857927,1.80680240588378,-0.120767072695495,1.95198930109522,0.0244198225159469,0.145186895211442,-0.0963472501795479,0
4,163,"RD","100_sites_x_50","moderate",100,50,0,-0.0890061663840512,-0.0914141765178618,-0.00240801013381053,-0.0956793598998072,-0.00667319351575602,-0.00426518338194548,0.00426518338194548,0
4,163,"RMST_diff","100_sites_x_50","moderate",100,50,0,1.92756947857927,1.78712794884601,-0.140441529733268,1.92781660042555,0.000247121846278731,0.140688651579547,-0.140194407886989,0
4,164,"RD","100_sites_x_50","moderate",100,50,0,-0.0890061663840512,-0.0926084619387203,-0.00360229555466907,-0.0973828621377257,-0.0083766957536745,-0.00477440019900544,0.00477440019900544,0
4,164,"RMST_diff","100_sites_x_50","moderate",100,50,0,1.92756947857927,1.81895711270182,-0.10861236587745,1.96462657891178,0.0370571003325058,0.145669466209956,-0.0715552655449443,0
4,165,"RD","100_sites_x_50","moderate",100,50,0,-0.0890061663840512,-0.095097373664782,-0.00609120728073076,-0.0991378296464149,-0.0101316632623637,-0.00404045598163294,0.00404045598163294,0
4,165,"RMST_diff","100_sites_x_50","moderate",100,50,0,1.92756947857927,1.83205253755668,-0.0955169410225984,1.97066320360078,0.0430937250215067,0.138610666044105,-0.0524232160010918,0
4,166,"RD","100_sites_x_50","moderate",100,50,0,-0.0890061663840512,-0.0941962467744439,-0.0051900803903927,-0.098013564309047,-0.00900739792499572,-0.00381731753460302,0.00381731753460302,0
4,166,"RMST_diff","100_sites_x_50","moderate",100,50,0,1.92756947857927,1.79193928622683,-0.135630192352441,1.92180117392979,-0.00576830464948763,0.129861887702953,-0.129861887702953,0
4,167,"RD","100_sites_x_50","moderate",100,50,0,-0.0890061663840512,-0.0953103035918302,-0.006304137207779,-0.0993093265582689,-0.0103031601742176,-0.00399902296643861,0.00399902296643861,0
4,167,"RMST_diff","100_sites_x_50","moderate",100,50,0,1.92756947857927,1.82446041853395,-0.103109060045327,1.95689988396702,0.0293304053877499,0.132439465433077,-0.0737786546575769,0
4,168,"RD","100_sites_x_50","moderate",100,50,0,-0.0890061663840512,-0.0934352904563069,-0.00442912407225571,-0.0979588130736639,-0.00895264668961271,-0.004523522617357,0.004523522617357,0
4,168,"RMST_diff","100_sites_x_50","moderate",100,50,0,1.92756947857927,1.79129672241595,-0.136272756163322,1.93492280208684,0.00735332350756934,0.143626079670891,-0.128919432655753,0
4,169,"RD","100_sites_x_50","moderate",100,50,1,-0.0890061663840512,-0.0924834640004313,-0.00347729761638005,-0.0962518178538688,-0.00724565146981759,-0.00376835385343754,0.00376835385343754,0.01
4,169,"RMST_diff","100_sites_x_50","moderate",100,50,1,1.92756947857927,1.79353273874334,-0.134036739835931,1.93340512447467,0.00583564589540053,0.139872385731332,-0.128201093940531,0.01
4,170,"RD","100_sites_x_50","moderate",100,50,1,-0.0890061663840512,-0.0923715499890846,-0.00336538360503336,-0.09619661804897,-0.00719045166491872,-0.00382506805988536,0.00382506805988536,0.01
4,170,"RMST_diff","100_sites_x_50","moderate",100,50,1,1.92756947857927,1.7798712650774,-0.147698213501876,1.9177338990094,-0.00983557956987369,0.137862633932002,-0.137862633932002,0.01
4,171,"RD","100_sites_x_50","moderate",100,50,1,-0.0890061663840512,-0.090062764002938,-0.00105659761888677,-0.0936761890518886,-0.00467002266783734,-0.00361342504895057,0.00361342504895057,0.01
4,171,"RMST_diff","100_sites_x_50","moderate",100,50,1,1.92756947857927,1.75074749929768,-0.176821979281591,1.88261412442816,-0.0449553541511172,0.131866625130474,-0.131866625130474,0.01
4,172,"RD","100_sites_x_50","moderate",100,50,1,-0.0890061663840512,-0.0889677444985539,3.84218854972973e-05,-0.0925194319199981,-0.00351326553594689,-0.00355168742144418,0.00347484365044959,0.01
4,172,"RMST_diff","100_sites_x_50","moderate",100,50,1,1.92756947857927,1.76118997477307,-0.166379503806208,1.89461305195035,-0.0329564266289193,0.133423077177289,-0.133423077177289,0.01
4,173,"RD","100_sites_x_50","moderate",100,50,1,-0.0890061663840512,-0.0881957080302955,0.000810458353755705,-0.0915950821514003,-0.0025889157673491,-0.0033993741211048,0.00177845741359339,0.01
4,173,"RMST_diff","100_sites_x_50","moderate",100,50,1,1.92756947857927,1.69841220330661,-0.229157275272666,1.83781139464884,-0.0897580839304339,0.139399191342232,-0.139399191342232,0.01
4,174,"RD","100_sites_x_50","moderate",100,50,1,-0.0890061663840512,-0.0856738861396688,0.00333228024438248,-0.0883220771427755,0.00068408924127572,-0.00264819100310676,-0.00264819100310676,0.01
4,174,"RMST_diff","100_sites_x_50","moderate",100,50,1,1.92756947857927,1.67243083779904,-0.255138640780237,1.80332695319073,-0.124242525388542,0.130896115391694,-0.130896115391694,0.01
4,175,"RD","100_sites_x_50","moderate",100,50,1,-0.0890061663840512,-0.082375284425971,0.00663088195808026,-0.0853167076863994,0.0036894586976518,-0.00294142326042846,-0.00294142326042846,0.01
4,175,"RMST_diff","100_sites_x_50","moderate",100,50,1,1.92756947857927,1.63100233523692,-0.296567143342353,1.76102124256027,-0.166548236019008,0.130018907323345,-0.130018907323345,0.01
4,176,"RD","100_sites_x_50","moderate",100,50,1,-0.0890061663840512,-0.0845266123753133,0.0044795540087379,-0.0870736115496146,0.00193255483443666,-0.00254699917430123,-0.00254699917430123,0.01
4,176,"RMST_diff","100_sites_x_50","moderate",100,50,1,1.92756947857927,1.65715860242839,-0.270410876150887,1.78235217361254,-0.145217304966735,0.125193571184152,-0.125193571184152,0.01
4,177,"RD","100_sites_x_50","moderate",100,50,1,-0.0890061663840512,-0.0843160199504888,0.00469014643356247,-0.0868080402937046,0.00219812609034664,-0.00249202034321583,-0.00249202034321583,0.01
4,177,"RMST_diff","100_sites_x_50","moderate",100,50,1,1.92756947857927,1.68977859318205,-0.237790885397226,1.81282585623604,-0.114743622343235,0.123047263053991,-0.123047263053991,0.01
4,178,"RD","100_sites_x_50","moderate",100,50,1,-0.0890061663840512,-0.0830029698388499,0.00600319654520132,-0.0859209314780137,0.00308523490603752,-0.0029179616391638,-0.0029179616391638,0.01
4,178,"RMST_diff","100_sites_x_50","moderate",100,50,1,1.92756947857927,1.65579220205469,-0.271777276524585,1.77996936076323,-0.147600117816047,0.124177158708537,-0.124177158708537,0.01
4,179,"RD","100_sites_x_50","moderate",100,50,1,-0.0890061663840512,-0.0833807052787263,0.00562546110532491,-0.0862784517741849,0.00272771460986632,-0.0028977464954586,-0.0028977464954586,0.01
4,179,"RMST_diff","100_sites_x_50","moderate",100,50,1,1.92756947857927,1.64169897293483,-0.285870505644439,1.76711899344448,-0.160450485134795,0.125420020509644,-0.125420020509644,0.01
4,180,"RD","100_sites_x_50","moderate",100,50,1,-0.0890061663840512,-0.0829066473235367,0.00609951906051454,-0.0853799206120387,0.00362624577201254,-0.002473273288502,-0.002473273288502,0.01
4,180,"RMST_diff","100_sites_x_50","moderate",100,50,1,1.92756947857927,1.64633897870599,-0.281230499873287,1.77434923956775,-0.153220239011528,0.128010260861759,-0.128010260861759,0.01
4,181,"RD","100_sites_x_50","moderate",100,50,1,-0.0890061663840512,-0.0811654648852562,0.00784070149879501,-0.0831463762939578,0.00585979009009341,-0.0019809114087016,-0.0019809114087016,0.01
4,181,"RMST_diff","100_sites_x_50","moderate",100,50,1,1.92756947857927,1.61710284093635,-0.310466637642927,1.73823531542799,-0.189334163151281,0.121132474491645,-0.121132474491645,0.01
4,182,"RD","100_sites_x_50","moderate",100,50,1,-0.0890061663840512,-0.0800849337428383,0.00892123264121292,-0.0817401814329887,0.00726598495106257,-0.00165524769015035,-0.00165524769015035,0.01
4,182,"RMST_diff","100_sites_x_50","moderate",100,50,1,1.92756947857927,1.62940858077901,-0.298160897800267,1.7368529041649,-0.19071657441437,0.107444323385897,-0.107444323385897,0.01
4,183,"RD","100_sites_x_50","moderate",100,50,1,-0.0890061663840512,-0.0820245165351742,0.00698164984887706,-0.0832035763768917,0.00580259000715955,-0.00117905984171751,-0.00117905984171751,0.01
4,183,"RMST_diff","100_sites_x_50","moderate",100,50,1,1.92756947857927,1.67341540680626,-0.254154071773018,1.77400209769253,-0.153567380886743,0.100586690886274,-0.100586690886274,0.01
4,184,"RD","100_sites_x_50","moderate",100,50,1,-0.0890061663840512,-0.0817645763451152,0.00724159003893599,-0.0830012166368629,0.00600494974718835,-0.00123664029174764,-0.00123664029174764,0.01
4,184,"RMST_diff","100_sites_x_50","moderate",100,50,1,1.92756947857927,1.68477232659027,-0.242797151989,1.78764833725013,-0.139921141329143,0.102876010659857,-0.102876010659857,0.01
4,185,"RD","100_sites_x_50","moderate",100,50,1,-0.0890061663840512,-0.0810358883080949,0.00797027807595629,-0.0821277948210369,0.0068783715630143,-0.001091906512942,-0.001091906512942,0.01
4,185,"RMST_diff","100_sites_x_50","moderate",100,50,1,1.92756947857927,1.63730237934389,-0.290267099235386,1.74392871540043,-0.183640763178847,0.106626336056539,-0.106626336056539,0.01
4,186,"RD","100_sites_x_50","moderate",100,50,1,-0.0890061663840512,-0.0803704251356934,0.00863574124835786,-0.0815142309907474,0.00749193539330384,-0.00114380585505403,-0.00114380585505403,0.01
4,186,"RMST_diff","100_sites_x_50","moderate",100,50,1,1.92756947857927,1.6265513635571,-0.301018115022172,1.74074938025236,-0.186820098326917,0.114198016695255,-0.114198016695255,0.01
4,187,"RD","100_sites_x_50","moderate",100,50,1,-0.0890061663840512,-0.0811050671894225,0.00790109919462878,-0.0821380830492634,0.00686808333478783,-0.00103301585984095,-0.00103301585984095,0.01
4,187,"RMST_diff","100_sites_x_50","moderate",100,50,1,1.92756947857927,1.64846004606974,-0.27910943250953,1.75778162262822,-0.169787855951057,0.109321576558473,-0.109321576558473,0.01
4,188,"RD","100_sites_x_50","moderate",100,50,1,-0.0890061663840512,-0.0818360163987414,0.00717014998530985,-0.0830495348500176,0.00595663153403359,-0.00121351845127626,-0.00121351845127626,0.01
4,188,"RMST_diff","100_sites_x_50","moderate",100,50,1,1.92756947857927,1.61546911078992,-0.312100367789352,1.72155500924898,-0.206014469330295,0.106085898459057,-0.106085898459057,0.01
4,189,"RD","100_sites_x_50","moderate",100,50,1,-0.0890061663840512,-0.0805237528080965,0.00848241357595469,-0.0808558280632032,0.00815033832084799,-0.000332075255106701,-0.000332075255106701,0.01
4,189,"RMST_diff","100_sites_x_50","moderate",100,50,1,1.92756947857927,1.5971184108926,-0.330451067686671,1.69090199171917,-0.236667486860103,0.0937835808265675,-0.0937835808265675,0.01
4,190,"RD","100_sites_x_50","moderate",100,50,1,-0.0890061663840512,-0.0791789550046718,0.00982721137937947,-0.07913584564531,0.00987032073874128,4.31093593618037e-05,4.31093593618037e-05,0.01
4,190,"RMST_diff","100_sites_x_50","moderate",100,50,1,1.92756947857927,1.58400712408315,-0.343562354496127,1.66552466065971,-0.262044817919559,0.0815175365765679,-0.0815175365765679,0.01
4,191,"RD","100_sites_x_50","moderate",100,50,1,-0.0890061663840512,-0.0802079054590927,0.0087982609249585,-0.0802254765817317,0.0087806898023195,-1.75711226390041e-05,-1.75711226390041e-05,0.01
4,191,"RMST_diff","100_sites_x_50","moderate",100,50,1,1.92756947857927,1.60014858747777,-0.327420891101507,1.68294073447992,-0.24462874409935,0.0827921470021575,-0.0827921470021575,0.01
4,192,"RD","100_sites_x_50","moderate",100,50,1,-0.0890061663840512,-0.0799118235227053,0.00909434286134592,-0.0795098198141436,0.00949634656990761,0.000402003708561693,0.000402003708561693,0.01
4,192,"RMST_diff","100_sites_x_50","moderate",100,50,1,1.92756947857927,1.5801389810924,-0.347430497486876,1.64675170060834,-0.280817777970936,0.0666127195159394,-0.0666127195159394,0.01
4,193,"RD","100_sites_x_50","moderate",100,50,1,-0.0890061663840512,-0.0827175386570321,0.0062886277270191,-0.0828855014702573,0.00612066491379393,-0.000167962813225175,-0.000167962813225175,0.01
4,193,"RMST_diff","100_sites_x_50","moderate",100,50,1,1.92756947857927,1.60679398700145,-0.320775491577825,1.67836886357036,-0.24920061500891,0.0715748765689153,-0.0715748765689153,0.01
4,194,"RD","100_sites_x_50","moderate",100,50,1,-0.0890061663840512,-0.0814995873244068,0.00750657905964447,-0.0809283562858527,0.00807781009819852,0.000571231038554054,0.000571231038554054,0.01
4,194,"RMST_diff","100_sites_x_50","moderate",100,50,1,1.92756947857927,1.58448188044869,-0.343087598130584,1.64638964695582,-0.281179831623454,0.0619077665071295,-0.0619077665071295,0.01
4,195,"RD","100_sites_x_50","moderate",100,50,1,-0.0890061663840512,-0.0787419403775659,0.0102642260064854,-0.0780766084438422,0.010929557940209,0.000665331933723645,0.000665331933723645,0.01
4,195,"RMST_diff","100_sites_x_50","moderate",100,50,1,1.92756947857927,1.5310529796342,-0.396516498945072,1.58944022089172,-0.33812925768755,0.0583872412575221,-0.0583872412575221,0.01
4,196,"RD","100_sites_x_50","moderate",100,50,1,-0.0890061663840512,-0.0806887859022243,0.00831738048182695,-0.0795106735169921,0.00949549286705909,0.00117811238523213,0.00117811238523213,0.01
4,196,"RMST_diff","100_sites_x_50","moderate",100,50,1,1.92756947857927,1.55846309814969,-0.369106380429583,1.60920597540113,-0.318363503178144,0.0507428772514391,-0.0507428772514391,0.01
4,197,"RD","100_sites_x_50","moderate",100,50,1,-0.0890061663840512,-0.0828501624389718,0.00615600394507942,-0.0816899209334893,0.00731624545056198,0.00116024150548255,0.00116024150548255,0.01
4,197,"RMST_diff","100_sites_x_50","moderate",100,50,1,1.92756947857927,1.56439414405519,-0.363175334524088,1.62132763282467,-0.306241845754608,0.0569334887694808,-0.0569334887694808,0.01
4,198,"RD","100_sites_x_50","moderate",100,50,1,-0.0890061663840512,-0.0814047791851567,0.00760138719889458,-0.0804435760166293,0.00856259036742191,0.000961203168527325,0.000961203168527325,0.01
4,198,"RMST_diff","100_sites_x_50","moderate",100,50,1,1.92756947857927,1.54255240013586,-0.385017078443411,1.60249182966362,-0.325077648915654,0.0599394295277573,-0.0599394295277573,0.01
4,199,"RD","100_sites_x_50","moderate",100,50,1,-0.0890061663840512,-0.0831331875949342,0.00587297878911708,-0.0822436283997916,0.00676253798425963,0.000889559195142553,0.000889559195142553,0.01
4,199,"RMST_diff","100_sites_x_50","moderate",100,50,1,1.92756947857927,1.54897747478502,-0.378592003794253,1.60025031454162,-0.327319164037652,0.0512728397566011,-0.0512728397566011,0.01
4,200,"RD","100_sites_x_50","moderate",100,50,1,-0.0890061663840512,-0.0827081537083714,0.00629801267567986,-0.0817938341817722,0.00721233220227901,0.00091431952659915,0.00091431952659915,0.01
4,200,"RMST_diff","100_sites_x_50","moderate",100,50,1,1.92756947857927,1.57150517784801,-0.35606430073126,1.6231453667447,-0.304424111834573,0.0516401888966875,-0.0516401888966875,0.01
4,201,"RD","100_sites_x_50","moderate",100,50,1,-0.0890061663840512,-0.0836666398000753,0.00533952658397596,-0.0827764834911398,0.00622968289291148,0.000890156308935519,0.000890156308935519,0.01
4,201,"RMST_diff","100_sites_x_50","moderate",100,50,1,1.92756947857927,1.60793719471567,-0.3196322838636,1.65448400034075,-0.273085478238526,0.0465468056250735,-0.0465468056250735,0.01
4,202,"RD","100_sites_x_50","moderate",100,50,1,-0.0890061663840512,-0.0815418435374301,0.00746432284662113,-0.0808818418999541,0.00812432448409717,0.000660001637476038,0.000660001637476038,0.01
4,202,"RMST_diff","100_sites_x_50","moderate",100,50,1,1.92756947857927,1.55233645542491,-0.375233023154369,1.60738067050843,-0.320188808070846,0.0550442150835231,-0.0550442150835231,0.01
4,203,"RD","100_sites_x_50","moderate",100,50,1,-0.0890061663840512,-0.0835194741136239,0.00548669227042731,-0.0826333756641798,0.0063727907198714,0.000886098449444095,0.000886098449444095,0.01
4,203,"RMST_diff","100_sites_x_50","moderate",100,50,1,1.92756947857927,1.56024702907473,-0.367322449504544,1.61414015958956,-0.313429318989712,0.0538931305148314,-0.0538931305148314,0.01
4,204,"RD","100_sites_x_50","moderate",100,50,1,-0.0890061663840512,-0.0898102261821558,-0.000804059798104606,-0.0863941512135996,0.00261201517045162,0.00341607496855623,0.00180795537234701,0.01
4,204,"RMST_diff","100_sites_x_50","moderate",100,50,1,1.92756947857927,1.66183294163118,-0.265736536948097,1.67620152597065,-0.251367952608627,0.0143685843394703,-0.0143685843394703,0.01
4,205,"RD","100_sites_x_50","moderate",100,50,1,-0.0890061663840512,-0.0897362327327895,-0.00073006634873829,-0.0863938263950413,0.00261233998900989,0.00334240633774818,0.0018822736402716,0.01
4,205,"RMST_diff","100_sites_x_50","moderate",100,50,1,1.92756947857927,1.68031509564599,-0.247254382933283,1.69948115616419,-0.228088322415083,0.0191660605182005,-0.0191660605182005,0.01
4,206,"RD","100_sites_x_50","moderate",100,50,1,-0.0890061663840512,-0.0877276453744119,0.00127852100963932,-0.0844512789537777,0.00455488743027355,0.00327636642063422,0.00327636642063422,0.01
4,206,"RMST_diff","100_sites_x_50","moderate",100,50,1,1.92756947857927,1.66947935695499,-0.258090121624289,1.68839004098713,-0.23917943759214,0.0189106840321482,-0.0189106840321482,0.01
4,207,"RD","100_sites_x_50","moderate",100,50,1,-0.0890061663840512,-0.0881111441741255,0.000895022209925767,-0.0848507175002605,0.00415544888379071,0.00326042667386495,0.00326042667386495,0.01
4,207,"RMST_diff","100_sites_x_50","moderate",100,50,1,1.92756947857927,1.6852831014326,-0.242286377146673,1.70354514303343,-0.224024335545847,0.0182620416008259,-0.0182620416008259,0.01
4,208,"RD","100_sites_x_50","moderate",100,50,1,-0.0890061663840512,-0.088812626049719,0.000193540334332276,-0.0855149442139674,0.0034912221700838,0.00329768183575152,0.00329768183575152,0.01
4,208,"RMST_diff","100_sites_x_50","moderate",100,50,1,1.92756947857927,1.72348516144242,-0.20408431713685,1.74028295238231,-0.18728652619696,0.01679779093989,-0.01679779093989,0.01
4,209,"RD","100_sites_x_50","moderate",100,50,1,-0.0890061663840512,-0.0907514042936062,-0.00174523790955494,-0.0878817339990929,0.0011244323849583,0.00286967029451324,-0.000620805524596646,0.01
4,209,"RMST_diff","100_sites_x_50","moderate",100,50,1,1.92756947857927,1.74446009310851,-0.183109385470761,1.76134956112972,-0.166219917449553,0.0168894680212084,-0.0168894680212084,0.01
4,210,"RD","100_sites_x_50","moderate",100,50,1,-0.0890061663840512,-0.0900420776473666,-0.00103591126331537,-0.086992552291411,0.00201361409264023,0.0030495253559556,0.000977702829324856,0.01
4,210,"RMST_diff","100_sites_x_50","moderate",100,50,1,1.92756947857927,1.75696508778758,-0.17060439079169,1.77260302721008,-0.154966451369191,0.0156379394224988,-0.0156379394224988,0.01
4,211,"RD","100_sites_x_50","moderate",100,50,1,-0.0890061663840512,-0.0910950049889886,-0.00208883860493736,-0.0879378380970667,0.00106832828698455,0.00315716689192191,-0.00102051031795281,0.01
4,211,"RMST_diff","100_sites_x_50","moderate",100,50,1,1.92756947857927,1.7894716257204,-0.13809785285887,1.80270888491814,-0.124860593661133,0.0132372591977372,-0.0132372591977372,0.01
4,212,"RD","100_sites_x_50","moderate",100,50,1,-0.0890061663840512,-0.0911849446272668,-0.00217877824321555,-0.088220690000312,0.00078547638373927,0.00296425462695482,-0.00139330185947628,0.01
4,212,"RMST_diff","100_sites_x_50","moderate",100,50,1,1.92756947857927,1.80499372309934,-0.12257575547993,1.8294000569297,-0.0981694216495708,0.0244063338303597,-0.0244063338303597,0.01
4,213,"RD","100_sites_x_50","moderate",100,50,1,-0.0890061663840512,-0.0915586917159807,-0.00255252533192951,-0.0885233601254372,0.000482806258614077,0.00303533159054359,-0.00206971907331543,0.01
4,213,"RMST_diff","100_sites_x_50","moderate",100,50,1,1.92756947857927,1.79427058894635,-0.133298889632922,1.82009431768953,-0.10747516088974,0.0258237287431822,-0.0258237287431822,0.01
4,214,"RD","100_sites_x_50","moderate",100,50,1,-0.0890061663840512,-0.0924088755277456,-0.00340270914369434,-0.0894641878544166,-0.000458021470365333,0.00294468767332901,-0.00294468767332901,0.01
4,214,"RMST_diff","100_sites_x_50","moderate",100,50,1,1.92756947857927,1.80012182935283,-0.127447649226443,1.82283285556341,-0.104736623015862,0.0227110262105814,-0.0227110262105814,0.01
4,215,"RD","100_sites_x_50","moderate",100,50,1,-0.0890061663840512,-0.0902489642988908,-0.00124279791483961,-0.0882626936456207,0.000743472738430562,0.00198627065327017,-0.000499325176409049,0.01
4,215,"RMST_diff","100_sites_x_50","moderate",100,50,1,1.92756947857927,1.78982722945408,-0.137742249125196,1.82939305333355,-0.0981764252457289,0.0395658238794674,-0.0395658238794674,0.01
4,216,"RD","100_sites_x_50","moderate",100,50,1,-0.0890061663840512,-0.0908790399348957,-0.00187287355084442,-0.0888168047956952,0.00018936158835603,0.00206223513920045,-0.00168351196248839,0.01
4,216,"RMST_diff","100_sites_x_50","moderate",100,50,1,1.92756947857927,1.78951278884871,-0.138056689730561,1.82874386812465,-0.098825610454627,0.0392310792759343,-0.0392310792759343,0.01
4,217,"RD","100_sites_x_50","moderate",100,50,1,-0.0890061663840512,-0.0906393353661005,-0.00163316898204924,-0.0895802492363581,-0.000574082852306868,0.00105908612974237,-0.00105908612974237,0.01
4,217,"RMST_diff","100_sites_x_50","moderate",100,50,1,1.92756947857927,1.75906912627858,-0.168500352300693,1.80190675774583,-0.125662720833443,0.0428376314672505,-0.0428376314672505,0.01
4,218,"RD","100_sites_x_50","moderate",100,50,1,-0.0890061663840512,-0.0914906850310812,-0.00248451864702992,-0.0907236252979898,-0.0017174589139386,0.000767059733091324,-0.000767059733091324,0.01
4,218,"RMST_diff","100_sites_x_50","moderate",100,50,1,1.92756947857927,1.75585281634798,-0.171716662231297,1.80265856576908,-0.124910912810194,0.0468057494211038,-0.0468057494211038,0.01
4,219,"RD","100_sites_x_50","moderate",100,50,1,-0.0890061663840512,-0.0874820509769549,0.00152411540709629,-0.0865955802105194,0.00241058617353185,0.000886470766435554,0.000886470766435554,0.01
4,219,"RMST_diff","100_sites_x_50","moderate",100,50,1,1.92756947857927,1.70100550986294,-0.226563968716333,1.74698561453505,-0.180583864044227,0.0459801046721058,-0.0459801046721058,0.01
4,220,"RD","100_sites_x_50","moderate",100,50,1,-0.0890061663840512,-0.0870041303691274,0.00200203601492388,-0.0861565656781937,0.00284960070585749,0.000847564690933611,0.000847564690933611,0.01
4,220,"RMST_diff","100_sites_x_50","moderate",100,50,1,1.92756947857927,1.69901894338939,-0.228550535189887,1.74526745646342,-0.18230202211585,0.0462485130740369,-0.0462485130740369,0.01
4,221,"RD","100_sites_x_50","moderate",100,50,1,-0.0890061663840512,-0.0852109570260258,0.00379520935802546,-0.0841910658600774,0.00481510052397383,0.00101989116594836,0.00101989116594836,0.01
4,221,"RMST_diff","100_sites_x_50","moderate",100,50,1,1.92756947857927,1.68411617807616,-0.243453300503115,1.72615622060264,-0.201413257976633,0.042040042526482,-0.042040042526482,0.01
4,222,"RD","100_sites_x_50","moderate",100,50,1,-0.0890061663840512,-0.0887989710428422,0.000207195341209054,-0.0871126747789036,0.00189349160514762,0.00168629626393857,0.00168629626393857,0.01
4,222,"RMST_diff","100_sites_x_50","moderate",100,50,1,1.92756947857927,1.75219814059351,-0.17537133798576,1.78519888331626,-0.142370595263015,0.033000742722745,-0.033000742722745,0.01
4,223,"RD","100_sites_x_50","moderate",100,50,1,-0.0890061663840512,-0.0923600644326839,-0.00335389804863262,-0.0914141241422569,-0.00240795775820568,0.000945940290426939,-0.000945940290426939,0.01
4,223,"RMST_diff","100_sites_x_50","moderate",100,50,1,1.92756947857927,1.80453514518209,-0.123034333397186,1.83877623059733,-0.0887932479819398,0.0342410854152462,-0.0342410854152462,0.01
4,224,"RD","100_sites_x_50","moderate",100,50,1,-0.0890061663840512,-0.0908332893735987,-0.00182712298954746,-0.0898648764671851,-0.000858710083133873,0.000968412906413585,-0.000968412906413585,0.01
4,224,"RMST_diff","100_sites_x_50","moderate",100,50,1,1.92756947857927,1.77989674679621,-0.147672731783068,1.81314991073365,-0.114419567845626,0.0332531639374416,-0.0332531639374416,0.01
4,225,"RD","100_sites_x_50","moderate",100,50,1,-0.0890061663840512,-0.092671373705092,-0.00366520732104081,-0.0921131155034994,-0.0031069491194482,0.00055825820159261,-0.00055825820159261,0.01
4,225,"RMST_diff","100_sites_x_50","moderate",100,50,1,1.92756947857927,1.8002784493672,-0.127291029212076,1.83585884999096,-0.0917106285883165,0.0355804006237594,-0.0355804006237594,0.01
4,226,"RD","100_sites_x_50","moderate",100,50,1,-0.0890061663840512,-0.0949126157287969,-0.00590644934474571,-0.0941016894966553,-0.00509552311260408,0.000810926232141629,-0.000810926232141629,0.01
4,226,"RMST_diff","100_sites_x_50","moderate",100,50,1,1.92756947857927,1.86296391077756,-0.064605567801717,1.89210333157878,-0.0354661470004967,0.0291394208012203,-0.0291394208012203,0.01
4,227,"RD","100_sites_x_50","moderate",100,50,1,-0.0890061663840512,-0.0934375770092055,-0.00443141062515429,-0.0926229817301543,-0.00361681534610303,0.000814595279051256,-0.000814595279051256,0.01
4,227,"RMST_diff","100_sites_x_50","moderate",100,50,1,1.92756947857927,1.81574033141085,-0.111829147168427,1.84560883883896,-0.081960639740311,0.029868507428116,-0.029868507428116,0.01
4,228,"RD","100_sites_x_50","moderate",100,50,1,-0.0890061663840512,-0.0900126939530758,-0.00100652756902453,-0.0895777547145823,-0.000571588330531059,0.00043493923849347,-0.00043493923849347,0.01
4,228,"RMST_diff","100_sites_x_50","moderate",100,50,1,1.92756947857927,1.75086384951688,-0.176705629062399,1.7853978032762,-0.142171675303077,0.0345339537593219,-0.0345339537593219,0.01
4,229,"RD","100_sites_x_50","moderate",100,50,2,-0.0890061663840512,-0.086708759041633,0.00229740734241823,-0.0870281059843285,0.0019780603997227,-0.000319346942695531,-0.000319346942695531,0.02
4,229,"RMST_diff","100_sites_x_50","moderate",100,50,2,1.92756947857927,1.67873345843422,-0.248836020145058,1.72846945424852,-0.199100024330757,0.0497359958143004,-0.0497359958143004,0.02
4,230,"RD","100_sites_x_50","moderate",100,50,2,-0.0890061663840512,-0.0869879640205329,0.00201820236351835,-0.0871462071180253,0.00185995926602589,-0.000158243097492461,-0.000158243097492461,0.02
4,230,"RMST_diff","100_sites_x_50","moderate",100,50,2,1.92756947857927,1.67944034436355,-0.248129134215727,1.72652046602439,-0.201049012554886,0.0470801216608407,-0.0470801216608407,0.02
4,231,"RD","100_sites_x_50","moderate",100,50,2,-0.0890061663840512,-0.0857610523061043,0.00324511407794692,-0.0857948907534659,0.00321127563058532,-3.38384473616005e-05,-3.38384473616005e-05,0.02
4,231,"RMST_diff","100_sites_x_50","moderate",100,50,2,1.92756947857927,1.64100886042944,-0.286560618149833,1.68516738052961,-0.242402098049663,0.0441585201001704,-0.0441585201001704,0.02
4,232,"RD","100_sites_x_50","moderate",100,50,2,-0.0890061663840512,-0.0826717006819065,0.00633446570214469,-0.082712139321351,0.00629402706270021,-4.04386394444733e-05,-4.04386394444733e-05,0.02
4,232,"RMST_diff","100_sites_x_50","moderate",100,50,2,1.92756947857927,1.57607866781522,-0.35149081076405,1.62122469477923,-0.306344783800041,0.0451460269640087,-0.0451460269640087,0.02
4,233,"RD","100_sites_x_50","moderate",100,50,2,-0.0890061663840512,-0.0838068222902846,0.00519934409376666,-0.0837845186102303,0.00522164777382095,2.2303680054292e-05,2.2303680054292e-05,0.02
4,233,"RMST_diff","100_sites_x_50","moderate",100,50,2,1.92756947857927,1.58425355104321,-0.343315927536061,1.629365441023,-0.298204037556273,0.045111889979788,-0.045111889979788,0.02
4,234,"RD","100_sites_x_50","moderate",100,50,2,-0.0890061663840512,-0.0797243447029854,0.00928182168106584,-0.0797140686119243,0.00929209777212692,1.02760910610789e-05,1.02760910610789e-05,0.02
4,234,"RMST_diff","100_sites_x_50","moderate",100,50,2,1.92756947857927,1.53567677798087,-0.391892700598403,1.57779366960504,-0.349775808974238,0.0421168916241648,-0.0421168916241648,0.02
4,235,"RD","100_sites_x_50","moderate",100,50,2,-0.0890061663840512,-0.0804677591157722,0.00853840726827904,-0.0809124333268115,0.0080937330572397,-0.000444674211039331,-0.000444674211039331,0.02
4,235,"RMST_diff","100_sites_x_50","moderate",100,50,2,1.92756947857927,1.55749437815773,-0.370075100421548,1.61030396107715,-0.317265517502122,0.0528095829194264,-0.0528095829194264,0.02
4,236,"RD","100_sites_x_50","moderate",100,50,2,-0.0890061663840512,-0.07626075193208,0.0127454144519712,-0.0773241439516169,0.0116820224324343,-0.00106339201953687,-0.00106339201953687,0.02
4,236,"RMST_diff","100_sites_x_50","moderate",100,50,2,1.92756947857927,1.47496840154979,-0.452601077029481,1.53786194771859,-0.389707530860688,0.0628935461687927,-0.0628935461687927,0.02
4,237,"RD","100_sites_x_50","moderate",100,50,2,-0.0890061663840512,-0.0894434071857668,-0.000437240801715588,-0.0828412777247681,0.00616488865928311,0.0066021294609987,0.00572764785756752,0.02
4,237,"RMST_diff","100_sites_x_50","moderate",100,50,2,1.92756947857927,1.66749590413736,-0.260073574441913,1.61656786928278,-0.31100160929649,-0.0509280348545769,0.0509280348545769,0.02
4,238,"RD","100_sites_x_50","moderate",100,50,2,-0.0890061663840512,-0.0887823679409796,0.000223798443071632,-0.0808822362627555,0.00812393012129575,0.00790013167822412,0.00790013167822412,0.02
4,238,"RMST_diff","100_sites_x_50","moderate",100,50,2,1.92756947857927,1.69397500217151,-0.233594476407767,1.64367559661476,-0.283893881964509,-0.0502994055567427,0.0502994055567427,0.02
4,239,"RD","100_sites_x_50","moderate",100,50,2,-0.0890061663840512,-0.0886062353169441,0.000399931067107118,-0.0807327773804329,0.00827338900361829,0.00787345793651117,0.00787345793651117,0.02
4,239,"RMST_diff","100_sites_x_50","moderate",100,50,2,1.92756947857927,1.68305843514257,-0.244511043436706,1.63463998638727,-0.292929492192004,-0.0484184487552977,0.0484184487552977,0.02
4,240,"RD","100_sites_x_50","moderate",100,50,2,-0.0890061663840512,-0.0866609317465322,0.00234523463751901,-0.0784882992056424,0.0105178671784089,0.00817263254088985,0.00817263254088985,0.02
4,240,"RMST_diff","100_sites_x_50","moderate",100,50,2,1.92756947857927,1.64612711024768,-0.281442368331589,1.59224623955447,-0.335323239024802,-0.053880870693213,0.053880870693213,0.02
4,241,"RD","100_sites_x_50","moderate",100,50,2,-0.0890061663840512,-0.0859923462562279,0.00301382012782336,-0.0777289458937467,0.0112772204903046,0.00826340036248119,0.00826340036248119,0.02
4,241,"RMST_diff","100_sites_x_50","moderate",100,50,2,1.92756947857927,1.66641928537638,-0.261150193202894,1.61046130129345,-0.317108177285826,-0.0559579840829318,0.0559579840829318,0.02
4,242,"RD","100_sites_x_50","moderate",100,50,2,-0.0890061663840512,-0.0849039555750578,0.00410221080899342,-0.0767186378637675,0.0122875285202837,0.00818531771129027,0.00818531771129027,0.02
4,242,"RMST_diff","100_sites_x_50","moderate",100,50,2,1.92756947857927,1.68529057536473,-0.242278903214546,1.62556549303534,-0.302003985543934,-0.059725082329388,0.059725082329388,0.02
4,243,"RD","100_sites_x_50","moderate",100,50,2,-0.0890061663840512,-0.0802762138462479,0.00872995253780329,-0.0724273417736383,0.0165788246104129,0.00784887207260965,0.00784887207260965,0.02
4,243,"RMST_diff","100_sites_x_50","moderate",100,50,2,1.92756947857927,1.64683910647152,-0.280730372107755,1.5880363449152,-0.339533133664069,-0.0588027615563149,0.0588027615563149,0.02
4,244,"RD","100_sites_x_50","moderate",100,50,2,-0.0890061663840512,-0.0812361105509622,0.00777005583308898,-0.0735774128973412,0.01542875348671,0.00765869765362104,0.00765869765362104,0.02
4,244,"RMST_diff","100_sites_x_50","moderate",100,50,2,1.92756947857927,1.65837905766154,-0.269190420917736,1.59991652808905,-0.327652950490226,-0.0584625295724894,0.0584625295724894,0.02
4,245,"RD","100_sites_x_50","moderate",100,50,2,-0.0890061663840512,-0.0820335829839389,0.00697258340011231,-0.0736817248824427,0.0153244415016085,0.00835185810149619,0.00835185810149619,0.02
4,245,"RMST_diff","100_sites_x_50","moderate",100,50,2,1.92756947857927,1.65194912831572,-0.275620350263551,1.57614962392139,-0.351419854657884,-0.0757995043943325,0.0757995043943325,0.02
4,246,"RD","100_sites_x_50","moderate",100,50,2,-0.0890061663840512,-0.0832229770199086,0.00578318936414268,-0.0749845787201943,0.014021587663857,0.00823839829971429,0.00823839829971429,0.02
4,246,"RMST_diff","100_sites_x_50","moderate",100,50,2,1.92756947857927,1.68125461503186,-0.246314863547411,1.60674840180607,-0.320821076773207,-0.0745062132257956,0.0745062132257956,0.02
4,247,"RD","100_sites_x_50","moderate",100,50,2,-0.0890061663840512,-0.0832162813105278,0.0057898850735234,-0.0751367397354165,0.0138694266486348,0.00807954157511137,0.00807954157511137,0.02
4,247,"RMST_diff","100_sites_x_50","moderate",100,50,2,1.92756947857927,1.70084302669935,-0.226726451879927,1.6282460100501,-0.299323468529176,-0.0725970166492491,0.0725970166492491,0.02
4,248,"RD","100_sites_x_50","moderate",100,50,3,-0.0890061663840512,-0.0835184389913136,0.00548772739273762,-0.0739933862804621,0.0150127801035891,0.00952505271085147,0.00952505271085147,0.03
4,248,"RMST_diff","100_sites_x_50","moderate",100,50,3,1.92756947857927,1.69848211024007,-0.229087368339208,1.58567086976342,-0.341898608815853,-0.112811240476645,0.112811240476645,0.03
4,249,"RD","100_sites_x_50","moderate",100,50,3,-0.0890061663840512,-0.0843822023539912,0.00462396403006005,-0.0746061793844629,0.0143999869995883,0.00977602296952829,0.00977602296952829,0.03
4,249,"RMST_diff","100_sites_x_50","moderate",100,50,3,1.92756947857927,1.69198302471934,-0.235586453859936,1.58149530863779,-0.346074169941479,-0.110487716081543,0.110487716081543,0.03
4,250,"RD","100_sites_x_50","moderate",100,50,3,-0.0890061663840512,-0.0836108524026755,0.00539531398137572,-0.0738011884319669,0.0152049779520843,0.00980966397070859,0.00980966397070859,0.03
4,250,"RMST_diff","100_sites_x_50","moderate",100,50,3,1.92756947857927,1.66998192263632,-0.257587555942949,1.55875143270336,-0.368818045875917,-0.111230489932968,0.111230489932968,0.03
4,251,"RD","100_sites_x_50","moderate",100,50,3,-0.0890061663840512,-0.0847004973514349,0.00430566903261631,-0.074825219608275,0.0141809467757762,0.00987527774315988,0.00987527774315988,0.03
4,251,"RMST_diff","100_sites_x_50","moderate",100,50,3,1.92756947857927,1.71039026606211,-0.217179212517159,1.59745615763829,-0.330113320940983,-0.112934108423824,0.112934108423824,0.03
4,252,"RD","100_sites_x_50","moderate",100,50,3,-0.0890061663840512,-0.0817268052140746,0.00727936116997663,-0.0713918190749143,0.0176143473091369,0.0103349861391603,0.0103349861391603,0.03
4,252,"RMST_diff","100_sites_x_50","moderate",100,50,3,1.92756947857927,1.63534584224393,-0.292223636335345,1.51100150957379,-0.416567969005481,-0.124344332670136,0.124344332670136,0.03
4,253,"RD","100_sites_x_50","moderate",100,50,3,-0.0890061663840512,-0.0820659238021061,0.00694024258194514,-0.0713767011245988,0.0176294652594524,0.0106892226775073,0.0106892226775073,0.03
4,253,"RMST_diff","100_sites_x_50","moderate",100,50,3,1.92756947857927,1.64950613029342,-0.278063348285858,1.52056464405638,-0.407004834522896,-0.128941486237037,0.128941486237037,0.03
4,254,"RD","100_sites_x_50","moderate",100,50,3,-0.0890061663840512,-0.0790920784024097,0.00991408798164151,-0.0684963268480749,0.0205098395359763,0.0105957515543348,0.0105957515543348,0.03
4,254,"RMST_diff","100_sites_x_50","moderate",100,50,3,1.92756947857927,1.58995906909194,-0.337610409487338,1.46412886767421,-0.463440610905064,-0.125830201417726,0.125830201417726,0.03
4,255,"RD","100_sites_x_50","moderate",100,50,3,-0.0890061663840512,-0.0781388305482676,0.0108673358357836,-0.0676871114316721,0.0213190549523792,0.0104517191165956,0.0104517191165956,0.03
4,255,"RMST_diff","100_sites_x_50","moderate",100,50,3,1.92756947857927,1.59297293952718,-0.334596539052093,1.4590178597876,-0.468551618791677,-0.133955079739584,0.133955079739584,0.03
4,256,"RD","100_sites_x_50","moderate",100,50,3,-0.0890061663840512,-0.0778661918031478,0.0111399745809034,-0.0673979589329597,0.0216082074510915,0.0104682328701881,0.0104682328701881,0.03
4,256,"RMST_diff","100_sites_x_50","moderate",100,50,3,1.92756947857927,1.60151565766465,-0.326053820914627,1.47621435545918,-0.451355123120095,-0.125301302205468,0.125301302205468,0.03
4,257,"RD","100_sites_x_50","moderate",100,50,3,-0.0890061663840512,-0.0778193150075674,0.0111868513764838,-0.067344323480396,0.0216618429036552,0.0104749915271715,0.0104749915271715,0.03
4,257,"RMST_diff","100_sites_x_50","moderate",100,50,3,1.92756947857927,1.61514259072385,-0.312426887855427,1.48862920188531,-0.438940276693964,-0.126513388838537,0.126513388838537,0.03
4,258,"RD","100_sites_x_50","moderate",100,50,3,-0.0890061663840512,-0.0806786778860336,0.00832748849801768,-0.0702295864774203,0.018776579906631,0.0104490914086133,0.0104490914086133,0.03
4,258,"RMST_diff","100_sites_x_50","moderate",100,50,3,1.92756947857927,1.64368096184515,-0.283888516734125,1.51881290270369,-0.40875657587558,-0.124868059141455,0.124868059141455,0.03
4,259,"RD","100_sites_x_50","moderate",100,50,3,-0.0890061663840512,-0.0819673789586173,0.00703878742543396,-0.0714621773414688,0.0175439890425825,0.0105052016171485,0.0105052016171485,0.03
4,259,"RMST_diff","100_sites_x_50","moderate",100,50,3,1.92756947857927,1.63481292948034,-0.292756549098931,1.51069515008048,-0.416874328498796,-0.124117779399866,0.124117779399866,0.03
4,260,"RD","100_sites_x_50","moderate",100,50,3,-0.0890061663840512,-0.0860639397779482,0.00294222660610299,-0.0738648955558108,0.0151412708282405,0.0121990442221375,0.0121990442221375,0.03
4,260,"RMST_diff","100_sites_x_50","moderate",100,50,3,1.92756947857927,1.69712454897282,-0.230444929606458,1.5512685167524,-0.376300961826876,-0.145856032220419,0.145856032220419,0.03
4,261,"RD","100_sites_x_50","moderate",100,50,3,-0.0890061663840512,-0.0860268117273956,0.00297935465665566,-0.0733374375250367,0.0156687288590145,0.0126893742023588,0.0126893742023588,0.03
4,261,"RMST_diff","100_sites_x_50","moderate",100,50,3,1.92756947857927,1.70424475368165,-0.223324724897626,1.54481067657917,-0.382758802000103,-0.159434077102476,0.159434077102476,0.03
4,262,"RD","100_sites_x_50","moderate",100,50,3,-0.0890061663840512,-0.085718788865964,0.00328737751808728,-0.0729453598190445,0.0160608065650067,0.0127734290469195,0.0127734290469195,0.03
4,262,"RMST_diff","100_sites_x_50","moderate",100,50,3,1.92756947857927,1.67872968015356,-0.248839798425719,1.51844048247024,-0.409128996109034,-0.160289197683316,0.160289197683316,0.03
4,263,"RD","100_sites_x_50","moderate",100,50,3,-0.0890061663840512,-0.0834364189725753,0.00556974741147598,-0.0708613707665749,0.0181447956174763,0.0125750482060003,0.0125750482060003,0.03
4,263,"RMST_diff","100_sites_x_50","moderate",100,50,3,1.92756947857927,1.63915529884459,-0.288414179734687,1.47819208767505,-0.449377390904223,-0.160963211169536,0.160963211169536,0.03
4,264,"RD","100_sites_x_50","moderate",100,50,3,-0.0890061663840512,-0.0834650773788822,0.00554108900516903,-0.0709966035446519,0.0180095628393994,0.0124684738342303,0.0124684738342303,0.03
4,264,"RMST_diff","100_sites_x_50","moderate",100,50,3,1.92756947857927,1.61839132319836,-0.309178155380911,1.45858181146569,-0.468987667113586,-0.159809511732675,0.159809511732675,0.03
4,265,"RD","100_sites_x_50","moderate",100,50,3,-0.0890061663840512,-0.0801089959200153,0.00889717046403593,-0.0677460027167692,0.021260163667282,0.0123629932032461,0.0123629932032461,0.03
4,265,"RMST_diff","100_sites_x_50","moderate",100,50,3,1.92756947857927,1.58302581166726,-0.344543666912017,1.42137323229738,-0.506196246281892,-0.161652579369875,0.161652579369875,0.03
4,266,"RD","100_sites_x_50","moderate",100,50,3,-0.0890061663840512,-0.078512947310294,0.0104932190737572,-0.0662018937318417,0.0228042726522095,0.0123110535784523,0.0123110535784523,0.03
4,266,"RMST_diff","100_sites_x_50","moderate",100,50,3,1.92756947857927,1.59190243445434,-0.335667044124937,1.4317032459239,-0.495866232655379,-0.160199188530441,0.160199188530441,0.03
4,267,"RD","100_sites_x_50","moderate",100,50,3,-0.0890061663840512,-0.0771932870701789,0.0118128793138723,-0.0648580852556971,0.0241480811283541,0.0123352018144818,0.0123352018144818,0.03
4,267,"RMST_diff","100_sites_x_50","moderate",100,50,3,1.92756947857927,1.53798879400294,-0.389580684576336,1.37702756241877,-0.550541916160508,-0.160961231584173,0.160961231584173,0.03
4,268,"RD","100_sites_x_50","moderate",100,50,3,-0.0890061663840512,-0.0778144319270498,0.0111917344570014,-0.0647735858726871,0.0242325805113641,0.0130408460543627,0.0130408460543627,0.03
4,268,"RMST_diff","100_sites_x_50","moderate",100,50,3,1.92756947857927,1.56751220270772,-0.360057275871558,1.39473499148142,-0.532834487097853,-0.172777211226295,0.172777211226295,0.03
4,269,"RD","100_sites_x_50","moderate",100,50,2,-0.0890061663840512,-0.0797160059832286,0.00929016040082264,-0.0672626678119643,0.0217434985720869,0.0124533381712643,0.0124533381712643,0.02
4,269,"RMST_diff","100_sites_x_50","moderate",100,50,2,1.92756947857927,1.6112865733406,-0.316282905238671,1.44025262876289,-0.487316849816381,-0.17103394457771,0.17103394457771,0.02
4,270,"RD","100_sites_x_50","moderate",100,50,3,-0.0890061663840512,-0.0780817154012438,0.0109244509828075,-0.0650691379154829,0.0239370284685684,0.0130125774857609,0.0130125774857609,0.03
4,270,"RMST_diff","100_sites_x_50","moderate",100,50,3,1.92756947857927,1.59254168912769,-0.335027789451587,1.41098022010126,-0.516589258478012,-0.181561469026425,0.181561469026425,0.03
4,271,"RD","100_sites_x_50","moderate",100,50,3,-0.0890061663840512,-0.0780922822522853,0.010913884131766,-0.0650527735043007,0.0239533928797505,0.0130395087479845,0.0130395087479845,0.03
4,271,"RMST_diff","100_sites_x_50","moderate",100,50,3,1.92756947857927,1.59352456827579,-0.334044910303486,1.41478705298512,-0.512782425594157,-0.178737515290671,0.178737515290671,0.03
4,272,"RD","100_sites_x_50","moderate",100,50,3,-0.0890061663840512,-0.0787016126067733,0.0103045537772779,-0.0662709056861565,0.0227352606978948,0.0124307069206169,0.0124307069206169,0.03
4,272,"RMST_diff","100_sites_x_50","moderate",100,50,3,1.92756947857927,1.59191183582219,-0.335657642757084,1.42081072991397,-0.506758748665305,-0.171101105908221,0.171101105908221,0.03
4,273,"RD","100_sites_x_50","moderate",100,50,3,-0.0890061663840512,-0.0808715191358556,0.00813464724819568,-0.068605126937435,0.0204010394466162,0.0122663921984205,0.0122663921984205,0.03
4,273,"RMST_diff","100_sites_x_50","moderate",100,50,3,1.92756947857927,1.61317629091893,-0.314393187660341,1.44288800558398,-0.484681472995291,-0.17028828533495,0.17028828533495,0.03
4,274,"RD","100_sites_x_50","moderate",100,50,3,-0.0890061663840512,-0.08111915559586,0.00788701078819121,-0.0688654191796072,0.020140747204444,0.0122537364162528,0.0122537364162528,0.03
4,274,"RMST_diff","100_sites_x_50","moderate",100,50,3,1.92756947857927,1.61621451106461,-0.311354967514669,1.44525100434197,-0.482318474237303,-0.170963506722634,0.170963506722634,0.03
4,275,"RD","100_sites_x_50","moderate",100,50,3,-0.0890061663840512,-0.0852876212462563,0.0037185451377949,-0.072283996925896,0.0167221694581552,0.0130036243203603,0.0130036243203603,0.03
4,275,"RMST_diff","100_sites_x_50","moderate",100,50,3,1.92756947857927,1.65719866097857,-0.270370817600705,1.47985229109977,-0.447717187479503,-0.177346369878798,0.177346369878798,0.03
4,276,"RD","100_sites_x_50","moderate",100,50,3,-0.0890061663840512,-0.0853718213016286,0.00363434508242266,-0.0729059888125783,0.016100177571473,0.0124658324890503,0.0124658324890503,0.03
4,276,"RMST_diff","100_sites_x_50","moderate",100,50,3,1.92756947857927,1.65187717945184,-0.27569229912743,1.48143183684972,-0.446137641729552,-0.170445342602122,0.170445342602122,0.03
4,277,"RD","100_sites_x_50","moderate",100,50,3,-0.0890061663840512,-0.086533228909123,0.00247293747492827,-0.0739998605896722,0.015006305794379,0.0125333683194507,0.0125333683194507,0.03
4,277,"RMST_diff","100_sites_x_50","moderate",100,50,3,1.92756947857927,1.64595261119998,-0.281616867379293,1.47603610821665,-0.451533370362625,-0.169916502983332,0.169916502983332,0.03
4,278,"RD","100_sites_x_50","moderate",100,50,3,-0.0890061663840512,-0.0900155090657158,-0.00100934268166453,-0.0775423428465526,0.0114638235374986,0.0124731662191632,0.0104544808558341,0.03
4,278,"RMST_diff","100_sites_x_50","moderate",100,50,3,1.92756947857927,1.6847252983973,-0.242844180181971,1.51379373200627,-0.413775746573009,-0.170931566391038,0.170931566391038,0.03
4,279,"RD","100_sites_x_50","moderate",100,50,3,-0.0890061663840512,-0.0877981463278152,0.00120802005623599,-0.0752412802921563,0.013764886091895,0.012556866035659,0.012556866035659,0.03
4,279,"RMST_diff","100_sites_x_50","moderate",100,50,3,1.92756947857927,1.64324640104591,-0.284323077533365,1.47059581407979,-0.456973664499483,-0.172650586966117,0.172650586966117,0.03
4,280,"RD","100_sites_x_50","moderate",100,50,3,-0.0890061663840512,-0.0871354295184665,0.0018707368655847,-0.0746613940891303,0.0143447722949209,0.0124740354293362,0.0124740354293362,0.03
4,280,"RMST_diff","100_sites_x_50","moderate",100,50,3,1.92756947857927,1.62288075519758,-0.304688723381698,1.44719132172846,-0.48037815685081,-0.175689433469111,0.175689433469111,0.03
4,281,"RD","100_sites_x_50","moderate",100,50,3,-0.0890061663840512,-0.0899253940594319,-0.000919227675380663,-0.0777618184388151,0.0112443479452361,0.0121635756206168,0.0103251202698554,0.03
4,281,"RMST_diff","100_sites_x_50","moderate",100,50,3,1.92756947857927,1.6843028271436,-0.243266651435677,1.51111816750302,-0.416451311076253,-0.173184659640576,0.173184659640576,0.03
4,282,"RD","100_sites_x_50","moderate",100,50,3,-0.0890061663840512,-0.0931902974042075,-0.00418413102015625,-0.082114536254727,0.00689163012932426,0.0110757611494805,0.00270749910916801,0.03
4,282,"RMST_diff","100_sites_x_50","moderate",100,50,3,1.92756947857927,1.73527121380052,-0.192298264778756,1.5744411511839,-0.353128327395373,-0.160830062616617,0.160830062616617,0.03
4,283,"RD","100_sites_x_50","moderate",100,50,3,-0.0890061663840512,-0.0896096875394978,-0.000603521155446596,-0.0787608768911048,0.0102452894929465,0.010848810648393,0.00964176833749986,0.03
4,283,"RMST_diff","100_sites_x_50","moderate",100,50,3,1.92756947857927,1.64351551714057,-0.284053961438703,1.48868453851456,-0.43888494006471,-0.154830978626007,0.154830978626007,0.03
4,284,"RD","100_sites_x_50","moderate",100,50,3,-0.0890061663840512,-0.091864937097878,-0.00285877071382679,-0.0808035870443008,0.00820257933975044,0.0110613500535772,0.00534380862592365,0.03
4,284,"RMST_diff","100_sites_x_50","moderate",100,50,3,1.92756947857927,1.69269383689408,-0.234875641685194,1.53268243938361,-0.394887039195661,-0.160011397510466,0.160011397510466,0.03
4,285,"RD","100_sites_x_50","moderate",100,50,3,-0.0890061663840512,-0.0917287030725015,-0.00272253668845024,-0.0806080182372065,0.0083981481468447,0.0111206848352949,0.00567561145839446,0.03
4,285,"RMST_diff","100_sites_x_50","moderate",100,50,3,1.92756947857927,1.71480734275995,-0.21276213581932,1.55007438732078,-0.377495091258494,-0.164732955439174,0.164732955439174,0.03
4,286,"RD","100_sites_x_50","moderate",100,50,3,-0.0890061663840512,-0.0912144787356977,-0.00220831235164642,-0.0805845268822566,0.00842163950179464,0.0106299518534411,0.00621332715014822,0.03
4,286,"RMST_diff","100_sites_x_50","moderate",100,50,3,1.92756947857927,1.6998800140606,-0.22768946451867,1.5485894009129,-0.37898007766637,-0.151290613147699,0.151290613147699,0.03
4,287,"RD","100_sites_x_50","moderate",100,50,3,-0.0890061663840512,-0.091211075392543,-0.0022049090084918,-0.0806248542154964,0.00838131216855487,0.0105862211770467,0.00617640316006307,0.03
4,287,"RMST_diff","100_sites_x_50","moderate",100,50,3,1.92756947857927,1.66965143349917,-0.2579180450801,1.52248797460521,-0.405081503974065,-0.147163458893965,0.147163458893965,0.03
4,288,"RD","100_sites_x_50","moderate",100,50,3,-0.0890061663840512,-0.0893152170774736,-0.000309050693422352,-0.0787650285619628,0.0102411378220885,0.0105501885155108,0.00993208712866611,0.03
4,288,"RMST_diff","100_sites_x_50","moderate",100,50,3,1.92756947857927,1.64991055574974,-0.277658922829534,1.503151550121,-0.424417928458277,-0.146759005628743,0.146759005628743,0.03
4,289,"RD","100_sites_x_50","moderate",100,50,3,-0.0890061663840512,-0.0922383067634087,-0.00323214037935748,-0.0803298730372111,0.00867629334684017,0.0119084337261977,0.00544415296748268,0.03
4,289,"RMST_diff","100_sites_x_50","moderate",100,50,3,1.92756947857927,1.68261457350512,-0.244954905074152,1.51613393543351,-0.411435543145766,-0.166480638071613,0.166480638071613,0.03
4,290,"RD","100_sites_x_50","moderate",100,50,3,-0.0890061663840512,-0.092743447180816,-0.00373728079676472,-0.080974955997382,0.00803121038666921,0.0117684911834339,0.00429392958990449,0.03
4,290,"RMST_diff","100_sites_x_50","moderate",100,50,3,1.92756947857927,1.70243138435008,-0.225138094229189,1.53919059773698,-0.388378880842291,-0.163240786613102,0.163240786613102,0.03
4,291,"RD","100_sites_x_50","moderate",100,50,4,-0.0890061663840512,-0.0914934309625701,-0.00248726457851889,-0.0787345995090489,0.0102715668750023,0.0127588314535212,0.00778430229648341,0.04
4,291,"RMST_diff","100_sites_x_50","moderate",100,50,4,1.92756947857927,1.70162941913613,-0.22594005944314,1.5290658315539,-0.398503647025377,-0.172563587582237,0.172563587582237,0.04
4,292,"RD","100_sites_x_50","moderate",100,50,5,-0.0890061663840512,-0.0875625400368243,0.00144362634722695,-0.0754405139862864,0.0135656523977649,0.0121220260505379,0.0121220260505379,0.05
4,292,"RMST_diff","100_sites_x_50","moderate",100,50,5,1.92756947857927,1.67137177433865,-0.256197704240625,1.50446612452722,-0.423103354052051,-0.166905649811426,0.166905649811426,0.05
4,293,"RD","100_sites_x_50","moderate",100,50,5,-0.0890061663840512,-0.0852365434654587,0.00376962291859251,-0.0727590291951568,0.0162471371888945,0.012477514270302,0.012477514270302,0.05
4,293,"RMST_diff","100_sites_x_50","moderate",100,50,5,1.92756947857927,1.64269065451597,-0.284878824063307,1.47420495965721,-0.45336451892206,-0.168485694858752,0.168485694858752,0.05
4,294,"RD","100_sites_x_50","moderate",100,50,5,-0.0890061663840512,-0.086240499012493,0.00276566737155826,-0.0738063531789062,0.0151998132051451,0.0124341458335868,0.0124341458335868,0.05
4,294,"RMST_diff","100_sites_x_50","moderate",100,50,5,1.92756947857927,1.64016723968061,-0.287402238898663,1.47022904634998,-0.457340432229291,-0.169938193330628,0.169938193330628,0.05
4,295,"RD","100_sites_x_50","moderate",100,50,5,-0.0890061663840512,-0.086591827741006,0.00241433864304519,-0.074136983026212,0.0148691833578393,0.0124548447147941,0.0124548447147941,0.05
4,295,"RMST_diff","100_sites_x_50","moderate",100,50,5,1.92756947857927,1.65209378821737,-0.275475690361908,1.48729725865158,-0.440272219927694,-0.164796529565786,0.164796529565786,0.05
4,296,"RD","100_sites_x_50","moderate",100,50,6,-0.0890061663840512,-0.082236288143265,0.00676987824078623,-0.0701046698018634,0.0189014965821879,0.0121316183414016,0.0121316183414016,0.06
4,296,"RMST_diff","100_sites_x_50","moderate",100,50,6,1.92756947857927,1.60649556848448,-0.321073910094793,1.44519956963725,-0.482369908942026,-0.161295998847233,0.161295998847233,0.06
4,297,"RD","100_sites_x_50","moderate",100,50,6,-0.0890061663840512,-0.0805974297196579,0.00840873666439335,-0.0682175623076219,0.0207886040764294,0.012379867412036,0.012379867412036,0.06
4,297,"RMST_diff","100_sites_x_50","moderate",100,50,6,1.92756947857927,1.58031198668702,-0.347257491892252,1.41530913788161,-0.51226034069766,-0.165002848805408,0.165002848805408,0.06
4,298,"RD","100_sites_x_50","moderate",100,50,6,-0.0890061663840512,-0.0917546866081808,-0.00274852022412952,-0.074429291766024,0.0145768746180273,0.0173253948421568,0.0118283543938977,0.06
4,298,"RMST_diff","100_sites_x_50","moderate",100,50,6,1.92756947857927,1.74484111657164,-0.18272836200763,1.50479309747058,-0.422776381108694,-0.240048019101064,0.240048019101064,0.06
4,299,"RD","100_sites_x_50","moderate",100,50,6,-0.0890061663840512,-0.0899122657410509,-0.000906099356999701,-0.0727443378668251,0.0162618285172261,0.0171679278742258,0.0153557291602264,0.06
4,299,"RMST_diff","100_sites_x_50","moderate",100,50,6,1.92756947857927,1.6928509089854,-0.234718569593879,1.45431634980516,-0.473253128774109,-0.238534559180231,0.238534559180231,0.06
4,300,"RD","100_sites_x_50","moderate",100,50,6,-0.0890061663840512,-0.0914152038830125,-0.00240903749896126,-0.0738196644182387,0.0151865019658125,0.0175955394647738,0.0127774644668512,0.06
4,300,"RMST_diff","100_sites_x_50","moderate",100,50,6,1.92756947857927,1.67876303422481,-0.248806444354468,1.43338275366814,-0.494186724911135,-0.245380280556667,0.245380280556667,0.06
5,1,"RD","10_sites_x_500","sparse",10,500,0,-0.0848843156939778,-0.0198846165985209,0.0649996990954569,-0.0187980513640302,0.0660862643299476,0.00108656523449069,0.00108656523449069,0
5,1,"RMST_diff","10_sites_x_500","sparse",10,500,0,1.74176433931583,0.649779965810849,-1.09198437350498,0.751256711337753,-0.990507627978072,0.101476745526904,-0.101476745526904,0
5,2,"RD","10_sites_x_500","sparse",10,500,0,-0.0848843156939778,-0.0331030091662963,0.0517813065276815,-0.0325552262088264,0.0523290894851514,0.000547782957469822,0.000547782957469822,0
5,2,"RMST_diff","10_sites_x_500","sparse",10,500,0,1.74176433931583,0.694231104287798,-1.04753323502803,0.746516787453164,-0.995247551862661,0.0522856831653655,-0.0522856831653655,0
5,3,"RD","10_sites_x_500","sparse",10,500,0,-0.0848843156939778,-0.0248518086328848,0.060032507061093,-0.0235226792990426,0.0613616363949352,0.00132912933384222,0.00132912933384222,0
5,3,"RMST_diff","10_sites_x_500","sparse",10,500,0,1.74176433931583,0.677395022453872,-1.06436931686195,0.720441703230771,-1.02132263608505,0.0430466807768983,-0.0430466807768983,0
5,4,"RD","10_sites_x_500","sparse",10,500,0,-0.0848843156939778,-0.0215377991131669,0.0633465165808109,-0.0200118287445732,0.0648724869494046,0.0015259703685937,0.0015259703685937,0
5,4,"RMST_diff","10_sites_x_500","sparse",10,500,0,1.74176433931583,0.709818737859402,-1.03194560145642,0.741473343229153,-1.00029099608667,0.0316546053697504,-0.0316546053697504,0
5,5,"RD","10_sites_x_500","sparse",10,500,0,-0.0848843156939778,-0.0211097654900395,0.0637745502039383,-0.020434083569461,0.0644502321245168,0.000675681920578541,0.000675681920578541,0
5,5,"RMST_diff","10_sites_x_500","sparse",10,500,0,1.74176433931583,0.597952412806245,-1.14381192650958,0.629425167714137,-1.11233917160169,0.0314727549078917,-0.0314727549078917,0
5,6,"RD","10_sites_x_500","sparse",10,500,0,-0.0848843156939778,-0.0392731356154736,0.0456111800785042,-0.0393992566349467,0.0454850590590311,-0.000126121019473069,-0.000126121019473069,0
5,6,"RMST_diff","10_sites_x_500","sparse",10,500,0,1.74176433931583,0.858350595733215,-0.88341374358261,0.88469987621416,-0.857064463101665,0.0263492804809449,-0.0263492804809449,0
5,7,"RD","10_sites_x_500","sparse",10,500,0,-0.0848843156939778,-0.0497426482514876,0.0351416674424903,-0.0501840368447621,0.0347002788492157,-0.000441388593274583,-0.000441388593274583,0
5,7,"RMST_diff","10_sites_x_500","sparse",10,500,0,1.74176433931583,1.02951098293562,-0.712253356380208,1.05593994787271,-0.685824391443118,0.0264289649370895,-0.0264289649370895,0
5,8,"RD","10_sites_x_500","sparse",10,500,0,-0.0848843156939778,-0.0501937413321534,0.0346905743618244,-0.0471230800810285,0.0377612356129493,0.00307066125112487,0.00307066125112487,0
5,8,"RMST_diff","10_sites_x_500","sparse",10,500,0,1.74176433931583,1.25424474330155,-0.487519596014277,1.22413158487838,-0.517632754437441,-0.0301131584231644,0.0301131584231644,0
5,9,"RD","10_sites_x_500","sparse",10,500,0,-0.0848843156939778,-0.0763618580674841,0.00852245762649373,-0.0780520177114276,0.00683229798255025,-0.00169015964394348,-0.00169015964394348,0
5,9,"RMST_diff","10_sites_x_500","sparse",10,500,0,1.74176433931583,1.50070189297852,-0.241062446337301,1.52379203733036,-0.217972301985464,0.023090144351837,-0.023090144351837,0
5,10,"RD","10_sites_x_500","sparse",10,500,0,-0.0848843156939778,-0.0773646254890703,0.0075196902049075,-0.0787798515367143,0.00610446415726351,-0.00141522604764399,-0.00141522604764399,0
5,10,"RMST_diff","10_sites_x_500","sparse",10,500,0,1.74176433931583,1.56966097643453,-0.172103362881298,1.57264953452402,-0.169114804791803,0.00298855808949483,-0.00298855808949483,0
5,11,"RD","10_sites_x_500","sparse",10,500,0,-0.0848843156939778,-0.0844952801848281,0.000389035509149704,-0.0859586767355057,-0.00107436104152792,-0.00146339655067762,0.000685325532378211,0
5,11,"RMST_diff","10_sites_x_500","sparse",10,500,0,1.74176433931583,1.65879203218288,-0.08297230713295,1.65464026226747,-0.0871240770483528,-0.00415176991540278,0.00415176991540278,0
5,12,"RD","10_sites_x_500","sparse",10,500,0,-0.0848843156939778,-0.060342619540927,0.0245416961530508,-0.059500121238823,0.0253841944551548,0.000842498302104033,0.000842498302104033,0
5,12,"RMST_diff","10_sites_x_500","sparse",10,500,0,1.74176433931583,1.2266693611599,-0.515094978155924,1.19229503762417,-0.549469301691655,-0.0343743235357312,0.0343743235357312,0
5,13,"RD","10_sites_x_500","sparse",10,500,0,-0.0848843156939778,-0.0576738353733581,0.0272104803206197,-0.0521873604269675,0.0326969552670103,0.00548647494639065,0.00548647494639065,0
5,13,"RMST_diff","10_sites_x_500","sparse",10,500,0,1.74176433931583,1.3253622652717,-0.416402074044129,1.32213536236892,-0.419628976946903,-0.0032269029027745,0.0032269029027745,0
5,14,"RD","10_sites_x_500","sparse",10,500,0,-0.0848843156939778,-0.0423768881902663,0.0425074275037115,-0.0393716294639602,0.0455126862300176,0.00300525872630608,0.00300525872630608,0
5,14,"RMST_diff","10_sites_x_500","sparse",10,500,0,1.74176433931583,1.07371250934331,-0.668051829972516,1.12252354531762,-0.619240793998204,0.0488110359743121,-0.0488110359743121,0
5,15,"RD","10_sites_x_500","sparse",10,500,0,-0.0848843156939778,-0.0331064151761594,0.0517779005178184,-0.0298214698520056,0.0550628458419722,0.0032849453241538,0.0032849453241538,0
5,15,"RMST_diff","10_sites_x_500","sparse",10,500,0,1.74176433931583,1.0438217112563,-0.69794262805952,1.11412221719219,-0.62764212212363,0.0703005059358901,-0.0703005059358901,0
5,16,"RD","10_sites_x_500","sparse",10,500,0,-0.0848843156939778,-0.0100618178203213,0.0748224978736565,-0.0106466488183589,0.0742376668756189,-0.000584830998037522,-0.000584830998037522,0
5,16,"RMST_diff","10_sites_x_500","sparse",10,500,0,1.74176433931583,0.674270551578976,-1.06749378773685,0.794567642025072,-0.947196697290753,0.120297090446096,-0.120297090446096,0
5,17,"RD","10_sites_x_500","sparse",10,500,0,-0.0848843156939778,0.00270711171452431,0.0875914274085021,0.00193792401949588,0.0868222397134737,-0.000769187695028428,-0.000769187695028428,0
5,17,"RMST_diff","10_sites_x_500","sparse",10,500,0,1.74176433931583,0.382106155300924,-1.3596581840149,0.52976838933597,-1.21199594997985,0.147662234035046,-0.147662234035046,0
5,18,"RD","10_sites_x_500","sparse",10,500,0,-0.0848843156939778,-0.00624019928584429,0.0786441164081335,-0.00650083382870115,0.0783834818652767,-0.000260634542856852,-0.000260634542856852,0
5,18,"RMST_diff","10_sites_x_500","sparse",10,500,0,1.74176433931583,0.516197019001629,-1.2255673203142,0.654196033588084,-1.08756830572774,0.137999014586455,-0.137999014586455,0
5,19,"RD","10_sites_x_500","sparse",10,500,0,-0.0848843156939778,-0.0024866219160028,0.082397693777975,-0.00146388872555381,0.083420426968424,0.00102273319044899,0.00102273319044899,0
5,19,"RMST_diff","10_sites_x_500","sparse",10,500,0,1.74176433931583,0.401842305737235,-1.33992203357859,0.526066235541354,-1.21569810377447,0.124223929804119,-0.124223929804119,0
5,20,"RD","10_sites_x_500","sparse",10,500,0,-0.0848843156939778,0.000208551306684179,0.085092867000662,-0.000624014848438881,0.0842603008455389,-0.00083256615512306,-0.00083256615512306,0
5,20,"RMST_diff","10_sites_x_500","sparse",10,500,0,1.74176433931583,0.395948148577954,-1.34581619073787,0.533723885413746,-1.20804045390208,0.137775736835792,-0.137775736835792,0
5,21,"RD","10_sites_x_500","sparse",10,500,0,-0.0848843156939778,-0.0065259486884105,0.0783583670055673,-0.00882142037051215,0.0760628953234657,-0.00229547168210165,-0.00229547168210165,0
5,21,"RMST_diff","10_sites_x_500","sparse",10,500,0,1.74176433931583,0.501273199601332,-1.24049113971449,0.654354381720934,-1.08740995759489,0.153081182119601,-0.153081182119601,0
5,22,"RD","10_sites_x_500","sparse",10,500,0,-0.0848843156939778,-0.0190093719492805,0.0658749437446973,-0.0223815809530676,0.0625027347409102,-0.0033722090037871,-0.0033722090037871,0
5,22,"RMST_diff","10_sites_x_500","sparse",10,500,0,1.74176433931583,0.607542201880541,-1.13422213743528,0.7738739314157,-0.967890407900125,0.166331729535159,-0.166331729535159,0
5,23,"RD","10_sites_x_500","sparse",10,500,0,-0.0848843156939778,-0.023408736543392,0.0614755791505858,-0.0283503612334837,0.0565339544604941,-0.00494162469009163,-0.00494162469009163,0
5,23,"RMST_diff","10_sites_x_500","sparse",10,500,0,1.74176433931583,0.567039183805445,-1.17472515551038,0.653880440098673,-1.08788389921715,0.0868412562932281,-0.0868412562932281,0
5,24,"RD","10_sites_x_500","sparse",10,500,0,-0.0848843156939778,-0.0525485860383652,0.0323357296556126,-0.0546627704177409,0.0302215452762369,-0.00211418437937572,-0.00211418437937572,0
5,24,"RMST_diff","10_sites_x_500","sparse",10,500,0,1.74176433931583,0.918963346680878,-0.822800992634948,0.974166019899577,-0.767598319416248,0.0552026732186999,-0.0552026732186999,0
5,25,"RD","10_sites_x_500","sparse",10,500,0,-0.0848843156939778,-0.0619446174910824,0.0229396982028954,-0.063360769446264,0.0215235462477138,-0.00141615195518163,-0.00141615195518163,0
5,25,"RMST_diff","10_sites_x_500","sparse",10,500,0,1.74176433931583,1.04189626160993,-0.69986807770589,1.08775963540016,-0.654004703915669,0.0458633737902208,-0.0458633737902208,0
5,26,"RD","10_sites_x_500","sparse",10,500,0,-0.0848843156939778,-0.0655480852598478,0.01933623043413,-0.0675184627977131,0.0173658528962647,-0.00197037753786533,-0.00197037753786533,0
5,26,"RMST_diff","10_sites_x_500","sparse",10,500,0,1.74176433931583,1.0978951874964,-0.643869151819422,1.14695295403011,-0.594811385285714,0.0490577665337071,-0.0490577665337071,0
5,27,"RD","10_sites_x_500","sparse",10,500,0,-0.0848843156939778,-0.0620722514175709,0.0228120642764069,-0.0642764390327294,0.0206078766612484,-0.0022041876151585,-0.0022041876151585,0
5,27,"RMST_diff","10_sites_x_500","sparse",10,500,0,1.74176433931583,0.912229113447991,-0.829535225867835,0.963092485428026,-0.778671853887799,0.0508633719800358,-0.0508633719800358,0
5,28,"RD","10_sites_x_500","sparse",10,500,0,-0.0848843156939778,-0.0830251191450734,0.00185919654890443,-0.0846769076650636,0.000207408028914169,-0.00165178851999026,-0.00165178851999026,0
5,28,"RMST_diff","10_sites_x_500","sparse",10,500,0,1.74176433931583,1.17200833983807,-0.569755999477756,1.20433808124086,-0.537426258074969,0.032329741402787,-0.032329741402787,0
5,29,"RD","10_sites_x_500","sparse",10,500,0,-0.0848843156939778,-0.0818002928775375,0.00308402281644027,-0.0828075285009165,0.00207678719306126,-0.00100723562337901,-0.00100723562337901,0
5,29,"RMST_diff","10_sites_x_500","sparse",10,500,0,1.74176433931583,1.34374670392175,-0.398017635394071,1.38785146469387,-0.353912874621958,0.0441047607721128,-0.0441047607721128,0
5,30,"RD","10_sites_x_500","sparse",10,500,0,-0.0848843156939778,-0.08027590063118,0.00460841506279785,-0.0798120776198517,0.00507223807412616,0.000463823011328302,0.000463823011328302,0
5,30,"RMST_diff","10_sites_x_500","sparse",10,500,0,1.74176433931583,1.30996403409103,-0.431800305224797,1.3445544274012,-0.397209911914624,0.0345903933101734,-0.0345903933101734,0
5,31,"RD","10_sites_x_500","sparse",10,500,0,-0.0848843156939778,-0.066305876628814,0.0185784390651638,-0.0650777933973545,0.0198065222966233,0.00122808323145951,0.00122808323145951,0
5,31,"RMST_diff","10_sites_x_500","sparse",10,500,0,1.74176433931583,1.15849895206197,-0.583265387253856,1.18420256121702,-0.557561778098808,0.0257036091550482,-0.0257036091550482,0
5,32,"RD","10_sites_x_500","sparse",10,500,0,-0.0848843156939778,-0.0760823309667883,0.00880198472718952,-0.0752322887476918,0.00965202694628597,0.000850042219096458,0.000850042219096458,0
5,32,"RMST_diff","10_sites_x_500","sparse",10,500,0,1.74176433931583,1.34044239041515,-0.401321948900671,1.37229082508481,-0.369473514231011,0.0318484346696604,-0.0318484346696604,0
5,33,"RD","10_sites_x_500","sparse",10,500,0,-0.0848843156939778,-0.083323205469311,0.00156111022466676,-0.0830735483618908,0.00181076733208696,0.000249657107420198,0.000249657107420198,0
5,33,"RMST_diff","10_sites_x_500","sparse",10,500,0,1.74176433931583,1.49404950258767,-0.247714836728159,1.52512979413948,-0.216634545176342,0.0310802915518167,-0.0310802915518167,0
5,34,"RD","10_sites_x_500","sparse",10,500,0,-0.0848843156939778,-0.0797606086481724,0.00512370704580545,-0.0780867865875715,0.0067975291064063,0.00167382206060085,0.00167382206060085,0
5,34,"RMST_diff","10_sites_x_500","sparse",10,500,0,1.74176433931583,1.31525517257695,-0.426509166738871,1.33846424432746,-0.403300094988369,0.023209071750502,-0.023209071750502,0
5,35,"RD","10_sites_x_500","sparse",10,500,0,-0.0848843156939778,-0.0800586643409398,0.00482565135303803,-0.0784812995525919,0.00640301614138594,0.00157736478834791,0.00157736478834791,0
5,35,"RMST_diff","10_sites_x_500","sparse",10,500,0,1.74176433931583,1.3229081825918,-0.418856156724026,1.3508895995562,-0.390874739759626,0.0279814169643995,-0.0279814169643995,0
5,36,"RD","10_sites_x_500","sparse",10,500,0,-0.0848843156939778,-0.0996111576467293,-0.0147268419527515,-0.0974444766162068,-0.012560160922229,0.00216668103052253,-0.00216668103052253,0
5,36,"RMST_diff","10_sites_x_500","sparse",10,500,0,1.74176433931583,1.54638623199628,-0.195378107319545,1.56908618606163,-0.172678153254191,0.0226999540653541,-0.0226999540653541,0
5,37,"RD","10_sites_x_500","sparse",10,500,0,-0.0848843156939778,-0.092682017225584,-0.00779770153160619,-0.0919321967841764,-0.0070478810901986,0.000749820441407589,-0.000749820441407589,0
5,37,"RMST_diff","10_sites_x_500","sparse",10,500,0,1.74176433931583,1.69038968445186,-0.0513746548639631,1.72304306603263,-0.0187212732831998,0.0326533815807633,-0.0326533815807633,0
5,38,"RD","10_sites_x_500","sparse",10,500,0,-0.0848843156939778,-0.0874637578497433,-0.00257944215576544,-0.0876740613996856,-0.00278974570570778,-0.000210303549942337,0.000210303549942337,0
5,38,"RMST_diff","10_sites_x_500","sparse",10,500,0,1.74176433931583,1.55397539574605,-0.187788943569771,1.60261727336237,-0.139147065953457,0.0486418776163138,-0.0486418776163138,0
5,39,"RD","10_sites_x_500","sparse",10,500,0,-0.0848843156939778,-0.0750389972229873,0.00984531847099046,-0.0728756153392049,0.0120087003547729,0.0021633818837824,0.0021633818837824,0
5,39,"RMST_diff","10_sites_x_500","sparse",10,500,0,1.74176433931583,1.23399312753812,-0.50777121177771,1.22018930246601,-0.521575036849818,-0.0138038250721078,0.0138038250721078,0
5,40,"RD","10_sites_x_500","sparse",10,500,0,-0.0848843156939778,-0.0820253870222137,0.00285892867176407,-0.0826687017293163,0.00221561396466152,-0.000643314707102549,-0.000643314707102549,0
5,40,"RMST_diff","10_sites_x_500","sparse",10,500,0,1.74176433931583,1.3569369396392,-0.384827399676624,1.38531620066641,-0.356448138649419,0.0283792610272044,-0.0283792610272044,0
5,41,"RD","10_sites_x_500","sparse",10,500,0,-0.0848843156939778,-0.0882546288638305,-0.0033703131698527,-0.0881820437508384,-0.00329772805686057,7.25851129921296e-05,-7.25851129921296e-05,0
5,41,"RMST_diff","10_sites_x_500","sparse",10,500,0,1.74176433931583,1.62467492268962,-0.117089416626202,1.64091106659563,-0.100853272720194,0.0162361439060081,-0.0162361439060081,0
5,42,"RD","10_sites_x_500","sparse",10,500,0,-0.0848843156939778,-0.0704194578894447,0.0144648578045331,-0.0687303429083732,0.0161539727856046,0.00168911498107149,0.00168911498107149,0
5,42,"RMST_diff","10_sites_x_500","sparse",10,500,0,1.74176433931583,1.42174415263131,-0.320020186684513,1.41599309975682,-0.325771239559003,-0.00575105287449063,0.00575105287449063,0
5,43,"RD","10_sites_x_500","sparse",10,500,0,-0.0848843156939778,-0.0846370711691512,0.000247244524826606,-0.0861344288348748,-0.00125011314089696,-0.00149735766572356,0.00100286861607035,0
5,43,"RMST_diff","10_sites_x_500","sparse",10,500,0,1.74176433931583,1.55060675512098,-0.191157584194846,1.59810370600048,-0.143660633315342,0.0474969508795038,-0.0474969508795038,0
5,44,"RD","10_sites_x_500","sparse",10,500,0,-0.0848843156939778,-0.0697992486736323,0.0150850670203455,-0.0723891511325397,0.0124951645614381,-0.00258990245890744,-0.00258990245890744,0
5,44,"RMST_diff","10_sites_x_500","sparse",10,500,0,1.74176433931583,1.52116353565038,-0.220600803665448,1.56842931178685,-0.173335027528978,0.0472657761364701,-0.0472657761364701,0
5,45,"RD","10_sites_x_500","sparse",10,500,0,-0.0848843156939778,-0.0829381352654895,0.00194618042848826,-0.0854638653599031,-0.000579549665925327,-0.00252573009441359,-0.00136663076256294,0
5,45,"RMST_diff","10_sites_x_500","sparse",10,500,0,1.74176433931583,1.86248203785836,0.120717698542531,1.90043722897464,0.158672889658813,0.0379551911162821,0.0379551911162821,0
5,46,"RD","10_sites_x_500","sparse",10,500,0,-0.0848843156939778,-0.0732972813250969,0.0115870343688809,-0.0761906525932091,0.00869366310076869,-0.00289337126811218,-0.00289337126811218,0
5,46,"RMST_diff","10_sites_x_500","sparse",10,500,0,1.74176433931583,1.86202940773831,0.120265068422485,1.90206395850918,0.160299619193358,0.0400345507708728,0.0400345507708728,0
5,47,"RD","10_sites_x_500","sparse",10,500,0,-0.0848843156939778,-0.078288016343691,0.00659629935028683,-0.0790344288098757,0.00584988688410215,-0.000746412466184676,-0.000746412466184676,0
5,47,"RMST_diff","10_sites_x_500","sparse",10,500,0,1.74176433931583,1.90893643391649,0.167172094600662,1.9210069461692,0.179242606853377,0.0120705122527145,0.0120705122527145,0
5,48,"RD","10_sites_x_500","sparse",10,500,0,-0.0848843156939778,-0.0707190314652721,0.0141652842287057,-0.0719263181491654,0.0129579975448124,-0.00120728668389325,-0.00120728668389325,0
5,48,"RMST_diff","10_sites_x_500","sparse",10,500,0,1.74176433931583,1.91161847197113,0.169854132655308,1.9228821353016,0.181117795985772,0.0112636633304639,0.0112636633304639,0
5,49,"RD","10_sites_x_500","sparse",10,500,0,-0.0848843156939778,-0.0853453544357526,-0.000461038741774833,-0.0881351868154381,-0.00325087112146027,-0.00278983237968544,0.00278983237968544,0
5,49,"RMST_diff","10_sites_x_500","sparse",10,500,0,1.74176433931583,2.06729442420528,0.325530084889458,2.10065848120055,0.358894141884724,0.033364056995266,0.033364056995266,0
5,50,"RD","10_sites_x_500","sparse",10,500,0,-0.0848843156939778,-0.0817521215052963,0.00313219418868149,-0.0844951424695545,0.000389173224423334,-0.00274302096425816,-0.00274302096425816,0
5,50,"RMST_diff","10_sites_x_500","sparse",10,500,0,1.74176433931583,2.02705653562226,0.285292196306431,2.0536244163486,0.311860077032778,0.026567880726347,0.026567880726347,0
5,51,"RD","10_sites_x_500","sparse",10,500,0,-0.0848843156939778,-0.0802004107230594,0.00468390497091842,-0.0831622038648404,0.0017221118291374,-0.00296179314178102,-0.00296179314178102,0
5,51,"RMST_diff","10_sites_x_500","sparse",10,500,0,1.74176433931583,2.00607415267067,0.264309813354842,2.04746793588236,0.30570359656654,0.0413937832116975,0.0413937832116975,0
5,52,"RD","10_sites_x_500","sparse",10,500,0,-0.0848843156939778,-0.0995827810543448,-0.014698465360367,-0.101940067926759,-0.0170557522327808,-0.00235728687241377,0.00235728687241377,0
5,52,"RMST_diff","10_sites_x_500","sparse",10,500,0,1.74176433931583,2.1747011567251,0.43293681740928,2.21427822959761,0.472513890281787,0.0395770728725076,0.0395770728725076,0
5,53,"RD","10_sites_x_500","sparse",10,500,0,-0.0848843156939778,-0.0954136548609764,-0.0105293391669986,-0.0950079080410824,-0.0101235923471046,0.000405746819894026,-0.000405746819894026,0
5,53,"RMST_diff","10_sites_x_500","sparse",10,500,0,1.74176433931583,2.17234811579479,0.430583776478963,2.17005039961885,0.428286060303027,-0.00229771617593677,-0.00229771617593677,0
5,54,"RD","10_sites_x_500","sparse",10,500,0,-0.0848843156939778,-0.111468364842363,-0.026584049148385,-0.108819744970865,-0.0239354292768874,0.00264861987149756,-0.00264861987149756,0
5,54,"RMST_diff","10_sites_x_500","sparse",10,500,0,1.74176433931583,2.36934228415822,0.627577944842391,2.33178746729551,0.590023127979688,-0.0375548168627038,-0.0375548168627038,0
5,55,"RD","10_sites_x_500","sparse",10,500,0,-0.0848843156939778,-0.0910977829605455,-0.00621346726656768,-0.0903906554531398,-0.00550633975916204,0.000707127507405647,-0.000707127507405647,0
5,55,"RMST_diff","10_sites_x_500","sparse",10,500,0,1.74176433931583,1.90125475767816,0.159490418362338,1.90907267508857,0.167308335772741,0.00781791741040294,0.00781791741040294,0
5,56,"RD","10_sites_x_500","sparse",10,500,0,-0.0848843156939778,-0.0920454654335131,-0.0071611497395353,-0.0906591789067014,-0.00577486321272358,0.00138628652681172,-0.00138628652681172,0
5,56,"RMST_diff","10_sites_x_500","sparse",10,500,0,1.74176433931583,1.99300006261275,0.25123572329692,1.97520763090529,0.233443291589461,-0.0177924317074591,-0.0177924317074591,0
5,57,"RD","10_sites_x_500","sparse",10,500,0,-0.0848843156939778,-0.0953810592164936,-0.0104967435225158,-0.0958184557624536,-0.0109341400684758,-0.000437396545959978,0.000437396545959978,0
5,57,"RMST_diff","10_sites_x_500","sparse",10,500,0,1.74176433931583,2.1278677375045,0.386103398188679,2.12796751774047,0.386203178424642,9.97802359634647e-05,9.97802359634647e-05,0
5,58,"RD","10_sites_x_500","sparse",10,500,0,-0.0848843156939778,-0.0942887404949307,-0.00940442480095294,-0.0951710380434627,-0.0102867223494849,-0.000882297548531974,0.000882297548531974,0
5,58,"RMST_diff","10_sites_x_500","sparse",10,500,0,1.74176433931583,2.05834551237924,0.316581173063417,2.06899460056746,0.327230261251632,0.0106490881882149,0.0106490881882149,0
5,59,"RD","10_sites_x_500","sparse",10,500,0,-0.0848843156939778,-0.088714407638264,-0.00383009194428618,-0.0888033028721072,-0.00391898717812944,-8.88952338432558e-05,8.88952338432558e-05,0
5,59,"RMST_diff","10_sites_x_500","sparse",10,500,0,1.74176433931583,2.08878856340263,0.347024224086809,2.09546148209372,0.353697142777897,0.00667291869108766,0.00667291869108766,0
5,60,"RD","10_sites_x_500","sparse",10,500,0,-0.0848843156939778,-0.0949672402895774,-0.0100829245955996,-0.095196811493383,-0.0103124957994052,-0.000229571203805623,0.000229571203805623,0
5,60,"RMST_diff","10_sites_x_500","sparse",10,500,0,1.74176433931583,2.18632161405804,0.444557274742211,2.19297528230754,0.451210942991716,0.00665366824950553,0.00665366824950553,0
5,61,"RD","10_sites_x_500","sparse",10,500,0,-0.0848843156939778,-0.0886838299075252,-0.00379951421354741,-0.088465152346224,-0.00358083665224618,0.000218677561301228,-0.000218677561301228,0
5,61,"RMST_diff","10_sites_x_500","sparse",10,500,0,1.74176433931583,1.99209249323577,0.250328153919943,1.97798644944941,0.23622211013358,-0.0141060437863629,-0.0141060437863629,0
5,62,"RD","10_sites_x_500","sparse",10,500,0,-0.0848843156939778,-0.0758812427504103,0.0090030729435675,-0.0763924737675036,0.00849184192647423,-0.000511231017093272,-0.000511231017093272,0
5,62,"RMST_diff","10_sites_x_500","sparse",10,500,0,1.74176433931583,1.86070427718474,0.11893993786892,1.85451800920642,0.112753669890594,-0.00618626797832533,-0.00618626797832533,0
5,63,"RD","10_sites_x_500","sparse",10,500,0,-0.0848843156939778,-0.0602208298841594,0.0246634858098184,-0.0607002529367038,0.024184062757274,-0.000479423052544337,-0.000479423052544337,0
5,63,"RMST_diff","10_sites_x_500","sparse",10,500,0,1.74176433931583,1.70965476932267,-0.0321095699931515,1.70357518911432,-0.0381891502015055,-0.00607958020835397,0.00607958020835397,0
5,64,"RD","10_sites_x_500","sparse",10,500,0,-0.0848843156939778,-0.0539464736879994,0.0309378420059784,-0.0537433910906602,0.0311409246033176,0.000203082597339255,0.000203082597339255,0
5,64,"RMST_diff","10_sites_x_500","sparse",10,500,0,1.74176433931583,1.55910057285153,-0.1826637664643,1.5311595493879,-0.210604789927922,-0.0279410234636224,0.0279410234636224,0
5,65,"RD","10_sites_x_500","sparse",10,500,0,-0.0848843156939778,-0.0581911139741442,0.0266932017198336,-0.0576955238507615,0.0271887918432163,0.000495590123382739,0.000495590123382739,0
5,65,"RMST_diff","10_sites_x_500","sparse",10,500,0,1.74176433931583,1.80778349641731,0.066019157101481,1.76536285910522,0.0235985197893989,-0.0424206373120821,-0.0424206373120821,0
5,66,"RD","10_sites_x_500","sparse",10,500,0,-0.0848843156939778,-0.0727315663730828,0.0121527493208951,-0.0718817112017182,0.0130026044922597,0.0008498551713646,0.0008498551713646,0
5,66,"RMST_diff","10_sites_x_500","sparse",10,500,0,1.74176433931583,1.86914485480384,0.127380515488012,1.84078240074272,0.0990180614268983,-0.0283624540611136,-0.0283624540611136,0
5,67,"RD","10_sites_x_500","sparse",10,500,0,-0.0848843156939778,-0.0819535952802201,0.00293072041375775,-0.0808532121983533,0.00403110349562452,0.00110038308186677,0.00110038308186677,0
5,67,"RMST_diff","10_sites_x_500","sparse",10,500,0,1.74176433931583,1.86219880357385,0.120434464258025,1.83672230951676,0.0949579702009355,-0.0254764940570897,-0.0254764940570897,0
5,68,"RD","10_sites_x_500","sparse",10,500,0,-0.0848843156939778,-0.0821391780835439,0.00274513761043393,-0.0808698948359687,0.00401442085800907,0.00126928324757514,0.00126928324757514,0
5,68,"RMST_diff","10_sites_x_500","sparse",10,500,0,1.74176433931583,1.78821441423672,0.0464500749208927,1.75599395756476,0.0142296182489385,-0.0322204566719542,-0.0322204566719542,0
5,69,"RD","10_sites_x_500","sparse",10,500,0,-0.0848843156939778,-0.0941068475371982,-0.00922253184322042,-0.0918289086450953,-0.00694459295111749,0.00227793889210293,-0.00227793889210293,0
5,69,"RMST_diff","10_sites_x_500","sparse",10,500,0,1.74176433931583,1.82512692521295,0.0833625858971256,1.7809052499913,0.0391409106754725,-0.0442216752216531,-0.0442216752216531,0
5,70,"RD","10_sites_x_500","sparse",10,500,0,-0.0848843156939778,-0.075293175438449,0.00959114025552876,-0.0723849113010295,0.0124994043929483,0.00290826413741951,0.00290826413741951,0
5,70,"RMST_diff","10_sites_x_500","sparse",10,500,0,1.74176433931583,1.58864669824379,-0.153117641072035,1.54291757599249,-0.198846763323333,-0.0457291222512985,0.0457291222512985,0
5,71,"RD","10_sites_x_500","sparse",10,500,0,-0.0848843156939778,-0.0874497005360511,-0.00256538484207325,-0.0851542895180847,-0.000269973824106873,0.00229541101796638,-0.00229541101796638,0
5,71,"RMST_diff","10_sites_x_500","sparse",10,500,0,1.74176433931583,1.71222923064224,-0.0295351086735867,1.67123310654017,-0.0705312327756573,-0.0409961241020707,0.0409961241020707,0
5,72,"RD","10_sites_x_500","sparse",10,500,0,-0.0848843156939778,-0.109226446076532,-0.0243421303825544,-0.107822770399448,-0.0229384547054701,0.00140367567708433,-0.00140367567708433,0
5,72,"RMST_diff","10_sites_x_500","sparse",10,500,0,1.74176433931583,2.04482152372587,0.303057184410049,2.01088349934969,0.269119160033863,-0.0339380243761855,-0.0339380243761855,0
5,73,"RD","10_sites_x_500","sparse",10,500,0,-0.0848843156939778,-0.088142408870573,-0.0032580931765952,-0.0890361274906089,-0.00415181179663104,-0.000893718620035844,0.000893718620035844,0
5,73,"RMST_diff","10_sites_x_500","sparse",10,500,0,1.74176433931583,1.74450961476992,0.0027452754540942,1.73540774852957,-0.00635659078625572,-0.00910186624034992,0.00361131533216152,0
5,74,"RD","10_sites_x_500","sparse",10,500,0,-0.0848843156939778,-0.104541089949419,-0.0196567742554409,-0.109491452630598,-0.0246071369366201,-0.00495036268117921,0.00495036268117921,0
5,74,"RMST_diff","10_sites_x_500","sparse",10,500,0,1.74176433931583,2.09651053192763,0.35474619261181,2.17988536953901,0.438121030223181,0.0833748376113714,0.0833748376113714,0
5,75,"RD","10_sites_x_500","sparse",10,500,0,-0.0848843156939778,-0.105473408083997,-0.0205890923900187,-0.108734263055066,-0.0238499473610883,-0.00326085497106954,0.00326085497106954,0
5,75,"RMST_diff","10_sites_x_500","sparse",10,500,0,1.74176433931583,1.90346965323424,0.16170531391842,1.94277294026787,0.201008600952047,0.0393032870336274,0.0393032870336274,0
5,76,"RD","10_sites_x_500","sparse",10,500,0,-0.0848843156939778,-0.0929520219695056,-0.00806770627552778,-0.0979269909625472,-0.0130426752685694,-0.00497496899304162,0.00497496899304162,0
5,76,"RMST_diff","10_sites_x_500","sparse",10,500,0,1.74176433931583,1.7757431824253,0.0339788431094732,1.8311593254141,0.0893949860982737,0.0554161429888005,0.0554161429888005,0
5,77,"RD","10_sites_x_500","sparse",10,500,0,-0.0848843156939778,-0.0822647730609976,0.00261954263298025,-0.0875507960311334,-0.00266648033715555,-0.00528602297013581,4.69377041752983e-05,0
5,77,"RMST_diff","10_sites_x_500","sparse",10,500,0,1.74176433931583,1.56693523092021,-0.174829108395613,1.6215974649376,-0.120166874378221,0.0546622340173926,-0.0546622340173926,0
5,78,"RD","10_sites_x_500","sparse",10,500,0,-0.0848843156939778,-0.0861373908704784,-0.00125307517650064,-0.0908655212078981,-0.00598120551392034,-0.0047281303374197,0.0047281303374197,0
5,78,"RMST_diff","10_sites_x_500","sparse",10,500,0,1.74176433931583,1.5397348508216,-0.202029488494221,1.58934740700192,-0.152416932313908,0.0496125561803122,-0.0496125561803122,0
5,79,"RD","10_sites_x_500","sparse",10,500,0,-0.0848843156939778,-0.077806450472148,0.00707786522182985,-0.0834904593462702,0.00139385634770761,-0.00568400887412224,-0.00568400887412224,0
5,79,"RMST_diff","10_sites_x_500","sparse",10,500,0,1.74176433931583,1.57421255719511,-0.16755178212072,1.65122065800479,-0.0905436813110327,0.077008100809687,-0.077008100809687,0
5,80,"RD","10_sites_x_500","sparse",10,500,0,-0.0848843156939778,-0.0916572725514336,-0.00677295685745583,-0.0969779716071384,-0.0120936559131606,-0.00532069905570476,0.00532069905570476,0
5,80,"RMST_diff","10_sites_x_500","sparse",10,500,0,1.74176433931583,1.82275721531518,0.0809928759993515,1.89517346700041,0.153409127684585,0.0724162516852331,0.0724162516852331,0
5,81,"RD","10_sites_x_500","sparse",10,500,0,-0.0848843156939778,-0.0777790006184964,0.0071053150754814,-0.0829118791978158,0.00197243649616197,-0.00513287857931943,-0.00513287857931943,0
5,81,"RMST_diff","10_sites_x_500","sparse",10,500,0,1.74176433931583,1.5242430865527,-0.217521252763126,1.59696854098649,-0.144795798329332,0.0727254544337939,-0.0727254544337939,0
5,82,"RD","10_sites_x_500","sparse",10,500,0,-0.0848843156939778,-0.0616125889451443,0.0232717267488335,-0.0661100168821425,0.0187742988118353,-0.00449742793699814,-0.00449742793699814,0
5,82,"RMST_diff","10_sites_x_500","sparse",10,500,0,1.74176433931583,1.22833702499986,-0.513427314315967,1.29313075612223,-0.448633583193596,0.0647937311223714,-0.0647937311223714,0
5,83,"RD","10_sites_x_500","sparse",10,500,0,-0.0848843156939778,-0.0730210457242046,0.0118632699697732,-0.0756796481320886,0.0092046675618892,-0.00265860240788396,-0.00265860240788396,0
5,83,"RMST_diff","10_sites_x_500","sparse",10,500,0,1.74176433931583,1.09083019001886,-0.650934149296967,1.19317951265477,-0.548584826661051,0.102349322635916,-0.102349322635916,0
5,84,"RD","10_sites_x_500","sparse",10,500,0,-0.0848843156939778,-0.0639575462892671,0.0209267694047107,-0.0643738066168232,0.0205105090771546,-0.000416260327556151,-0.000416260327556151,0
5,84,"RMST_diff","10_sites_x_500","sparse",10,500,0,1.74176433931583,0.780855443474028,-0.960908895841797,0.817090102035161,-0.924674237280664,0.0362346585611331,-0.0362346585611331,0
5,85,"RD","10_sites_x_500","sparse",10,500,0,-0.0848843156939778,-0.0705618313569349,0.0143224843370429,-0.0724203460687411,0.0124639696252367,-0.0018585147118062,-0.0018585147118062,0
5,85,"RMST_diff","10_sites_x_500","sparse",10,500,0,1.74176433931583,1.09089976851163,-0.650864570804195,1.15446774041242,-0.587296598903402,0.0635679719007936,-0.0635679719007936,0
5,86,"RD","10_sites_x_500","sparse",10,500,0,-0.0848843156939778,-0.0811490080367387,0.00373530765723906,-0.082709067258073,0.00217524843590478,-0.00156005922133429,-0.00156005922133429,0
5,86,"RMST_diff","10_sites_x_500","sparse",10,500,0,1.74176433931583,1.38475904570731,-0.357005293608516,1.44794992268631,-0.293814416629514,0.0631908769790019,-0.0631908769790019,0
5,87,"RD","10_sites_x_500","sparse",10,500,0,-0.0848843156939778,-0.0783306401229472,0.00655367557103059,-0.0806221175360535,0.00426219815792428,-0.00229147741310631,-0.00229147741310631,0
5,87,"RMST_diff","10_sites_x_500","sparse",10,500,0,1.74176433931583,1.54681682912186,-0.194947510193964,1.62922583902593,-0.112538500289896,0.0824090099040689,-0.0824090099040689,0
5,88,"RD","10_sites_x_500","sparse",10,500,0,-0.0848843156939778,-0.0776982554418671,0.00718606025211066,-0.0803507900417223,0.00453352565225551,-0.00265253459985515,-0.00265253459985515,0
5,88,"RMST_diff","10_sites_x_500","sparse",10,500,0,1.74176433931583,1.59147690671346,-0.150287432602369,1.69244747285225,-0.0493168664635757,0.100970566138793,-0.100970566138793,0
5,89,"RD","10_sites_x_500","sparse",10,500,0,-0.0848843156939778,-0.0742853417232427,0.0105989739707351,-0.0761811440203186,0.00870317167365919,-0.00189580229707587,-0.00189580229707587,0
5,89,"RMST_diff","10_sites_x_500","sparse",10,500,0,1.74176433931583,1.27700758574198,-0.46475675357385,1.32560736415924,-0.416156975156582,0.0485997784172678,-0.0485997784172678,0
5,90,"RD","10_sites_x_500","sparse",10,500,0,-0.0848843156939778,-0.0821029935497166,0.00278132214426119,-0.0849003606843354,-1.60449903575666e-05,-0.00279736713461876,-0.00276527715390362,0
5,90,"RMST_diff","10_sites_x_500","sparse",10,500,0,1.74176433931583,1.35737933544891,-0.384385003866917,1.41509387046831,-0.326670468847515,0.0577145350194019,-0.0577145350194019,0
5,91,"RD","10_sites_x_500","sparse",10,500,0,-0.0848843156939778,-0.0925746013370236,-0.00769028564304575,-0.0961078206422787,-0.0112235049483009,-0.00353321930525519,0.00353321930525519,0
5,91,"RMST_diff","10_sites_x_500","sparse",10,500,0,1.74176433931583,1.47090001449122,-0.270864324824609,1.53819287032902,-0.203571468986803,0.0672928558378061,-0.0672928558378061,0
5,92,"RD","10_sites_x_500","sparse",10,500,0,-0.0848843156939778,-0.0816810839853647,0.00320323170861314,-0.083503236587033,0.00138107910694485,-0.00182215260166829,-0.00182215260166829,0
5,92,"RMST_diff","10_sites_x_500","sparse",10,500,0,1.74176433931583,1.34827028158859,-0.393494057727233,1.40216738421822,-0.339596955097605,0.0538971026296284,-0.0538971026296284,0
5,93,"RD","10_sites_x_500","sparse",10,500,0,-0.0848843156939778,-0.0906789074406802,-0.00579459174670238,-0.0930462391676795,-0.0081619234737017,-0.00236733172699932,0.00236733172699932,0
5,93,"RMST_diff","10_sites_x_500","sparse",10,500,0,1.74176433931583,1.62346827530036,-0.118296064015464,1.69269728904431,-0.0490670502715176,0.0692290137439464,-0.0692290137439464,0
5,94,"RD","10_sites_x_500","sparse",10,500,0,-0.0848843156939778,-0.106483739072381,-0.0215994233784033,-0.105216589984906,-0.0203322742909283,0.00126714908747494,-0.00126714908747494,0
5,94,"RMST_diff","10_sites_x_500","sparse",10,500,0,1.74176433931583,2.03479692983051,0.293032590514684,1.99923981820548,0.257475478889658,-0.0355571116250264,-0.0355571116250264,0
5,95,"RD","10_sites_x_500","sparse",10,500,0,-0.0848843156939778,-0.0994958307817397,-0.0146115150877619,-0.0992385306053579,-0.0143542149113801,0.000257300176381814,-0.000257300176381814,0
5,95,"RMST_diff","10_sites_x_500","sparse",10,500,0,1.74176433931583,1.94583974993198,0.204075410616152,1.92200989110539,0.18024555178957,-0.0238298588265824,-0.0238298588265824,0
5,96,"RD","10_sites_x_500","sparse",10,500,0,-0.0848843156939778,-0.0762543888396489,0.00862992685432895,-0.0772357171088568,0.00764859858512101,-0.000981328269207937,-0.000981328269207937,0
5,96,"RMST_diff","10_sites_x_500","sparse",10,500,0,1.74176433931583,1.54983578069771,-0.191928558618111,1.54881190100727,-0.19295243830855,-0.0010238796904396,0.0010238796904396,0
5,97,"RD","10_sites_x_500","sparse",10,500,0,-0.0848843156939778,-0.0740459477329724,0.0108383679610055,-0.0747342257216704,0.0101500899723074,-0.000688277988698083,-0.000688277988698083,0
5,97,"RMST_diff","10_sites_x_500","sparse",10,500,0,1.74176433931583,1.28726242013376,-0.454501919182063,1.29756038896701,-0.444203950348815,0.0102979688332479,-0.0102979688332479,0
5,98,"RD","10_sites_x_500","sparse",10,500,0,-0.0848843156939778,-0.0796167915836836,0.00526752411029419,-0.0817776790882411,0.00310663660573673,-0.00216088750455745,-0.00216088750455745,0
5,98,"RMST_diff","10_sites_x_500","sparse",10,500,0,1.74176433931583,1.52015358423722,-0.221610755078608,1.56900736808814,-0.17275697122769,0.0488537838509178,-0.0488537838509178,0
5,99,"RD","10_sites_x_500","sparse",10,500,0,-0.0848843156939778,-0.0863433330495949,-0.00145901735561704,-0.0886752116411695,-0.00379089594719173,-0.00233187859157469,0.00233187859157469,0
5,99,"RMST_diff","10_sites_x_500","sparse",10,500,0,1.74176433931583,1.63322500283112,-0.108539336484707,1.68122512065133,-0.0605392186644966,0.0480001178202105,-0.0480001178202105,0
5,100,"RD","10_sites_x_500","sparse",10,500,0,-0.0848843156939778,-0.0831804634347901,0.00170385225918768,-0.0853609797793898,-0.000476664085412026,-0.0021805163445997,-0.00122718817377565,0
5,100,"RMST_diff","10_sites_x_500","sparse",10,500,0,1.74176433931583,1.42649252917056,-0.315271810145266,1.47383605810019,-0.267928281215633,0.0473435289296322,-0.0473435289296322,0
5,101,"RD","10_sites_x_500","sparse",10,500,0,-0.0848843156939778,-0.071679510959334,0.0132048047346438,-0.075430615850858,0.00945369984311983,-0.00375110489152397,-0.00375110489152397,0
5,101,"RMST_diff","10_sites_x_500","sparse",10,500,0,1.74176433931583,1.33411981834099,-0.407644520974831,1.38425680550264,-0.357507533813187,0.0501369871616433,-0.0501369871616433,0
5,102,"RD","10_sites_x_500","sparse",10,500,0,-0.0848843156939778,-0.0952141942726356,-0.0103298785786577,-0.0998750472562685,-0.0149907315622907,-0.00466085298363295,0.00466085298363295,0
5,102,"RMST_diff","10_sites_x_500","sparse",10,500,0,1.74176433931583,1.66652683954631,-0.0752374997695107,1.74999280947119,0.00822847015536787,0.0834659699248785,-0.0670090296141428,0
5,103,"RD","10_sites_x_500","sparse",10,500,0,-0.0848843156939778,-0.0876291185311762,-0.00274480283719836,-0.0915329514396135,-0.00664863574563568,-0.00390383290843732,0.00390383290843732,0
5,103,"RMST_diff","10_sites_x_500","sparse",10,500,0,1.74176433931583,1.50605111535142,-0.235713223964401,1.60064291768808,-0.141121421627743,0.0945918023366588,-0.0945918023366588,0
5,104,"RD","10_sites_x_500","sparse",10,500,0,-0.0848843156939778,-0.080735873546823,0.00414844214715482,-0.0849179423225083,-3.36266285304587e-05,-0.00418206877568528,-0.00411481551862436,0
5,104,"RMST_diff","10_sites_x_500","sparse",10,500,0,1.74176433931583,1.37590457158663,-0.365859767729193,1.46414213568903,-0.2776222036268,0.0882375641023927,-0.0882375641023927,0
5,105,"RD","10_sites_x_500","sparse",10,500,0,-0.0848843156939778,-0.0827669256467066,0.00211739004727118,-0.0856611976486774,-0.000776881954699604,-0.00289427200197079,-0.00134050809257158,0
5,105,"RMST_diff","10_sites_x_500","sparse",10,500,0,1.74176433931583,1.25514642765627,-0.486617911659557,1.3261540117805,-0.415610327535324,0.0710075841242332,-0.0710075841242332,0
5,106,"RD","10_sites_x_500","sparse",10,500,0,-0.0848843156939778,-0.09309887836638,-0.00821456267240217,-0.0957325890005692,-0.0108482733065914,-0.00263371063418927,0.00263371063418927,0
5,106,"RMST_diff","10_sites_x_500","sparse",10,500,0,1.74176433931583,1.32748807231873,-0.41427626699709,1.39368665552016,-0.348077683795662,0.0661985832014285,-0.0661985832014285,0
5,107,"RD","10_sites_x_500","sparse",10,500,0,-0.0848843156939778,-0.0884963739744167,-0.00361205828043887,-0.0926747997631416,-0.00779048406916383,-0.00417842578872496,0.00417842578872496,0
5,107,"RMST_diff","10_sites_x_500","sparse",10,500,0,1.74176433931583,1.48736360044829,-0.25440073886754,1.55801816265601,-0.183746176659817,0.0706545622077233,-0.0706545622077233,0
5,108,"RD","10_sites_x_500","sparse",10,500,0,-0.0848843156939778,-0.0924459190136873,-0.00756160331970945,-0.0960324636715132,-0.0111481479775354,-0.00358654465782593,0.00358654465782593,0
5,108,"RMST_diff","10_sites_x_500","sparse",10,500,0,1.74176433931583,1.61368168671159,-0.128082652604231,1.62961805738266,-0.112146281933169,0.0159363706710618,-0.0159363706710618,0
5,109,"RD","10_sites_x_500","sparse",10,500,0,-0.0848843156939778,-0.101781252227422,-0.0168969365334437,-0.105341556355065,-0.0204572406610872,-0.00356030412764352,0.00356030412764352,0
5,109,"RMST_diff","10_sites_x_500","sparse",10,500,0,1.74176433931583,1.80397085055961,0.0622065112437884,1.82364411776792,0.081879778452091,0.0196732672083026,0.0196732672083026,0
5,110,"RD","10_sites_x_500","sparse",10,500,0,-0.0848843156939778,-0.0960669946808281,-0.0111826789868503,-0.0977882281092073,-0.0129039124152295,-0.00172123342837915,0.00172123342837915,0
5,110,"RMST_diff","10_sites_x_500","sparse",10,500,0,1.74176433931583,1.99451172974093,0.252747390425103,2.03492217439303,0.293157835077203,0.0404104446520996,0.0404104446520996,0
5,111,"RD","10_sites_x_500","sparse",10,500,0,-0.0848843156939778,-0.0930883119803403,-0.00820399628636248,-0.0944572730061628,-0.00957295731218499,-0.00136896102582251,0.00136896102582251,0
5,111,"RMST_diff","10_sites_x_500","sparse",10,500,0,1.74176433931583,1.84956269360856,0.107798354292738,1.88228515496679,0.140520815650968,0.0327224613582295,0.0327224613582295,0
5,112,"RD","10_sites_x_500","sparse",10,500,0,-0.0848843156939778,-0.0855348996200378,-0.000650583926059989,-0.0839126450875333,0.000971670606444541,0.00162225453250453,0.000321086680384552,0
5,112,"RMST_diff","10_sites_x_500","sparse",10,500,0,1.74176433931583,1.76821593068473,0.0264515913689092,1.75338945354061,0.0116251142247865,-0.0148264771441227,-0.0148264771441227,0
5,113,"RD","10_sites_x_500","sparse",10,500,0,-0.0848843156939778,-0.0914619255196562,-0.00657760982567834,-0.0896654406444433,-0.00478112495046545,0.00179648487521289,-0.00179648487521289,0
5,113,"RMST_diff","10_sites_x_500","sparse",10,500,0,1.74176433931583,1.89021352828853,0.148449188972704,1.87127609223066,0.129511752914839,-0.0189374360578647,-0.0189374360578647,0
5,114,"RD","10_sites_x_500","sparse",10,500,0,-0.0848843156939778,-0.0970080654091428,-0.0121237497151649,-0.0962783099457039,-0.011393994251726,0.000729755463438897,-0.000729755463438897,0
5,114,"RMST_diff","10_sites_x_500","sparse",10,500,0,1.74176433931583,1.98350962425683,0.241745284941002,1.99253949792618,0.250775158610359,0.00902987366935726,0.00902987366935726,0
5,115,"RD","10_sites_x_500","sparse",10,500,0,-0.0848843156939778,-0.074821275075964,0.0100630406180138,-0.0712573123040897,0.0136270033898881,0.00356396277187432,0.00356396277187432,0
5,115,"RMST_diff","10_sites_x_500","sparse",10,500,0,1.74176433931583,1.70660511179291,-0.035159227522918,1.64969485972044,-0.0920694795953896,-0.0569102520724716,0.0569102520724716,0
5,116,"RD","10_sites_x_500","sparse",10,500,0,-0.0848843156939778,-0.0653155855829781,0.0195687301109997,-0.0621405506862018,0.022743765007776,0.00317503489677629,0.00317503489677629,0
5,116,"RMST_diff","10_sites_x_500","sparse",10,500,0,1.74176433931583,1.58106399932797,-0.160700339987855,1.52045826577426,-0.221306073541561,-0.0606057335537056,0.0606057335537056,0
5,117,"RD","10_sites_x_500","sparse",10,500,0,-0.0848843156939778,-0.0815746533480676,0.00330966234591024,-0.0760955858196938,0.00878872987428403,0.00547906752837379,0.00547906752837379,0
5,117,"RMST_diff","10_sites_x_500","sparse",10,500,0,1.74176433931583,1.81206796816553,0.0703036288497056,1.73430500841581,-0.00745933090001749,-0.0777629597497231,-0.0628442979496882,0
5,118,"RD","10_sites_x_500","sparse",10,500,0,-0.0848843156939778,-0.070219749056282,0.0146645666376958,-0.0666014938197327,0.0182828218742451,0.00361825523654935,0.00361825523654935,0
5,118,"RMST_diff","10_sites_x_500","sparse",10,500,0,1.74176433931583,1.84549811047095,0.103733771155126,1.74924613364732,0.00748179433149865,-0.096251976823627,-0.096251976823627,0
5,119,"RD","10_sites_x_500","sparse",10,500,0,-0.0848843156939778,-0.0460945522799754,0.0387897634140024,-0.0449737448787163,0.0399105708152615,0.00112080740125908,0.00112080740125908,0
5,119,"RMST_diff","10_sites_x_500","sparse",10,500,0,1.74176433931583,1.4765380275216,-0.265226311794224,1.41403258413956,-0.327731755176266,-0.062505443382042,0.062505443382042,0
5,120,"RD","10_sites_x_500","sparse",10,500,0,-0.0848843156939778,-0.0640917332393528,0.020792582454625,-0.0646565833386159,0.0202277323553619,-0.000564850099263103,-0.000564850099263103,0
5,120,"RMST_diff","10_sites_x_500","sparse",10,500,0,1.74176433931583,1.58969919888079,-0.152065140435038,1.53145320723503,-0.210311132080793,-0.0582459916457552,0.0582459916457552,0
5,121,"RD","10_sites_x_500","sparse",10,500,0,-0.0848843156939778,-0.0970059415774737,-0.0121216258834959,-0.0961004530708895,-0.0112161373769117,0.000905488506584118,-0.000905488506584118,0
5,121,"RMST_diff","10_sites_x_500","sparse",10,500,0,1.74176433931583,2.15468906368703,0.412924724371203,2.08203081629075,0.340266476974922,-0.0726582473962818,-0.0726582473962818,0
5,122,"RD","10_sites_x_500","sparse",10,500,0,-0.0848843156939778,-0.101228720407441,-0.016344404713463,-0.100035067733367,-0.0151507520393891,0.0011936526740739,-0.0011936526740739,0
5,122,"RMST_diff","10_sites_x_500","sparse",10,500,0,1.74176433931583,2.33967806327418,0.597913723958357,2.25639876011792,0.514634420802098,-0.0832793031562584,-0.0832793031562584,0
5,123,"RD","10_sites_x_500","sparse",10,500,0,-0.0848843156939778,-0.0940253028490158,-0.00914098715503797,-0.0921111461122308,-0.00722683041825301,0.00191415673678497,-0.00191415673678497,0
5,123,"RMST_diff","10_sites_x_500","sparse",10,500,0,1.74176433931583,2.2064850481972,0.464720708881373,2.10758125671757,0.365816917401748,-0.0989037914796249,-0.0989037914796249,0
5,124,"RD","10_sites_x_500","sparse",10,500,0,-0.0848843156939778,-0.0863977301428164,-0.00151341444883857,-0.084759530818418,0.00012478487555978,0.00163819932439835,-0.00138862957327879,0
5,124,"RMST_diff","10_sites_x_500","sparse",10,500,0,1.74176433931583,2.17446556899893,0.43270122968311,2.07362257438737,0.331858235071545,-0.100842994611565,-0.100842994611565,0
5,125,"RD","10_sites_x_500","sparse",10,500,0,-0.0848843156939778,-0.0866210579793393,-0.00173674228536147,-0.0884395750635503,-0.00355525936957246,-0.00181851708421099,0.00181851708421099,0
5,125,"RMST_diff","10_sites_x_500","sparse",10,500,0,1.74176433931583,2.40629770341493,0.664533364099107,2.37779070675682,0.636026367440998,-0.0285069966581091,-0.0285069966581091,0
5,126,"RD","10_sites_x_500","sparse",10,500,0,-0.0848843156939778,-0.0928383290272007,-0.00795401333322288,-0.0948185795447898,-0.00993426385081198,-0.0019802505175891,0.0019802505175891,0
5,126,"RMST_diff","10_sites_x_500","sparse",10,500,0,1.74176433931583,2.42446085043528,0.68269651111946,2.39219234304284,0.650428003727017,-0.0322685073924429,-0.0322685073924429,0
5,127,"RD","10_sites_x_500","sparse",10,500,0,-0.0848843156939778,-0.0881797403792981,-0.00329542468532029,-0.0897266632692316,-0.00484234757525381,-0.00154692288993352,0.00154692288993352,0
5,127,"RMST_diff","10_sites_x_500","sparse",10,500,0,1.74176433931583,2.25115864837718,0.509394309061355,2.19969553324767,0.457931193931842,-0.0514631151295131,-0.0514631151295131,0
5,128,"RD","10_sites_x_500","sparse",10,500,0,-0.0848843156939778,-0.0973939200473319,-0.0125096043533541,-0.0967119419252549,-0.0118276262312771,0.000681978122077043,-0.000681978122077043,0
5,128,"RMST_diff","10_sites_x_500","sparse",10,500,0,1.74176433931583,2.28850903341134,0.546744694095514,2.23476195151938,0.492997612203553,-0.0537470818919612,-0.0537470818919612,0
5,129,"RD","10_sites_x_500","sparse",10,500,0,-0.0848843156939778,-0.121624657791288,-0.0367403420973098,-0.119860827554011,-0.0349765118600333,0.00176383023727655,-0.00176383023727655,0
5,129,"RMST_diff","10_sites_x_500","sparse",10,500,0,1.74176433931583,2.61280518464019,0.871040845324362,2.54190227985934,0.800137940543511,-0.0709029047808514,-0.0709029047808514,0
5,130,"RD","10_sites_x_500","sparse",10,500,0,-0.0848843156939778,-0.104581263507768,-0.0196969478137906,-0.102374602636762,-0.0174902869427842,0.00220666087100641,-0.00220666087100641,0
5,130,"RMST_diff","10_sites_x_500","sparse",10,500,0,1.74176433931583,2.57408832328732,0.832323983971492,2.49720044662675,0.755436107310922,-0.0768878766605692,-0.0768878766605692,0
5,131,"RD","10_sites_x_500","sparse",10,500,0,-0.0848843156939778,-0.0746670045376201,0.0102173111563577,-0.0744457931498324,0.0104385225441455,0.000221211387787745,0.000221211387787745,0
5,131,"RMST_diff","10_sites_x_500","sparse",10,500,0,1.74176433931583,2.24480871862931,0.503044379313488,2.19986817102911,0.458103831713284,-0.0449405476002038,-0.0449405476002038,0
5,132,"RD","10_sites_x_500","sparse",10,500,0,-0.0848843156939778,-0.0721556788969268,0.0127286367970511,-0.0727205842852637,0.0121637314087141,-0.000564905388336978,-0.000564905388336978,0
5,132,"RMST_diff","10_sites_x_500","sparse",10,500,0,1.74176433931583,2.0857013002975,0.343936960981672,2.02890000802287,0.287135668707041,-0.0568012922746313,-0.0568012922746313,0
5,133,"RD","10_sites_x_500","sparse",10,500,0,-0.0848843156939778,-0.0738092121826047,0.0110751035113731,-0.0738730529313744,0.0110112627626034,-6.38407487696391e-05,-6.38407487696391e-05,0
5,133,"RMST_diff","10_sites_x_500","sparse",10,500,0,1.74176433931583,2.17084688634194,0.429082547026111,2.13355651204373,0.3917921727279,-0.0372903742982107,-0.0372903742982107,0
5,134,"RD","10_sites_x_500","sparse",10,500,0,-0.0848843156939778,-0.0770659583851021,0.0078183573088757,-0.0762776622845591,0.00860665340941869,0.000788296100542984,0.000788296100542984,0
5,134,"RMST_diff","10_sites_x_500","sparse",10,500,0,1.74176433931583,2.12607539323577,0.384311053919944,2.10266233654217,0.360897997226346,-0.0234130566935988,-0.0234130566935988,0
5,135,"RD","10_sites_x_500","sparse",10,500,0,-0.0848843156939778,-0.104221516090975,-0.0193372003969968,-0.102445727876302,-0.0175614121823242,0.00177578821467261,-0.00177578821467261,0
5,135,"RMST_diff","10_sites_x_500","sparse",10,500,0,1.74176433931583,2.5103858273785,0.768621488062671,2.46949843428716,0.72773409497133,-0.0408873930913405,-0.0408873930913405,0
5,136,"RD","10_sites_x_500","sparse",10,500,0,-0.0848843156939778,-0.119789003765098,-0.03490468807112,-0.119408871600068,-0.0345245559060904,0.000380132165029634,-0.000380132165029634,0
5,136,"RMST_diff","10_sites_x_500","sparse",10,500,0,1.74176433931583,2.77298327183224,1.03121893251642,2.76265774381269,1.02089340449686,-0.0103255280195587,-0.0103255280195587,0
5,137,"RD","10_sites_x_500","sparse",10,500,0,-0.0848843156939778,-0.0944370641043715,-0.00955274841039366,-0.0948713964549845,-0.00998708076100674,-0.000434332350613076,0.000434332350613076,0
5,137,"RMST_diff","10_sites_x_500","sparse",10,500,0,1.74176433931583,2.35088512823093,0.609120788915101,2.37809742556416,0.636333086248335,0.027212297333234,0.027212297333234,0
5,138,"RD","10_sites_x_500","sparse",10,500,0,-0.0848843156939778,-0.0938265254107171,-0.00894220971673931,-0.0945323570932047,-0.00964804139922693,-0.000705831682487612,0.000705831682487612,0
5,138,"RMST_diff","10_sites_x_500","sparse",10,500,0,1.74176433931583,2.29785003350916,0.556085694193339,2.35022615994966,0.608461820633833,0.0523761264404943,0.0523761264404943,0
5,139,"RD","10_sites_x_500","sparse",10,500,0,-0.0848843156939778,-0.069675932676612,0.0152083830173658,-0.0684760691150037,0.0164082465789741,0.00119986356160828,0.00119986356160828,0
5,139,"RMST_diff","10_sites_x_500","sparse",10,500,0,1.74176433931583,1.9633137819708,0.221549442654972,1.98803120877104,0.246266869455217,0.0247174268002457,0.0247174268002457,0
5,140,"RD","10_sites_x_500","sparse",10,500,0,-0.0848843156939778,-0.0778657943598242,0.00701852133415359,-0.0782291888740347,0.00665512681994307,-0.000363394514210524,-0.000363394514210524,0
5,140,"RMST_diff","10_sites_x_500","sparse",10,500,0,1.74176433931583,1.8909957214178,0.149231382101975,1.92734662599846,0.185582286682632,0.0363509045806563,0.0363509045806563,0
5,141,"RD","10_sites_x_500","sparse",10,500,0,-0.0848843156939778,-0.0969827662736756,-0.0120984505796978,-0.0962065449655434,-0.0113222292715656,0.000776221308132263,-0.000776221308132263,0
5,141,"RMST_diff","10_sites_x_500","sparse",10,500,0,1.74176433931583,1.95718430940654,0.21541997009072,1.97959143236385,0.237827093048026,0.022407122957306,0.022407122957306,0
5,142,"RD","10_sites_x_500","sparse",10,500,0,-0.0848843156939778,-0.0839792047351813,0.000905110958796529,-0.0847482994953539,0.000136016198623912,-0.000769094760172617,-0.000769094760172617,0
5,142,"RMST_diff","10_sites_x_500","sparse",10,500,0,1.74176433931583,1.83374724671339,0.0919829073975666,1.87847262290163,0.136708283585808,0.0447253761882411,0.0447253761882411,0
5,143,"RD","10_sites_x_500","sparse",10,500,0,-0.0848843156939778,-0.0674769691933361,0.0174073465006417,-0.0675754593736368,0.017308856320341,-9.84901803007254e-05,-9.84901803007254e-05,0
5,143,"RMST_diff","10_sites_x_500","sparse",10,500,0,1.74176433931583,1.54777525017158,-0.193989089144244,1.57877090726022,-0.162993432055609,0.0309956570886349,-0.0309956570886349,0
5,144,"RD","10_sites_x_500","sparse",10,500,0,-0.0848843156939778,-0.0694501277423895,0.0154341879515884,-0.0698680761884762,0.0150162395055016,-0.00041794844608678,-0.00041794844608678,0
5,144,"RMST_diff","10_sites_x_500","sparse",10,500,0,1.74176433931583,1.66838955270213,-0.0733747866136927,1.69191803407522,-0.0498463052406048,0.0235284813730878,-0.0235284813730878,0
5,145,"RD","10_sites_x_500","sparse",10,500,0,-0.0848843156939778,-0.0584560090764202,0.0264283066175576,-0.0587142844814952,0.0261700312124826,-0.000258275405074948,-0.000258275405074948,0
5,145,"RMST_diff","10_sites_x_500","sparse",10,500,0,1.74176433931583,1.46865811275377,-0.273106226562058,1.51590207386844,-0.225862265447383,0.0472439611146758,-0.0472439611146758,0
5,146,"RD","10_sites_x_500","sparse",10,500,0,-0.0848843156939778,-0.0643576074953087,0.0205267081986691,-0.0689156362651748,0.015968679428803,-0.00455802876986611,-0.00455802876986611,0
5,146,"RMST_diff","10_sites_x_500","sparse",10,500,0,1.74176433931583,1.53672213234396,-0.205042206971868,1.66122852584328,-0.0805358134725473,0.12450639349932,-0.12450639349932,0
5,147,"RD","10_sites_x_500","sparse",10,500,0,-0.0848843156939778,-0.0955241916906369,-0.0106398759966591,-0.09655537079802,-0.0116710551040422,-0.00103117910738315,0.00103117910738315,0
5,147,"RMST_diff","10_sites_x_500","sparse",10,500,0,1.74176433931583,2.07682610971774,0.335061770401914,2.12346573253326,0.381701393217437,0.0466396228155226,0.0466396228155226,0
5,148,"RD","10_sites_x_500","sparse",10,500,0,-0.0848843156939778,-0.0945102959844974,-0.00962598029051964,-0.0947928922068456,-0.00990857651286781,-0.000282596222348164,0.000282596222348164,0
5,148,"RMST_diff","10_sites_x_500","sparse",10,500,0,1.74176433931583,1.87187572215075,0.130111382834924,1.91595678707267,0.174192447756845,0.0440810649219205,0.0440810649219205,0
5,149,"RD","10_sites_x_500","sparse",10,500,0,-0.0848843156939778,-0.116458191982211,-0.0315738762882334,-0.116933888690722,-0.0320495729967438,-0.000475696708510442,0.000475696708510442,0
5,149,"RMST_diff","10_sites_x_500","sparse",10,500,0,1.74176433931583,2.10267528425138,0.360910944935556,2.14932936191122,0.407565022595392,0.0466540776598361,0.0466540776598361,0
5,150,"RD","10_sites_x_500","sparse",10,500,0,-0.0848843156939778,-0.107243580747194,-0.0223592650532166,-0.107736946219917,-0.0228526305259393,-0.000493365472722718,0.000493365472722718,0
5,150,"RMST_diff","10_sites_x_500","sparse",10,500,0,1.74176433931583,2.10131323811262,0.359548898796794,2.16604230915245,0.424277969836627,0.0647290710398334,0.0647290710398334,0
5,151,"RD","10_sites_x_500","sparse",10,500,0,-0.0848843156939778,-0.091151626168506,-0.00626731047452822,-0.0937135313969113,-0.00882921570293349,-0.00256190522840527,0.00256190522840527,0
5,151,"RMST_diff","10_sites_x_500","sparse",10,500,0,1.74176433931583,2.22065527153963,0.478890932223807,2.30562186899152,0.563857529675694,0.0849665974518867,0.0849665974518867,0
5,152,"RD","10_sites_x_500","sparse",10,500,0,-0.0848843156939778,-0.108600504904356,-0.023716189210378,-0.109945118502679,-0.0250608028087014,-0.00134461359832339,0.00134461359832339,0
5,152,"RMST_diff","10_sites_x_500","sparse",10,500,0,1.74176433931583,2.56182561276646,0.82006127345063,2.63643475674408,0.894670417428252,0.0746091439776215,0.0746091439776215,0
5,153,"RD","10_sites_x_500","sparse",10,500,0,-0.0848843156939778,-0.106007027891253,-0.0211227121972755,-0.10732382580444,-0.0224395101104624,-0.00131679791318695,0.00131679791318695,0
5,153,"RMST_diff","10_sites_x_500","sparse",10,500,0,1.74176433931583,2.5856222882261,0.843857948910271,2.65234982319136,0.910585483875531,0.0667275349652598,0.0667275349652598,0
5,154,"RD","10_sites_x_500","sparse",10,500,0,-0.0848843156939778,-0.104924856028915,-0.0200405403349376,-0.106966128086938,-0.0220818123929605,-0.00204127205802285,0.00204127205802285,0
5,154,"RMST_diff","10_sites_x_500","sparse",10,500,0,1.74176433931583,2.4967973922009,0.755033052885077,2.58758049909757,0.845816159781748,0.0907831068966711,0.0907831068966711,0
5,155,"RD","10_sites_x_500","sparse",10,500,0,-0.0848843156939778,-0.0997741495047755,-0.0148898338107977,-0.0996693081099964,-0.0147849924160186,0.000104841394779065,-0.000104841394779065,0
5,155,"RMST_diff","10_sites_x_500","sparse",10,500,0,1.74176433931583,2.36372749447629,0.621963155160467,2.41585887598513,0.674094536669303,0.0521313815088362,0.0521313815088362,0
5,156,"RD","10_sites_x_500","sparse",10,500,0,-0.0848843156939778,-0.0765994244074705,0.00828489128650733,-0.0749229814973874,0.0099613341965904,0.00167644291008306,0.00167644291008306,0
5,156,"RMST_diff","10_sites_x_500","sparse",10,500,0,1.74176433931583,1.93504327160787,0.193278932292046,1.96220574328793,0.220441403972101,0.0271624716800556,0.0271624716800556,0
5,157,"RD","10_sites_x_500","sparse",10,500,0,-0.0848843156939778,-0.0571030945300082,0.0277812211639696,-0.0571972241667176,0.0276870915272602,-9.41296367094058e-05,-9.41296367094058e-05,0
5,157,"RMST_diff","10_sites_x_500","sparse",10,500,0,1.74176433931583,1.67635090568922,-0.0654134336266097,1.74309091486082,0.00132657554499538,0.0667400091716051,-0.0640868580816143,0
5,158,"RD","10_sites_x_500","sparse",10,500,0,-0.0848843156939778,-0.0443012951167305,0.0405830205772473,-0.0449244052937509,0.039959910400227,-0.000623110177020325,-0.000623110177020325,0
5,158,"RMST_diff","10_sites_x_500","sparse",10,500,0,1.74176433931583,1.61535279045973,-0.12641154885609,1.68167736015867,-0.0600869791571572,0.0663245696989332,-0.0663245696989332,0
5,159,"RD","10_sites_x_500","sparse",10,500,0,-0.0848843156939778,-0.040212085118973,0.0446722305750048,-0.039278062427957,0.0456062532660209,0.000934022691016057,0.000934022691016057,0
5,159,"RMST_diff","10_sites_x_500","sparse",10,500,0,1.74176433931583,1.68421571104214,-0.0575486282736879,1.74727127606382,0.00550693674799163,0.0630555650216795,-0.0520416915256963,0
5,160,"RD","10_sites_x_500","sparse",10,500,0,-0.0848843156939778,-0.0300469445210592,0.0548373711729186,-0.0284678895198932,0.0564164261740846,0.00157905500116595,0.00157905500116595,0
5,160,"RMST_diff","10_sites_x_500","sparse",10,500,0,1.74176433931583,1.41678112106434,-0.324983218251482,1.45347176106718,-0.288292578248646,0.0366906400028366,-0.0366906400028366,0
5,161,"RD","10_sites_x_500","sparse",10,500,0,-0.0848843156939778,-0.032394603244754,0.0524897124492238,-0.0295926170565618,0.055291698637416,0.00280198618819216,0.00280198618819216,0
5,161,"RMST_diff","10_sites_x_500","sparse",10,500,0,1.74176433931583,1.19016622945209,-0.551598109863734,1.20134266994521,-0.540421669370616,0.0111764404931183,-0.0111764404931183,0
5,162,"RD","10_sites_x_500","sparse",10,500,0,-0.0848843156939778,-0.0411998355457326,0.0436844801482452,-0.0394075443884528,0.045476771305525,0.00179229115727975,0.00179229115727975,0
5,162,"RMST_diff","10_sites_x_500","sparse",10,500,0,1.74176433931583,1.06004661785344,-0.68171772146238,1.03942122845233,-0.702343110863493,-0.020625389401113,0.020625389401113,0
5,163,"RD","10_sites_x_500","sparse",10,500,0,-0.0848843156939778,-0.0632065946281565,0.0216777210658213,-0.0637962112811542,0.0210881044128236,-0.000589616652997726,-0.000589616652997726,0
5,163,"RMST_diff","10_sites_x_500","sparse",10,500,0,1.74176433931583,1.40212799581268,-0.339636343503143,1.41401782244767,-0.327746516868153,0.0118898266349898,-0.0118898266349898,0
5,164,"RD","10_sites_x_500","sparse",10,500,0,-0.0848843156939778,-0.0607669035426266,0.0241174121513512,-0.0613298424879342,0.0235544732060436,-0.000562938945307567,-0.000562938945307567,0
5,164,"RMST_diff","10_sites_x_500","sparse",10,500,0,1.74176433931583,1.44262031122899,-0.299144028086832,1.45161798946259,-0.290146349853236,0.00899767823359632,-0.00899767823359632,0
5,165,"RD","10_sites_x_500","sparse",10,500,0,-0.0848843156939778,-0.06361411622359,0.0212701994703878,-0.0658675815232099,0.0190167341707679,-0.00225346529961989,-0.00225346529961989,0
5,165,"RMST_diff","10_sites_x_500","sparse",10,500,0,1.74176433931583,1.42345637843724,-0.318307960878586,1.44981658799252,-0.29194775132331,0.0263602095552766,-0.0263602095552766,0
5,166,"RD","10_sites_x_500","sparse",10,500,0,-0.0848843156939778,-0.0699833891057768,0.014900926588201,-0.0732974812387267,0.0115868344552511,-0.00331409213294986,-0.00331409213294986,0
5,166,"RMST_diff","10_sites_x_500","sparse",10,500,0,1.74176433931583,1.55439659868385,-0.187367740631977,1.60403600095546,-0.137728338360366,0.0496394022716107,-0.0496394022716107,0
5,167,"RD","10_sites_x_500","sparse",10,500,0,-0.0848843156939778,-0.081537836631506,0.00334647906247176,-0.0843516544828888,0.000532661211088969,-0.00281381785138279,-0.00281381785138279,0
5,167,"RMST_diff","10_sites_x_500","sparse",10,500,0,1.74176433931583,1.68172073676219,-0.0600436025536339,1.71350510372818,-0.0282592355876492,0.0317843669659847,-0.0317843669659847,0
5,168,"RD","10_sites_x_500","sparse",10,500,0,-0.0848843156939778,-0.102850717192768,-0.0179664014987899,-0.104057920504326,-0.019173604810348,-0.0012072033115581,0.0012072033115581,0
5,168,"RMST_diff","10_sites_x_500","sparse",10,500,0,1.74176433931583,2.16775446285131,0.425990123535488,2.1612366494457,0.419472310129878,-0.00651781340561008,-0.00651781340561008,0
5,169,"RD","10_sites_x_500","sparse",10,500,0,-0.0848843156939778,-0.100088518593677,-0.0152042028996987,-0.10096188802621,-0.0160775723322322,-0.000873369432533466,0.000873369432533466,0
5,169,"RMST_diff","10_sites_x_500","sparse",10,500,0,1.74176433931583,2.29401655425374,0.552252214937914,2.27105858121686,0.529294241901031,-0.022957973036883,-0.022957973036883,0
5,170,"RD","10_sites_x_500","sparse",10,500,0,-0.0848843156939778,-0.103827286218163,-0.0189429705241856,-0.104656986108225,-0.019772670414247,-0.000829699890061431,0.000829699890061431,0
5,170,"RMST_diff","10_sites_x_500","sparse",10,500,0,1.74176433931583,2.23439594353437,0.492631604218545,2.22428183862489,0.482517499309068,-0.0101141049094764,-0.0101141049094764,0
5,171,"RD","10_sites_x_500","sparse",10,500,0,-0.0848843156939778,-0.104971205783318,-0.0200868900893406,-0.105919229114526,-0.0210349134205485,-0.000948023331207914,0.000948023331207914,0
5,171,"RMST_diff","10_sites_x_500","sparse",10,500,0,1.74176433931583,2.29903019875315,0.557265859437321,2.27766115134957,0.535896812033743,-0.0213690474035779,-0.0213690474035779,0
5,172,"RD","10_sites_x_500","sparse",10,500,0,-0.0848843156939778,-0.0840216696510956,0.00086264604288222,-0.0837034947053992,0.00118082098857863,0.000318174945696414,0.000318174945696414,0
5,172,"RMST_diff","10_sites_x_500","sparse",10,500,0,1.74176433931583,1.93799081532993,0.196226476014102,1.88801307814449,0.146248738828662,-0.04997773718544,-0.04997773718544,0
5,173,"RD","10_sites_x_500","sparse",10,500,0,-0.0848843156939778,-0.0638664691935891,0.0210178465003887,-0.064514422327921,0.0203698933660568,-0.000647953134331969,-0.000647953134331969,0
5,173,"RMST_diff","10_sites_x_500","sparse",10,500,0,1.74176433931583,1.55814584522788,-0.183618494087943,1.52885283896022,-0.212911500355608,-0.0292930062676646,0.0292930062676646,0
5,174,"RD","10_sites_x_500","sparse",10,500,0,-0.0848843156939778,-0.0490325194860936,0.0358517962078843,-0.0491912059411992,0.0356931097527786,-0.000158686455105639,-0.000158686455105639,0
5,174,"RMST_diff","10_sites_x_500","sparse",10,500,0,1.74176433931583,1.28760212427802,-0.454162215037801,1.25675325956855,-0.485011079747272,-0.0308488647094709,0.0308488647094709,0
5,175,"RD","10_sites_x_500","sparse",10,500,0,-0.0848843156939778,-0.0662298982368653,0.0186544174571125,-0.0697720301787353,0.0151122855152425,-0.00354213194187003,-0.00354213194187003,0
5,175,"RMST_diff","10_sites_x_500","sparse",10,500,0,1.74176433931583,1.44875497447448,-0.293009364841341,1.45167607824606,-0.290088261069769,0.00292110377157151,-0.00292110377157151,0
5,176,"RD","10_sites_x_500","sparse",10,500,0,-0.0848843156939778,-0.0654241972448077,0.0194601184491701,-0.068822498286141,0.0160618174078369,-0.00339830104133321,-0.00339830104133321,0
5,176,"RMST_diff","10_sites_x_500","sparse",10,500,0,1.74176433931583,1.47094027488978,-0.270824064426042,1.46526785951485,-0.276496479800979,-0.00567241537493679,0.00567241537493679,0
5,177,"RD","10_sites_x_500","sparse",10,500,0,-0.0848843156939778,-0.0674458980973868,0.017438417596591,-0.0691566839739812,0.0157276317199966,-0.00171078587659446,-0.00171078587659446,0
5,177,"RMST_diff","10_sites_x_500","sparse",10,500,0,1.74176433931583,1.44196014328919,-0.299804196026637,1.41941135373555,-0.32235298558027,-0.0225487895536336,0.0225487895536336,0
5,178,"RD","10_sites_x_500","sparse",10,500,0,-0.0848843156939778,-0.0582938379755014,0.0265904777184764,-0.0612221197203158,0.023662195973662,-0.00292828174481441,-0.00292828174481441,0
5,178,"RMST_diff","10_sites_x_500","sparse",10,500,0,1.74176433931583,1.09374800785295,-0.648016331462875,1.10589325369413,-0.635871085621696,0.0121452458411788,-0.0121452458411788,0
5,179,"RD","10_sites_x_500","sparse",10,500,0,-0.0848843156939778,-0.080304371458841,0.00457994423513686,-0.083258618794588,0.00162569689938985,-0.00295424733574701,-0.00295424733574701,0
5,179,"RMST_diff","10_sites_x_500","sparse",10,500,0,1.74176433931583,1.26583618391798,-0.475928155397842,1.28339275791077,-0.458371581405057,0.0175565739927848,-0.0175565739927848,0
5,180,"RD","10_sites_x_500","sparse",10,500,1,-0.0848843156939778,-0.0678813538948804,0.0170029617990974,-0.0646159005019136,0.0202684151920642,0.0032654533929668,0.0032654533929668,0.1
5,180,"RMST_diff","10_sites_x_500","sparse",10,500,1,1.74176433931583,1.18678587184542,-0.5549784674704,1.11614050495654,-0.625623834359288,-0.070645366888888,0.070645366888888,0.1
5,181,"RD","10_sites_x_500","sparse",10,500,1,-0.0848843156939778,-0.0697790447578073,0.0151052709361705,-0.0666015560988686,0.0182827595951092,0.00317748865893863,0.00317748865893863,0.1
5,181,"RMST_diff","10_sites_x_500","sparse",10,500,1,1.74176433931583,1.35522129278273,-0.386543046533097,1.26801455575492,-0.473749783560908,-0.0872067370278113,0.0872067370278113,0.1
5,182,"RD","10_sites_x_500","sparse",10,500,1,-0.0848843156939778,-0.0741009669256745,0.0107833487683033,-0.0725760939787108,0.012308221715267,0.00152487294696368,0.00152487294696368,0.1
5,182,"RMST_diff","10_sites_x_500","sparse",10,500,1,1.74176433931583,1.51008418405961,-0.23168015525621,1.46507799518514,-0.276686344130683,-0.0450061888744724,0.0450061888744724,0.1
5,183,"RD","10_sites_x_500","sparse",10,500,1,-0.0848843156939778,-0.0887472695499589,-0.00386295385598112,-0.0848229885983717,6.1327095606134e-05,0.00392428095158726,-0.00380162676037499,0.1
5,183,"RMST_diff","10_sites_x_500","sparse",10,500,1,1.74176433931583,1.92390774090882,0.182143401592993,1.84648963645223,0.104725297136401,-0.0774181044565925,-0.0774181044565925,0.1
5,184,"RD","10_sites_x_500","sparse",10,500,1,-0.0848843156939778,-0.0918552089695761,-0.0069708932755983,-0.0876298948542475,-0.00274557916026974,0.00422531411532856,-0.00422531411532856,0.1
5,184,"RMST_diff","10_sites_x_500","sparse",10,500,1,1.74176433931583,2.07525683853647,0.333492499220643,2.01133757264678,0.269573233330956,-0.0639192658896874,-0.0639192658896874,0.1
5,185,"RD","10_sites_x_500","sparse",10,500,1,-0.0848843156939778,-0.0646611119190196,0.0202232037749582,-0.0621218558247547,0.0227624598692231,0.00253925609426486,0.00253925609426486,0.1
5,185,"RMST_diff","10_sites_x_500","sparse",10,500,1,1.74176433931583,1.63817532554462,-0.103589013771209,1.64927582570068,-0.0924885136151463,0.0111005001560631,-0.0111005001560631,0.1
5,186,"RD","10_sites_x_500","sparse",10,500,1,-0.0848843156939778,-0.0614427779760773,0.0234415377179005,-0.0581122747050444,0.0267720409889334,0.0033305032710329,0.0033305032710329,0.1
5,186,"RMST_diff","10_sites_x_500","sparse",10,500,1,1.74176433931583,1.55167357708236,-0.190090762233464,1.54592183424174,-0.195842505074081,-0.00575174284061752,0.00575174284061752,0.1
5,187,"RD","10_sites_x_500","sparse",10,500,1,-0.0848843156939778,-0.0414917704356688,0.043392545258309,-0.0399881554402891,0.0448961602536887,0.00150361499537965,0.00150361499537965,0.1
5,187,"RMST_diff","10_sites_x_500","sparse",10,500,1,1.74176433931583,1.4860701125881,-0.255694226727725,1.50009988065255,-0.241664458663278,0.0140297680644466,-0.0140297680644466,0.1
5,188,"RD","10_sites_x_500","sparse",10,500,1,-0.0848843156939778,-0.0199220178970037,0.0649622977969742,-0.018009346833047,0.0668749688609308,0.00191267106395665,0.00191267106395665,0.1
5,188,"RMST_diff","10_sites_x_500","sparse",10,500,1,1.74176433931583,1.11341290177133,-0.628351437544497,1.11268458259678,-0.629079756719044,-0.000728319174546854,0.000728319174546854,0.1
5,189,"RD","10_sites_x_500","sparse",10,500,1,-0.0848843156939778,-0.00905575072870601,0.0758285649652718,-0.0113106063942647,0.0735737092997131,-0.00225485566555872,-0.00225485566555872,0.1
5,189,"RMST_diff","10_sites_x_500","sparse",10,500,1,1.74176433931583,0.940631484128586,-0.801132855187239,1.00074585510145,-0.741018484214372,0.0601143709728671,-0.0601143709728671,0.1
5,190,"RD","10_sites_x_500","sparse",10,500,0,-0.0848843156939778,-0.0296319637572044,0.0552523519367734,-0.0355197282522633,0.0493645874417145,-0.0058877644950589,-0.0058877644950589,0
5,190,"RMST_diff","10_sites_x_500","sparse",10,500,0,1.74176433931583,1.03689260092569,-0.704871738390137,1.16993987164562,-0.571824467670202,0.133047270719935,-0.133047270719935,0
5,191,"RD","10_sites_x_500","sparse",10,500,0,-0.0848843156939778,-0.0501945692679096,0.0346897464260683,-0.0508227537911868,0.034061561902791,-0.000628184523277286,-0.000628184523277286,0
5,191,"RMST_diff","10_sites_x_500","sparse",10,500,0,1.74176433931583,1.16196248959885,-0.57980184971697,1.24420452561608,-0.497559813699748,0.082242036017222,-0.082242036017222,0
5,192,"RD","10_sites_x_500","sparse",10,500,0,-0.0848843156939778,-0.0410310971529156,0.0438532185410622,-0.0351779113955584,0.0497064042984194,0.00585318575735727,0.00585318575735727,0
5,192,"RMST_diff","10_sites_x_500","sparse",10,500,0,1.74176433931583,0.942903915653536,-0.798860423662289,0.878542277062138,-0.863222062253687,-0.0643616385913983,0.0643616385913983,0
5,193,"RD","10_sites_x_500","sparse",10,500,0,-0.0848843156939778,-0.0455695580213467,0.0393147576726312,-0.0391973581945175,0.0456869574994603,0.00637219982682913,0.00637219982682913,0
5,193,"RMST_diff","10_sites_x_500","sparse",10,500,0,1.74176433931583,0.918656029789338,-0.823108309526488,0.833637306066098,-0.908127033249727,-0.0850187237232394,0.0850187237232394,0
5,194,"RD","10_sites_x_500","sparse",10,500,0,-0.0848843156939778,-0.0531142701638261,0.0317700455301517,-0.0487793968364848,0.036104918857493,0.00433487332734128,0.00433487332734128,0
5,194,"RMST_diff","10_sites_x_500","sparse",10,500,0,1.74176433931583,0.866364930937381,-0.875399408378444,0.783938516415487,-0.957825822900338,-0.082426414521894,0.082426414521894,0
5,195,"RD","10_sites_x_500","sparse",10,500,0,-0.0848843156939778,-0.0663187620841446,0.0185655536098333,-0.058492070008492,0.0263922456854858,0.00782669207565256,0.00782669207565256,0
5,195,"RMST_diff","10_sites_x_500","sparse",10,500,0,1.74176433931583,1.13129168442579,-0.610472654890033,1.00070955336867,-0.741054785947155,-0.130582131057121,0.130582131057121,0
5,196,"RD","10_sites_x_500","sparse",10,500,0,-0.0848843156939778,-0.0631152866385857,0.0217690290553921,-0.0574488401748636,0.0274354755191142,0.00566644646372205,0.00566644646372205,0
5,196,"RMST_diff","10_sites_x_500","sparse",10,500,0,1.74176433931583,1.14430437026918,-0.597459969046646,1.03650074979808,-0.705263589517745,-0.107803620471099,0.107803620471099,0
5,197,"RD","10_sites_x_500","sparse",10,500,0,-0.0848843156939778,-0.0725699564964504,0.0123143591975274,-0.0644044972185307,0.0204798184754471,0.00816545927791967,0.00816545927791967,0
5,197,"RMST_diff","10_sites_x_500","sparse",10,500,0,1.74176433931583,1.0878360983144,-0.653928241001427,0.981716105954364,-0.760048233361461,-0.106119992360034,0.106119992360034,0
5,198,"RD","10_sites_x_500","sparse",10,500,0,-0.0848843156939778,-0.0806921948994775,0.00419212079450026,-0.07300737818466,0.0118769375093178,0.00768481671481758,0.00768481671481758,0
5,198,"RMST_diff","10_sites_x_500","sparse",10,500,0,1.74176433931583,1.36870148610203,-0.373062853213797,1.27437739855734,-0.467386940758486,-0.0943240875446882,0.0943240875446882,0
5,199,"RD","10_sites_x_500","sparse",10,500,0,-0.0848843156939778,-0.0630847657941824,0.0217995498997954,-0.0533370816793526,0.0315472340146252,0.00974768411482985,0.00974768411482985,0
5,199,"RMST_diff","10_sites_x_500","sparse",10,500,0,1.74176433931583,1.15878701402103,-0.582977325294792,1.02258848981061,-0.719175849505215,-0.136198524210423,0.136198524210423,0
5,200,"RD","10_sites_x_500","sparse",10,500,0,-0.0848843156939778,-0.0642239405303896,0.0206603751635882,-0.0537342865837457,0.0311500291102321,0.0104896539466439,0.0104896539466439,0
5,200,"RMST_diff","10_sites_x_500","sparse",10,500,0,1.74176433931583,1.46168420460434,-0.280080134711483,1.27297939177785,-0.468784947537976,-0.188704812826494,0.188704812826494,0
5,201,"RD","10_sites_x_500","sparse",10,500,0,-0.0848843156939778,-0.0383748666506087,0.0465094490433691,-0.0352462494962086,0.0496380661977692,0.00312861715440016,0.00312861715440016,0
5,201,"RMST_diff","10_sites_x_500","sparse",10,500,0,1.74176433931583,1.18224160290307,-0.55952273641276,1.07158515091287,-0.670179188402953,-0.110656451990193,0.110656451990193,0
5,202,"RD","10_sites_x_500","sparse",10,500,0,-0.0848843156939778,-0.0500242467489727,0.0348600689450052,-0.0507317936165103,0.0341525220774676,-0.000707546867537601,-0.000707546867537601,0
5,202,"RMST_diff","10_sites_x_500","sparse",10,500,0,1.74176433931583,1.46485384657568,-0.276910492740145,1.46525958178114,-0.276504757534685,0.000405735205459834,-0.000405735205459834,0
5,203,"RD","10_sites_x_500","sparse",10,500,0,-0.0848843156939778,-0.0329740196777899,0.0519102960161879,-0.0342842266200949,0.0506000890738829,-0.00131020694230499,-0.00131020694230499,0
5,203,"RMST_diff","10_sites_x_500","sparse",10,500,0,1.74176433931583,1.09505357579473,-0.64671076352109,1.12419820851989,-0.617566130795936,0.0291446327251546,-0.0291446327251546,0
5,204,"RD","10_sites_x_500","sparse",10,500,0,-0.0848843156939778,-0.0248636112444296,0.0600207044495482,-0.0274697911306607,0.0574145245633171,-0.00260617988623113,-0.00260617988623113,0
5,204,"RMST_diff","10_sites_x_500","sparse",10,500,0,1.74176433931583,1.08420670158257,-0.657557637733257,1.12305426062937,-0.618710078686453,0.038847559046804,-0.038847559046804,0
5,205,"RD","10_sites_x_500","sparse",10,500,0,-0.0848843156939778,-0.0318633849369588,0.053020930757019,-0.034618985908099,0.0502653297858788,-0.00275560097114014,-0.00275560097114014,0
5,205,"RMST_diff","10_sites_x_500","sparse",10,500,0,1.74176433931583,1.1506987201199,-0.591065619195927,1.19245047848282,-0.549313860833008,0.0417517583629188,-0.0417517583629188,0
5,206,"RD","10_sites_x_500","sparse",10,500,0,-0.0848843156939778,-0.0415788474679805,0.0433054682259973,-0.047472748415046,0.0374115672789318,-0.00589390094706554,-0.00589390094706554,0
5,206,"RMST_diff","10_sites_x_500","sparse",10,500,0,1.74176433931583,1.25374284917,-0.488021490145824,1.3281099608274,-0.413654378488424,0.0743671116574003,-0.0743671116574003,0
5,207,"RD","10_sites_x_500","sparse",10,500,0,-0.0848843156939778,-0.0644643417485198,0.020419973945458,-0.0752749723604207,0.00960934333355712,-0.0108106306119009,-0.0108106306119009,0
5,207,"RMST_diff","10_sites_x_500","sparse",10,500,0,1.74176433931583,1.5838030477491,-0.157961291566725,1.72486555404111,-0.0168987852747104,0.141062506292014,-0.141062506292014,0
5,208,"RD","10_sites_x_500","sparse",10,500,0,-0.0848843156939778,-0.0702403784182933,0.0146439372756845,-0.0823105650609596,0.00257375063301823,-0.0120701866426662,-0.0120701866426662,0
5,208,"RMST_diff","10_sites_x_500","sparse",10,500,0,1.74176433931583,1.64529212645188,-0.0964722128639455,1.80654004209239,0.0647757027765685,0.161247915640514,-0.031696510087377,0
5,209,"RD","10_sites_x_500","sparse",10,500,0,-0.0848843156939778,-0.0739192578064347,0.0109650578875431,-0.0852789279931091,-0.000394612299131292,-0.0113596701866744,-0.0105704455884118,0
5,209,"RMST_diff","10_sites_x_500","sparse",10,500,0,1.74176433931583,1.65060870207338,-0.0911556372424425,1.80288584461465,0.0611215052988214,0.152277142541264,-0.030034131943621,0
5,210,"RD","10_sites_x_500","sparse",10,500,0,-0.0848843156939778,-0.0601122493003677,0.0247720663936101,-0.0726149146673212,0.0122694010266566,-0.0125026653669534,-0.0125026653669534,0
5,210,"RMST_diff","10_sites_x_500","sparse",10,500,0,1.74176433931583,1.44185418340288,-0.299910155912949,1.62698100150122,-0.114783337814609,0.18512681809834,-0.18512681809834,0
5,211,"RD","10_sites_x_500","sparse",10,500,0,-0.0848843156939778,-0.0578430951183305,0.0270412205756473,-0.0698425053737972,0.0150418103201806,-0.0119994102554667,-0.0119994102554667,0
5,211,"RMST_diff","10_sites_x_500","sparse",10,500,0,1.74176433931583,1.33145451159978,-0.410309827716043,1.50768899517803,-0.234075344137796,0.176234483578247,-0.176234483578247,0
5,212,"RD","10_sites_x_500","sparse",10,500,0,-0.0848843156939778,-0.0523668830287274,0.0325174326652504,-0.0647507221077016,0.0201335935862762,-0.0123838390789742,-0.0123838390789742,0
5,212,"RMST_diff","10_sites_x_500","sparse",10,500,0,1.74176433931583,1.32308889365165,-0.418675445664178,1.49448762073073,-0.247276718585098,0.17139872707908,-0.17139872707908,0
5,213,"RD","10_sites_x_500","sparse",10,500,0,-0.0848843156939778,-0.0655765644050619,0.0193077512889159,-0.0776190198116663,0.00726529588231151,-0.0120424554066044,-0.0120424554066044,0
5,213,"RMST_diff","10_sites_x_500","sparse",10,500,0,1.74176433931583,1.53625313984144,-0.205511199474385,1.70572148228417,-0.0360428570316564,0.169468342442729,-0.169468342442729,0
5,214,"RD","10_sites_x_500","sparse",10,500,0,-0.0848843156939778,-0.0942518534533892,-0.00936753775941135,-0.101849214574177,-0.0169648988801988,-0.00759736112078746,0.00759736112078746,0
5,214,"RMST_diff","10_sites_x_500","sparse",10,500,0,1.74176433931583,2.01729098471017,0.275526645394349,2.11426381413837,0.372499474822545,0.0969728294281964,0.0969728294281964,0
5,215,"RD","10_sites_x_500","sparse",10,500,0,-0.0848843156939778,-0.0976463419690453,-0.0127620262750675,-0.111135231548914,-0.026250915854936,-0.0134888895798685,0.0134888895798685,0
5,215,"RMST_diff","10_sites_x_500","sparse",10,500,0,1.74176433931583,2.15830393462475,0.416539595308922,2.34116373500442,0.599399395688598,0.182859800379676,0.182859800379676,0
5,216,"RD","10_sites_x_500","sparse",10,500,0,-0.0848843156939778,-0.0755780318182344,0.00930628387574339,-0.0923119459362316,-0.00742763024225379,-0.0167339141179972,-0.0018786536334896,0
5,216,"RMST_diff","10_sites_x_500","sparse",10,500,0,1.74176433931583,1.91083990220022,0.169075562884395,2.16795163888723,0.426187299571405,0.25711173668701,0.25711173668701,0
5,217,"RD","10_sites_x_500","sparse",10,500,0,-0.0848843156939778,-0.0811863364128071,0.00369797928117066,-0.093554677307197,-0.00867036161321921,-0.0123683408943899,0.00497238233204855,0
5,217,"RMST_diff","10_sites_x_500","sparse",10,500,0,1.74176433931583,1.95614203047487,0.21437769115904,2.1668166042841,0.425052264968274,0.210674573809234,0.210674573809234,0
5,218,"RD","10_sites_x_500","sparse",10,500,0,-0.0848843156939778,-0.0782128980455341,0.0066714176484437,-0.0914739524522898,-0.00658963675831203,-0.0132610544067557,-8.17808901316663e-05,0
5,218,"RMST_diff","10_sites_x_500","sparse",10,500,0,1.74176433931583,1.72557926939882,-0.0161850699170039,1.94698683319779,0.20522249388196,0.221407563798964,0.189037423964956,0
5,219,"RD","10_sites_x_500","sparse",10,500,0,-0.0848843156939778,-0.0885747649550155,-0.00369044926103768,-0.101835285337836,-0.0169509696438582,-0.0132605203828206,0.0132605203828206,0
5,219,"RMST_diff","10_sites_x_500","sparse",10,500,0,1.74176433931583,1.77813766532616,0.0363733260103345,2.01160125067837,0.269836911362548,0.233463585352213,0.233463585352213,0
5,220,"RD","10_sites_x_500","sparse",10,500,0,-0.0848843156939778,-0.0926054790762358,-0.00772116338225803,-0.104929904106104,-0.0200455884121263,-0.0123244250298683,0.0123244250298683,0
5,220,"RMST_diff","10_sites_x_500","sparse",10,500,0,1.74176433931583,1.64328104586446,-0.0984832934513697,1.87180386410854,0.130039524792716,0.228522818244086,0.0315562313413462,0
5,221,"RD","10_sites_x_500","sparse",10,500,0,-0.0848843156939778,-0.0886056924396567,-0.00372137674567885,-0.100705154976183,-0.0158208392822053,-0.0120994625365265,0.0120994625365265,0
5,221,"RMST_diff","10_sites_x_500","sparse",10,500,0,1.74176433931583,1.52412992803049,-0.217634411285337,1.74578410859362,0.00401976927779657,0.221654180563133,-0.21361464200754,0
5,222,"RD","10_sites_x_500","sparse",10,500,0,-0.0848843156939778,-0.0959378029886273,-0.0110534872946495,-0.107243284321191,-0.0223589686272133,-0.0113054813325638,0.0113054813325638,0
5,222,"RMST_diff","10_sites_x_500","sparse",10,500,0,1.74176433931583,1.4080270822999,-0.33373725701593,1.61922369293356,-0.122540646382269,0.21119661063366,-0.21119661063366,0
5,223,"RD","10_sites_x_500","sparse",10,500,0,-0.0848843156939778,-0.0910956719251904,-0.00621135623121261,-0.0987627275223554,-0.0138784118283776,-0.00766705559716496,0.00766705559716496,0
5,223,"RMST_diff","10_sites_x_500","sparse",10,500,0,1.74176433931583,1.31236474461956,-0.429399594696267,1.45849594026721,-0.283268399048618,0.14613119564765,-0.14613119564765,0
5,224,"RD","10_sites_x_500","sparse",10,500,0,-0.0848843156939778,-0.0890984228539289,-0.00421410715995107,-0.0967171785968803,-0.0118328629029025,-0.00761875574295146,0.00761875574295146,0
5,224,"RMST_diff","10_sites_x_500","sparse",10,500,0,1.74176433931583,1.14589103903881,-0.595873300277013,1.27349629890485,-0.468268040410976,0.127605259866037,-0.127605259866037,0
5,225,"RD","10_sites_x_500","sparse",10,500,0,-0.0848843156939778,-0.0716152427545441,0.0132690729394337,-0.0720039533625185,0.0128803623314593,-0.000388710607974407,-0.000388710607974407,0
5,225,"RMST_diff","10_sites_x_500","sparse",10,500,0,1.74176433931583,0.756610739271602,-0.985153600044223,0.749257197920551,-0.992507141395274,-0.00735354135105126,0.00735354135105126,0
5,226,"RD","10_sites_x_500","sparse",10,500,0,-0.0848843156939778,-0.0893760714361221,-0.00449175574214433,-0.0881305779170798,-0.00324626222310198,0.00124549351904235,-0.00124549351904235,0
5,226,"RMST_diff","10_sites_x_500","sparse",10,500,0,1.74176433931583,0.872332535657637,-0.869431803658188,0.858773421617844,-0.882990917697981,-0.0135591140397935,0.0135591140397935,0
5,227,"RD","10_sites_x_500","sparse",10,500,0,-0.0848843156939778,-0.0731468862685504,0.0117374294254274,-0.071183464483368,0.0137008512106098,0.00196342178518238,0.00196342178518238,0
5,227,"RMST_diff","10_sites_x_500","sparse",10,500,0,1.74176433931583,0.561127158018575,-1.18063718129725,0.532996971019969,-1.20876736829586,-0.0281301869986059,0.0281301869986059,0
5,228,"RD","10_sites_x_500","sparse",10,500,0,-0.0848843156939778,-0.0797986627535278,0.00508565294045005,-0.0782959886542363,0.00658832703974155,0.0015026740992915,0.0015026740992915,0
5,228,"RMST_diff","10_sites_x_500","sparse",10,500,0,1.74176433931583,0.783250778079712,-0.958513561236114,0.763650625500185,-0.97811371381564,-0.0196001525795264,0.0196001525795264,0
5,229,"RD","10_sites_x_500","sparse",10,500,0,-0.0848843156939778,-0.0679438461452331,0.0169404695487447,-0.0668791352958075,0.0180051803981703,0.00106471084942561,0.00106471084942561,0
5,229,"RMST_diff","10_sites_x_500","sparse",10,500,0,1.74176433931583,0.728562299654129,-1.0132020396617,0.716173414372586,-1.02559092494324,-0.0123888852815437,0.0123888852815437,0
5,230,"RD","10_sites_x_500","sparse",10,500,0,-0.0848843156939778,-0.0778368393592548,0.00704747633472302,-0.075567056603421,0.00931725909055681,0.00226978275583378,0.00226978275583378,0
5,230,"RMST_diff","10_sites_x_500","sparse",10,500,0,1.74176433931583,0.818590927188549,-0.923173412127277,0.787012626355169,-0.954751712960656,-0.0315783008333792,0.0315783008333792,0
5,231,"RD","10_sites_x_500","sparse",10,500,0,-0.0848843156939778,-0.0849262601918513,-4.19444978735362e-05,-0.0826365047904682,0.00224781090350956,0.0022897554013831,0.00220586640563603,0
5,231,"RMST_diff","10_sites_x_500","sparse",10,500,0,1.74176433931583,1.23040442363265,-0.511359915683171,1.21074540414391,-0.531018935171918,-0.0196590194887474,0.0196590194887474,0
5,232,"RD","10_sites_x_500","sparse",10,500,0,-0.0848843156939778,-0.0823301126607024,0.00255420303327536,-0.0801288870908654,0.0047554286031124,0.00220122556983704,0.00220122556983704,0
5,232,"RMST_diff","10_sites_x_500","sparse",10,500,0,1.74176433931583,1.33664856307354,-0.405115776242283,1.31398400011901,-0.427780339196815,-0.0226645629545317,0.0226645629545317,0
5,233,"RD","10_sites_x_500","sparse",10,500,0,-0.0848843156939778,-0.0841020268767314,0.000782288817246402,-0.0814826114951732,0.00340170419880459,0.00261941538155819,0.00261941538155819,0
5,233,"RMST_diff","10_sites_x_500","sparse",10,500,0,1.74176433931583,1.5290915843351,-0.212672754980721,1.50883664886148,-0.232927690454346,-0.0202549354736252,0.0202549354736252,0
5,234,"RD","10_sites_x_500","sparse",10,500,0,-0.0848843156939778,-0.0799218456135916,0.00496247008038619,-0.0767300901561482,0.00815422553782963,0.00319175545744343,0.00319175545744343,0
5,234,"RMST_diff","10_sites_x_500","sparse",10,500,0,1.74176433931583,1.60130550841409,-0.14045883090173,1.58419288021299,-0.157571459102835,-0.0171126282011045,0.0171126282011045,0
5,235,"RD","10_sites_x_500","sparse",10,500,0,-0.0848843156939778,-0.0739703077578703,0.0109140079361075,-0.0708371124692821,0.0140472032246957,0.00313319528858813,0.00313319528858813,0
5,235,"RMST_diff","10_sites_x_500","sparse",10,500,0,1.74176433931583,1.54478502174567,-0.19697931757015,1.52348314818058,-0.218281191135244,-0.0213018735650934,0.0213018735650934,0
5,236,"RD","10_sites_x_500","sparse",10,500,0,-0.0848843156939778,-0.071405558210701,0.0134787574832768,-0.0686520918558524,0.0162322238381254,0.00275346635484863,0.00275346635484863,0
5,236,"RMST_diff","10_sites_x_500","sparse",10,500,0,1.74176433931583,1.57149399160337,-0.170270347712458,1.55255491198145,-0.189209427334371,-0.0189390796219122,0.0189390796219122,0
5,237,"RD","10_sites_x_500","sparse",10,500,0,-0.0848843156939778,-0.0793741977449197,0.00551011794905809,-0.0761224587067869,0.0087618569871909,0.00325173903813281,0.00325173903813281,0
5,237,"RMST_diff","10_sites_x_500","sparse",10,500,0,1.74176433931583,1.98970638467311,0.247942045357282,1.96126593969068,0.219501600374851,-0.0284404449824311,-0.0284404449824311,0
5,238,"RD","10_sites_x_500","sparse",10,500,0,-0.0848843156939778,-0.0758897417249788,0.00899457396899905,-0.0731904911574184,0.0116938245365594,0.00269925056756037,0.00269925056756037,0
5,238,"RMST_diff","10_sites_x_500","sparse",10,500,0,1.74176433931583,2.06779803562259,0.326033696306768,2.03840848537111,0.296644146055289,-0.0293895502514783,-0.0293895502514783,0
5,239,"RD","10_sites_x_500","sparse",10,500,0,-0.0848843156939778,-0.0829900991568796,0.0018942165370982,-0.0808301310329107,0.00405418466106711,0.0021599681239689,0.0021599681239689,0
5,239,"RMST_diff","10_sites_x_500","sparse",10,500,0,1.74176433931583,2.16125225821344,0.419487918897616,2.1417857379689,0.40002139865307,-0.0194665202445456,-0.0194665202445456,0
5,240,"RD","10_sites_x_500","sparse",10,500,0,-0.0848843156939778,-0.0604040338371575,0.0244802818568203,-0.0597953953076825,0.0250889203862953,0.000608638529475014,0.000608638529475014,0
5,240,"RMST_diff","10_sites_x_500","sparse",10,500,0,1.74176433931583,1.81713895126598,0.0753746119501582,1.82172040813434,0.0799560688185199,0.00458145686836176,0.00458145686836176,0
5,241,"RD","10_sites_x_500","sparse",10,500,0,-0.0848843156939778,-0.0499134800280943,0.0349708356658835,-0.0490668967333228,0.035817418960655,0.000846583294771497,0.000846583294771497,0
5,241,"RMST_diff","10_sites_x_500","sparse",10,500,0,1.74176433931583,1.44786393363943,-0.293900405676396,1.44573195698952,-0.296032382326301,-0.00213197664990439,0.00213197664990439,0
5,242,"RD","10_sites_x_500","sparse",10,500,0,-0.0848843156939778,-0.0460120136447745,0.0388723020492033,-0.0454650595864882,0.0394192561074896,0.000546954058286309,0.000546954058286309,0
5,242,"RMST_diff","10_sites_x_500","sparse",10,500,0,1.74176433931583,1.35553915730959,-0.386225182006234,1.35663869775655,-0.385125641559274,0.00109954044696003,-0.00109954044696003,0
5,243,"RD","10_sites_x_500","sparse",10,500,0,-0.0848843156939778,-0.0643297355982225,0.0205545800957553,-0.06398407264063,0.0209002430533478,0.00034566295759253,0.00034566295759253,0
5,243,"RMST_diff","10_sites_x_500","sparse",10,500,0,1.74176433931583,1.43049819330105,-0.311266146014773,1.4396213734111,-0.302142965904729,0.00912318011004487,-0.00912318011004487,0
5,244,"RD","10_sites_x_500","sparse",10,500,0,-0.0848843156939778,-0.0667715433065512,0.0181127723874266,-0.0679235712781511,0.0169607444158267,-0.00115202797159986,-0.00115202797159986,0
5,244,"RMST_diff","10_sites_x_500","sparse",10,500,0,1.74176433931583,1.3639439955668,-0.377820343749024,1.37506170326794,-0.36670263604789,0.0111177077011337,-0.0111177077011337,0
5,245,"RD","10_sites_x_500","sparse",10,500,0,-0.0848843156939778,-0.0857020367291247,-0.000817721035146879,-0.0867605529256479,-0.00187623723167007,-0.0010585161965232,0.0010585161965232,0
5,245,"RMST_diff","10_sites_x_500","sparse",10,500,0,1.74176433931583,1.70295206084679,-0.0388122784690346,1.70657578360819,-0.0351885557076379,0.00362372276139666,-0.00362372276139666,0
5,246,"RD","10_sites_x_500","sparse",10,500,0,-0.0848843156939778,-0.0819048814980569,0.00297943419592095,-0.0830529786225515,0.00183133707142635,-0.0011480971244946,-0.0011480971244946,0
5,246,"RMST_diff","10_sites_x_500","sparse",10,500,0,1.74176433931583,1.69574623463969,-0.0460181046761381,1.70166979548508,-0.0400945438307474,0.0059235608453907,-0.0059235608453907,0
5,247,"RD","10_sites_x_500","sparse",10,500,0,-0.0848843156939778,-0.0815459068082106,0.0033384088857672,-0.0830253926327996,0.00185892306117819,-0.00147948582458901,-0.00147948582458901,0
5,247,"RMST_diff","10_sites_x_500","sparse",10,500,0,1.74176433931583,1.39591141183256,-0.345852927483261,1.42103804318389,-0.320726296131939,0.0251266313513216,-0.0251266313513216,0
5,248,"RD","10_sites_x_500","sparse",10,500,0,-0.0848843156939778,-0.0990223525459103,-0.0141380368519325,-0.0994728374692055,-0.0145885217752277,-0.000450484923295247,0.000450484923295247,0
5,248,"RMST_diff","10_sites_x_500","sparse",10,500,0,1.74176433931583,1.50389132022665,-0.237873019089177,1.51992688714556,-0.221837452170263,0.0160355669189141,-0.0160355669189141,0
5,249,"RD","10_sites_x_500","sparse",10,500,0,-0.0848843156939778,-0.0913849140351098,-0.00650059834113204,-0.0927016246250177,-0.00781730893103993,-0.0013167105899079,0.0013167105899079,0
5,249,"RMST_diff","10_sites_x_500","sparse",10,500,0,1.74176433931583,1.37690926515523,-0.364855074160594,1.40484486557843,-0.336919473737398,0.0279356004231968,-0.0279356004231968,0
5,250,"RD","10_sites_x_500","sparse",10,500,0,-0.0848843156939778,-0.105769095329669,-0.0208847796356914,-0.105793571488407,-0.020909255794429,-2.44761587376852e-05,2.44761587376852e-05,0
5,250,"RMST_diff","10_sites_x_500","sparse",10,500,0,1.74176433931583,1.63688851876918,-0.104875820546644,1.64434841917493,-0.0974159201408966,0.00745990040574718,-0.00745990040574718,0
5,251,"RD","10_sites_x_500","sparse",10,500,0,-0.0848843156939778,-0.115282487722988,-0.03039817202901,-0.115923741818456,-0.031039426124478,-0.000641254095468002,0.000641254095468002,0
5,251,"RMST_diff","10_sites_x_500","sparse",10,500,0,1.74176433931583,1.90969287631056,0.167928536994737,1.93899430453658,0.197229965220755,0.0293014282260184,0.0293014282260184,0
5,252,"RD","10_sites_x_500","sparse",10,500,0,-0.0848843156939778,-0.135478137434192,-0.0505938217402138,-0.1356598372657,-0.050775521571722,-0.000181699831508286,0.000181699831508286,0
5,252,"RMST_diff","10_sites_x_500","sparse",10,500,0,1.74176433931583,2.08386850340153,0.342104164085706,2.11161846618129,0.369854126865466,0.0277499627797599,0.0277499627797599,0
5,253,"RD","10_sites_x_500","sparse",10,500,0,-0.0848843156939778,-0.11988749842613,-0.0350031827321522,-0.118292212722229,-0.0334078970282515,0.00159528570390066,-0.00159528570390066,0
5,253,"RMST_diff","10_sites_x_500","sparse",10,500,0,1.74176433931583,2.11083671037777,0.369072371061941,2.12856124236371,0.386796903047882,0.0177245319859409,0.0177245319859409,0
5,254,"RD","10_sites_x_500","sparse",10,500,0,-0.0848843156939778,-0.117816181955047,-0.0329318662610691,-0.117023044461188,-0.03213872876721,0.00079313749385912,-0.00079313749385912,0
5,254,"RMST_diff","10_sites_x_500","sparse",10,500,0,1.74176433931583,2.1363597601803,0.394595420864475,2.17235915060787,0.430594811292041,0.0359993904275662,0.0359993904275662,0
5,255,"RD","10_sites_x_500","sparse",10,500,0,-0.0848843156939778,-0.125588693031034,-0.0407043773370561,-0.124643844622295,-0.0397595289283174,0.000944848408738763,-0.000944848408738763,0
5,255,"RMST_diff","10_sites_x_500","sparse",10,500,0,1.74176433931583,2.40716686310319,0.665402523787368,2.4449701914808,0.703205852164979,0.0378033283776116,0.0378033283776116,0
5,256,"RD","10_sites_x_500","sparse",10,500,0,-0.0848843156939778,-0.121522684017198,-0.0366383683232203,-0.121251140018682,-0.0363668243247037,0.000271543998516588,-0.000271543998516588,0
5,256,"RMST_diff","10_sites_x_500","sparse",10,500,0,1.74176433931583,2.19622950137236,0.454465162056533,2.24877432647257,0.507009987156744,0.0525448251002114,0.0525448251002114,0
5,257,"RD","10_sites_x_500","sparse",10,500,0,-0.0848843156939778,-0.117921575481464,-0.0330372597874857,-0.11736093473119,-0.0324766190372123,0.0005606407502734,-0.0005606407502734,0
5,257,"RMST_diff","10_sites_x_500","sparse",10,500,0,1.74176433931583,2.25951245621257,0.517748116896744,2.32025162894837,0.578487289632545,0.0607391727358007,0.0607391727358007,0
5,258,"RD","10_sites_x_500","sparse",10,500,0,-0.0848843156939778,-0.109052635572614,-0.0241683198786361,-0.109578317515018,-0.0246940018210404,-0.000525681942404321,0.000525681942404321,0
5,258,"RMST_diff","10_sites_x_500","sparse",10,500,0,1.74176433931583,2.06126182758642,0.319497488270596,2.13433281689417,0.392568477578347,0.0730709893077517,0.0730709893077517,0
5,259,"RD","10_sites_x_500","sparse",10,500,0,-0.0848843156939778,-0.121607091529646,-0.0367227758356677,-0.1211459711548,-0.0362616554608226,0.000461120374845136,-0.000461120374845136,0
5,259,"RMST_diff","10_sites_x_500","sparse",10,500,0,1.74176433931583,2.40519984502001,0.663435505704188,2.44457759409145,0.702813254775624,0.039377749071436,0.039377749071436,0
5,260,"RD","10_sites_x_500","sparse",10,500,0,-0.0848843156939778,-0.107286826539087,-0.0224025108451094,-0.108255801101514,-0.0233714854075362,-0.000968974562426839,0.000968974562426839,0
5,260,"RMST_diff","10_sites_x_500","sparse",10,500,0,1.74176433931583,2.23430624231637,0.492541903000546,2.27179583987853,0.530031500562709,0.0374895975621623,0.0374895975621623,0
5,261,"RD","10_sites_x_500","sparse",10,500,0,-0.0848843156939778,-0.093940390316444,-0.00905607462246616,-0.095007292691569,-0.0101229769975912,-0.00106690237512508,0.00106690237512508,0
5,261,"RMST_diff","10_sites_x_500","sparse",10,500,0,1.74176433931583,1.82426373864229,0.0824993993264691,1.88040392785636,0.138639588540537,0.0561401892140676,0.0561401892140676,0
5,262,"RD","10_sites_x_500","sparse",10,500,0,-0.0848843156939778,-0.0699582440055205,0.0149260716884573,-0.0723052448175668,0.012579070876411,-0.00234700081204631,-0.00234700081204631,0
5,262,"RMST_diff","10_sites_x_500","sparse",10,500,0,1.74176433931583,1.78242490489297,0.0406605655771486,1.84352238612874,0.101758046812911,0.0610974812357625,0.0610974812357625,0
5,263,"RD","10_sites_x_500","sparse",10,500,0,-0.0848843156939778,-0.0742257942009583,0.0106585214930195,-0.0778078637643226,0.00707645192965523,-0.00358206956336427,-0.00358206956336427,0
5,263,"RMST_diff","10_sites_x_500","sparse",10,500,0,1.74176433931583,1.85680941225812,0.115045072942291,1.95213714856573,0.210372809249904,0.0953277363076133,0.0953277363076133,0
5,264,"RD","10_sites_x_500","sparse",10,500,0,-0.0848843156939778,-0.0854763243304201,-0.000592008636442265,-0.0853976780369444,-0.000513362342966617,7.86462934756482e-05,-7.86462934756482e-05,0
5,264,"RMST_diff","10_sites_x_500","sparse",10,500,0,1.74176433931583,2.03273499928255,0.290970659966725,2.05148566887057,0.309721329554744,0.0187506695880195,0.0187506695880195,0
5,265,"RD","10_sites_x_500","sparse",10,500,0,-0.0848843156939778,-0.0682857916775332,0.0165985240164446,-0.0677765139308742,0.0171078017631036,0.000509277746658987,0.000509277746658987,0
5,265,"RMST_diff","10_sites_x_500","sparse",10,500,0,1.74176433931583,1.88846507876587,0.14670073945004,1.88683872323868,0.145074383922854,-0.00162635552718626,-0.00162635552718626,0
5,266,"RD","10_sites_x_500","sparse",10,500,0,-0.0848843156939778,-0.0590274446718267,0.0258568710221511,-0.0608579793280905,0.0240263363658874,-0.0018305346562637,-0.0018305346562637,0
5,266,"RMST_diff","10_sites_x_500","sparse",10,500,0,1.74176433931583,1.67541023435187,-0.0663541049639598,1.72218382227061,-0.0195805170452186,0.0467735879187412,-0.0467735879187412,0
5,267,"RD","10_sites_x_500","sparse",10,500,0,-0.0848843156939778,-0.0620141713924557,0.0228701443015221,-0.0633557020069413,0.0215286136870365,-0.00134153061448561,-0.00134153061448561,0
5,267,"RMST_diff","10_sites_x_500","sparse",10,500,0,1.74176433931583,1.76439338128452,0.0226290419686919,1.81473162572176,0.0729672864059374,0.0503382444372455,0.0503382444372455,0
5,268,"RD","10_sites_x_500","sparse",10,500,0,-0.0848843156939778,-0.0452644667524982,0.0396198489414796,-0.0480063419728898,0.036877973721088,-0.0027418752203916,-0.0027418752203916,0
5,268,"RMST_diff","10_sites_x_500","sparse",10,500,0,1.74176433931583,1.70154495550338,-0.0402193838124472,1.77709626986153,0.0353319305457021,0.0755513143581492,-0.00488745326674511,0
5,269,"RD","10_sites_x_500","sparse",10,500,0,-0.0848843156939778,-0.0450444247519979,0.0398398909419799,-0.047077384957312,0.0378069307366659,-0.00203296020531407,-0.00203296020531407,0
5,269,"RMST_diff","10_sites_x_500","sparse",10,500,0,1.74176433931583,1.52549064402256,-0.216273695293269,1.58965389207292,-0.152110447242906,0.0641632480503631,-0.0641632480503631,0
5,270,"RD","10_sites_x_500","sparse",10,500,0,-0.0848843156939778,-0.059058234690644,0.0258260810033338,-0.0611869055699839,0.023697410123994,-0.00212867087933988,-0.00212867087933988,0
5,270,"RMST_diff","10_sites_x_500","sparse",10,500,0,1.74176433931583,1.71079281004881,-0.0309715292670134,1.772481017658,0.0307166783421771,0.0616882076091905,-0.000254850924836347,0
5,271,"RD","10_sites_x_500","sparse",10,500,0,-0.0848843156939778,-0.0589192429830067,0.0259650727109711,-0.0608890023625024,0.0239953133314754,-0.00196975937949573,-0.00196975937949573,0
5,271,"RMST_diff","10_sites_x_500","sparse",10,500,0,1.74176433931583,1.94084559563907,0.199081256323241,2.01045097914989,0.26868663983406,0.0696053835108188,0.0696053835108188,0
5,272,"RD","10_sites_x_500","sparse",10,500,0,-0.0848843156939778,-0.0828368387165266,0.00204747697745122,-0.0832081964861103,0.00167611920786748,-0.000371357769583747,-0.000371357769583747,0
5,272,"RMST_diff","10_sites_x_500","sparse",10,500,0,1.74176433931583,2.15686598193268,0.41510164261685,2.21650392158131,0.474739582265483,0.0596379396486331,0.0596379396486331,0
5,273,"RD","10_sites_x_500","sparse",10,500,0,-0.0848843156939778,-0.0930066053637449,-0.00812228966976714,-0.0951055302831334,-0.0102212145891556,-0.00209892491938846,0.00209892491938846,0
5,273,"RMST_diff","10_sites_x_500","sparse",10,500,0,1.74176433931583,2.30925015861387,0.567485819298048,2.37697661944893,0.635212280133105,0.0677264608350576,0.0677264608350576,0
5,274,"RD","10_sites_x_500","sparse",10,500,0,-0.0848843156939778,-0.0950924265351691,-0.0102081108411913,-0.0968727300675811,-0.0119884143736033,-0.00178030353241199,0.00178030353241199,0
5,274,"RMST_diff","10_sites_x_500","sparse",10,500,0,1.74176433931583,2.42553738247222,0.683773043156391,2.49350707793959,0.751742738623767,0.0679696954673759,0.0679696954673759,0
5,275,"RD","10_sites_x_500","sparse",10,500,0,-0.0848843156939778,-0.0970763723925707,-0.0121920566985929,-0.0988017252839124,-0.0139174095899346,-0.00172535289134168,0.00172535289134168,0
5,275,"RMST_diff","10_sites_x_500","sparse",10,500,0,1.74176433931583,2.16892327040809,0.427158931092263,2.22691188527479,0.485147545958966,0.0579886148667033,0.0579886148667033,0
5,276,"RD","10_sites_x_500","sparse",10,500,0,-0.0848843156939778,-0.117699358745534,-0.0328150430515559,-0.11913105584284,-0.0342467401488625,-0.00143169709730662,0.00143169709730662,0
5,276,"RMST_diff","10_sites_x_500","sparse",10,500,0,1.74176433931583,2.48836810416339,0.746603764847569,2.50813234122289,0.766368001907065,0.0197642370594959,0.0197642370594959,0
5,277,"RD","10_sites_x_500","sparse",10,500,0,-0.0848843156939778,-0.104577883350372,-0.0196935676563944,-0.10669760937693,-0.0218132936829518,-0.00211972602655741,0.00211972602655741,0
5,277,"RMST_diff","10_sites_x_500","sparse",10,500,0,1.74176433931583,2.07685258355224,0.335088244236413,2.08998269110496,0.348218351789132,0.013130107552719,0.013130107552719,0
5,278,"RD","10_sites_x_500","sparse",10,500,0,-0.0848843156939778,-0.125621247493769,-0.0407369317997909,-0.126719731105655,-0.0418354154116771,-0.00109848361188625,0.00109848361188625,0
5,278,"RMST_diff","10_sites_x_500","sparse",10,500,0,1.74176433931583,2.28451864575447,0.542754306438649,2.30059171565029,0.558827376334467,0.0160730698958176,0.0160730698958176,0
5,279,"RD","10_sites_x_500","sparse",10,500,0,-0.0848843156939778,-0.114540589097895,-0.0296562734039175,-0.116006371095516,-0.0311220554015382,-0.00146578199762071,0.00146578199762071,0
5,279,"RMST_diff","10_sites_x_500","sparse",10,500,0,1.74176433931583,2.20749234251009,0.465728003194267,2.22461246539326,0.482848126077434,0.017120122883167,0.017120122883167,0
5,280,"RD","10_sites_x_500","sparse",10,500,0,-0.0848843156939778,-0.109676072082673,-0.0247917563886955,-0.111537629188581,-0.0266533134946032,-0.00186155710590774,0.00186155710590774,0
5,280,"RMST_diff","10_sites_x_500","sparse",10,500,0,1.74176433931583,2.05929483635821,0.317530497042384,2.08787920731228,0.346114867996455,0.0285843709540714,0.0285843709540714,0
5,281,"RD","10_sites_x_500","sparse",10,500,0,-0.0848843156939778,-0.107055700200342,-0.0221713845063647,-0.109200202799813,-0.0243158871058348,-0.00214450259947008,0.00214450259947008,0
5,281,"RMST_diff","10_sites_x_500","sparse",10,500,0,1.74176433931583,2.20916812441561,0.467403785099787,2.235558673622,0.493794334306175,0.0263905492063881,0.0263905492063881,0
5,282,"RD","10_sites_x_500","sparse",10,500,0,-0.0848843156939778,-0.102292043958338,-0.0174077282643605,-0.107191284403556,-0.0223069687095785,-0.00489924044521794,0.00489924044521794,0
5,282,"RMST_diff","10_sites_x_500","sparse",10,500,0,1.74176433931583,2.11653011102998,0.374765771714152,2.15738087167078,0.415616532354955,0.0408507606408026,0.0408507606408026,0
5,283,"RD","10_sites_x_500","sparse",10,500,0,-0.0848843156939778,-0.0989798283127125,-0.0140955126187347,-0.10439712212298,-0.019512806429002,-0.00541729381026734,0.00541729381026734,0
5,283,"RMST_diff","10_sites_x_500","sparse",10,500,0,1.74176433931583,1.91205136366096,0.170287024345139,1.95155218429106,0.209787844975232,0.0395008206300922,0.0395008206300922,0
5,284,"RD","10_sites_x_500","sparse",10,500,0,-0.0848843156939778,-0.110510656759673,-0.0256263410656947,-0.11117862523553,-0.0262943095415527,-0.000667968475857927,0.000667968475857927,0
5,284,"RMST_diff","10_sites_x_500","sparse",10,500,0,1.74176433931583,2.10729131132686,0.365526972011033,2.02454672505744,0.28278238574161,-0.0827445862694223,-0.0827445862694223,0
5,285,"RD","10_sites_x_500","sparse",10,500,0,-0.0848843156939778,-0.111410221513137,-0.0265259058191591,-0.111778462978903,-0.0268941472849252,-0.000368241465766084,0.000368241465766084,0
5,285,"RMST_diff","10_sites_x_500","sparse",10,500,0,1.74176433931583,2.29307422261828,0.551309883302451,2.20435976703951,0.462595427723686,-0.0887144555787653,-0.0887144555787653,0
5,286,"RD","10_sites_x_500","sparse",10,500,0,-0.0848843156939778,-0.101955860794202,-0.0170715451002238,-0.0990926849677114,-0.0142083692737336,0.00286317582649021,-0.00286317582649021,0
5,286,"RMST_diff","10_sites_x_500","sparse",10,500,0,1.74176433931583,2.25677696621892,0.515012626903092,2.14632534712422,0.404561007808393,-0.110451619094698,-0.110451619094698,0
5,287,"RD","10_sites_x_500","sparse",10,500,0,-0.0848843156939778,-0.115670431107385,-0.0307861154134073,-0.11237987808279,-0.0274955623888127,0.00329055302459458,-0.00329055302459458,0
5,287,"RMST_diff","10_sites_x_500","sparse",10,500,0,1.74176433931583,2.5430225662548,0.801258226938979,2.41565019142693,0.6738858521111,-0.127372374827878,-0.127372374827878,0
5,288,"RD","10_sites_x_500","sparse",10,500,0,-0.0848843156939778,-0.10879218125305,-0.0239078655590725,-0.105466535739733,-0.0205822200457547,0.00332564551331782,-0.00332564551331782,0
5,288,"RMST_diff","10_sites_x_500","sparse",10,500,0,1.74176433931583,2.25267454853852,0.510910209222693,2.11529726715933,0.373532927843506,-0.137377281379187,-0.137377281379187,0
5,289,"RD","10_sites_x_500","sparse",10,500,0,-0.0848843156939778,-0.101864091841377,-0.016979776147399,-0.0955617169961193,-0.0106774013021415,0.00630237484525753,-0.00630237484525753,0
5,289,"RMST_diff","10_sites_x_500","sparse",10,500,0,1.74176433931583,2.09883711699517,0.357072777679347,1.90385934010122,0.162095000785397,-0.19497777689395,-0.19497777689395,0
5,290,"RD","10_sites_x_500","sparse",10,500,0,-0.0848843156939778,-0.0869478611812938,-0.00206354548731602,-0.0835701310474171,0.00131418464656075,0.00337773013387677,-0.000749360840755275,0
5,290,"RMST_diff","10_sites_x_500","sparse",10,500,0,1.74176433931583,2.02989582508566,0.288131485769838,1.84912210456166,0.107357765245837,-0.180773720524002,-0.180773720524002,0
5,291,"RD","10_sites_x_500","sparse",10,500,0,-0.0848843156939778,-0.0804621133587801,0.00442220233519774,-0.0784678610916016,0.00641645460237616,0.00199425226717842,0.00199425226717842,0
5,291,"RMST_diff","10_sites_x_500","sparse",10,500,0,1.74176433931583,1.92321302512762,0.181448685811796,1.75357072598696,0.0118063866711395,-0.169642299140657,-0.169642299140657,0
5,292,"RD","10_sites_x_500","sparse",10,500,0,-0.0848843156939778,-0.0672417561244054,0.0176425595695724,-0.0619928444470818,0.0228914712468961,0.00524891167732366,0.00524891167732366,0
5,292,"RMST_diff","10_sites_x_500","sparse",10,500,0,1.74176433931583,1.89947529200005,0.157710952684226,1.69670771958272,-0.0450566197331046,-0.202767572417331,-0.112654332951122,0
5,293,"RD","10_sites_x_500","sparse",10,500,0,-0.0848843156939778,-0.0672982927625196,0.0175860229314582,-0.0658760779358236,0.0190082377581542,0.00142221482669602,0.00142221482669602,0
5,293,"RMST_diff","10_sites_x_500","sparse",10,500,0,1.74176433931583,1.90709826597754,0.165333926661715,1.72954808669102,-0.0122162526248069,-0.177550179286522,-0.153117674036908,0
5,294,"RD","10_sites_x_500","sparse",10,500,0,-0.0848843156939778,-0.0428430000924491,0.0420413156015287,-0.0495395670756672,0.0353447486183106,-0.00669656698321808,-0.00669656698321808,0
5,294,"RMST_diff","10_sites_x_500","sparse",10,500,0,1.74176433931583,1.22286900071013,-0.518895338605693,1.18131351177806,-0.560450827537764,-0.0415554889320706,0.0415554889320706,0
5,295,"RD","10_sites_x_500","sparse",10,500,0,-0.0848843156939778,-0.0587317213255795,0.0261525943683983,-0.0624790498326315,0.0224052658613463,-0.00374732850705206,-0.00374732850705206,0
5,295,"RMST_diff","10_sites_x_500","sparse",10,500,0,1.74176433931583,1.38619661741674,-0.355567721899082,1.31447574866975,-0.427288590646075,-0.0717208687469935,0.0717208687469935,0
5,296,"RD","10_sites_x_500","sparse",10,500,0,-0.0848843156939778,-0.0783642545249076,0.00652006116907022,-0.0807584131990241,0.0041259024949537,-0.00239415867411652,-0.00239415867411652,0
5,296,"RMST_diff","10_sites_x_500","sparse",10,500,0,1.74176433931583,1.52384896512518,-0.21791537419065,1.43641309657807,-0.305351242737759,-0.0874358685471091,0.0874358685471091,0
5,297,"RD","10_sites_x_500","sparse",10,500,0,-0.0848843156939778,-0.0743812907860264,0.0105030249079514,-0.0757375686703355,0.00914674702364227,-0.00135627788430914,-0.00135627788430914,0
5,297,"RMST_diff","10_sites_x_500","sparse",10,500,0,1.74176433931583,1.60737150901049,-0.13439283030533,1.52518123120509,-0.216583108110731,-0.0821902778054007,0.0821902778054007,0
5,298,"RD","10_sites_x_500","sparse",10,500,0,-0.0848843156939778,-0.0769941762798487,0.00789013941412908,-0.0779475391265538,0.00693677656742397,-0.000953362846705108,-0.000953362846705108,0
5,298,"RMST_diff","10_sites_x_500","sparse",10,500,0,1.74176433931583,1.71566282908709,-0.026101510228731,1.63079223129991,-0.110972108015913,-0.084870597787182,0.084870597787182,0
5,299,"RD","10_sites_x_500","sparse",10,500,0,-0.0848843156939778,-0.0889319250209741,-0.00404760932699633,-0.0929981970741053,-0.00811388138012747,-0.00406627205313115,0.00406627205313115,0
5,299,"RMST_diff","10_sites_x_500","sparse",10,500,0,1.74176433931583,2.00590190271165,0.264137563395824,1.99117507808241,0.249410738766585,-0.0147268246292391,-0.0147268246292391,0
5,300,"RD","10_sites_x_500","sparse",10,500,0,-0.0848843156939778,-0.115329143769948,-0.0304448280759698,-0.114899882608382,-0.0300155669144043,0.000429261161565497,-0.000429261161565497,0
5,300,"RMST_diff","10_sites_x_500","sparse",10,500,0,1.74176433931583,2.27823609601646,0.536471756700639,2.23372482591181,0.49196048659598,-0.0445112701046586,-0.0445112701046586,0
6,1,"RD","20_sites_x_250","sparse",20,250,1,-0.0848843156939778,-0.133608695797414,-0.0487243801034362,-0.144219071026333,-0.0593347553323549,-0.0106103752289187,0.0106103752289187,0.05
6,1,"RMST_diff","20_sites_x_250","sparse",20,250,1,1.74176433931583,1.95107222637943,0.209307887063602,2.08559931411397,0.343834974798146,0.134527087734543,0.134527087734543,0.05
6,2,"RD","20_sites_x_250","sparse",20,250,1,-0.0848843156939778,-0.132686195727932,-0.0478018800339544,-0.143033022207863,-0.058148706513885,-0.0103468264799307,0.0103468264799307,0.05
6,2,"RMST_diff","20_sites_x_250","sparse",20,250,1,1.74176433931583,1.87065505467553,0.128890715359701,2.00389542061038,0.262131081294552,0.133240365934851,0.133240365934851,0.05
6,3,"RD","20_sites_x_250","sparse",20,250,0,-0.0848843156939778,-0.134573235528312,-0.0496889198343343,-0.154796037043034,-0.0699117213490561,-0.0202228015147218,0.0202228015147218,0
6,3,"RMST_diff","20_sites_x_250","sparse",20,250,0,1.74176433931583,1.97511047328858,0.233346133972759,2.22559011841732,0.483825779101496,0.250479645128737,0.250479645128737,0
6,4,"RD","20_sites_x_250","sparse",20,250,0,-0.0848843156939778,-0.124849157120975,-0.0399648414269969,-0.143848552014047,-0.0589642363200693,-0.0189993948930725,0.0189993948930725,0
6,4,"RMST_diff","20_sites_x_250","sparse",20,250,0,1.74176433931583,1.84530452857953,0.103540189263706,2.08236260918193,0.340598269866103,0.237058080602397,0.237058080602397,0
6,5,"RD","20_sites_x_250","sparse",20,250,0,-0.0848843156939778,-0.129987036469401,-0.0451027207754232,-0.148834629539259,-0.0639503138452813,-0.0188475930698581,0.0188475930698581,0
6,5,"RMST_diff","20_sites_x_250","sparse",20,250,0,1.74176433931583,1.97943659716935,0.237672257853525,2.22032962751751,0.478565288201681,0.240893030348156,0.240893030348156,0
6,6,"RD","20_sites_x_250","sparse",20,250,0,-0.0848843156939778,-0.106906864858661,-0.022022549164683,-0.125781475356509,-0.0408971596625312,-0.0188746104978481,0.0188746104978481,0
6,6,"RMST_diff","20_sites_x_250","sparse",20,250,0,1.74176433931583,1.53637188367017,-0.205392455645653,1.80809633838228,0.0663319990664579,0.27172445471211,-0.139060456579195,0
6,7,"RD","20_sites_x_250","sparse",20,250,0,-0.0848843156939778,-0.110879644183096,-0.0259953284891185,-0.129205036437764,-0.044320720743786,-0.0183253922546676,0.0183253922546676,0
6,7,"RMST_diff","20_sites_x_250","sparse",20,250,0,1.74176433931583,1.62545351187023,-0.116310827445597,1.88903470477525,0.147270365459427,0.263581192905024,0.0309595380138301,0
6,8,"RD","20_sites_x_250","sparse",20,250,0,-0.0848843156939778,-0.102161216801307,-0.0172769011073288,-0.120347061394058,-0.0354627457000798,-0.018185844592751,0.018185844592751,0
6,8,"RMST_diff","20_sites_x_250","sparse",20,250,0,1.74176433931583,1.41252893736533,-0.329235401950498,1.68584239687553,-0.0559219424402997,0.273313459510199,-0.273313459510199,0
6,9,"RD","20_sites_x_250","sparse",20,250,0,-0.0848843156939778,-0.0883160623527764,-0.00343174665879864,-0.100773499188271,-0.0158891834942936,-0.0124574368354949,0.0124574368354949,0
6,9,"RMST_diff","20_sites_x_250","sparse",20,250,0,1.74176433931583,1.19049931668573,-0.551265022630091,1.38507197924144,-0.356692360074387,0.194572662555704,-0.194572662555704,0
6,10,"RD","20_sites_x_250","sparse",20,250,0,-0.0848843156939778,-0.079308074856655,0.00557624083732278,-0.0870965621964209,-0.00221224650244312,-0.00778848733976589,-0.00336399433487966,0
6,10,"RMST_diff","20_sites_x_250","sparse",20,250,0,1.74176433931583,1.35928424109849,-0.382480098217339,1.64743039884655,-0.0943339404692782,0.288146157748061,-0.288146157748061,0
6,11,"RD","20_sites_x_250","sparse",20,250,0,-0.0848843156939778,-0.0763446948585135,0.00853962083546433,-0.0843736335915625,0.000510682102415339,-0.008028938733049,-0.008028938733049,0
6,11,"RMST_diff","20_sites_x_250","sparse",20,250,0,1.74176433931583,1.38476943683551,-0.356994902480317,1.66790983171503,-0.0738545076007906,0.283140394879526,-0.283140394879526,0
6,12,"RD","20_sites_x_250","sparse",20,250,0,-0.0848843156939778,-0.0695397321167774,0.0153445835772004,-0.0806549309711615,0.00422938472281631,-0.0111151988543841,-0.0111151988543841,0
6,12,"RMST_diff","20_sites_x_250","sparse",20,250,0,1.74176433931583,1.33720175502304,-0.404562584292789,1.62361574059792,-0.118148598717902,0.286413985574887,-0.286413985574887,0
6,13,"RD","20_sites_x_250","sparse",20,250,0,-0.0848843156939778,-0.0498738713081123,0.0350104443858655,-0.0558684018721135,0.0290159138218643,-0.00599453056400123,-0.00599453056400123,0
6,13,"RMST_diff","20_sites_x_250","sparse",20,250,0,1.74176433931583,1.09625240363155,-0.645511935684276,1.3319807406995,-0.409783598616327,0.235728337067949,-0.235728337067949,0
6,14,"RD","20_sites_x_250","sparse",20,250,0,-0.0848843156939778,-0.0569616430385376,0.0279226726554402,-0.0634114232644598,0.021472892429518,-0.00644978022592224,-0.00644978022592224,0
6,14,"RMST_diff","20_sites_x_250","sparse",20,250,0,1.74176433931583,1.20952663964643,-0.532237699669398,1.45769009657832,-0.284074242737505,0.248163456931893,-0.248163456931893,0
6,15,"RD","20_sites_x_250","sparse",20,250,0,-0.0848843156939778,-0.0576042288418217,0.0272800868521561,-0.0643206251798158,0.020563690514162,-0.00671639633799415,-0.00671639633799415,0
6,15,"RMST_diff","20_sites_x_250","sparse",20,250,0,1.74176433931583,1.36880410682138,-0.372960232494446,1.60359744722384,-0.138166892091983,0.234793340402463,-0.234793340402463,0
6,16,"RD","20_sites_x_250","sparse",20,250,0,-0.0848843156939778,-0.0795914104160422,0.00529290527793558,-0.0786456203512976,0.00623869534268018,0.0009457900647446,0.0009457900647446,0
6,16,"RMST_diff","20_sites_x_250","sparse",20,250,0,1.74176433931583,1.51215233272581,-0.229612006590019,1.70359354633674,-0.0381707929790824,0.191441213610936,-0.191441213610936,0
6,17,"RD","20_sites_x_250","sparse",20,250,0,-0.0848843156939778,-0.0675985705995822,0.0172857450943956,-0.070104808985587,0.0147795067083908,-0.00250623838600483,-0.00250623838600483,0
6,17,"RMST_diff","20_sites_x_250","sparse",20,250,0,1.74176433931583,1.3794698374145,-0.362294501901326,1.59093372536024,-0.150830613955589,0.211463887945737,-0.211463887945737,0
6,18,"RD","20_sites_x_250","sparse",20,250,0,-0.0848843156939778,-0.0479658973622598,0.0369184183317181,-0.0471098659848752,0.0377744497091026,0.000856031377384547,0.000856031377384547,0
6,18,"RMST_diff","20_sites_x_250","sparse",20,250,0,1.74176433931583,1.15370617695138,-0.588058162364449,1.32005364083557,-0.421710698480256,0.166347463884193,-0.166347463884193,0
6,19,"RD","20_sites_x_250","sparse",20,250,0,-0.0848843156939778,-0.0379435554893849,0.0469407602045929,-0.03442400049941,0.0504603151945678,0.00351955498997492,0.00351955498997492,0
6,19,"RMST_diff","20_sites_x_250","sparse",20,250,0,1.74176433931583,0.993852267102831,-0.747912072212994,1.11799781091499,-0.623766528400839,0.124145543812155,-0.124145543812155,0
6,20,"RD","20_sites_x_250","sparse",20,250,0,-0.0848843156939778,-0.036359953521334,0.0485243621726438,-0.034200794659435,0.0506835210345428,0.00215915886189899,0.00215915886189899,0
6,20,"RMST_diff","20_sites_x_250","sparse",20,250,0,1.74176433931583,1.05551558939229,-0.686248749923537,1.1786406987261,-0.56312364058973,0.123125109333808,-0.123125109333808,0
6,21,"RD","20_sites_x_250","sparse",20,250,0,-0.0848843156939778,-0.0320622335080234,0.0528220821859544,-0.0275215708417955,0.0573627448521823,0.00454066266622788,0.00454066266622788,0
6,21,"RMST_diff","20_sites_x_250","sparse",20,250,0,1.74176433931583,0.953276995534967,-0.788487343780858,1.0540650092136,-0.687699330102225,0.100788013678633,-0.100788013678633,0
6,22,"RD","20_sites_x_250","sparse",20,250,0,-0.0848843156939778,-0.0315098152730695,0.0533745004209083,-0.0270790569358658,0.057805258758112,0.00443075833720374,0.00443075833720374,0
6,22,"RMST_diff","20_sites_x_250","sparse",20,250,0,1.74176433931583,1.04629361874998,-0.695470720565844,1.16918713912927,-0.57257720018656,0.122893520379284,-0.122893520379284,0
6,23,"RD","20_sites_x_250","sparse",20,250,0,-0.0848843156939778,-0.0320753061535655,0.0528090095404123,-0.0287295841550935,0.0561547315388843,0.00334572199847194,0.00334572199847194,0
6,23,"RMST_diff","20_sites_x_250","sparse",20,250,0,1.74176433931583,1.01515471583347,-0.726609623482352,1.15302588867871,-0.588738450637114,0.137871172845237,-0.137871172845237,0
6,24,"RD","20_sites_x_250","sparse",20,250,1,-0.0848843156939778,-0.0346382669851846,0.0502460487087932,-0.0249838119799677,0.0599005037140101,0.00965445500521689,0.00965445500521689,0.05
6,24,"RMST_diff","20_sites_x_250","sparse",20,250,1,1.74176433931583,1.00784607436216,-0.733918264953669,1.0254496282874,-0.716314711028424,0.0176035539252446,-0.0176035539252446,0.05
6,25,"RD","20_sites_x_250","sparse",20,250,1,-0.0848843156939778,-0.0194227773163063,0.0654615383776715,-0.0118644860633348,0.073019829630643,0.00755829125297147,0.00755829125297147,0.05
6,25,"RMST_diff","20_sites_x_250","sparse",20,250,1,1.74176433931583,0.705941750129446,-1.03582258918638,0.766603792498932,-0.975160546816893,0.0606620423694864,-0.0606620423694864,0.05
6,26,"RD","20_sites_x_250","sparse",20,250,1,-0.0848843156939778,-0.0337221473134257,0.0511621683805521,-0.0277236771353904,0.0571606385585874,0.00599847017803534,0.00599847017803534,0.05
6,26,"RMST_diff","20_sites_x_250","sparse",20,250,1,1.74176433931583,1.12168080134051,-0.620083537975312,1.226553070398,-0.515211268917826,0.104872269057486,-0.104872269057486,0.05
6,27,"RD","20_sites_x_250","sparse",20,250,1,-0.0848843156939778,-0.0336724179731608,0.051211897720817,-0.0281445067899939,0.0567398089039839,0.00552791118316687,0.00552791118316687,0.05
6,27,"RMST_diff","20_sites_x_250","sparse",20,250,1,1.74176433931583,1.06186813438968,-0.679896204926141,1.19908645366206,-0.542677885653765,0.137218319272376,-0.137218319272376,0.05
6,28,"RD","20_sites_x_250","sparse",20,250,1,-0.0848843156939778,-0.0372127669017792,0.0476715487921986,-0.0313052435194437,0.0535790721745341,0.00590752338233547,0.00590752338233547,0.05
6,28,"RMST_diff","20_sites_x_250","sparse",20,250,1,1.74176433931583,1.26744732868172,-0.474317010634106,1.37478201378095,-0.366982325534874,0.107334685099232,-0.107334685099232,0.05
6,29,"RD","20_sites_x_250","sparse",20,250,1,-0.0848843156939778,-0.0408703737721658,0.044013941921812,-0.0345470085595214,0.0503373071344564,0.00632336521264443,0.00632336521264443,0.05
6,29,"RMST_diff","20_sites_x_250","sparse",20,250,1,1.74176433931583,1.30004166659677,-0.441722672719054,1.39986238634762,-0.341901952968204,0.0998207197508503,-0.0998207197508503,0.05
6,30,"RD","20_sites_x_250","sparse",20,250,1,-0.0848843156939778,-0.045675590316783,0.0392087253771948,-0.0431113376185105,0.0417729780754673,0.00256425269827254,0.00256425269827254,0.05
6,30,"RMST_diff","20_sites_x_250","sparse",20,250,1,1.74176433931583,0.988200762580568,-0.753563576735257,1.03129196678688,-0.710472372528942,0.0430912042063145,-0.0430912042063145,0.05
6,31,"RD","20_sites_x_250","sparse",20,250,1,-0.0848843156939778,-0.0411164238372836,0.0437678918566942,-0.0388374384555069,0.0460468772384709,0.00227898538177673,0.00227898538177673,0.05
6,31,"RMST_diff","20_sites_x_250","sparse",20,250,1,1.74176433931583,0.941721655279832,-0.800042684035994,0.994437999330614,-0.747326339985211,0.0527163440507827,-0.0527163440507827,0.05
6,32,"RD","20_sites_x_250","sparse",20,250,1,-0.0848843156939778,-0.0398964549154662,0.0449878607785116,-0.0366140006164852,0.0482703150774926,0.003282454298981,0.003282454298981,0.05
6,32,"RMST_diff","20_sites_x_250","sparse",20,250,1,1.74176433931583,1.00085070829407,-0.740913631021755,1.04933105344161,-0.692433285874214,0.0484803451475404,-0.0484803451475404,0.05
6,33,"RD","20_sites_x_250","sparse",20,250,1,-0.0848843156939778,-0.0460596674917633,0.0388246482022145,-0.0450718314730468,0.039812484220931,0.000987836018716437,0.000987836018716437,0.05
6,33,"RMST_diff","20_sites_x_250","sparse",20,250,1,1.74176433931583,1.012905880246,-0.72885845906983,1.07618665040111,-0.665577688914718,0.0632807701551119,-0.0632807701551119,0.05
6,34,"RD","20_sites_x_250","sparse",20,250,1,-0.0848843156939778,-0.0523626294044823,0.0325216862894955,-0.049572216573885,0.0353120991200928,0.00279041283059733,0.00279041283059733,0.05
6,34,"RMST_diff","20_sites_x_250","sparse",20,250,1,1.74176433931583,1.31867145605005,-0.42309288326577,1.33708767666821,-0.404676662647615,0.0184162206181551,-0.0184162206181551,0.05
6,35,"RD","20_sites_x_250","sparse",20,250,1,-0.0848843156939778,-0.0549335734520928,0.029950742241885,-0.052306576607918,0.0325777390860598,0.00262699684417478,0.00262699684417478,0.05
6,35,"RMST_diff","20_sites_x_250","sparse",20,250,1,1.74176433931583,1.30372909524439,-0.438035244071436,1.31864707462685,-0.42311726468898,0.0149179793824565,-0.0149179793824565,0.05
6,36,"RD","20_sites_x_250","sparse",20,250,2,-0.0848843156939778,-0.0326288766710576,0.0522554390229202,-0.0353050517212867,0.0495792639726911,-0.0026761750502291,-0.0026761750502291,0.1
6,36,"RMST_diff","20_sites_x_250","sparse",20,250,2,1.74176433931583,0.932829742168883,-0.808934597146942,1.03500192356854,-0.706762415747287,0.102172181399656,-0.102172181399656,0.1
6,37,"RD","20_sites_x_250","sparse",20,250,2,-0.0848843156939778,-0.0456058463797273,0.0392784693142505,-0.0443514657690668,0.040532849924911,0.00125438061066052,0.00125438061066052,0.1
6,37,"RMST_diff","20_sites_x_250","sparse",20,250,2,1.74176433931583,0.993471180372154,-0.748293158943671,1.08202595168598,-0.659738387629849,0.0885547713138219,-0.0885547713138219,0.1
6,38,"RD","20_sites_x_250","sparse",20,250,2,-0.0848843156939778,-0.0477323902741227,0.0371519254198551,-0.046397605605505,0.0384867100884728,0.00133478466861769,0.00133478466861769,0.1
6,38,"RMST_diff","20_sites_x_250","sparse",20,250,2,1.74176433931583,1.12427214259038,-0.617492196725447,1.24353849365522,-0.498225845660603,0.119266351064844,-0.119266351064844,0.1
6,39,"RD","20_sites_x_250","sparse",20,250,2,-0.0848843156939778,-0.0615803391844623,0.0233039765095155,-0.0600811149165055,0.0248032007774723,0.00149922426795679,0.00149922426795679,0.1
6,39,"RMST_diff","20_sites_x_250","sparse",20,250,2,1.74176433931583,1.31236003384269,-0.429404305473138,1.4300394179058,-0.311724921410026,0.117679384063113,-0.117679384063113,0.1
6,40,"RD","20_sites_x_250","sparse",20,250,2,-0.0848843156939778,-0.0518397356978891,0.0330445799960887,-0.0502823727349885,0.0346019429589893,0.00155736296290065,0.00155736296290065,0.1
6,40,"RMST_diff","20_sites_x_250","sparse",20,250,2,1.74176433931583,1.15363872060267,-0.588125618713153,1.26481706791339,-0.47694727140243,0.111178347310723,-0.111178347310723,0.1
6,41,"RD","20_sites_x_250","sparse",20,250,2,-0.0848843156939778,-0.0547490628504088,0.030135252843569,-0.0575192829671392,0.0273650327268387,-0.00277022011673034,-0.00277022011673034,0.1
6,41,"RMST_diff","20_sites_x_250","sparse",20,250,2,1.74176433931583,1.25137084351739,-0.49039349579844,1.43663212225861,-0.305132217057219,0.185261278741221,-0.185261278741221,0.1
6,42,"RD","20_sites_x_250","sparse",20,250,2,-0.0848843156939778,-0.0605320573207967,0.0243522583731811,-0.0621129531390628,0.022771362554915,-0.00158089581826615,-0.00158089581826615,0.1
6,42,"RMST_diff","20_sites_x_250","sparse",20,250,2,1.74176433931583,1.23580525905553,-0.505959080260292,1.39648681705627,-0.345277522259558,0.160681558000734,-0.160681558000734,0.1
6,43,"RD","20_sites_x_250","sparse",20,250,2,-0.0848843156939778,-0.0597093070012227,0.0251750086927551,-0.0570947380638349,0.0277895776301429,0.00261456893738776,0.00261456893738776,0.1
6,43,"RMST_diff","20_sites_x_250","sparse",20,250,2,1.74176433931583,1.17737937630776,-0.564384963008065,1.29644729347758,-0.445317045838243,0.119067917169822,-0.119067917169822,0.1
6,44,"RD","20_sites_x_250","sparse",20,250,1,-0.0848843156939778,-0.0515511562781112,0.0333331594158666,-0.0560633255567312,0.0288209901372466,-0.00451216927861997,-0.00451216927861997,0.05
6,44,"RMST_diff","20_sites_x_250","sparse",20,250,1,1.74176433931583,1.04287003525292,-0.698894304062904,1.25367414346891,-0.488090195846912,0.210804108215992,-0.210804108215992,0.05
6,45,"RD","20_sites_x_250","sparse",20,250,1,-0.0848843156939778,-0.0528201618063269,0.0320641538876509,-0.0568096588186878,0.02807465687529,-0.00398949701236095,-0.00398949701236095,0.05
6,45,"RMST_diff","20_sites_x_250","sparse",20,250,1,1.74176433931583,1.10800652736872,-0.633757811947104,1.32390912788406,-0.417855211431762,0.215902600515342,-0.215902600515342,0.05
6,46,"RD","20_sites_x_250","sparse",20,250,1,-0.0848843156939778,-0.0490733934628712,0.0358109222311066,-0.0511907218633134,0.0336935938306644,-0.00211732840044221,-0.00211732840044221,0.05
6,46,"RMST_diff","20_sites_x_250","sparse",20,250,1,1.74176433931583,0.867775327371067,-0.873989011944758,0.920611339948961,-0.821152999366864,0.0528360125778935,-0.0528360125778935,0.05
6,47,"RD","20_sites_x_250","sparse",20,250,1,-0.0848843156939778,-0.048489233151802,0.0363950825421758,-0.0472049111577918,0.037679404536186,0.00128432199401018,0.00128432199401018,0.05
6,47,"RMST_diff","20_sites_x_250","sparse",20,250,1,1.74176433931583,0.903651628811508,-0.838112710504317,0.867683141664626,-0.874081197651199,-0.0359684871468815,0.0359684871468815,0.05
6,48,"RD","20_sites_x_250","sparse",20,250,1,-0.0848843156939778,-0.0495481711571143,0.0353361445368635,-0.0485773986822877,0.0363069170116901,0.000970772474826576,0.000970772474826576,0.05
6,48,"RMST_diff","20_sites_x_250","sparse",20,250,1,1.74176433931583,0.991236949632949,-0.750527389682876,0.952018688917992,-0.789745650397833,-0.0392182607149572,0.0392182607149572,0.05
6,49,"RD","20_sites_x_250","sparse",20,250,2,-0.0848843156939778,-0.0379348842555535,0.0469494314384243,-0.0314248117458037,0.0534595039481741,0.00651007250974978,0.00651007250974978,0.1
6,49,"RMST_diff","20_sites_x_250","sparse",20,250,2,1.74176433931583,0.920819264270223,-0.820945075045602,0.796662034945935,-0.94510230436989,-0.124157229324288,0.124157229324288,0.1
6,50,"RD","20_sites_x_250","sparse",20,250,2,-0.0848843156939778,-0.0394308171115143,0.0454534985824635,-0.0329197012436756,0.0519646144503022,0.0065111158678387,0.0065111158678387,0.1
6,50,"RMST_diff","20_sites_x_250","sparse",20,250,2,1.74176433931583,1.16497045940075,-0.576793879915074,1.03909155606143,-0.702672783254393,-0.125878903339318,0.125878903339318,0.1
6,51,"RD","20_sites_x_250","sparse",20,250,2,-0.0848843156939778,-0.0491435089417229,0.0357408067522549,-0.0428526155702008,0.042031700123777,0.00629089337152211,0.00629089337152211,0.1
6,51,"RMST_diff","20_sites_x_250","sparse",20,250,2,1.74176433931583,1.43272221725498,-0.309042122060845,1.31666949897538,-0.425094840340448,-0.116052718279603,0.116052718279603,0.1
6,52,"RD","20_sites_x_250","sparse",20,250,2,-0.0848843156939778,-0.0596300906110581,0.0252542250829197,-0.0544534949459385,0.0304308207480393,0.00517659566511952,0.00517659566511952,0.1
6,52,"RMST_diff","20_sites_x_250","sparse",20,250,2,1.74176433931583,1.53046727439551,-0.211297064920315,1.41824080088964,-0.323523538426182,-0.112226473505867,0.112226473505867,0.1
6,53,"RD","20_sites_x_250","sparse",20,250,2,-0.0848843156939778,-0.0636749635952132,0.0212093520987646,-0.0576408794486095,0.0272434362453683,0.00603408414660367,0.00603408414660367,0.1
6,53,"RMST_diff","20_sites_x_250","sparse",20,250,2,1.74176433931583,1.57436365793059,-0.167400681385239,1.42408930927238,-0.31767503004345,-0.150274348658211,0.150274348658211,0.1
6,54,"RD","20_sites_x_250","sparse",20,250,2,-0.0848843156939778,-0.0543149453198697,0.0305693703741081,-0.0495027063424281,0.0353816093515497,0.00481223897744154,0.00481223897744154,0.1
6,54,"RMST_diff","20_sites_x_250","sparse",20,250,2,1.74176433931583,1.27218982930088,-0.469574510014947,1.1620090750215,-0.579755264294324,-0.110180754279376,0.110180754279376,0.1
6,55,"RD","20_sites_x_250","sparse",20,250,2,-0.0848843156939778,-0.0452536394564962,0.0396306762374816,-0.0421559269814632,0.0427283887125146,0.00309771247503299,0.00309771247503299,0.1
6,55,"RMST_diff","20_sites_x_250","sparse",20,250,2,1.74176433931583,1.23439173003038,-0.507372609285442,1.14148787307899,-0.600276466236833,-0.0929038569513914,0.0929038569513914,0.1
6,56,"RD","20_sites_x_250","sparse",20,250,1,-0.0848843156939778,-0.0714127035852191,0.0134716121087587,-0.0625204188102491,0.0223638968837288,0.00889228477497006,0.00889228477497006,0.05
6,56,"RMST_diff","20_sites_x_250","sparse",20,250,1,1.74176433931583,1.68644144936482,-0.0553228899510021,1.49779924648559,-0.243965092830232,-0.18864220287923,0.18864220287923,0.05
6,57,"RD","20_sites_x_250","sparse",20,250,1,-0.0848843156939778,-0.0913419683253163,-0.00645765263133846,-0.0829565765964314,0.0019277390975464,0.00838539172888486,-0.00452991353379206,0.05
6,57,"RMST_diff","20_sites_x_250","sparse",20,250,1,1.74176433931583,2.0542606155394,0.312496276223571,1.85934157231195,0.117577232996121,-0.194919043227451,-0.194919043227451,0.05
6,58,"RD","20_sites_x_250","sparse",20,250,1,-0.0848843156939778,-0.104963105435073,-0.020078789741095,-0.0964946284960417,-0.0116103128020639,0.00846847693903108,-0.00846847693903108,0.05
6,58,"RMST_diff","20_sites_x_250","sparse",20,250,1,1.74176433931583,2.00659867221067,0.264834332894845,1.79136246337378,0.0495981240579511,-0.215236208836894,-0.215236208836894,0.05
6,59,"RD","20_sites_x_250","sparse",20,250,1,-0.0848843156939778,-0.0915830758227135,-0.00669876012873571,-0.0842497058457421,0.000634609848235712,0.00733336997697143,-0.0060641502805,0.05
6,59,"RMST_diff","20_sites_x_250","sparse",20,250,1,1.74176433931583,1.789498944202,0.0477346048861715,1.59716677632349,-0.144597562992338,-0.19233216787851,0.0968629581061666,0.05
6,60,"RD","20_sites_x_250","sparse",20,250,1,-0.0848843156939778,-0.108342740956744,-0.0234584252627661,-0.0973692940256502,-0.0124849783316724,0.0109734469310937,-0.0109734469310937,0.05
6,60,"RMST_diff","20_sites_x_250","sparse",20,250,1,1.74176433931583,2.13462138612848,0.392857046812656,1.89373885889042,0.151974519574592,-0.240882527238064,-0.240882527238064,0.05
6,61,"RD","20_sites_x_250","sparse",20,250,1,-0.0848843156939778,-0.0988534957757002,-0.0139691800817224,-0.0869592792523122,-0.00207496355833436,0.0118942165233881,-0.0118942165233881,0.05
6,61,"RMST_diff","20_sites_x_250","sparse",20,250,1,1.74176433931583,2.02499130769045,0.283226968374629,1.74793918539583,0.00617484608000751,-0.277052122294622,-0.277052122294622,0.05
6,62,"RD","20_sites_x_250","sparse",20,250,1,-0.0848843156939778,-0.0897844790999304,-0.00490016340595256,-0.0796206362391226,0.00526367945485517,0.0101638428608077,0.000363516048902612,0.05
6,62,"RMST_diff","20_sites_x_250","sparse",20,250,1,1.74176433931583,1.83494113407595,0.0931767947601294,1.58935202553577,-0.152412313780056,-0.245589108540186,0.0592355190199267,0.05
6,63,"RD","20_sites_x_250","sparse",20,250,1,-0.0848843156939778,-0.0757689762748033,0.00911533941917453,-0.0698767634168168,0.015007552277161,0.00589221285798647,0.00589221285798647,0.05
6,63,"RMST_diff","20_sites_x_250","sparse",20,250,1,1.74176433931583,1.61221887724994,-0.129545462065883,1.43475937420422,-0.307004965111606,-0.177459503045723,0.177459503045723,0.05
6,64,"RD","20_sites_x_250","sparse",20,250,1,-0.0848843156939778,-0.0965189201612304,-0.0116346044672526,-0.0886046814194584,-0.00372036572548062,0.007914238741772,-0.007914238741772,0.05
6,64,"RMST_diff","20_sites_x_250","sparse",20,250,1,1.74176433931583,1.94627034838779,0.204506009071968,1.77886611587246,0.0371017765566304,-0.167404232515338,-0.167404232515338,0.05
6,65,"RD","20_sites_x_250","sparse",20,250,1,-0.0848843156939778,-0.108295131080672,-0.0234108153866945,-0.0995246720499515,-0.0146403563559737,0.00877045903072082,-0.00877045903072082,0.05
6,65,"RMST_diff","20_sites_x_250","sparse",20,250,1,1.74176433931583,2.0442383958204,0.302474056504575,1.87260333490456,0.130838995588734,-0.171635060915841,-0.171635060915841,0.05
6,66,"RD","20_sites_x_250","sparse",20,250,1,-0.0848843156939778,-0.106232746313583,-0.0213484306196057,-0.0951888785935062,-0.0103045628995284,0.0110438677200773,-0.0110438677200773,0.05
6,66,"RMST_diff","20_sites_x_250","sparse",20,250,1,1.74176433931583,2.03833464174529,0.296570302429467,1.91145509337769,0.169690754061865,-0.126879548367603,-0.126879548367603,0.05
6,67,"RD","20_sites_x_250","sparse",20,250,1,-0.0848843156939778,-0.103396564637411,-0.0185122489434327,-0.0958892868882456,-0.0110049711942678,0.00750727774916493,-0.00750727774916493,0.05
6,67,"RMST_diff","20_sites_x_250","sparse",20,250,1,1.74176433931583,1.8586507230775,0.116886383761679,1.81971826117499,0.0779539218591641,-0.0389324619025153,-0.0389324619025153,0.05
6,68,"RD","20_sites_x_250","sparse",20,250,1,-0.0848843156939778,-0.11337443995285,-0.0284901242588722,-0.105161451669869,-0.0202771359758911,0.00821298828298112,-0.00821298828298112,0.05
6,68,"RMST_diff","20_sites_x_250","sparse",20,250,1,1.74176433931583,1.90157401539152,0.159809676075692,1.86976652931941,0.128002190003588,-0.031807486072104,-0.031807486072104,0.05
6,69,"RD","20_sites_x_250","sparse",20,250,1,-0.0848843156939778,-0.104672200783786,-0.0197878850898083,-0.106550009582414,-0.021665693888436,-0.00187780879862764,0.00187780879862764,0.05
6,69,"RMST_diff","20_sites_x_250","sparse",20,250,1,1.74176433931583,1.97668269537771,0.234918356061888,2.05244809667269,0.310683757356864,0.0757654012949764,0.0757654012949764,0.05
6,70,"RD","20_sites_x_250","sparse",20,250,1,-0.0848843156939778,-0.114457313413275,-0.0295729977192977,-0.115863819339964,-0.0309795036459861,-0.00140650592668845,0.00140650592668845,0.05
6,70,"RMST_diff","20_sites_x_250","sparse",20,250,1,1.74176433931583,2.01459027209257,0.272825932776744,2.07845888968841,0.336694550372581,0.063868617595837,0.063868617595837,0.05
6,71,"RD","20_sites_x_250","sparse",20,250,1,-0.0848843156939778,-0.133079117780451,-0.0481948020864736,-0.126574866551774,-0.041690550857796,0.00650425122867759,-0.00650425122867759,0.05
6,71,"RMST_diff","20_sites_x_250","sparse",20,250,1,1.74176433931583,2.23118465998126,0.489420320665431,2.18374267591362,0.44197833659779,-0.0474419840676408,-0.0474419840676408,0.05
6,72,"RD","20_sites_x_250","sparse",20,250,1,-0.0848843156939778,-0.129312464549171,-0.0444281488551934,-0.122064217839918,-0.0371799021459402,0.00724824670925317,-0.00724824670925317,0.05
6,72,"RMST_diff","20_sites_x_250","sparse",20,250,1,1.74176433931583,2.21509702243217,0.473332683116341,2.1608049006815,0.419040561365675,-0.0542921217506667,-0.0542921217506667,0.05
6,73,"RD","20_sites_x_250","sparse",20,250,1,-0.0848843156939778,-0.122971538375028,-0.0380872226810506,-0.118241456226569,-0.0333571405325916,0.00473008214845894,-0.00473008214845894,0.05
6,73,"RMST_diff","20_sites_x_250","sparse",20,250,1,1.74176433931583,2.04961975624376,0.307855416927937,2.0651399647644,0.323375625448573,0.0155202085206358,0.0155202085206358,0.05
6,74,"RD","20_sites_x_250","sparse",20,250,2,-0.0848843156939778,-0.120158665600945,-0.0352743499069673,-0.110836218491798,-0.0259519027978207,0.00932244710914665,-0.00932244710914665,0.1
6,74,"RMST_diff","20_sites_x_250","sparse",20,250,2,1.74176433931583,2.24683600233048,0.50507166301465,2.38624067252956,0.644476333213733,0.139404670199083,0.139404670199083,0.1
6,75,"RD","20_sites_x_250","sparse",20,250,2,-0.0848843156939778,-0.120481292356177,-0.0355969766621994,-0.108985534565774,-0.0241012188717962,0.0114957577904032,-0.0114957577904032,0.1
6,75,"RMST_diff","20_sites_x_250","sparse",20,250,2,1.74176433931583,2.21869326300345,0.476928923687625,2.33044046340497,0.588676124089149,0.111747200401524,0.111747200401524,0.1
6,76,"RD","20_sites_x_250","sparse",20,250,2,-0.0848843156939778,-0.108367164326234,-0.0234828486322565,-0.097709177815512,-0.0128248621215342,0.0106579865107223,-0.0106579865107223,0.1
6,76,"RMST_diff","20_sites_x_250","sparse",20,250,2,1.74176433931583,1.96720254659363,0.22543820727781,2.10043261717198,0.358668277856156,0.133230070578346,0.133230070578346,0.1
6,77,"RD","20_sites_x_250","sparse",20,250,2,-0.0848843156939778,-0.106445906222081,-0.0215615905281032,-0.095645558093541,-0.0107612423995632,0.01080034812854,-0.01080034812854,0.1
6,77,"RMST_diff","20_sites_x_250","sparse",20,250,2,1.74176433931583,1.98585885974112,0.244094520425296,2.11697824106301,0.375213901747182,0.131119381321886,0.131119381321886,0.1
6,78,"RD","20_sites_x_250","sparse",20,250,2,-0.0848843156939778,-0.0952098077272521,-0.0103254920332743,-0.0860562071351216,-0.00117189144114382,0.00915360059213044,-0.00915360059213044,0.1
6,78,"RMST_diff","20_sites_x_250","sparse",20,250,2,1.74176433931583,1.78508246778024,0.0433181284644117,1.96592905693906,0.22416471762323,0.180846589158818,0.180846589158818,0.1
6,79,"RD","20_sites_x_250","sparse",20,250,2,-0.0848843156939778,-0.0845100073226932,0.000374308371284604,-0.0762399317132452,0.00864438398073264,0.00827007560944804,0.00827007560944804,0.1
6,79,"RMST_diff","20_sites_x_250","sparse",20,250,2,1.74176433931583,1.60054892064955,-0.141215418666276,1.78832709479281,0.0465627554769821,0.187778174143258,-0.0946526631892937,0.1
6,80,"RD","20_sites_x_250","sparse",20,250,3,-0.0848843156939778,-0.0752087337221606,0.00967558197181717,-0.0634531766595808,0.021431139034397,0.0117555570625798,0.0117555570625798,0.15
6,80,"RMST_diff","20_sites_x_250","sparse",20,250,3,1.74176433931583,1.29012038675219,-0.451643952563639,1.40807402089903,-0.333690318416794,0.117953634146845,-0.117953634146845,0.15
6,81,"RD","20_sites_x_250","sparse",20,250,3,-0.0848843156939778,-0.0784391856046361,0.00644513008934167,-0.0696955617255909,0.0151887539683869,0.00874362387904526,0.00874362387904526,0.15
6,81,"RMST_diff","20_sites_x_250","sparse",20,250,3,1.74176433931583,1.26174614883462,-0.480018190481207,1.40099917011908,-0.340765169196748,0.139253021284459,-0.139253021284459,0.15
6,82,"RD","20_sites_x_250","sparse",20,250,3,-0.0848843156939778,-0.0872921990092191,-0.00240788331524133,-0.0772234948986507,0.00766082079532715,0.0100687041105685,0.00525293748008582,0.15
6,82,"RMST_diff","20_sites_x_250","sparse",20,250,3,1.74176433931583,1.48730063247164,-0.254463706844186,1.59034701364564,-0.15141732567019,0.103046381173996,-0.103046381173996,0.15
6,83,"RD","20_sites_x_250","sparse",20,250,3,-0.0848843156939778,-0.0828900727296558,0.00199424296432205,-0.0739288167753335,0.0109554989186443,0.00896125595432229,0.00896125595432229,0.15
6,83,"RMST_diff","20_sites_x_250","sparse",20,250,3,1.74176433931583,1.46714026927742,-0.274624070038403,1.58138863328095,-0.160375706034872,0.114248364003531,-0.114248364003531,0.15
6,84,"RD","20_sites_x_250","sparse",20,250,3,-0.0848843156939778,-0.0809175864882258,0.00396672920575203,-0.069642757840133,0.0152415578538448,0.0112748286480928,0.0112748286480928,0.15
6,84,"RMST_diff","20_sites_x_250","sparse",20,250,3,1.74176433931583,1.36908836660893,-0.372675972706894,1.40018910437527,-0.341575234940555,0.031100737766339,-0.031100737766339,0.15
6,85,"RD","20_sites_x_250","sparse",20,250,3,-0.0848843156939778,-0.0663119091647169,0.018572406529261,-0.0561823649111926,0.0287019507827853,0.0101295442535243,0.0101295442535243,0.15
6,85,"RMST_diff","20_sites_x_250","sparse",20,250,3,1.74176433931583,1.05476050952307,-0.687003829792751,1.08286583066881,-0.658898508647018,0.0281053211457323,-0.0281053211457323,0.15
6,86,"RD","20_sites_x_250","sparse",20,250,3,-0.0848843156939778,-0.0722949260361945,0.0125893896577833,-0.0630151452358252,0.0218691704581526,0.00927978080036929,0.00927978080036929,0.15
6,86,"RMST_diff","20_sites_x_250","sparse",20,250,3,1.74176433931583,1.19329345782688,-0.548470881488942,1.2530957723833,-0.488668566932526,0.0598023145564159,-0.0598023145564159,0.15
6,87,"RD","20_sites_x_250","sparse",20,250,3,-0.0848843156939778,-0.0740917249353145,0.0107925907586633,-0.0659110851870779,0.0189732305068999,0.00818063974823657,0.00818063974823657,0.15
6,87,"RMST_diff","20_sites_x_250","sparse",20,250,3,1.74176433931583,1.25696604688216,-0.484798292433668,1.32883852845818,-0.412925810857647,0.0718724815760208,-0.0718724815760208,0.15
6,88,"RD","20_sites_x_250","sparse",20,250,3,-0.0848843156939778,-0.0709026972480533,0.0139816184459245,-0.0629593075617717,0.0219250081322061,0.00794338968628161,0.00794338968628161,0.15
6,88,"RMST_diff","20_sites_x_250","sparse",20,250,3,1.74176433931583,1.35416465925439,-0.387599680061436,1.39480729395391,-0.346957045361911,0.040642634699525,-0.040642634699525,0.15
6,89,"RD","20_sites_x_250","sparse",20,250,2,-0.0848843156939778,-0.0839469956894279,0.000937320004549935,-0.0736726824251313,0.0112116332688466,0.0102743132642966,0.0102743132642966,0.1
6,89,"RMST_diff","20_sites_x_250","sparse",20,250,2,1.74176433931583,1.2411964000029,-0.500567939312926,1.28384019693995,-0.457924142375871,0.042643796937055,-0.042643796937055,0.1
6,90,"RD","20_sites_x_250","sparse",20,250,2,-0.0848843156939778,-0.0750643062326903,0.00982000946128747,-0.0669623507096454,0.0179219649843324,0.00810195552304493,0.00810195552304493,0.1
6,90,"RMST_diff","20_sites_x_250","sparse",20,250,2,1.74176433931583,1.14613651382327,-0.595627825492556,1.22508129772693,-0.516683041588895,0.0789447839036619,-0.0789447839036619,0.1
6,91,"RD","20_sites_x_250","sparse",20,250,2,-0.0848843156939778,-0.0647830538053654,0.0201012618886124,-0.0634226440166552,0.0214616716773226,0.00136040978871022,0.00136040978871022,0.1
6,91,"RMST_diff","20_sites_x_250","sparse",20,250,2,1.74176433931583,1.07369548188003,-0.668068857435797,1.23907472310628,-0.502689616209542,0.165379241226255,-0.165379241226255,0.1
6,92,"RD","20_sites_x_250","sparse",20,250,2,-0.0848843156939778,-0.0678277858095605,0.0170565298844173,-0.0672130210689658,0.017671294625012,0.000614764740594742,0.000614764740594742,0.1
6,92,"RMST_diff","20_sites_x_250","sparse",20,250,2,1.74176433931583,1.09027421783507,-0.651490121480752,1.26109426250346,-0.48067007681237,0.170820044668382,-0.170820044668382,0.1
6,93,"RD","20_sites_x_250","sparse",20,250,2,-0.0848843156939778,-0.0735227251588876,0.0113615905350902,-0.0727518047376488,0.0121325109563291,0.00077092042123883,0.00077092042123883,0.1
6,93,"RMST_diff","20_sites_x_250","sparse",20,250,2,1.74176433931583,1.31834930775689,-0.423415031558935,1.46037625222431,-0.281388087091512,0.142026944467423,-0.142026944467423,0.1
6,94,"RD","20_sites_x_250","sparse",20,250,1,-0.0848843156939778,-0.0892280043462197,-0.00434368865224188,-0.0902385611205981,-0.00535424542662033,-0.00101055677437845,0.00101055677437845,0.05
6,94,"RMST_diff","20_sites_x_250","sparse",20,250,1,1.74176433931583,1.39202354746387,-0.349740791851959,1.32505884456791,-0.416705494747919,-0.0669647028959606,0.0669647028959606,0.05
6,95,"RD","20_sites_x_250","sparse",20,250,1,-0.0848843156939778,-0.0973461965401582,-0.0124618808461804,-0.101553402643221,-0.0166690869492433,-0.00420720610306291,0.00420720610306291,0.05
6,95,"RMST_diff","20_sites_x_250","sparse",20,250,1,1.74176433931583,1.44144129836846,-0.300323040947367,1.41121343231409,-0.330550907001737,-0.0302278660543696,0.0302278660543696,0.05
6,96,"RD","20_sites_x_250","sparse",20,250,1,-0.0848843156939778,-0.111860665351124,-0.0269763496571466,-0.116853935726374,-0.0319696200323962,-0.00499327037524966,0.00499327037524966,0.05
6,96,"RMST_diff","20_sites_x_250","sparse",20,250,1,1.74176433931583,1.61226391671941,-0.129500422596418,1.58706025492668,-0.154704084389145,-0.0252036617927267,0.0252036617927267,0.05
6,97,"RD","20_sites_x_250","sparse",20,250,1,-0.0848843156939778,-0.101414001596478,-0.0165296859024999,-0.104343913045188,-0.0194595973512097,-0.0029299114487098,0.0029299114487098,0.05
6,97,"RMST_diff","20_sites_x_250","sparse",20,250,1,1.74176433931583,1.48851794997145,-0.253246389344378,1.50516970474442,-0.236594634571405,0.0166517547729725,-0.0166517547729725,0.05
6,98,"RD","20_sites_x_250","sparse",20,250,1,-0.0848843156939778,-0.106160592459439,-0.0212762767654607,-0.108425480475776,-0.0235411647817987,-0.00226488801633795,0.00226488801633795,0.05
6,98,"RMST_diff","20_sites_x_250","sparse",20,250,1,1.74176433931583,1.55753443044895,-0.184229908866877,1.54696425044576,-0.194800088870062,-0.0105701800031852,0.0105701800031852,0.05
6,99,"RD","20_sites_x_250","sparse",20,250,1,-0.0848843156939778,-0.107894001760331,-0.0230096860663531,-0.107710861949756,-0.0228265462557786,0.000183139810574495,-0.000183139810574495,0.05
6,99,"RMST_diff","20_sites_x_250","sparse",20,250,1,1.74176433931583,1.73365778830157,-0.00810655101425972,1.71745115457258,-0.0243131847432458,-0.0162066337289861,0.0162066337289861,0.05
6,100,"RD","20_sites_x_250","sparse",20,250,0,-0.0848843156939778,-0.114322827682669,-0.0294385119886909,-0.117569471569859,-0.0326851558758816,-0.00324664388719076,0.00324664388719076,0
6,100,"RMST_diff","20_sites_x_250","sparse",20,250,0,1.74176433931583,1.89933542233257,0.157571083016748,1.93235408916644,0.190589749850613,0.0330186668338648,0.0330186668338648,0
6,101,"RD","20_sites_x_250","sparse",20,250,0,-0.0848843156939778,-0.11888091838866,-0.0339966026946822,-0.119269781863877,-0.0343854661698995,-0.000388863475217271,0.000388863475217271,0
6,101,"RMST_diff","20_sites_x_250","sparse",20,250,0,1.74176433931583,1.9609466278599,0.219182288544074,1.99560659156654,0.253842252250715,0.0346599637066412,0.0346599637066412,0
6,102,"RD","20_sites_x_250","sparse",20,250,0,-0.0848843156939778,-0.111016363192592,-0.0261320474986139,-0.112311891753497,-0.0274275760595193,-0.00129552856090542,0.00129552856090542,0
6,102,"RMST_diff","20_sites_x_250","sparse",20,250,0,1.74176433931583,1.86792348139487,0.126159142079047,1.93502715986589,0.193262820550068,0.0671036784710211,0.0671036784710211,0
6,103,"RD","20_sites_x_250","sparse",20,250,0,-0.0848843156939778,-0.121153309600579,-0.0362689939066012,-0.120863391692545,-0.0359790759985672,0.00028991790803401,-0.00028991790803401,0
6,103,"RMST_diff","20_sites_x_250","sparse",20,250,0,1.74176433931583,2.09212884019601,0.350364500880188,2.14070451505454,0.398940175738712,0.0485756748585242,0.0485756748585242,0
6,104,"RD","20_sites_x_250","sparse",20,250,0,-0.0848843156939778,-0.120693889831071,-0.0358095741370928,-0.120816650351781,-0.0359323346578034,-0.000122760520710585,0.000122760520710585,0
6,104,"RMST_diff","20_sites_x_250","sparse",20,250,0,1.74176433931583,2.05733146936804,0.315567130052212,2.1189679340621,0.377203594746279,0.0616364646940664,0.0616364646940664,0
6,105,"RD","20_sites_x_250","sparse",20,250,0,-0.0848843156939778,-0.132083884548426,-0.0471995688544483,-0.135529636074664,-0.0506453203806861,-0.00344575152623783,0.00344575152623783,0
6,105,"RMST_diff","20_sites_x_250","sparse",20,250,0,1.74176433931583,2.3096702760846,0.567905936768776,2.45230654905014,0.710542209734312,0.142636272965536,0.142636272965536,0
6,106,"RD","20_sites_x_250","sparse",20,250,0,-0.0848843156939778,-0.12113636592744,-0.0362520502334618,-0.124246977731434,-0.0393626620374563,-0.00311061180399452,0.00311061180399452,0
6,106,"RMST_diff","20_sites_x_250","sparse",20,250,0,1.74176433931583,2.27849169759606,0.536727358280231,2.39508305099529,0.65331871167947,0.116591353399238,0.116591353399238,0
6,107,"RD","20_sites_x_250","sparse",20,250,0,-0.0848843156939778,-0.119564397902562,-0.0346800822085845,-0.123180783907038,-0.0382964682130604,-0.00361638600447589,0.00361638600447589,0
6,107,"RMST_diff","20_sites_x_250","sparse",20,250,0,1.74176433931583,2.28614463275756,0.544380293441733,2.40066049677993,0.658896157464103,0.114515864022369,0.114515864022369,0
6,108,"RD","20_sites_x_250","sparse",20,250,0,-0.0848843156939778,-0.135754756961526,-0.0508704412675486,-0.134643039922064,-0.0497587242280861,0.00111171703946245,-0.00111171703946245,0
6,108,"RMST_diff","20_sites_x_250","sparse",20,250,0,1.74176433931583,2.30096315287648,0.55919881356065,2.40327397427352,0.661509634957699,0.102310821397049,0.102310821397049,0
6,109,"RD","20_sites_x_250","sparse",20,250,0,-0.0848843156939778,-0.147410718909861,-0.0625264032158829,-0.146746520488872,-0.061862204794894,0.00066419842098886,-0.00066419842098886,0
6,109,"RMST_diff","20_sites_x_250","sparse",20,250,0,1.74176433931583,2.58080079259353,0.839036453277703,2.64977524115287,0.908010901837043,0.0689744485593398,0.0689744485593398,0
6,110,"RD","20_sites_x_250","sparse",20,250,0,-0.0848843156939778,-0.157533268296579,-0.0726489526026015,-0.152712111833928,-0.0678277961399503,0.00482115646265124,-0.00482115646265124,0
6,110,"RMST_diff","20_sites_x_250","sparse",20,250,0,1.74176433931583,2.64065109599053,0.898886756674701,2.63964676601689,0.897882426701061,-0.00100432997363953,-0.00100432997363953,0
6,111,"RD","20_sites_x_250","sparse",20,250,0,-0.0848843156939778,-0.155580837113504,-0.070696521419526,-0.151031118892458,-0.0661468031984802,0.00454971822104577,-0.00454971822104577,0
6,111,"RMST_diff","20_sites_x_250","sparse",20,250,0,1.74176433931583,2.59872168976889,0.856957350453062,2.60702659019714,0.86526225088131,0.00830490042824827,0.00830490042824827,0
6,112,"RD","20_sites_x_250","sparse",20,250,0,-0.0848843156939778,-0.145868029144951,-0.060983713450973,-0.142517457139339,-0.057633141445361,0.00335057200561195,-0.00335057200561195,0
6,112,"RMST_diff","20_sites_x_250","sparse",20,250,0,1.74176433931583,2.437211478948,0.69544713963217,2.47590642728431,0.73414208796849,0.0386949483363193,0.0386949483363193,0
6,113,"RD","20_sites_x_250","sparse",20,250,0,-0.0848843156939778,-0.154815896624145,-0.0699315809301673,-0.150962606630493,-0.0660782909365151,0.0038532899936522,-0.0038532899936522,0
6,113,"RMST_diff","20_sites_x_250","sparse",20,250,0,1.74176433931583,2.57536098559207,0.833596646276245,2.6233114347933,0.88154709547748,0.0479504492012346,0.0479504492012346,0
6,114,"RD","20_sites_x_250","sparse",20,250,0,-0.0848843156939778,-0.148663576071132,-0.0637792603771541,-0.148641384307565,-0.0637570686135869,2.21917635672142e-05,-2.21917635672142e-05,0
6,114,"RMST_diff","20_sites_x_250","sparse",20,250,0,1.74176433931583,2.44996818684898,0.70820384753315,2.54030146908546,0.798537129769631,0.0903332822364806,0.0903332822364806,0
6,115,"RD","20_sites_x_250","sparse",20,250,0,-0.0848843156939778,-0.12831853898826,-0.0434342232942824,-0.133997960868197,-0.0491136451742191,-0.00567942187993675,0.00567942187993675,0
6,115,"RMST_diff","20_sites_x_250","sparse",20,250,0,1.74176433931583,2.18287198680055,0.441107647484724,2.36141409344907,0.619649754133246,0.178542106648521,0.178542106648521,0
6,116,"RD","20_sites_x_250","sparse",20,250,1,-0.0848843156939778,-0.10724837195658,-0.0223640562626019,-0.109903518558913,-0.025019202864935,-0.00265514660233312,0.00265514660233312,0.05
6,116,"RMST_diff","20_sites_x_250","sparse",20,250,1,1.74176433931583,1.92817587453144,0.186411535215615,2.05832714906089,0.316562809745069,0.130151274529453,0.130151274529453,0.05
6,117,"RD","20_sites_x_250","sparse",20,250,1,-0.0848843156939778,-0.0933962016577785,-0.0085118859638007,-0.0966556576808335,-0.0117713419868557,-0.003259456023055,0.003259456023055,0.05
6,117,"RMST_diff","20_sites_x_250","sparse",20,250,1,1.74176433931583,1.68537645003367,-0.0563878892821528,1.75572489437899,0.0139605550631607,0.0703484443453135,-0.042427334218992,0.05
6,118,"RD","20_sites_x_250","sparse",20,250,1,-0.0848843156939778,-0.0954207492942862,-0.0105364336003084,-0.0982020199659337,-0.0133177042719559,-0.00278127067164746,0.00278127067164746,0.05
6,118,"RMST_diff","20_sites_x_250","sparse",20,250,1,1.74176433931583,1.88432029807836,0.142555958762534,1.92108838866516,0.179324049349336,0.0367680905868024,0.0367680905868024,0.05
6,119,"RD","20_sites_x_250","sparse",20,250,1,-0.0848843156939778,-0.0950680517519495,-0.0101837360579717,-0.0978423147854611,-0.0129579990914833,-0.00277426303351158,0.00277426303351158,0.05
6,119,"RMST_diff","20_sites_x_250","sparse",20,250,1,1.74176433931583,1.92491243250925,0.183148093193427,1.94672384426588,0.204959504950059,0.0218114117566319,0.0218114117566319,0.05
6,120,"RD","20_sites_x_250","sparse",20,250,1,-0.0848843156939778,-0.0982272293940143,-0.0133429137000365,-0.101042020472625,-0.0161577047786475,-0.00281479107861105,0.00281479107861105,0.05
6,120,"RMST_diff","20_sites_x_250","sparse",20,250,1,1.74176433931583,1.93922582299379,0.197461483677964,1.9687625261907,0.226998186874875,0.0295367031969107,0.0295367031969107,0.05
6,121,"RD","20_sites_x_250","sparse",20,250,1,-0.0848843156939778,-0.0926923358096545,-0.00780802011567672,-0.0980863662773065,-0.0132020505833287,-0.00539403046765197,0.00539403046765197,0.05
6,121,"RMST_diff","20_sites_x_250","sparse",20,250,1,1.74176433931583,1.9065531207759,0.164788781460079,2.00931605882874,0.267551719512912,0.102762938052834,0.102762938052834,0.05
6,122,"RD","20_sites_x_250","sparse",20,250,1,-0.0848843156939778,-0.10433751513985,-0.0194531994458722,-0.116512922992588,-0.0316286072986106,-0.0121754078527384,0.0121754078527384,0.05
6,122,"RMST_diff","20_sites_x_250","sparse",20,250,1,1.74176433931583,2.05178151392112,0.310017174605299,2.24555768672588,0.503793347410051,0.193776172804752,0.193776172804752,0.05
6,123,"RD","20_sites_x_250","sparse",20,250,1,-0.0848843156939778,-0.104080148981688,-0.0191958332877107,-0.116347323998975,-0.0314630083049969,-0.0122671750172862,0.0122671750172862,0.05
6,123,"RMST_diff","20_sites_x_250","sparse",20,250,1,1.74176433931583,2.05242046969166,0.310656130375833,2.23386890571843,0.492104566402606,0.181448436026773,0.181448436026773,0.05
6,124,"RD","20_sites_x_250","sparse",20,250,1,-0.0848843156939778,-0.10543128682776,-0.020546971133782,-0.116628648589357,-0.0317443328953796,-0.0111973617615976,0.0111973617615976,0.05
6,124,"RMST_diff","20_sites_x_250","sparse",20,250,1,1.74176433931583,2.06009079333781,0.318326454021985,2.19065943249235,0.448895093176528,0.130568639154543,0.130568639154543,0.05
6,125,"RD","20_sites_x_250","sparse",20,250,1,-0.0848843156939778,-0.10140344935694,-0.016519133662962,-0.111322736071618,-0.0264384203776403,-0.00991928671467834,0.00991928671467834,0.05
6,125,"RMST_diff","20_sites_x_250","sparse",20,250,1,1.74176433931583,2.05737428281759,0.315609943501764,2.17346986481347,0.431705525497646,0.116095581995882,0.116095581995882,0.05
6,126,"RD","20_sites_x_250","sparse",20,250,1,-0.0848843156939778,-0.10535374760659,-0.0204694319126123,-0.114004413406726,-0.0291200977127483,-0.00865066580013596,0.00865066580013596,0.05
6,126,"RMST_diff","20_sites_x_250","sparse",20,250,1,1.74176433931583,2.07093680597884,0.329172466663017,2.19193605666732,0.450171717351497,0.120999250688479,0.120999250688479,0.05
6,127,"RD","20_sites_x_250","sparse",20,250,1,-0.0848843156939778,-0.110491842353664,-0.0256075266596867,-0.123407646935262,-0.0385233312412838,-0.0129158045815971,0.0129158045815971,0.05
6,127,"RMST_diff","20_sites_x_250","sparse",20,250,1,1.74176433931583,2.1760737174632,0.434309378147372,2.34028955830374,0.598525218987913,0.164215840840541,0.164215840840541,0.05
6,128,"RD","20_sites_x_250","sparse",20,250,1,-0.0848843156939778,-0.0933079477523741,-0.00842363205839625,-0.112274104201968,-0.0273897885079907,-0.0189661564495944,0.0189661564495944,0.05
6,128,"RMST_diff","20_sites_x_250","sparse",20,250,1,1.74176433931583,2.12441390704585,0.382649567730022,2.34340331653398,0.601638977218151,0.218989409488129,0.218989409488129,0.05
6,129,"RD","20_sites_x_250","sparse",20,250,1,-0.0848843156939778,-0.0794876577700561,0.00539665792392174,-0.0943630908966137,-0.00947877520263585,-0.0148754331265576,0.0040821172787141,0.05
6,129,"RMST_diff","20_sites_x_250","sparse",20,250,1,1.74176433931583,1.88026286556551,0.138498526249682,2.02222659053479,0.280462251218969,0.141963724969287,0.141963724969287,0.05
6,130,"RD","20_sites_x_250","sparse",20,250,1,-0.0848843156939778,-0.0813336712152367,0.00355064447874109,-0.0975101407610297,-0.0126258250670519,-0.016176469545793,0.0090751805883108,0.05
6,130,"RMST_diff","20_sites_x_250","sparse",20,250,1,1.74176433931583,2.05097010058639,0.309205761270562,2.23692763082801,0.495163291512185,0.185957530241623,0.185957530241623,0.05
6,131,"RD","20_sites_x_250","sparse",20,250,1,-0.0848843156939778,-0.0638733809167622,0.0210109347772156,-0.084481252443787,0.000403063250190794,-0.0206078715270248,-0.0206078715270248,0.05
6,131,"RMST_diff","20_sites_x_250","sparse",20,250,1,1.74176433931583,1.76352388494103,0.0217595456252067,2.02445996956615,0.282695630250323,0.260936084625117,0.260936084625117,0.05
6,132,"RD","20_sites_x_250","sparse",20,250,1,-0.0848843156939778,-0.0666109037927601,0.0182734119012177,-0.0871761419188258,-0.00229182622484803,-0.0205652381260657,-0.0159815856763696,0.05
6,132,"RMST_diff","20_sites_x_250","sparse",20,250,1,1.74176433931583,1.78241369094414,0.0406493516283124,1.98295035131699,0.241186012001167,0.200536660372855,0.200536660372855,0.05
6,133,"RD","20_sites_x_250","sparse",20,250,1,-0.0848843156939778,-0.0628374534177752,0.0220468622762026,-0.0839149696086163,0.000969346085361478,-0.0210775161908411,-0.0210775161908411,0.05
6,133,"RMST_diff","20_sites_x_250","sparse",20,250,1,1.74176433931583,1.51238945360861,-0.229374885707218,1.77998490265872,0.0382205633428914,0.267595449050109,-0.191154322364326,0.05
6,134,"RD","20_sites_x_250","sparse",20,250,1,-0.0848843156939778,-0.0724741632120346,0.0124101524819432,-0.093789804466811,-0.00890548877283315,-0.0213156412547764,-0.00350466370911007,0.05
6,134,"RMST_diff","20_sites_x_250","sparse",20,250,1,1.74176433931583,1.72023164966977,-0.0215326896460528,2.03530943363337,0.29354509431754,0.315077783963593,0.272012404671488,0.05
6,135,"RD","20_sites_x_250","sparse",20,250,1,-0.0848843156939778,-0.0941408345922172,-0.00925651889823942,-0.109766127146906,-0.0248818114529286,-0.0156252925546891,0.0156252925546891,0.05
6,135,"RMST_diff","20_sites_x_250","sparse",20,250,1,1.74176433931583,2.09263339696067,0.350869057644845,2.33058056413902,0.5888162248232,0.237947167178355,0.237947167178355,0.05
6,136,"RD","20_sites_x_250","sparse",20,250,0,-0.0848843156939778,-0.101083696992518,-0.0161993812985399,-0.119829896583415,-0.0349455808894368,-0.0187461995908969,0.0187461995908969,0
6,136,"RMST_diff","20_sites_x_250","sparse",20,250,0,1.74176433931583,2.17259754106375,0.430833201747923,2.4742094617632,0.732445122447375,0.301611920699452,0.301611920699452,0
6,137,"RD","20_sites_x_250","sparse",20,250,0,-0.0848843156939778,-0.105645375836365,-0.0207610601423868,-0.123142081480579,-0.0382577657866012,-0.0174967056442145,0.0174967056442145,0
6,137,"RMST_diff","20_sites_x_250","sparse",20,250,0,1.74176433931583,2.20366816349789,0.461903824182064,2.49403405618591,0.752269716870083,0.290365892688019,0.290365892688019,0
6,138,"RD","20_sites_x_250","sparse",20,250,0,-0.0848843156939778,-0.110440402713022,-0.0255560870190441,-0.12959105600314,-0.0447067403091626,-0.0191506532901184,0.0191506532901184,0
6,138,"RMST_diff","20_sites_x_250","sparse",20,250,0,1.74176433931583,2.22211102894842,0.480346689632592,2.5581323562443,0.816368016928475,0.336021327295883,0.336021327295883,0
6,139,"RD","20_sites_x_250","sparse",20,250,0,-0.0848843156939778,-0.107447062427804,-0.0225627467338263,-0.128947183985961,-0.0440628682919835,-0.0215001215581572,0.0215001215581572,0
6,139,"RMST_diff","20_sites_x_250","sparse",20,250,0,1.74176433931583,1.87273556719945,0.13097122788362,2.28051459956609,0.538750260250263,0.407779032366642,0.407779032366642,0
6,140,"RD","20_sites_x_250","sparse",20,250,0,-0.0848843156939778,-0.123916080949073,-0.0390317652550949,-0.140365176245835,-0.055480860551857,-0.0164490952967621,0.0164490952967621,0
6,140,"RMST_diff","20_sites_x_250","sparse",20,250,0,1.74176433931583,2.02225685702133,0.2804925177055,2.40036655244113,0.658602213125301,0.3781096954198,0.3781096954198,0
6,141,"RD","20_sites_x_250","sparse",20,250,1,-0.0848843156939778,-0.114831622481506,-0.0299473067875279,-0.127243096004449,-0.042358780310471,-0.0124114735229431,0.0124114735229431,0.05
6,141,"RMST_diff","20_sites_x_250","sparse",20,250,1,1.74176433931583,1.83184935563278,0.0900850163169533,2.09092136846642,0.349157029150598,0.259072012833645,0.259072012833645,0.05
6,142,"RD","20_sites_x_250","sparse",20,250,1,-0.0848843156939778,-0.0936355953058366,-0.00875127961185884,-0.0987128271255151,-0.0138285114315373,-0.00507723181967845,0.00507723181967845,0.05
6,142,"RMST_diff","20_sites_x_250","sparse",20,250,1,1.74176433931583,1.52691350399906,-0.214850835316765,1.67084853585,-0.070915803465823,0.143935031850942,-0.143935031850942,0.05
6,143,"RD","20_sites_x_250","sparse",20,250,1,-0.0848843156939778,-0.0882799366412562,-0.00339562094727841,-0.091551304278033,-0.00666698858405523,-0.00327136763677682,0.00327136763677682,0.05
6,143,"RMST_diff","20_sites_x_250","sparse",20,250,1,1.74176433931583,1.39163703692296,-0.350127302392869,1.60869561411558,-0.133068725200246,0.217058577192622,-0.217058577192622,0.05
6,144,"RD","20_sites_x_250","sparse",20,250,1,-0.0848843156939778,-0.0831068196584379,0.00177749603553989,-0.087459529248638,-0.00257521355466017,-0.00435270959020007,0.000797717519120278,0.05
6,144,"RMST_diff","20_sites_x_250","sparse",20,250,1,1.74176433931583,1.37198079245536,-0.369783546860464,1.61347053839226,-0.128293800923565,0.241489745936899,-0.241489745936899,0.05
6,145,"RD","20_sites_x_250","sparse",20,250,1,-0.0848843156939778,-0.0840696801102241,0.00081463558375372,-0.0894518799449645,-0.0045675642509867,-0.00538219983474042,0.00375292866723298,0.05
6,145,"RMST_diff","20_sites_x_250","sparse",20,250,1,1.74176433931583,1.46961208856089,-0.272152250754939,1.7409368563404,-0.000827482975420679,0.271324767779518,-0.271324767779518,0.05
6,146,"RD","20_sites_x_250","sparse",20,250,1,-0.0848843156939778,-0.075457604296527,0.00942671139745077,-0.0823977451522007,0.00248657054177714,-0.00694014085567363,-0.00694014085567363,0.05
6,146,"RMST_diff","20_sites_x_250","sparse",20,250,1,1.74176433931583,1.12720553141356,-0.614558807902263,1.43873331427423,-0.303031025041593,0.31152778286067,-0.31152778286067,0.05
6,147,"RD","20_sites_x_250","sparse",20,250,1,-0.0848843156939778,-0.0593658217687111,0.0255184939252667,-0.0632033635391089,0.0216809521548689,-0.00383754177039786,-0.00383754177039786,0.05
6,147,"RMST_diff","20_sites_x_250","sparse",20,250,1,1.74176433931583,1.01773296643561,-0.724031372880216,1.28353578730069,-0.458228552015138,0.265802820865078,-0.265802820865078,0.05
6,148,"RD","20_sites_x_250","sparse",20,250,1,-0.0848843156939778,-0.0609486326853181,0.0239356830086597,-0.0646327689345015,0.0202515467594763,-0.0036841362491834,-0.0036841362491834,0.05
6,148,"RMST_diff","20_sites_x_250","sparse",20,250,1,1.74176433931583,0.943860870332642,-0.797903468983183,1.22195315298809,-0.519811186327733,0.27809228265545,-0.27809228265545,0.05
6,149,"RD","20_sites_x_250","sparse",20,250,1,-0.0848843156939778,-0.0705165087293592,0.0143678069646186,-0.08081625451703,0.0040680611769478,-0.0102997457876708,-0.0102997457876708,0.05
6,149,"RMST_diff","20_sites_x_250","sparse",20,250,1,1.74176433931583,1.13818249444703,-0.60358184486879,1.544923156066,-0.196841183249827,0.406740661618963,-0.406740661618963,0.05
6,150,"RD","20_sites_x_250","sparse",20,250,1,-0.0848843156939778,-0.0608544512221991,0.0240298644717787,-0.0711960795894886,0.0136882361044892,-0.0103416283672895,-0.0103416283672895,0.05
6,150,"RMST_diff","20_sites_x_250","sparse",20,250,1,1.74176433931583,1.06956408387243,-0.672200255443391,1.39728919834474,-0.34447514097109,0.327725114472301,-0.327725114472301,0.05
6,151,"RD","20_sites_x_250","sparse",20,250,1,-0.0848843156939778,-0.079611172508504,0.00527314318547378,-0.0921121465835152,-0.00722783088953738,-0.0125009740750112,0.0019546877040636,0.05
6,151,"RMST_diff","20_sites_x_250","sparse",20,250,1,1.74176433931583,1.30387206269121,-0.437892276624613,1.66232613687111,-0.0794382024447167,0.358454074179896,-0.358454074179896,0.05
6,152,"RD","20_sites_x_250","sparse",20,250,1,-0.0848843156939778,-0.0778219253329766,0.0070623903610012,-0.0885920368888895,-0.0037077211949117,-0.0107701115559129,-0.00335466916608951,0.05
6,152,"RMST_diff","20_sites_x_250","sparse",20,250,1,1.74176433931583,1.27700595552555,-0.464758383790274,1.63716628584077,-0.104598053475057,0.360160330315217,-0.360160330315217,0.05
6,153,"RD","20_sites_x_250","sparse",20,250,1,-0.0848843156939778,-0.0726216094032726,0.0122627062907052,-0.0809992528251047,0.00388506286887313,-0.00837764342183211,-0.00837764342183211,0.05
6,153,"RMST_diff","20_sites_x_250","sparse",20,250,1,1.74176433931583,1.41414415787683,-0.327620181438993,1.70841384749224,-0.033350491823585,0.294269689615408,-0.294269689615408,0.05
6,154,"RD","20_sites_x_250","sparse",20,250,1,-0.0848843156939778,-0.0665816892658502,0.0183026264281276,-0.0723928634120797,0.0124914522818981,-0.00581117414622956,-0.00581117414622956,0.05
6,154,"RMST_diff","20_sites_x_250","sparse",20,250,1,1.74176433931583,1.25615540549967,-0.485608933816156,1.50063438081556,-0.241129958500265,0.244478975315891,-0.244478975315891,0.05
6,155,"RD","20_sites_x_250","sparse",20,250,1,-0.0848843156939778,-0.067678268925099,0.0172060467688788,-0.0729754869965925,0.0119088286973853,-0.00529721807149353,-0.00529721807149353,0.05
6,155,"RMST_diff","20_sites_x_250","sparse",20,250,1,1.74176433931583,1.28917131915504,-0.452593020160782,1.51581013516816,-0.225954204147662,0.22663881601312,-0.22663881601312,0.05
6,156,"RD","20_sites_x_250","sparse",20,250,1,-0.0848843156939778,-0.0690981618386731,0.0157861538553047,-0.0726083237052433,0.0122759919887345,-0.00351016186657016,-0.00351016186657016,0.05
6,156,"RMST_diff","20_sites_x_250","sparse",20,250,1,1.74176433931583,1.26484933305244,-0.476915006263383,1.46347665706057,-0.278287682255257,0.198627324008125,-0.198627324008125,0.05
6,157,"RD","20_sites_x_250","sparse",20,250,1,-0.0848843156939778,-0.0798567156496812,0.00502760004429659,-0.0843615009596009,0.000522814734376875,-0.00450478530991971,-0.00450478530991971,0.05
6,157,"RMST_diff","20_sites_x_250","sparse",20,250,1,1.74176433931583,1.40748261940749,-0.334281719908335,1.59940132704237,-0.142363012273453,0.191918707634882,-0.191918707634882,0.05
6,158,"RD","20_sites_x_250","sparse",20,250,1,-0.0848843156939778,-0.072310570806349,0.0125737448876289,-0.0738686680932121,0.0110156476007657,-0.00155809728686318,-0.00155809728686318,0.05
6,158,"RMST_diff","20_sites_x_250","sparse",20,250,1,1.74176433931583,1.27344959254778,-0.468314746768048,1.40967527811082,-0.332089061205005,0.136225685563042,-0.136225685563042,0.05
6,159,"RD","20_sites_x_250","sparse",20,250,1,-0.0848843156939778,-0.086463232286585,-0.00157891659260723,-0.0838475116772817,0.00103680401669615,0.00261572060930337,-0.00054211257591108,0.05
6,159,"RMST_diff","20_sites_x_250","sparse",20,250,1,1.74176433931583,1.7000781043556,-0.0416862349602241,1.71970597703556,-0.0220583622802621,0.0196278726799619,-0.0196278726799619,0.05
6,160,"RD","20_sites_x_250","sparse",20,250,1,-0.0848843156939778,-0.0751562132849277,0.00972810240905009,-0.0760324249482317,0.0088518907457461,-0.000876211663303983,-0.000876211663303983,0.05
6,160,"RMST_diff","20_sites_x_250","sparse",20,250,1,1.74176433931583,1.65839308412493,-0.0833712551908992,1.67554933189667,-0.0662150074191583,0.0171562477717409,-0.0171562477717409,0.05
6,161,"RD","20_sites_x_250","sparse",20,250,0,-0.0848843156939778,-0.0807855265350524,0.00409878915892536,-0.0844288666126288,0.00045544908134898,-0.00364334007757638,-0.00364334007757638,0
6,161,"RMST_diff","20_sites_x_250","sparse",20,250,0,1.74176433931583,1.73950453879586,-0.00225980051996011,1.81438586710893,0.0726215277931015,0.0748813283130616,0.0703617272731414,0
6,162,"RD","20_sites_x_250","sparse",20,250,0,-0.0848843156939778,-0.0852703569926641,-0.000386041298686246,-0.0888687679016205,-0.00398445220764265,-0.00359841090895641,0.00359841090895641,0
6,162,"RMST_diff","20_sites_x_250","sparse",20,250,0,1.74176433931583,1.69215216985037,-0.0496121694654565,1.80911898743657,0.0673546481207428,0.116966817586199,0.0177424786552862,0
6,163,"RD","20_sites_x_250","sparse",20,250,0,-0.0848843156939778,-0.091624548518574,-0.00674023282459624,-0.0962949621936445,-0.0114106464996667,-0.00467041367507048,0.00467041367507048,0
6,163,"RMST_diff","20_sites_x_250","sparse",20,250,0,1.74176433931583,1.67996967935711,-0.061794659958716,1.76725651067412,0.025492171358291,0.087286831317007,-0.0363024886004251,0
6,164,"RD","20_sites_x_250","sparse",20,250,1,-0.0848843156939778,-0.0863045103028798,-0.00142019460890197,-0.0919242215571101,-0.0070399058631323,-0.00561971125423033,0.00561971125423033,0.05
6,164,"RMST_diff","20_sites_x_250","sparse",20,250,1,1.74176433931583,1.55893411295244,-0.182830226363381,1.66693663231555,-0.0748277070002707,0.10800251936311,-0.10800251936311,0.05
6,165,"RD","20_sites_x_250","sparse",20,250,1,-0.0848843156939778,-0.0760243626302743,0.00885995306370346,-0.0833992929669202,0.00148502272705764,-0.00737493033664582,-0.00737493033664582,0.05
6,165,"RMST_diff","20_sites_x_250","sparse",20,250,1,1.74176433931583,1.18961337174957,-0.552150967566254,1.32596013762548,-0.41580420169034,0.136346765875913,-0.136346765875913,0.05
6,166,"RD","20_sites_x_250","sparse",20,250,1,-0.0848843156939778,-0.08449202921057,0.000392286483407833,-0.0948748013178001,-0.00999048562382232,-0.0103827721072302,0.00959819914041449,0.05
6,166,"RMST_diff","20_sites_x_250","sparse",20,250,1,1.74176433931583,1.42790970508228,-0.313854634233543,1.65374136726341,-0.0880229720524159,0.225831662181127,-0.225831662181127,0.05
6,167,"RD","20_sites_x_250","sparse",20,250,1,-0.0848843156939778,-0.0888668156036287,-0.00398249990965094,-0.0969877101816862,-0.0121033944877084,-0.00812089457805742,0.00812089457805742,0.05
6,167,"RMST_diff","20_sites_x_250","sparse",20,250,1,1.74176433931583,1.45584096444284,-0.285923374872988,1.68122323877365,-0.0605411005421796,0.225382274330808,-0.225382274330808,0.05
6,168,"RD","20_sites_x_250","sparse",20,250,1,-0.0848843156939778,-0.0824995087069881,0.00238480698698973,-0.0917607498631087,-0.00687643416913086,-0.00926124115612059,0.00449162718214113,0.05
6,168,"RMST_diff","20_sites_x_250","sparse",20,250,1,1.74176433931583,1.3216045194613,-0.420159819854526,1.57231676557878,-0.169447573737049,0.250712246117477,-0.250712246117477,0.05
6,169,"RD","20_sites_x_250","sparse",20,250,1,-0.0848843156939778,-0.0691885961625901,0.0156957195313877,-0.0740523213844801,0.0108319943094977,-0.00486372522189005,-0.00486372522189005,0.05
6,169,"RMST_diff","20_sites_x_250","sparse",20,250,1,1.74176433931583,1.05397571234739,-0.687788626968434,1.22641041031794,-0.515353928997884,0.17243469797055,-0.17243469797055,0.05
6,170,"RD","20_sites_x_250","sparse",20,250,1,-0.0848843156939778,-0.0760413239822515,0.00884299171172631,-0.081349750740481,0.0035345649534968,-0.00530842675822951,-0.00530842675822951,0.05
6,170,"RMST_diff","20_sites_x_250","sparse",20,250,1,1.74176433931583,1.00661349856063,-0.735150840755196,1.29315651927499,-0.448607820040833,0.286543020714364,-0.286543020714364,0.05
6,171,"RD","20_sites_x_250","sparse",20,250,1,-0.0848843156939778,-0.0536441778353888,0.031240137858589,-0.059843958713396,0.0250403569805818,-0.00619978087800721,-0.00619978087800721,0.05
6,171,"RMST_diff","20_sites_x_250","sparse",20,250,1,1.74176433931583,0.689485795339891,-1.05227854397593,0.993023119333051,-0.748741219982774,0.30353732399316,-0.30353732399316,0.05
6,172,"RD","20_sites_x_250","sparse",20,250,1,-0.0848843156939778,-0.059223303758445,0.0256610119355328,-0.0649310111140807,0.0199533045798971,-0.00570770735563575,-0.00570770735563575,0.05
6,172,"RMST_diff","20_sites_x_250","sparse",20,250,1,1.74176433931583,0.870649980984766,-0.871114358331059,1.14333327075426,-0.598431068561569,0.272683289769491,-0.272683289769491,0.05
6,173,"RD","20_sites_x_250","sparse",20,250,1,-0.0848843156939778,-0.0682899376723025,0.0165943780216753,-0.0747155478788314,0.0101687678151464,-0.00642561020652888,-0.00642561020652888,0.05
6,173,"RMST_diff","20_sites_x_250","sparse",20,250,1,1.74176433931583,0.968085799813265,-0.77367853950256,1.24108044932413,-0.500683889991699,0.272994649510862,-0.272994649510862,0.05
6,174,"RD","20_sites_x_250","sparse",20,250,1,-0.0848843156939778,-0.0631744652315112,0.0217098504624667,-0.0709149574615603,0.0139693582324175,-0.00774049223004913,-0.00774049223004913,0.05
6,174,"RMST_diff","20_sites_x_250","sparse",20,250,1,1.74176433931583,1.02625185499097,-0.715512484324851,1.3208906495103,-0.420873689805525,0.294638794519326,-0.294638794519326,0.05
6,175,"RD","20_sites_x_250","sparse",20,250,1,-0.0848843156939778,-0.0508161634494476,0.0340681522445302,-0.0600796286177123,0.0248046870762655,-0.00926346516826471,-0.00926346516826471,0.05
6,175,"RMST_diff","20_sites_x_250","sparse",20,250,1,1.74176433931583,0.891797965541812,-0.849966373774013,1.19884886732421,-0.542915471991613,0.3070509017824,-0.3070509017824,0.05
6,176,"RD","20_sites_x_250","sparse",20,250,1,-0.0848843156939778,-0.0585052902784775,0.0263790254155003,-0.0698835132687687,0.0150008024252091,-0.0113782229902912,-0.0113782229902912,0.05
6,176,"RMST_diff","20_sites_x_250","sparse",20,250,1,1.74176433931583,1.04481216155511,-0.696952177760714,1.38031241655844,-0.361451922757388,0.335500255003327,-0.335500255003327,0.05
6,177,"RD","20_sites_x_250","sparse",20,250,1,-0.0848843156939778,-0.0556807476222637,0.0292035680717141,-0.0646043598912377,0.0202799558027401,-0.00892361226897398,-0.00892361226897398,0.05
6,177,"RMST_diff","20_sites_x_250","sparse",20,250,1,1.74176433931583,1.05084147916447,-0.690922860151355,1.35535054576899,-0.38641379354684,0.304509066604515,-0.304509066604515,0.05
6,178,"RD","20_sites_x_250","sparse",20,250,1,-0.0848843156939778,-0.0548599768037813,0.0300243388901965,-0.0634407738040955,0.0214435418898823,-0.00858079700031422,-0.00858079700031422,0.05
6,178,"RMST_diff","20_sites_x_250","sparse",20,250,1,1.74176433931583,1.03566993055814,-0.70609440875768,1.33353898877457,-0.40822535054126,0.297869058216421,-0.297869058216421,0.05
6,179,"RD","20_sites_x_250","sparse",20,250,2,-0.0848843156939778,-0.0432066235264315,0.0416776921675464,-0.0491138248989222,0.0357704907950556,-0.00590720137249079,-0.00590720137249079,0.1
6,179,"RMST_diff","20_sites_x_250","sparse",20,250,2,1.74176433931583,0.831297293741939,-0.910467045573887,1.08696142127487,-0.654802918040959,0.255664127532928,-0.255664127532928,0.1
6,180,"RD","20_sites_x_250","sparse",20,250,2,-0.0848843156939778,-0.052497426638996,0.0323868890549818,-0.0576577883228195,0.0272265273711583,-0.0051603616838235,-0.0051603616838235,0.1
6,180,"RMST_diff","20_sites_x_250","sparse",20,250,2,1.74176433931583,0.956164730934224,-0.785599608381601,1.19846679550307,-0.543297543812756,0.242302064568845,-0.242302064568845,0.1
6,181,"RD","20_sites_x_250","sparse",20,250,2,-0.0848843156939778,-0.0487442015065513,0.0361401141874265,-0.0523187646711771,0.0325655510228007,-0.00357456316462579,-0.00357456316462579,0.1
6,181,"RMST_diff","20_sites_x_250","sparse",20,250,2,1.74176433931583,0.905326782963357,-0.836437556352468,1.13636451689008,-0.60539982242574,0.231037733926728,-0.231037733926728,0.1
6,182,"RD","20_sites_x_250","sparse",20,250,2,-0.0848843156939778,-0.0512509674689594,0.0336333482250184,-0.0526165485887773,0.0322677671052005,-0.00136558111981788,-0.00136558111981788,0.1
6,182,"RMST_diff","20_sites_x_250","sparse",20,250,2,1.74176433931583,1.32436983933076,-0.417394499985067,1.39276584470134,-0.348998494614488,0.0683960053705785,-0.0683960053705785,0.1
6,183,"RD","20_sites_x_250","sparse",20,250,2,-0.0848843156939778,-0.0467741421590507,0.0381101735349271,-0.0489168471145555,0.0359674685794223,-0.00214270495550473,-0.00214270495550473,0.1
6,183,"RMST_diff","20_sites_x_250","sparse",20,250,2,1.74176433931583,1.27656204494497,-0.465202294370851,1.35449384392032,-0.387270495395503,0.0779317989753476,-0.0779317989753476,0.1
6,184,"RD","20_sites_x_250","sparse",20,250,1,-0.0848843156939778,-0.0763026373632895,0.00858167833068835,-0.078776584193795,0.00610773150018284,-0.0024739468305055,-0.0024739468305055,0.05
6,184,"RMST_diff","20_sites_x_250","sparse",20,250,1,1.74176433931583,1.76994763872468,0.0281832994088589,1.86650291569683,0.124738576381002,0.0965552769721434,0.0965552769721434,0.05
6,185,"RD","20_sites_x_250","sparse",20,250,1,-0.0848843156939778,-0.11417140025942,-0.0292870845654423,-0.100917557163054,-0.0160332414690765,0.0132538430963658,-0.0132538430963658,0.05
6,185,"RMST_diff","20_sites_x_250","sparse",20,250,1,1.74176433931583,2.45956936934889,0.717805030033066,2.28443699909024,0.542672659774418,-0.175132370258648,-0.175132370258648,0.05
6,186,"RD","20_sites_x_250","sparse",20,250,1,-0.0848843156939778,-0.114522258280937,-0.0296379425869587,-0.0988803699596538,-0.013996054265676,0.0156418883212828,-0.0156418883212828,0.05
6,186,"RMST_diff","20_sites_x_250","sparse",20,250,1,1.74176433931583,2.40595555107348,0.664191211757659,2.15716934329571,0.415405003979885,-0.248786207777774,-0.248786207777774,0.05
6,187,"RD","20_sites_x_250","sparse",20,250,1,-0.0848843156939778,-0.143271898902775,-0.0583875832087977,-0.125494176232121,-0.0406098605381428,0.0177777226706549,-0.0177777226706549,0.05
6,187,"RMST_diff","20_sites_x_250","sparse",20,250,1,1.74176433931583,2.69201958035475,0.950255241038921,2.38685061673548,0.645086277419651,-0.30516896361927,-0.30516896361927,0.05
6,188,"RD","20_sites_x_250","sparse",20,250,1,-0.0848843156939778,-0.139961605462786,-0.0550772897688084,-0.121275903509203,-0.0363915878152252,0.0186857019535832,-0.0186857019535832,0.05
6,188,"RMST_diff","20_sites_x_250","sparse",20,250,1,1.74176433931583,2.68562894113021,0.943864601814386,2.37088438990859,0.629120050592762,-0.314744551221624,-0.314744551221624,0.05
6,189,"RD","20_sites_x_250","sparse",20,250,1,-0.0848843156939778,-0.149485688839601,-0.0646013731456234,-0.131818589993594,-0.0469342742996159,0.0176670988460075,-0.0176670988460075,0.05
6,189,"RMST_diff","20_sites_x_250","sparse",20,250,1,1.74176433931583,2.80076716958835,1.05900283027252,2.50419661122335,0.762432271907521,-0.296570558365001,-0.296570558365001,0.05
6,190,"RD","20_sites_x_250","sparse",20,250,1,-0.0848843156939778,-0.143654098930386,-0.0587697832364082,-0.125103022218538,-0.0402187065245598,0.0185510767118484,-0.0185510767118484,0.05
6,190,"RMST_diff","20_sites_x_250","sparse",20,250,1,1.74176433931583,2.79783574393622,1.0560714046204,2.47698415679647,0.735219817480642,-0.320851587139753,-0.320851587139753,0.05
6,191,"RD","20_sites_x_250","sparse",20,250,1,-0.0848843156939778,-0.144544794711221,-0.0596604790172427,-0.128342330565625,-0.0434580148716471,0.0162024641455956,-0.0162024641455956,0.05
6,191,"RMST_diff","20_sites_x_250","sparse",20,250,1,1.74176433931583,2.94441620868039,1.20265186936457,2.64270658538263,0.900942246066805,-0.301709623297761,-0.301709623297761,0.05
6,192,"RD","20_sites_x_250","sparse",20,250,1,-0.0848843156939778,-0.151829078736484,-0.0669447630425066,-0.134727630815995,-0.0498433151220177,0.017101447920489,-0.017101447920489,0.05
6,192,"RMST_diff","20_sites_x_250","sparse",20,250,1,1.74176433931583,3.06795552358177,1.32619118426594,2.75318602183465,1.01142168251882,-0.31476950174712,-0.31476950174712,0.05
6,193,"RD","20_sites_x_250","sparse",20,250,1,-0.0848843156939778,-0.148220964826384,-0.0633366491324067,-0.131907127497777,-0.0470228118037987,0.0163138373286079,-0.0163138373286079,0.05
6,193,"RMST_diff","20_sites_x_250","sparse",20,250,1,1.74176433931583,3.17805318234814,1.43628884303232,2.85903726357816,1.11727292426234,-0.319015918769979,-0.319015918769979,0.05
6,194,"RD","20_sites_x_250","sparse",20,250,1,-0.0848843156939778,-0.150112865738283,-0.0652285500443053,-0.133253389501614,-0.0483690738076363,0.0168594762366689,-0.0168594762366689,0.05
6,194,"RMST_diff","20_sites_x_250","sparse",20,250,1,1.74176433931583,3.03561388477873,1.29384954546291,2.70712665970985,0.965362320394025,-0.328487225068882,-0.328487225068882,0.05
6,195,"RD","20_sites_x_250","sparse",20,250,1,-0.0848843156939778,-0.165703680733005,-0.0808193650390273,-0.150211721648261,-0.065327405954283,0.0154919590847443,-0.0154919590847443,0.05
6,195,"RMST_diff","20_sites_x_250","sparse",20,250,1,1.74176433931583,3.25830269630435,1.51653835698852,2.95805471795985,1.21629037864402,-0.300247978344503,-0.300247978344503,0.05
6,196,"RD","20_sites_x_250","sparse",20,250,1,-0.0848843156939778,-0.169296929848523,-0.0844126141545453,-0.161678228649138,-0.0767939129551605,0.00761870119938479,-0.00761870119938479,0.05
6,196,"RMST_diff","20_sites_x_250","sparse",20,250,1,1.74176433931583,3.31088598262759,1.56912164331176,3.11118253435703,1.3694181950412,-0.199703448270558,-0.199703448270558,0.05
6,197,"RD","20_sites_x_250","sparse",20,250,1,-0.0848843156939778,-0.16125235442832,-0.0763680387343424,-0.155813761656485,-0.0709294459625076,0.00543859277183478,-0.00543859277183478,0.05
6,197,"RMST_diff","20_sites_x_250","sparse",20,250,1,1.74176433931583,3.38573724196626,1.64397290265043,3.1706200426515,1.42885570333568,-0.215117199314758,-0.215117199314758,0.05
6,198,"RD","20_sites_x_250","sparse",20,250,2,-0.0848843156939778,-0.156693235037799,-0.0718089193438207,-0.144662011012225,-0.0597776953182472,0.0120312240255736,-0.0120312240255736,0.1
6,198,"RMST_diff","20_sites_x_250","sparse",20,250,2,1.74176433931583,3.37967922828236,1.63791488896654,3.0497223280767,1.30795798876087,-0.329956900205666,-0.329956900205666,0.1
6,199,"RD","20_sites_x_250","sparse",20,250,1,-0.0848843156939778,-0.148961993492311,-0.0640776777983336,-0.150625806132877,-0.0657414904388991,-0.00166381264056548,0.00166381264056548,0.05
6,199,"RMST_diff","20_sites_x_250","sparse",20,250,1,1.74176433931583,3.14614508370693,1.40438074439111,3.11376982178971,1.37200548247388,-0.0323752619172257,-0.0323752619172257,0.05
6,200,"RD","20_sites_x_250","sparse",20,250,1,-0.0848843156939778,-0.149095457009738,-0.0642111413157602,-0.150173031011598,-0.06528871531762,-0.00107757400185982,0.00107757400185982,0.05
6,200,"RMST_diff","20_sites_x_250","sparse",20,250,1,1.74176433931583,3.09378499732058,1.35202065800476,3.04382287401303,1.3020585346972,-0.0499621233075587,-0.0499621233075587,0.05
6,201,"RD","20_sites_x_250","sparse",20,250,1,-0.0848843156939778,-0.14736439610561,-0.0624800804116326,-0.152553761338967,-0.0676694456449891,-0.00518936523335656,0.00518936523335656,0.05
6,201,"RMST_diff","20_sites_x_250","sparse",20,250,1,1.74176433931583,2.97575842856704,1.23399408925121,3.01695059751024,1.27518625819441,0.0411921689431995,0.0411921689431995,0.05
6,202,"RD","20_sites_x_250","sparse",20,250,1,-0.0848843156939778,-0.148127367264578,-0.0632430515706004,-0.152408669091738,-0.0675243533977602,-0.0042813018271598,0.0042813018271598,0.05
6,202,"RMST_diff","20_sites_x_250","sparse",20,250,1,1.74176433931583,2.77192603352358,1.03016169420776,2.83820677168348,1.09644243236766,0.0662807381599002,0.0662807381599002,0.05
6,203,"RD","20_sites_x_250","sparse",20,250,1,-0.0848843156939778,-0.139062833902385,-0.0541785182084076,-0.143949278836624,-0.059064963142646,-0.0048864449342384,0.0048864449342384,0.05
6,203,"RMST_diff","20_sites_x_250","sparse",20,250,1,1.74176433931583,2.67094723290155,0.929182893585727,2.74208090483386,1.00031656551803,0.071133671932305,0.071133671932305,0.05
6,204,"RD","20_sites_x_250","sparse",20,250,1,-0.0848843156939778,-0.125412629527517,-0.0405283138335388,-0.128042696488071,-0.0431583807940928,-0.00263006696055401,0.00263006696055401,0.05
6,204,"RMST_diff","20_sites_x_250","sparse",20,250,1,1.74176433931583,2.3915858107489,0.649821471433077,2.44004430386781,0.698279964551988,0.0484584931189112,0.0484584931189112,0.05
6,205,"RD","20_sites_x_250","sparse",20,250,2,-0.0848843156939778,-0.0956487050836797,-0.0107643893897019,-0.100040451521529,-0.0151561358275507,-0.00439174643784879,0.00439174643784879,0.1
6,205,"RMST_diff","20_sites_x_250","sparse",20,250,2,1.74176433931583,1.96476412797471,0.222999788658887,1.99844202513853,0.256677685822703,0.0336778971638161,0.0336778971638161,0.1
6,206,"RD","20_sites_x_250","sparse",20,250,2,-0.0848843156939778,-0.0946241874050884,-0.00973987171111057,-0.0949409721110056,-0.0100566564170278,-0.000316784705917228,0.000316784705917228,0.1
6,206,"RMST_diff","20_sites_x_250","sparse",20,250,2,1.74176433931583,1.92273488065,0.18097054133418,1.89898772614364,0.157223386827818,-0.0237471545063617,-0.0237471545063617,0.1
6,207,"RD","20_sites_x_250","sparse",20,250,2,-0.0848843156939778,-0.0872429828760533,-0.00235866718207545,-0.0934027300014362,-0.00851841430745837,-0.00615974712538292,0.00615974712538292,0.1
6,207,"RMST_diff","20_sites_x_250","sparse",20,250,2,1.74176433931583,1.88514361229625,0.143379272980422,1.95133292935081,0.209568590034982,0.06618931705456,0.06618931705456,0.1
6,208,"RD","20_sites_x_250","sparse",20,250,2,-0.0848843156939778,-0.0790699220961699,0.00581439359780789,-0.0866275323524278,-0.00174321665845001,-0.0075576102562579,-0.00407117693935788,0.1
6,208,"RMST_diff","20_sites_x_250","sparse",20,250,2,1.74176433931583,1.90071293329357,0.158948593977746,1.95651129581886,0.214746956503035,0.0557983625252891,0.0557983625252891,0.1
6,209,"RD","20_sites_x_250","sparse",20,250,2,-0.0848843156939778,-0.085259167763131,-0.00037485206915322,-0.0902183144298295,-0.00533399873585172,-0.0049591466666985,0.0049591466666985,0.1
6,209,"RMST_diff","20_sites_x_250","sparse",20,250,2,1.74176433931583,2.09189133728879,0.350126997972961,2.1032920946694,0.361527755353578,0.011400757380617,0.011400757380617,0.1
6,210,"RD","20_sites_x_250","sparse",20,250,2,-0.0848843156939778,-0.0923417294233979,-0.0074574137294201,-0.0966478589111037,-0.0117635432171259,-0.00430612948770581,0.00430612948770581,0.1
6,210,"RMST_diff","20_sites_x_250","sparse",20,250,2,1.74176433931583,2.03694872243108,0.295184383115258,2.04537960558163,0.303615266265803,0.0084308831505453,0.0084308831505453,0.1
6,211,"RD","20_sites_x_250","sparse",20,250,2,-0.0848843156939778,-0.0885060919293915,-0.00362177623541371,-0.0942427086051881,-0.00935839291121032,-0.00573661667579661,0.00573661667579661,0.1
6,211,"RMST_diff","20_sites_x_250","sparse",20,250,2,1.74176433931583,1.74269503546406,0.000930696148234489,1.80386834468156,0.062104005365736,0.0611733092175015,0.0611733092175015,0.1
6,212,"RD","20_sites_x_250","sparse",20,250,2,-0.0848843156939778,-0.0897124182246052,-0.00482810253062738,-0.0969971334734672,-0.0121128177794894,-0.00728471524886198,0.00728471524886198,0.1
6,212,"RMST_diff","20_sites_x_250","sparse",20,250,2,1.74176433931583,1.63012419718494,-0.111640142130886,1.71759473111526,-0.024169608200566,0.0874705339303201,-0.0874705339303201,0.1
6,213,"RD","20_sites_x_250","sparse",20,250,2,-0.0848843156939778,-0.0844931851097577,0.000391130584220134,-0.0900929888621355,-0.00520867316815765,-0.00559980375237779,0.00481754258393752,0.1
6,213,"RMST_diff","20_sites_x_250","sparse",20,250,2,1.74176433931583,1.51056834001449,-0.231195999301336,1.63651144548613,-0.105252893829697,0.12594310547164,-0.12594310547164,0.1
6,214,"RD","20_sites_x_250","sparse",20,250,2,-0.0848843156939778,-0.0771653554499607,0.00771896024401708,-0.0834685487786277,0.00141576691535006,-0.00630319332866702,-0.00630319332866702,0.1
6,214,"RMST_diff","20_sites_x_250","sparse",20,250,2,1.74176433931583,1.4564027242267,-0.285361615089128,1.58918719244215,-0.152577146873673,0.132784468215455,-0.132784468215455,0.1
6,215,"RD","20_sites_x_250","sparse",20,250,3,-0.0848843156939778,-0.0619271846508795,0.0229571310430983,-0.0613398433584541,0.0235444723355237,0.000587341292425436,0.000587341292425436,0.15
6,215,"RMST_diff","20_sites_x_250","sparse",20,250,3,1.74176433931583,1.18162485427987,-0.560139485035958,1.23731098210611,-0.504453357209718,0.0556861278262399,-0.0556861278262399,0.15
6,216,"RD","20_sites_x_250","sparse",20,250,3,-0.0848843156939778,-0.0524353082619412,0.0324490074320366,-0.0431179468493563,0.0417663688446215,0.00931736141258488,0.00931736141258488,0.15
6,216,"RMST_diff","20_sites_x_250","sparse",20,250,3,1.74176433931583,0.996919170650724,-0.744845168665101,0.9120636640871,-0.829700675228725,-0.0848555065636241,0.0848555065636241,0.15
6,217,"RD","20_sites_x_250","sparse",20,250,3,-0.0848843156939778,-0.0482647813992332,0.0366195342947446,-0.0399682861335282,0.0449160295604496,0.00829649526570497,0.00829649526570497,0.15
6,217,"RMST_diff","20_sites_x_250","sparse",20,250,3,1.74176433931583,0.819455890825514,-0.922308448490311,0.774409058740456,-0.967355280575369,-0.0450468320850579,0.0450468320850579,0.15
6,218,"RD","20_sites_x_250","sparse",20,250,2,-0.0848843156939778,-0.0474524357403228,0.037431879953655,-0.0440114722472298,0.040872843446748,0.00344096349309297,0.00344096349309297,0.1
6,218,"RMST_diff","20_sites_x_250","sparse",20,250,2,1.74176433931583,0.956601109364689,-0.785163229951136,1.00258673223155,-0.739177607084272,0.0459856228668638,-0.0459856228668638,0.1
6,219,"RD","20_sites_x_250","sparse",20,250,2,-0.0848843156939778,-0.0518146156046344,0.0330697000893434,-0.0473793202890198,0.037504995404958,0.0044352953156146,0.0044352953156146,0.1
6,219,"RMST_diff","20_sites_x_250","sparse",20,250,2,1.74176433931583,1.03286197703936,-0.708902362276467,1.06755309415717,-0.674211245158652,0.0346911171178146,-0.0346911171178146,0.1
6,220,"RD","20_sites_x_250","sparse",20,250,2,-0.0848843156939778,-0.0459985361398075,0.0388857795541703,-0.0388140760174515,0.0460702396765263,0.00718446012235607,0.00718446012235607,0.1
6,220,"RMST_diff","20_sites_x_250","sparse",20,250,2,1.74176433931583,0.950199504241436,-0.791564835074389,0.956513228235004,-0.785251111080822,0.00631372399356778,-0.00631372399356778,0.1
6,221,"RD","20_sites_x_250","sparse",20,250,3,-0.0848843156939778,-0.0418835140501261,0.0430008016438517,-0.0311053442341035,0.0537789714598743,0.0107781698160226,0.0107781698160226,0.15
6,221,"RMST_diff","20_sites_x_250","sparse",20,250,3,1.74176433931583,0.966592832486757,-0.775171506829068,0.862090403422531,-0.879673935893294,-0.104502429064226,0.104502429064226,0.15
6,222,"RD","20_sites_x_250","sparse",20,250,3,-0.0848843156939778,-0.0468316733546297,0.0380526423393481,-0.0358489125991318,0.049035403094846,0.0109827607554979,0.0109827607554979,0.15
6,222,"RMST_diff","20_sites_x_250","sparse",20,250,3,1.74176433931583,1.2076846584706,-0.534079680845224,1.09263098389437,-0.649133355421457,-0.115053674576233,0.115053674576233,0.15
6,223,"RD","20_sites_x_250","sparse",20,250,3,-0.0848843156939778,-0.0603693155277655,0.0245150001662123,-0.0546046269092353,0.0302796887847425,0.00576468861853019,0.00576468861853019,0.15
6,223,"RMST_diff","20_sites_x_250","sparse",20,250,3,1.74176433931583,1.34669136493854,-0.395072974377287,1.28987182077345,-0.451892518542373,-0.0568195441650854,0.0568195441650854,0.15
6,224,"RD","20_sites_x_250","sparse",20,250,4,-0.0848843156939778,-0.0488871052115293,0.0359972104824485,-0.0436561856244895,0.0412281300694883,0.00523091958703981,0.00523091958703981,0.2
6,224,"RMST_diff","20_sites_x_250","sparse",20,250,4,1.74176433931583,1.39266791552487,-0.349096423790956,1.32210965249124,-0.41965468682459,-0.0705582630336341,0.0705582630336341,0.2
6,225,"RD","20_sites_x_250","sparse",20,250,3,-0.0848843156939778,-0.0478681467365023,0.0370161689574755,-0.0468458675363869,0.0380384481575909,0.00102227920011544,0.00102227920011544,0.15
6,225,"RMST_diff","20_sites_x_250","sparse",20,250,3,1.74176433931583,1.29086201825391,-0.450902321061914,1.32151591284327,-0.420248426472554,0.03065389458936,-0.03065389458936,0.15
6,226,"RD","20_sites_x_250","sparse",20,250,3,-0.0848843156939778,-0.0514348340226409,0.0334494816713369,-0.0542119403460668,0.030672375347911,-0.00277710632342587,-0.00277710632342587,0.15
6,226,"RMST_diff","20_sites_x_250","sparse",20,250,3,1.74176433931583,1.38725933462882,-0.35450500468701,1.47300108886126,-0.268763250454562,0.0857417542324477,-0.0857417542324477,0.15
6,227,"RD","20_sites_x_250","sparse",20,250,3,-0.0848843156939778,-0.0536319574867026,0.0312523582072752,-0.0488677460589318,0.036016569635046,0.00476421142777073,0.00476421142777073,0.15
6,227,"RMST_diff","20_sites_x_250","sparse",20,250,3,1.74176433931583,1.44938304053988,-0.292381298775949,1.38196698896322,-0.359797350352604,-0.0674160515766555,0.0674160515766555,0.15
6,228,"RD","20_sites_x_250","sparse",20,250,3,-0.0848843156939778,-0.0830757110561879,0.00180860463778987,-0.0693924859035212,0.0154918297904566,0.0136832251526667,0.0136832251526667,0.15
6,228,"RMST_diff","20_sites_x_250","sparse",20,250,3,1.74176433931583,1.76761696305683,0.0258526237410059,1.59635062562295,-0.145413713692877,-0.171266337433883,0.119561089951871,0.15
6,229,"RD","20_sites_x_250","sparse",20,250,3,-0.0848843156939778,-0.0683540489758724,0.0165302667181054,-0.0569941333678985,0.0278901823260793,0.0113599156079739,0.0113599156079739,0.15
6,229,"RMST_diff","20_sites_x_250","sparse",20,250,3,1.74176433931583,1.45714872159695,-0.284615617718877,1.33479613537373,-0.406968203942098,-0.12235258622322,0.12235258622322,0.15
6,230,"RD","20_sites_x_250","sparse",20,250,3,-0.0848843156939778,-0.0609164096067252,0.0239679060872526,-0.0496988314670399,0.0351854842269379,0.0112175781396853,0.0112175781396853,0.15
6,230,"RMST_diff","20_sites_x_250","sparse",20,250,3,1.74176433931583,1.56221865448229,-0.179545684833533,1.45281984779096,-0.288944491524862,-0.109398806691329,0.109398806691329,0.15
6,231,"RD","20_sites_x_250","sparse",20,250,4,-0.0848843156939778,-0.0501081151902132,0.0347762005037646,-0.0386754336844316,0.0462088820095462,0.0114326815057816,0.0114326815057816,0.2
6,231,"RMST_diff","20_sites_x_250","sparse",20,250,4,1.74176433931583,1.44115738856379,-0.300606950752039,1.31217716983035,-0.429587169485471,-0.128980218733432,0.128980218733432,0.2
6,232,"RD","20_sites_x_250","sparse",20,250,4,-0.0848843156939778,-0.0513908597760535,0.0334934559179243,-0.0393525508423991,0.0455317648515787,0.0120383089336544,0.0120383089336544,0.2
6,232,"RMST_diff","20_sites_x_250","sparse",20,250,4,1.74176433931583,1.50102521328815,-0.240739126027673,1.36676316715774,-0.37500117215809,-0.134262046130416,0.134262046130416,0.2
6,233,"RD","20_sites_x_250","sparse",20,250,4,-0.0848843156939778,-0.0511563209131152,0.0337279947808626,-0.0407048642993836,0.0441794513945942,0.0104514566137316,0.0104514566137316,0.2
6,233,"RMST_diff","20_sites_x_250","sparse",20,250,4,1.74176433931583,1.35966040891398,-0.382103930401847,1.20993352042126,-0.531830818894569,-0.149726888492722,0.149726888492722,0.2
6,234,"RD","20_sites_x_250","sparse",20,250,4,-0.0848843156939778,-0.0519700346934798,0.032914281000498,-0.0402756612879954,0.0446086544059824,0.0116943734054844,0.0116943734054844,0.2
6,234,"RMST_diff","20_sites_x_250","sparse",20,250,4,1.74176433931583,1.31245053996961,-0.42931379934622,1.10514519350707,-0.636619145808751,-0.207305346462531,0.207305346462531,0.2
6,235,"RD","20_sites_x_250","sparse",20,250,3,-0.0848843156939778,-0.0523659785039698,0.032518337190008,-0.0447139485057463,0.0401703671882315,0.00765202999822356,0.00765202999822356,0.15
6,235,"RMST_diff","20_sites_x_250","sparse",20,250,3,1.74176433931583,1.19302385861886,-0.548740480696964,1.01552176782715,-0.726242571488672,-0.177502090791709,0.177502090791709,0.15
6,236,"RD","20_sites_x_250","sparse",20,250,3,-0.0848843156939778,-0.0370755531507622,0.0478087625432156,-0.0306434690046746,0.0542408466893032,0.00643208414608754,0.00643208414608754,0.15
6,236,"RMST_diff","20_sites_x_250","sparse",20,250,3,1.74176433931583,0.985055685963177,-0.756708653352648,0.844916946896014,-0.896847392419811,-0.140138739067163,0.140138739067163,0.15
6,237,"RD","20_sites_x_250","sparse",20,250,3,-0.0848843156939778,-0.0365762173313567,0.0483080983626211,-0.0301703837851461,0.0547139319088317,0.0064058335462106,0.0064058335462106,0.15
6,237,"RMST_diff","20_sites_x_250","sparse",20,250,3,1.74176433931583,1.10290755541639,-0.638856783899437,0.954020531172699,-0.787743808143127,-0.14888702424369,0.14888702424369,0.15
6,238,"RD","20_sites_x_250","sparse",20,250,3,-0.0848843156939778,-0.0407448030520664,0.0441395126419114,-0.034663440748518,0.0502208749454598,0.00608136230354839,0.00608136230354839,0.15
6,238,"RMST_diff","20_sites_x_250","sparse",20,250,3,1.74176433931583,1.0159190859694,-0.72584525334643,0.858914897442062,-0.882849441873763,-0.157004188527333,0.157004188527333,0.15
6,239,"RD","20_sites_x_250","sparse",20,250,3,-0.0848843156939778,-0.0410109064325046,0.0438734092614732,-0.0348734249845963,0.0500108907093815,0.00613748144790827,0.00613748144790827,0.15
6,239,"RMST_diff","20_sites_x_250","sparse",20,250,3,1.74176433931583,1.05985672369051,-0.681907615625311,0.878041901354534,-0.863722437961291,-0.18181482233598,0.18181482233598,0.15
6,240,"RD","20_sites_x_250","sparse",20,250,3,-0.0848843156939778,-0.0414694264354991,0.0434148892584787,-0.0356925201895317,0.0491917955044461,0.00577690624596738,0.00577690624596738,0.15
6,240,"RMST_diff","20_sites_x_250","sparse",20,250,3,1.74176433931583,1.2166461964679,-0.52511814284793,1.0517440483962,-0.690020290919625,-0.164902148071695,0.164902148071695,0.15
6,241,"RD","20_sites_x_250","sparse",20,250,2,-0.0848843156939778,-0.0488138994326499,0.0360704162613279,-0.0459788748670706,0.0389054408269072,0.00283502456557927,0.00283502456557927,0.1
6,241,"RMST_diff","20_sites_x_250","sparse",20,250,2,1.74176433931583,1.46783606401563,-0.273928275300193,1.37833525095651,-0.363429088359313,-0.0895008130591197,0.0895008130591197,0.1
6,242,"RD","20_sites_x_250","sparse",20,250,2,-0.0848843156939778,-0.0454347488755313,0.0394495668184465,-0.0423823177184041,0.0425019979755737,0.00305243115712728,0.00305243115712728,0.1
6,242,"RMST_diff","20_sites_x_250","sparse",20,250,2,1.74176433931583,1.30565072909021,-0.436113610225615,1.20900305639143,-0.532761282924392,-0.0966476726987775,0.0966476726987775,0.1
6,243,"RD","20_sites_x_250","sparse",20,250,2,-0.0848843156939778,-0.0329075759325538,0.051976739761424,-0.0246060282522353,0.0602782874417425,0.00830154768031843,0.00830154768031843,0.1
6,243,"RMST_diff","20_sites_x_250","sparse",20,250,2,1.74176433931583,1.08898810009326,-0.652776239222561,0.92117942303507,-0.820584916280755,-0.167808677058193,0.167808677058193,0.1
6,244,"RD","20_sites_x_250","sparse",20,250,1,-0.0848843156939778,-0.0363483121468868,0.048536003547091,-0.0294503941073259,0.0554339215866519,0.00689791803956097,0.00689791803956097,0.05
6,244,"RMST_diff","20_sites_x_250","sparse",20,250,1,1.74176433931583,0.956745325667358,-0.785019013648467,0.820417637125505,-0.92134670219032,-0.136327688541853,0.136327688541853,0.05
6,245,"RD","20_sites_x_250","sparse",20,250,1,-0.0848843156939778,-0.039472987831462,0.0454113278625158,-0.0338876520647249,0.0509966636292529,0.00558533576673714,0.00558533576673714,0.05
6,245,"RMST_diff","20_sites_x_250","sparse",20,250,1,1.74176433931583,1.02095772387575,-0.720806615440072,0.918824053756968,-0.822940285558857,-0.102133670118786,0.102133670118786,0.05
6,246,"RD","20_sites_x_250","sparse",20,250,1,-0.0848843156939778,-0.0421097681623404,0.0427745475316375,-0.036196900426418,0.0486874152675598,0.00591286773592237,0.00591286773592237,0.05
6,246,"RMST_diff","20_sites_x_250","sparse",20,250,1,1.74176433931583,1.01447932759087,-0.727285011724957,0.904201436993173,-0.837562902322652,-0.110277890597695,0.110277890597695,0.05
6,247,"RD","20_sites_x_250","sparse",20,250,1,-0.0848843156939778,-0.0323040063655617,0.0525803093284161,-0.0304493360700397,0.0544349796239381,0.001854670295522,0.001854670295522,0.05
6,247,"RMST_diff","20_sites_x_250","sparse",20,250,1,1.74176433931583,0.762786426007354,-0.978977913308471,0.72701412883799,-1.01475021047784,-0.0357722971693644,0.0357722971693644,0.05
6,248,"RD","20_sites_x_250","sparse",20,250,1,-0.0848843156939778,-0.032409642356263,0.0524746733377148,-0.0286586386218778,0.0562256770721,0.00375100373438519,0.00375100373438519,0.05
6,248,"RMST_diff","20_sites_x_250","sparse",20,250,1,1.74176433931583,0.841731866729281,-0.900032472586544,0.740860998794679,-1.00090334052115,-0.100870867934603,0.100870867934603,0.05
6,249,"RD","20_sites_x_250","sparse",20,250,1,-0.0848843156939778,-0.0296153013175745,0.0552690143764033,-0.0261973042766777,0.0586870114173002,0.00341799704089685,0.00341799704089685,0.05
6,249,"RMST_diff","20_sites_x_250","sparse",20,250,1,1.74176433931583,0.852626817174336,-0.889137522141489,0.753253800386567,-0.988510538929258,-0.0993730167877693,0.0993730167877693,0.05
6,250,"RD","20_sites_x_250","sparse",20,250,1,-0.0848843156939778,-0.0345581624532176,0.0503261532407602,-0.0342175054588216,0.0506668102351562,0.000340656994396005,0.000340656994396005,0.05
6,250,"RMST_diff","20_sites_x_250","sparse",20,250,1,1.74176433931583,0.560124287150055,-1.18164005216577,0.592606005603647,-1.14915833371218,0.0324817184535924,-0.0324817184535924,0.05
6,251,"RD","20_sites_x_250","sparse",20,250,0,-0.0848843156939778,-0.0449722407334144,0.0399120749605634,-0.0457418006945975,0.0391425149993803,-0.000769559961183108,-0.000769559961183108,0
6,251,"RMST_diff","20_sites_x_250","sparse",20,250,0,1.74176433931583,0.730399170082078,-1.01136516923375,0.748474799115298,-0.993289540200527,0.0180756290332198,-0.0180756290332198,0
6,252,"RD","20_sites_x_250","sparse",20,250,0,-0.0848843156939778,-0.0406338184442882,0.0442504972496897,-0.0395240618858121,0.0453602538081657,0.001109756558476,0.001109756558476,0
6,252,"RMST_diff","20_sites_x_250","sparse",20,250,0,1.74176433931583,0.715493101987109,-1.02627123732872,0.70115577607689,-1.04060856323894,-0.0143373259102191,0.0143373259102191,0
6,253,"RD","20_sites_x_250","sparse",20,250,0,-0.0848843156939778,-0.0452766585970948,0.039607657096883,-0.0443781115841487,0.0405062041098291,0.000898547012946116,0.000898547012946116,0
6,253,"RMST_diff","20_sites_x_250","sparse",20,250,0,1.74176433931583,0.710603818155748,-1.03116052116008,0.700965810540623,-1.0407985287752,-0.00963800761512523,0.00963800761512523,0
6,254,"RD","20_sites_x_250","sparse",20,250,0,-0.0848843156939778,-0.0423450288080495,0.0425392868859283,-0.0417420855586252,0.0431422301353526,0.000602943249424226,0.000602943249424226,0
6,254,"RMST_diff","20_sites_x_250","sparse",20,250,0,1.74176433931583,0.79006242501492,-0.951701914300905,0.829630269518281,-0.912134069797544,0.0395678445033614,-0.0395678445033614,0
6,255,"RD","20_sites_x_250","sparse",20,250,0,-0.0848843156939778,-0.049753092961152,0.0351312227328258,-0.0514545638676023,0.0334297518263755,-0.00170147090645023,-0.00170147090645023,0
6,255,"RMST_diff","20_sites_x_250","sparse",20,250,0,1.74176433931583,0.984795739430918,-0.756968599884907,1.08735994799935,-0.654404391316476,0.102564208568431,-0.102564208568431,0
6,256,"RD","20_sites_x_250","sparse",20,250,0,-0.0848843156939778,-0.0614765581131818,0.0234077575807961,-0.0624710191947733,0.0224132964992045,-0.000994461081591513,-0.000994461081591513,0
6,256,"RMST_diff","20_sites_x_250","sparse",20,250,0,1.74176433931583,1.20989290624178,-0.531871433074047,1.28390493979996,-0.457859399515868,0.0740120335581782,-0.0740120335581782,0
6,257,"RD","20_sites_x_250","sparse",20,250,0,-0.0848843156939778,-0.0659099950764137,0.0189743206175641,-0.0667324648395804,0.0181518508543974,-0.000822469763166689,-0.000822469763166689,0
6,257,"RMST_diff","20_sites_x_250","sparse",20,250,0,1.74176433931583,1.16666031002294,-0.575104029292881,1.24040401605277,-0.501360323263059,0.0737437060298216,-0.0737437060298216,0
6,258,"RD","20_sites_x_250","sparse",20,250,0,-0.0848843156939778,-0.0718395499823229,0.0130447657116549,-0.0728541772046127,0.0120301384893651,-0.00101462722228984,-0.00101462722228984,0
6,258,"RMST_diff","20_sites_x_250","sparse",20,250,0,1.74176433931583,1.21281123117328,-0.528953108142543,1.2955064011489,-0.446257938166921,0.0826951699756222,-0.0826951699756222,0
6,259,"RD","20_sites_x_250","sparse",20,250,0,-0.0848843156939778,-0.0838854498750558,0.000998865818922057,-0.0840960780610708,0.00078823763290703,-0.000210628186015027,-0.000210628186015027,0
6,259,"RMST_diff","20_sites_x_250","sparse",20,250,0,1.74176433931583,1.36749736389843,-0.374266975417394,1.43434127650106,-0.307423062814765,0.0668439126026286,-0.0668439126026286,0
6,260,"RD","20_sites_x_250","sparse",20,250,0,-0.0848843156939778,-0.0845428245418111,0.000341491152166751,-0.0848405287478171,4.37869461606955e-05,-0.000297704206006055,-0.000297704206006055,0
6,260,"RMST_diff","20_sites_x_250","sparse",20,250,0,1.74176433931583,1.30737870265777,-0.434385636658055,1.34900943588043,-0.392754903435398,0.0416307332226573,-0.0416307332226573,0
6,261,"RD","20_sites_x_250","sparse",20,250,0,-0.0848843156939778,-0.0948740541719966,-0.00998973847801876,-0.100787099335,-0.0159027836410217,-0.00591304516300295,0.00591304516300295,0
6,261,"RMST_diff","20_sites_x_250","sparse",20,250,0,1.74176433931583,1.50667318639096,-0.235091152924863,1.68222576769154,-0.0595385716242891,0.175552581300574,-0.175552581300574,0
6,262,"RD","20_sites_x_250","sparse",20,250,0,-0.0848843156939778,-0.0938164474071944,-0.00893213171321661,-0.100080980082474,-0.0151966643884961,-0.00626453267527949,0.00626453267527949,0
6,262,"RMST_diff","20_sites_x_250","sparse",20,250,0,1.74176433931583,1.53512558327519,-0.20663875604064,1.71882962926094,-0.0229347100548889,0.183704045985751,-0.183704045985751,0
6,263,"RD","20_sites_x_250","sparse",20,250,0,-0.0848843156939778,-0.089528302539841,-0.0046439868458632,-0.0934274239493824,-0.00854310825540461,-0.00389912140954141,0.00389912140954141,0
6,263,"RMST_diff","20_sites_x_250","sparse",20,250,0,1.74176433931583,1.57213505979778,-0.16962927951805,1.78151037553782,0.0397460362219935,0.209375315740044,-0.129883243296057,0
6,264,"RD","20_sites_x_250","sparse",20,250,0,-0.0848843156939778,-0.103855905018709,-0.0189715893247314,-0.110009507314974,-0.0251251916209966,-0.00615360229626516,0.00615360229626516,0
6,264,"RMST_diff","20_sites_x_250","sparse",20,250,0,1.74176433931583,1.92246863825546,0.180704298939631,2.17611112674221,0.434346787426387,0.253642488486756,0.253642488486756,0
6,265,"RD","20_sites_x_250","sparse",20,250,0,-0.0848843156939778,-0.127633552464966,-0.0427492367709877,-0.12525694132931,-0.0403726256353319,0.00237661113565579,-0.00237661113565579,0
6,265,"RMST_diff","20_sites_x_250","sparse",20,250,0,1.74176433931583,2.26867746068394,0.52691312136812,2.40506582962764,0.663301490311811,0.136388368943692,0.136388368943692,0
6,266,"RD","20_sites_x_250","sparse",20,250,0,-0.0848843156939778,-0.127382314297414,-0.0424979986034366,-0.122889840779987,-0.0380055250860089,0.00449247351742776,-0.00449247351742776,0
6,266,"RMST_diff","20_sites_x_250","sparse",20,250,0,1.74176433931583,2.2521098238705,0.510345484554673,2.31662677937474,0.574862440058919,0.0645169555042457,0.0645169555042457,0
6,267,"RD","20_sites_x_250","sparse",20,250,0,-0.0848843156939778,-0.134240066840339,-0.049355751146361,-0.128941059857029,-0.0440567441630516,0.00529900698330943,-0.00529900698330943,0
6,267,"RMST_diff","20_sites_x_250","sparse",20,250,0,1.74176433931583,2.36609447256723,0.624330133251405,2.42100887970426,0.679244540388433,0.0549144071370282,0.0549144071370282,0
6,268,"RD","20_sites_x_250","sparse",20,250,0,-0.0848843156939778,-0.151816680898401,-0.0669323652044232,-0.142644043132691,-0.0577597274387134,0.00917263776570987,-0.00917263776570987,0
6,268,"RMST_diff","20_sites_x_250","sparse",20,250,0,1.74176433931583,2.53971024445699,0.797945905141168,2.57314803234969,0.83138369303386,0.0334377878926926,0.0334377878926926,0
6,269,"RD","20_sites_x_250","sparse",20,250,0,-0.0848843156939778,-0.16458697980153,-0.0797026641075527,-0.155371146151556,-0.0704868304575781,0.00921583364997458,-0.00921583364997458,0
6,269,"RMST_diff","20_sites_x_250","sparse",20,250,0,1.74176433931583,2.64446456937125,0.902700230055428,2.69647248206129,0.95470814274546,0.0520079126900317,0.0520079126900317,0
6,270,"RD","20_sites_x_250","sparse",20,250,0,-0.0848843156939778,-0.176617155171499,-0.0917328394775208,-0.163000780709434,-0.0781164650154559,0.0136163744620649,-0.0136163744620649,0
6,270,"RMST_diff","20_sites_x_250","sparse",20,250,0,1.74176433931583,3.0552154281481,1.31345108883227,2.96391573028789,1.22215139097206,-0.0912996978602063,-0.0912996978602063,0
6,271,"RD","20_sites_x_250","sparse",20,250,0,-0.0848843156939778,-0.187028081467303,-0.102143765773325,-0.174232525939969,-0.089348210245991,0.0127955555273337,-0.0127955555273337,0
6,271,"RMST_diff","20_sites_x_250","sparse",20,250,0,1.74176433931583,3.26516804888835,1.52340370957253,3.20451191428064,1.46274757496482,-0.0606561346077079,-0.0606561346077079,0
6,272,"RD","20_sites_x_250","sparse",20,250,0,-0.0848843156939778,-0.182270725951232,-0.0973864102572541,-0.168941146445422,-0.084056830751444,0.0133295795058102,-0.0133295795058102,0
6,272,"RMST_diff","20_sites_x_250","sparse",20,250,0,1.74176433931583,3.16786034813428,1.42609600881845,3.09949140458215,1.35772706526632,-0.0683689435521284,-0.0683689435521284,0
6,273,"RD","20_sites_x_250","sparse",20,250,0,-0.0848843156939778,-0.187718231588092,-0.102833915894114,-0.175193005611318,-0.0903086899173403,0.0125252259767734,-0.0125252259767734,0
6,273,"RMST_diff","20_sites_x_250","sparse",20,250,0,1.74176433931583,3.39209979286368,1.65033545354785,3.3506351162673,1.60887077695148,-0.0414646765963749,-0.0414646765963749,0
6,274,"RD","20_sites_x_250","sparse",20,250,0,-0.0848843156939778,-0.205714476747112,-0.120830161053134,-0.193152020843589,-0.108267705149612,0.0125624559035229,-0.0125624559035229,0
6,274,"RMST_diff","20_sites_x_250","sparse",20,250,0,1.74176433931583,3.54436774910905,1.80260340979322,3.51474210567991,1.77297776636409,-0.0296256434291351,-0.0296256434291351,0
6,275,"RD","20_sites_x_250","sparse",20,250,0,-0.0848843156939778,-0.195772221052542,-0.110887905358564,-0.18254474811844,-0.0976604324244619,0.0132274729341024,-0.0132274729341024,0
6,275,"RMST_diff","20_sites_x_250","sparse",20,250,0,1.74176433931583,3.38103999502705,1.63927565571123,3.34203600349129,1.60027166417547,-0.0390039915357629,-0.0390039915357629,0
6,276,"RD","20_sites_x_250","sparse",20,250,0,-0.0848843156939778,-0.189779540456279,-0.104895224762301,-0.177622452766709,-0.0927381370727312,0.01215708768957,-0.01215708768957,0
6,276,"RMST_diff","20_sites_x_250","sparse",20,250,0,1.74176433931583,3.39721293507895,1.65544859576312,3.36373298419312,1.62196864487729,-0.0334799508858286,-0.0334799508858286,0
6,277,"RD","20_sites_x_250","sparse",20,250,0,-0.0848843156939778,-0.191743484025007,-0.106859168331029,-0.179272445146222,-0.0943881294522442,0.0124710388787848,-0.0124710388787848,0
6,277,"RMST_diff","20_sites_x_250","sparse",20,250,0,1.74176433931583,3.34810975073653,1.6063454114207,3.29247973547421,1.55071539615838,-0.0556300152623219,-0.0556300152623219,0
6,278,"RD","20_sites_x_250","sparse",20,250,0,-0.0848843156939778,-0.197138479303948,-0.112254163609971,-0.185924371568602,-0.101040055874625,0.011214107735346,-0.011214107735346,0
6,278,"RMST_diff","20_sites_x_250","sparse",20,250,0,1.74176433931583,3.54469473481448,1.80293039549866,3.51949618831219,1.77773184899636,-0.0251985465022955,-0.0251985465022955,0
6,279,"RD","20_sites_x_250","sparse",20,250,0,-0.0848843156939778,-0.187176859038226,-0.102292543344248,-0.177000692896952,-0.0921163772029738,0.0101761661412741,-0.0101761661412741,0
6,279,"RMST_diff","20_sites_x_250","sparse",20,250,0,1.74176433931583,3.45913756691769,1.71737322760187,3.43925085070951,1.69748651139369,-0.0198867162081804,-0.0198867162081804,0
6,280,"RD","20_sites_x_250","sparse",20,250,0,-0.0848843156939778,-0.189818179310883,-0.104933863616905,-0.179494487985496,-0.0946101722915181,0.010323691325387,-0.010323691325387,0
6,280,"RMST_diff","20_sites_x_250","sparse",20,250,0,1.74176433931583,3.45952011948456,1.71775578016873,3.43357315480323,1.6918088154874,-0.0259469646813333,-0.0259469646813333,0
6,281,"RD","20_sites_x_250","sparse",20,250,0,-0.0848843156939778,-0.182086740443331,-0.0972024247493531,-0.167464085066987,-0.0825797693730091,0.014622655376344,-0.014622655376344,0
6,281,"RMST_diff","20_sites_x_250","sparse",20,250,0,1.74176433931583,3.2296545441004,1.48789020478457,3.0713152379301,1.32955089861427,-0.158339306170298,-0.158339306170298,0
6,282,"RD","20_sites_x_250","sparse",20,250,0,-0.0848843156939778,-0.182959875829694,-0.0980755601357159,-0.169262044226526,-0.0843777285325478,0.0136978316031682,-0.0136978316031682,0
6,282,"RMST_diff","20_sites_x_250","sparse",20,250,0,1.74176433931583,3.23042178161501,1.48865744229919,3.07031270186331,1.32854836254748,-0.160109079751704,-0.160109079751704,0
6,283,"RD","20_sites_x_250","sparse",20,250,0,-0.0848843156939778,-0.191393641080536,-0.106509325386558,-0.184770639358371,-0.099886323664393,0.00662300172216501,-0.00662300172216501,0
6,283,"RMST_diff","20_sites_x_250","sparse",20,250,0,1.74176433931583,3.30825026251889,1.56648592320307,3.20668325667288,1.46491891735705,-0.101567005846016,-0.101567005846016,0
6,284,"RD","20_sites_x_250","sparse",20,250,0,-0.0848843156939778,-0.182912847214248,-0.0980285315202702,-0.17346144478745,-0.0885771290934723,0.00945140242679798,-0.00945140242679798,0
6,284,"RMST_diff","20_sites_x_250","sparse",20,250,0,1.74176433931583,3.09311424356291,1.35134990424709,2.93108688968762,1.1893225503718,-0.162027353875288,-0.162027353875288,0
6,285,"RD","20_sites_x_250","sparse",20,250,0,-0.0848843156939778,-0.170305179378069,-0.0854208636840911,-0.160352296769451,-0.0754679810754735,0.0099528826086176,-0.0099528826086176,0
6,285,"RMST_diff","20_sites_x_250","sparse",20,250,0,1.74176433931583,3.04127647098856,1.29951213167274,2.91095330475874,1.16918896544291,-0.130323166229825,-0.130323166229825,0
6,286,"RD","20_sites_x_250","sparse",20,250,0,-0.0848843156939778,-0.163906620682342,-0.0790223049883645,-0.152722062175431,-0.0678377464814532,0.0111845585069112,-0.0111845585069112,0
6,286,"RMST_diff","20_sites_x_250","sparse",20,250,0,1.74176433931583,2.92454596445827,1.18278162514244,2.77255874436388,1.03079440504806,-0.151987220094382,-0.151987220094382,0
6,287,"RD","20_sites_x_250","sparse",20,250,0,-0.0848843156939778,-0.160558824927227,-0.0756745092332491,-0.14954167519428,-0.0646573595003018,0.0110171497329473,-0.0110171497329473,0
6,287,"RMST_diff","20_sites_x_250","sparse",20,250,0,1.74176433931583,2.81807880544504,1.07631446612922,2.66664596050805,0.924881621192227,-0.151432844936989,-0.151432844936989,0
6,288,"RD","20_sites_x_250","sparse",20,250,0,-0.0848843156939778,-0.132259698892557,-0.0473753831985791,-0.125525561650755,-0.0406412459567772,0.00673413724180194,-0.00673413724180194,0
6,288,"RMST_diff","20_sites_x_250","sparse",20,250,0,1.74176433931583,2.2614081128092,0.519643773493373,2.19656732022569,0.454802980909866,-0.0648407925835066,-0.0648407925835066,0
6,289,"RD","20_sites_x_250","sparse",20,250,0,-0.0848843156939778,-0.122749451410857,-0.0378651357168791,-0.117032675546053,-0.0321483598520755,0.00571677586480357,-0.00571677586480357,0
6,289,"RMST_diff","20_sites_x_250","sparse",20,250,0,1.74176433931583,2.14735528935367,0.405590950037846,2.09429287136009,0.352528532044264,-0.0530624179935817,-0.0530624179935817,0
6,290,"RD","20_sites_x_250","sparse",20,250,0,-0.0848843156939778,-0.109435616738192,-0.0245513010442139,-0.104231066762331,-0.0193467510683535,0.0052045499758604,-0.0052045499758604,0
6,290,"RMST_diff","20_sites_x_250","sparse",20,250,0,1.74176433931583,1.8964455803316,0.154681241015776,1.85475904316673,0.112994703850907,-0.0416865371648694,-0.0416865371648694,0
6,291,"RD","20_sites_x_250","sparse",20,250,0,-0.0848843156939778,-0.0849752744542966,-9.09587603188378e-05,-0.0843540828191258,0.000530232874851988,0.000621191635170826,0.00043927411453315,0
6,291,"RMST_diff","20_sites_x_250","sparse",20,250,0,1.74176433931583,1.52605801303481,-0.21570632628101,1.56567403031296,-0.176090309002861,0.0396160172781492,-0.0396160172781492,0
6,292,"RD","20_sites_x_250","sparse",20,250,0,-0.0848843156939778,-0.0869316714889542,-0.00204735579497639,-0.0867483942351789,-0.00186407854120108,0.000183277253775316,-0.000183277253775316,0
6,292,"RMST_diff","20_sites_x_250","sparse",20,250,0,1.74176433931583,1.5953120686751,-0.146452270640722,1.64509688887198,-0.0966674504438494,0.0497848201968729,-0.0497848201968729,0
6,293,"RD","20_sites_x_250","sparse",20,250,0,-0.0848843156939778,-0.0883466341678721,-0.00346231847389433,-0.0880588368541899,-0.00317452116021211,0.000287797313682225,-0.000287797313682225,0
6,293,"RMST_diff","20_sites_x_250","sparse",20,250,0,1.74176433931583,1.51552784098172,-0.226236498334107,1.55464114112229,-0.18712319819354,0.039113300140567,-0.039113300140567,0
6,294,"RD","20_sites_x_250","sparse",20,250,1,-0.0848843156939778,-0.0635533610245906,0.0213309546693872,-0.0669569524917362,0.0179273632022416,-0.00340359146714553,-0.00340359146714553,0.05
6,294,"RMST_diff","20_sites_x_250","sparse",20,250,1,1.74176433931583,1.09945924197468,-0.642305097341145,1.17985696298415,-0.561907376331677,0.0803977210094686,-0.0803977210094686,0.05
6,295,"RD","20_sites_x_250","sparse",20,250,1,-0.0848843156939778,-0.0618258576935038,0.023058458000474,-0.0694365847522144,0.0154477309417634,-0.00761072705871058,-0.00761072705871058,0.05
6,295,"RMST_diff","20_sites_x_250","sparse",20,250,1,1.74176433931583,1.42041054531412,-0.321353794001702,1.42188646318996,-0.319877876125867,0.00147591787583501,-0.00147591787583501,0.05
6,296,"RD","20_sites_x_250","sparse",20,250,1,-0.0848843156939778,-0.0609248825920976,0.0239594331018802,-0.0687938557616643,0.0160904599323135,-0.0078689731695667,-0.0078689731695667,0.05
6,296,"RMST_diff","20_sites_x_250","sparse",20,250,1,1.74176433931583,1.23524941043702,-0.506514928878801,1.22757280381628,-0.514191535499549,-0.00767660662074832,0.00767660662074832,0.05
6,297,"RD","20_sites_x_250","sparse",20,250,1,-0.0848843156939778,-0.0588659676072428,0.026018348086735,-0.0658601465039741,0.0190241691900037,-0.00699417889673126,-0.00699417889673126,0.05
6,297,"RMST_diff","20_sites_x_250","sparse",20,250,1,1.74176433931583,1.16550002503578,-0.576264314280047,1.14806810344634,-0.593696235869482,-0.0174319215894343,0.0174319215894343,0.05
6,298,"RD","20_sites_x_250","sparse",20,250,1,-0.0848843156939778,-0.0496135577462515,0.0352707579477263,-0.0543216307965236,0.0305626848974542,-0.0047080730502721,-0.0047080730502721,0.05
6,298,"RMST_diff","20_sites_x_250","sparse",20,250,1,1.74176433931583,0.898554468260601,-0.843209871055224,0.838675816347163,-0.903088522968662,-0.0598786519134382,0.0598786519134382,0.05
6,299,"RD","20_sites_x_250","sparse",20,250,1,-0.0848843156939778,-0.0436161102986178,0.04126820539536,-0.0487492247741637,0.0361350909198142,-0.00513311447554587,-0.00513311447554587,0.05
6,299,"RMST_diff","20_sites_x_250","sparse",20,250,1,1.74176433931583,0.854689498204355,-0.88707484111147,0.813432622908943,-0.928331716406882,-0.0412568752954119,0.0412568752954119,0.05
6,300,"RD","20_sites_x_250","sparse",20,250,1,-0.0848843156939778,-0.0443594655919992,0.0405248501019786,-0.0471896459448072,0.0376946697491706,-0.00283018035280802,-0.00283018035280802,0.05
6,300,"RMST_diff","20_sites_x_250","sparse",20,250,1,1.74176433931583,0.895463593737389,-0.846300745578436,0.823080893321805,-0.91868344599402,-0.0723827004155844,0.0723827004155844,0.05
7,1,"RD","50_sites_x_100","sparse",50,100,12,-0.0848843156939778,-0.145749674887599,-0.0608653591936215,-0.160146566143263,-0.0752622504492848,-0.0143968912556633,0.0143968912556633,0.24
7,1,"RMST_diff","50_sites_x_100","sparse",50,100,12,1.74176433931583,2.91880084564802,1.17703650633219,2.90080656888643,1.1590422295706,-0.0179942767615877,-0.0179942767615877,0.24
7,2,"RD","50_sites_x_100","sparse",50,100,12,-0.0848843156939778,-0.1366053388181,-0.0517210231241223,-0.155292452179008,-0.0704081364850301,-0.0186871133609078,0.0186871133609078,0.24
7,2,"RMST_diff","50_sites_x_100","sparse",50,100,12,1.74176433931583,2.78933139933597,1.04756706002014,2.79273556409791,1.05097122478208,0.00340416476194072,0.00340416476194072,0.24
7,3,"RD","50_sites_x_100","sparse",50,100,12,-0.0848843156939778,-0.129484751871586,-0.0446004361776082,-0.150821315331256,-0.0659369996372778,-0.0213365634596696,0.0213365634596696,0.24
7,3,"RMST_diff","50_sites_x_100","sparse",50,100,12,1.74176433931583,2.68728770090714,0.945523361591313,2.7200410888155,0.978276749499678,0.0327533879083646,0.0327533879083646,0.24
7,4,"RD","50_sites_x_100","sparse",50,100,11,-0.0848843156939778,-0.136634240702561,-0.0517499250085832,-0.15610826728739,-0.0712239515934124,-0.0194740265848292,0.0194740265848292,0.22
7,4,"RMST_diff","50_sites_x_100","sparse",50,100,11,1.74176433931583,2.81875798719962,1.0769936478838,2.77316612312903,1.03140178381321,-0.045591864070591,-0.045591864070591,0.22
7,5,"RD","50_sites_x_100","sparse",50,100,12,-0.0848843156939778,-0.134600765441574,-0.0497164497475966,-0.156576803664667,-0.0716924879706892,-0.0219760382230926,0.0219760382230926,0.24
7,5,"RMST_diff","50_sites_x_100","sparse",50,100,12,1.74176433931583,2.79427917975736,1.05251484044153,2.77991379703241,1.03814945771658,-0.0143653827249484,-0.0143653827249484,0.24
7,6,"RD","50_sites_x_100","sparse",50,100,13,-0.0848843156939778,-0.100561479195303,-0.0156771635013256,-0.141368416245141,-0.0564841005511636,-0.040806937049838,0.040806937049838,0.26
7,6,"RMST_diff","50_sites_x_100","sparse",50,100,13,1.74176433931583,2.44392403063878,0.70215969132296,2.71464173740128,0.972877398085453,0.270717706762493,0.270717706762493,0.26
7,7,"RD","50_sites_x_100","sparse",50,100,14,-0.0848843156939778,-0.0920988440503638,-0.00721452835638603,-0.134143208258848,-0.0492588925648703,-0.0420443642084842,0.0420443642084842,0.28
7,7,"RMST_diff","50_sites_x_100","sparse",50,100,14,1.74176433931583,2.28159368747341,0.539829348157584,2.57458096313198,0.832816623816154,0.29298727565857,0.29298727565857,0.28
7,8,"RD","50_sites_x_100","sparse",50,100,15,-0.0848843156939778,-0.0926523618334615,-0.00776804613948368,-0.14361519345648,-0.0587308777625022,-0.0509628316230185,0.0509628316230185,0.3
7,8,"RMST_diff","50_sites_x_100","sparse",50,100,15,1.74176433931583,2.28371992505546,0.54195558573964,2.70018760974672,0.95842327043089,0.41646768469125,0.41646768469125,0.3
7,9,"RD","50_sites_x_100","sparse",50,100,15,-0.0848843156939778,-0.0885242575977456,-0.00363994190376782,-0.143690216347988,-0.0588059006540098,-0.055165958750242,0.055165958750242,0.3
7,9,"RMST_diff","50_sites_x_100","sparse",50,100,15,1.74176433931583,2.13298576659509,0.39122142727927,2.67551429192352,0.933749952607698,0.542528525328429,0.542528525328429,0.3
7,10,"RD","50_sites_x_100","sparse",50,100,15,-0.0848843156939778,-0.0857287363241841,-0.000844420630206288,-0.131020543661506,-0.046136227967528,-0.0452918073373217,0.0452918073373217,0.3
7,10,"RMST_diff","50_sites_x_100","sparse",50,100,15,1.74176433931583,2.11036740644083,0.368603067125004,2.51941974985628,0.77765541054046,0.409052343415455,0.409052343415455,0.3
7,11,"RD","50_sites_x_100","sparse",50,100,16,-0.0848843156939778,-0.0736071296352291,0.0112771860587487,-0.123677668293665,-0.0387933525996875,-0.0500705386584362,0.0275161665409388,0.32
7,11,"RMST_diff","50_sites_x_100","sparse",50,100,16,1.74176433931583,2.12329259529953,0.381528255983703,2.52426775931177,0.782503419995948,0.400975164012245,0.400975164012245,0.32
7,12,"RD","50_sites_x_100","sparse",50,100,16,-0.0848843156939778,-0.063635764263713,0.0212485514302648,-0.117118238947377,-0.0322339232533988,-0.0534824746836636,0.010985371823134,0.32
7,12,"RMST_diff","50_sites_x_100","sparse",50,100,16,1.74176433931583,1.84111266306369,0.0993483237478667,2.38535417321667,0.643589833900846,0.544241510152979,0.544241510152979,0.32
7,13,"RD","50_sites_x_100","sparse",50,100,16,-0.0848843156939778,-0.0707978837290369,0.0140864319649409,-0.120733933065175,-0.0358496173711973,-0.0499360493361382,0.0217631854062564,0.32
7,13,"RMST_diff","50_sites_x_100","sparse",50,100,16,1.74176433931583,1.6812503014425,-0.0605140378733218,2.27536186617139,0.53359752685556,0.594111564728882,0.473083488982239,0.32
7,14,"RD","50_sites_x_100","sparse",50,100,16,-0.0848843156939778,-0.0837385055634068,0.00114581013057102,-0.135094968426477,-0.0502106527324988,-0.0513564628630698,0.0490648426019278,0.32
7,14,"RMST_diff","50_sites_x_100","sparse",50,100,16,1.74176433931583,1.67384614460676,-0.0679181947090672,2.35024180217573,0.6084774628599,0.676395657568968,0.540559268150833,0.32
7,15,"RD","50_sites_x_100","sparse",50,100,16,-0.0848843156939778,-0.0817774713558326,0.00310684433814523,-0.131122255621227,-0.0462379399272494,-0.0493447842653947,0.0431310955891042,0.32
7,15,"RMST_diff","50_sites_x_100","sparse",50,100,16,1.74176433931583,1.67515990196929,-0.0666044373465322,2.3226295884919,0.580865249176078,0.64746968652261,0.514260811829546,0.32
7,16,"RD","50_sites_x_100","sparse",50,100,16,-0.0848843156939778,-0.0878680746790955,-0.00298375898511771,-0.130837749726669,-0.045953434032691,-0.0429696750475733,0.0429696750475733,0.32
7,16,"RMST_diff","50_sites_x_100","sparse",50,100,16,1.74176433931583,1.79653521571948,0.0547708764036532,2.32325636186797,0.58149202255214,0.526721146148487,0.526721146148487,0.32
7,17,"RD","50_sites_x_100","sparse",50,100,16,-0.0848843156939778,-0.0774158465457336,0.00746846914824417,-0.126629464383185,-0.0417451486892075,-0.0492136178374517,0.0342766795409634,0.32
7,17,"RMST_diff","50_sites_x_100","sparse",50,100,16,1.74176433931583,1.91907194632406,0.177307607008231,2.36684120830153,0.625076868985708,0.447769261977477,0.447769261977477,0.32
7,18,"RD","50_sites_x_100","sparse",50,100,16,-0.0848843156939778,-0.0770887045748663,0.00779561111911153,-0.126554476464226,-0.041670160770248,-0.0494657718893595,0.0338745496511365,0.32
7,18,"RMST_diff","50_sites_x_100","sparse",50,100,16,1.74176433931583,1.90263256448251,0.160868225166681,2.3120440186329,0.570279679317071,0.409411454150391,0.409411454150391,0.32
7,19,"RD","50_sites_x_100","sparse",50,100,16,-0.0848843156939778,-0.0749747508680454,0.00990956482593242,-0.122104046791583,-0.037219731097605,-0.0471292959235374,0.0273101662716726,0.32
7,19,"RMST_diff","50_sites_x_100","sparse",50,100,16,1.74176433931583,1.92318522778218,0.181420888466358,2.31809423874324,0.576329899427412,0.394909010961054,0.394909010961054,0.32
7,20,"RD","50_sites_x_100","sparse",50,100,16,-0.0848843156939778,-0.0690713697367318,0.015812945957246,-0.122318315083797,-0.0374339993898193,-0.0532469453470653,0.0216210534325733,0.32
7,20,"RMST_diff","50_sites_x_100","sparse",50,100,16,1.74176433931583,1.97356537150232,0.231801032186498,2.41538655522099,0.673622215905164,0.441821183718666,0.441821183718666,0.32
7,21,"RD","50_sites_x_100","sparse",50,100,17,-0.0848843156939778,-0.071717261080263,0.0131670546137148,-0.119922723656442,-0.0350384079624644,-0.0482054625761792,0.0218713533487496,0.34
7,21,"RMST_diff","50_sites_x_100","sparse",50,100,17,1.74176433931583,1.99555422706639,0.25378988775056,2.35112042886848,0.609356089552659,0.355566201802098,0.355566201802098,0.34
7,22,"RD","50_sites_x_100","sparse",50,100,18,-0.0848843156939778,-0.0609948848117874,0.0238894308821904,-0.11078359789016,-0.025899282196182,-0.0497887130783724,0.00200985131399156,0.36
7,22,"RMST_diff","50_sites_x_100","sparse",50,100,18,1.74176433931583,1.69698772581622,-0.0447766134996073,2.17356155095874,0.431797211642911,0.476573825142518,0.387020598143303,0.36
7,23,"RD","50_sites_x_100","sparse",50,100,17,-0.0848843156939778,-0.0699245058132222,0.0149598098807556,-0.118974618092049,-0.0340903023980716,-0.0490501122788273,0.019130492517316,0.34
7,23,"RMST_diff","50_sites_x_100","sparse",50,100,17,1.74176433931583,1.72667067579026,-0.0150936635255619,2.22678112427048,0.485016784954651,0.500110448480212,0.469923121429089,0.34
7,24,"RD","50_sites_x_100","sparse",50,100,17,-0.0848843156939778,-0.0730464508496653,0.0118378648443125,-0.128402329164874,-0.0435180134708963,-0.0553558783152088,0.0316801486265839,0.34
7,24,"RMST_diff","50_sites_x_100","sparse",50,100,17,1.74176433931583,1.67028112110189,-0.0714832182139311,2.26538631138689,0.523621972071066,0.595105190284997,0.452138753857135,0.34
7,25,"RD","50_sites_x_100","sparse",50,100,18,-0.0848843156939778,-0.0638257105029773,0.0210586051910006,-0.118414938302251,-0.0335306226082736,-0.0545892277992741,0.012472017417273,0.36
7,25,"RMST_diff","50_sites_x_100","sparse",50,100,18,1.74176433931583,1.52606122735756,-0.21570311195827,2.11747796607602,0.375713626760191,0.591416738718461,0.160010514801922,0.36
7,26,"RD","50_sites_x_100","sparse",50,100,19,-0.0848843156939778,-0.0484234477389998,0.036460867954978,-0.106550595512939,-0.0216662798189613,-0.0581271477739393,-0.0147945881360168,0.38
7,26,"RMST_diff","50_sites_x_100","sparse",50,100,19,1.74176433931583,1.40564135369759,-0.336122985618232,2.06531087597726,0.323546536661439,0.659669522279671,-0.0125764489567928,0.38
7,27,"RD","50_sites_x_100","sparse",50,100,19,-0.0848843156939778,-0.0459099732368961,0.0389743424570818,-0.106791366441259,-0.0219070507472808,-0.0608813932043626,-0.0170672917098009,0.38
7,27,"RMST_diff","50_sites_x_100","sparse",50,100,19,1.74176433931583,1.41553397002253,-0.326230369293295,2.09161573916442,0.349851399848596,0.676081769141891,0.0236210305553008,0.38
7,28,"RD","50_sites_x_100","sparse",50,100,19,-0.0848843156939778,-0.0466716646212926,0.0382126510726852,-0.107997137190985,-0.023112821497007,-0.0613254725696922,-0.0150998295756782,0.38
7,28,"RMST_diff","50_sites_x_100","sparse",50,100,19,1.74176433931583,1.44596879749172,-0.295795541824107,2.15090688598913,0.409142546673303,0.704938088497411,0.113347004849196,0.38
7,29,"RD","50_sites_x_100","sparse",50,100,20,-0.0848843156939778,-0.0355500001174544,0.0493343155765235,-0.093399219608841,-0.0085149039148632,-0.0578492194913867,-0.0408194116616603,0.4
7,29,"RMST_diff","50_sites_x_100","sparse",50,100,20,1.74176433931583,1.28289486560945,-0.458869473706374,1.9429397398133,0.201175400497471,0.660044874203845,-0.257694073208903,0.4
7,30,"RD","50_sites_x_100","sparse",50,100,20,-0.0848843156939778,-0.048301021599747,0.0365832940942308,-0.0971305755229708,-0.012246259828993,-0.0488295539232237,-0.0243370342652378,0.4
7,30,"RMST_diff","50_sites_x_100","sparse",50,100,20,1.74176433931583,1.40427223445954,-0.337492104856288,1.92845782344492,0.186693484129099,0.524185588985388,-0.150798620727189,0.4
7,31,"RD","50_sites_x_100","sparse",50,100,20,-0.0848843156939778,-0.0485624888173233,0.0363218268766545,-0.0967066722134869,-0.0118223565195091,-0.0481441833961637,-0.0244994703571454,0.4
7,31,"RMST_diff","50_sites_x_100","sparse",50,100,20,1.74176433931583,1.46948347789216,-0.272280861423662,1.97785699716255,0.236092657846724,0.508373519270386,-0.0361882035769376,0.4
7,32,"RD","50_sites_x_100","sparse",50,100,21,-0.0848843156939778,-0.0331515278793904,0.0517327878145875,-0.0869219612762072,-0.00203764558222941,-0.0537704333968169,-0.049695142232358,0.42
7,32,"RMST_diff","50_sites_x_100","sparse",50,100,21,1.74176433931583,1.11625150810516,-0.625512831210667,1.75816272247531,0.0163983831594887,0.641911214370156,-0.609114448051178,0.42
7,33,"RD","50_sites_x_100","sparse",50,100,21,-0.0848843156939778,-0.0335165339221715,0.0513677817718063,-0.0850152264906817,-0.000130910796703909,-0.0514986925685103,-0.0512368709751024,0.42
7,33,"RMST_diff","50_sites_x_100","sparse",50,100,21,1.74176433931583,1.12038528002584,-0.621379059289989,1.70122033584635,-0.0405440034694706,0.580835055820518,-0.580835055820518,0.42
7,34,"RD","50_sites_x_100","sparse",50,100,22,-0.0848843156939778,-0.0262192302656079,0.0586650854283699,-0.0718116378105639,0.0130726778834139,-0.045592407544956,-0.045592407544956,0.44
7,34,"RMST_diff","50_sites_x_100","sparse",50,100,22,1.74176433931583,1.01750308249173,-0.724261256824096,1.50538145695655,-0.236382882359273,0.487878374464824,-0.487878374464824,0.44
7,35,"RD","50_sites_x_100","sparse",50,100,23,-0.0848843156939778,-0.011142528357504,0.0737417873364739,-0.0604363859471982,0.0244479297467796,-0.0492938575896943,-0.0492938575896943,0.46
7,35,"RMST_diff","50_sites_x_100","sparse",50,100,23,1.74176433931583,0.814283964797495,-0.92748037451833,1.33661931942364,-0.405145019892183,0.522335354626147,-0.522335354626147,0.46
7,36,"RD","50_sites_x_100","sparse",50,100,23,-0.0848843156939778,-0.00537044260291153,0.0795138730910663,-0.0559131179966486,0.0289711976973293,-0.050542675393737,-0.050542675393737,0.46
7,36,"RMST_diff","50_sites_x_100","sparse",50,100,23,1.74176433931583,0.893838574071509,-0.847925765244316,1.41345984964887,-0.328304489666957,0.519621275577359,-0.519621275577359,0.46
7,37,"RD","50_sites_x_100","sparse",50,100,24,-0.0848843156939778,0.00338149496986018,0.088265810663838,-0.0471431968051569,0.0377411188888209,-0.0505246917750171,-0.0505246917750171,0.48
7,37,"RMST_diff","50_sites_x_100","sparse",50,100,24,1.74176433931583,0.763649171551545,-0.97811516776428,1.25667839853671,-0.485085940779111,0.493029226985168,-0.493029226985168,0.48
7,38,"RD","50_sites_x_100","sparse",50,100,24,-0.0848843156939778,0.00159670869525275,0.0864810243892306,-0.0526146792923791,0.0322696364015987,-0.0542113879876318,-0.0542113879876318,0.48
7,38,"RMST_diff","50_sites_x_100","sparse",50,100,24,1.74176433931583,0.74358663381401,-0.998177705501815,1.28543838510823,-0.456325954207594,0.541851751294221,-0.541851751294221,0.48
7,39,"RD","50_sites_x_100","sparse",50,100,24,-0.0848843156939778,0.00610076395621051,0.0909850796501883,-0.0396122826802633,0.0452720330137145,-0.0457130466364738,-0.0457130466364738,0.48
7,39,"RMST_diff","50_sites_x_100","sparse",50,100,24,1.74176433931583,0.616120023465465,-1.12564431585036,1.0642760523245,-0.677488286991323,0.448156028859037,-0.448156028859037,0.48
7,40,"RD","50_sites_x_100","sparse",50,100,24,-0.0848843156939778,0.0132442074199526,0.0981285231139304,-0.031477419928319,0.0534068957656588,-0.0447216273482716,-0.0447216273482716,0.48
7,40,"RMST_diff","50_sites_x_100","sparse",50,100,24,1.74176433931583,0.51355522374652,-1.2282091155693,0.945729880056685,-0.79603445925914,0.432174656310165,-0.432174656310165,0.48
7,41,"RD","50_sites_x_100","sparse",50,100,24,-0.0848843156939778,0.0127349351336369,0.0976192508276147,-0.0331834958528583,0.0517008198411195,-0.0459184309864952,-0.0459184309864952,0.48
7,41,"RMST_diff","50_sites_x_100","sparse",50,100,24,1.74176433931583,0.558069802442684,-1.18369453687314,1.0178588200155,-0.723905519300326,0.459789017572815,-0.459789017572815,0.48
7,42,"RD","50_sites_x_100","sparse",50,100,23,-0.0848843156939778,0.00910211029364327,0.0939864259876211,-0.0353592528193704,0.0495250628746075,-0.0444613631130136,-0.0444613631130136,0.46
7,42,"RMST_diff","50_sites_x_100","sparse",50,100,23,1.74176433931583,0.750257763078494,-0.991506576237331,1.20123396876731,-0.540530370548511,0.45097620568882,-0.45097620568882,0.46
7,43,"RD","50_sites_x_100","sparse",50,100,23,-0.0848843156939778,0.00734538467884471,0.0922297003728225,-0.0440817329060297,0.0408025827879481,-0.0514271175848744,-0.0514271175848744,0.46
7,43,"RMST_diff","50_sites_x_100","sparse",50,100,23,1.74176433931583,0.659656154730952,-1.08210818458487,1.20828597183994,-0.533478367475881,0.548629817108992,-0.548629817108992,0.46
7,44,"RD","50_sites_x_100","sparse",50,100,22,-0.0848843156939778,-0.00112857916141973,0.0837557365325581,-0.0563977289619106,0.0284865867320672,-0.0552691498004909,-0.0552691498004909,0.44
7,44,"RMST_diff","50_sites_x_100","sparse",50,100,22,1.74176433931583,0.797992901050407,-0.943771438265419,1.42286469535864,-0.318899643957186,0.624871794308232,-0.624871794308232,0.44
7,45,"RD","50_sites_x_100","sparse",50,100,23,-0.0848843156939778,0.00578529586009791,0.0906696115540757,-0.0507556445784965,0.0341286711154813,-0.0565409404385944,-0.0565409404385944,0.46
7,45,"RMST_diff","50_sites_x_100","sparse",50,100,23,1.74176433931583,0.520598259981712,-1.22116607933411,1.28123421936792,-0.460530119947908,0.760635959386205,-0.760635959386205,0.46
7,46,"RD","50_sites_x_100","sparse",50,100,23,-0.0848843156939778,0.00121152302788685,0.0860958387218647,-0.0558543073209242,0.0290300083730536,-0.0570658303488111,-0.0570658303488111,0.46
7,46,"RMST_diff","50_sites_x_100","sparse",50,100,23,1.74176433931583,0.645760696806201,-1.09600364250962,1.39749137422638,-0.344272965089445,0.751730677420179,-0.751730677420179,0.46
7,47,"RD","50_sites_x_100","sparse",50,100,23,-0.0848843156939778,-0.00673598106956252,0.0781483346244153,-0.0657926299954072,0.0190916856985706,-0.0590566489258447,-0.0590566489258447,0.46
7,47,"RMST_diff","50_sites_x_100","sparse",50,100,23,1.74176433931583,0.705446260030886,-1.03631807928494,1.49281046040456,-0.248953878911269,0.78736420037367,-0.78736420037367,0.46
7,48,"RD","50_sites_x_100","sparse",50,100,23,-0.0848843156939778,-0.00587868413886605,0.0790056315551118,-0.065923200529624,0.0189611151643538,-0.0600445163907579,-0.0600445163907579,0.46
7,48,"RMST_diff","50_sites_x_100","sparse",50,100,23,1.74176433931583,0.485207993020506,-1.25655634629532,1.43888762935577,-0.302876709960053,0.953679636335266,-0.953679636335266,0.46
7,49,"RD","50_sites_x_100","sparse",50,100,22,-0.0848843156939778,-0.00290135626277555,0.0819829594312023,-0.0651852168022364,0.0196990988917414,-0.0622838605394609,-0.0622838605394609,0.44
7,49,"RMST_diff","50_sites_x_100","sparse",50,100,22,1.74176433931583,0.565855322430345,-1.17590901688548,1.55361791932573,-0.188146419990098,0.987762596895383,-0.987762596895383,0.44
7,50,"RD","50_sites_x_100","sparse",50,100,22,-0.0848843156939778,-0.00249558887552503,0.0823887268184528,-0.0627531104263699,0.0221312052676079,-0.0602575215508449,-0.0602575215508449,0.44
7,50,"RMST_diff","50_sites_x_100","sparse",50,100,22,1.74176433931583,0.50580795638148,-1.23595638293435,1.51604759943612,-0.225716739879701,1.01023964305464,-1.01023964305464,0.44
7,51,"RD","50_sites_x_100","sparse",50,100,22,-0.0848843156939778,-0.00761310486043965,0.0772712108335382,-0.0583748773327483,0.0265094383612295,-0.0507617724723086,-0.0507617724723086,0.44
7,51,"RMST_diff","50_sites_x_100","sparse",50,100,22,1.74176433931583,0.595702351317817,-1.14606198799801,1.45479167576902,-0.286972663546809,0.859089324451199,-0.859089324451199,0.44
7,52,"RD","50_sites_x_100","sparse",50,100,22,-0.0848843156939778,-0.00331392732020275,0.0815703883737751,-0.0520678301081857,0.0328164855857921,-0.048753902787983,-0.048753902787983,0.44
7,52,"RMST_diff","50_sites_x_100","sparse",50,100,22,1.74176433931583,0.505437703084828,-1.236326636231,1.36202717219556,-0.379737167120265,0.856589469110732,-0.856589469110732,0.44
7,53,"RD","50_sites_x_100","sparse",50,100,23,-0.0848843156939778,0.00115484685024636,0.0860391625442242,-0.0441869326572438,0.040697383036734,-0.0453417795074902,-0.0453417795074902,0.46
7,53,"RMST_diff","50_sites_x_100","sparse",50,100,23,1.74176433931583,0.53979769662384,-1.20196664269199,1.41893917601128,-0.322825163304548,0.879141479387437,-0.879141479387437,0.46
7,54,"RD","50_sites_x_100","sparse",50,100,23,-0.0848843156939778,-0.00245189871619877,0.082432416977779,-0.0445759153645587,0.0403084003294191,-0.04212401664836,-0.04212401664836,0.46
7,54,"RMST_diff","50_sites_x_100","sparse",50,100,23,1.74176433931583,0.563245620251408,-1.17851871906442,1.43874019204683,-0.303024147268999,0.875494571795418,-0.875494571795418,0.46
7,55,"RD","50_sites_x_100","sparse",50,100,22,-0.0848843156939778,-0.00622950348574092,0.0786548122082369,-0.0478194310835939,0.0370648846103839,-0.041589927597853,-0.041589927597853,0.44
7,55,"RMST_diff","50_sites_x_100","sparse",50,100,22,1.74176433931583,0.614617066550341,-1.12714727276548,1.4735044355277,-0.268259903788122,0.858887368977362,-0.858887368977362,0.44
7,56,"RD","50_sites_x_100","sparse",50,100,21,-0.0848843156939778,-0.0120939203781421,0.0727903953158358,-0.0630537869407477,0.0218305287532301,-0.0509598665626056,-0.0509598665626056,0.42
7,56,"RMST_diff","50_sites_x_100","sparse",50,100,21,1.74176433931583,0.618665088866766,-1.12309925044906,1.52493755420961,-0.216826785106212,0.906272465342846,-0.906272465342846,0.42
7,57,"RD","50_sites_x_100","sparse",50,100,21,-0.0848843156939778,-0.00901359819275016,0.0758707175012276,-0.064517329284781,0.0203669864091968,-0.0555037310920309,-0.0555037310920309,0.42
7,57,"RMST_diff","50_sites_x_100","sparse",50,100,21,1.74176433931583,0.654566330811502,-1.08719800850432,1.60840166531622,-0.133362673999605,0.953835334504719,-0.953835334504719,0.42
7,58,"RD","50_sites_x_100","sparse",50,100,20,-0.0848843156939778,-0.0147651112587324,0.0701192044352454,-0.0591602791467398,0.025724036547238,-0.0443951678880075,-0.0443951678880075,0.4
7,58,"RMST_diff","50_sites_x_100","sparse",50,100,20,1.74176433931583,0.766477749142128,-0.975286590173697,1.54690695869671,-0.194857380619116,0.780429209554582,-0.780429209554582,0.4
7,59,"RD","50_sites_x_100","sparse",50,100,20,-0.0848843156939778,-0.0189187022213013,0.0659656134726765,-0.0600812210238219,0.024803094670156,-0.0411625188025205,-0.0411625188025205,0.4
7,59,"RMST_diff","50_sites_x_100","sparse",50,100,20,1.74176433931583,0.962354116205256,-0.779410223110569,1.71478296126604,-0.0269813780497845,0.752428845060784,-0.752428845060784,0.4
7,60,"RD","50_sites_x_100","sparse",50,100,19,-0.0848843156939778,-0.0238884184199348,0.060995897274043,-0.0669712873923995,0.0179130283015783,-0.0430828689724647,-0.0430828689724647,0.38
7,60,"RMST_diff","50_sites_x_100","sparse",50,100,19,1.74176433931583,0.966907742078824,-0.774856597237001,1.748014238406,0.0062498990901787,0.78110649632718,-0.768606698146822,0.38
7,61,"RD","50_sites_x_100","sparse",50,100,18,-0.0848843156939778,-0.0314020967881988,0.053482218905779,-0.079314975025513,0.00556934066846482,-0.0479128782373142,-0.0479128782373142,0.36
7,61,"RMST_diff","50_sites_x_100","sparse",50,100,18,1.74176433931583,0.943762940418772,-0.798001398897053,1.85746130595665,0.115696966640828,0.913698365537881,-0.682304432256226,0.36
7,62,"RD","50_sites_x_100","sparse",50,100,18,-0.0848843156939778,-0.0391422813468137,0.0457420343471641,-0.0836729151595095,0.00121140053446833,-0.0445306338126957,-0.0445306338126957,0.36
7,62,"RMST_diff","50_sites_x_100","sparse",50,100,18,1.74176433931583,1.28838908078731,-0.453375258528515,2.03226362393834,0.290499284622511,0.743874543151026,-0.162875973906004,0.36
7,63,"RD","50_sites_x_100","sparse",50,100,18,-0.0848843156939778,-0.0347645329730948,0.050119782720883,-0.0801688803374064,0.00471543535657137,-0.0454043473643116,-0.0454043473643116,0.36
7,63,"RMST_diff","50_sites_x_100","sparse",50,100,18,1.74176433931583,1.23196694807339,-0.509797391242433,1.96965556937995,0.227891230064126,0.737688621306559,-0.281906161178307,0.36
7,64,"RD","50_sites_x_100","sparse",50,100,19,-0.0848843156939778,-0.0284381998573595,0.0564461158366183,-0.0656188953269646,0.0192654203670132,-0.0371806954696051,-0.0371806954696051,0.38
7,64,"RMST_diff","50_sites_x_100","sparse",50,100,19,1.74176433931583,1.16582083076738,-0.575943508548445,1.8197234228061,0.0779590834902706,0.653902592038715,-0.497984425058174,0.38
7,65,"RD","50_sites_x_100","sparse",50,100,20,-0.0848843156939778,-0.0191096346737658,0.065774681020212,-0.0552918632517417,0.0295924524422361,-0.0361822285779759,-0.0361822285779759,0.4
7,65,"RMST_diff","50_sites_x_100","sparse",50,100,20,1.74176433931583,1.06582310604404,-0.675941233271782,1.68596422140343,-0.0558001179123977,0.620141115359385,-0.620141115359385,0.4
7,66,"RD","50_sites_x_100","sparse",50,100,20,-0.0848843156939778,-0.0162744848046302,0.0686098308893476,-0.0557748229825641,0.0291094927114137,-0.0395003381779339,-0.0395003381779339,0.4
7,66,"RMST_diff","50_sites_x_100","sparse",50,100,20,1.74176433931583,1.05940870735177,-0.682355631964054,1.76934027670037,0.0275759373845492,0.709931569348603,-0.654779694579505,0.4
7,67,"RD","50_sites_x_100","sparse",50,100,20,-0.0848843156939778,-0.0172886629724052,0.0675956527215726,-0.0550189659033589,0.0298653497906189,-0.0377303029309537,-0.0377303029309537,0.4
7,67,"RMST_diff","50_sites_x_100","sparse",50,100,20,1.74176433931583,0.70629445494772,-1.0354698843681,1.6189039293612,-0.122860409954626,0.912609474413479,-0.912609474413479,0.4
7,68,"RD","50_sites_x_100","sparse",50,100,20,-0.0848843156939778,-0.0156980942272995,0.0691862214666783,-0.0545730491794434,0.0303112665145344,-0.0388749549521439,-0.0388749549521439,0.4
7,68,"RMST_diff","50_sites_x_100","sparse",50,100,20,1.74176433931583,0.692059943830458,-1.04970439548537,1.67572886420298,-0.0660354751128462,0.983668920372521,-0.983668920372521,0.4
7,69,"RD","50_sites_x_100","sparse",50,100,21,-0.0848843156939778,-0.0135157324585961,0.0713685832353818,-0.0495413731527203,0.0353429425412575,-0.0360256406941243,-0.0360256406941243,0.42
7,69,"RMST_diff","50_sites_x_100","sparse",50,100,21,1.74176433931583,0.612304112603434,-1.12946022671239,1.55881452984219,-0.182949809473637,0.946510417238754,-0.946510417238754,0.42
7,70,"RD","50_sites_x_100","sparse",50,100,20,-0.0848843156939778,-0.0461781190332576,0.0387061966607202,-0.0592462174299382,0.0256380982640396,-0.0130680983966805,-0.0130680983966805,0.4
7,70,"RMST_diff","50_sites_x_100","sparse",50,100,20,1.74176433931583,0.994346421715459,-0.747417917600366,1.66750822220282,-0.0742561171130056,0.67316180048736,-0.67316180048736,0.4
7,71,"RD","50_sites_x_100","sparse",50,100,19,-0.0848843156939778,-0.0450742351867954,0.0398100805071824,-0.061633060730407,0.0232512549635708,-0.0165588255436115,-0.0165588255436115,0.38
7,71,"RMST_diff","50_sites_x_100","sparse",50,100,19,1.74176433931583,0.993598436915942,-0.748165902399883,1.72411716394196,-0.0176471753738632,0.73051872702602,-0.73051872702602,0.38
7,72,"RD","50_sites_x_100","sparse",50,100,18,-0.0848843156939778,-0.0539329687392399,0.0309513469547379,-0.0674917040233621,0.0173926116706157,-0.0135587352841222,-0.0135587352841222,0.36
7,72,"RMST_diff","50_sites_x_100","sparse",50,100,18,1.74176433931583,1.2512012602651,-0.490563079050723,1.93522051644526,0.193456177129439,0.684019256180163,-0.297106901921284,0.36
7,73,"RD","50_sites_x_100","sparse",50,100,18,-0.0848843156939778,-0.0694676631917419,0.0154166525022359,-0.0724341444384947,0.0124501712554831,-0.00296648124675281,-0.00296648124675281,0.36
7,73,"RMST_diff","50_sites_x_100","sparse",50,100,18,1.74176433931583,1.47183942086299,-0.269924918452833,2.00650814639039,0.264743807074561,0.534668725527395,-0.00518111137827226,0.36
7,74,"RD","50_sites_x_100","sparse",50,100,19,-0.0848843156939778,-0.0641161939075235,0.0207681217864543,-0.0594266802188855,0.0254576354750923,0.00468951368863801,0.00468951368863801,0.38
7,74,"RMST_diff","50_sites_x_100","sparse",50,100,19,1.74176433931583,1.39263197103042,-0.349132368285408,1.80777016061016,0.066005821294338,0.415138189579746,-0.28312654699107,0.38
7,75,"RD","50_sites_x_100","sparse",50,100,19,-0.0848843156939778,-0.0360725025016518,0.048811813192326,-0.0622772010136222,0.0226071146803556,-0.0262046985119704,-0.0262046985119704,0.38
7,75,"RMST_diff","50_sites_x_100","sparse",50,100,19,1.74176433931583,0.421166128412851,-1.32059821090297,1.79666752636657,0.0549031870507442,1.37550139795372,-1.26569502385223,0.38
7,76,"RD","50_sites_x_100","sparse",50,100,18,-0.0848843156939778,-0.0362830198842546,0.0486012958097232,-0.064619040106758,0.0202652755872198,-0.0283360202225034,-0.0283360202225034,0.36
7,76,"RMST_diff","50_sites_x_100","sparse",50,100,18,1.74176433931583,0.345936794617144,-1.39582754469868,1.69195610570865,-0.0498082336071715,1.34601931109151,-1.34601931109151,0.36
7,77,"RD","50_sites_x_100","sparse",50,100,18,-0.0848843156939778,-0.032917794294653,0.0519665213993248,-0.061597259841205,0.0232870558527728,-0.028679465546552,-0.028679465546552,0.36
7,77,"RMST_diff","50_sites_x_100","sparse",50,100,18,1.74176433931583,0.290491813417756,-1.45127252589807,1.64494128999627,-0.0968230493195552,1.35444947657851,-1.35444947657851,0.36
7,78,"RD","50_sites_x_100","sparse",50,100,17,-0.0848843156939778,-0.033488623656159,0.0513956920378188,-0.0661840485401434,0.0187002671538344,-0.0326954248839844,-0.0326954248839844,0.34
7,78,"RMST_diff","50_sites_x_100","sparse",50,100,17,1.74176433931583,0.315044251312994,-1.42672008800283,1.7684422507087,0.026677911392877,1.45339799939571,-1.40004217660995,0.34
7,79,"RD","50_sites_x_100","sparse",50,100,16,-0.0848843156939778,-0.0419795012631446,0.0429048144308332,-0.0747208140476131,0.0101635016463647,-0.0327413127844685,-0.0327413127844685,0.32
7,79,"RMST_diff","50_sites_x_100","sparse",50,100,16,1.74176433931583,0.524064103107218,-1.21770023620861,1.95351130252189,0.211746963206062,1.42944719941467,-1.00595327300254,0.32
7,80,"RD","50_sites_x_100","sparse",50,100,17,-0.0848843156939778,-0.0323461879902064,0.0525381277037714,-0.0766259963468471,0.00825831934713073,-0.0442798083566407,-0.0442798083566407,0.34
7,80,"RMST_diff","50_sites_x_100","sparse",50,100,17,1.74176433931583,0.387519808487385,-1.35424453082844,1.99646214246451,0.254697803148689,1.60894233397713,-1.09954672767975,0.34
7,81,"RD","50_sites_x_100","sparse",50,100,18,-0.0848843156939778,-0.024723776885834,0.0601605388081438,-0.0733212573848135,0.0115630583091643,-0.0485974804989795,-0.0485974804989795,0.36
7,81,"RMST_diff","50_sites_x_100","sparse",50,100,18,1.74176433931583,0.224709927817839,-1.51705441149799,1.92609450144356,0.184330162127736,1.70138457362572,-1.33272424937025,0.36
7,82,"RD","50_sites_x_100","sparse",50,100,17,-0.0848843156939778,-0.0305300818322563,0.0543542338617216,-0.0866132559035806,-0.00172894020960279,-0.0560831740713243,-0.0526252936521188,0.34
7,82,"RMST_diff","50_sites_x_100","sparse",50,100,17,1.74176433931583,0.351167150517085,-1.39059718879874,2.17099768814712,0.429233348831293,1.81983053763003,-0.961363839967447,0.34
7,83,"RD","50_sites_x_100","sparse",50,100,17,-0.0848843156939778,-0.0345779379397326,0.0503063777542452,-0.0936963225831887,-0.00881200688921091,-0.0591183846434561,-0.0414943708650343,0.34
7,83,"RMST_diff","50_sites_x_100","sparse",50,100,17,1.74176433931583,0.461465489553683,-1.28029884976214,2.34346215129404,0.601697811978214,1.88199666174036,-0.678601037783928,0.34
7,84,"RD","50_sites_x_100","sparse",50,100,16,-0.0848843156939778,-0.036811399641023,0.0480729160529548,-0.0994156892978816,-0.0145313736039038,-0.0626042896568586,-0.0335415424490511,0.32
7,84,"RMST_diff","50_sites_x_100","sparse",50,100,16,1.74176433931583,0.506622819229493,-1.23514152008633,2.43117089378004,0.689406554464215,1.92454807455055,-0.545734965622117,0.32
7,85,"RD","50_sites_x_100","sparse",50,100,15,-0.0848843156939778,-0.0428143891160094,0.0420699265779684,-0.104210283989397,-0.0193259682954191,-0.0613958948733875,-0.0227439582825493,0.3
7,85,"RMST_diff","50_sites_x_100","sparse",50,100,15,1.74176433931583,0.621241952197762,-1.12052238711806,2.5837965043917,0.842032165075871,1.96255455219393,-0.278490222042192,0.3
7,86,"RD","50_sites_x_100","sparse",50,100,16,-0.0848843156939778,-0.0458511038810233,0.0390332118129545,-0.104663405398375,-0.0197790897043975,-0.058812301517352,-0.019254122108557,0.32
7,86,"RMST_diff","50_sites_x_100","sparse",50,100,16,1.74176433931583,0.638337258044771,-1.10342708127105,2.65468273597404,0.912918396658213,2.01634547792927,-0.190508684612841,0.32
7,87,"RD","50_sites_x_100","sparse",50,100,15,-0.0848843156939778,-0.0519662841703021,0.0329180315236757,-0.117981344889357,-0.033097029195379,-0.0660150607190547,0.000178997671703374,0.3
7,87,"RMST_diff","50_sites_x_100","sparse",50,100,15,1.74176433931583,0.741132683965075,-1.00063165535075,2.89831149071165,1.15654715139582,2.15717880674657,0.155915496045072,0.3
7,88,"RD","50_sites_x_100","sparse",50,100,15,-0.0848843156939778,-0.0480971854982144,0.0367871301957634,-0.112732031712496,-0.0278477160185181,-0.0646348462142815,-0.00893941417724531,0.3
7,88,"RMST_diff","50_sites_x_100","sparse",50,100,15,1.74176433931583,0.712878380754711,-1.02888595856111,2.85758108067583,1.11581674136001,2.14470269992112,0.086930782798893,0.3
7,89,"RD","50_sites_x_100","sparse",50,100,15,-0.0848843156939778,-0.0537399838778777,0.0311443318161001,-0.126439278512587,-0.0415549628186087,-0.0726992946347088,0.0104106310025086,0.3
7,89,"RMST_diff","50_sites_x_100","sparse",50,100,15,1.74176433931583,0.807172732593992,-0.934591606721833,3.06719859819349,1.32543425887767,2.2600258655995,0.390842652155836,0.3
7,90,"RD","50_sites_x_100","sparse",50,100,15,-0.0848843156939778,-0.0630563383514935,0.0218279773424843,-0.138313374800942,-0.0534290591069646,-0.0752570364494489,0.0316010817644803,0.3
7,90,"RMST_diff","50_sites_x_100","sparse",50,100,15,1.74176433931583,0.971451995635448,-0.770312343680377,3.24970318181334,1.50793884249752,2.2782511861779,0.737626498817141,0.3
7,91,"RD","50_sites_x_100","sparse",50,100,16,-0.0848843156939778,-0.0625481977711345,0.0223361179228433,-0.135103199175061,-0.0502188834810831,-0.0725550014039263,0.0278827655582398,0.32
7,91,"RMST_diff","50_sites_x_100","sparse",50,100,16,1.74176433931583,0.946898448704921,-0.794865890610904,3.24738842322263,1.5056240839068,2.30048997451771,0.710758193295899,0.32
7,92,"RD","50_sites_x_100","sparse",50,100,16,-0.0848843156939778,-0.060800273699925,0.0240840419940528,-0.134586781329791,-0.0497024656358132,-0.0737865076298659,0.0256184236417604,0.32
7,92,"RMST_diff","50_sites_x_100","sparse",50,100,16,1.74176433931583,0.887203475485101,-0.854560863830724,3.15856499541716,1.41680065610134,2.27136151993206,0.562239792270613,0.32
7,93,"RD","50_sites_x_100","sparse",50,100,17,-0.0848843156939778,-0.0564742152671042,0.0284101004268736,-0.123596260124288,-0.0387119444303102,-0.0671220448571839,0.0103018440034366,0.34
7,93,"RMST_diff","50_sites_x_100","sparse",50,100,17,1.74176433931583,0.903071305140978,-0.838693034174847,3.04626310148747,1.30449876217165,2.14319179634649,0.4658057279968,0.34
7,94,"RD","50_sites_x_100","sparse",50,100,18,-0.0848843156939778,-0.0502758782123849,0.0346084374815929,-0.11058928056906,-0.025704964875082,-0.0603134023566749,-0.00890347260651092,0.36
7,94,"RMST_diff","50_sites_x_100","sparse",50,100,18,1.74176433931583,0.849260284627608,-0.892504054688217,2.93594342723309,1.19417908791726,2.08668314260548,0.301675033229046,0.36
7,95,"RD","50_sites_x_100","sparse",50,100,18,-0.0848843156939778,-0.0568393064763486,0.0280450092176292,-0.122872897183505,-0.0379885814895269,-0.0660335907071561,0.00994357227189768,0.36
7,95,"RMST_diff","50_sites_x_100","sparse",50,100,18,1.74176433931583,1.09389439455527,-0.647869944760558,3.20623738853314,1.46447304921731,2.11234299397787,0.816603104456755,0.36
7,96,"RD","50_sites_x_100","sparse",50,100,18,-0.0848843156939778,-0.0573103582988997,0.0275739573950781,-0.119439435286203,-0.0345551195922255,-0.0621290769873035,0.00698116219714739,0.36
7,96,"RMST_diff","50_sites_x_100","sparse",50,100,18,1.74176433931583,1.05074970746189,-0.691014631853935,3.08204308680548,1.34027874748966,2.03129337934359,0.649264115635722,0.36
7,97,"RD","50_sites_x_100","sparse",50,100,18,-0.0848843156939778,-0.0522453274153613,0.0326389882786166,-0.110489161129463,-0.0256048454354849,-0.0582438337141015,-0.00703414284313164,0.36
7,97,"RMST_diff","50_sites_x_100","sparse",50,100,18,1.74176433931583,0.99137495570344,-0.750389383612385,2.9715914440107,1.22982710469488,1.98021648830726,0.479437721082492,0.36
7,98,"RD","50_sites_x_100","sparse",50,100,18,-0.0848843156939778,-0.0618581266053779,0.0230261890885999,-0.117274539801773,-0.0323902241077956,-0.0554164131963955,0.00936403501919569,0.36
7,98,"RMST_diff","50_sites_x_100","sparse",50,100,18,1.74176433931583,1.05703944924828,-0.684724890067542,3.02994581378196,1.28818147446614,1.97290636453368,0.603456584398597,0.36
7,99,"RD","50_sites_x_100","sparse",50,100,18,-0.0848843156939778,-0.0655843119023283,0.0193000037916495,-0.123537919857618,-0.0386536041636399,-0.0579536079552895,0.0193536003719904,0.36
7,99,"RMST_diff","50_sites_x_100","sparse",50,100,18,1.74176433931583,1.00659585049152,-0.735168488824304,3.01498332825869,1.27321898894286,2.00838747776716,0.538050500118556,0.36
7,100,"RD","50_sites_x_100","sparse",50,100,18,-0.0848843156939778,-0.0538461243533479,0.0310381913406299,-0.117378953871713,-0.0324946381777352,-0.0635328295183651,0.00145644683710533,0.36
7,100,"RMST_diff","50_sites_x_100","sparse",50,100,18,1.74176433931583,0.808036283726873,-0.933728055588952,2.89417625196888,1.15241191265306,2.08613996824201,0.218683857064105,0.36
7,101,"RD","50_sites_x_100","sparse",50,100,19,-0.0848843156939778,-0.0488500612747875,0.0360342544191903,-0.108879198523963,-0.0239948828299853,-0.0600291372491756,-0.012039371589205,0.38
7,101,"RMST_diff","50_sites_x_100","sparse",50,100,19,1.74176433931583,0.731927879991314,-1.00983645932451,2.69914848292872,0.957384143612892,1.9672206029374,-0.0524523157116192,0.38
7,102,"RD","50_sites_x_100","sparse",50,100,20,-0.0848843156939778,-0.0535513304235458,0.031332985270432,-0.109044108750403,-0.0241597930564256,-0.0554927783268576,-0.00717319221400647,0.4
7,102,"RMST_diff","50_sites_x_100","sparse",50,100,20,1.74176433931583,0.818931527348798,-0.922832811967027,2.65817402145051,0.916409682134686,1.83924249410171,-0.00642312983234028,0.4
7,103,"RD","50_sites_x_100","sparse",50,100,19,-0.0848843156939778,-0.0438041689911032,0.0410801467028746,-0.110793737779306,-0.0259094220853283,-0.0669895687882029,-0.0151707246175463,0.38
7,103,"RMST_diff","50_sites_x_100","sparse",50,100,19,1.74176433931583,0.480839621285046,-1.26092471803078,2.48517148878896,0.74340714947313,2.00433186750391,-0.517517568557649,0.38
7,104,"RD","50_sites_x_100","sparse",50,100,19,-0.0848843156939778,-0.0484713484526347,0.0364129672413431,-0.119416466453388,-0.0345321507594103,-0.0709451180007534,-0.00188081648193283,0.38
7,104,"RMST_diff","50_sites_x_100","sparse",50,100,19,1.74176433931583,0.607531493883229,-1.1342328454326,2.63684918546399,0.895084846148162,2.02931769158076,-0.239147999284434,0.38
7,105,"RD","50_sites_x_100","sparse",50,100,19,-0.0848843156939778,-0.044677385046385,0.0402069306475928,-0.106820056769809,-0.0219357410758312,-0.062142671723424,-0.0182711895717617,0.38
7,105,"RMST_diff","50_sites_x_100","sparse",50,100,19,1.74176433931583,0.605048921177513,-1.13671541813831,2.47858623820613,0.736821898890309,1.87353731702862,-0.399893519248003,0.38
7,106,"RD","50_sites_x_100","sparse",50,100,20,-0.0848843156939778,-0.0403914771213967,0.0444928385725811,-0.0927227181607655,-0.00783840246678769,-0.0523312410393688,-0.0366544361057934,0.4
7,106,"RMST_diff","50_sites_x_100","sparse",50,100,20,1.74176433931583,0.61973820671381,-1.12202613260201,2.32785170487145,0.586087365555629,1.70811349815764,-0.535938767046385,0.4
7,107,"RD","50_sites_x_100","sparse",50,100,20,-0.0848843156939778,-0.0443020339424155,0.0405822817515623,-0.0925045864269429,-0.00762027073296512,-0.0482025524845274,-0.0329620110185972,0.4
7,107,"RMST_diff","50_sites_x_100","sparse",50,100,20,1.74176433931583,0.58947132921671,-1.15229301009911,2.27881258749596,0.537048248180133,1.68934125827925,-0.615244761918982,0.4
7,108,"RD","50_sites_x_100","sparse",50,100,21,-0.0848843156939778,-0.0400372003331771,0.0448471153608007,-0.0831101208936199,0.0017741948003579,-0.0430729205604428,-0.0430729205604428,0.42
7,108,"RMST_diff","50_sites_x_100","sparse",50,100,21,1.74176433931583,0.515665757299951,-1.22609858201587,2.0722545888579,0.330490249542079,1.55658883155795,-0.895608332473795,0.42
7,109,"RD","50_sites_x_100","sparse",50,100,20,-0.0848843156939778,-0.0404333755451237,0.0444509401488541,-0.0925949764231637,-0.00771066072918591,-0.05216160087804,-0.0367402794196682,0.4
7,109,"RMST_diff","50_sites_x_100","sparse",50,100,20,1.74176433931583,0.477571538811352,-1.26419280050447,2.11530548777665,0.373541148460822,1.63773394896529,-0.890651652043651,0.4
7,110,"RD","50_sites_x_100","sparse",50,100,20,-0.0848843156939778,-0.0475114890758301,0.0373728266181477,-0.0950279789439162,-0.0101436632499384,-0.0475164898680861,-0.0272291633682092,0.4
7,110,"RMST_diff","50_sites_x_100","sparse",50,100,20,1.74176433931583,0.655468134757724,-1.0862962045581,2.1838751586428,0.442110819326977,1.52840702388508,-0.644185385231124,0.4
7,111,"RD","50_sites_x_100","sparse",50,100,21,-0.0848843156939778,-0.0399575887608048,0.044926726933173,-0.0817589454704298,0.00312537022354797,-0.041801356709625,-0.041801356709625,0.42
7,111,"RMST_diff","50_sites_x_100","sparse",50,100,21,1.74176433931583,0.577772674292994,-1.16399166502283,2.02380897227552,0.282044632959691,1.44603629798252,-0.88194703206314,0.42
7,112,"RD","50_sites_x_100","sparse",50,100,21,-0.0848843156939778,-0.0542686316268822,0.0306156840670956,-0.0878304013059878,-0.00294608561201004,-0.0335617696791056,-0.0276695984550855,0.42
7,112,"RMST_diff","50_sites_x_100","sparse",50,100,21,1.74176433931583,0.753557873085635,-0.98820646623019,2.06303054449351,0.32126620517769,1.30947267140788,-0.666940261052501,0.42
7,113,"RD","50_sites_x_100","sparse",50,100,21,-0.0848843156939778,-0.0589387352137789,0.0259455804801989,-0.0917635757099565,-0.00687926001597872,-0.0328248404961776,-0.0190663204642202,0.42
7,113,"RMST_diff","50_sites_x_100","sparse",50,100,21,1.74176433931583,0.905804225355448,-0.835960113960377,2.19899370187389,0.457229362558063,1.29318947651844,-0.378730751402314,0.42
7,114,"RD","50_sites_x_100","sparse",50,100,20,-0.0848843156939778,-0.0588202235210533,0.0260640921729245,-0.0936075359414316,-0.00872322024745376,-0.0347873124203782,-0.0173408719254707,0.4
7,114,"RMST_diff","50_sites_x_100","sparse",50,100,20,1.74176433931583,0.917472056661715,-0.82429228265411,2.15512411534099,0.413359776025167,1.23765205867928,-0.410932506628942,0.4
7,115,"RD","50_sites_x_100","sparse",50,100,20,-0.0848843156939778,-0.0627703349865734,0.0221139807074044,-0.0942338022093741,-0.00934948651539624,-0.0314634672228007,-0.0127644941920082,0.4
7,115,"RMST_diff","50_sites_x_100","sparse",50,100,20,1.74176433931583,1.00884786648348,-0.732916472832345,2.16300188442458,0.421237545108758,1.1541540179411,-0.311678927723587,0.4
7,116,"RD","50_sites_x_100","sparse",50,100,20,-0.0848843156939778,-0.0605459122394101,0.0243384034545677,-0.0944686250920537,-0.00958430939807586,-0.0339227128526436,-0.0147540940564919,0.4
7,116,"RMST_diff","50_sites_x_100","sparse",50,100,20,1.74176433931583,0.860767837753468,-0.880996501562358,2.02686305646552,0.285098717149696,1.16609521871205,-0.595897784412662,0.4
7,117,"RD","50_sites_x_100","sparse",50,100,20,-0.0848843156939778,-0.0648427655913988,0.020041550102579,-0.10132462164412,-0.0164403059501419,-0.0364818560527209,-0.00360124415243712,0.4
7,117,"RMST_diff","50_sites_x_100","sparse",50,100,20,1.74176433931583,0.938580098612643,-0.803184240703182,2.12885614398126,0.38709180466544,1.19027604536862,-0.416092436037742,0.4
7,118,"RD","50_sites_x_100","sparse",50,100,19,-0.0848843156939778,-0.0720951492776543,0.0127891664163235,-0.11544274988167,-0.0305584341876923,-0.0433476006040159,0.0177692677713688,0.38
7,118,"RMST_diff","50_sites_x_100","sparse",50,100,19,1.74176433931583,1.04246137193996,-0.699302967375862,2.31774456382802,0.575980224512197,1.27528319188806,-0.123322742863666,0.38
7,119,"RD","50_sites_x_100","sparse",50,100,18,-0.0848843156939778,-0.0752410002122221,0.00964331548175568,-0.124180526070296,-0.0392962103763183,-0.0489395258580739,0.0296528948945626,0.36
7,119,"RMST_diff","50_sites_x_100","sparse",50,100,18,1.74176433931583,1.08680711463315,-0.65495722468267,2.44515247477952,0.703388135463692,1.35834536014636,0.0484309107810219,0.36
7,120,"RD","50_sites_x_100","sparse",50,100,18,-0.0848843156939778,-0.0590160821440113,0.0258682335499665,-0.117032349427393,-0.0321480337334153,-0.0580162672833818,0.00627980018344887,0.36
7,120,"RMST_diff","50_sites_x_100","sparse",50,100,18,1.74176433931583,0.794409269612485,-0.94735506970334,2.29671462743975,0.554950288123921,1.50230535782726,-0.392404781579419,0.36
7,121,"RD","50_sites_x_100","sparse",50,100,18,-0.0848843156939778,-0.0576599772167865,0.0272243384771913,-0.11575923446915,-0.0308749187751723,-0.0580992572523636,0.00365058029798104,0.36
7,121,"RMST_diff","50_sites_x_100","sparse",50,100,18,1.74176433931583,0.73740478147303,-1.0043595578428,2.23220583719885,0.490441497883024,1.49480105572582,-0.513918059959771,0.36
7,122,"RD","50_sites_x_100","sparse",50,100,19,-0.0848843156939778,-0.0569710961451071,0.0279132195488707,-0.111555759538509,-0.0266714438445309,-0.0545846633934016,-0.00124177570433981,0.38
7,122,"RMST_diff","50_sites_x_100","sparse",50,100,19,1.74176433931583,0.673686917436358,-1.06807742187947,2.02540283060343,0.283638491287606,1.35171591316707,-0.784438930591861,0.38
7,123,"RD","50_sites_x_100","sparse",50,100,19,-0.0848843156939778,-0.0405204240005288,0.044363891693449,-0.112509734372151,-0.0276254186781736,-0.0719893103716226,-0.0167384730152754,0.38
7,123,"RMST_diff","50_sites_x_100","sparse",50,100,19,1.74176433931583,0.424447376420774,-1.31731696289505,2.0319486069648,0.290184267648975,1.60750123054403,-1.02713269524608,0.38
7,124,"RD","50_sites_x_100","sparse",50,100,18,-0.0848843156939778,-0.0545144300047374,0.0303698856892404,-0.123121971230237,-0.0382376555362588,-0.0686075412254992,0.00786776984701842,0.36
7,124,"RMST_diff","50_sites_x_100","sparse",50,100,18,1.74176433931583,0.660393375961934,-1.08137096335389,2.20113014357161,0.459365804255789,1.54073676760968,-0.622005159098102,0.36
7,125,"RD","50_sites_x_100","sparse",50,100,17,-0.0848843156939778,-0.0795664581230816,0.0053178575708962,-0.126490168242778,-0.0416058525488007,-0.0469237101196969,0.0362879949779045,0.34
7,125,"RMST_diff","50_sites_x_100","sparse",50,100,17,1.74176433931583,1.56402702036487,-0.177737318950959,2.3561095004596,0.614345161143772,0.792082480094731,0.436607842192814,0.34
7,126,"RD","50_sites_x_100","sparse",50,100,17,-0.0848843156939778,-0.0838066767422565,0.0010776389517213,-0.130249283583574,-0.0453649678895961,-0.0464426068413174,0.0442873289378748,0.34
7,126,"RMST_diff","50_sites_x_100","sparse",50,100,17,1.74176433931583,1.64460529663524,-0.0971590426805804,2.42220024873612,0.680435909420291,0.777594952100872,0.583276866739711,0.34
7,127,"RD","50_sites_x_100","sparse",50,100,17,-0.0848843156939778,-0.0803824318552019,0.00450188383877592,-0.125952803023782,-0.0410684873298039,-0.0455703711685799,0.036566603491028,0.34
7,127,"RMST_diff","50_sites_x_100","sparse",50,100,17,1.74176433931583,1.58898586043054,-0.152778478885285,2.31165392323183,0.569889583916009,0.722668062801294,0.417111105030724,0.34
7,128,"RD","50_sites_x_100","sparse",50,100,18,-0.0848843156939778,-0.0745619020715108,0.010322413622467,-0.119528591094574,-0.0346442754005958,-0.0449666890230628,0.0243218617781288,0.36
7,128,"RMST_diff","50_sites_x_100","sparse",50,100,18,1.74176433931583,1.49961938409329,-0.242144955222537,2.22022959120462,0.478465251888792,0.72061020711133,0.236320296666255,0.36
7,129,"RD","50_sites_x_100","sparse",50,100,18,-0.0848843156939778,-0.0773736874781205,0.00751062821585735,-0.125370551211094,-0.0404862355171165,-0.0479968637329738,0.0329756073012591,0.36
7,129,"RMST_diff","50_sites_x_100","sparse",50,100,18,1.74176433931583,1.3648925112891,-0.376871828026728,2.21637196101679,0.474607621700967,0.851479449727695,0.0977357936742393,0.36
7,130,"RD","50_sites_x_100","sparse",50,100,17,-0.0848843156939778,-0.0898087099352848,-0.00492439424130697,-0.123735566886687,-0.0388512511927093,-0.0339268569514023,0.0339268569514023,0.34
7,130,"RMST_diff","50_sites_x_100","sparse",50,100,17,1.74176433931583,1.5992980416837,-0.142466297632129,2.21765737017923,0.475893030863402,0.618359328495531,0.333426733231272,0.34
7,131,"RD","50_sites_x_100","sparse",50,100,16,-0.0848843156939778,-0.0986270306059782,-0.0137427149120004,-0.125314048269612,-0.0404297325756339,-0.0266870176636335,0.0266870176636335,0.32
7,131,"RMST_diff","50_sites_x_100","sparse",50,100,16,1.74176433931583,1.7428022910065,0.00103795169067489,2.22358743478473,0.481823095468906,0.480785143778231,0.480785143778231,0.32
7,132,"RD","50_sites_x_100","sparse",50,100,17,-0.0848843156939778,-0.0919498478855033,-0.0070655321915255,-0.110995953749408,-0.0261116380554306,-0.0190461058639051,0.0190461058639051,0.34
7,132,"RMST_diff","50_sites_x_100","sparse",50,100,17,1.74176433931583,1.64567620357895,-0.0960881357368706,2.04930495432909,0.307540615013263,0.403628750750133,0.211452479276392,0.34
7,133,"RD","50_sites_x_100","sparse",50,100,18,-0.0848843156939778,-0.0841978584228465,0.000686457271131258,-0.098213050725643,-0.0133287350316652,-0.0140151923027965,0.0126422777605339,0.36
7,133,"RMST_diff","50_sites_x_100","sparse",50,100,18,1.74176433931583,1.49224159056495,-0.249522748750879,1.79084020940147,0.0490758700856411,0.29859861883652,-0.200446878665238,0.36
7,134,"RD","50_sites_x_100","sparse",50,100,18,-0.0848843156939778,-0.0885915076271862,-0.00370719193320834,-0.103443619404527,-0.0185593037105495,-0.0148521117773411,0.0148521117773411,0.36
7,134,"RMST_diff","50_sites_x_100","sparse",50,100,18,1.74176433931583,1.53253841522108,-0.209225924094749,1.83543595300125,0.0936716136854248,0.302897537780174,-0.115554310409324,0.36
7,135,"RD","50_sites_x_100","sparse",50,100,18,-0.0848843156939778,-0.0923452839494651,-0.00746096825548725,-0.105265202899427,-0.0203808872054494,-0.0129199189499621,0.0129199189499621,0.36
7,135,"RMST_diff","50_sites_x_100","sparse",50,100,18,1.74176433931583,1.53542687971675,-0.206337459599073,1.78621018593491,0.0444458466190802,0.250783306218153,-0.161891612979993,0.36
7,136,"RD","50_sites_x_100","sparse",50,100,17,-0.0848843156939778,-0.0928068661558666,-0.00792255046188883,-0.110297239200513,-0.0254129235065348,-0.017490373044646,0.017490373044646,0.34
7,136,"RMST_diff","50_sites_x_100","sparse",50,100,17,1.74176433931583,1.47330438405069,-0.268459955265131,1.67426879214976,-0.067495547166061,0.20096440809907,-0.20096440809907,0.34
7,137,"RD","50_sites_x_100","sparse",50,100,17,-0.0848843156939778,-0.0910778006273196,-0.00619348493334182,-0.109770907085167,-0.0248865913911889,-0.0186931064578471,0.0186931064578471,0.34
7,137,"RMST_diff","50_sites_x_100","sparse",50,100,17,1.74176433931583,1.45836552676031,-0.283398812555518,1.67806752300997,-0.0636968163058516,0.219701996249666,-0.219701996249666,0.34
7,138,"RD","50_sites_x_100","sparse",50,100,18,-0.0848843156939778,-0.0953069826285753,-0.0104226669345975,-0.108903260411531,-0.0240189447175532,-0.0135962777829557,0.0135962777829557,0.36
7,138,"RMST_diff","50_sites_x_100","sparse",50,100,18,1.74176433931583,1.43029257325113,-0.311471766064695,1.50435774640051,-0.237406592915317,0.0740651731493784,-0.0740651731493784,0.36
7,139,"RD","50_sites_x_100","sparse",50,100,18,-0.0848843156939778,-0.0880716928662025,-0.00318737717222473,-0.0955205547618084,-0.0106362390678306,-0.0074488618956059,0.0074488618956059,0.36
7,139,"RMST_diff","50_sites_x_100","sparse",50,100,18,1.74176433931583,1.22826337433234,-0.513500964983486,1.25127241368022,-0.490491925635602,0.0230090393478832,-0.0230090393478832,0.36
7,140,"RD","50_sites_x_100","sparse",50,100,19,-0.0848843156939778,-0.0847105732561673,0.000173742437810542,-0.0959462982018892,-0.0110619825079113,-0.0112357249457219,0.0108882400701008,0.38
7,140,"RMST_diff","50_sites_x_100","sparse",50,100,19,1.74176433931583,1.179138829586,-0.562625509729829,1.25891747638987,-0.482846862925953,0.0797786468038755,-0.0797786468038755,0.38
7,141,"RD","50_sites_x_100","sparse",50,100,18,-0.0848843156939778,-0.0886700455533724,-0.00378572985939463,-0.104603684812346,-0.0197193691183682,-0.0159336392589736,0.0159336392589736,0.36
7,141,"RMST_diff","50_sites_x_100","sparse",50,100,18,1.74176433931583,1.22775213563951,-0.51401220367632,1.31607171147207,-0.425692627843757,0.0883195758325623,-0.0883195758325623,0.36
7,142,"RD","50_sites_x_100","sparse",50,100,18,-0.0848843156939778,-0.0904751782468027,-0.00559086255282493,-0.102099203559007,-0.0172148878650296,-0.0116240253122046,0.0116240253122046,0.36
7,142,"RMST_diff","50_sites_x_100","sparse",50,100,18,1.74176433931583,1.22184859520162,-0.519915744114209,1.29970147579739,-0.442062863518432,0.0778528805957777,-0.0778528805957777,0.36
7,143,"RD","50_sites_x_100","sparse",50,100,17,-0.0848843156939778,-0.114577680089035,-0.029693364395057,-0.112483261558837,-0.0275989458648593,0.00209441853019765,-0.00209441853019765,0.34
7,143,"RMST_diff","50_sites_x_100","sparse",50,100,17,1.74176433931583,1.6004031242692,-0.141361215046626,1.47173494151049,-0.270029397805333,-0.128668182758707,0.128668182758707,0.34
7,144,"RD","50_sites_x_100","sparse",50,100,16,-0.0848843156939778,-0.115928775592203,-0.0310444598982254,-0.115293251055896,-0.0304089353619178,0.000635524536307552,-0.000635524536307552,0.32
7,144,"RMST_diff","50_sites_x_100","sparse",50,100,16,1.74176433931583,1.64897609521019,-0.0927882441056376,1.51214982268395,-0.229614516631873,-0.136826272526235,0.136826272526235,0.32
7,145,"RD","50_sites_x_100","sparse",50,100,15,-0.0848843156939778,-0.11619638821681,-0.031312072522832,-0.106034987123481,-0.0211506714295033,0.0101614010933286,-0.0101614010933286,0.3
7,145,"RMST_diff","50_sites_x_100","sparse",50,100,15,1.74176433931583,1.67559147874358,-0.0661728605722498,1.39113352683697,-0.350630812478856,-0.284457951906607,0.284457951906607,0.3
7,146,"RD","50_sites_x_100","sparse",50,100,15,-0.0848843156939778,-0.114983224797451,-0.0300989091034728,-0.103220643250507,-0.0183363275565293,0.0117625815469435,-0.0117625815469435,0.3
7,146,"RMST_diff","50_sites_x_100","sparse",50,100,15,1.74176433931583,1.73313919295832,-0.00862514635750422,1.42894149028418,-0.312822849031649,-0.304197702674145,0.304197702674145,0.3
7,147,"RD","50_sites_x_100","sparse",50,100,16,-0.0848843156939778,-0.112812020864575,-0.0279277051705973,-0.101305245899589,-0.0164209302056114,0.0115067749649859,-0.0115067749649859,0.32
7,147,"RMST_diff","50_sites_x_100","sparse",50,100,16,1.74176433931583,1.74435090042793,0.00258656111210165,1.4245305125062,-0.317233826809625,-0.319820387921727,0.314647265697523,0.32
7,148,"RD","50_sites_x_100","sparse",50,100,16,-0.0848843156939778,-0.110448103820633,-0.0255637881266553,-0.0997289064137366,-0.0148445907197587,0.0107191974068965,-0.0107191974068965,0.32
7,148,"RMST_diff","50_sites_x_100","sparse",50,100,16,1.74176433931583,1.72724150957333,-0.0145228297424911,1.41937903468155,-0.322385304634276,-0.307862474891785,0.307862474891785,0.32
7,149,"RD","50_sites_x_100","sparse",50,100,16,-0.0848843156939778,-0.113910150068298,-0.0290258343743205,-0.102720649571589,-0.0178363338776111,0.0111895004967094,-0.0111895004967094,0.32
7,149,"RMST_diff","50_sites_x_100","sparse",50,100,16,1.74176433931583,1.79188047293262,0.0501161336167986,1.4668989755866,-0.274865363729226,-0.324981497346025,0.224749230112428,0.32
7,150,"RD","50_sites_x_100","sparse",50,100,16,-0.0848843156939778,-0.120935861483698,-0.03605154578972,-0.107719973173835,-0.0228356574798574,0.0132158883098626,-0.0132158883098626,0.32
7,150,"RMST_diff","50_sites_x_100","sparse",50,100,16,1.74176433931583,1.93963172269093,0.197867383375103,1.58322419431043,-0.158540145005398,-0.356407528380501,-0.0393272383697045,0.32
7,151,"RD","50_sites_x_100","sparse",50,100,15,-0.0848843156939778,-0.130460070046651,-0.0455757543526736,-0.120640182098726,-0.0357558664047484,0.00981988794792521,-0.00981988794792521,0.3
7,151,"RMST_diff","50_sites_x_100","sparse",50,100,15,1.74176433931583,2.10502719605815,0.36326285674232,1.84318127354402,0.101416934228197,-0.261845922514123,-0.261845922514123,0.3
7,152,"RD","50_sites_x_100","sparse",50,100,15,-0.0848843156939778,-0.131252399270247,-0.0463680835762691,-0.122063630372573,-0.0371793146785953,0.00918876889767384,-0.00918876889767384,0.3
7,152,"RMST_diff","50_sites_x_100","sparse",50,100,15,1.74176433931583,2.11977249482392,0.378008155508093,1.91088445633938,0.169120117023553,-0.20888803848454,-0.20888803848454,0.3
7,153,"RD","50_sites_x_100","sparse",50,100,15,-0.0848843156939778,-0.155002191657277,-0.070117875963299,-0.135201083300457,-0.0503167676064796,0.0198011083568194,-0.0198011083568194,0.3
7,153,"RMST_diff","50_sites_x_100","sparse",50,100,15,1.74176433931583,2.52095786817711,0.779193528861283,2.10800953053296,0.366245191217137,-0.412948337644146,-0.412948337644146,0.3
7,154,"RD","50_sites_x_100","sparse",50,100,16,-0.0848843156939778,-0.148148537839318,-0.0632642221453407,-0.122556205681617,-0.0376718899876395,0.0255923321577012,-0.0255923321577012,0.32
7,154,"RMST_diff","50_sites_x_100","sparse",50,100,16,1.74176433931583,2.42069106835884,0.678926729043011,1.92934293102846,0.187578591712635,-0.491348137330377,-0.491348137330377,0.32
7,155,"RD","50_sites_x_100","sparse",50,100,16,-0.0848843156939778,-0.141887160603707,-0.057002844909729,-0.11965371108908,-0.0347693953951024,0.0222334495146266,-0.0222334495146266,0.32
7,155,"RMST_diff","50_sites_x_100","sparse",50,100,16,1.74176433931583,2.26839124187829,0.526626902562464,1.85186645123146,0.110102111915632,-0.416524790646832,-0.416524790646832,0.32
7,156,"RD","50_sites_x_100","sparse",50,100,15,-0.0848843156939778,-0.154709106244636,-0.069824790550658,-0.130389957473388,-0.0455056417794099,0.0243191487712482,-0.0243191487712482,0.3
7,156,"RMST_diff","50_sites_x_100","sparse",50,100,15,1.74176433931583,2.41306100217548,0.671296662859659,1.96327785353836,0.221513514222531,-0.449783148637128,-0.449783148637128,0.3
7,157,"RD","50_sites_x_100","sparse",50,100,14,-0.0848843156939778,-0.165951421478073,-0.0810671057840956,-0.138558608190901,-0.0536742924969236,0.027392813287172,-0.027392813287172,0.28
7,157,"RMST_diff","50_sites_x_100","sparse",50,100,14,1.74176433931583,2.67887597958356,0.937111640267736,2.16640833334417,0.424643994028344,-0.512467646239392,-0.512467646239392,0.28
7,158,"RD","50_sites_x_100","sparse",50,100,13,-0.0848843156939778,-0.179184933864592,-0.0943006181706141,-0.153831362140652,-0.0689470464466743,0.0253535717239398,-0.0253535717239398,0.26
7,158,"RMST_diff","50_sites_x_100","sparse",50,100,13,1.74176433931583,2.88041207370344,1.13864773438762,2.45163182172545,0.709867482409626,-0.428780251977994,-0.428780251977994,0.26
7,159,"RD","50_sites_x_100","sparse",50,100,13,-0.0848843156939778,-0.176811947339628,-0.0919276316456499,-0.145839714397068,-0.0609553987030901,0.0309722329425598,-0.0309722329425598,0.26
7,159,"RMST_diff","50_sites_x_100","sparse",50,100,13,1.74176433931583,2.82498982372064,1.08322548440481,2.30798067366485,0.56621633434902,-0.51700915005579,-0.51700915005579,0.26
7,160,"RD","50_sites_x_100","sparse",50,100,13,-0.0848843156939778,-0.174101298204372,-0.0892169825103938,-0.143853567696638,-0.0589692520026606,0.0302477305077332,-0.0302477305077332,0.26
7,160,"RMST_diff","50_sites_x_100","sparse",50,100,13,1.74176433931583,2.72844131644656,0.986676977130731,2.23786355061798,0.496099211302154,-0.490577765828577,-0.490577765828577,0.26
7,161,"RD","50_sites_x_100","sparse",50,100,12,-0.0848843156939778,-0.172150273866849,-0.0872659581728708,-0.146086685210406,-0.0612023695164281,0.0260635886564426,-0.0260635886564426,0.24
7,161,"RMST_diff","50_sites_x_100","sparse",50,100,12,1.74176433931583,2.80939472204944,1.06763038273362,2.3260916793352,0.58432734001938,-0.483303042714239,-0.483303042714239,0.24
7,162,"RD","50_sites_x_100","sparse",50,100,13,-0.0848843156939778,-0.156238363874378,-0.0713540481804006,-0.14686180746396,-0.0619774917699824,0.00937655641041824,-0.00937655641041824,0.26
7,162,"RMST_diff","50_sites_x_100","sparse",50,100,13,1.74176433931583,2.57782942717744,0.836065087861614,2.33465680220877,0.592892462892943,-0.243172624968672,-0.243172624968672,0.26
7,163,"RD","50_sites_x_100","sparse",50,100,14,-0.0848843156939778,-0.151225099300129,-0.066340783606151,-0.141128407806458,-0.0562440921124804,0.0100966914936707,-0.0100966914936707,0.28
7,163,"RMST_diff","50_sites_x_100","sparse",50,100,14,1.74176433931583,2.39218505081093,0.650420711495109,2.15376296674646,0.411998627430636,-0.238422084064473,-0.238422084064473,0.28
7,164,"RD","50_sites_x_100","sparse",50,100,14,-0.0848843156939778,-0.162008474417514,-0.0771241587235357,-0.152725931276444,-0.067841615582466,0.00928254314106969,-0.00928254314106969,0.28
7,164,"RMST_diff","50_sites_x_100","sparse",50,100,14,1.74176433931583,2.55646691206267,0.814702572746842,2.32919525774619,0.587430918430369,-0.227271654316473,-0.227271654316473,0.28
7,165,"RD","50_sites_x_100","sparse",50,100,14,-0.0848843156939778,-0.161030231261107,-0.0761459155671296,-0.153796510319727,-0.0689121946257495,0.00723372094138008,-0.00723372094138008,0.28
7,165,"RMST_diff","50_sites_x_100","sparse",50,100,14,1.74176433931583,2.52565910906038,0.783894769744554,2.31854661888064,0.576782279564815,-0.207112490179739,-0.207112490179739,0.28
7,166,"RD","50_sites_x_100","sparse",50,100,13,-0.0848843156939778,-0.167517053600917,-0.0826327379069388,-0.156826497015883,-0.071942181321905,0.0106905565850338,-0.0106905565850338,0.26
7,166,"RMST_diff","50_sites_x_100","sparse",50,100,13,1.74176433931583,2.67865194919155,0.936887609875726,2.37243900618497,0.630674666869147,-0.306212943006578,-0.306212943006578,0.26
7,167,"RD","50_sites_x_100","sparse",50,100,14,-0.0848843156939778,-0.162388576261013,-0.0775042605670349,-0.147286548878512,-0.062402233184534,0.0151020273825009,-0.0151020273825009,0.28
7,167,"RMST_diff","50_sites_x_100","sparse",50,100,14,1.74176433931583,2.58712535917162,0.845361019855796,2.1973371098419,0.455572770526077,-0.389788249329719,-0.389788249329719,0.28
7,168,"RD","50_sites_x_100","sparse",50,100,15,-0.0848843156939778,-0.150445081544437,-0.0655607658504589,-0.13361945844635,-0.0487351427523727,0.0168256230980862,-0.0168256230980862,0.3
7,168,"RMST_diff","50_sites_x_100","sparse",50,100,15,1.74176433931583,2.56579239342684,0.824028054111013,2.14874434865774,0.406980009341916,-0.417048044769096,-0.417048044769096,0.3
7,169,"RD","50_sites_x_100","sparse",50,100,15,-0.0848843156939778,-0.140289548873143,-0.0554052331791657,-0.126031766984047,-0.0411474512900688,0.0142577818890969,-0.0142577818890969,0.3
7,169,"RMST_diff","50_sites_x_100","sparse",50,100,15,1.74176433931583,2.47189942355034,0.730135084234512,2.08300969667354,0.34124535735771,-0.388889726876801,-0.388889726876801,0.3
7,170,"RD","50_sites_x_100","sparse",50,100,15,-0.0848843156939778,-0.146899896889424,-0.0620155811954457,-0.13053146225586,-0.0456471465618817,0.016368434633564,-0.016368434633564,0.3
7,170,"RMST_diff","50_sites_x_100","sparse",50,100,15,1.74176433931583,2.60949412210548,0.867729782789656,2.20595990513783,0.464195565822003,-0.403534216967653,-0.403534216967653,0.3
7,171,"RD","50_sites_x_100","sparse",50,100,15,-0.0848843156939778,-0.145302139675207,-0.0604178239812295,-0.131340506641422,-0.0464561909474438,0.0139616330337857,-0.0139616330337857,0.3
7,171,"RMST_diff","50_sites_x_100","sparse",50,100,15,1.74176433931583,2.60761511907407,0.865850779758246,2.2371631740946,0.495398834778777,-0.370451944979468,-0.370451944979468,0.3
7,172,"RD","50_sites_x_100","sparse",50,100,15,-0.0848843156939778,-0.139407675510216,-0.0545233598162378,-0.129003691534645,-0.0441193758406676,0.0104039839755702,-0.0104039839755702,0.3
7,172,"RMST_diff","50_sites_x_100","sparse",50,100,15,1.74176433931583,2.52843670175804,0.786672362442211,2.23624100527489,0.494476665959064,-0.292195696483146,-0.292195696483146,0.3
7,173,"RD","50_sites_x_100","sparse",50,100,15,-0.0848843156939778,-0.130385174432145,-0.0455008587381671,-0.120936665982029,-0.0360523502880509,0.00944850845011624,-0.00944850845011624,0.3
7,173,"RMST_diff","50_sites_x_100","sparse",50,100,15,1.74176433931583,2.47963516092758,0.737870821611759,2.16972667312196,0.427962333806134,-0.309908487805625,-0.309908487805625,0.3
7,174,"RD","50_sites_x_100","sparse",50,100,15,-0.0848843156939778,-0.117406743798337,-0.0325224281043595,-0.11261465340017,-0.0277303377061919,0.00479209039816753,-0.00479209039816753,0.3
7,174,"RMST_diff","50_sites_x_100","sparse",50,100,15,1.74176433931583,2.32256026422787,0.580795924912048,2.0746940850973,0.33292974578147,-0.247866179130577,-0.247866179130577,0.3
7,175,"RD","50_sites_x_100","sparse",50,100,15,-0.0848843156939778,-0.121713155296583,-0.0368288396026049,-0.11343847168517,-0.0285541559911918,0.00827468361141304,-0.00827468361141304,0.3
7,175,"RMST_diff","50_sites_x_100","sparse",50,100,15,1.74176433931583,2.35834025701378,0.616575917697952,2.07666781431942,0.334903475003591,-0.281672442694362,-0.281672442694362,0.3
7,176,"RD","50_sites_x_100","sparse",50,100,15,-0.0848843156939778,-0.116579093782562,-0.0316947780885838,-0.109993804875347,-0.0251094891813692,0.00658528890721455,-0.00658528890721455,0.3
7,176,"RMST_diff","50_sites_x_100","sparse",50,100,15,1.74176433931583,2.32044251204663,0.5786781727308,2.08647575940403,0.344711420088204,-0.233966752642596,-0.233966752642596,0.3
7,177,"RD","50_sites_x_100","sparse",50,100,16,-0.0848843156939778,-0.117750034344028,-0.0328657186500503,-0.107219848713603,-0.0223355330196255,0.0105301856304247,-0.0105301856304247,0.32
7,177,"RMST_diff","50_sites_x_100","sparse",50,100,16,1.74176433931583,2.37544971196576,0.63368537264993,2.17776357715351,0.435999237837686,-0.197686134812244,-0.197686134812244,0.32
7,178,"RD","50_sites_x_100","sparse",50,100,16,-0.0848843156939778,-0.116473785377713,-0.0315894696837352,-0.107492906490924,-0.0226085907969463,0.00898087888678889,-0.00898087888678889,0.32
7,178,"RMST_diff","50_sites_x_100","sparse",50,100,16,1.74176433931583,2.24438939522692,0.502625055911098,2.08935240506059,0.34758806574477,-0.155036990166328,-0.155036990166328,0.32
7,179,"RD","50_sites_x_100","sparse",50,100,16,-0.0848843156939778,-0.108667708626977,-0.0237833929329996,-0.0986339723655976,-0.0137496566716198,0.0100337362613798,-0.0100337362613798,0.32
7,179,"RMST_diff","50_sites_x_100","sparse",50,100,16,1.74176433931583,2.0794762587127,0.337711919396874,1.93140927589269,0.189644936576867,-0.148066982820007,-0.148066982820007,0.32
7,180,"RD","50_sites_x_100","sparse",50,100,16,-0.0848843156939778,-0.0950407732710848,-0.010156457577107,-0.088183843126473,-0.00329952743249518,0.00685693014461186,-0.00685693014461186,0.32
7,180,"RMST_diff","50_sites_x_100","sparse",50,100,16,1.74176433931583,1.75630382475644,0.0145394854406184,1.67755892914161,-0.0642054101742122,-0.0787448956148307,0.0496659247335938,0.32
7,181,"RD","50_sites_x_100","sparse",50,100,16,-0.0848843156939778,-0.0937708960775359,-0.00888658038355805,-0.0881264623682922,-0.00324214667431444,0.00564443370924361,-0.00564443370924361,0.32
7,181,"RMST_diff","50_sites_x_100","sparse",50,100,16,1.74176433931583,1.74944117055546,0.00767683123963891,1.69855306263246,-0.0432112766833672,-0.0508881079230061,0.0355344454437283,0.32
7,182,"RD","50_sites_x_100","sparse",50,100,15,-0.0848843156939778,-0.0944543380110733,-0.00957002231709547,-0.0903711151594681,-0.00548679946549024,0.00408322285160523,-0.00408322285160523,0.3
7,182,"RMST_diff","50_sites_x_100","sparse",50,100,15,1.74176433931583,1.79459233127704,0.0528279919612196,1.7390185567766,-0.00274578253922186,-0.0555737745004414,-0.0500822094219977,0.3
7,183,"RD","50_sites_x_100","sparse",50,100,14,-0.0848843156939778,-0.103717643590439,-0.0188333278964609,-0.103598104723105,-0.0187137890291276,0.000119538867333291,-0.000119538867333291,0.28
7,183,"RMST_diff","50_sites_x_100","sparse",50,100,14,1.74176433931583,1.98450360730437,0.242739267988545,2.03179306881266,0.290028729496832,0.0472894615082868,0.0472894615082868,0.28
7,184,"RD","50_sites_x_100","sparse",50,100,14,-0.0848843156939778,-0.0977654204240215,-0.0128811047300437,-0.0939777382404531,-0.00909342254647527,0.0037876821835684,-0.0037876821835684,0.28
7,184,"RMST_diff","50_sites_x_100","sparse",50,100,14,1.74176433931583,1.96582139392823,0.224057054612405,1.98152859877738,0.239764259461555,0.01570720484915,0.01570720484915,0.28
7,185,"RD","50_sites_x_100","sparse",50,100,14,-0.0848843156939778,-0.0936519873504084,-0.00876767165643055,-0.0991554801233793,-0.0142711644294015,-0.00550349277297091,0.00550349277297091,0.28
7,185,"RMST_diff","50_sites_x_100","sparse",50,100,14,1.74176433931583,1.90316258141604,0.16139824210021,2.04378581124846,0.302021471932632,0.140623229832421,0.140623229832421,0.28
7,186,"RD","50_sites_x_100","sparse",50,100,14,-0.0848843156939778,-0.106244047773611,-0.021359732079633,-0.106266634022171,-0.0213823183281929,-2.2586248559886e-05,2.2586248559886e-05,0.28
7,186,"RMST_diff","50_sites_x_100","sparse",50,100,14,1.74176433931583,2.12989334297837,0.388129003662543,2.16626524769732,0.424500908381496,0.036371904718953,0.036371904718953,0.28
7,187,"RD","50_sites_x_100","sparse",50,100,14,-0.0848843156939778,-0.102565935457709,-0.0176816197637315,-0.101996551620518,-0.01711223592654,0.000569383837191517,-0.000569383837191517,0.28
7,187,"RMST_diff","50_sites_x_100","sparse",50,100,14,1.74176433931583,2.07576981360443,0.334005474288606,2.12371328637318,0.381948947057358,0.0479434727687522,0.0479434727687522,0.28
7,188,"RD","50_sites_x_100","sparse",50,100,14,-0.0848843156939778,-0.0982272779994322,-0.0133429623054544,-0.102269630018576,-0.0173853143245983,-0.00404235201914394,0.00404235201914394,0.28
7,188,"RMST_diff","50_sites_x_100","sparse",50,100,14,1.74176433931583,2.05451949528756,0.312755155971731,2.22996461417926,0.488200274863432,0.175445118891702,0.175445118891702,0.28
7,189,"RD","50_sites_x_100","sparse",50,100,13,-0.0848843156939778,-0.108115929960456,-0.0232316142664785,-0.113033747484559,-0.0281494317905815,-0.00491781752410303,0.00491781752410303,0.26
7,189,"RMST_diff","50_sites_x_100","sparse",50,100,13,1.74176433931583,2.30546330320852,0.563698963892692,2.44086896322994,0.699104623914117,0.135405660021425,0.135405660021425,0.26
7,190,"RD","50_sites_x_100","sparse",50,100,12,-0.0848843156939778,-0.100123346640437,-0.0152390309464591,-0.0995323222927095,-0.0146480065987317,0.000591024347727398,-0.000591024347727398,0.24
7,190,"RMST_diff","50_sites_x_100","sparse",50,100,12,1.74176433931583,2.22437008921724,0.482605749901417,2.27595849399512,0.534194154679298,0.0515884047778812,0.0515884047778812,0.24
7,191,"RD","50_sites_x_100","sparse",50,100,13,-0.0848843156939778,-0.0950486998648772,-0.0101643841708994,-0.0928762960844577,-0.00799198039047988,0.0021724037804195,-0.0021724037804195,0.26
7,191,"RMST_diff","50_sites_x_100","sparse",50,100,13,1.74176433931583,2.15848237526149,0.416718035945664,2.18414130338219,0.442376964066369,0.0256589281207056,0.0256589281207056,0.26
7,192,"RD","50_sites_x_100","sparse",50,100,13,-0.0848843156939778,-0.097856415172182,-0.0129720994782042,-0.105390842595463,-0.0205065269014857,-0.00753442742328148,0.00753442742328148,0.26
7,192,"RMST_diff","50_sites_x_100","sparse",50,100,13,1.74176433931583,2.19406667765356,0.452302338337732,2.31719982353153,0.575435484215706,0.123133145877974,0.123133145877974,0.26
7,193,"RD","50_sites_x_100","sparse",50,100,14,-0.0848843156939778,-0.0788883359758353,0.00599597971814247,-0.0951702525780778,-0.0102859368841,-0.0162819166022424,0.00428995716595748,0.28
7,193,"RMST_diff","50_sites_x_100","sparse",50,100,14,1.74176433931583,1.89875694818293,0.156992608867109,2.1304915013423,0.388727162026472,0.231734553159363,0.231734553159363,0.28
7,194,"RD","50_sites_x_100","sparse",50,100,14,-0.0848843156939778,-0.0795400264810909,0.00534428921288688,-0.0950657050934218,-0.010181389399444,-0.0155256786123309,0.00483710018655714,0.28
7,194,"RMST_diff","50_sites_x_100","sparse",50,100,14,1.74176433931583,1.79166719343746,0.0499028541216386,2.02725382713388,0.285489487818051,0.235586633696412,0.235586633696412,0.28
7,195,"RD","50_sites_x_100","sparse",50,100,15,-0.0848843156939778,-0.0767988071560235,0.00808550853795431,-0.0927167665790669,-0.0078324508850891,-0.0159179594230434,-0.000253057652865207,0.3
7,195,"RMST_diff","50_sites_x_100","sparse",50,100,15,1.74176433931583,1.77537896617389,0.0336146268580677,2.03964903032422,0.297884691008393,0.264270064150326,0.264270064150326,0.3
7,196,"RD","50_sites_x_100","sparse",50,100,15,-0.0848843156939778,-0.0768589760285227,0.00802533966545516,-0.0940720859369333,-0.00918777024295547,-0.0172131099084106,0.00116243057750032,0.3
7,196,"RMST_diff","50_sites_x_100","sparse",50,100,15,1.74176433931583,1.69037318510487,-0.0513911542109557,1.9578458248473,0.216081485531479,0.267472639742435,0.164690331320523,0.3
7,197,"RD","50_sites_x_100","sparse",50,100,14,-0.0848843156939778,-0.0788503084414856,0.00603400725249226,-0.0959413697812622,-0.0110570540872844,-0.0170910613397767,0.00502304683479216,0.28
7,197,"RMST_diff","50_sites_x_100","sparse",50,100,14,1.74176433931583,1.63318935144268,-0.108574987873144,1.92738100544767,0.185616666131841,0.294191654004985,0.0770416782586967,0.28
7,198,"RD","50_sites_x_100","sparse",50,100,15,-0.0848843156939778,-0.0702145720943724,0.0146697435996054,-0.0873079817876765,-0.00242366609369871,-0.0170934096933041,-0.0122460775059067,0.3
7,198,"RMST_diff","50_sites_x_100","sparse",50,100,15,1.74176433931583,1.59916435127712,-0.142599988038707,1.88604282412951,0.144278484813681,0.286878472852388,0.00167849677497323,0.3
7,199,"RD","50_sites_x_100","sparse",50,100,15,-0.0848843156939778,-0.0618466461544795,0.0230376695394983,-0.0818676581450869,0.00301665754889091,-0.0200210119906074,-0.0200210119906074,0.3
7,199,"RMST_diff","50_sites_x_100","sparse",50,100,15,1.74176433931583,1.58538625617901,-0.156378083136813,1.87725737833046,0.135493039014637,0.29187112215145,-0.020885044122176,0.3
7,200,"RD","50_sites_x_100","sparse",50,100,15,-0.0848843156939778,-0.0490623602277949,0.0358219554661829,-0.0754871511707959,0.00939716452318196,-0.026424790943001,-0.026424790943001,0.3
7,200,"RMST_diff","50_sites_x_100","sparse",50,100,15,1.74176433931583,1.26494281759577,-0.476821521720057,1.689440556039,-0.0523237832768295,0.424497738443227,-0.424497738443227,0.3
7,201,"RD","50_sites_x_100","sparse",50,100,15,-0.0848843156939778,-0.0427658899594875,0.0421184257344903,-0.0671555366800112,0.0177287790139666,-0.0243896467205237,-0.0243896467205237,0.3
7,201,"RMST_diff","50_sites_x_100","sparse",50,100,15,1.74176433931583,1.15164737510897,-0.590116964206853,1.5583639701449,-0.183400369170929,0.406716595035924,-0.406716595035924,0.3
7,202,"RD","50_sites_x_100","sparse",50,100,14,-0.0848843156939778,-0.0365090183016994,0.0483752973922784,-0.065569856190084,0.0193144595038938,-0.0290608378883846,-0.0290608378883846,0.28
7,202,"RMST_diff","50_sites_x_100","sparse",50,100,14,1.74176433931583,1.19083108281157,-0.550933256504258,1.65888860982421,-0.0828757294916151,0.468057527012643,-0.468057527012643,0.28
7,203,"RD","50_sites_x_100","sparse",50,100,14,-0.0848843156939778,-0.0260445994531963,0.0588397162407815,-0.0524677900832646,0.0324165256107132,-0.0264231906300684,-0.0264231906300684,0.28
7,203,"RMST_diff","50_sites_x_100","sparse",50,100,14,1.74176433931583,1.01892501722174,-0.722839322094087,1.44596737744446,-0.295796961871369,0.427042360222718,-0.427042360222718,0.28
7,204,"RD","50_sites_x_100","sparse",50,100,13,-0.0848843156939778,-0.030477512476653,0.0544068032173248,-0.0578413649777405,0.0270429507162373,-0.0273638525010875,-0.0273638525010875,0.26
7,204,"RMST_diff","50_sites_x_100","sparse",50,100,13,1.74176433931583,1.07105789404049,-0.670706445275332,1.53274836054725,-0.209015978768573,0.461690466506759,-0.461690466506759,0.26
7,205,"RD","50_sites_x_100","sparse",50,100,13,-0.0848843156939778,-0.0439418978110062,0.0409424178829716,-0.0709614410021955,0.0139228746917823,-0.0270195431911893,-0.0270195431911893,0.26
7,205,"RMST_diff","50_sites_x_100","sparse",50,100,13,1.74176433931583,1.34361667109924,-0.398147668216582,1.75531360989731,0.0135492705814872,0.41169693879807,-0.384598397635095,0.26
7,206,"RD","50_sites_x_100","sparse",50,100,13,-0.0848843156939778,-0.0352452820431156,0.0496390336508622,-0.0663020187775826,0.0185822969163952,-0.031056736734467,-0.031056736734467,0.26
7,206,"RMST_diff","50_sites_x_100","sparse",50,100,13,1.74176433931583,1.26784658845509,-0.473917750860739,1.73394131157078,-0.00782302774504018,0.466094723115699,-0.466094723115699,0.26
7,207,"RD","50_sites_x_100","sparse",50,100,13,-0.0848843156939778,-0.0417918590532844,0.0430924566406934,-0.0671894157715957,0.0176948999223822,-0.0253975567183112,-0.0253975567183112,0.26
7,207,"RMST_diff","50_sites_x_100","sparse",50,100,13,1.74176433931583,1.31026023369563,-0.431504105620192,1.71046786307883,-0.0312964762369958,0.400207629383196,-0.400207629383196,0.26
7,208,"RD","50_sites_x_100","sparse",50,100,14,-0.0848843156939778,-0.0269458005481259,0.0579385151458519,-0.052291200609048,0.0325931150849298,-0.0253454000609221,-0.0253454000609221,0.28
7,208,"RMST_diff","50_sites_x_100","sparse",50,100,14,1.74176433931583,1.01493856581136,-0.72682577350446,1.4125652717666,-0.329199067549228,0.397626705955233,-0.397626705955233,0.28
7,209,"RD","50_sites_x_100","sparse",50,100,15,-0.0848843156939778,-0.0272927521226679,0.0575915635713099,-0.0506520951693304,0.0342322205246474,-0.0233593430466625,-0.0233593430466625,0.3
7,209,"RMST_diff","50_sites_x_100","sparse",50,100,15,1.74176433931583,0.998377289373956,-0.74338704994187,1.35816231416197,-0.383602025153856,0.359785024788014,-0.359785024788014,0.3
7,210,"RD","50_sites_x_100","sparse",50,100,15,-0.0848843156939778,-0.0204702985377626,0.0644140171562152,-0.0471412245040665,0.0377430911899113,-0.0266709259663039,-0.0266709259663039,0.3
7,210,"RMST_diff","50_sites_x_100","sparse",50,100,15,1.74176433931583,0.966726611786944,-0.775037727528881,1.42612719206649,-0.315637147249339,0.459400580279542,-0.459400580279542,0.3
7,211,"RD","50_sites_x_100","sparse",50,100,16,-0.0848843156939778,-0.0228947976331645,0.0619895180608133,-0.0460938718765767,0.0387904438174012,-0.0231990742434122,-0.0231990742434122,0.32
7,211,"RMST_diff","50_sites_x_100","sparse",50,100,16,1.74176433931583,0.87582220452771,-0.865942134788115,1.35341647833421,-0.388347860981611,0.477594273806504,-0.477594273806504,0.32
7,212,"RD","50_sites_x_100","sparse",50,100,16,-0.0848843156939778,-0.0195900172476686,0.0652942984463092,-0.0329264390427473,0.0519578766512305,-0.0133364217950787,-0.0133364217950787,0.32
7,212,"RMST_diff","50_sites_x_100","sparse",50,100,16,1.74176433931583,0.766065213468742,-0.975699125847083,1.12849160830999,-0.613272731005832,0.36242639484125,-0.36242639484125,0.32
7,213,"RD","50_sites_x_100","sparse",50,100,16,-0.0848843156939778,-0.0225795859609218,0.062304729733056,-0.0348032299848724,0.0500810857091054,-0.0122236440239506,-0.0122236440239506,0.32
7,213,"RMST_diff","50_sites_x_100","sparse",50,100,16,1.74176433931583,0.852335253424586,-0.889429085891239,1.21009875746576,-0.531665581850062,0.357763504041177,-0.357763504041177,0.32
7,214,"RD","50_sites_x_100","sparse",50,100,16,-0.0848843156939778,-0.00862985770697289,0.0762544579870049,-0.0247166014070378,0.06016771428694,-0.0160867437000649,-0.0160867437000649,0.32
7,214,"RMST_diff","50_sites_x_100","sparse",50,100,16,1.74176433931583,0.612959218409465,-1.12880512090636,1.04545545020078,-0.696308889115045,0.432496231791315,-0.432496231791315,0.32
7,215,"RD","50_sites_x_100","sparse",50,100,15,-0.0848843156939778,-0.0230747464134524,0.0618095692805254,-0.0340894455652908,0.050794870128687,-0.0110146991518384,-0.0110146991518384,0.3
7,215,"RMST_diff","50_sites_x_100","sparse",50,100,15,1.74176433931583,0.782943391945224,-0.958820947370601,1.14246977373022,-0.599294565585602,0.359526381784999,-0.359526381784999,0.3
7,216,"RD","50_sites_x_100","sparse",50,100,15,-0.0848843156939778,-0.0257295206779719,0.059154795016006,-0.0381727205421303,0.0467115951518475,-0.0124431998641584,-0.0124431998641584,0.3
7,216,"RMST_diff","50_sites_x_100","sparse",50,100,15,1.74176433931583,0.879857923924419,-0.861906415391406,1.25682098409908,-0.484943355216744,0.376963060174662,-0.376963060174662,0.3
7,217,"RD","50_sites_x_100","sparse",50,100,14,-0.0848843156939778,-0.0286490495898969,0.0562352661040809,-0.0450769130302763,0.0398074026637015,-0.0164278634403794,-0.0164278634403794,0.28
7,217,"RMST_diff","50_sites_x_100","sparse",50,100,14,1.74176433931583,0.911658947384916,-0.830105391930909,1.37134936902257,-0.37041497029325,0.459690421637658,-0.459690421637658,0.28
7,218,"RD","50_sites_x_100","sparse",50,100,13,-0.0848843156939778,-0.0353321785668411,0.0495521371271367,-0.0500144059698363,0.0348699097241415,-0.0146822274029952,-0.0146822274029952,0.26
7,218,"RMST_diff","50_sites_x_100","sparse",50,100,13,1.74176433931583,0.836655457148831,-0.905108882166994,1.27879366469444,-0.462970674621387,0.442138207545607,-0.442138207545607,0.26
7,219,"RD","50_sites_x_100","sparse",50,100,13,-0.0848843156939778,-0.0394619688533353,0.0454223468406425,-0.0538538113041684,0.0310305043898094,-0.0143918424508331,-0.0143918424508331,0.26
7,219,"RMST_diff","50_sites_x_100","sparse",50,100,13,1.74176433931583,0.849417925459667,-0.892346413856158,1.29611644812796,-0.445647891187868,0.44669852266829,-0.44669852266829,0.26
7,220,"RD","50_sites_x_100","sparse",50,100,13,-0.0848843156939778,-0.0318258403750447,0.0530584753189332,-0.0474177437417731,0.0374665719522047,-0.0155919033667284,-0.0155919033667284,0.26
7,220,"RMST_diff","50_sites_x_100","sparse",50,100,13,1.74176433931583,0.659051551771807,-1.08271278754402,1.13165263491312,-0.610111704402705,0.472601083141313,-0.472601083141313,0.26
7,221,"RD","50_sites_x_100","sparse",50,100,13,-0.0848843156939778,-0.0366263544431942,0.0482579612507836,-0.0516527077876893,0.0332316079062885,-0.0150263533444951,-0.0150263533444951,0.26
7,221,"RMST_diff","50_sites_x_100","sparse",50,100,13,1.74176433931583,0.683555155619837,-1.05820918369599,1.14980313951491,-0.591961199800915,0.466247983895073,-0.466247983895073,0.26
7,222,"RD","50_sites_x_100","sparse",50,100,13,-0.0848843156939778,-0.0413900493508761,0.0434942663431017,-0.0531611803078555,0.0317231353861223,-0.0117711309569795,-0.0117711309569795,0.26
7,222,"RMST_diff","50_sites_x_100","sparse",50,100,13,1.74176433931583,0.778708833643661,-0.963055505672164,1.17553302974208,-0.566231309573745,0.39682419609842,-0.39682419609842,0.26
7,223,"RD","50_sites_x_100","sparse",50,100,14,-0.0848843156939778,-0.0366340137128618,0.048250301981116,-0.048132221801031,0.0367520938929468,-0.0114982080881693,-0.0114982080881693,0.28
7,223,"RMST_diff","50_sites_x_100","sparse",50,100,14,1.74176433931583,0.637178830563505,-1.10458550875232,1.07100624429878,-0.670758095017042,0.433827413735278,-0.433827413735278,0.28
7,224,"RD","50_sites_x_100","sparse",50,100,15,-0.0848843156939778,-0.0351192173155438,0.049765098378434,-0.0453867131714233,0.0394976025225545,-0.0102674958558795,-0.0102674958558795,0.3
7,224,"RMST_diff","50_sites_x_100","sparse",50,100,15,1.74176433931583,0.569442344006031,-1.17232199530979,1.00774477007644,-0.73401956923939,0.438302426070404,-0.438302426070404,0.3
7,225,"RD","50_sites_x_100","sparse",50,100,15,-0.0848843156939778,-0.0334556134452497,0.0514287022487281,-0.0430397566230212,0.0418445590709566,-0.00958414317777145,-0.00958414317777145,0.3
7,225,"RMST_diff","50_sites_x_100","sparse",50,100,15,1.74176433931583,0.589931168437799,-1.15183317087803,1.005284973824,-0.736479365491828,0.415353805386198,-0.415353805386198,0.3
7,226,"RD","50_sites_x_100","sparse",50,100,15,-0.0848843156939778,-0.0401401587901078,0.04474415690387,-0.0471065168752625,0.0377777988187153,-0.00696635808515467,-0.00696635808515467,0.3
7,226,"RMST_diff","50_sites_x_100","sparse",50,100,15,1.74176433931583,0.661267232489426,-1.0804971068264,1.04373906473877,-0.698025274577054,0.382471832249346,-0.382471832249346,0.3
7,227,"RD","50_sites_x_100","sparse",50,100,14,-0.0848843156939778,-0.0392838204549085,0.0456004952390693,-0.0476500916476987,0.0372342240462791,-0.00836627119279021,-0.00836627119279021,0.28
7,227,"RMST_diff","50_sites_x_100","sparse",50,100,14,1.74176433931583,0.694492140794964,-1.04727219852086,1.04081803190543,-0.700946307410394,0.346325891110467,-0.346325891110467,0.28
7,228,"RD","50_sites_x_100","sparse",50,100,13,-0.0848843156939778,-0.053486838855643,0.0313974768383348,-0.0545323589868123,0.0303519567071655,-0.00104552013116932,-0.00104552013116932,0.26
7,228,"RMST_diff","50_sites_x_100","sparse",50,100,13,1.74176433931583,0.975438314831765,-0.76632602448406,1.19041705759533,-0.551347281720499,0.214978742763561,-0.214978742763561,0.26
7,229,"RD","50_sites_x_100","sparse",50,100,13,-0.0848843156939778,-0.0624304025677594,0.0224539131262184,-0.0633693631815785,0.0215149525123993,-0.00093896061381904,-0.00093896061381904,0.26
7,229,"RMST_diff","50_sites_x_100","sparse",50,100,13,1.74176433931583,1.1487477079038,-0.593016631412022,1.33804938788396,-0.403714951431867,0.189301679980154,-0.189301679980154,0.26
7,230,"RD","50_sites_x_100","sparse",50,100,13,-0.0848843156939778,-0.0621287886086408,0.022755527085337,-0.0644478553793038,0.0204364603146741,-0.00231906677066296,-0.00231906677066296,0.26
7,230,"RMST_diff","50_sites_x_100","sparse",50,100,13,1.74176433931583,1.25357545630028,-0.48818888301555,1.45038880809894,-0.291375531216882,0.196813351798667,-0.196813351798667,0.26
7,231,"RD","50_sites_x_100","sparse",50,100,13,-0.0848843156939778,-0.0761147547048963,0.00876956098908155,-0.0739165159739382,0.0109677997200396,0.00219823873095804,0.00219823873095804,0.26
7,231,"RMST_diff","50_sites_x_100","sparse",50,100,13,1.74176433931583,1.48163086973427,-0.260133469581556,1.60093103438349,-0.140833304932336,0.11930016464922,-0.11930016464922,0.26
7,232,"RD","50_sites_x_100","sparse",50,100,13,-0.0848843156939778,-0.07820555630505,0.00667875938892781,-0.0793362039946254,0.00554811169935243,-0.00113064768957538,-0.00113064768957538,0.26
7,232,"RMST_diff","50_sites_x_100","sparse",50,100,13,1.74176433931583,1.49617676555769,-0.245587573758138,1.7085728260647,-0.0331915132511256,0.212396060507013,-0.212396060507013,0.26
7,233,"RD","50_sites_x_100","sparse",50,100,14,-0.0848843156939778,-0.059807820943004,0.0250764947509738,-0.0672581981876634,0.0176261175063144,-0.00745037724465947,-0.00745037724465947,0.28
7,233,"RMST_diff","50_sites_x_100","sparse",50,100,14,1.74176433931583,1.25456458213203,-0.487199757183799,1.50931430615477,-0.232450033161054,0.254749724022744,-0.254749724022744,0.28
7,234,"RD","50_sites_x_100","sparse",50,100,14,-0.0848843156939778,-0.0632258386404454,0.0216584770535324,-0.0720793357214051,0.0128049799725727,-0.00885349708095973,-0.00885349708095973,0.28
7,234,"RMST_diff","50_sites_x_100","sparse",50,100,14,1.74176433931583,1.23861104049425,-0.503153298821573,1.49339673066193,-0.248367608653897,0.254785690167676,-0.254785690167676,0.28
7,235,"RD","50_sites_x_100","sparse",50,100,15,-0.0848843156939778,-0.0607639137402771,0.0241204019537007,-0.0588436766550409,0.0260406390389369,0.00192023708523625,0.00192023708523625,0.3
7,235,"RMST_diff","50_sites_x_100","sparse",50,100,15,1.74176433931583,1.22754871922992,-0.514215620085903,1.35476887598489,-0.386995463330932,0.127220156754971,-0.127220156754971,0.3
7,236,"RD","50_sites_x_100","sparse",50,100,16,-0.0848843156939778,-0.0481105845667582,0.0367737311272196,-0.045557049314442,0.0393272663795358,0.00255353525231616,0.00255353525231616,0.32
7,236,"RMST_diff","50_sites_x_100","sparse",50,100,16,1.74176433931583,1.02491993880336,-0.716844400512461,1.12873349777516,-0.613030841540668,0.103813558971792,-0.103813558971792,0.32
7,237,"RD","50_sites_x_100","sparse",50,100,17,-0.0848843156939778,-0.0411137030072981,0.0437706126866797,-0.0353067534993919,0.0495775621945859,0.00580694950790617,0.00580694950790617,0.34
7,237,"RMST_diff","50_sites_x_100","sparse",50,100,17,1.74176433931583,0.94567851272188,-0.796085826593945,1.01363051446555,-0.728133824850271,0.0679520017436737,-0.0679520017436737,0.34
7,238,"RD","50_sites_x_100","sparse",50,100,16,-0.0848843156939778,-0.0345570861582017,0.0503272295357761,-0.0333740150805901,0.0515103006133877,0.00118307107761162,0.00118307107761162,0.32
7,238,"RMST_diff","50_sites_x_100","sparse",50,100,16,1.74176433931583,0.79854170714361,-0.943222632172215,0.952515633765513,-0.789248705550312,0.153973926621903,-0.153973926621903,0.32
7,239,"RD","50_sites_x_100","sparse",50,100,17,-0.0848843156939778,-0.0318851942673349,0.0529991214266429,-0.0222644491199466,0.0626198665740312,0.00962074514738831,0.00962074514738831,0.34
7,239,"RMST_diff","50_sites_x_100","sparse",50,100,17,1.74176433931583,0.767541683198699,-0.974222656117126,0.767949849619628,-0.973814489696197,0.000408166420928779,-0.000408166420928779,0.34
7,240,"RD","50_sites_x_100","sparse",50,100,17,-0.0848843156939778,-0.0372048900075874,0.0476794256863904,-0.0255663197932688,0.059317995900709,0.0116385702143186,0.0116385702143186,0.34
7,240,"RMST_diff","50_sites_x_100","sparse",50,100,17,1.74176433931583,0.797422358318823,-0.944341980997002,0.7927265328505,-0.949037806465325,-0.00469582546832292,0.00469582546832292,0.34
7,241,"RD","50_sites_x_100","sparse",50,100,17,-0.0848843156939778,-0.0379019009023863,0.0469824147915915,-0.0241844005579939,0.0606999151359839,0.0137175003443925,0.0137175003443925,0.34
7,241,"RMST_diff","50_sites_x_100","sparse",50,100,17,1.74176433931583,0.766632027280513,-0.975132312035312,0.673642920227994,-1.06812141908783,-0.0929891070525191,0.0929891070525191,0.34
7,242,"RD","50_sites_x_100","sparse",50,100,17,-0.0848843156939778,-0.0428149153578495,0.0420694003361283,-0.0240689189945301,0.0608153966994477,0.0187459963633194,0.0187459963633194,0.34
7,242,"RMST_diff","50_sites_x_100","sparse",50,100,17,1.74176433931583,0.838964105678311,-0.902800233637514,0.675034135855102,-1.06673020346072,-0.16392996982321,0.16392996982321,0.34
7,243,"RD","50_sites_x_100","sparse",50,100,17,-0.0848843156939778,-0.0410285025581518,0.043855813135826,-0.0246536911625539,0.0602306245314239,0.0163748113955979,0.0163748113955979,0.34
7,243,"RMST_diff","50_sites_x_100","sparse",50,100,17,1.74176433931583,0.958143596432484,-0.783620742883341,0.786194696524847,-0.955569642790978,-0.171948899907637,0.171948899907637,0.34
7,244,"RD","50_sites_x_100","sparse",50,100,17,-0.0848843156939778,-0.0428061671421794,0.0420781485517984,-0.0310706081258475,0.0538137075681303,0.0117355590163319,0.0117355590163319,0.34
7,244,"RMST_diff","50_sites_x_100","sparse",50,100,17,1.74176433931583,1.04575427978554,-0.696010059530286,0.952865585685929,-0.788898753629896,-0.0928886940996101,0.0928886940996101,0.34
7,245,"RD","50_sites_x_100","sparse",50,100,17,-0.0848843156939778,-0.0431522274173999,0.0417320882765779,-0.0304831047553162,0.0544012109386616,0.0126691226620836,0.0126691226620836,0.34
7,245,"RMST_diff","50_sites_x_100","sparse",50,100,17,1.74176433931583,1.05288394142077,-0.688880397895057,0.963735029987737,-0.778029309328089,-0.0891489114330319,0.0891489114330319,0.34
7,246,"RD","50_sites_x_100","sparse",50,100,17,-0.0848843156939778,-0.0477633052336832,0.0371210104602946,-0.0324464068761933,0.0524379088177845,0.0153168983574899,0.0153168983574899,0.34
7,246,"RMST_diff","50_sites_x_100","sparse",50,100,17,1.74176433931583,1.13541416756071,-0.606350171755119,1.01759038543282,-0.724173953883003,-0.117823782127884,0.117823782127884,0.34
7,247,"RD","50_sites_x_100","sparse",50,100,17,-0.0848843156939778,-0.0588039841367034,0.0260803315572744,-0.0378313254165478,0.04705299027743,0.0209726587201556,0.0209726587201556,0.34
7,247,"RMST_diff","50_sites_x_100","sparse",50,100,17,1.74176433931583,1.45624729160931,-0.285517047706513,1.17176695703824,-0.56999738227759,-0.284480334571077,0.284480334571077,0.34
7,248,"RD","50_sites_x_100","sparse",50,100,16,-0.0848843156939778,-0.0639399646046028,0.020944351089375,-0.0428625872535069,0.0420217284404709,0.0210773773510959,0.0210773773510959,0.32
7,248,"RMST_diff","50_sites_x_100","sparse",50,100,16,1.74176433931583,1.44917190003593,-0.292592439279897,1.16033974099239,-0.581424598323437,-0.28883215904354,0.28883215904354,0.32
7,249,"RD","50_sites_x_100","sparse",50,100,16,-0.0848843156939778,-0.0653643964032193,0.0195199192907585,-0.0437224497355624,0.0411618659584154,0.021641946667657,0.021641946667657,0.32
7,249,"RMST_diff","50_sites_x_100","sparse",50,100,16,1.74176433931583,1.50473818938318,-0.237026149932646,1.17392852689863,-0.567835812417197,-0.330809662484551,0.330809662484551,0.32
7,250,"RD","50_sites_x_100","sparse",50,100,16,-0.0848843156939778,-0.0622203916183728,0.022663924075605,-0.0405073119214051,0.0443770037725727,0.0217130796969677,0.0217130796969677,0.32
7,250,"RMST_diff","50_sites_x_100","sparse",50,100,16,1.74176433931583,1.51961884199907,-0.222145497316758,1.17079433843197,-0.570970000883856,-0.348824503567098,0.348824503567098,0.32
7,251,"RD","50_sites_x_100","sparse",50,100,16,-0.0848843156939778,-0.0573706349110963,0.0275136807828815,-0.0387943325270597,0.0460899831669181,0.0185763023840366,0.0185763023840366,0.32
7,251,"RMST_diff","50_sites_x_100","sparse",50,100,16,1.74176433931583,1.38036973928085,-0.361394600034975,1.0834068983055,-0.658357441010329,-0.296962840975354,0.296962840975354,0.32
7,252,"RD","50_sites_x_100","sparse",50,100,16,-0.0848843156939778,-0.0610627052496655,0.0238216104443123,-0.0401198486384012,0.0447644670555766,0.0209428566112643,0.0209428566112643,0.32
7,252,"RMST_diff","50_sites_x_100","sparse",50,100,16,1.74176433931583,1.32010298281488,-0.421661356500943,0.99316185764909,-0.748602481666735,-0.326941125165792,0.326941125165792,0.32
7,253,"RD","50_sites_x_100","sparse",50,100,16,-0.0848843156939778,-0.0747894205583263,0.0100948951356515,-0.0505452521589665,0.0343390635350113,0.0242441683993597,0.0242441683993597,0.32
7,253,"RMST_diff","50_sites_x_100","sparse",50,100,16,1.74176433931583,1.55016894415362,-0.19159539516221,1.18353775504678,-0.558226584269045,-0.366631189106835,0.366631189106835,0.32
7,254,"RD","50_sites_x_100","sparse",50,100,16,-0.0848843156939778,-0.0723738967257848,0.012510418968193,-0.0489535208979969,0.0359307947959809,0.0234203758277879,0.0234203758277879,0.32
7,254,"RMST_diff","50_sites_x_100","sparse",50,100,16,1.74176433931583,1.54892655686723,-0.192837782448594,1.18212452080673,-0.559639818509091,-0.366802036060497,0.366802036060497,0.32
7,255,"RD","50_sites_x_100","sparse",50,100,17,-0.0848843156939778,-0.0585115462309828,0.026372769462995,-0.0350744381539458,0.049809877540032,0.0234371080770369,0.0234371080770369,0.34
7,255,"RMST_diff","50_sites_x_100","sparse",50,100,17,1.74176433931583,1.3768795848699,-0.364884754445926,0.994305235413876,-0.747459103901949,-0.382574349456023,0.382574349456023,0.34
7,256,"RD","50_sites_x_100","sparse",50,100,17,-0.0848843156939778,-0.0553143607227516,0.0295699549712262,-0.0313168366347677,0.0535674790592101,0.0239975240879839,0.0239975240879839,0.34
7,256,"RMST_diff","50_sites_x_100","sparse",50,100,17,1.74176433931583,1.25276028840948,-0.489004050906344,0.850397660618325,-0.8913666786975,-0.402362627791156,0.402362627791156,0.34
7,257,"RD","50_sites_x_100","sparse",50,100,18,-0.0848843156939778,-0.0434056299575942,0.0414786857363836,-0.0205971837976722,0.0642871318963056,0.0228084461599221,0.0228084461599221,0.36
7,257,"RMST_diff","50_sites_x_100","sparse",50,100,18,1.74176433931583,1.06395430249125,-0.677810036824576,0.619650643070013,-1.12211369624581,-0.444303659421236,0.444303659421236,0.36
7,258,"RD","50_sites_x_100","sparse",50,100,17,-0.0848843156939778,-0.0464399657587127,0.0384443499352651,-0.0244151557659907,0.0604691599279871,0.0220248099927219,0.0220248099927219,0.34
7,258,"RMST_diff","50_sites_x_100","sparse",50,100,17,1.74176433931583,1.16191692394894,-0.579847415366885,0.754004950885305,-0.98775938843052,-0.407911973063635,0.407911973063635,0.34
7,259,"RD","50_sites_x_100","sparse",50,100,16,-0.0848843156939778,-0.0621447368762927,0.0227395788176851,-0.0337464544977172,0.0511378611962606,0.0283982823785756,0.0283982823785756,0.32
7,259,"RMST_diff","50_sites_x_100","sparse",50,100,16,1.74176433931583,1.4053479424012,-0.336416396914622,0.936364014506161,-0.805400324809664,-0.468983927895042,0.468983927895042,0.32
7,260,"RD","50_sites_x_100","sparse",50,100,16,-0.0848843156939778,-0.0573367043591926,0.0275476113347852,-0.0285100798505609,0.0563742358434169,0.0288266245086317,0.0288266245086317,0.32
7,260,"RMST_diff","50_sites_x_100","sparse",50,100,16,1.74176433931583,1.3196968102332,-0.422067529082623,0.77938140805878,-0.962382931257045,-0.540315402174421,0.540315402174421,0.32
7,261,"RD","50_sites_x_100","sparse",50,100,15,-0.0848843156939778,-0.0580115149057009,0.0268728007882769,-0.0290100427402089,0.0558742729537689,0.029001472165492,0.029001472165492,0.3
7,261,"RMST_diff","50_sites_x_100","sparse",50,100,15,1.74176433931583,1.37283729416631,-0.368927045149519,0.9533124391711,-0.788451900144725,-0.419524854995206,0.419524854995206,0.3
7,262,"RD","50_sites_x_100","sparse",50,100,15,-0.0848843156939778,-0.0624112335606444,0.0224730821333334,-0.0287581167775846,0.0561261989163933,0.0336531167830598,0.0336531167830598,0.3
7,262,"RMST_diff","50_sites_x_100","sparse",50,100,15,1.74176433931583,1.4820366239741,-0.259727715341727,0.993607525298248,-0.748156814017577,-0.48842909867585,0.48842909867585,0.3
7,263,"RD","50_sites_x_100","sparse",50,100,14,-0.0848843156939778,-0.0661430970506772,0.0187412186433006,-0.0359127718850898,0.048971543808888,0.0302303251655874,0.0302303251655874,0.28
7,263,"RMST_diff","50_sites_x_100","sparse",50,100,14,1.74176433931583,1.50182456890207,-0.239939770413756,1.0400298564853,-0.701734482830522,-0.461794712416767,0.461794712416767,0.28
7,264,"RD","50_sites_x_100","sparse",50,100,14,-0.0848843156939778,-0.0663985621048063,0.0184857535891715,-0.0346014388407039,0.0502828768532739,0.0317971232641024,0.0317971232641024,0.28
7,264,"RMST_diff","50_sites_x_100","sparse",50,100,14,1.74176433931583,1.53372412758427,-0.208040211731555,1.03856813901316,-0.703196200302665,-0.49515598857111,0.49515598857111,0.28
7,265,"RD","50_sites_x_100","sparse",50,100,14,-0.0848843156939778,-0.0548684792346729,0.0300158364593049,-0.0294586321958085,0.0554256834981693,0.0254098470388644,0.0254098470388644,0.28
7,265,"RMST_diff","50_sites_x_100","sparse",50,100,14,1.74176433931583,1.36344672039369,-0.378317618922134,0.95816643063857,-0.783597908677255,-0.405280289755121,0.405280289755121,0.28
7,266,"RD","50_sites_x_100","sparse",50,100,14,-0.0848843156939778,-0.0522564607072049,0.0326278549867729,-0.0256490553250782,0.0592352603688996,0.0266074053821267,0.0266074053821267,0.28
7,266,"RMST_diff","50_sites_x_100","sparse",50,100,14,1.74176433931583,1.30444551508344,-0.437318824232383,0.876087522927284,-0.865676816388541,-0.428357992156158,0.428357992156158,0.28
7,267,"RD","50_sites_x_100","sparse",50,100,14,-0.0848843156939778,-0.0508694336943022,0.0340148819996756,-0.0231110421961913,0.0617732734977865,0.0277583914981109,0.0277583914981109,0.28
7,267,"RMST_diff","50_sites_x_100","sparse",50,100,14,1.74176433931583,1.23276562686649,-0.508998712449332,0.808963345673561,-0.932800993642264,-0.423802281192932,0.423802281192932,0.28
7,268,"RD","50_sites_x_100","sparse",50,100,14,-0.0848843156939778,-0.0473647004252297,0.0375196152687481,-0.0223367133328634,0.0625476023611145,0.0250279870923663,0.0250279870923663,0.28
7,268,"RMST_diff","50_sites_x_100","sparse",50,100,14,1.74176433931583,1.21235253907409,-0.529411800241739,0.847138752744243,-0.894625586571582,-0.365213786329843,0.365213786329843,0.28
7,269,"RD","50_sites_x_100","sparse",50,100,14,-0.0848843156939778,-0.0504667231186104,0.0344175925753674,-0.0262024235041992,0.0586818921897786,0.0242642996144112,0.0242642996144112,0.28
7,269,"RMST_diff","50_sites_x_100","sparse",50,100,14,1.74176433931583,1.22661840363626,-0.515145935679568,0.862595309039808,-0.879169030276017,-0.364023094596449,0.364023094596449,0.28
7,270,"RD","50_sites_x_100","sparse",50,100,14,-0.0848843156939778,-0.0586619139680533,0.0262224017259245,-0.033676106003377,0.0512082096906008,0.0249858079646763,0.0249858079646763,0.28
7,270,"RMST_diff","50_sites_x_100","sparse",50,100,14,1.74176433931583,1.44048379611204,-0.301280543203788,1.04631737208119,-0.695446967234632,-0.394166424030844,0.394166424030844,0.28
7,271,"RD","50_sites_x_100","sparse",50,100,15,-0.0848843156939778,-0.0513969084029549,0.033487407291023,-0.0268882110449076,0.0579961046490702,0.0245086973580473,0.0245086973580473,0.3
7,271,"RMST_diff","50_sites_x_100","sparse",50,100,15,1.74176433931583,1.37059294603926,-0.371171393276562,0.9802589850937,-0.761505354222125,-0.390333960945563,0.390333960945563,0.3
7,272,"RD","50_sites_x_100","sparse",50,100,15,-0.0848843156939778,-0.0521474667256557,0.0327368489683221,-0.0259358234759003,0.0589484922180775,0.0262116432497554,0.0262116432497554,0.3
7,272,"RMST_diff","50_sites_x_100","sparse",50,100,15,1.74176433931583,1.42130062773752,-0.3204637115783,1.1682865019307,-0.573477837385123,-0.253014125806823,0.253014125806823,0.3
7,273,"RD","50_sites_x_100","sparse",50,100,14,-0.0848843156939778,-0.0554043027281201,0.0294800129658577,-0.0392872378041212,0.0455970778898566,0.0161170649239989,0.0161170649239989,0.28
7,273,"RMST_diff","50_sites_x_100","sparse",50,100,14,1.74176433931583,1.45916622136311,-0.282598117952716,1.34000685410808,-0.401757485207744,-0.119159367255028,0.119159367255028,0.28
7,274,"RD","50_sites_x_100","sparse",50,100,13,-0.0848843156939778,-0.0493406916842997,0.0355436240096781,-0.0394154237204681,0.0454688919735097,0.00992526796383153,0.00992526796383153,0.26
7,274,"RMST_diff","50_sites_x_100","sparse",50,100,13,1.74176433931583,1.39756320403233,-0.344201135283491,1.35856266258507,-0.383201676730756,-0.0390005414472654,0.0390005414472654,0.26
7,275,"RD","50_sites_x_100","sparse",50,100,13,-0.0848843156939778,-0.0546937714335317,0.0301905442604461,-0.0444125350557836,0.0404717806381942,0.0102812363777481,0.0102812363777481,0.26
7,275,"RMST_diff","50_sites_x_100","sparse",50,100,13,1.74176433931583,1.47764373581342,-0.2641206035024,1.42512407054162,-0.31664026877421,-0.0525196652718094,0.0525196652718094,0.26
7,276,"RD","50_sites_x_100","sparse",50,100,13,-0.0848843156939778,-0.048256346501608,0.0366279691923698,-0.0403332353844968,0.044551080309481,0.00792311111711119,0.00792311111711119,0.26
7,276,"RMST_diff","50_sites_x_100","sparse",50,100,13,1.74176433931583,1.45893225877217,-0.282832080543654,1.40694302507814,-0.334821314237686,-0.051989233694032,0.051989233694032,0.26
7,277,"RD","50_sites_x_100","sparse",50,100,14,-0.0848843156939778,-0.0442931774274973,0.0405911382664805,-0.0390799862181761,0.0458043294758017,0.00521319120932118,0.00521319120932118,0.28
7,277,"RMST_diff","50_sites_x_100","sparse",50,100,14,1.74176433931583,1.38419206347088,-0.357572275844946,1.34593082607117,-0.395833513244655,-0.0382612373997091,0.0382612373997091,0.28
7,278,"RD","50_sites_x_100","sparse",50,100,14,-0.0848843156939778,-0.0355211673013787,0.0493631483925991,-0.0450143834959399,0.0398699321980379,-0.00949321619456123,-0.00949321619456123,0.28
7,278,"RMST_diff","50_sites_x_100","sparse",50,100,14,1.74176433931583,1.25626641054636,-0.485497928769469,1.41402571377545,-0.327738625540375,0.157759303229094,-0.157759303229094,0.28
7,279,"RD","50_sites_x_100","sparse",50,100,14,-0.0848843156939778,-0.0324534873676267,0.0524308283263512,-0.0403163085486719,0.044568007145306,-0.0078628211810452,-0.0078628211810452,0.28
7,279,"RMST_diff","50_sites_x_100","sparse",50,100,14,1.74176433931583,1.23636481469465,-0.505399524621177,1.36151392117007,-0.380250418145753,0.125149106475424,-0.125149106475424,0.28
7,280,"RD","50_sites_x_100","sparse",50,100,14,-0.0848843156939778,-0.0341132230729845,0.0507710926209933,-0.0408724271368684,0.0440118885571094,-0.00675920406388397,-0.00675920406388397,0.28
7,280,"RMST_diff","50_sites_x_100","sparse",50,100,14,1.74176433931583,1.2029083355924,-0.538856003723421,1.32465281802554,-0.417111521290288,0.121744482433133,-0.121744482433133,0.28
7,281,"RD","50_sites_x_100","sparse",50,100,14,-0.0848843156939778,-0.0256150271810028,0.059269288512975,-0.0354656420487522,0.0494186736452256,-0.00985061486774941,-0.00985061486774941,0.28
7,281,"RMST_diff","50_sites_x_100","sparse",50,100,14,1.74176433931583,1.06002536074248,-0.681738978573346,1.23334207496755,-0.508422264348278,0.173316714225068,-0.173316714225068,0.28
7,282,"RD","50_sites_x_100","sparse",50,100,14,-0.0848843156939778,-0.0309065855072089,0.0539777301867689,-0.0390380857719117,0.0458462299220661,-0.00813150026470277,-0.00813150026470277,0.28
7,282,"RMST_diff","50_sites_x_100","sparse",50,100,14,1.74176433931583,1.0671822541021,-0.674582085213723,1.17033773865642,-0.571426600659406,0.103155484554318,-0.103155484554318,0.28
7,283,"RD","50_sites_x_100","sparse",50,100,13,-0.0848843156939778,-0.0409827463539111,0.0439015693400667,-0.043543279712062,0.0413410359819159,-0.00256053335815087,-0.00256053335815087,0.26
7,283,"RMST_diff","50_sites_x_100","sparse",50,100,13,1.74176433931583,1.16037105071941,-0.581393288596416,1.19562512473034,-0.546139214585489,0.0352540740109273,-0.0352540740109273,0.26
7,284,"RD","50_sites_x_100","sparse",50,100,14,-0.0848843156939778,-0.0384896806149625,0.0463946350790153,-0.0378123011594594,0.0470720145345184,0.000677379455503058,0.000677379455503058,0.28
7,284,"RMST_diff","50_sites_x_100","sparse",50,100,14,1.74176433931583,1.1514034604549,-0.590360878860922,1.15339091534904,-0.588373423966782,0.00198745489413987,-0.00198745489413987,0.28
7,285,"RD","50_sites_x_100","sparse",50,100,13,-0.0848843156939778,-0.038702919828169,0.0461813958658088,-0.0402266778274968,0.044657637866481,-0.0015237579993278,-0.0015237579993278,0.26
7,285,"RMST_diff","50_sites_x_100","sparse",50,100,13,1.74176433931583,1.13299833249679,-0.608766006819039,1.10050294574621,-0.641261393569611,-0.032495386750572,0.032495386750572,0.26
7,286,"RD","50_sites_x_100","sparse",50,100,12,-0.0848843156939778,-0.0437239986977851,0.0411603169961927,-0.0454398077507944,0.0394445079431834,-0.00171580905300928,-0.00171580905300928,0.24
7,286,"RMST_diff","50_sites_x_100","sparse",50,100,12,1.74176433931583,1.14278313607499,-0.598981203240836,1.1397036627302,-0.602060676585625,-0.00307947334478875,0.00307947334478875,0.24
7,287,"RD","50_sites_x_100","sparse",50,100,11,-0.0848843156939778,-0.0511429300982374,0.0337413855957404,-0.0535986860510203,0.0312856296429576,-0.0024557559527828,-0.0024557559527828,0.22
7,287,"RMST_diff","50_sites_x_100","sparse",50,100,11,1.74176433931583,1.24696735925897,-0.494796980056853,1.28997692819033,-0.451787411125496,0.0430095689313568,-0.0430095689313568,0.22
7,288,"RD","50_sites_x_100","sparse",50,100,12,-0.0848843156939778,-0.0585597121211642,0.0263246035728136,-0.0555181816452455,0.0293661340487323,0.00304153047591871,0.00304153047591871,0.24
7,288,"RMST_diff","50_sites_x_100","sparse",50,100,12,1.74176433931583,1.40124686793277,-0.340517471383057,1.34053892139745,-0.401225417918377,-0.0607079465353202,0.0607079465353202,0.24
7,289,"RD","50_sites_x_100","sparse",50,100,12,-0.0848843156939778,-0.0497865917428791,0.0350977239510987,-0.0559518013464654,0.0289325143475124,-0.00616520960358624,-0.00616520960358624,0.24
7,289,"RMST_diff","50_sites_x_100","sparse",50,100,12,1.74176433931583,1.30978352249441,-0.431980816821413,1.41025335015465,-0.33151098916117,0.100469827660243,-0.100469827660243,0.24
7,290,"RD","50_sites_x_100","sparse",50,100,12,-0.0848843156939778,-0.0488751221981363,0.0360091934958415,-0.0553678723362322,0.0295164433577456,-0.00649275013809592,-0.00649275013809592,0.24
7,290,"RMST_diff","50_sites_x_100","sparse",50,100,12,1.74176433931583,1.26784636046034,-0.473917978855482,1.37763945684112,-0.364124882474703,0.109793096380779,-0.109793096380779,0.24
7,291,"RD","50_sites_x_100","sparse",50,100,11,-0.0848843156939778,-0.0480638736406075,0.0368204420533703,-0.0581668283796455,0.0267174873143323,-0.010102954739038,-0.010102954739038,0.22
7,291,"RMST_diff","50_sites_x_100","sparse",50,100,11,1.74176433931583,1.28020089440511,-0.46156344491072,1.49738528327907,-0.244379056036754,0.217184388873966,-0.217184388873966,0.22
7,292,"RD","50_sites_x_100","sparse",50,100,11,-0.0848843156939778,-0.0404082778373257,0.0444760378566521,-0.0474972517457696,0.0373870639482082,-0.00708897390844387,-0.00708897390844387,0.22
7,292,"RMST_diff","50_sites_x_100","sparse",50,100,11,1.74176433931583,1.16320441627203,-0.578559923043798,1.34250433481898,-0.399260004496847,0.179299918546951,-0.179299918546951,0.22
7,293,"RD","50_sites_x_100","sparse",50,100,11,-0.0848843156939778,-0.0332489346026689,0.0516353810913089,-0.0459097240572701,0.0389745916367077,-0.0126607894546013,-0.0126607894546013,0.22
7,293,"RMST_diff","50_sites_x_100","sparse",50,100,11,1.74176433931583,0.964500807575975,-0.77726353173985,1.24910667158943,-0.492657667726393,0.284605864013457,-0.284605864013457,0.22
7,294,"RD","50_sites_x_100","sparse",50,100,12,-0.0848843156939778,-0.0320149654416284,0.0528693502523494,-0.0381911788075092,0.0466931368864686,-0.00617621336588081,-0.00617621336588081,0.24
7,294,"RMST_diff","50_sites_x_100","sparse",50,100,12,1.74176433931583,0.952796663815919,-0.788967675499906,1.12694862968853,-0.614815709627294,0.174151965872612,-0.174151965872612,0.24
7,295,"RD","50_sites_x_100","sparse",50,100,11,-0.0848843156939778,-0.0341897819186182,0.0506945337753596,-0.04298337181121,0.0419009438827678,-0.00879358989259182,-0.00879358989259182,0.22
7,295,"RMST_diff","50_sites_x_100","sparse",50,100,11,1.74176433931583,0.908176493087124,-0.833587846228701,1.09433225869988,-0.647432080615943,0.186155765612758,-0.186155765612758,0.22
7,296,"RD","50_sites_x_100","sparse",50,100,11,-0.0848843156939778,-0.0274060489201601,0.0574782667738177,-0.0385862176822974,0.0462980980116804,-0.0111801687621373,-0.0111801687621373,0.22
7,296,"RMST_diff","50_sites_x_100","sparse",50,100,11,1.74176433931583,0.827370438224625,-0.9143939010912,1.0542311902245,-0.687533149091321,0.22686075199988,-0.22686075199988,0.22
7,297,"RD","50_sites_x_100","sparse",50,100,11,-0.0848843156939778,-0.0244189505926226,0.0604653651013553,-0.0401536507946757,0.0447306648993021,-0.0157347002020531,-0.0157347002020531,0.22
7,297,"RMST_diff","50_sites_x_100","sparse",50,100,11,1.74176433931583,0.671516868893717,-1.07024747042211,1.00029103805909,-0.741473301256731,0.328774169165378,-0.328774169165378,0.22
7,298,"RD","50_sites_x_100","sparse",50,100,12,-0.0848843156939778,-0.017682470105274,0.0672018455887038,-0.033811448036652,0.0510728676573258,-0.016128977931378,-0.016128977931378,0.24
7,298,"RMST_diff","50_sites_x_100","sparse",50,100,12,1.74176433931583,0.643881865487142,-1.09788247382868,0.970516849798768,-0.771247489517057,0.326634984311626,-0.326634984311626,0.24
7,299,"RD","50_sites_x_100","sparse",50,100,12,-0.0848843156939778,-0.0170302393837141,0.0678540763102637,-0.0342072257629941,0.0506770899309837,-0.01717698637928,-0.01717698637928,0.24
7,299,"RMST_diff","50_sites_x_100","sparse",50,100,12,1.74176433931583,0.535965326821513,-1.20579901249431,0.956946680113587,-0.784817659202238,0.420981353292074,-0.420981353292074,0.24
7,300,"RD","50_sites_x_100","sparse",50,100,13,-0.0848843156939778,-0.0161424661228318,0.068741849571146,-0.0317268994703518,0.053157416223626,-0.01558443334752,-0.01558443334752,0.26
7,300,"RMST_diff","50_sites_x_100","sparse",50,100,13,1.74176433931583,0.53079505476963,-1.2109692845462,0.927195094613225,-0.8145692447026,0.396400039843595,-0.396400039843595,0.26
8,1,"RD","100_sites_x_50","sparse",100,50,62,-0.0848843156939778,-0.0248119314981869,0.0600723841957909,-0.122693394140698,-0.03780907844672,-0.0978814626425109,-0.0222633057490709,0.62
8,1,"RMST_diff","100_sites_x_50","sparse",100,50,62,1.74176433931583,0.317162403625113,-1.42460193569071,2.07883579744602,0.337071458130191,1.7616733938209,-1.08753047756052,0.62
8,2,"RD","100_sites_x_50","sparse",100,50,63,-0.0848843156939778,-0.0196274945535626,0.0652568211404152,-0.126160547939101,-0.0412762322451228,-0.106533053385538,-0.0239805888952924,0.63
8,2,"RMST_diff","100_sites_x_50","sparse",100,50,63,1.74176433931583,0.199548106492852,-1.54221623282297,2.10936864457525,0.367604305259427,1.9098205380824,-1.17461192756355,0.63
8,3,"RD","100_sites_x_50","sparse",100,50,62,-0.0848843156939778,-0.0202674190168656,0.0646168966771122,-0.121847092288144,-0.0369627765941666,-0.101579673271279,-0.0276541200829457,0.62
8,3,"RMST_diff","100_sites_x_50","sparse",100,50,62,1.74176433931583,0.226651600557672,-1.51511273875815,2.05717574120673,0.315411401890902,1.83052414064906,-1.19970133686725,0.62
8,4,"RD","100_sites_x_50","sparse",100,50,61,-0.0848843156939778,-0.0224142339772051,0.0624700817167727,-0.130730014817362,-0.0458456991233842,-0.108315780840157,-0.0166243825933885,0.61
8,4,"RMST_diff","100_sites_x_50","sparse",100,50,61,1.74176433931583,0.250267567822782,-1.49149677149304,2.16073458547018,0.418970246154352,1.9104670176474,-1.07252652533869,0.61
8,5,"RD","100_sites_x_50","sparse",100,50,60,-0.0848843156939778,-0.0480712825441175,0.0368130331498603,-0.137334445591075,-0.0524501298970973,-0.0892631630469576,0.015637096747237,0.6
8,5,"RMST_diff","100_sites_x_50","sparse",100,50,60,1.74176433931583,0.631805037218662,-1.10995930209716,2.26231296760906,0.520548628293234,1.6305079303904,-0.589410673803929,0.6
8,6,"RD","100_sites_x_50","sparse",100,50,60,-0.0848843156939778,-0.047588220407964,0.0372960952860139,-0.137629049574411,-0.0527447338804328,-0.0900408291664466,0.0154486385944189,0.6
8,6,"RMST_diff","100_sites_x_50","sparse",100,50,60,1.74176433931583,0.711314409046915,-1.03044993026891,2.32875631297154,0.58699197365571,1.61744190392462,-0.4434579566132,0.6
8,7,"RD","100_sites_x_50","sparse",100,50,59,-0.0848843156939778,-0.0547975980031444,0.0300867176908334,-0.144998491943974,-0.0601141762499959,-0.0902008939408293,0.0300274585591626,0.59
8,7,"RMST_diff","100_sites_x_50","sparse",100,50,59,1.74176433931583,0.825019707691121,-0.916744631624704,2.45562827880254,0.713863939486719,1.63060857111142,-0.202880692137985,0.59
8,8,"RD","100_sites_x_50","sparse",100,50,59,-0.0848843156939778,-0.0567070761582326,0.0281772395357452,-0.152124629817813,-0.0672403141238349,-0.0954175536595802,0.0390630745880897,0.59
8,8,"RMST_diff","100_sites_x_50","sparse",100,50,59,1.74176433931583,0.838011467562376,-0.903752871753449,2.53811134913532,0.796347009819492,1.70009988157294,-0.107405861933957,0.59
8,9,"RD","100_sites_x_50","sparse",100,50,59,-0.0848843156939778,-0.0549168502790318,0.029967465414946,-0.143216459319359,-0.058332143625381,-0.088299609040327,0.028364678210435,0.59
8,9,"RMST_diff","100_sites_x_50","sparse",100,50,59,1.74176433931583,0.842657631733671,-0.899106707582154,2.46003222511135,0.718267885795528,1.61737459337768,-0.180838821786626,0.59
8,10,"RD","100_sites_x_50","sparse",100,50,60,-0.0848843156939778,-0.0557840215604156,0.0291002941335622,-0.143898822754387,-0.0590145070604092,-0.0881148011939714,0.029914212926847,0.6
8,10,"RMST_diff","100_sites_x_50","sparse",100,50,60,1.74176433931583,0.93784560647785,-0.803918732837975,2.52049129030604,0.778726950990212,1.58264568382819,-0.0251917818477629,0.6
8,11,"RD","100_sites_x_50","sparse",100,50,60,-0.0848843156939778,-0.0563523007166661,0.0285320149773117,-0.144480170028602,-0.0595958543346238,-0.0881278693119355,0.0310638393573121,0.6
8,11,"RMST_diff","100_sites_x_50","sparse",100,50,60,1.74176433931583,0.968096315478805,-0.77366802383702,2.53951340904043,0.79774906972461,1.57141709356163,0.0240810458875895,0.6
8,12,"RD","100_sites_x_50","sparse",100,50,61,-0.0848843156939778,-0.0543524445830526,0.0305318711109253,-0.142651915127976,-0.057767599433998,-0.0882994705449233,0.0272357283230727,0.61
8,12,"RMST_diff","100_sites_x_50","sparse",100,50,61,1.74176433931583,0.892686084250991,-0.849078255064834,2.46930206932199,0.727537730006166,1.576615985071,-0.121540525058668,0.61
8,13,"RD","100_sites_x_50","sparse",100,50,60,-0.0848843156939778,-0.056522993595447,0.0283613220985308,-0.14002832883443,-0.055144013140452,-0.0835053352389828,0.0267826910419212,0.6
8,13,"RMST_diff","100_sites_x_50","sparse",100,50,60,1.74176433931583,0.944045224188256,-0.797719115127569,2.44614115634303,0.704376817027203,1.50209593215477,-0.0933422981003655,0.6
8,14,"RD","100_sites_x_50","sparse",100,50,61,-0.0848843156939778,-0.0557588854766211,0.0291254302173567,-0.135415117652436,-0.0505308019584584,-0.0796562321758151,0.0214053717411017,0.61
8,14,"RMST_diff","100_sites_x_50","sparse",100,50,61,1.74176433931583,0.933640883085065,-0.80812345623076,2.41804122299017,0.676276883674348,1.48440033990511,-0.131846572556412,0.61
8,15,"RD","100_sites_x_50","sparse",100,50,62,-0.0848843156939778,-0.0611265597571764,0.0237577559368014,-0.141918393464802,-0.0570340777708238,-0.0807918337076252,0.0332763218340224,0.62
8,15,"RMST_diff","100_sites_x_50","sparse",100,50,62,1.74176433931583,0.943309241220888,-0.798455098094937,2.47905451106299,0.737290171747169,1.53574526984211,-0.061164926347768,0.62
8,16,"RD","100_sites_x_50","sparse",100,50,63,-0.0848843156939778,-0.0542710498949885,0.0306132657989893,-0.137813614978465,-0.0529292992844876,-0.0835425650834769,0.0223160334854984,0.63
8,16,"RMST_diff","100_sites_x_50","sparse",100,50,63,1.74176433931583,0.866860673459197,-0.874903665856628,2.44484534912316,0.703081009807333,1.57798467566396,-0.171822656049295,0.63
8,17,"RD","100_sites_x_50","sparse",100,50,64,-0.0848843156939778,-0.0444277315944357,0.0404565840995421,-0.13943872724183,-0.0545544115478526,-0.0950109956473947,0.0140978274483105,0.64
8,17,"RMST_diff","100_sites_x_50","sparse",100,50,64,1.74176433931583,0.622660623910136,-1.11910371540569,2.42757924686163,0.685814907545806,1.8049186229515,-0.433288807859883,0.64
8,18,"RD","100_sites_x_50","sparse",100,50,64,-0.0848843156939778,-0.0418652869563142,0.0430190287376636,-0.136524537051968,-0.0516402213579906,-0.0946592500956542,0.00862119262032701,0.64
8,18,"RMST_diff","100_sites_x_50","sparse",100,50,64,1.74176433931583,0.576645407155752,-1.16511893216007,2.37792722017905,0.636162880863225,1.8012818130233,-0.528956051296849,0.64
8,19,"RD","100_sites_x_50","sparse",100,50,63,-0.0848843156939778,-0.0481416980706392,0.0367426176233386,-0.139954204399346,-0.0550698887053687,-0.0918125063287073,0.01832727108203,0.63
8,19,"RMST_diff","100_sites_x_50","sparse",100,50,63,1.74176433931583,0.715299228315679,-1.02646511100015,2.43030174906285,0.68853740974702,1.71500252074717,-0.337927701253125,0.63
8,20,"RD","100_sites_x_50","sparse",100,50,63,-0.0848843156939778,-0.0471730874151121,0.0377112282788657,-0.140806247596665,-0.0559219319026869,-0.0936331601815527,0.0182107036238212,0.63
8,20,"RMST_diff","100_sites_x_50","sparse",100,50,63,1.74176433931583,0.720200838557393,-1.02156350075843,2.45113471674241,0.709370377426582,1.73093387818501,-0.31219312333185,0.63
8,21,"RD","100_sites_x_50","sparse",100,50,64,-0.0848843156939778,-0.0447417755611758,0.0401425401328021,-0.137167005230381,-0.0522826895364028,-0.0924252296692049,0.0121401494036008,0.64
8,21,"RMST_diff","100_sites_x_50","sparse",100,50,64,1.74176433931583,0.73987837541104,-1.00188596390479,2.42670226788157,0.684937928565741,1.68682389247053,-0.316948035339044,0.64
8,22,"RD","100_sites_x_50","sparse",100,50,64,-0.0848843156939778,-0.0444741405088406,0.0404101751851372,-0.136104608613704,-0.0512202929197262,-0.0916304681048634,0.010810117734589,0.64
8,22,"RMST_diff","100_sites_x_50","sparse",100,50,64,1.74176433931583,0.74375942335546,-0.998004915960365,2.43812118079705,0.696356841481222,1.69436175744159,-0.301648074479143,0.64
8,23,"RD","100_sites_x_50","sparse",100,50,63,-0.0848843156939778,-0.046178857545314,0.0387054581486638,-0.1409109353137,-0.0560266196197221,-0.0947320777683859,0.0173211614710583,0.63
8,23,"RMST_diff","100_sites_x_50","sparse",100,50,63,1.74176433931583,0.748983953553196,-0.992780385762629,2.45673273071239,0.714968391396564,1.70774877715919,-0.277811994366065,0.63
8,24,"RD","100_sites_x_50","sparse",100,50,62,-0.0848843156939778,-0.0540864162848332,0.0307978994091446,-0.148375820235747,-0.063491504541769,-0.0942894039509136,0.0326936051326244,0.62
8,24,"RMST_diff","100_sites_x_50","sparse",100,50,62,1.74176433931583,0.866127716206352,-0.875636623109473,2.56563702643366,0.823872687117831,1.6995093102273,-0.0517639359916426,0.62
8,25,"RD","100_sites_x_50","sparse",100,50,62,-0.0848843156939778,-0.0568346022009283,0.0280497134930495,-0.149014073865918,-0.0641297581719398,-0.0921794716649893,0.0360800446788903,0.62
8,25,"RMST_diff","100_sites_x_50","sparse",100,50,62,1.74176433931583,0.929979015817826,-0.811785323497999,2.60203503531917,0.860270696003342,1.67205601950134,0.0484853725053433,0.62
8,26,"RD","100_sites_x_50","sparse",100,50,62,-0.0848843156939778,-0.0527000062431181,0.0321843094508597,-0.147808168788665,-0.0629238530946867,-0.0951081625455464,0.030739543643827,0.62
8,26,"RMST_diff","100_sites_x_50","sparse",100,50,62,1.74176433931583,0.875676735251314,-0.866087604064511,2.59755726008066,0.855792920764834,1.72188052482934,-0.0102946832996764,0.62
8,27,"RD","100_sites_x_50","sparse",100,50,62,-0.0848843156939778,-0.0622015975085307,0.0226827181854471,-0.154151213946895,-0.0692668982529174,-0.0919496164383645,0.0465841800674703,0.62
8,27,"RMST_diff","100_sites_x_50","sparse",100,50,62,1.74176433931583,1.17214651133534,-0.569617827980489,2.72465904434481,0.982894705028986,1.55251253300947,0.413276877048498,0.62
8,28,"RD","100_sites_x_50","sparse",100,50,62,-0.0848843156939778,-0.0569597316951815,0.0279245839987963,-0.150554538108319,-0.0656702224143413,-0.0935948064131376,0.037745638415545,0.62
8,28,"RMST_diff","100_sites_x_50","sparse",100,50,62,1.74176433931583,1.1045082847192,-0.637256054596625,2.67934017421712,0.93757583490129,1.57483188949791,0.300319780304665,0.62
8,29,"RD","100_sites_x_50","sparse",100,50,61,-0.0848843156939778,-0.0576970946830198,0.0271872210109581,-0.15125043336409,-0.0663661176701126,-0.0935533386810706,0.0391788966591545,0.61
8,29,"RMST_diff","100_sites_x_50","sparse",100,50,61,1.74176433931583,1.09903340584145,-0.642730933474375,2.67403708778633,0.932272748470504,1.57500368194488,0.289541814996129,0.61
8,30,"RD","100_sites_x_50","sparse",100,50,61,-0.0848843156939778,-0.0615437472118713,0.0233405684821065,-0.152284684834413,-0.0674003691404352,-0.0907409376225418,0.0440598006583287,0.61
8,30,"RMST_diff","100_sites_x_50","sparse",100,50,61,1.74176433931583,1.16873274076955,-0.573031598546272,2.75771085517957,1.01594651586375,1.58897811441002,0.442914917317475,0.61
8,31,"RD","100_sites_x_50","sparse",100,50,62,-0.0848843156939778,-0.0613744761412914,0.0235098395526864,-0.157835618860505,-0.0729513031665274,-0.0964611427192138,0.0494414636138411,0.62
8,31,"RMST_diff","100_sites_x_50","sparse",100,50,62,1.74176433931583,1.177580949937,-0.564183389378826,2.85151801746721,1.10975367815138,1.67393706753021,0.545570288772556,0.62
8,32,"RD","100_sites_x_50","sparse",100,50,62,-0.0848843156939778,-0.0634825342084221,0.0214017814855557,-0.157975284187044,-0.0730909684930661,-0.0944927499786218,0.0516891870075104,0.62
8,32,"RMST_diff","100_sites_x_50","sparse",100,50,62,1.74176433931583,1.21796457514694,-0.523799764168889,2.85252164022814,1.11075730091232,1.63455706508121,0.586957536743428,0.62
8,33,"RD","100_sites_x_50","sparse",100,50,61,-0.0848843156939778,-0.062512711639893,0.0223716040540848,-0.158946131028891,-0.0740618153349133,-0.0964334193889981,0.0516902112808285,0.61
8,33,"RMST_diff","100_sites_x_50","sparse",100,50,61,1.74176433931583,1.17958284203654,-0.562181497279285,2.83927603490931,1.09751169559348,1.65969319287277,0.535330198314199,0.61
8,34,"RD","100_sites_x_50","sparse",100,50,61,-0.0848843156939778,-0.0643130721601768,0.020571243533801,-0.159450141260513,-0.0745658255665353,-0.0951370691003364,0.0539945820327343,0.61
8,34,"RMST_diff","100_sites_x_50","sparse",100,50,61,1.74176433931583,1.16416214097345,-0.577602198342372,2.79301095980058,1.05124662048476,1.62884881882713,0.473644422142383,0.61
8,35,"RD","100_sites_x_50","sparse",100,50,61,-0.0848843156939778,-0.0673405637746788,0.017543751919299,-0.162016942010021,-0.0771326263160432,-0.0946763782353423,0.0595888743967442,0.61
8,35,"RMST_diff","100_sites_x_50","sparse",100,50,61,1.74176433931583,1.20577651876875,-0.535987820547073,2.83010172765165,1.08833738833583,1.6243252088829,0.552349567788754,0.61
8,36,"RD","100_sites_x_50","sparse",100,50,61,-0.0848843156939778,-0.0700052642068739,0.0148790514871039,-0.167580619368708,-0.0826963036747306,-0.0975753551618345,0.0678172521876267,0.61
8,36,"RMST_diff","100_sites_x_50","sparse",100,50,61,1.74176433931583,1.23761017640468,-0.504154162911142,2.90310186137819,1.16133752206236,1.6654916849735,0.657183359151219,0.61
8,37,"RD","100_sites_x_50","sparse",100,50,62,-0.0848843156939778,-0.0721722040761459,0.0127121116178319,-0.167378182715182,-0.0824938670212039,-0.0952059786390358,0.0697817554033719,0.62
8,37,"RMST_diff","100_sites_x_50","sparse",100,50,62,1.74176433931583,1.25921400157324,-0.48255033774258,2.86042364962615,1.11865931031032,1.6012096480529,0.636108972567742,0.62
8,38,"RD","100_sites_x_50","sparse",100,50,63,-0.0848843156939778,-0.0730231847424492,0.0118611309515286,-0.172071646139983,-0.0871873304460055,-0.0990484613975341,0.0753261994944768,0.63
8,38,"RMST_diff","100_sites_x_50","sparse",100,50,63,1.74176433931583,1.26088435539319,-0.480879983922636,2.92145452160831,1.17969018229248,1.66057016621512,0.698810198369847,0.63
8,39,"RD","100_sites_x_50","sparse",100,50,62,-0.0848843156939778,-0.0773406428787209,0.00754367281525692,-0.173818714781836,-0.0889343990878586,-0.0964780719031155,0.0813907262726017,0.62
8,39,"RMST_diff","100_sites_x_50","sparse",100,50,62,1.74176433931583,1.31258634924572,-0.429177990070109,2.93343152493681,1.19166718562099,1.6208451756911,0.762489195550881,0.62
8,40,"RD","100_sites_x_50","sparse",100,50,63,-0.0848843156939778,-0.083372338608089,0.00151197708588879,-0.173523583170453,-0.088639267476475,-0.0901512445623638,0.0871272903905862,0.63
8,40,"RMST_diff","100_sites_x_50","sparse",100,50,63,1.74176433931583,1.44019358878825,-0.301570750527571,2.91040582651357,1.16864148719775,1.47021223772532,0.867070736670177,0.63
8,41,"RD","100_sites_x_50","sparse",100,50,62,-0.0848843156939778,-0.0797241689930505,0.00516014670092735,-0.175181745069676,-0.0902974293756982,-0.0954575760766255,0.0851372826747708,0.62
8,41,"RMST_diff","100_sites_x_50","sparse",100,50,62,1.74176433931583,1.34694045780539,-0.394823881510437,2.94447711761454,1.20271277829871,1.59753665980915,0.807888896788278,0.62
8,42,"RD","100_sites_x_50","sparse",100,50,62,-0.0848843156939778,-0.0813863450456803,0.00349797064829749,-0.17594097107781,-0.0910566553838321,-0.0945546260321296,0.0875586847355346,0.62
8,42,"RMST_diff","100_sites_x_50","sparse",100,50,62,1.74176433931583,1.34447857793587,-0.397285761379953,2.92352444447127,1.18176010515545,1.5790458665354,0.784474343775495,0.62
8,43,"RD","100_sites_x_50","sparse",100,50,63,-0.0848843156939778,-0.0808349279925645,0.00404938770141328,-0.174794824614665,-0.0899105089206869,-0.0939598966221001,0.0858611212192736,0.63
8,43,"RMST_diff","100_sites_x_50","sparse",100,50,63,1.74176433931583,1.40126730233863,-0.340497036977192,2.95783305551758,1.21606871620176,1.55656575317895,0.875571679224564,0.63
8,44,"RD","100_sites_x_50","sparse",100,50,63,-0.0848843156939778,-0.0716051288009508,0.013279186893027,-0.175858491244881,-0.0909741755509035,-0.10425336244393,0.0776949886578765,0.63
8,44,"RMST_diff","100_sites_x_50","sparse",100,50,63,1.74176433931583,1.26989468986422,-0.471869649451609,2.98003190290384,1.23826756358801,1.71013721303962,0.766397914136402,0.63
8,45,"RD","100_sites_x_50","sparse",100,50,63,-0.0848843156939778,-0.0658440999391654,0.0190402157548124,-0.175041336372904,-0.0901570206789257,-0.109197236433738,0.0711168049241133,0.63
8,45,"RMST_diff","100_sites_x_50","sparse",100,50,63,1.74176433931583,1.25052984116236,-0.491234498153469,2.98494492675038,1.24318058743456,1.73441508558803,0.751946089281089,0.63
8,46,"RD","100_sites_x_50","sparse",100,50,62,-0.0848843156939778,-0.0670809643253665,0.0178033513686113,-0.175991802588339,-0.0911074868943613,-0.108910838262973,0.07330413552575,0.62
8,46,"RMST_diff","100_sites_x_50","sparse",100,50,62,1.74176433931583,1.24866399059893,-0.493100348716897,2.98749340163076,1.24572906231493,1.73882941103183,0.752628713598037,0.62
8,47,"RD","100_sites_x_50","sparse",100,50,62,-0.0848843156939778,-0.0632750190175013,0.0216092966764765,-0.170652019587978,-0.0857677038939998,-0.107377000570476,0.0641584072175233,0.62
8,47,"RMST_diff","100_sites_x_50","sparse",100,50,62,1.74176433931583,1.18482181236951,-0.556942526946314,2.90529449698451,1.16353015766869,1.720472684615,0.606587630722375,0.62
8,48,"RD","100_sites_x_50","sparse",100,50,62,-0.0848843156939778,-0.0741223752187965,0.0107619404751813,-0.168863203948408,-0.0839788882544302,-0.0947408287296115,0.0732169477792489,0.62
8,48,"RMST_diff","100_sites_x_50","sparse",100,50,62,1.74176433931583,1.33238975594129,-0.409374583374536,2.87781154471921,1.13604720540339,1.54542178877793,0.726672622028854,0.62
8,49,"RD","100_sites_x_50","sparse",100,50,62,-0.0848843156939778,-0.0715962702406526,0.0132880454533252,-0.161835551372432,-0.0769512356784537,-0.0902392811317789,0.0636631902251286,0.62
8,49,"RMST_diff","100_sites_x_50","sparse",100,50,62,1.74176433931583,1.39856654053067,-0.343197798785159,2.87032909608007,1.12856475676424,1.4717625555494,0.785366957979083,0.62
8,50,"RD","100_sites_x_50","sparse",100,50,62,-0.0848843156939778,-0.0692230566012187,0.0156612590927591,-0.16258263757602,-0.077698321882042,-0.093359580974801,0.0620370627892829,0.62
8,50,"RMST_diff","100_sites_x_50","sparse",100,50,62,1.74176433931583,1.29431638708522,-0.447447952230604,2.798500376053,1.05673603673717,1.50418398896778,0.609288084506568,0.62
8,51,"RD","100_sites_x_50","sparse",100,50,62,-0.0848843156939778,-0.0692384850044617,0.0156458306895161,-0.162609294869061,-0.0777249791750835,-0.0933708098645996,0.0620791484855674,0.62
8,51,"RMST_diff","100_sites_x_50","sparse",100,50,62,1.74176433931583,1.22189909710124,-0.519865242214587,2.69799779092146,0.956233451605632,1.47609869382022,0.436368209391045,0.62
8,52,"RD","100_sites_x_50","sparse",100,50,61,-0.0848843156939778,-0.0874638449937178,-0.00257952929974004,-0.164206417919661,-0.0793221022256836,-0.0767425729259436,0.0767425729259436,0.61
8,52,"RMST_diff","100_sites_x_50","sparse",100,50,61,1.74176433931583,1.48745488321268,-0.254309456103149,2.72170637231429,0.979942032998467,1.23425148910162,0.725632576895318,0.61
8,53,"RD","100_sites_x_50","sparse",100,50,60,-0.0848843156939778,-0.0958428031052737,-0.0109584874112959,-0.163489744719498,-0.0786054290255203,-0.0676469416142244,0.0676469416142244,0.6
8,53,"RMST_diff","100_sites_x_50","sparse",100,50,60,1.74176433931583,1.5924252572119,-0.149339082103928,2.70770767233372,0.965943333017893,1.11528241512182,0.816604250913965,0.6
8,54,"RD","100_sites_x_50","sparse",100,50,60,-0.0848843156939778,-0.0965270706418739,-0.0116427549478961,-0.164472276914661,-0.0795879612206837,-0.0679452062727876,0.0679452062727876,0.6
8,54,"RMST_diff","100_sites_x_50","sparse",100,50,60,1.74176433931583,1.6104871596338,-0.131277179682023,2.73325770773489,0.991493368419061,1.12277054810108,0.860216188737038,0.6
8,55,"RD","100_sites_x_50","sparse",100,50,61,-0.0848843156939778,-0.0880114894492422,-0.00312717375526439,-0.157722762587254,-0.0728384468932763,-0.069711273138012,0.069711273138012,0.61
8,55,"RMST_diff","100_sites_x_50","sparse",100,50,61,1.74176433931583,1.48333384809596,-0.258430491219865,2.62224107187211,0.88047673255628,1.13890722377615,0.622046241336415,0.61
8,56,"RD","100_sites_x_50","sparse",100,50,61,-0.0848843156939778,-0.0881998146557883,-0.00331549896181049,-0.15752416341919,-0.0726398477252121,-0.0693243487634017,0.0693243487634017,0.61
8,56,"RMST_diff","100_sites_x_50","sparse",100,50,61,1.74176433931583,1.49721352461937,-0.244550814696451,2.63027827816089,0.888513938845064,1.13306475354151,0.643963124148613,0.61
8,57,"RD","100_sites_x_50","sparse",100,50,60,-0.0848843156939778,-0.0901615449493455,-0.00527722925536767,-0.16215531196582,-0.077270996271842,-0.0719937670164743,0.0719937670164743,0.6
8,57,"RMST_diff","100_sites_x_50","sparse",100,50,60,1.74176433931583,1.54766597763218,-0.194098361683649,2.69594721199071,0.954182872674883,1.14828123435853,0.760084510991234,0.6
8,58,"RD","100_sites_x_50","sparse",100,50,59,-0.0848843156939778,-0.0924739111339915,-0.0075895954400137,-0.168036484284221,-0.0831521685902428,-0.0755625731502291,0.0755625731502291,0.59
8,58,"RMST_diff","100_sites_x_50","sparse",100,50,59,1.74176433931583,1.59016739386641,-0.151596945449414,2.78681221767397,1.04504787835814,1.19664482380755,0.893450932908726,0.59
8,59,"RD","100_sites_x_50","sparse",100,50,58,-0.0848843156939778,-0.0962226642019086,-0.0113383485079308,-0.174384881576276,-0.0895005658822984,-0.0781622173743676,0.0781622173743676,0.58
8,59,"RMST_diff","100_sites_x_50","sparse",100,50,58,1.74176433931583,1.61519073809826,-0.126573601217565,2.85546894930921,1.11370460999339,1.24027821121095,0.987131008775822,0.58
8,60,"RD","100_sites_x_50","sparse",100,50,57,-0.0848843156939778,-0.10217692809344,-0.0172926123994621,-0.176196367889614,-0.0913120521956358,-0.0740194397961736,0.0740194397961736,0.57
8,60,"RMST_diff","100_sites_x_50","sparse",100,50,57,1.74176433931583,1.69265023730679,-0.0491141020090371,2.86935793088262,1.1275935915668,1.17670769357584,1.07847948955776,0.57
8,61,"RD","100_sites_x_50","sparse",100,50,57,-0.0848843156939778,-0.108903811769034,-0.0240194960750559,-0.179736577389179,-0.094852261695201,-0.0708327656201451,0.0708327656201451,0.57
8,61,"RMST_diff","100_sites_x_50","sparse",100,50,57,1.74176433931583,1.79851847020861,0.0567541308927897,2.93730503829128,1.19554069897546,1.13878656808267,1.13878656808267,0.57
8,62,"RD","100_sites_x_50","sparse",100,50,58,-0.0848843156939778,-0.104811558132177,-0.0199272424381993,-0.173775299816514,-0.0888909841225365,-0.0689637416843372,0.0689637416843372,0.58
8,62,"RMST_diff","100_sites_x_50","sparse",100,50,58,1.74176433931583,1.73523731945427,-0.0065270198615579,2.86540455960378,1.12364022028795,1.13016724014951,1.1171132004264,0.58
8,63,"RD","100_sites_x_50","sparse",100,50,57,-0.0848843156939778,-0.112565622911442,-0.0276813072174644,-0.174205366596516,-0.0893210509025382,-0.0616397436850737,0.0616397436850737,0.57
8,63,"RMST_diff","100_sites_x_50","sparse",100,50,57,1.74176433931583,1.84000304919721,0.0982387098813824,2.86209010857261,1.12032576925679,1.02208705937541,1.02208705937541,0.57
8,64,"RD","100_sites_x_50","sparse",100,50,58,-0.0848843156939778,-0.108762339554497,-0.023878023860519,-0.170265505922033,-0.085381190228055,-0.0615031663675361,0.0615031663675361,0.58
8,64,"RMST_diff","100_sites_x_50","sparse",100,50,58,1.74176433931583,1.7693705312407,0.0276061919248765,2.82584165907761,1.08407731976179,1.05647112783691,1.05647112783691,0.58
8,65,"RD","100_sites_x_50","sparse",100,50,57,-0.0848843156939778,-0.116451224440356,-0.0315669087463786,-0.175321101318493,-0.0904367856245156,-0.0588698768781371,0.0588698768781371,0.57
8,65,"RMST_diff","100_sites_x_50","sparse",100,50,57,1.74176433931583,1.94671655054519,0.204952211229369,2.93904555586362,1.1972812165478,0.99232900531843,0.99232900531843,0.57
8,66,"RD","100_sites_x_50","sparse",100,50,56,-0.0848843156939778,-0.119524991296373,-0.0346406756023949,-0.181383474921052,-0.0964991592270745,-0.0618584836246796,0.0618584836246796,0.56
8,66,"RMST_diff","100_sites_x_50","sparse",100,50,56,1.74176433931583,2.01226588645005,0.270501547134224,3.06818873617275,1.32642439685692,1.0559228497227,1.0559228497227,0.56
8,67,"RD","100_sites_x_50","sparse",100,50,56,-0.0848843156939778,-0.11434574079571,-0.0294614251017318,-0.181307119969806,-0.0964228042758284,-0.0669613791740966,0.0669613791740966,0.56
8,67,"RMST_diff","100_sites_x_50","sparse",100,50,56,1.74176433931583,2.03655267670912,0.294788337393298,3.11537140227548,1.37360706295966,1.07881872556636,1.07881872556636,0.56
8,68,"RD","100_sites_x_50","sparse",100,50,56,-0.0848843156939778,-0.114340167179154,-0.029455851485176,-0.181312108441922,-0.0964277927479443,-0.0669719412627683,0.0669719412627683,0.56
8,68,"RMST_diff","100_sites_x_50","sparse",100,50,56,1.74176433931583,2.03801808907345,0.296253749757623,3.11708322055742,1.37531888124159,1.07906513148397,1.07906513148397,0.56
8,69,"RD","100_sites_x_50","sparse",100,50,56,-0.0848843156939778,-0.115191092235443,-0.0303067765414655,-0.183113821288693,-0.0982295055947157,-0.0679227290532501,0.0679227290532501,0.56
8,69,"RMST_diff","100_sites_x_50","sparse",100,50,56,1.74176433931583,2.0623467661634,0.320582426847574,3.15528794466516,1.41352360534933,1.09294117850176,1.09294117850176,0.56
8,70,"RD","100_sites_x_50","sparse",100,50,56,-0.0848843156939778,-0.108586499040289,-0.0237021833463116,-0.179123168238056,-0.0942388525440784,-0.0705366691977668,0.0705366691977668,0.56
8,70,"RMST_diff","100_sites_x_50","sparse",100,50,56,1.74176433931583,2.01831252473317,0.27654818541734,3.12322291462381,1.38145857530798,1.10491038989064,1.10491038989064,0.56
8,71,"RD","100_sites_x_50","sparse",100,50,57,-0.0848843156939778,-0.106510184822307,-0.0216258691283291,-0.176847241127968,-0.0919629254339902,-0.0703370563056611,0.0703370563056611,0.57
8,71,"RMST_diff","100_sites_x_50","sparse",100,50,57,1.74176433931583,2.06555068088617,0.32378634157034,3.17208788995403,1.43032355063821,1.10653720906787,1.10653720906787,0.57
8,72,"RD","100_sites_x_50","sparse",100,50,58,-0.0848843156939778,-0.0974809435012007,-0.0125966278072229,-0.169806670511169,-0.0849223548171916,-0.0723257270099686,0.0723257270099686,0.58
8,72,"RMST_diff","100_sites_x_50","sparse",100,50,58,1.74176433931583,1.95946350285748,0.217699163541658,3.09069763420871,1.34893329489288,1.13123413135122,1.13123413135122,0.58
8,73,"RD","100_sites_x_50","sparse",100,50,58,-0.0848843156939778,-0.102620092394451,-0.0177357767004729,-0.174824430517086,-0.0899401148231084,-0.0722043381226355,0.0722043381226355,0.58
8,73,"RMST_diff","100_sites_x_50","sparse",100,50,58,1.74176433931583,2.00323661374124,0.261472274425412,3.14871471089667,1.40695037158084,1.14547809715543,1.14547809715543,0.58
8,74,"RD","100_sites_x_50","sparse",100,50,58,-0.0848843156939778,-0.106999823555702,-0.0221155078617238,-0.177540177099735,-0.0926558614057573,-0.0705403535440335,0.0705403535440335,0.58
8,74,"RMST_diff","100_sites_x_50","sparse",100,50,58,1.74176433931583,2.07173341917694,0.329969079861115,3.19289439196892,1.4511300526531,1.12116097279198,1.12116097279198,0.58
8,75,"RD","100_sites_x_50","sparse",100,50,58,-0.0848843156939778,-0.106293558767201,-0.0214092430732229,-0.179705676536645,-0.0948213608426675,-0.0734121177694446,0.0734121177694446,0.58
8,75,"RMST_diff","100_sites_x_50","sparse",100,50,58,1.74176433931583,2.03791700875249,0.296152669436665,3.20824745497095,1.46648311565512,1.17033044621846,1.17033044621846,0.58
8,76,"RD","100_sites_x_50","sparse",100,50,58,-0.0848843156939778,-0.10507968253151,-0.0201953668375318,-0.173960276436692,-0.0890759607427145,-0.0688805939051828,0.0688805939051828,0.58
8,76,"RMST_diff","100_sites_x_50","sparse",100,50,58,1.74176433931583,2.04623073187787,0.304466392562045,3.17862707158863,1.43686273227281,1.13239633971076,1.13239633971076,0.58
8,77,"RD","100_sites_x_50","sparse",100,50,57,-0.0848843156939778,-0.115154906405368,-0.0302705907113903,-0.181414530656102,-0.0965302149621241,-0.0662596242507338,0.0662596242507338,0.57
8,77,"RMST_diff","100_sites_x_50","sparse",100,50,57,1.74176433931583,2.24409588665616,0.502331547340333,3.2970245081072,1.55526016879137,1.05292862145104,1.05292862145104,0.57
8,78,"RD","100_sites_x_50","sparse",100,50,58,-0.0848843156939778,-0.113013809785695,-0.0281294940917176,-0.174154340643781,-0.0892700249498032,-0.0611405308580856,0.0611405308580856,0.58
8,78,"RMST_diff","100_sites_x_50","sparse",100,50,58,1.74176433931583,2.2178018367512,0.47603749743538,3.16334401553541,1.42157967621959,0.945542178784208,0.945542178784208,0.58
8,79,"RD","100_sites_x_50","sparse",100,50,58,-0.0848843156939778,-0.113727275777867,-0.0288429600838888,-0.174756556750344,-0.0898722410563659,-0.0610292809724772,0.0610292809724772,0.58
8,79,"RMST_diff","100_sites_x_50","sparse",100,50,58,1.74176433931583,2.22657550169538,0.48481116237955,3.17060571626618,1.42884137695036,0.944030214570807,0.944030214570807,0.58
8,80,"RD","100_sites_x_50","sparse",100,50,57,-0.0848843156939778,-0.114052736462949,-0.0291684207689712,-0.176185849768902,-0.0913015340749238,-0.0621331133059526,0.0621331133059526,0.57
8,80,"RMST_diff","100_sites_x_50","sparse",100,50,57,1.74176433931583,2.22958508912266,0.487820749806836,3.17328267033539,1.43151833101956,0.943697581212726,0.943697581212726,0.57
8,81,"RD","100_sites_x_50","sparse",100,50,58,-0.0848843156939778,-0.11408266184313,-0.0291983461491525,-0.176988057728577,-0.0921037420345993,-0.0629053958854467,0.0629053958854467,0.58
8,81,"RMST_diff","100_sites_x_50","sparse",100,50,58,1.74176433931583,2.22515029816115,0.483385958845322,3.18189302450548,1.44012868518965,0.956742726344329,0.956742726344329,0.58
8,82,"RD","100_sites_x_50","sparse",100,50,58,-0.0848843156939778,-0.110262503545607,-0.0253781878516292,-0.174991636117215,-0.0901073204232372,-0.0647291325716081,0.0647291325716081,0.58
8,82,"RMST_diff","100_sites_x_50","sparse",100,50,58,1.74176433931583,2.1232854174511,0.38152107813527,3.11937865711049,1.37761431779467,0.996093239659398,0.996093239659398,0.58
8,83,"RD","100_sites_x_50","sparse",100,50,58,-0.0848843156939778,-0.107777987124117,-0.0228936714301395,-0.173023496944855,-0.0881391812508774,-0.0652455098207378,0.0652455098207378,0.58
8,83,"RMST_diff","100_sites_x_50","sparse",100,50,58,1.74176433931583,2.12907987815665,0.38731553884082,3.13346101318907,1.39169667387324,1.00438113503242,1.00438113503242,0.58
8,84,"RD","100_sites_x_50","sparse",100,50,58,-0.0848843156939778,-0.116588359127166,-0.0317040434331878,-0.172348539125021,-0.0874642234310431,-0.0557601799978553,0.0557601799978553,0.58
8,84,"RMST_diff","100_sites_x_50","sparse",100,50,58,1.74176433931583,2.39564005098458,0.653875711668757,3.15164988798597,1.40988554867015,0.756009837001391,0.756009837001391,0.58
8,85,"RD","100_sites_x_50","sparse",100,50,58,-0.0848843156939778,-0.119113800371416,-0.0342294846774386,-0.172345810182479,-0.0874614944885009,-0.0532320098110624,0.0532320098110624,0.58
8,85,"RMST_diff","100_sites_x_50","sparse",100,50,58,1.74176433931583,2.42638791670059,0.684623577384766,3.13498786982766,1.39322353051184,0.70859995312707,0.70859995312707,0.58
8,86,"RD","100_sites_x_50","sparse",100,50,57,-0.0848843156939778,-0.142791764568651,-0.0579074488746736,-0.173795308508216,-0.0889109928142378,-0.0310035439395642,0.0310035439395642,0.57
8,86,"RMST_diff","100_sites_x_50","sparse",100,50,57,1.74176433931583,2.75382628164413,1.0120619423283,3.15991354440992,1.4181492050941,0.406087262765798,0.406087262765798,0.57
8,87,"RD","100_sites_x_50","sparse",100,50,57,-0.0848843156939778,-0.14550366853744,-0.0606193528434622,-0.181713073462491,-0.0968287577685127,-0.0362094049250505,0.0362094049250505,0.57
8,87,"RMST_diff","100_sites_x_50","sparse",100,50,57,1.74176433931583,2.80691066021857,1.06514632090275,3.29202264682993,1.55025830751411,0.485111986611363,0.485111986611363,0.57
8,88,"RD","100_sites_x_50","sparse",100,50,57,-0.0848843156939778,-0.14043498329208,-0.0555506675981022,-0.175216621441619,-0.090332305747641,-0.0347816381495387,0.0347816381495387,0.57
8,88,"RMST_diff","100_sites_x_50","sparse",100,50,57,1.74176433931583,2.80044973161029,1.05868539229446,3.23622068125609,1.49445634194027,0.435770949645804,0.435770949645804,0.57
8,89,"RD","100_sites_x_50","sparse",100,50,57,-0.0848843156939778,-0.135375051800086,-0.0504907361061078,-0.169476188839574,-0.0845918731455959,-0.0341011370394881,0.0341011370394881,0.57
8,89,"RMST_diff","100_sites_x_50","sparse",100,50,57,1.74176433931583,2.74095459519792,0.999190255882093,3.1588021168752,1.41703777755937,0.417847521677277,0.417847521677277,0.57
8,90,"RD","100_sites_x_50","sparse",100,50,57,-0.0848843156939778,-0.134986756154981,-0.0501024404610033,-0.169673099983185,-0.084788784289207,-0.0346863438282037,0.0346863438282037,0.57
8,90,"RMST_diff","100_sites_x_50","sparse",100,50,57,1.74176433931583,2.72621407634959,0.984449737033769,3.15191028514994,1.41014594583411,0.425696208800343,0.425696208800343,0.57
8,91,"RD","100_sites_x_50","sparse",100,50,57,-0.0848843156939778,-0.133808204695932,-0.0489238890019543,-0.168039337868261,-0.0831550221742829,-0.0342311331723286,0.0342311331723286,0.57
8,91,"RMST_diff","100_sites_x_50","sparse",100,50,57,1.74176433931583,2.71536692630155,0.97360258698572,3.13336576196473,1.3916014226489,0.417998835663182,0.417998835663182,0.57
8,92,"RD","100_sites_x_50","sparse",100,50,57,-0.0848843156939778,-0.123897265512672,-0.0390129498186944,-0.168247782344643,-0.0833634666506647,-0.0443505168319703,0.0443505168319703,0.57
8,92,"RMST_diff","100_sites_x_50","sparse",100,50,57,1.74176433931583,2.57369668997508,0.831932350659255,3.14787268492885,1.40610834561302,0.574175994953766,0.574175994953766,0.57
8,93,"RD","100_sites_x_50","sparse",100,50,56,-0.0848843156939778,-0.132117845465172,-0.0472335297711944,-0.174508981269441,-0.0896246655754633,-0.0423911358042689,0.0423911358042689,0.56
8,93,"RMST_diff","100_sites_x_50","sparse",100,50,56,1.74176433931583,2.66185042896771,0.920086089651887,3.20087239188839,1.45910805257257,0.539021962920682,0.539021962920682,0.56
8,94,"RD","100_sites_x_50","sparse",100,50,56,-0.0848843156939778,-0.130914911361625,-0.0460305956676474,-0.180227419576307,-0.0953431038823287,-0.0493125082146812,0.0493125082146812,0.56
8,94,"RMST_diff","100_sites_x_50","sparse",100,50,56,1.74176433931583,2.65509215473392,0.913327815418098,3.30654410680419,1.56477976748837,0.651451952070271,0.651451952070271,0.56
8,95,"RD","100_sites_x_50","sparse",100,50,56,-0.0848843156939778,-0.1293851445887,-0.0445008288947224,-0.172628593554248,-0.0877442778602698,-0.0432434489655474,0.0432434489655474,0.56
8,95,"RMST_diff","100_sites_x_50","sparse",100,50,56,1.74176433931583,2.63234882383898,0.890584484523156,3.19490167154375,1.45313733222793,0.562552847704769,0.562552847704769,0.56
8,96,"RD","100_sites_x_50","sparse",100,50,55,-0.0848843156939778,-0.132229910619277,-0.0473455949252997,-0.179637266672603,-0.0947529509786255,-0.0474073560533258,0.0474073560533258,0.55
8,96,"RMST_diff","100_sites_x_50","sparse",100,50,55,1.74176433931583,2.67274339321526,0.930979053899431,3.31290779920943,1.57114345989361,0.640164405994177,0.640164405994177,0.55
8,97,"RD","100_sites_x_50","sparse",100,50,55,-0.0848843156939778,-0.124332199109671,-0.0394478834156927,-0.179754039876746,-0.0948697241827681,-0.0554218407670753,0.0554218407670753,0.55
8,97,"RMST_diff","100_sites_x_50","sparse",100,50,55,1.74176433931583,2.660499599676,0.918735260360178,3.36216332123188,1.62039898191606,0.70166372155588,0.70166372155588,0.55
8,98,"RD","100_sites_x_50","sparse",100,50,55,-0.0848843156939778,-0.135525461088417,-0.0506411453944388,-0.183926554098795,-0.0990422384048169,-0.0484010930103781,0.0484010930103781,0.55
8,98,"RMST_diff","100_sites_x_50","sparse",100,50,55,1.74176433931583,2.76706147626676,1.02529713695093,3.40665811380921,1.66489377449339,0.639596637542455,0.639596637542455,0.55
8,99,"RD","100_sites_x_50","sparse",100,50,55,-0.0848843156939778,-0.132797815202924,-0.0479134995089466,-0.180756180965895,-0.0958718652719174,-0.0479583657629707,0.0479583657629707,0.55
8,99,"RMST_diff","100_sites_x_50","sparse",100,50,55,1.74176433931583,2.74672526306701,1.00496092375118,3.37846340152138,1.63669906220555,0.631738138454367,0.631738138454367,0.55
8,100,"RD","100_sites_x_50","sparse",100,50,55,-0.0848843156939778,-0.136683182476893,-0.0517988667829157,-0.181789891233274,-0.0969055755392962,-0.0451067087563806,0.0451067087563806,0.55
8,100,"RMST_diff","100_sites_x_50","sparse",100,50,55,1.74176433931583,2.79087363742522,1.0491092981094,3.36895571479045,1.62719137547463,0.578082077365233,0.578082077365233,0.55
8,101,"RD","100_sites_x_50","sparse",100,50,54,-0.0848843156939778,-0.129483343553952,-0.0445990278599743,-0.175745900535704,-0.0908615848417264,-0.0462625569817521,0.0462625569817521,0.54
8,101,"RMST_diff","100_sites_x_50","sparse",100,50,54,1.74176433931583,2.60789053376956,0.866126194453731,3.25669351584707,1.51492917653125,0.648802982077518,0.648802982077518,0.54
8,102,"RD","100_sites_x_50","sparse",100,50,54,-0.0848843156939778,-0.124749561614077,-0.0398652459200995,-0.167348371410749,-0.0824640557167711,-0.0425988097966715,0.0425988097966715,0.54
8,102,"RMST_diff","100_sites_x_50","sparse",100,50,54,1.74176433931583,2.54432830350247,0.802563964186641,3.14540416764317,1.40363982832735,0.601075864140705,0.601075864140705,0.54
8,103,"RD","100_sites_x_50","sparse",100,50,54,-0.0848843156939778,-0.123893351583368,-0.0390090358893903,-0.168935503713491,-0.0840511880195135,-0.0450421521301232,0.0450421521301232,0.54
8,103,"RMST_diff","100_sites_x_50","sparse",100,50,54,1.74176433931583,2.53142600660021,0.789661667284381,3.15732081528739,1.41555647597156,0.62589480868718,0.62589480868718,0.54
8,104,"RD","100_sites_x_50","sparse",100,50,54,-0.0848843156939778,-0.130035215099263,-0.0451508994052852,-0.167241532171557,-0.0823572164775793,-0.0372063170722942,0.0372063170722942,0.54
8,104,"RMST_diff","100_sites_x_50","sparse",100,50,54,1.74176433931583,2.59080530237897,0.849040963063146,3.11514185465727,1.37337751534145,0.524336552278301,0.524336552278301,0.54
8,105,"RD","100_sites_x_50","sparse",100,50,55,-0.0848843156939778,-0.113291418590286,-0.0284071028963079,-0.167234787177506,-0.0823504714835277,-0.0539433685872198,0.0539433685872198,0.55
8,105,"RMST_diff","100_sites_x_50","sparse",100,50,55,1.74176433931583,2.38046577187712,0.638701432561293,3.12829286557174,1.38652852625592,0.747827093694623,0.747827093694623,0.55
8,106,"RD","100_sites_x_50","sparse",100,50,54,-0.0848843156939778,-0.117389414207007,-0.0325050985130293,-0.169712672121707,-0.0848283564277291,-0.0523232579146998,0.0523232579146998,0.54
8,106,"RMST_diff","100_sites_x_50","sparse",100,50,54,1.74176433931583,2.41982482306257,0.678060483746744,3.15381825239831,1.41205391308249,0.733993429335744,0.733993429335744,0.54
8,107,"RD","100_sites_x_50","sparse",100,50,55,-0.0848843156939778,-0.113669373486634,-0.0287850577926562,-0.163475437810888,-0.0785911221169101,-0.0498060643242539,0.0498060643242539,0.55
8,107,"RMST_diff","100_sites_x_50","sparse",100,50,55,1.74176433931583,2.37333020593435,0.631565866618528,3.06512586139515,1.32336152207933,0.691795655460801,0.691795655460801,0.55
8,108,"RD","100_sites_x_50","sparse",100,50,55,-0.0848843156939778,-0.113467080966759,-0.028582765272781,-0.15761051006018,-0.0727261943662018,-0.0441434290934207,0.0441434290934207,0.55
8,108,"RMST_diff","100_sites_x_50","sparse",100,50,55,1.74176433931583,2.38790753301266,0.646143193696835,3.04600615190708,1.30424181259126,0.658098618894424,0.658098618894424,0.55
8,109,"RD","100_sites_x_50","sparse",100,50,55,-0.0848843156939778,-0.113809280874157,-0.0289249651801791,-0.16330649879695,-0.0784221831029727,-0.0494972179227936,0.0494972179227936,0.55
8,109,"RMST_diff","100_sites_x_50","sparse",100,50,55,1.74176433931583,2.36461158261621,0.622847243300384,3.06892230442303,1.32715796510721,0.704310721806824,0.704310721806824,0.55
8,110,"RD","100_sites_x_50","sparse",100,50,55,-0.0848843156939778,-0.116970986903288,-0.0320866712093097,-0.16998178228992,-0.0850974665959421,-0.0530107953866323,0.0530107953866323,0.55
8,110,"RMST_diff","100_sites_x_50","sparse",100,50,55,1.74176433931583,2.37992793677158,0.638163597455755,3.13297227425092,1.3912079349351,0.753044337479345,0.753044337479345,0.55
8,111,"RD","100_sites_x_50","sparse",100,50,56,-0.0848843156939778,-0.119532468170086,-0.0346481524761084,-0.169129479854464,-0.0842451641604866,-0.0495970116843781,0.0495970116843781,0.56
8,111,"RMST_diff","100_sites_x_50","sparse",100,50,56,1.74176433931583,2.35368501168102,0.611920672365191,3.0572274879269,1.31546314861108,0.703542476245888,0.703542476245888,0.56
8,112,"RD","100_sites_x_50","sparse",100,50,55,-0.0848843156939778,-0.122860199385927,-0.0379758836919493,-0.17047854648937,-0.0855942307953917,-0.0476183471034425,0.0476183471034425,0.55
8,112,"RMST_diff","100_sites_x_50","sparse",100,50,55,1.74176433931583,2.49911195204519,0.757347612729363,3.18035886528067,1.43859452596485,0.681246913235485,0.681246913235485,0.55
8,113,"RD","100_sites_x_50","sparse",100,50,56,-0.0848843156939778,-0.121445051725408,-0.0365607360314306,-0.167495334738995,-0.0826110190450173,-0.0460502830135867,0.0460502830135867,0.56
8,113,"RMST_diff","100_sites_x_50","sparse",100,50,56,1.74176433931583,2.45724566875092,0.715481329435097,3.1036990843976,1.36193474508177,0.646453415646677,0.646453415646677,0.56
8,114,"RD","100_sites_x_50","sparse",100,50,55,-0.0848843156939778,-0.122437285725888,-0.0375529700319104,-0.172691450278119,-0.0878071345841409,-0.0502541645522305,0.0502541645522305,0.55
8,114,"RMST_diff","100_sites_x_50","sparse",100,50,55,1.74176433931583,2.47227533566311,0.730510996347286,3.13669317907794,1.39492883976211,0.664417843414828,0.664417843414828,0.55
8,115,"RD","100_sites_x_50","sparse",100,50,54,-0.0848843156939778,-0.132502441472375,-0.047618125778397,-0.173106883555267,-0.0882225678612891,-0.0406044420828922,0.0406044420828922,0.54
8,115,"RMST_diff","100_sites_x_50","sparse",100,50,54,1.74176433931583,2.62193789122944,0.880173551913616,3.16012904055271,1.41836470123689,0.538191149323271,0.538191149323271,0.54
8,116,"RD","100_sites_x_50","sparse",100,50,54,-0.0848843156939778,-0.13455305077148,-0.0496687350775027,-0.179740679313879,-0.0948563636199012,-0.0451876285423986,0.0451876285423986,0.54
8,116,"RMST_diff","100_sites_x_50","sparse",100,50,54,1.74176433931583,2.64896580478253,0.907201465466702,3.24158018357958,1.49981584426376,0.592614378797055,0.592614378797055,0.54
8,117,"RD","100_sites_x_50","sparse",100,50,54,-0.0848843156939778,-0.132072278166693,-0.0471879624727156,-0.172074558220691,-0.0871902425267127,-0.0400022800539971,0.0400022800539971,0.54
8,117,"RMST_diff","100_sites_x_50","sparse",100,50,54,1.74176433931583,2.62336505340645,0.881600714090622,3.14919108625351,1.40742674693768,0.525826032847059,0.525826032847059,0.54
8,118,"RD","100_sites_x_50","sparse",100,50,55,-0.0848843156939778,-0.131245647879072,-0.0463613321850944,-0.169534387061335,-0.0846500713673572,-0.0382887391822628,0.0382887391822628,0.55
8,118,"RMST_diff","100_sites_x_50","sparse",100,50,55,1.74176433931583,2.63042126441066,0.888656925094832,3.14307510297405,1.40131076365823,0.512653838563397,0.512653838563397,0.55
8,119,"RD","100_sites_x_50","sparse",100,50,55,-0.0848843156939778,-0.118696453781846,-0.0338121380878683,-0.167355086298046,-0.0824707706040686,-0.0486586325162003,0.0486586325162003,0.55
8,119,"RMST_diff","100_sites_x_50","sparse",100,50,55,1.74176433931583,2.40331044014388,0.661546100828055,3.13202404818764,1.39025970887182,0.728713608043762,0.728713608043762,0.55
8,120,"RD","100_sites_x_50","sparse",100,50,55,-0.0848843156939778,-0.122520185183353,-0.0376358694893749,-0.17539152627986,-0.0905072105858817,-0.0528713410965068,0.0528713410965068,0.55
8,120,"RMST_diff","100_sites_x_50","sparse",100,50,55,1.74176433931583,2.45613501494657,0.714370675630748,3.24215361364497,1.50038927432914,0.786018598698396,0.786018598698396,0.55
8,121,"RD","100_sites_x_50","sparse",100,50,54,-0.0848843156939778,-0.123861822798048,-0.0389775071040706,-0.178430291579889,-0.0935459758859113,-0.0545684687818407,0.0545684687818407,0.54
8,121,"RMST_diff","100_sites_x_50","sparse",100,50,54,1.74176433931583,2.47970851689548,0.737944177579651,3.29715524251325,1.55539090319742,0.817446725617771,0.817446725617771,0.54
8,122,"RD","100_sites_x_50","sparse",100,50,54,-0.0848843156939778,-0.123339546079068,-0.0384552303850905,-0.179690115238009,-0.0948057995440312,-0.0563505691589408,0.0563505691589408,0.54
8,122,"RMST_diff","100_sites_x_50","sparse",100,50,54,1.74176433931583,2.46861362346201,0.726849284146187,3.27657006701676,1.53480572770094,0.807956443554751,0.807956443554751,0.54
8,123,"RD","100_sites_x_50","sparse",100,50,55,-0.0848843156939778,-0.122388469156115,-0.0375041534621371,-0.180307198465208,-0.0954228827712301,-0.057918729309093,0.057918729309093,0.55
8,123,"RMST_diff","100_sites_x_50","sparse",100,50,55,1.74176433931583,2.44892545119567,0.707161111879845,3.28117208309823,1.5394077437824,0.832246631902557,0.832246631902557,0.55
8,124,"RD","100_sites_x_50","sparse",100,50,56,-0.0848843156939778,-0.119518117608557,-0.0346338019145788,-0.179762834784467,-0.0948785190904895,-0.0602447171759107,0.0602447171759107,0.56
8,124,"RMST_diff","100_sites_x_50","sparse",100,50,56,1.74176433931583,2.41577510384777,0.674010764531946,3.27981950828639,1.53805516897057,0.864044404438623,0.864044404438623,0.56
8,125,"RD","100_sites_x_50","sparse",100,50,57,-0.0848843156939778,-0.116210752039357,-0.0313264363453791,-0.181506565653872,-0.0966222499598942,-0.0652958136145151,0.0652958136145151,0.57
8,125,"RMST_diff","100_sites_x_50","sparse",100,50,57,1.74176433931583,2.36373267540924,0.621968336093415,3.29822423077359,1.55645989145776,0.93449155536435,0.93449155536435,0.57
8,126,"RD","100_sites_x_50","sparse",100,50,57,-0.0848843156939778,-0.117308498944387,-0.0324241832504092,-0.18375692977237,-0.0988726140783924,-0.0664484308279832,0.0664484308279832,0.57
8,126,"RMST_diff","100_sites_x_50","sparse",100,50,57,1.74176433931583,2.36873387071441,0.626969531398585,3.31277836751572,1.57101402819989,0.944044496801308,0.944044496801308,0.57
8,127,"RD","100_sites_x_50","sparse",100,50,57,-0.0848843156939778,-0.114876093253297,-0.0299917775593187,-0.176239739426685,-0.0913554237327068,-0.0613636461733881,0.0613636461733881,0.57
8,127,"RMST_diff","100_sites_x_50","sparse",100,50,57,1.74176433931583,2.33294798304371,0.591183643727881,3.20553973108392,1.4637753917681,0.872591748040218,0.872591748040218,0.57
8,128,"RD","100_sites_x_50","sparse",100,50,57,-0.0848843156939778,-0.116846384330042,-0.0319620686360644,-0.179175066801302,-0.0942907511073247,-0.0623286824712602,0.0623286824712602,0.57
8,128,"RMST_diff","100_sites_x_50","sparse",100,50,57,1.74176433931583,2.38016003788627,0.638395698570442,3.25886304692827,1.51709870761245,0.878703009042006,0.878703009042006,0.57
8,129,"RD","100_sites_x_50","sparse",100,50,58,-0.0848843156939778,-0.116015188273658,-0.0311308725796802,-0.172021929366169,-0.0871376136721913,-0.0560067410925111,0.0560067410925111,0.58
8,129,"RMST_diff","100_sites_x_50","sparse",100,50,58,1.74176433931583,2.37624822456939,0.634483885253562,3.15893033132131,1.41716599200549,0.782682106751926,0.782682106751926,0.58
8,130,"RD","100_sites_x_50","sparse",100,50,57,-0.0848843156939778,-0.116953741967917,-0.0320694262739388,-0.174643114296188,-0.0897587986022106,-0.0576893723282718,0.0576893723282718,0.57
8,130,"RMST_diff","100_sites_x_50","sparse",100,50,57,1.74176433931583,2.41524141488865,0.673477075572825,3.15416381592338,1.41239947660755,0.738922401034728,0.738922401034728,0.57
8,131,"RD","100_sites_x_50","sparse",100,50,57,-0.0848843156939778,-0.116435065313725,-0.031550749619747,-0.174120190843848,-0.0892358751498699,-0.0576851255301228,0.0576851255301228,0.57
8,131,"RMST_diff","100_sites_x_50","sparse",100,50,57,1.74176433931583,2.40342305461727,0.661658715301442,3.14025431898325,1.39848997966742,0.73683126436598,0.73683126436598,0.57
8,132,"RD","100_sites_x_50","sparse",100,50,56,-0.0848843156939778,-0.117165291390388,-0.0322809756964101,-0.182159029565175,-0.0972747138711973,-0.0649937381747873,0.0649937381747873,0.56
8,132,"RMST_diff","100_sites_x_50","sparse",100,50,56,1.74176433931583,2.42689575267635,0.685131413360526,3.2700478377452,1.52828349842938,0.843152085068853,0.843152085068853,0.56
8,133,"RD","100_sites_x_50","sparse",100,50,57,-0.0848843156939778,-0.120898477586911,-0.0360141618929328,-0.189047755403766,-0.104163439709788,-0.0681492778168556,0.0681492778168556,0.57
8,133,"RMST_diff","100_sites_x_50","sparse",100,50,57,1.74176433931583,2.48065007897634,0.738885739660516,3.37126366980807,1.62949933049225,0.89061359083173,0.89061359083173,0.57
8,134,"RD","100_sites_x_50","sparse",100,50,57,-0.0848843156939778,-0.121706076394846,-0.0368217607008684,-0.189701415444733,-0.104817099750755,-0.0679953390498869,0.0679953390498869,0.57
8,134,"RMST_diff","100_sites_x_50","sparse",100,50,57,1.74176433931583,2.50779873491229,0.766034395596463,3.46009277769492,1.7183284383791,0.952294042782636,0.952294042782636,0.57
8,135,"RD","100_sites_x_50","sparse",100,50,58,-0.0848843156939778,-0.116126715089315,-0.0312423993953376,-0.18596966220583,-0.101085346511852,-0.0698429471165146,0.0698429471165146,0.58
8,135,"RMST_diff","100_sites_x_50","sparse",100,50,58,1.74176433931583,2.37656963377935,0.634805294463527,3.37418873195667,1.63242439264084,0.997619098177317,0.997619098177317,0.58
8,136,"RD","100_sites_x_50","sparse",100,50,58,-0.0848843156939778,-0.117139654485997,-0.0322553387920194,-0.18012312303018,-0.0952388073362018,-0.0629834685441825,0.0629834685441825,0.58
8,136,"RMST_diff","100_sites_x_50","sparse",100,50,58,1.74176433931583,2.40554748415669,0.663783144840869,3.26993268301356,1.52816834369773,0.864385198856864,0.864385198856864,0.58
8,137,"RD","100_sites_x_50","sparse",100,50,57,-0.0848843156939778,-0.114654850612514,-0.0297705349185358,-0.180378678086568,-0.09549436239259,-0.0657238274740543,0.0657238274740543,0.57
8,137,"RMST_diff","100_sites_x_50","sparse",100,50,57,1.74176433931583,2.3430479626479,0.601283623332074,3.30539625321605,1.56363191390022,0.96234829056815,0.96234829056815,0.57
8,138,"RD","100_sites_x_50","sparse",100,50,56,-0.0848843156939778,-0.119159680160264,-0.0342753644662861,-0.178693142530004,-0.0938088268360262,-0.0595334623697401,0.0595334623697401,0.56
8,138,"RMST_diff","100_sites_x_50","sparse",100,50,56,1.74176433931583,2.39149710086171,0.649732761545888,3.2784662732248,1.53670193390898,0.886969172363088,0.886969172363088,0.56
8,139,"RD","100_sites_x_50","sparse",100,50,57,-0.0848843156939778,-0.116768516893364,-0.0318842011993863,-0.175053703173592,-0.0901693874796147,-0.0582851862802284,0.0582851862802284,0.57
8,139,"RMST_diff","100_sites_x_50","sparse",100,50,57,1.74176433931583,2.36167871987081,0.61991438055499,3.22138283014997,1.47961849083415,0.859704110279155,0.859704110279155,0.57
8,140,"RD","100_sites_x_50","sparse",100,50,56,-0.0848843156939778,-0.119676835141511,-0.0347925194475328,-0.181672635627466,-0.0967883199334881,-0.0619958004859553,0.0619958004859553,0.56
8,140,"RMST_diff","100_sites_x_50","sparse",100,50,56,1.74176433931583,2.39928278850902,0.657518449193196,3.33464414511427,1.59287980579845,0.935361356605251,0.935361356605251,0.56
8,141,"RD","100_sites_x_50","sparse",100,50,56,-0.0848843156939778,-0.128156743009458,-0.0432724273154806,-0.187101223923722,-0.102216908229744,-0.0589444809142632,0.0589444809142632,0.56
8,141,"RMST_diff","100_sites_x_50","sparse",100,50,56,1.74176433931583,2.5802296484999,0.838465309184071,3.42745021327666,1.68568587396084,0.847220564776764,0.847220564776764,0.56
8,142,"RD","100_sites_x_50","sparse",100,50,57,-0.0848843156939778,-0.126231770500919,-0.0413474548069412,-0.190380771859362,-0.105496456165385,-0.0641490013584434,0.0641490013584434,0.57
8,142,"RMST_diff","100_sites_x_50","sparse",100,50,57,1.74176433931583,2.55159155681485,0.809827217499025,3.4601871775094,1.71842283819357,0.908595620694545,0.908595620694545,0.57
8,143,"RD","100_sites_x_50","sparse",100,50,56,-0.0848843156939778,-0.127763771970087,-0.0428794562761097,-0.197120151509092,-0.112235835815114,-0.0693563795390041,0.0693563795390041,0.56
8,143,"RMST_diff","100_sites_x_50","sparse",100,50,56,1.74176433931583,2.56809943500812,0.826335095692297,3.53927280239516,1.79750846307933,0.971173367387033,0.971173367387033,0.56
8,144,"RD","100_sites_x_50","sparse",100,50,57,-0.0848843156939778,-0.124506770230828,-0.0396224545368506,-0.190678643923926,-0.105794328229948,-0.0661718736930976,0.0661718736930976,0.57
8,144,"RMST_diff","100_sites_x_50","sparse",100,50,57,1.74176433931583,2.51333437875402,0.771570039438199,3.43897611116805,1.69721177185223,0.92564173241403,0.92564173241403,0.57
8,145,"RD","100_sites_x_50","sparse",100,50,56,-0.0848843156939778,-0.137074979312239,-0.0521906636182611,-0.197638047406597,-0.11275373171262,-0.0605630680943585,0.0605630680943585,0.56
8,145,"RMST_diff","100_sites_x_50","sparse",100,50,56,1.74176433931583,2.64061534103172,0.898851001715899,3.50934823300188,1.76758389368605,0.868732891970154,0.868732891970154,0.56
8,146,"RD","100_sites_x_50","sparse",100,50,56,-0.0848843156939778,-0.156649760159104,-0.0717654444651263,-0.203949758266517,-0.119065442572539,-0.0472999981074131,0.0472999981074131,0.56
8,146,"RMST_diff","100_sites_x_50","sparse",100,50,56,1.74176433931583,2.94708944150816,1.20532510219233,3.63135304655897,1.88958870724314,0.684263605050813,0.684263605050813,0.56
8,147,"RD","100_sites_x_50","sparse",100,50,55,-0.0848843156939778,-0.162615744662419,-0.0777314289684412,-0.210674512449608,-0.12579019675563,-0.0480587677871891,0.0480587677871891,0.55
8,147,"RMST_diff","100_sites_x_50","sparse",100,50,55,1.74176433931583,3.04670415198002,1.30493981266419,3.73297372290043,1.99120938358461,0.686269570920416,0.686269570920416,0.55
8,148,"RD","100_sites_x_50","sparse",100,50,55,-0.0848843156939778,-0.154870535790553,-0.0699862200965751,-0.206888200775395,-0.122003885081417,-0.0520176649848421,0.0520176649848421,0.55
8,148,"RMST_diff","100_sites_x_50","sparse",100,50,55,1.74176433931583,2.98909059575965,1.24732625644383,3.76536309755341,2.02359875823759,0.776272501793761,0.776272501793761,0.55
8,149,"RD","100_sites_x_50","sparse",100,50,54,-0.0848843156939778,-0.161163354686182,-0.0762790389922046,-0.213194972881589,-0.128310657187611,-0.0520316181954069,0.0520316181954069,0.54
8,149,"RMST_diff","100_sites_x_50","sparse",100,50,54,1.74176433931583,3.010841349658,1.26907701034218,3.77775136533213,2.03598702601631,0.766910015674128,0.766910015674128,0.54
8,150,"RD","100_sites_x_50","sparse",100,50,53,-0.0848843156939778,-0.163495565890208,-0.0786112501962298,-0.214528983816066,-0.129644668122088,-0.0510334179258586,0.0510334179258586,0.53
8,150,"RMST_diff","100_sites_x_50","sparse",100,50,53,1.74176433931583,3.1919624927736,1.45019815345777,3.85371802338335,2.11195368406752,0.661755530609751,0.661755530609751,0.53
8,151,"RD","100_sites_x_50","sparse",100,50,52,-0.0848843156939778,-0.171741901657407,-0.0868575859634289,-0.221795367051527,-0.136911051357549,-0.0500534653941206,0.0500534653941206,0.52
8,151,"RMST_diff","100_sites_x_50","sparse",100,50,52,1.74176433931583,3.31818162026096,1.57641728094513,3.97670788208711,2.23494354277129,0.658526261826152,0.658526261826152,0.52
8,152,"RD","100_sites_x_50","sparse",100,50,53,-0.0848843156939778,-0.158211182723609,-0.0733268670296316,-0.214101966876469,-0.129217651182492,-0.05589078415286,0.05589078415286,0.53
8,152,"RMST_diff","100_sites_x_50","sparse",100,50,53,1.74176433931583,3.10282980079061,1.36106546147478,3.83835116614676,2.09658682683093,0.735521365356149,0.735521365356149,0.53
8,153,"RD","100_sites_x_50","sparse",100,50,53,-0.0848843156939778,-0.149477715046677,-0.064593399352699,-0.216630709513341,-0.131746393819363,-0.0671529944666639,0.0671529944666639,0.53
8,153,"RMST_diff","100_sites_x_50","sparse",100,50,53,1.74176433931583,3.02874721569972,1.28698287638389,3.88911520012763,2.1473508608118,0.860367984427914,0.860367984427914,0.53
8,154,"RD","100_sites_x_50","sparse",100,50,52,-0.0848843156939778,-0.14967769177362,-0.064793376079642,-0.211875277304131,-0.126990961610153,-0.0621975855305109,0.0621975855305109,0.52
8,154,"RMST_diff","100_sites_x_50","sparse",100,50,52,1.74176433931583,3.04466412196074,1.30289978264491,3.82745029158316,2.08568595226733,0.782786169622421,0.782786169622421,0.52
8,155,"RD","100_sites_x_50","sparse",100,50,52,-0.0848843156939778,-0.151500541445576,-0.0666162257515978,-0.219554828325342,-0.134670512631364,-0.0680542868797663,0.0680542868797663,0.52
8,155,"RMST_diff","100_sites_x_50","sparse",100,50,52,1.74176433931583,3.07700429751083,1.335239958195,3.95262382609625,2.21085948678042,0.875619528585419,0.875619528585419,0.52
8,156,"RD","100_sites_x_50","sparse",100,50,52,-0.0848843156939778,-0.152456066451985,-0.0675717507580073,-0.213707143881768,-0.12882282818779,-0.0612510774297825,0.0612510774297825,0.52
8,156,"RMST_diff","100_sites_x_50","sparse",100,50,52,1.74176433931583,3.08736489377036,1.34560055445453,3.90139527263562,2.1596309333198,0.814030378865265,0.814030378865265,0.52
8,157,"RD","100_sites_x_50","sparse",100,50,53,-0.0848843156939778,-0.145333592768959,-0.0604492770749814,-0.208199777225809,-0.123315461531832,-0.0628661844568502,0.0628661844568502,0.53
8,157,"RMST_diff","100_sites_x_50","sparse",100,50,53,1.74176433931583,2.99911847308289,1.25735413376707,3.80861130781729,2.06684696850147,0.809492834734399,0.809492834734399,0.53
8,158,"RD","100_sites_x_50","sparse",100,50,54,-0.0848843156939778,-0.145310483224277,-0.0604261675302992,-0.208369922594634,-0.123485606900656,-0.063059439370357,0.063059439370357,0.54
8,158,"RMST_diff","100_sites_x_50","sparse",100,50,54,1.74176433931583,2.98918047484483,1.24741613552901,3.80416224211825,2.06239790280243,0.814981767273421,0.814981767273421,0.54
8,159,"RD","100_sites_x_50","sparse",100,50,54,-0.0848843156939778,-0.147085082901225,-0.0622007672072468,-0.207773501008592,-0.122889185314614,-0.060688418107367,0.060688418107367,0.54
8,159,"RMST_diff","100_sites_x_50","sparse",100,50,54,1.74176433931583,2.96970731769702,1.22794297838119,3.76659865549068,2.02483431617486,0.796891337793665,0.796891337793665,0.54
8,160,"RD","100_sites_x_50","sparse",100,50,54,-0.0848843156939778,-0.146750151010919,-0.0618658353169408,-0.211617093913092,-0.126732778219114,-0.0648669429021733,0.0648669429021733,0.54
8,160,"RMST_diff","100_sites_x_50","sparse",100,50,54,1.74176433931583,3.01269253071165,1.27092819139583,3.84860495438918,2.10684061507336,0.835912423677533,0.835912423677533,0.54
8,161,"RD","100_sites_x_50","sparse",100,50,55,-0.0848843156939778,-0.139872592956554,-0.0549882772625764,-0.211336398115517,-0.126452082421539,-0.0714638051589631,0.0714638051589631,0.55
8,161,"RMST_diff","100_sites_x_50","sparse",100,50,55,1.74176433931583,2.93716105565997,1.19539671634414,3.8484735087338,2.10670916941797,0.91131245307383,0.91131245307383,0.55
8,162,"RD","100_sites_x_50","sparse",100,50,55,-0.0848843156939778,-0.138507180165357,-0.0536228644713795,-0.210395608767364,-0.125511293073386,-0.0718884286020069,0.0718884286020069,0.55
8,162,"RMST_diff","100_sites_x_50","sparse",100,50,55,1.74176433931583,2.90537196418177,1.16360762486594,3.79367518360087,2.05191084428505,0.888303219419104,0.888303219419104,0.55
8,163,"RD","100_sites_x_50","sparse",100,50,56,-0.0848843156939778,-0.128147728744486,-0.0432634130505085,-0.204296362286845,-0.119412046592867,-0.0761486335423582,0.0761486335423582,0.56
8,163,"RMST_diff","100_sites_x_50","sparse",100,50,56,1.74176433931583,2.71979043655223,0.978026097236405,3.68996951930377,1.94820517998795,0.970179082751542,0.970179082751542,0.56
8,164,"RD","100_sites_x_50","sparse",100,50,56,-0.0848843156939778,-0.128591989473222,-0.0437076737792439,-0.209294474839928,-0.12441015914595,-0.0807024853667062,0.0807024853667062,0.56
8,164,"RMST_diff","100_sites_x_50","sparse",100,50,56,1.74176433931583,2.70809617527944,0.966331835963617,3.72992143794028,1.98815709862446,1.02182526266084,1.02182526266084,0.56
8,165,"RD","100_sites_x_50","sparse",100,50,57,-0.0848843156939778,-0.125406191948577,-0.0405218762545994,-0.211070788998236,-0.126186473304258,-0.0856645970496591,0.0856645970496591,0.57
8,165,"RMST_diff","100_sites_x_50","sparse",100,50,57,1.74176433931583,2.68939530378472,0.947630964468891,3.76738352629692,2.0256191869811,1.07798822251221,1.07798822251221,0.57
8,166,"RD","100_sites_x_50","sparse",100,50,58,-0.0848843156939778,-0.122858436085285,-0.0379741203913071,-0.212432775058073,-0.127548459364095,-0.0895743389727881,0.0895743389727881,0.58
8,166,"RMST_diff","100_sites_x_50","sparse",100,50,58,1.74176433931583,2.67675575231544,0.934991412999613,3.80236600443459,2.06060166511876,1.12561025211915,1.12561025211915,0.58
8,167,"RD","100_sites_x_50","sparse",100,50,58,-0.0848843156939778,-0.129644153507168,-0.0447598378131906,-0.212426597111299,-0.127542281417321,-0.0827824436041306,0.0827824436041306,0.58
8,167,"RMST_diff","100_sites_x_50","sparse",100,50,58,1.74176433931583,2.6362619012493,0.894497561933477,3.70805632027516,1.96629198095933,1.07179441902585,1.07179441902585,0.58
8,168,"RD","100_sites_x_50","sparse",100,50,58,-0.0848843156939778,-0.126476736985948,-0.0415924212919705,-0.206344913746574,-0.121460598052596,-0.0798681767606253,0.0798681767606253,0.58
8,168,"RMST_diff","100_sites_x_50","sparse",100,50,58,1.74176433931583,2.52616553181565,0.784401192499825,3.5867484453472,1.84498410603137,1.06058291353155,1.06058291353155,0.58
8,169,"RD","100_sites_x_50","sparse",100,50,58,-0.0848843156939778,-0.126124731407043,-0.0412404157130648,-0.199420339605932,-0.114536023911954,-0.0732956081988891,0.0732956081988891,0.58
8,169,"RMST_diff","100_sites_x_50","sparse",100,50,58,1.74176433931583,2.50108581762618,0.759321478310358,3.45574292212503,1.7139785828092,0.954657104498843,0.954657104498843,0.58
8,170,"RD","100_sites_x_50","sparse",100,50,58,-0.0848843156939778,-0.12707124590162,-0.0421869302076424,-0.19856953150147,-0.113685215807493,-0.0714982855998502,0.0714982855998502,0.58
8,170,"RMST_diff","100_sites_x_50","sparse",100,50,58,1.74176433931583,2.49207618301931,0.750311843703482,3.42838295388817,1.68661861457235,0.936306770868864,0.936306770868864,0.58
8,171,"RD","100_sites_x_50","sparse",100,50,58,-0.0848843156939778,-0.128988090763673,-0.0441037750696956,-0.205906469431538,-0.12102215373756,-0.0769183786678646,0.0769183786678646,0.58
8,171,"RMST_diff","100_sites_x_50","sparse",100,50,58,1.74176433931583,2.46572822645744,0.723963887141613,3.46163779084168,1.71987345152586,0.995909564384245,0.995909564384245,0.58
8,172,"RD","100_sites_x_50","sparse",100,50,58,-0.0848843156939778,-0.129245403751674,-0.0443610880576961,-0.207108064774599,-0.122223749080621,-0.0778626610229247,0.0778626610229247,0.58
8,172,"RMST_diff","100_sites_x_50","sparse",100,50,58,1.74176433931583,2.41455492550313,0.672790586187302,3.44886364154715,1.70709930223133,1.03430871604402,1.03430871604402,0.58
8,173,"RD","100_sites_x_50","sparse",100,50,57,-0.0848843156939778,-0.130161772391998,-0.0452774566980199,-0.205334458869639,-0.120450143175662,-0.0751726864776417,0.0751726864776417,0.57
8,173,"RMST_diff","100_sites_x_50","sparse",100,50,57,1.74176433931583,2.41614441139535,0.674380072079527,3.4109823151344,1.66921797581858,0.99483790373905,0.99483790373905,0.57
8,174,"RD","100_sites_x_50","sparse",100,50,58,-0.0848843156939778,-0.121771291359656,-0.0368869756656784,-0.20094293905707,-0.116058623363092,-0.079171647697414,0.079171647697414,0.58
8,174,"RMST_diff","100_sites_x_50","sparse",100,50,58,1.74176433931583,2.43734443623627,0.695580096920443,3.42318959265698,1.68142525334116,0.985845156420712,0.985845156420712,0.58
8,175,"RD","100_sites_x_50","sparse",100,50,58,-0.0848843156939778,-0.130158161858304,-0.0452738461643261,-0.201222349334412,-0.116338033640434,-0.0710641874761078,0.0710641874761078,0.58
8,175,"RMST_diff","100_sites_x_50","sparse",100,50,58,1.74176433931583,2.55073470317588,0.80897036386005,3.42997716578007,1.68821282646425,0.879242462604196,0.879242462604196,0.58
8,176,"RD","100_sites_x_50","sparse",100,50,57,-0.0848843156939778,-0.135469115802509,-0.0505848001085309,-0.208764800840845,-0.123880485146867,-0.0732956850383359,0.0732956850383359,0.57
8,176,"RMST_diff","100_sites_x_50","sparse",100,50,57,1.74176433931583,2.58552470755544,0.843760368239611,3.47911000301897,1.73734566370315,0.893585295463538,0.893585295463538,0.57
8,177,"RD","100_sites_x_50","sparse",100,50,58,-0.0848843156939778,-0.134161603635368,-0.0492772879413903,-0.207655564265278,-0.1227712485713,-0.0734939606299099,0.0734939606299099,0.58
8,177,"RMST_diff","100_sites_x_50","sparse",100,50,58,1.74176433931583,2.5712534959712,0.829489156655377,3.46559353771661,1.72382919840078,0.894340041745403,0.894340041745403,0.58
8,178,"RD","100_sites_x_50","sparse",100,50,58,-0.0848843156939778,-0.133238120856326,-0.0483538051623487,-0.208880822864957,-0.123996507170979,-0.0756427020086304,0.0756427020086304,0.58
8,178,"RMST_diff","100_sites_x_50","sparse",100,50,58,1.74176433931583,2.55477677459112,0.813012435275299,3.51666025072829,1.77489591141246,0.961883476137164,0.961883476137164,0.58
8,179,"RD","100_sites_x_50","sparse",100,50,58,-0.0848843156939778,-0.132915423972191,-0.0480311082782136,-0.202872688570349,-0.117988372876371,-0.0699572645981574,0.0699572645981574,0.58
8,179,"RMST_diff","100_sites_x_50","sparse",100,50,58,1.74176433931583,2.56873736136671,0.826973022050884,3.48069944553429,1.73893510621847,0.911962084167582,0.911962084167582,0.58
8,180,"RD","100_sites_x_50","sparse",100,50,59,-0.0848843156939778,-0.133337700707446,-0.0484533850134679,-0.207201121596672,-0.122316805902694,-0.0738634208892262,0.0738634208892262,0.59
8,180,"RMST_diff","100_sites_x_50","sparse",100,50,59,1.74176433931583,2.57192607965952,0.830161740343696,3.52604936891436,1.78428502959854,0.95412328925484,0.95412328925484,0.59
8,181,"RD","100_sites_x_50","sparse",100,50,59,-0.0848843156939778,-0.133073311350301,-0.0481889956563231,-0.206801409391801,-0.121917093697823,-0.0737280980415,0.0737280980415,0.59
8,181,"RMST_diff","100_sites_x_50","sparse",100,50,59,1.74176433931583,2.57434942790932,0.832585088593492,3.52662857333694,1.78486423402111,0.952279145427623,0.952279145427623,0.59
8,182,"RD","100_sites_x_50","sparse",100,50,60,-0.0848843156939778,-0.137812978841975,-0.0529286631479972,-0.206587212391304,-0.121702896697326,-0.0687742335493288,0.0687742335493288,0.6
8,182,"RMST_diff","100_sites_x_50","sparse",100,50,60,1.74176433931583,2.6493906544215,0.907626315105674,3.51479007755744,1.77302573824162,0.865399423135946,0.865399423135946,0.6
8,183,"RD","100_sites_x_50","sparse",100,50,60,-0.0848843156939778,-0.142964481621284,-0.0580801659273058,-0.211136123423651,-0.126251807729673,-0.0681716418023671,0.0681716418023671,0.6
8,183,"RMST_diff","100_sites_x_50","sparse",100,50,60,1.74176433931583,2.69507156890029,0.95330722958446,3.56575447272903,1.82399013341321,0.870682903828746,0.870682903828746,0.6
8,184,"RD","100_sites_x_50","sparse",100,50,60,-0.0848843156939778,-0.14599167017246,-0.0611073544784826,-0.212606427615862,-0.127722111921884,-0.0666147574434017,0.0666147574434017,0.6
8,184,"RMST_diff","100_sites_x_50","sparse",100,50,60,1.74176433931583,2.75030301257763,1.00853867326181,3.569751335309,1.82798699599317,0.819448322731366,0.819448322731366,0.6
8,185,"RD","100_sites_x_50","sparse",100,50,59,-0.0848843156939778,-0.147079279649909,-0.0621949639559316,-0.214528906439443,-0.129644590745465,-0.0674496267895333,0.0674496267895333,0.59
8,185,"RMST_diff","100_sites_x_50","sparse",100,50,59,1.74176433931583,2.77224235685751,1.03047801754169,3.61259820048299,1.87083386116717,0.840355843625483,0.840355843625483,0.59
8,186,"RD","100_sites_x_50","sparse",100,50,59,-0.0848843156939778,-0.126813101610723,-0.041928785916745,-0.208955804805543,-0.124071489111565,-0.0821427031948198,0.0821427031948198,0.59
8,186,"RMST_diff","100_sites_x_50","sparse",100,50,59,1.74176433931583,2.45534786439458,0.713583525078754,3.51362184580189,1.77185750648606,1.05827398140731,1.05827398140731,0.59
8,187,"RD","100_sites_x_50","sparse",100,50,58,-0.0848843156939778,-0.1282760185484,-0.0433917028544222,-0.204400130350897,-0.119515814656919,-0.0761241118024971,0.0761241118024971,0.58
8,187,"RMST_diff","100_sites_x_50","sparse",100,50,58,1.74176433931583,2.45278084961202,0.711016510296199,3.44055817700077,1.69879383768495,0.987777327388747,0.987777327388747,0.58
8,188,"RD","100_sites_x_50","sparse",100,50,58,-0.0848843156939778,-0.134154163735943,-0.049269848041965,-0.209869987076422,-0.124985671382444,-0.0757158233404793,0.0757158233404793,0.58
8,188,"RMST_diff","100_sites_x_50","sparse",100,50,58,1.74176433931583,2.43275834419492,0.690994004879094,3.47455058840594,1.73278624909011,1.04179224421102,1.04179224421102,0.58
8,189,"RD","100_sites_x_50","sparse",100,50,58,-0.0848843156939778,-0.140116475548702,-0.0552321598547243,-0.216302656007899,-0.131418340313921,-0.0761861804591967,0.0761861804591967,0.58
8,189,"RMST_diff","100_sites_x_50","sparse",100,50,58,1.74176433931583,2.48789303031663,0.746128691000809,3.55193122925603,1.81016688994021,1.0640381989394,1.0640381989394,0.58
8,190,"RD","100_sites_x_50","sparse",100,50,58,-0.0848843156939778,-0.14136105912624,-0.0564767434322619,-0.217900175873639,-0.133015860179662,-0.0765391167473997,0.0765391167473997,0.58
8,190,"RMST_diff","100_sites_x_50","sparse",100,50,58,1.74176433931583,2.52298368675045,0.781219347434623,3.59190977382798,1.85014543451215,1.06892608707753,1.06892608707753,0.58
8,191,"RD","100_sites_x_50","sparse",100,50,58,-0.0848843156939778,-0.141474661317697,-0.0565903456237192,-0.217738619620862,-0.132854303926885,-0.0762639583031653,0.0762639583031653,0.58
8,191,"RMST_diff","100_sites_x_50","sparse",100,50,58,1.74176433931583,2.53764352572531,0.795879186409481,3.60399887292517,1.86223453360935,1.06635534719987,1.06635534719987,0.58
8,192,"RD","100_sites_x_50","sparse",100,50,57,-0.0848843156939778,-0.14970018454524,-0.0648158688512623,-0.217430325708645,-0.132546010014667,-0.0677301411634046,0.0677301411634046,0.57
8,192,"RMST_diff","100_sites_x_50","sparse",100,50,57,1.74176433931583,2.58669087522211,0.844926535906289,3.58336919896637,1.84160485965054,0.996678323744254,0.996678323744254,0.57
8,193,"RD","100_sites_x_50","sparse",100,50,57,-0.0848843156939778,-0.142540839937098,-0.0576565242431206,-0.214538055602838,-0.129653739908861,-0.07199721566574,0.07199721566574,0.57
8,193,"RMST_diff","100_sites_x_50","sparse",100,50,57,1.74176433931583,2.5386845060029,0.796920166687077,3.54857646277756,1.80681212346173,1.00989195677466,1.00989195677466,0.57
8,194,"RD","100_sites_x_50","sparse",100,50,57,-0.0848843156939778,-0.141363481261013,-0.0564791655670355,-0.207437840608817,-0.122553524914839,-0.0660743593478038,0.0660743593478038,0.57
8,194,"RMST_diff","100_sites_x_50","sparse",100,50,57,1.74176433931583,2.50917852873808,0.767414189422253,3.40649090923604,1.66472656992022,0.897312380497967,0.897312380497967,0.57
8,195,"RD","100_sites_x_50","sparse",100,50,56,-0.0848843156939778,-0.144078004444925,-0.0591936887509475,-0.21097107057966,-0.126086754885682,-0.0668930661347349,0.0668930661347349,0.56
8,195,"RMST_diff","100_sites_x_50","sparse",100,50,56,1.74176433931583,2.58122272664983,0.839458387334002,3.4680116103216,1.72624727100578,0.886788883671777,0.886788883671777,0.56
8,196,"RD","100_sites_x_50","sparse",100,50,57,-0.0848843156939778,-0.139485463810131,-0.0546011481161536,-0.203705164452127,-0.118820848758149,-0.0642197006419957,0.0642197006419957,0.57
8,196,"RMST_diff","100_sites_x_50","sparse",100,50,57,1.74176433931583,2.5733195785526,0.83155523923678,3.42720248322894,1.68543814391312,0.85388290467634,0.85388290467634,0.57
8,197,"RD","100_sites_x_50","sparse",100,50,57,-0.0848843156939778,-0.150173404020098,-0.06528908832612,-0.208862102069647,-0.123977786375669,-0.0586886980495491,0.0586886980495491,0.57
8,197,"RMST_diff","100_sites_x_50","sparse",100,50,57,1.74176433931583,2.59019751698519,0.848433177669362,3.46988856836751,1.72812422905169,0.879691051382324,0.879691051382324,0.57
8,198,"RD","100_sites_x_50","sparse",100,50,58,-0.0848843156939778,-0.14276235223066,-0.057878036536682,-0.210540144414241,-0.125655828720263,-0.0677777921835814,0.0677777921835814,0.58
8,198,"RMST_diff","100_sites_x_50","sparse",100,50,58,1.74176433931583,2.52316816317884,0.781403823863016,3.49282840706588,1.75106406775006,0.969660243887041,0.969660243887041,0.58
8,199,"RD","100_sites_x_50","sparse",100,50,59,-0.0848843156939778,-0.138502829278026,-0.0536185135840483,-0.20637498776598,-0.121490672072002,-0.0678721584879536,0.0678721584879536,0.59
8,199,"RMST_diff","100_sites_x_50","sparse",100,50,59,1.74176433931583,2.41519067758013,0.673426338264301,3.39004263421612,1.64827829490029,0.974851956635989,0.974851956635989,0.59
8,200,"RD","100_sites_x_50","sparse",100,50,59,-0.0848843156939778,-0.139131545356968,-0.0542472296629899,-0.212551316396239,-0.127667000702262,-0.0734197710392717,0.0734197710392717,0.59
8,200,"RMST_diff","100_sites_x_50","sparse",100,50,59,1.74176433931583,2.42576144066986,0.683997101354032,3.49268135646257,1.75091701714675,1.06691991579271,1.06691991579271,0.59
8,201,"RD","100_sites_x_50","sparse",100,50,59,-0.0848843156939778,-0.134894391668059,-0.0500100759740815,-0.212017478814449,-0.127133163120471,-0.0771230871463894,0.0771230871463894,0.59
8,201,"RMST_diff","100_sites_x_50","sparse",100,50,59,1.74176433931583,2.4338369789457,0.692072639629876,3.50518054891075,1.76341620959493,1.07134356996505,1.07134356996505,0.59
8,202,"RD","100_sites_x_50","sparse",100,50,58,-0.0848843156939778,-0.138619829523562,-0.0537355138295843,-0.213477641630421,-0.128593325936443,-0.0748578121068588,0.0748578121068588,0.58
8,202,"RMST_diff","100_sites_x_50","sparse",100,50,58,1.74176433931583,2.48989770650578,0.748133367189959,3.51963036844248,1.77786602912665,1.02973266193669,1.02973266193669,0.58
8,203,"RD","100_sites_x_50","sparse",100,50,58,-0.0848843156939778,-0.136912136538511,-0.0520278208445332,-0.212115954482037,-0.127231638788059,-0.075203817943526,0.075203817943526,0.58
8,203,"RMST_diff","100_sites_x_50","sparse",100,50,58,1.74176433931583,2.43592442604333,0.694160086727507,3.49463164223834,1.75286730292251,1.05870721619501,1.05870721619501,0.58
8,204,"RD","100_sites_x_50","sparse",100,50,59,-0.0848843156939778,-0.12628888205738,-0.0414045663634022,-0.211139090208828,-0.126254774514851,-0.0848502081514485,0.0848502081514485,0.59
8,204,"RMST_diff","100_sites_x_50","sparse",100,50,59,1.74176433931583,2.2819659928151,0.540201653499276,3.48131054782067,1.73954620850485,1.19934455500557,1.19934455500557,0.59
8,205,"RD","100_sites_x_50","sparse",100,50,59,-0.0848843156939778,-0.125499312295718,-0.0406149966017399,-0.204846160128317,-0.119961844434339,-0.079346847832599,0.079346847832599,0.59
8,205,"RMST_diff","100_sites_x_50","sparse",100,50,59,1.74176433931583,2.27753878257129,0.535774443255466,3.46682650694246,1.72506216762663,1.18928772437117,1.18928772437117,0.59
8,206,"RD","100_sites_x_50","sparse",100,50,60,-0.0848843156939778,-0.123415879610532,-0.038531563916554,-0.202623008410177,-0.117738692716199,-0.0792071287996452,0.0792071287996452,0.6
8,206,"RMST_diff","100_sites_x_50","sparse",100,50,60,1.74176433931583,2.20140109564269,0.459636756326862,3.40757097684123,1.6658066375254,1.20616988119854,1.20616988119854,0.6
8,207,"RD","100_sites_x_50","sparse",100,50,60,-0.0848843156939778,-0.120463728286778,-0.0355794125927998,-0.202957362330526,-0.118073046636548,-0.0824936340437485,0.0824936340437485,0.6
8,207,"RMST_diff","100_sites_x_50","sparse",100,50,60,1.74176433931583,2.23002149287325,0.488257153557429,3.45608762379485,1.71432328447903,1.2260661309216,1.2260661309216,0.6
8,208,"RD","100_sites_x_50","sparse",100,50,59,-0.0848843156939778,-0.12268263698915,-0.0377983212951718,-0.20671331008957,-0.121828994395592,-0.0840306731004202,0.0840306731004202,0.59
8,208,"RMST_diff","100_sites_x_50","sparse",100,50,59,1.74176433931583,2.23074507041609,0.48898073110027,3.45141563273903,1.7096512934232,1.22067056232293,1.22067056232293,0.59
8,209,"RD","100_sites_x_50","sparse",100,50,58,-0.0848843156939778,-0.127238800765101,-0.0423544850711227,-0.20789230539788,-0.123007989703902,-0.0806535046327798,0.0806535046327798,0.58
8,209,"RMST_diff","100_sites_x_50","sparse",100,50,58,1.74176433931583,2.29310434372399,0.551340004408164,3.46830261007623,1.72653827076041,1.17519826635225,1.17519826635225,0.58
8,210,"RD","100_sites_x_50","sparse",100,50,58,-0.0848843156939778,-0.127388975096886,-0.042504659402908,-0.201320165394014,-0.116435849700036,-0.0739311902971282,0.0739311902971282,0.58
8,210,"RMST_diff","100_sites_x_50","sparse",100,50,58,1.74176433931583,2.3137277457169,0.571963406401078,3.42122243301577,1.67945809369995,1.10749468729887,1.10749468729887,0.58
8,211,"RD","100_sites_x_50","sparse",100,50,57,-0.0848843156939778,-0.129628462463146,-0.0447441467691678,-0.205898841064818,-0.12101452537084,-0.0762703786016721,0.0762703786016721,0.57
8,211,"RMST_diff","100_sites_x_50","sparse",100,50,57,1.74176433931583,2.35710832102597,0.615343981710147,3.51708875489959,1.77532441558377,1.15998043387362,1.15998043387362,0.57
8,212,"RD","100_sites_x_50","sparse",100,50,58,-0.0848843156939778,-0.12925665164395,-0.0443723359499723,-0.204545991665882,-0.119661675971904,-0.0752893400219316,0.0752893400219316,0.58
8,212,"RMST_diff","100_sites_x_50","sparse",100,50,58,1.74176433931583,2.3499846971299,0.608220357814073,3.46601075822551,1.72424641890968,1.11602606109561,1.11602606109561,0.58
8,213,"RD","100_sites_x_50","sparse",100,50,58,-0.0848843156939778,-0.125499479827873,-0.0406151641338957,-0.203088149521299,-0.118203833827322,-0.0775886696934259,0.0775886696934259,0.58
8,213,"RMST_diff","100_sites_x_50","sparse",100,50,58,1.74176433931583,2.27366532139085,0.531900982075021,3.4386366291145,1.69687228979868,1.16497130772366,1.16497130772366,0.58
8,214,"RD","100_sites_x_50","sparse",100,50,59,-0.0848843156939778,-0.122219251253513,-0.0373349355595352,-0.198102385017719,-0.113218069323741,-0.0758831337642057,0.0758831337642057,0.59
8,214,"RMST_diff","100_sites_x_50","sparse",100,50,59,1.74176433931583,2.23822791116008,0.496463571844252,3.40158902617026,1.65982468685443,1.16336111501018,1.16336111501018,0.59
8,215,"RD","100_sites_x_50","sparse",100,50,59,-0.0848843156939778,-0.102846221014734,-0.0179619053207558,-0.191254299247184,-0.106369983553206,-0.0884080782324507,0.0884080782324507,0.59
8,215,"RMST_diff","100_sites_x_50","sparse",100,50,59,1.74176433931583,2.14077058826829,0.399006248952464,3.34726370273609,1.60549936342026,1.2064931144678,1.2064931144678,0.59
8,216,"RD","100_sites_x_50","sparse",100,50,58,-0.0848843156939778,-0.120386599261932,-0.035502283567954,-0.192508565821513,-0.107624250127535,-0.0721219665595813,0.0721219665595813,0.58
8,216,"RMST_diff","100_sites_x_50","sparse",100,50,58,1.74176433931583,2.37757719281837,0.635812853502541,3.35938233639206,1.61761799707623,0.981805143573689,0.981805143573689,0.58
8,217,"RD","100_sites_x_50","sparse",100,50,57,-0.0848843156939778,-0.125698247953905,-0.040813932259927,-0.19796843558838,-0.113084119894402,-0.0722701876344755,0.0722701876344755,0.57
8,217,"RMST_diff","100_sites_x_50","sparse",100,50,57,1.74176433931583,2.41568375609806,0.673919416782232,3.40139213612449,1.65962779680866,0.985708380026429,0.985708380026429,0.57
8,218,"RD","100_sites_x_50","sparse",100,50,57,-0.0848843156939778,-0.117475473116283,-0.032591157422305,-0.197305345167318,-0.11242102947334,-0.0798298720510349,0.0798298720510349,0.57
8,218,"RMST_diff","100_sites_x_50","sparse",100,50,57,1.74176433931583,2.20900854623893,0.467244206923104,3.35074072541007,1.60897638609424,1.14173217917114,1.14173217917114,0.57
8,219,"RD","100_sites_x_50","sparse",100,50,58,-0.0848843156939778,-0.132131738411863,-0.0472474227178847,-0.196740802850559,-0.111856487156581,-0.0646090644386965,0.0646090644386965,0.58
8,219,"RMST_diff","100_sites_x_50","sparse",100,50,58,1.74176433931583,2.49732903672703,0.755564697411209,3.39770155525642,1.65593721594059,0.900372518529384,0.900372518529384,0.58
8,220,"RD","100_sites_x_50","sparse",100,50,58,-0.0848843156939778,-0.131127890210263,-0.0462435745162851,-0.194935885115065,-0.110051569421088,-0.0638079949048024,0.0638079949048024,0.58
8,220,"RMST_diff","100_sites_x_50","sparse",100,50,58,1.74176433931583,2.47255106751459,0.730786728198764,3.36222347188058,1.62045913256476,0.889672404365996,0.889672404365996,0.58
8,221,"RD","100_sites_x_50","sparse",100,50,59,-0.0848843156939778,-0.134898090333478,-0.0500137746395001,-0.199825616863525,-0.114941301169547,-0.0649275265300467,0.0649275265300467,0.59
8,221,"RMST_diff","100_sites_x_50","sparse",100,50,59,1.74176433931583,2.5300191044939,0.78825476517807,3.42883447308646,1.68707013377064,0.898815368592569,0.898815368592569,0.59
8,222,"RD","100_sites_x_50","sparse",100,50,59,-0.0848843156939778,-0.135567819776853,-0.0506835040828754,-0.205733370142074,-0.120849054448096,-0.0701655503652204,0.0701655503652204,0.59
8,222,"RMST_diff","100_sites_x_50","sparse",100,50,59,1.74176433931583,2.55066409693207,0.80889975761624,3.55747808766131,1.81571374834549,1.00681399072925,1.00681399072925,0.59
8,223,"RD","100_sites_x_50","sparse",100,50,59,-0.0848843156939778,-0.135782867483154,-0.0508985517891758,-0.205935135148957,-0.12105081945498,-0.0701522676658037,0.0701522676658037,0.59
8,223,"RMST_diff","100_sites_x_50","sparse",100,50,59,1.74176433931583,2.5500748847807,0.808310545464876,3.55692324761277,1.81515890829694,1.00684836283206,1.00684836283206,0.59
8,224,"RD","100_sites_x_50","sparse",100,50,59,-0.0848843156939778,-0.134801048409384,-0.0499167327154062,-0.205757607657264,-0.120873291963286,-0.0709565592478797,0.0709565592478797,0.59
8,224,"RMST_diff","100_sites_x_50","sparse",100,50,59,1.74176433931583,2.53279913833317,0.791034799017341,3.55964145625985,1.81787711694403,1.02684231792669,1.02684231792669,0.59
8,225,"RD","100_sites_x_50","sparse",100,50,59,-0.0848843156939778,-0.132010609653627,-0.0471262939596493,-0.199455793930854,-0.114571478236876,-0.0674451842772269,0.0674451842772269,0.59
8,225,"RMST_diff","100_sites_x_50","sparse",100,50,59,1.74176433931583,2.45830500423011,0.716540664914286,3.45549983253607,1.71373549322024,0.997194828305959,0.997194828305959,0.59
8,226,"RD","100_sites_x_50","sparse",100,50,59,-0.0848843156939778,-0.127843794200822,-0.0429594785068439,-0.194868002403399,-0.109983686709421,-0.0670242082025773,0.0670242082025773,0.59
8,226,"RMST_diff","100_sites_x_50","sparse",100,50,59,1.74176433931583,2.38026703513855,0.638502695822726,3.38462992375005,1.64286558443423,1.0043628886115,1.0043628886115,0.59
8,227,"RD","100_sites_x_50","sparse",100,50,59,-0.0848843156939778,-0.130019438280867,-0.0451351225868895,-0.195468189705594,-0.110583874011616,-0.0654487514247267,0.0654487514247267,0.59
8,227,"RMST_diff","100_sites_x_50","sparse",100,50,59,1.74176433931583,2.38972689962094,0.647962560305116,3.34635584280982,1.604591503494,0.956628943188884,0.956628943188884,0.59
8,228,"RD","100_sites_x_50","sparse",100,50,59,-0.0848843156939778,-0.122405425378694,-0.0375211096847159,-0.194958976232099,-0.110074660538122,-0.0725535508534056,0.0725535508534056,0.59
8,228,"RMST_diff","100_sites_x_50","sparse",100,50,59,1.74176433931583,2.27883293682815,0.53706859751232,3.33819145477273,1.5964271154569,1.05935851794458,1.05935851794458,0.59
8,229,"RD","100_sites_x_50","sparse",100,50,58,-0.0848843156939778,-0.125813669255246,-0.0409293535612683,-0.198552569283811,-0.113668253589834,-0.0727389000285654,0.0727389000285654,0.58
8,229,"RMST_diff","100_sites_x_50","sparse",100,50,58,1.74176433931583,2.3675451401335,0.625780800817671,3.41409481520734,1.67233047589152,1.04654967507385,1.04654967507385,0.58
8,230,"RD","100_sites_x_50","sparse",100,50,58,-0.0848843156939778,-0.119925136678297,-0.0350408209843194,-0.194641275384546,-0.109756959690568,-0.0747161387062489,0.0747161387062489,0.58
8,230,"RMST_diff","100_sites_x_50","sparse",100,50,58,1.74176433931583,2.24185613912587,0.500091799810042,3.33698272758167,1.59521838826584,1.0951265884558,1.0951265884558,0.58
8,231,"RD","100_sites_x_50","sparse",100,50,57,-0.0848843156939778,-0.122941745680123,-0.0380574299861449,-0.194588918115181,-0.109704602421203,-0.071647172435058,0.071647172435058,0.57
8,231,"RMST_diff","100_sites_x_50","sparse",100,50,57,1.74176433931583,2.29309814226865,0.551333802952824,3.34011772173916,1.59835338242334,1.04701957947051,1.04701957947051,0.57
8,232,"RD","100_sites_x_50","sparse",100,50,58,-0.0848843156939778,-0.118498975717926,-0.0336146600239481,-0.186953202635616,-0.102068886941638,-0.0684542269176902,0.0684542269176902,0.58
8,232,"RMST_diff","100_sites_x_50","sparse",100,50,58,1.74176433931583,2.26729702181329,0.525532682497468,3.27084568803272,1.52908134871689,1.00354866621942,1.00354866621942,0.58
8,233,"RD","100_sites_x_50","sparse",100,50,57,-0.0848843156939778,-0.107425171816711,-0.0225408561227327,-0.179740910473884,-0.0948565947799059,-0.0723157386571732,0.0723157386571732,0.57
8,233,"RMST_diff","100_sites_x_50","sparse",100,50,57,1.74176433931583,2.10142800674209,0.359663667426263,3.16494952168061,1.42318518236478,1.06352151493852,1.06352151493852,0.57
8,234,"RD","100_sites_x_50","sparse",100,50,56,-0.0848843156939778,-0.108295135554193,-0.0234108198602148,-0.185565924020902,-0.100681608326924,-0.077270788466709,0.077270788466709,0.56
8,234,"RMST_diff","100_sites_x_50","sparse",100,50,56,1.74176433931583,2.10467681132286,0.362912472007039,3.20711943270546,1.46535509338964,1.1024426213826,1.1024426213826,0.56
8,235,"RD","100_sites_x_50","sparse",100,50,56,-0.0848843156939778,-0.11339738345529,-0.0285130677613118,-0.192310414484555,-0.107426098790577,-0.0789130310292652,0.0789130310292652,0.56
8,235,"RMST_diff","100_sites_x_50","sparse",100,50,56,1.74176433931583,2.23597533232033,0.494210993004508,3.35270339044016,1.61093905112433,1.11672805811982,1.11672805811982,0.56
8,236,"RD","100_sites_x_50","sparse",100,50,56,-0.0848843156939778,-0.110304198989485,-0.025419883295507,-0.192413272906192,-0.107528957212214,-0.0821090739167069,0.0821090739167069,0.56
8,236,"RMST_diff","100_sites_x_50","sparse",100,50,56,1.74176433931583,2.17361271431587,0.431848375000042,3.37965314528031,1.63788880596448,1.20604043096444,1.20604043096444,0.56
8,237,"RD","100_sites_x_50","sparse",100,50,56,-0.0848843156939778,-0.122168817556695,-0.037284501862717,-0.199040233208776,-0.114155917514799,-0.0768714156520816,0.0768714156520816,0.56
8,237,"RMST_diff","100_sites_x_50","sparse",100,50,56,1.74176433931583,2.3883937536589,0.646629414343078,3.48090026609655,1.73913592678073,1.09250651243765,1.09250651243765,0.56
8,238,"RD","100_sites_x_50","sparse",100,50,56,-0.0848843156939778,-0.127056262681442,-0.0421719469874637,-0.203161036310765,-0.118276720616787,-0.0761047736293232,0.0761047736293232,0.56
8,238,"RMST_diff","100_sites_x_50","sparse",100,50,56,1.74176433931583,2.47368853382309,0.731924194507268,3.54561631164836,1.80385197233253,1.07192777782527,1.07192777782527,0.56
8,239,"RD","100_sites_x_50","sparse",100,50,56,-0.0848843156939778,-0.127593748185757,-0.0427094324917794,-0.203397250614977,-0.118512934920999,-0.0758035024292201,0.0758035024292201,0.56
8,239,"RMST_diff","100_sites_x_50","sparse",100,50,56,1.74176433931583,2.48536554415823,0.74360120484241,3.58766558866698,1.84590124935116,1.10230004450875,1.10230004450875,0.56
8,240,"RD","100_sites_x_50","sparse",100,50,57,-0.0848843156939778,-0.122715818843711,-0.0378315031497335,-0.196368151614912,-0.111483835920934,-0.0736523327712009,0.0736523327712009,0.57
8,240,"RMST_diff","100_sites_x_50","sparse",100,50,57,1.74176433931583,2.41897270356767,0.677208364251843,3.51568205924916,1.77391771993334,1.09670935568149,1.09670935568149,0.57
8,241,"RD","100_sites_x_50","sparse",100,50,57,-0.0848843156939778,-0.118479358793748,-0.0335950430997705,-0.197607590747453,-0.112723275053476,-0.0791282319537052,0.0791282319537052,0.57
8,241,"RMST_diff","100_sites_x_50","sparse",100,50,57,1.74176433931583,2.3696362242262,0.627871884910377,3.5388297052469,1.79706536593107,1.1691934810207,1.1691934810207,0.57
8,242,"RD","100_sites_x_50","sparse",100,50,57,-0.0848843156939778,-0.111962165237334,-0.0270778495433558,-0.190747642066951,-0.105863326372973,-0.0787854768296177,0.0787854768296177,0.57
8,242,"RMST_diff","100_sites_x_50","sparse",100,50,57,1.74176433931583,2.22816090155934,0.486396562243517,3.416790637246,1.67502629793018,1.18862973568666,1.18862973568666,0.57
8,243,"RD","100_sites_x_50","sparse",100,50,58,-0.0848843156939778,-0.110951402765431,-0.0260670870714534,-0.184205699682493,-0.0993213839885149,-0.0732542969170614,0.0732542969170614,0.58
8,243,"RMST_diff","100_sites_x_50","sparse",100,50,58,1.74176433931583,2.2089584274782,0.46719408816238,3.37942196293063,1.63765762361481,1.17046353545243,1.17046353545243,0.58
8,244,"RD","100_sites_x_50","sparse",100,50,58,-0.0848843156939778,-0.11139772794509,-0.0265134122511124,-0.18376421623562,-0.0988799005416424,-0.0723664882905301,0.0723664882905301,0.58
8,244,"RMST_diff","100_sites_x_50","sparse",100,50,58,1.74176433931583,2.25985473085855,0.518090391542724,3.41544130894298,1.67367696962716,1.15558657808443,1.15558657808443,0.58
8,245,"RD","100_sites_x_50","sparse",100,50,59,-0.0848843156939778,-0.0975440074877035,-0.0126596917937257,-0.177206353127524,-0.0923220374335463,-0.0796623456398206,0.0796623456398206,0.59
8,245,"RMST_diff","100_sites_x_50","sparse",100,50,59,1.74176433931583,2.05239282514762,0.310628485831799,3.33207404038923,1.5903097010734,1.2796812152416,1.2796812152416,0.59
8,246,"RD","100_sites_x_50","sparse",100,50,60,-0.0848843156939778,-0.0775312871662321,0.00735302852774566,-0.169991616555712,-0.0851073008617342,-0.0924603293894799,0.0777542723339886,0.6
8,246,"RMST_diff","100_sites_x_50","sparse",100,50,60,1.74176433931583,1.76740138026286,0.0256370409470357,3.19063049913606,1.44886615982024,1.4232291188732,1.4232291188732,0.6
8,247,"RD","100_sites_x_50","sparse",100,50,61,-0.0848843156939778,-0.0726520502163389,0.0122322654776389,-0.168639596848482,-0.0837552811545038,-0.0959875466321427,0.0715230156768649,0.61
8,247,"RMST_diff","100_sites_x_50","sparse",100,50,61,1.74176433931583,1.69152289520817,-0.0502414441076517,3.16676982479472,1.4250054854789,1.47524692958655,1.37476404137124,0.61
8,248,"RD","100_sites_x_50","sparse",100,50,62,-0.0848843156939778,-0.0725313073285321,0.0123530083654457,-0.16836616822407,-0.0834818525300923,-0.0958348608955381,0.0711288441646466,0.62
8,248,"RMST_diff","100_sites_x_50","sparse",100,50,62,1.74176433931583,1.63815146764701,-0.103612871668819,3.04278313745776,1.30101879814194,1.40463166981075,1.19740592647312,0.62
8,249,"RD","100_sites_x_50","sparse",100,50,62,-0.0848843156939778,-0.0689620175165367,0.0159222981774411,-0.168640547679856,-0.0837562319858784,-0.0996785301633195,0.0678339338084374,0.62
8,249,"RMST_diff","100_sites_x_50","sparse",100,50,62,1.74176433931583,1.55483654164958,-0.186927797666241,3.01821575816712,1.2764514188513,1.46337921651754,1.08952362118506,0.62
8,250,"RD","100_sites_x_50","sparse",100,50,62,-0.0848843156939778,-0.0812106633116201,0.00367365238235773,-0.174738752541627,-0.0898544368476495,-0.0935280892300072,0.0861807844652918,0.62
8,250,"RMST_diff","100_sites_x_50","sparse",100,50,62,1.74176433931583,1.63947976780713,-0.10228457150869,3.06813651623174,1.32637217691592,1.42865674842461,1.22408760540723,0.62
8,251,"RD","100_sites_x_50","sparse",100,50,63,-0.0848843156939778,-0.0740712652577619,0.0108130504362159,-0.173798692575978,-0.0889143768820007,-0.0997274273182166,0.0781013264457847,0.63
8,251,"RMST_diff","100_sites_x_50","sparse",100,50,63,1.74176433931583,1.54816207487906,-0.193602264436766,3.06805022324235,1.32628588392653,1.51988814836329,1.13268361948976,0.63
8,252,"RD","100_sites_x_50","sparse",100,50,62,-0.0848843156939778,-0.0864647948768588,-0.00158047918288096,-0.180261013158217,-0.0953766974642389,-0.093796218281358,0.093796218281358,0.62
8,252,"RMST_diff","100_sites_x_50","sparse",100,50,62,1.74176433931583,1.76702969116797,0.0252653518521413,3.17761266993754,1.43584833062172,1.41058297876958,1.41058297876958,0.62
8,253,"RD","100_sites_x_50","sparse",100,50,63,-0.0848843156939778,-0.0832029024966846,0.0016814131972932,-0.172737143417868,-0.0878528277238904,-0.0895342409211836,0.0861714145265972,0.63
8,253,"RMST_diff","100_sites_x_50","sparse",100,50,63,1.74176433931583,1.73299576367492,-0.00876857564090727,3.09327231366917,1.35150797435334,1.36027654999425,1.34273939871244,0.63
8,254,"RD","100_sites_x_50","sparse",100,50,63,-0.0848843156939778,-0.0900728339108863,-0.00518851821690847,-0.176501510236454,-0.0916171945424766,-0.0864286763255682,0.0864286763255682,0.63
8,254,"RMST_diff","100_sites_x_50","sparse",100,50,63,1.74176433931583,1.77198407339552,0.0302197340796919,3.12733984463439,1.38557550531857,1.35535577123888,1.35535577123888,0.63
8,255,"RD","100_sites_x_50","sparse",100,50,63,-0.0848843156939778,-0.0858265796213948,-0.000942263927417031,-0.168110955995668,-0.0832266403016904,-0.0822843763742733,0.0822843763742733,0.63
8,255,"RMST_diff","100_sites_x_50","sparse",100,50,63,1.74176433931583,1.67895452398658,-0.062809815329242,2.96786156152621,1.22609722221039,1.28890703753963,1.16328740688115,0.63
8,256,"RD","100_sites_x_50","sparse",100,50,62,-0.0848843156939778,-0.0798858794904826,0.00499843620349516,-0.167934977873187,-0.0830506621792093,-0.0880490983827045,0.0780522259757142,0.62
8,256,"RMST_diff","100_sites_x_50","sparse",100,50,62,1.74176433931583,1.50367099098546,-0.23809334833037,2.90108882542082,1.15932448610499,1.39741783443536,0.921231137774623,0.62
8,257,"RD","100_sites_x_50","sparse",100,50,61,-0.0848843156939778,-0.0843068582352245,0.000577457458753261,-0.171230209150271,-0.0863458934562935,-0.0869233509150468,0.0857684359975402,0.61
8,257,"RMST_diff","100_sites_x_50","sparse",100,50,61,1.74176433931583,1.58265378826343,-0.159110551052395,2.96450053249152,1.22273619317569,1.38184674422808,1.0636256421233,0.61
8,258,"RD","100_sites_x_50","sparse",100,50,60,-0.0848843156939778,-0.0851712808744538,-0.000286965180475995,-0.169685823271525,-0.084801507577547,-0.084514542397071,0.084514542397071,0.6
8,258,"RMST_diff","100_sites_x_50","sparse",100,50,60,1.74176433931583,1.6007579550502,-0.141006384265625,2.92143349428422,1.1796691549684,1.32067553923402,1.03866277070277,0.6
8,259,"RD","100_sites_x_50","sparse",100,50,60,-0.0848843156939778,-0.077767944181545,0.00711637151243283,-0.165817321541901,-0.0809330058479234,-0.0880493773603562,0.0738166343354906,0.6
8,259,"RMST_diff","100_sites_x_50","sparse",100,50,60,1.74176433931583,1.66081978615344,-0.080944553162384,2.94975051657528,1.20798617725946,1.28893073042184,1.12704162409707,0.6
8,260,"RD","100_sites_x_50","sparse",100,50,60,-0.0848843156939778,-0.0792659488562276,0.00561836683775019,-0.164142546474893,-0.0792582307809155,-0.0848765976186657,0.0736398639431654,0.6
8,260,"RMST_diff","100_sites_x_50","sparse",100,50,60,1.74176433931583,1.66439554530175,-0.0773687940140793,2.91721926455516,1.17545492523934,1.25282371925342,1.09808613122526,0.6
8,261,"RD","100_sites_x_50","sparse",100,50,59,-0.0848843156939778,-0.0801822149902913,0.00470210070368648,-0.161331855913499,-0.076447540219521,-0.0811496409232075,0.0717454395158346,0.59
8,261,"RMST_diff","100_sites_x_50","sparse",100,50,59,1.74176433931583,1.72089466978999,-0.0208696695258332,2.91457639766664,1.17281205835081,1.19368172787665,1.15194238882498,0.59
8,262,"RD","100_sites_x_50","sparse",100,50,59,-0.0848843156939778,-0.0826270351632505,0.00225728053072727,-0.169029763947172,-0.0841454482531946,-0.0864027287839219,0.0818881677224673,0.59
8,262,"RMST_diff","100_sites_x_50","sparse",100,50,59,1.74176433931583,1.7702857866345,0.0285214473186759,3.05402440405998,1.31226006474416,1.28373861742548,1.28373861742548,0.59
8,263,"RD","100_sites_x_50","sparse",100,50,58,-0.0848843156939778,-0.0877450710170906,-0.00286075532311281,-0.174393596630249,-0.0895092809362716,-0.0866485256131588,0.0866485256131588,0.58
8,263,"RMST_diff","100_sites_x_50","sparse",100,50,58,1.74176433931583,1.90998192060911,0.168217581293284,3.15531820172138,1.41355386240555,1.24533628111227,1.24533628111227,0.58
8,264,"RD","100_sites_x_50","sparse",100,50,58,-0.0848843156939778,-0.0817406915909369,0.00314362410304092,-0.168675497605353,-0.0837911819113755,-0.0869348060144164,0.0806475578083345,0.58
8,264,"RMST_diff","100_sites_x_50","sparse",100,50,58,1.74176433931583,1.82577482159656,0.0840104822807355,3.07438116173745,1.33261682242162,1.24860634014088,1.24860634014088,0.58
8,265,"RD","100_sites_x_50","sparse",100,50,57,-0.0848843156939778,-0.0814058122481921,0.00347850344578571,-0.169781002703061,-0.0848966870090835,-0.0883751904548692,0.0814181835632978,0.57
8,265,"RMST_diff","100_sites_x_50","sparse",100,50,57,1.74176433931583,1.82484820548514,0.0830838661693178,3.09519465810842,1.3534303187926,1.27034645262328,1.27034645262328,0.57
8,266,"RD","100_sites_x_50","sparse",100,50,56,-0.0848843156939778,-0.081630950480807,0.00325336521317077,-0.168243443899371,-0.0833591282053928,-0.0866124934185636,0.0801057629922221,0.56
8,266,"RMST_diff","100_sites_x_50","sparse",100,50,56,1.74176433931583,1.82107936953415,0.0793150302183214,3.0645471770383,1.32278283772247,1.24346780750415,1.24346780750415,0.56
8,267,"RD","100_sites_x_50","sparse",100,50,55,-0.0848843156939778,-0.0822582218061987,0.00262609388777912,-0.171290152778169,-0.0864058370841909,-0.08903193097197,0.0837797431964118,0.55
8,267,"RMST_diff","100_sites_x_50","sparse",100,50,55,1.74176433931583,1.81603214957423,0.0742678102584087,3.1449713248067,1.40320698549087,1.32893917523247,1.32893917523247,0.55
8,268,"RD","100_sites_x_50","sparse",100,50,55,-0.0848843156939778,-0.0788112346616029,0.00607308103237492,-0.17070254950067,-0.0858182338066918,-0.0918913148390668,0.0797451527743169,0.55
8,268,"RMST_diff","100_sites_x_50","sparse",100,50,55,1.74176433931583,1.78653429954848,0.0447699602326583,3.15454684470767,1.41278250539184,1.36801254515918,1.36801254515918,0.55
8,269,"RD","100_sites_x_50","sparse",100,50,55,-0.0848843156939778,0.14896313294124,0.233847448635218,-0.169541595933618,-0.0846572802396401,-0.318504728874858,-0.149190168395577,0.55
8,269,"RMST_diff","100_sites_x_50","sparse",100,50,55,1.74176433931583,-2.41997560967585,-4.16173994899168,3.15650618566757,1.41474184635175,5.57648179534342,-2.74699810263993,0.55
8,270,"RD","100_sites_x_50","sparse",100,50,56,-0.0848843156939778,0.148299237025766,0.233183552719744,-0.169982750256339,-0.0850984345623608,-0.318281987282104,-0.148085118157383,0.56
8,270,"RMST_diff","100_sites_x_50","sparse",100,50,56,1.74176433931583,-2.4174010413622,-4.15916538067803,3.18537738954983,1.44361305023401,5.60277843091204,-2.71555233044402,0.56
8,271,"RD","100_sites_x_50","sparse",100,50,55,-0.0848843156939778,0.147623830833799,0.232508146527777,-0.164502548323202,-0.0796182326292245,-0.312126379157001,-0.152889913898552,0.55
8,271,"RMST_diff","100_sites_x_50","sparse",100,50,55,1.74176433931583,-2.40657583875062,-4.14834017806644,3.10983848052876,1.36807414121293,5.51641431927938,-2.78026603685351,0.55
8,272,"RD","100_sites_x_50","sparse",100,50,55,-0.0848843156939778,0.148088619356779,0.232972935050757,-0.164106020251583,-0.0792217045576057,-0.312194639608363,-0.153751230493151,0.55
8,272,"RMST_diff","100_sites_x_50","sparse",100,50,55,1.74176433931583,-2.40994787053081,-4.15171220984664,3.10291816631021,1.36115382699438,5.51286603684102,-2.79055838285225,0.55
8,273,"RD","100_sites_x_50","sparse",100,50,56,-0.0848843156939778,0.149121538628782,0.23400585432276,-0.160921525631466,-0.0760372099374886,-0.310043064260248,-0.157968644385271,0.56
8,273,"RMST_diff","100_sites_x_50","sparse",100,50,56,1.74176433931583,-2.43354179271424,-4.17530613203007,3.0740060345062,1.33224169519038,5.50754782722044,-2.84306443683969,0.56
8,274,"RD","100_sites_x_50","sparse",100,50,55,-0.0848843156939778,-0.245428742150889,-0.160544426456911,-0.168881026827273,-0.0839967111332955,0.0765477153236154,-0.0765477153236154,0.55
8,274,"RMST_diff","100_sites_x_50","sparse",100,50,55,1.74176433931583,4.50056771572896,2.75880337641314,3.1561967573556,1.41443241803977,-1.34437095837336,-1.34437095837336,0.55
8,275,"RD","100_sites_x_50","sparse",100,50,56,-0.0848843156939778,-0.245880061944389,-0.160995746250411,-0.168793692561908,-0.0839093768679307,0.0770863693824805,-0.0770863693824805,0.56
8,275,"RMST_diff","100_sites_x_50","sparse",100,50,56,1.74176433931583,4.50928873135294,2.76752439203711,3.15267977691759,1.41091543760176,-1.35660895443535,-1.35660895443535,0.56
8,276,"RD","100_sites_x_50","sparse",100,50,56,-0.0848843156939778,-0.235364409146239,-0.150480093452261,-0.167859413399263,-0.0829750977052852,0.0675049957469757,-0.0675049957469757,0.56
8,276,"RMST_diff","100_sites_x_50","sparse",100,50,56,1.74176433931583,4.3396757267803,2.59791138746448,3.14515125323264,1.40338691391681,-1.19452447354766,-1.19452447354766,0.56
8,277,"RD","100_sites_x_50","sparse",100,50,55,-0.0848843156939778,-0.241940995574734,-0.157056679880757,-0.168440099965901,-0.0835557842719235,0.0735008956088331,-0.0735008956088331,0.55
8,277,"RMST_diff","100_sites_x_50","sparse",100,50,55,1.74176433931583,4.45188344487298,2.71011910555715,3.15253173330369,1.41076739398787,-1.29935171156928,-1.29935171156928,0.55
8,278,"RD","100_sites_x_50","sparse",100,50,55,-0.0848843156939778,-0.241583227085817,-0.156698911391839,-0.168789749914266,-0.0839054342202881,0.0727934771715508,-0.0727934771715508,0.55
8,278,"RMST_diff","100_sites_x_50","sparse",100,50,55,1.74176433931583,4.46114106957376,2.71937673025794,3.19105510570697,1.44929076639114,-1.2700859638668,-1.2700859638668,0.55
8,279,"RD","100_sites_x_50","sparse",100,50,55,-0.0848843156939778,-0.244892066254319,-0.160007750560342,-0.167357394935228,-0.08247307924125,0.0775346713190915,-0.0775346713190915,0.55
8,279,"RMST_diff","100_sites_x_50","sparse",100,50,55,1.74176433931583,4.51795143923365,2.77618709991782,3.09239433897255,1.35062999965673,-1.42555710026109,-1.42555710026109,0.55
8,280,"RD","100_sites_x_50","sparse",100,50,55,-0.0848843156939778,-0.244126538360371,-0.159242222666393,-0.166960004690898,-0.0820756889969199,0.0771665336694732,-0.0771665336694732,0.55
8,280,"RMST_diff","100_sites_x_50","sparse",100,50,55,1.74176433931583,4.5211212863184,2.77935694700258,3.10004797319203,1.35828363387621,-1.42107331312637,-1.42107331312637,0.55
8,281,"RD","100_sites_x_50","sparse",100,50,54,-0.0848843156939778,-0.238727860789348,-0.15384354509537,-0.159744298067418,-0.0748599823734399,0.07898356272193,-0.07898356272193,0.54
8,281,"RMST_diff","100_sites_x_50","sparse",100,50,54,1.74176433931583,4.41433314631279,2.67256880699697,2.95913879077487,1.21737445145905,-1.45519435553792,-1.45519435553792,0.54
8,282,"RD","100_sites_x_50","sparse",100,50,54,-0.0848843156939778,-0.238535781055642,-0.153651465361664,-0.159931765546598,-0.0750474498526202,0.0786040155090439,-0.0786040155090439,0.54
8,282,"RMST_diff","100_sites_x_50","sparse",100,50,54,1.74176433931583,4.41265017629199,2.67088583697616,2.96041988472035,1.21865554540453,-1.45223029157164,-1.45223029157164,0.54
8,283,"RD","100_sites_x_50","sparse",100,50,55,-0.0848843156939778,-0.229390106206348,-0.14450579051237,-0.154148630648588,-0.0692643149546101,0.0752414755577597,-0.0752414755577597,0.55
8,283,"RMST_diff","100_sites_x_50","sparse",100,50,55,1.74176433931583,4.27569447422166,2.53393013490584,2.91904808240481,1.17728374308898,-1.35664639181685,-1.35664639181685,0.55
8,284,"RD","100_sites_x_50","sparse",100,50,55,-0.0848843156939778,-0.223865999419063,-0.138981683725085,-0.153366818405617,-0.0684825027116394,0.0704991810134459,-0.0704991810134459,0.55
8,284,"RMST_diff","100_sites_x_50","sparse",100,50,55,1.74176433931583,4.19707941571771,2.45531507640189,2.90243210579447,1.16066776647864,-1.29464730992325,-1.29464730992325,0.55
8,285,"RD","100_sites_x_50","sparse",100,50,56,-0.0848843156939778,-0.218245431134317,-0.13336111544034,-0.156498146508697,-0.0716138308147187,0.0617472846256208,-0.0617472846256208,0.56
8,285,"RMST_diff","100_sites_x_50","sparse",100,50,56,1.74176433931583,4.11277999454386,2.37101565522804,2.94880471555348,1.20704037623766,-1.16397527899038,-1.16397527899038,0.56
8,286,"RD","100_sites_x_50","sparse",100,50,56,-0.0848843156939778,-0.233340670447628,-0.14845635475365,-0.161319291919987,-0.0764349762260089,0.0720213785276408,-0.0720213785276408,0.56
8,286,"RMST_diff","100_sites_x_50","sparse",100,50,56,1.74176433931583,4.36551190133721,2.62374756202138,3.04079176383314,1.29902742451732,-1.32472013750406,-1.32472013750406,0.56
8,287,"RD","100_sites_x_50","sparse",100,50,57,-0.0848843156939778,-0.233021523323536,-0.148137207629558,-0.161641494347683,-0.0767571786537051,0.0713800289758526,-0.0713800289758526,0.57
8,287,"RMST_diff","100_sites_x_50","sparse",100,50,57,1.74176433931583,4.36754900002504,2.62578466070921,3.05140131382856,1.30963697451273,-1.31614768619648,-1.31614768619648,0.57
8,288,"RD","100_sites_x_50","sparse",100,50,57,-0.0848843156939778,-0.234384532084129,-0.149500216390151,-0.156671282548801,-0.0717869668548233,0.0777132495353275,-0.0777132495353275,0.57
8,288,"RMST_diff","100_sites_x_50","sparse",100,50,57,1.74176433931583,4.39857980169676,2.65681546238094,2.97715276246997,1.23538842315414,-1.42142703922679,-1.42142703922679,0.57
8,289,"RD","100_sites_x_50","sparse",100,50,57,-0.0848843156939778,-0.233554297830696,-0.148669982136719,-0.155666855504956,-0.0707825398109786,0.07788744232574,-0.07788744232574,0.57
8,289,"RMST_diff","100_sites_x_50","sparse",100,50,57,1.74176433931583,4.39853878490232,2.6567744455865,2.97568801432905,1.23392367501322,-1.42285077057328,-1.42285077057328,0.57
8,290,"RD","100_sites_x_50","sparse",100,50,56,-0.0848843156939778,-0.243412306758901,-0.158527991064923,-0.151080833267767,-0.0661965175737891,0.0923314734911342,-0.0923314734911342,0.56
8,290,"RMST_diff","100_sites_x_50","sparse",100,50,56,1.74176433931583,4.56548864503564,2.82372430571981,2.87966989055167,1.13790555123585,-1.68581875448396,-1.68581875448396,0.56
8,291,"RD","100_sites_x_50","sparse",100,50,56,-0.0848843156939778,-0.239119395659153,-0.154235079965175,-0.144909950392712,-0.0600256346987342,0.0942094452664406,-0.0942094452664406,0.56
8,291,"RMST_diff","100_sites_x_50","sparse",100,50,56,1.74176433931583,4.48537676459977,2.74361242528394,2.76969826078012,1.0279339214643,-1.71567850381964,-1.71567850381964,0.56
8,292,"RD","100_sites_x_50","sparse",100,50,56,-0.0848843156939778,-0.249255420382498,-0.16437110468852,-0.152465474925931,-0.067581159231953,0.0967899454565674,-0.0967899454565674,0.56
8,292,"RMST_diff","100_sites_x_50","sparse",100,50,56,1.74176433931583,4.63438759580958,2.89262325649375,2.89195886124988,1.15019452193406,-1.7424287345597,-1.7424287345597,0.56
8,293,"RD","100_sites_x_50","sparse",100,50,57,-0.0848843156939778,-0.254478516718112,-0.169594201024134,-0.157161125622903,-0.072276809928925,0.0973173910952086,-0.0973173910952086,0.57
8,293,"RMST_diff","100_sites_x_50","sparse",100,50,57,1.74176433931583,4.71127217119601,2.96950783188018,2.9389222274751,1.19715788815927,-1.77234994372091,-1.77234994372091,0.57
8,294,"RD","100_sites_x_50","sparse",100,50,56,-0.0848843156939778,-0.25957689148935,-0.174692575795373,-0.160930893507028,-0.07604657781305,0.0986459979823227,-0.0986459979823227,0.56
8,294,"RMST_diff","100_sites_x_50","sparse",100,50,56,1.74176433931583,4.78881545089135,3.04705111157553,3.02040039095712,1.27863605164129,-1.76841505993424,-1.76841505993424,0.56
8,295,"RD","100_sites_x_50","sparse",100,50,56,-0.0848843156939778,-0.260163262105161,-0.175278946411183,-0.164524526266784,-0.0796402105728065,0.0956387358383769,-0.0956387358383769,0.56
8,295,"RMST_diff","100_sites_x_50","sparse",100,50,56,1.74176433931583,4.7986423535303,3.05687801421447,3.06518426001184,1.32341992069601,-1.73345809351846,-1.73345809351846,0.56
8,296,"RD","100_sites_x_50","sparse",100,50,56,-0.0848843156939778,-0.254711346347387,-0.169827030653409,-0.164113061735345,-0.0792287460413675,0.0905982846120413,-0.0905982846120413,0.56
8,296,"RMST_diff","100_sites_x_50","sparse",100,50,56,1.74176433931583,4.71033806679398,2.96857372747815,3.0040758956572,1.26231155634137,-1.70626217113678,-1.70626217113678,0.56
8,297,"RD","100_sites_x_50","sparse",100,50,55,-0.0848843156939778,-0.255013262762554,-0.170128947068577,-0.160515444986151,-0.0756311292921729,0.0944978177764036,-0.0944978177764036,0.55
8,297,"RMST_diff","100_sites_x_50","sparse",100,50,55,1.74176433931583,4.73400115017905,2.99223681086322,2.93891535061861,1.19715101130279,-1.79508579956043,-1.79508579956043,0.55
8,298,"RD","100_sites_x_50","sparse",100,50,55,-0.0848843156939778,-0.254663153463355,-0.169778837769377,-0.159703783328176,-0.0748194676341986,0.0949593701351784,-0.0949593701351784,0.55
8,298,"RMST_diff","100_sites_x_50","sparse",100,50,55,1.74176433931583,4.73164587369294,2.98988153437712,2.93114082845054,1.18937648913472,-1.8005050452424,-1.8005050452424,0.55
8,299,"RD","100_sites_x_50","sparse",100,50,55,-0.0848843156939778,-0.245417598923972,-0.160533283229994,-0.16031984078049,-0.0754355250865125,0.0850977581434812,-0.0850977581434812,0.55
8,299,"RMST_diff","100_sites_x_50","sparse",100,50,55,1.74176433931583,4.58901690448798,2.84725256517216,2.95859501207997,1.21683067276414,-1.63042189240802,-1.63042189240802,0.55
8,300,"RD","100_sites_x_50","sparse",100,50,56,-0.0848843156939778,-0.249770085707669,-0.164885770013691,-0.159994274674655,-0.0751099589806774,0.089775811033014,-0.089775811033014,0.56
8,300,"RMST_diff","100_sites_x_50","sparse",100,50,56,1.74176433931583,4.65284368912003,2.9110793498042,2.94482682090415,1.20306248158832,-1.70801686821588,-1.70801686821588,0.56
