"task_id","rep","fragmentation","initiation","init_intercept","n_sites","n_per_site","total_n","observed_init_rate","observed_death_rate","zero_initiation_sites","mean_initiators_per_site","min_initiators_per_site","max_initiators_per_site","empty_g1_at_tau","empty_g1_at_tstar","empty_g0_at_tstar","any_post_tau_empty_g1","fit_warning_count"
1,1,"10_sites_x_500","moderate",-2.5,10,500,5000,0.2258,0.8298,0,112.9,90,138,0,0,0,0,0
1,2,"10_sites_x_500","moderate",-2.5,10,500,5000,0.2272,0.8288,0,113.6,90,138,0,0,0,0,0
1,3,"10_sites_x_500","moderate",-2.5,10,500,5000,0.2304,0.8244,0,115.2,90,138,0,0,0,0,0
1,4,"10_sites_x_500","moderate",-2.5,10,500,5000,0.2372,0.821,0,118.6,109,138,0,0,0,0,0
1,5,"10_sites_x_500","moderate",-2.5,10,500,5000,0.2384,0.82,0,119.2,111,138,0,0,0,0,0
1,6,"10_sites_x_500","moderate",-2.5,10,500,5000,0.2336,0.8154,0,116.8,111,126,0,0,0,0,0
1,7,"10_sites_x_500","moderate",-2.5,10,500,5000,0.2338,0.8112,0,116.9,111,126,0,0,0,0,0
1,8,"10_sites_x_500","moderate",-2.5,10,500,5000,0.2338,0.8108,0,116.9,111,126,0,0,0,0,0
1,9,"10_sites_x_500","moderate",-2.5,10,500,5000,0.2378,0.8094,0,118.9,111,131,0,0,0,0,0
1,10,"10_sites_x_500","moderate",-2.5,10,500,5000,0.2366,0.81,0,118.3,110,131,0,0,0,0,0
1,11,"10_sites_x_500","moderate",-2.5,10,500,5000,0.2372,0.8112,0,118.6,110,131,0,0,0,0,0
1,12,"10_sites_x_500","moderate",-2.5,10,500,5000,0.234,0.8146,0,117,95,131,0,0,0,0,0
1,13,"10_sites_x_500","moderate",-2.5,10,500,5000,0.2352,0.8164,0,117.6,95,132,0,0,0,0,0
1,14,"10_sites_x_500","moderate",-2.5,10,500,5000,0.2332,0.8154,0,116.6,95,132,0,0,0,0,0
1,15,"10_sites_x_500","moderate",-2.5,10,500,5000,0.2338,0.8126,0,116.9,95,132,0,0,0,0,0
1,16,"10_sites_x_500","moderate",-2.5,10,500,5000,0.2362,0.8146,0,118.1,95,132,0,0,0,0,0
1,17,"10_sites_x_500","moderate",-2.5,10,500,5000,0.2312,0.8182,0,115.6,95,132,0,0,0,0,0
1,18,"10_sites_x_500","moderate",-2.5,10,500,5000,0.2286,0.8172,0,114.3,95,132,0,0,0,0,0
1,19,"10_sites_x_500","moderate",-2.5,10,500,5000,0.2238,0.8192,0,111.9,95,132,0,0,0,0,0
1,20,"10_sites_x_500","moderate",-2.5,10,500,5000,0.222,0.8198,0,111,95,132,0,0,0,0,0
1,21,"10_sites_x_500","moderate",-2.5,10,500,5000,0.2258,0.8172,0,112.9,95,134,0,0,0,0,0
1,22,"10_sites_x_500","moderate",-2.5,10,500,5000,0.2284,0.816,0,114.2,99,134,0,0,0,0,0
1,23,"10_sites_x_500","moderate",-2.5,10,500,5000,0.2262,0.817,0,113.1,99,134,0,0,0,0,0
1,24,"10_sites_x_500","moderate",-2.5,10,500,5000,0.2296,0.8222,0,114.8,99,134,0,0,0,0,0
1,25,"10_sites_x_500","moderate",-2.5,10,500,5000,0.2294,0.8246,0,114.7,99,134,0,0,0,0,0
1,26,"10_sites_x_500","moderate",-2.5,10,500,5000,0.2254,0.8256,0,112.7,99,134,0,0,0,0,0
1,27,"10_sites_x_500","moderate",-2.5,10,500,5000,0.2268,0.8256,0,113.4,101,134,0,0,0,0,0
1,28,"10_sites_x_500","moderate",-2.5,10,500,5000,0.2264,0.8264,0,113.2,101,134,0,0,0,0,0
1,29,"10_sites_x_500","moderate",-2.5,10,500,5000,0.2274,0.8282,0,113.7,101,134,0,0,0,0,0
1,30,"10_sites_x_500","moderate",-2.5,10,500,5000,0.2268,0.8252,0,113.4,98,134,0,0,0,0,0
1,31,"10_sites_x_500","moderate",-2.5,10,500,5000,0.2224,0.8252,0,111.2,98,131,0,0,0,0,0
1,32,"10_sites_x_500","moderate",-2.5,10,500,5000,0.2234,0.8248,0,111.7,98,131,0,0,0,0,0
1,33,"10_sites_x_500","moderate",-2.5,10,500,5000,0.2236,0.823,0,111.8,98,131,0,0,0,0,0
1,34,"10_sites_x_500","moderate",-2.5,10,500,5000,0.2198,0.8228,0,109.9,98,122,0,0,0,0,0
1,35,"10_sites_x_500","moderate",-2.5,10,500,5000,0.2198,0.8208,0,109.9,98,122,0,0,0,0,0
1,36,"10_sites_x_500","moderate",-2.5,10,500,5000,0.2202,0.8248,0,110.1,98,122,0,0,0,0,0
1,37,"10_sites_x_500","moderate",-2.5,10,500,5000,0.2218,0.8242,0,110.9,98,122,0,0,0,0,0
1,38,"10_sites_x_500","moderate",-2.5,10,500,5000,0.2248,0.8258,0,112.4,98,122,0,0,0,0,0
1,39,"10_sites_x_500","moderate",-2.5,10,500,5000,0.2276,0.8218,0,113.8,98,126,0,0,0,0,0
1,40,"10_sites_x_500","moderate",-2.5,10,500,5000,0.2332,0.8208,0,116.6,108,126,0,0,0,0,0
1,41,"10_sites_x_500","moderate",-2.5,10,500,5000,0.233,0.8182,0,116.5,108,126,0,0,0,0,0
1,42,"10_sites_x_500","moderate",-2.5,10,500,5000,0.2316,0.818,0,115.8,106,126,0,0,0,0,0
1,43,"10_sites_x_500","moderate",-2.5,10,500,5000,0.2294,0.8186,0,114.7,106,126,0,0,0,0,0
1,44,"10_sites_x_500","moderate",-2.5,10,500,5000,0.2304,0.8156,0,115.2,106,126,0,0,0,0,0
1,45,"10_sites_x_500","moderate",-2.5,10,500,5000,0.2314,0.8154,0,115.7,106,126,0,0,0,0,0
1,46,"10_sites_x_500","moderate",-2.5,10,500,5000,0.2348,0.8134,0,117.4,106,126,0,0,0,0,0
1,47,"10_sites_x_500","moderate",-2.5,10,500,5000,0.2368,0.8126,0,118.4,106,126,0,0,0,0,0
1,48,"10_sites_x_500","moderate",-2.5,10,500,5000,0.2358,0.815,0,117.9,106,126,0,0,0,0,0
1,49,"10_sites_x_500","moderate",-2.5,10,500,5000,0.2338,0.8182,0,116.9,106,126,0,0,0,0,0
1,50,"10_sites_x_500","moderate",-2.5,10,500,5000,0.2328,0.8188,0,116.4,106,125,0,0,0,0,0
1,51,"10_sites_x_500","moderate",-2.5,10,500,5000,0.2326,0.8218,0,116.3,106,125,0,0,0,0,0
1,52,"10_sites_x_500","moderate",-2.5,10,500,5000,0.2344,0.8242,0,117.2,110,125,0,0,0,0,0
1,53,"10_sites_x_500","moderate",-2.5,10,500,5000,0.2346,0.8242,0,117.3,110,125,0,0,0,0,0
1,54,"10_sites_x_500","moderate",-2.5,10,500,5000,0.2324,0.8238,0,116.2,106,125,0,0,0,0,0
1,55,"10_sites_x_500","moderate",-2.5,10,500,5000,0.23,0.8292,0,115,106,125,0,0,0,0,0
1,56,"10_sites_x_500","moderate",-2.5,10,500,5000,0.2276,0.8262,0,113.8,106,124,0,0,0,0,0
1,57,"10_sites_x_500","moderate",-2.5,10,500,5000,0.2274,0.8214,0,113.7,106,123,0,0,0,0,0
1,58,"10_sites_x_500","moderate",-2.5,10,500,5000,0.2288,0.8186,0,114.4,106,123,0,0,0,0,0
1,59,"10_sites_x_500","moderate",-2.5,10,500,5000,0.2284,0.816,0,114.2,106,123,0,0,0,0,0
1,60,"10_sites_x_500","moderate",-2.5,10,500,5000,0.2272,0.8146,0,113.6,106,123,0,0,0,0,0
1,61,"10_sites_x_500","moderate",-2.5,10,500,5000,0.2274,0.8124,0,113.7,106,123,0,0,0,0,0
1,62,"10_sites_x_500","moderate",-2.5,10,500,5000,0.2258,0.8116,0,112.9,106,123,0,0,0,0,0
1,63,"10_sites_x_500","moderate",-2.5,10,500,5000,0.226,0.813,0,113,106,123,0,0,0,0,0
1,64,"10_sites_x_500","moderate",-2.5,10,500,5000,0.2334,0.8176,0,116.7,107,143,0,0,0,0,0
1,65,"10_sites_x_500","moderate",-2.5,10,500,5000,0.2358,0.814,0,117.9,107,143,0,0,0,0,0
1,66,"10_sites_x_500","moderate",-2.5,10,500,5000,0.2366,0.8142,0,118.3,107,143,0,0,0,0,0
1,67,"10_sites_x_500","moderate",-2.5,10,500,5000,0.233,0.8204,0,116.5,105,143,0,0,0,0,0
1,68,"10_sites_x_500","moderate",-2.5,10,500,5000,0.2312,0.8182,0,115.6,105,143,0,0,0,0,0
1,69,"10_sites_x_500","moderate",-2.5,10,500,5000,0.231,0.8206,0,115.5,105,143,0,0,0,0,0
1,70,"10_sites_x_500","moderate",-2.5,10,500,5000,0.228,0.824,0,114,100,143,0,0,0,0,0
1,71,"10_sites_x_500","moderate",-2.5,10,500,5000,0.2272,0.8252,0,113.6,100,143,0,0,0,0,0
1,72,"10_sites_x_500","moderate",-2.5,10,500,5000,0.2298,0.8202,0,114.9,100,143,0,0,0,0,0
1,73,"10_sites_x_500","moderate",-2.5,10,500,5000,0.231,0.821,0,115.5,100,143,0,0,0,0,0
1,74,"10_sites_x_500","moderate",-2.5,10,500,5000,0.2248,0.821,0,112.4,100,122,0,0,0,0,0
1,75,"10_sites_x_500","moderate",-2.5,10,500,5000,0.2226,0.821,0,111.3,100,120,0,0,0,0,0
1,76,"10_sites_x_500","moderate",-2.5,10,500,5000,0.2188,0.823,0,109.4,98,120,0,0,0,0,0
1,77,"10_sites_x_500","moderate",-2.5,10,500,5000,0.2176,0.8208,0,108.8,98,120,0,0,0,0,0
1,78,"10_sites_x_500","moderate",-2.5,10,500,5000,0.2206,0.8216,0,110.3,98,124,0,0,0,0,0
1,79,"10_sites_x_500","moderate",-2.5,10,500,5000,0.2204,0.8186,0,110.2,98,124,0,0,0,0,0
1,80,"10_sites_x_500","moderate",-2.5,10,500,5000,0.2226,0.82,0,111.3,98,124,0,0,0,0,0
1,81,"10_sites_x_500","moderate",-2.5,10,500,5000,0.225,0.8198,0,112.5,98,124,0,0,0,0,0
1,82,"10_sites_x_500","moderate",-2.5,10,500,5000,0.2248,0.8206,0,112.4,98,124,0,0,0,0,0
1,83,"10_sites_x_500","moderate",-2.5,10,500,5000,0.2196,0.819,0,109.8,93,124,0,0,0,0,0
1,84,"10_sites_x_500","moderate",-2.5,10,500,5000,0.2174,0.8152,0,108.7,93,124,0,0,0,0,0
1,85,"10_sites_x_500","moderate",-2.5,10,500,5000,0.2204,0.8148,0,110.2,93,126,0,0,0,0,0
1,86,"10_sites_x_500","moderate",-2.5,10,500,5000,0.2246,0.8134,0,112.3,93,126,0,0,0,0,0
1,87,"10_sites_x_500","moderate",-2.5,10,500,5000,0.2294,0.816,0,114.7,93,126,0,0,0,0,0
1,88,"10_sites_x_500","moderate",-2.5,10,500,5000,0.227,0.8182,0,113.5,93,126,0,0,0,0,0
1,89,"10_sites_x_500","moderate",-2.5,10,500,5000,0.2272,0.8226,0,113.6,93,126,0,0,0,0,0
1,90,"10_sites_x_500","moderate",-2.5,10,500,5000,0.2284,0.8186,0,114.2,93,126,0,0,0,0,0
1,91,"10_sites_x_500","moderate",-2.5,10,500,5000,0.2292,0.8186,0,114.6,93,126,0,0,0,0,0
1,92,"10_sites_x_500","moderate",-2.5,10,500,5000,0.2272,0.8246,0,113.6,93,126,0,0,0,0,0
1,93,"10_sites_x_500","moderate",-2.5,10,500,5000,0.2318,0.8246,0,115.9,101,126,0,0,0,0,0
1,94,"10_sites_x_500","moderate",-2.5,10,500,5000,0.2352,0.8252,0,117.6,109,126,0,0,0,0,0
1,95,"10_sites_x_500","moderate",-2.5,10,500,5000,0.2332,0.8292,0,116.6,109,123,0,0,0,0,0
1,96,"10_sites_x_500","moderate",-2.5,10,500,5000,0.2338,0.8326,0,116.9,109,123,0,0,0,0,0
1,97,"10_sites_x_500","moderate",-2.5,10,500,5000,0.2308,0.8298,0,115.4,108,123,0,0,0,0,0
1,98,"10_sites_x_500","moderate",-2.5,10,500,5000,0.234,0.8278,0,117,108,128,0,0,0,0,0
1,99,"10_sites_x_500","moderate",-2.5,10,500,5000,0.2348,0.8252,0,117.4,108,128,0,0,0,0,0
1,100,"10_sites_x_500","moderate",-2.5,10,500,5000,0.2332,0.8252,0,116.6,108,128,0,0,0,0,0
1,101,"10_sites_x_500","moderate",-2.5,10,500,5000,0.2324,0.8248,0,116.2,108,128,0,0,0,0,0
1,102,"10_sites_x_500","moderate",-2.5,10,500,5000,0.2328,0.819,0,116.4,108,128,0,0,0,0,0
1,103,"10_sites_x_500","moderate",-2.5,10,500,5000,0.2344,0.8202,0,117.2,108,128,0,0,0,0,0
1,104,"10_sites_x_500","moderate",-2.5,10,500,5000,0.2348,0.8212,0,117.4,108,128,0,0,0,0,0
1,105,"10_sites_x_500","moderate",-2.5,10,500,5000,0.2346,0.8146,0,117.3,108,128,0,0,0,0,0
1,106,"10_sites_x_500","moderate",-2.5,10,500,5000,0.2298,0.8112,0,114.9,98,128,0,0,0,0,0
1,107,"10_sites_x_500","moderate",-2.5,10,500,5000,0.2316,0.8112,0,115.8,98,128,0,0,0,0,0
1,108,"10_sites_x_500","moderate",-2.5,10,500,5000,0.2286,0.8134,0,114.3,98,124,0,0,0,0,0
1,109,"10_sites_x_500","moderate",-2.5,10,500,5000,0.226,0.812,0,113,98,124,0,0,0,0,0
1,110,"10_sites_x_500","moderate",-2.5,10,500,5000,0.224,0.8178,0,112,98,124,0,0,0,0,0
1,111,"10_sites_x_500","moderate",-2.5,10,500,5000,0.2214,0.8204,0,110.7,98,124,0,0,0,0,0
1,112,"10_sites_x_500","moderate",-2.5,10,500,5000,0.222,0.8204,0,111,98,124,0,0,0,0,0
1,113,"10_sites_x_500","moderate",-2.5,10,500,5000,0.2192,0.8198,0,109.6,98,120,0,0,0,0,0
1,114,"10_sites_x_500","moderate",-2.5,10,500,5000,0.2166,0.8168,0,108.3,98,117,0,0,0,0,0
1,115,"10_sites_x_500","moderate",-2.5,10,500,5000,0.2144,0.8192,0,107.2,98,117,0,0,0,0,0
1,116,"10_sites_x_500","moderate",-2.5,10,500,5000,0.2192,0.8236,0,109.6,99,122,0,0,0,0,0
1,117,"10_sites_x_500","moderate",-2.5,10,500,5000,0.2156,0.822,0,107.8,99,122,0,0,0,0,0
1,118,"10_sites_x_500","moderate",-2.5,10,500,5000,0.217,0.8196,0,108.5,99,122,0,0,0,0,0
1,119,"10_sites_x_500","moderate",-2.5,10,500,5000,0.2202,0.8178,0,110.1,99,122,0,0,0,0,0
1,120,"10_sites_x_500","moderate",-2.5,10,500,5000,0.227,0.8116,0,113.5,99,133,0,0,0,0,0
1,121,"10_sites_x_500","moderate",-2.5,10,500,5000,0.2288,0.8118,0,114.4,99,133,0,0,0,0,0
1,122,"10_sites_x_500","moderate",-2.5,10,500,5000,0.2294,0.8132,0,114.7,99,133,0,0,0,0,0
1,123,"10_sites_x_500","moderate",-2.5,10,500,5000,0.232,0.8134,0,116,99,133,0,0,0,0,0
1,124,"10_sites_x_500","moderate",-2.5,10,500,5000,0.2352,0.8144,0,117.6,99,133,0,0,0,0,0
1,125,"10_sites_x_500","moderate",-2.5,10,500,5000,0.2348,0.8154,0,117.4,99,133,0,0,0,0,0
1,126,"10_sites_x_500","moderate",-2.5,10,500,5000,0.2354,0.8102,0,117.7,99,133,0,0,0,0,0
1,127,"10_sites_x_500","moderate",-2.5,10,500,5000,0.2382,0.8154,0,119.1,102,133,0,0,0,0,0
1,128,"10_sites_x_500","moderate",-2.5,10,500,5000,0.234,0.8174,0,117,99,133,0,0,0,0,0
1,129,"10_sites_x_500","moderate",-2.5,10,500,5000,0.2314,0.8226,0,115.7,99,133,0,0,0,0,0
1,130,"10_sites_x_500","moderate",-2.5,10,500,5000,0.2272,0.8228,0,113.6,99,125,0,0,0,0,0
1,131,"10_sites_x_500","moderate",-2.5,10,500,5000,0.2288,0.8198,0,114.4,99,125,0,0,0,0,0
1,132,"10_sites_x_500","moderate",-2.5,10,500,5000,0.2282,0.8176,0,114.1,99,125,0,0,0,0,0
1,133,"10_sites_x_500","moderate",-2.5,10,500,5000,0.2278,0.8168,0,113.9,99,125,0,0,0,0,0
1,134,"10_sites_x_500","moderate",-2.5,10,500,5000,0.2252,0.8182,0,112.6,99,125,0,0,0,0,0
1,135,"10_sites_x_500","moderate",-2.5,10,500,5000,0.2284,0.8172,0,114.2,99,125,0,0,0,0,0
1,136,"10_sites_x_500","moderate",-2.5,10,500,5000,0.2252,0.8208,0,112.6,99,123,0,0,0,0,0
1,137,"10_sites_x_500","moderate",-2.5,10,500,5000,0.2262,0.8172,0,113.1,99,123,0,0,0,0,0
1,138,"10_sites_x_500","moderate",-2.5,10,500,5000,0.2268,0.819,0,113.4,102,123,0,0,0,0,0
1,139,"10_sites_x_500","moderate",-2.5,10,500,5000,0.2276,0.8164,0,113.8,102,123,0,0,0,0,0
1,140,"10_sites_x_500","moderate",-2.5,10,500,5000,0.2288,0.8186,0,114.4,102,123,0,0,0,0,0
1,141,"10_sites_x_500","moderate",-2.5,10,500,5000,0.2266,0.8178,0,113.3,102,121,0,0,0,0,0
1,142,"10_sites_x_500","moderate",-2.5,10,500,5000,0.2298,0.8194,0,114.9,102,130,0,0,0,0,0
1,143,"10_sites_x_500","moderate",-2.5,10,500,5000,0.2268,0.8192,0,113.4,102,130,0,0,0,0,0
1,144,"10_sites_x_500","moderate",-2.5,10,500,5000,0.2264,0.8188,0,113.2,102,130,0,0,0,0,0
1,145,"10_sites_x_500","moderate",-2.5,10,500,5000,0.2218,0.8208,0,110.9,95,130,0,0,0,0,0
1,146,"10_sites_x_500","moderate",-2.5,10,500,5000,0.2226,0.8194,0,111.3,95,130,0,0,0,0,0
1,147,"10_sites_x_500","moderate",-2.5,10,500,5000,0.2232,0.8198,0,111.6,95,130,0,0,0,0,0
1,148,"10_sites_x_500","moderate",-2.5,10,500,5000,0.2274,0.8152,0,113.7,95,130,0,0,0,0,0
1,149,"10_sites_x_500","moderate",-2.5,10,500,5000,0.2296,0.8196,0,114.8,95,130,0,0,0,0,0
1,150,"10_sites_x_500","moderate",-2.5,10,500,5000,0.2336,0.8164,0,116.8,95,138,0,0,0,0,0
1,151,"10_sites_x_500","moderate",-2.5,10,500,5000,0.2368,0.8162,0,118.4,95,138,0,0,0,0,0
1,152,"10_sites_x_500","moderate",-2.5,10,500,5000,0.235,0.8164,0,117.5,95,138,0,0,0,0,0
1,153,"10_sites_x_500","moderate",-2.5,10,500,5000,0.2346,0.8164,0,117.3,95,138,0,0,0,0,0
1,154,"10_sites_x_500","moderate",-2.5,10,500,5000,0.2346,0.819,0,117.3,95,138,0,0,0,0,0
1,155,"10_sites_x_500","moderate",-2.5,10,500,5000,0.2408,0.8164,0,120.4,104,138,0,0,0,0,0
1,156,"10_sites_x_500","moderate",-2.5,10,500,5000,0.2404,0.8162,0,120.2,104,138,0,0,0,0,0
1,157,"10_sites_x_500","moderate",-2.5,10,500,5000,0.2392,0.815,0,119.6,104,138,0,0,0,0,0
1,158,"10_sites_x_500","moderate",-2.5,10,500,5000,0.2386,0.8174,0,119.3,104,138,0,0,0,0,0
1,159,"10_sites_x_500","moderate",-2.5,10,500,5000,0.236,0.8136,0,118,104,138,0,0,0,0,0
1,160,"10_sites_x_500","moderate",-2.5,10,500,5000,0.2294,0.817,0,114.7,104,128,0,0,0,0,0
1,161,"10_sites_x_500","moderate",-2.5,10,500,5000,0.2252,0.8214,0,112.6,104,126,0,0,0,0,0
1,162,"10_sites_x_500","moderate",-2.5,10,500,5000,0.2198,0.8214,0,109.9,94,126,0,0,0,0,0
1,163,"10_sites_x_500","moderate",-2.5,10,500,5000,0.2222,0.8212,0,111.1,94,126,0,0,0,0,0
1,164,"10_sites_x_500","moderate",-2.5,10,500,5000,0.2202,0.8198,0,110.1,94,126,0,0,0,0,0
1,165,"10_sites_x_500","moderate",-2.5,10,500,5000,0.2188,0.8216,0,109.4,94,120,0,0,0,0,0
1,166,"10_sites_x_500","moderate",-2.5,10,500,5000,0.2212,0.8228,0,110.6,94,123,0,0,0,0,0
1,167,"10_sites_x_500","moderate",-2.5,10,500,5000,0.2222,0.8246,0,111.1,94,123,0,0,0,0,0
1,168,"10_sites_x_500","moderate",-2.5,10,500,5000,0.2228,0.8218,0,111.4,94,123,0,0,0,0,0
1,169,"10_sites_x_500","moderate",-2.5,10,500,5000,0.2216,0.8226,0,110.8,94,123,0,0,0,0,0
1,170,"10_sites_x_500","moderate",-2.5,10,500,5000,0.2208,0.8212,0,110.4,94,123,0,0,0,0,0
1,171,"10_sites_x_500","moderate",-2.5,10,500,5000,0.2228,0.818,0,111.4,94,123,0,0,0,0,0
1,172,"10_sites_x_500","moderate",-2.5,10,500,5000,0.2248,0.8186,0,112.4,98,123,0,0,0,0,0
1,173,"10_sites_x_500","moderate",-2.5,10,500,5000,0.2256,0.82,0,112.8,98,123,0,0,0,0,0
1,174,"10_sites_x_500","moderate",-2.5,10,500,5000,0.227,0.8196,0,113.5,101,123,0,0,0,0,0
1,175,"10_sites_x_500","moderate",-2.5,10,500,5000,0.2284,0.8206,0,114.2,101,126,0,0,0,0,0
1,176,"10_sites_x_500","moderate",-2.5,10,500,5000,0.2258,0.8182,0,112.9,101,126,0,0,0,0,0
1,177,"10_sites_x_500","moderate",-2.5,10,500,5000,0.2204,0.8196,0,110.2,93,126,0,0,0,0,0
1,178,"10_sites_x_500","moderate",-2.5,10,500,5000,0.2176,0.8238,0,108.8,93,126,0,0,0,0,0
1,179,"10_sites_x_500","moderate",-2.5,10,500,5000,0.2208,0.8222,0,110.4,93,126,0,0,0,0,0
1,180,"10_sites_x_500","moderate",-2.5,10,500,5000,0.2226,0.8216,0,111.3,93,126,0,0,0,0,0
1,181,"10_sites_x_500","moderate",-2.5,10,500,5000,0.222,0.824,0,111,93,126,0,0,0,0,0
1,182,"10_sites_x_500","moderate",-2.5,10,500,5000,0.2238,0.8234,0,111.9,93,126,0,0,0,0,0
1,183,"10_sites_x_500","moderate",-2.5,10,500,5000,0.2268,0.8208,0,113.4,93,135,0,0,0,0,0
1,184,"10_sites_x_500","moderate",-2.5,10,500,5000,0.2296,0.82,0,114.8,93,135,0,0,0,0,0
1,185,"10_sites_x_500","moderate",-2.5,10,500,5000,0.227,0.8174,0,113.5,93,135,0,0,0,0,0
1,186,"10_sites_x_500","moderate",-2.5,10,500,5000,0.2268,0.8178,0,113.4,93,135,0,0,0,0,0
1,187,"10_sites_x_500","moderate",-2.5,10,500,5000,0.2306,0.8178,0,115.3,109,135,0,0,0,0,0
1,188,"10_sites_x_500","moderate",-2.5,10,500,5000,0.2288,0.8198,0,114.4,100,135,0,0,0,0,0
1,189,"10_sites_x_500","moderate",-2.5,10,500,5000,0.2274,0.822,0,113.7,100,135,0,0,0,0,0
1,190,"10_sites_x_500","moderate",-2.5,10,500,5000,0.2294,0.8232,0,114.7,100,135,0,0,0,0,0
1,191,"10_sites_x_500","moderate",-2.5,10,500,5000,0.2292,0.823,0,114.6,100,135,0,0,0,0,0
1,192,"10_sites_x_500","moderate",-2.5,10,500,5000,0.2334,0.8228,0,116.7,100,135,0,0,0,0,0
1,193,"10_sites_x_500","moderate",-2.5,10,500,5000,0.229,0.825,0,114.5,100,134,0,0,0,0,0
1,194,"10_sites_x_500","moderate",-2.5,10,500,5000,0.2296,0.8268,0,114.8,100,134,0,0,0,0,0
1,195,"10_sites_x_500","moderate",-2.5,10,500,5000,0.2278,0.8304,0,113.9,100,134,0,0,0,0,0
1,196,"10_sites_x_500","moderate",-2.5,10,500,5000,0.2272,0.8306,0,113.6,100,134,0,0,0,0,0
1,197,"10_sites_x_500","moderate",-2.5,10,500,5000,0.2254,0.8264,0,112.7,100,134,0,0,0,0,0
1,198,"10_sites_x_500","moderate",-2.5,10,500,5000,0.227,0.8228,0,113.5,103,134,0,0,0,0,0
1,199,"10_sites_x_500","moderate",-2.5,10,500,5000,0.2256,0.8184,0,112.8,103,134,0,0,0,0,0
1,200,"10_sites_x_500","moderate",-2.5,10,500,5000,0.2248,0.82,0,112.4,103,134,0,0,0,0,0
1,201,"10_sites_x_500","moderate",-2.5,10,500,5000,0.2248,0.8194,0,112.4,103,134,0,0,0,0,0
1,202,"10_sites_x_500","moderate",-2.5,10,500,5000,0.2208,0.8202,0,110.4,103,122,0,0,0,0,0
1,203,"10_sites_x_500","moderate",-2.5,10,500,5000,0.2204,0.8184,0,110.2,103,122,0,0,0,0,0
1,204,"10_sites_x_500","moderate",-2.5,10,500,5000,0.2178,0.816,0,108.9,103,116,0,0,0,0,0
1,205,"10_sites_x_500","moderate",-2.5,10,500,5000,0.2198,0.8126,0,109.9,103,116,0,0,0,0,0
1,206,"10_sites_x_500","moderate",-2.5,10,500,5000,0.222,0.8146,0,111,103,117,0,0,0,0,0
1,207,"10_sites_x_500","moderate",-2.5,10,500,5000,0.2242,0.8164,0,112.1,105,117,0,0,0,0,0
1,208,"10_sites_x_500","moderate",-2.5,10,500,5000,0.2254,0.8174,0,112.7,105,117,0,0,0,0,0
1,209,"10_sites_x_500","moderate",-2.5,10,500,5000,0.226,0.8176,0,113,108,117,0,0,0,0,0
1,210,"10_sites_x_500","moderate",-2.5,10,500,5000,0.2264,0.8146,0,113.2,108,118,0,0,0,0,0
1,211,"10_sites_x_500","moderate",-2.5,10,500,5000,0.2316,0.8108,0,115.8,108,139,0,0,0,0,0
1,212,"10_sites_x_500","moderate",-2.5,10,500,5000,0.229,0.8084,0,114.5,101,139,0,0,0,0,0
1,213,"10_sites_x_500","moderate",-2.5,10,500,5000,0.2332,0.8088,0,116.6,101,139,0,0,0,0,0
1,214,"10_sites_x_500","moderate",-2.5,10,500,5000,0.2368,0.8088,0,118.4,101,139,0,0,0,0,0
1,215,"10_sites_x_500","moderate",-2.5,10,500,5000,0.2362,0.8104,0,118.1,101,139,0,0,0,0,0
1,216,"10_sites_x_500","moderate",-2.5,10,500,5000,0.2354,0.811,0,117.7,101,139,0,0,0,0,0
1,217,"10_sites_x_500","moderate",-2.5,10,500,5000,0.2376,0.8106,0,118.8,101,139,0,0,0,0,0
1,218,"10_sites_x_500","moderate",-2.5,10,500,5000,0.2378,0.8094,0,118.9,101,139,0,0,0,0,0
1,219,"10_sites_x_500","moderate",-2.5,10,500,5000,0.2382,0.8124,0,119.1,101,139,0,0,0,0,0
1,220,"10_sites_x_500","moderate",-2.5,10,500,5000,0.2352,0.818,0,117.6,101,139,0,0,0,0,0
1,221,"10_sites_x_500","moderate",-2.5,10,500,5000,0.233,0.8234,0,116.5,101,132,0,0,0,0,0
1,222,"10_sites_x_500","moderate",-2.5,10,500,5000,0.2364,0.8276,0,118.2,103,132,0,0,0,0,0
1,223,"10_sites_x_500","moderate",-2.5,10,500,5000,0.236,0.8292,0,118,103,130,0,0,0,0,0
1,224,"10_sites_x_500","moderate",-2.5,10,500,5000,0.2338,0.8286,0,116.9,103,130,0,0,0,0,0
1,225,"10_sites_x_500","moderate",-2.5,10,500,5000,0.233,0.8284,0,116.5,103,130,0,0,0,0,0
1,226,"10_sites_x_500","moderate",-2.5,10,500,5000,0.2316,0.8274,0,115.8,103,130,0,0,0,0,0
1,227,"10_sites_x_500","moderate",-2.5,10,500,5000,0.23,0.8284,0,115,103,130,0,0,0,0,0
1,228,"10_sites_x_500","moderate",-2.5,10,500,5000,0.232,0.8296,0,116,103,130,0,0,0,0,0
1,229,"10_sites_x_500","moderate",-2.5,10,500,5000,0.2356,0.8264,0,117.8,103,130,0,0,0,0,0
1,230,"10_sites_x_500","moderate",-2.5,10,500,5000,0.2356,0.8236,0,117.8,103,130,0,0,0,0,0
1,231,"10_sites_x_500","moderate",-2.5,10,500,5000,0.2356,0.8232,0,117.8,103,130,0,0,0,0,0
1,232,"10_sites_x_500","moderate",-2.5,10,500,5000,0.2334,0.8208,0,116.7,103,130,0,0,0,0,0
1,233,"10_sites_x_500","moderate",-2.5,10,500,5000,0.232,0.8214,0,116,103,128,0,0,0,0,0
1,234,"10_sites_x_500","moderate",-2.5,10,500,5000,0.2324,0.8202,0,116.2,103,128,0,0,0,0,0
1,235,"10_sites_x_500","moderate",-2.5,10,500,5000,0.2322,0.8196,0,116.1,103,128,0,0,0,0,0
1,236,"10_sites_x_500","moderate",-2.5,10,500,5000,0.2326,0.82,0,116.3,103,128,0,0,0,0,0
1,237,"10_sites_x_500","moderate",-2.5,10,500,5000,0.23,0.8178,0,115,103,128,0,0,0,0,0
1,238,"10_sites_x_500","moderate",-2.5,10,500,5000,0.2272,0.8164,0,113.6,103,128,0,0,0,0,0
1,239,"10_sites_x_500","moderate",-2.5,10,500,5000,0.2214,0.822,0,110.7,99,128,0,0,0,0,0
1,240,"10_sites_x_500","moderate",-2.5,10,500,5000,0.2238,0.8214,0,111.9,99,128,0,0,0,0,0
1,241,"10_sites_x_500","moderate",-2.5,10,500,5000,0.2182,0.8202,0,109.1,99,123,0,0,0,0,0
1,242,"10_sites_x_500","moderate",-2.5,10,500,5000,0.2172,0.8218,0,108.6,99,123,0,0,0,0,0
1,243,"10_sites_x_500","moderate",-2.5,10,500,5000,0.2166,0.8208,0,108.3,99,120,0,0,0,0,0
1,244,"10_sites_x_500","moderate",-2.5,10,500,5000,0.216,0.8212,0,108,99,120,0,0,0,0,0
1,245,"10_sites_x_500","moderate",-2.5,10,500,5000,0.219,0.8218,0,109.5,99,121,0,0,0,0,0
1,246,"10_sites_x_500","moderate",-2.5,10,500,5000,0.2198,0.8232,0,109.9,99,121,0,0,0,0,0
1,247,"10_sites_x_500","moderate",-2.5,10,500,5000,0.222,0.8226,0,111,99,121,0,0,0,0,0
1,248,"10_sites_x_500","moderate",-2.5,10,500,5000,0.2228,0.8226,0,111.4,99,121,0,0,0,0,0
1,249,"10_sites_x_500","moderate",-2.5,10,500,5000,0.2256,0.82,0,112.8,100,121,0,0,0,0,0
1,250,"10_sites_x_500","moderate",-2.5,10,500,5000,0.2252,0.819,0,112.6,100,121,0,0,0,0,0
1,251,"10_sites_x_500","moderate",-2.5,10,500,5000,0.2286,0.8208,0,114.3,102,121,0,0,0,0,0
1,252,"10_sites_x_500","moderate",-2.5,10,500,5000,0.2308,0.8232,0,115.4,112,121,0,0,0,0,0
1,253,"10_sites_x_500","moderate",-2.5,10,500,5000,0.2286,0.8226,0,114.3,109,121,0,0,0,0,0
1,254,"10_sites_x_500","moderate",-2.5,10,500,5000,0.226,0.8232,0,113,102,121,0,0,0,0,0
1,255,"10_sites_x_500","moderate",-2.5,10,500,5000,0.2266,0.8194,0,113.3,102,124,0,0,0,0,0
1,256,"10_sites_x_500","moderate",-2.5,10,500,5000,0.2296,0.8152,0,114.8,102,127,0,0,0,0,0
1,257,"10_sites_x_500","moderate",-2.5,10,500,5000,0.2294,0.8188,0,114.7,102,127,0,0,0,0,0
1,258,"10_sites_x_500","moderate",-2.5,10,500,5000,0.2292,0.8218,0,114.6,102,127,0,0,0,0,0
1,259,"10_sites_x_500","moderate",-2.5,10,500,5000,0.2282,0.8218,0,114.1,102,127,0,0,0,0,0
1,260,"10_sites_x_500","moderate",-2.5,10,500,5000,0.2286,0.821,0,114.3,102,127,0,0,0,0,0
1,261,"10_sites_x_500","moderate",-2.5,10,500,5000,0.2274,0.8194,0,113.7,102,127,0,0,0,0,0
1,262,"10_sites_x_500","moderate",-2.5,10,500,5000,0.2244,0.816,0,112.2,98,127,0,0,0,0,0
1,263,"10_sites_x_500","moderate",-2.5,10,500,5000,0.2242,0.8178,0,112.1,98,127,0,0,0,0,0
1,264,"10_sites_x_500","moderate",-2.5,10,500,5000,0.2254,0.8216,0,112.7,98,127,0,0,0,0,0
1,265,"10_sites_x_500","moderate",-2.5,10,500,5000,0.2242,0.8206,0,112.1,98,127,0,0,0,0,0
1,266,"10_sites_x_500","moderate",-2.5,10,500,5000,0.221,0.8208,0,110.5,98,118,0,0,0,0,0
1,267,"10_sites_x_500","moderate",-2.5,10,500,5000,0.221,0.8202,0,110.5,98,118,0,0,0,0,0
1,268,"10_sites_x_500","moderate",-2.5,10,500,5000,0.223,0.815,0,111.5,98,124,0,0,0,0,0
1,269,"10_sites_x_500","moderate",-2.5,10,500,5000,0.2234,0.8132,0,111.7,98,124,0,0,0,0,0
1,270,"10_sites_x_500","moderate",-2.5,10,500,5000,0.222,0.815,0,111,98,124,0,0,0,0,0
1,271,"10_sites_x_500","moderate",-2.5,10,500,5000,0.2224,0.8132,0,111.2,98,124,0,0,0,0,0
1,272,"10_sites_x_500","moderate",-2.5,10,500,5000,0.2244,0.8144,0,112.2,108,124,0,0,0,0,0
1,273,"10_sites_x_500","moderate",-2.5,10,500,5000,0.2256,0.811,0,112.8,108,124,0,0,0,0,0
1,274,"10_sites_x_500","moderate",-2.5,10,500,5000,0.225,0.8076,0,112.5,105,124,0,0,0,0,0
1,275,"10_sites_x_500","moderate",-2.5,10,500,5000,0.2264,0.8118,0,113.2,105,125,0,0,0,0,0
1,276,"10_sites_x_500","moderate",-2.5,10,500,5000,0.2282,0.8132,0,114.1,105,125,0,0,0,0,0
1,277,"10_sites_x_500","moderate",-2.5,10,500,5000,0.227,0.814,0,113.5,105,125,0,0,0,0,0
1,278,"10_sites_x_500","moderate",-2.5,10,500,5000,0.223,0.8156,0,111.5,104,125,0,0,0,0,0
1,279,"10_sites_x_500","moderate",-2.5,10,500,5000,0.2234,0.815,0,111.7,104,125,0,0,0,0,0
1,280,"10_sites_x_500","moderate",-2.5,10,500,5000,0.2262,0.812,0,113.1,104,125,0,0,0,0,0
1,281,"10_sites_x_500","moderate",-2.5,10,500,5000,0.2296,0.8148,0,114.8,104,130,0,0,0,0,0
1,282,"10_sites_x_500","moderate",-2.5,10,500,5000,0.2328,0.8144,0,116.4,104,130,0,0,0,0,0
1,283,"10_sites_x_500","moderate",-2.5,10,500,5000,0.2318,0.8174,0,115.9,104,130,0,0,0,0,0
1,284,"10_sites_x_500","moderate",-2.5,10,500,5000,0.2364,0.8168,0,118.2,104,130,0,0,0,0,0
1,285,"10_sites_x_500","moderate",-2.5,10,500,5000,0.2332,0.8162,0,116.6,104,130,0,0,0,0,0
1,286,"10_sites_x_500","moderate",-2.5,10,500,5000,0.2332,0.817,0,116.6,104,130,0,0,0,0,0
1,287,"10_sites_x_500","moderate",-2.5,10,500,5000,0.2334,0.817,0,116.7,104,130,0,0,0,0,0
1,288,"10_sites_x_500","moderate",-2.5,10,500,5000,0.2326,0.8226,0,116.3,100,130,0,0,0,0,0
1,289,"10_sites_x_500","moderate",-2.5,10,500,5000,0.2328,0.8226,0,116.4,100,130,0,0,0,0,0
1,290,"10_sites_x_500","moderate",-2.5,10,500,5000,0.2296,0.8222,0,114.8,100,130,0,0,0,0,0
1,291,"10_sites_x_500","moderate",-2.5,10,500,5000,0.228,0.824,0,114,100,128,0,0,0,0,0
1,292,"10_sites_x_500","moderate",-2.5,10,500,5000,0.227,0.8208,0,113.5,100,128,0,0,0,0,0
1,293,"10_sites_x_500","moderate",-2.5,10,500,5000,0.2298,0.8204,0,114.9,100,128,0,0,0,0,0
1,294,"10_sites_x_500","moderate",-2.5,10,500,5000,0.228,0.8204,0,114,100,123,0,0,0,0,0
1,295,"10_sites_x_500","moderate",-2.5,10,500,5000,0.2308,0.8198,0,115.4,100,123,0,0,0,0,0
1,296,"10_sites_x_500","moderate",-2.5,10,500,5000,0.2264,0.8188,0,113.2,98,123,0,0,0,0,0
1,297,"10_sites_x_500","moderate",-2.5,10,500,5000,0.2258,0.8154,0,112.9,98,123,0,0,0,0,0
1,298,"10_sites_x_500","moderate",-2.5,10,500,5000,0.2266,0.81,0,113.3,98,123,0,0,0,0,0
1,299,"10_sites_x_500","moderate",-2.5,10,500,5000,0.2268,0.8144,0,113.4,98,123,0,0,0,0,0
1,300,"10_sites_x_500","moderate",-2.5,10,500,5000,0.2268,0.8164,0,113.4,98,123,0,0,0,0,0
2,1,"20_sites_x_250","moderate",-2.5,20,250,5000,0.223,0.8264,0,55.75,40,70,0,0,0,0,0
2,2,"20_sites_x_250","moderate",-2.5,20,250,5000,0.2252,0.8258,0,56.3,40,70,0,0,0,0,0
2,3,"20_sites_x_250","moderate",-2.5,20,250,5000,0.2238,0.8282,0,55.95,40,70,0,0,0,0,0
2,4,"20_sites_x_250","moderate",-2.5,20,250,5000,0.2214,0.825,0,55.35,40,70,0,0,0,0,0
2,5,"20_sites_x_250","moderate",-2.5,20,250,5000,0.221,0.8254,0,55.25,40,70,0,0,0,0,0
2,6,"20_sites_x_250","moderate",-2.5,20,250,5000,0.2184,0.8252,0,54.6,40,70,0,0,0,0,0
2,7,"20_sites_x_250","moderate",-2.5,20,250,5000,0.2222,0.8236,0,55.55,40,72,0,0,0,0,0
2,8,"20_sites_x_250","moderate",-2.5,20,250,5000,0.2226,0.8232,0,55.65,40,72,0,0,0,0,0
2,9,"20_sites_x_250","moderate",-2.5,20,250,5000,0.2224,0.825,0,55.6,40,72,0,0,0,0,0
2,10,"20_sites_x_250","moderate",-2.5,20,250,5000,0.221,0.8254,0,55.25,40,72,0,0,0,0,0
2,11,"20_sites_x_250","moderate",-2.5,20,250,5000,0.2196,0.8248,0,54.9,40,72,0,0,0,0,0
2,12,"20_sites_x_250","moderate",-2.5,20,250,5000,0.2226,0.823,0,55.65,40,72,0,0,0,0,0
2,13,"20_sites_x_250","moderate",-2.5,20,250,5000,0.2244,0.8234,0,56.1,40,72,0,0,0,0,0
2,14,"20_sites_x_250","moderate",-2.5,20,250,5000,0.2222,0.8234,0,55.55,40,72,0,0,0,0,0
2,15,"20_sites_x_250","moderate",-2.5,20,250,5000,0.2214,0.8214,0,55.35,40,72,0,0,0,0,0
2,16,"20_sites_x_250","moderate",-2.5,20,250,5000,0.2192,0.8242,0,54.8,40,72,0,0,0,0,0
2,17,"20_sites_x_250","moderate",-2.5,20,250,5000,0.2168,0.8246,0,54.2,40,72,0,0,0,0,0
2,18,"20_sites_x_250","moderate",-2.5,20,250,5000,0.2212,0.823,0,55.3,40,72,0,0,0,0,0
2,19,"20_sites_x_250","moderate",-2.5,20,250,5000,0.2202,0.824,0,55.05,40,72,0,0,0,0,0
2,20,"20_sites_x_250","moderate",-2.5,20,250,5000,0.218,0.824,0,54.5,40,72,0,0,0,0,0
2,21,"20_sites_x_250","moderate",-2.5,20,250,5000,0.219,0.8228,0,54.75,40,72,0,0,0,0,0
2,22,"20_sites_x_250","moderate",-2.5,20,250,5000,0.2192,0.8228,0,54.8,40,72,0,0,0,0,0
2,23,"20_sites_x_250","moderate",-2.5,20,250,5000,0.2214,0.822,0,55.35,40,72,0,0,0,0,0
2,24,"20_sites_x_250","moderate",-2.5,20,250,5000,0.2226,0.8256,0,55.65,40,72,0,0,0,0,0
2,25,"20_sites_x_250","moderate",-2.5,20,250,5000,0.2242,0.8244,0,56.05,40,72,0,0,0,0,0
2,26,"20_sites_x_250","moderate",-2.5,20,250,5000,0.228,0.8236,0,57,44,72,0,0,0,0,0
2,27,"20_sites_x_250","moderate",-2.5,20,250,5000,0.226,0.8256,0,56.5,44,65,0,0,0,0,0
2,28,"20_sites_x_250","moderate",-2.5,20,250,5000,0.2264,0.8248,0,56.6,44,65,0,0,0,0,0
2,29,"20_sites_x_250","moderate",-2.5,20,250,5000,0.2274,0.8226,0,56.85,44,65,0,0,0,0,0
2,30,"20_sites_x_250","moderate",-2.5,20,250,5000,0.2274,0.8202,0,56.85,44,65,0,0,0,0,0
2,31,"20_sites_x_250","moderate",-2.5,20,250,5000,0.2244,0.8202,0,56.1,44,65,0,0,0,0,0
2,32,"20_sites_x_250","moderate",-2.5,20,250,5000,0.2222,0.819,0,55.55,44,65,0,0,0,0,0
2,33,"20_sites_x_250","moderate",-2.5,20,250,5000,0.2226,0.8156,0,55.65,44,65,0,0,0,0,0
2,34,"20_sites_x_250","moderate",-2.5,20,250,5000,0.2224,0.8154,0,55.6,44,65,0,0,0,0,0
2,35,"20_sites_x_250","moderate",-2.5,20,250,5000,0.222,0.8148,0,55.5,44,65,0,0,0,0,0
2,36,"20_sites_x_250","moderate",-2.5,20,250,5000,0.2242,0.814,0,56.05,44,65,0,0,0,0,0
2,37,"20_sites_x_250","moderate",-2.5,20,250,5000,0.226,0.8132,0,56.5,44,65,0,0,0,0,0
2,38,"20_sites_x_250","moderate",-2.5,20,250,5000,0.2262,0.8134,0,56.55,44,65,0,0,0,0,0
2,39,"20_sites_x_250","moderate",-2.5,20,250,5000,0.2256,0.8156,0,56.4,44,65,0,0,0,0,0
2,40,"20_sites_x_250","moderate",-2.5,20,250,5000,0.2292,0.8132,0,57.3,48,65,0,0,0,0,0
2,41,"20_sites_x_250","moderate",-2.5,20,250,5000,0.2284,0.8108,0,57.1,48,65,0,0,0,0,0
2,42,"20_sites_x_250","moderate",-2.5,20,250,5000,0.2294,0.8108,0,57.35,48,65,0,0,0,0,0
2,43,"20_sites_x_250","moderate",-2.5,20,250,5000,0.2316,0.8086,0,57.9,48,71,0,0,0,0,0
2,44,"20_sites_x_250","moderate",-2.5,20,250,5000,0.2334,0.8064,0,58.35,48,71,0,0,0,0,0
2,45,"20_sites_x_250","moderate",-2.5,20,250,5000,0.2304,0.808,0,57.6,48,71,0,0,0,0,0
2,46,"20_sites_x_250","moderate",-2.5,20,250,5000,0.232,0.8074,0,58,48,71,0,0,0,0,0
2,47,"20_sites_x_250","moderate",-2.5,20,250,5000,0.231,0.8078,0,57.75,48,71,0,0,0,0,0
2,48,"20_sites_x_250","moderate",-2.5,20,250,5000,0.2312,0.808,0,57.8,48,71,0,0,0,0,0
2,49,"20_sites_x_250","moderate",-2.5,20,250,5000,0.2314,0.8078,0,57.85,48,71,0,0,0,0,0
2,50,"20_sites_x_250","moderate",-2.5,20,250,5000,0.2322,0.8084,0,58.05,48,71,0,0,0,0,0
2,51,"20_sites_x_250","moderate",-2.5,20,250,5000,0.2344,0.8088,0,58.6,50,71,0,0,0,0,0
2,52,"20_sites_x_250","moderate",-2.5,20,250,5000,0.2368,0.8126,0,59.2,50,71,0,0,0,0,0
2,53,"20_sites_x_250","moderate",-2.5,20,250,5000,0.238,0.816,0,59.5,50,71,0,0,0,0,0
2,54,"20_sites_x_250","moderate",-2.5,20,250,5000,0.24,0.8164,0,60,50,71,0,0,0,0,0
2,55,"20_sites_x_250","moderate",-2.5,20,250,5000,0.2406,0.8184,0,60.15,50,71,0,0,0,0,0
2,56,"20_sites_x_250","moderate",-2.5,20,250,5000,0.2416,0.8176,0,60.4,50,71,0,0,0,0,0
2,57,"20_sites_x_250","moderate",-2.5,20,250,5000,0.2414,0.8178,0,60.35,50,71,0,0,0,0,0
2,58,"20_sites_x_250","moderate",-2.5,20,250,5000,0.2396,0.818,0,59.9,50,71,0,0,0,0,0
2,59,"20_sites_x_250","moderate",-2.5,20,250,5000,0.2418,0.8178,0,60.45,50,71,0,0,0,0,0
2,60,"20_sites_x_250","moderate",-2.5,20,250,5000,0.2396,0.818,0,59.9,50,71,0,0,0,0,0
2,61,"20_sites_x_250","moderate",-2.5,20,250,5000,0.2404,0.8188,0,60.1,50,71,0,0,0,0,0
2,62,"20_sites_x_250","moderate",-2.5,20,250,5000,0.2394,0.818,0,59.85,50,71,0,0,0,0,0
2,63,"20_sites_x_250","moderate",-2.5,20,250,5000,0.2346,0.819,0,58.65,47,67,0,0,0,0,0
2,64,"20_sites_x_250","moderate",-2.5,20,250,5000,0.2336,0.819,0,58.4,47,67,0,0,0,0,0
2,65,"20_sites_x_250","moderate",-2.5,20,250,5000,0.2362,0.8192,0,59.05,47,67,0,0,0,0,0
2,66,"20_sites_x_250","moderate",-2.5,20,250,5000,0.2338,0.8204,0,58.45,47,65,0,0,0,0,0
2,67,"20_sites_x_250","moderate",-2.5,20,250,5000,0.2348,0.8192,0,58.7,47,65,0,0,0,0,0
2,68,"20_sites_x_250","moderate",-2.5,20,250,5000,0.2364,0.82,0,59.1,47,65,0,0,0,0,0
2,69,"20_sites_x_250","moderate",-2.5,20,250,5000,0.2366,0.8214,0,59.15,47,65,0,0,0,0,0
2,70,"20_sites_x_250","moderate",-2.5,20,250,5000,0.2344,0.8234,0,58.6,46,65,0,0,0,0,0
2,71,"20_sites_x_250","moderate",-2.5,20,250,5000,0.2348,0.8236,0,58.7,46,65,0,0,0,0,0
2,72,"20_sites_x_250","moderate",-2.5,20,250,5000,0.2308,0.8214,0,57.7,45,65,0,0,0,0,0
2,73,"20_sites_x_250","moderate",-2.5,20,250,5000,0.229,0.8198,0,57.25,45,65,0,0,0,0,0
2,74,"20_sites_x_250","moderate",-2.5,20,250,5000,0.2286,0.8204,0,57.15,45,65,0,0,0,0,0
2,75,"20_sites_x_250","moderate",-2.5,20,250,5000,0.2286,0.82,0,57.15,45,65,0,0,0,0,0
2,76,"20_sites_x_250","moderate",-2.5,20,250,5000,0.2266,0.8192,0,56.65,45,65,0,0,0,0,0
2,77,"20_sites_x_250","moderate",-2.5,20,250,5000,0.2262,0.8176,0,56.55,45,65,0,0,0,0,0
2,78,"20_sites_x_250","moderate",-2.5,20,250,5000,0.2282,0.816,0,57.05,45,65,0,0,0,0,0
2,79,"20_sites_x_250","moderate",-2.5,20,250,5000,0.2268,0.816,0,56.7,45,64,0,0,0,0,0
2,80,"20_sites_x_250","moderate",-2.5,20,250,5000,0.2274,0.8166,0,56.85,45,64,0,0,0,0,0
2,81,"20_sites_x_250","moderate",-2.5,20,250,5000,0.2276,0.8176,0,56.9,45,64,0,0,0,0,0
2,82,"20_sites_x_250","moderate",-2.5,20,250,5000,0.2254,0.818,0,56.35,45,64,0,0,0,0,0
2,83,"20_sites_x_250","moderate",-2.5,20,250,5000,0.2292,0.8172,0,57.3,45,66,0,0,0,0,0
2,84,"20_sites_x_250","moderate",-2.5,20,250,5000,0.228,0.818,0,57,45,66,0,0,0,0,0
2,85,"20_sites_x_250","moderate",-2.5,20,250,5000,0.229,0.819,0,57.25,45,68,0,0,0,0,0
2,86,"20_sites_x_250","moderate",-2.5,20,250,5000,0.2292,0.8192,0,57.3,45,68,0,0,0,0,0
2,87,"20_sites_x_250","moderate",-2.5,20,250,5000,0.228,0.8186,0,57,45,68,0,0,0,0,0
2,88,"20_sites_x_250","moderate",-2.5,20,250,5000,0.2266,0.8182,0,56.65,45,68,0,0,0,0,0
2,89,"20_sites_x_250","moderate",-2.5,20,250,5000,0.2264,0.8186,0,56.6,45,68,0,0,0,0,0
2,90,"20_sites_x_250","moderate",-2.5,20,250,5000,0.2296,0.8178,0,57.4,45,68,0,0,0,0,0
2,91,"20_sites_x_250","moderate",-2.5,20,250,5000,0.229,0.8174,0,57.25,45,68,0,0,0,0,0
2,92,"20_sites_x_250","moderate",-2.5,20,250,5000,0.231,0.8186,0,57.75,47,68,0,0,0,0,0
2,93,"20_sites_x_250","moderate",-2.5,20,250,5000,0.2334,0.8186,0,58.35,47,68,0,0,0,0,0
2,94,"20_sites_x_250","moderate",-2.5,20,250,5000,0.2326,0.817,0,58.15,47,68,0,0,0,0,0
2,95,"20_sites_x_250","moderate",-2.5,20,250,5000,0.2332,0.8182,0,58.3,47,68,0,0,0,0,0
2,96,"20_sites_x_250","moderate",-2.5,20,250,5000,0.2314,0.82,0,57.85,45,68,0,0,0,0,0
2,97,"20_sites_x_250","moderate",-2.5,20,250,5000,0.231,0.8216,0,57.75,45,68,0,0,0,0,0
2,98,"20_sites_x_250","moderate",-2.5,20,250,5000,0.2276,0.8222,0,56.9,45,68,0,0,0,0,0
2,99,"20_sites_x_250","moderate",-2.5,20,250,5000,0.2278,0.8184,0,56.95,45,68,0,0,0,0,0
2,100,"20_sites_x_250","moderate",-2.5,20,250,5000,0.2284,0.817,0,57.1,45,68,0,0,0,0,0
2,101,"20_sites_x_250","moderate",-2.5,20,250,5000,0.2288,0.8188,0,57.2,45,68,0,0,0,0,0
2,102,"20_sites_x_250","moderate",-2.5,20,250,5000,0.2314,0.8174,0,57.85,45,68,0,0,0,0,0
2,103,"20_sites_x_250","moderate",-2.5,20,250,5000,0.2296,0.8212,0,57.4,45,68,0,0,0,0,0
2,104,"20_sites_x_250","moderate",-2.5,20,250,5000,0.2292,0.8218,0,57.3,45,68,0,0,0,0,0
2,105,"20_sites_x_250","moderate",-2.5,20,250,5000,0.2268,0.8224,0,56.7,45,65,0,0,0,0,0
2,106,"20_sites_x_250","moderate",-2.5,20,250,5000,0.2264,0.8212,0,56.6,45,65,0,0,0,0,0
2,107,"20_sites_x_250","moderate",-2.5,20,250,5000,0.2272,0.822,0,56.8,45,65,0,0,0,0,0
2,108,"20_sites_x_250","moderate",-2.5,20,250,5000,0.227,0.8222,0,56.75,45,65,0,0,0,0,0
2,109,"20_sites_x_250","moderate",-2.5,20,250,5000,0.2258,0.8236,0,56.45,45,65,0,0,0,0,0
2,110,"20_sites_x_250","moderate",-2.5,20,250,5000,0.2258,0.8234,0,56.45,45,65,0,0,0,0,0
2,111,"20_sites_x_250","moderate",-2.5,20,250,5000,0.2248,0.8226,0,56.2,45,65,0,0,0,0,0
2,112,"20_sites_x_250","moderate",-2.5,20,250,5000,0.227,0.8196,0,56.75,45,66,0,0,0,0,0
2,113,"20_sites_x_250","moderate",-2.5,20,250,5000,0.2282,0.8184,0,57.05,45,68,0,0,0,0,0
2,114,"20_sites_x_250","moderate",-2.5,20,250,5000,0.2298,0.8194,0,57.45,45,68,0,0,0,0,0
2,115,"20_sites_x_250","moderate",-2.5,20,250,5000,0.2282,0.8174,0,57.05,45,68,0,0,0,0,0
2,116,"20_sites_x_250","moderate",-2.5,20,250,5000,0.23,0.8174,0,57.5,47,68,0,0,0,0,0
2,117,"20_sites_x_250","moderate",-2.5,20,250,5000,0.2312,0.8172,0,57.8,47,68,0,0,0,0,0
2,118,"20_sites_x_250","moderate",-2.5,20,250,5000,0.2304,0.818,0,57.6,43,68,0,0,0,0,0
2,119,"20_sites_x_250","moderate",-2.5,20,250,5000,0.227,0.8218,0,56.75,42,68,0,0,0,0,0
2,120,"20_sites_x_250","moderate",-2.5,20,250,5000,0.2284,0.824,0,57.1,42,68,0,0,0,0,0
2,121,"20_sites_x_250","moderate",-2.5,20,250,5000,0.2278,0.8228,0,56.95,42,68,0,0,0,0,0
2,122,"20_sites_x_250","moderate",-2.5,20,250,5000,0.229,0.8242,0,57.25,42,68,0,0,0,0,0
2,123,"20_sites_x_250","moderate",-2.5,20,250,5000,0.2292,0.82,0,57.3,42,68,0,0,0,0,0
2,124,"20_sites_x_250","moderate",-2.5,20,250,5000,0.2306,0.8162,0,57.65,42,68,0,0,0,0,0
2,125,"20_sites_x_250","moderate",-2.5,20,250,5000,0.231,0.8154,0,57.75,42,68,0,0,0,0,0
2,126,"20_sites_x_250","moderate",-2.5,20,250,5000,0.2306,0.8168,0,57.65,42,68,0,0,0,0,0
2,127,"20_sites_x_250","moderate",-2.5,20,250,5000,0.2304,0.8182,0,57.6,42,68,0,0,0,0,0
2,128,"20_sites_x_250","moderate",-2.5,20,250,5000,0.2322,0.8178,0,58.05,42,68,0,0,0,0,0
2,129,"20_sites_x_250","moderate",-2.5,20,250,5000,0.2328,0.8136,0,58.2,42,68,0,0,0,0,0
2,130,"20_sites_x_250","moderate",-2.5,20,250,5000,0.2316,0.8152,0,57.9,42,68,0,0,0,0,0
2,131,"20_sites_x_250","moderate",-2.5,20,250,5000,0.2316,0.816,0,57.9,42,68,0,0,0,0,0
2,132,"20_sites_x_250","moderate",-2.5,20,250,5000,0.2278,0.8176,0,56.95,42,68,0,0,0,0,0
2,133,"20_sites_x_250","moderate",-2.5,20,250,5000,0.226,0.8176,0,56.5,42,66,0,0,0,0,0
2,134,"20_sites_x_250","moderate",-2.5,20,250,5000,0.2242,0.8156,0,56.05,42,66,0,0,0,0,0
2,135,"20_sites_x_250","moderate",-2.5,20,250,5000,0.2238,0.8138,0,55.95,42,66,0,0,0,0,0
2,136,"20_sites_x_250","moderate",-2.5,20,250,5000,0.2228,0.813,0,55.7,42,66,0,0,0,0,0
2,137,"20_sites_x_250","moderate",-2.5,20,250,5000,0.223,0.8124,0,55.75,42,66,0,0,0,0,0
2,138,"20_sites_x_250","moderate",-2.5,20,250,5000,0.2256,0.8138,0,56.4,42,66,0,0,0,0,0
2,139,"20_sites_x_250","moderate",-2.5,20,250,5000,0.2282,0.8136,0,57.05,47,66,0,0,0,0,0
2,140,"20_sites_x_250","moderate",-2.5,20,250,5000,0.2264,0.8124,0,56.6,47,66,0,0,0,0,0
2,141,"20_sites_x_250","moderate",-2.5,20,250,5000,0.2244,0.8128,0,56.1,47,66,0,0,0,0,0
2,142,"20_sites_x_250","moderate",-2.5,20,250,5000,0.2226,0.8124,0,55.65,47,63,0,0,0,0,0
2,143,"20_sites_x_250","moderate",-2.5,20,250,5000,0.223,0.8132,0,55.75,47,63,0,0,0,0,0
2,144,"20_sites_x_250","moderate",-2.5,20,250,5000,0.2236,0.8162,0,55.9,47,63,0,0,0,0,0
2,145,"20_sites_x_250","moderate",-2.5,20,250,5000,0.2234,0.8176,0,55.85,47,63,0,0,0,0,0
2,146,"20_sites_x_250","moderate",-2.5,20,250,5000,0.2248,0.8156,0,56.2,47,63,0,0,0,0,0
2,147,"20_sites_x_250","moderate",-2.5,20,250,5000,0.2248,0.8122,0,56.2,47,63,0,0,0,0,0
2,148,"20_sites_x_250","moderate",-2.5,20,250,5000,0.2212,0.812,0,55.3,45,61,0,0,0,0,0
2,149,"20_sites_x_250","moderate",-2.5,20,250,5000,0.2228,0.8152,0,55.7,45,66,0,0,0,0,0
2,150,"20_sites_x_250","moderate",-2.5,20,250,5000,0.2224,0.8126,0,55.6,45,66,0,0,0,0,0
2,151,"20_sites_x_250","moderate",-2.5,20,250,5000,0.2218,0.814,0,55.45,45,66,0,0,0,0,0
2,152,"20_sites_x_250","moderate",-2.5,20,250,5000,0.2244,0.8142,0,56.1,45,66,0,0,0,0,0
2,153,"20_sites_x_250","moderate",-2.5,20,250,5000,0.2224,0.8166,0,55.6,45,66,0,0,0,0,0
2,154,"20_sites_x_250","moderate",-2.5,20,250,5000,0.2196,0.822,0,54.9,43,66,0,0,0,0,0
2,155,"20_sites_x_250","moderate",-2.5,20,250,5000,0.219,0.8234,0,54.75,43,66,0,0,0,0,0
2,156,"20_sites_x_250","moderate",-2.5,20,250,5000,0.2198,0.824,0,54.95,43,66,0,0,0,0,0
2,157,"20_sites_x_250","moderate",-2.5,20,250,5000,0.218,0.8238,0,54.5,43,66,0,0,0,0,0
2,158,"20_sites_x_250","moderate",-2.5,20,250,5000,0.2164,0.8224,0,54.1,43,66,0,0,0,0,0
2,159,"20_sites_x_250","moderate",-2.5,20,250,5000,0.2148,0.8198,0,53.7,43,66,0,0,0,0,0
2,160,"20_sites_x_250","moderate",-2.5,20,250,5000,0.2164,0.8216,0,54.1,43,66,0,0,0,0,0
2,161,"20_sites_x_250","moderate",-2.5,20,250,5000,0.2174,0.8214,0,54.35,43,66,0,0,0,0,0
2,162,"20_sites_x_250","moderate",-2.5,20,250,5000,0.2188,0.8222,0,54.7,43,66,0,0,0,0,0
2,163,"20_sites_x_250","moderate",-2.5,20,250,5000,0.2186,0.8234,0,54.65,43,66,0,0,0,0,0
2,164,"20_sites_x_250","moderate",-2.5,20,250,5000,0.2216,0.8232,0,55.4,43,76,0,0,0,0,0
2,165,"20_sites_x_250","moderate",-2.5,20,250,5000,0.2218,0.821,0,55.45,43,76,0,0,0,0,0
2,166,"20_sites_x_250","moderate",-2.5,20,250,5000,0.2208,0.8242,0,55.2,43,76,0,0,0,0,0
2,167,"20_sites_x_250","moderate",-2.5,20,250,5000,0.2194,0.8268,0,54.85,43,76,0,0,0,0,0
2,168,"20_sites_x_250","moderate",-2.5,20,250,5000,0.2236,0.8276,0,55.9,43,76,0,0,0,0,0
2,169,"20_sites_x_250","moderate",-2.5,20,250,5000,0.2218,0.8274,0,55.45,43,76,0,0,0,0,0
2,170,"20_sites_x_250","moderate",-2.5,20,250,5000,0.2226,0.8278,0,55.65,43,76,0,0,0,0,0
2,171,"20_sites_x_250","moderate",-2.5,20,250,5000,0.225,0.8282,0,56.25,43,76,0,0,0,0,0
2,172,"20_sites_x_250","moderate",-2.5,20,250,5000,0.2252,0.8294,0,56.3,43,76,0,0,0,0,0
2,173,"20_sites_x_250","moderate",-2.5,20,250,5000,0.225,0.8304,0,56.25,43,76,0,0,0,0,0
2,174,"20_sites_x_250","moderate",-2.5,20,250,5000,0.2272,0.8262,0,56.8,47,76,0,0,0,0,0
2,175,"20_sites_x_250","moderate",-2.5,20,250,5000,0.2282,0.8268,0,57.05,47,76,0,0,0,0,0
2,176,"20_sites_x_250","moderate",-2.5,20,250,5000,0.2294,0.825,0,57.35,47,76,0,0,0,0,0
2,177,"20_sites_x_250","moderate",-2.5,20,250,5000,0.2312,0.826,0,57.8,47,76,0,0,0,0,0
2,178,"20_sites_x_250","moderate",-2.5,20,250,5000,0.2324,0.8262,0,58.1,47,76,0,0,0,0,0
2,179,"20_sites_x_250","moderate",-2.5,20,250,5000,0.234,0.8272,0,58.5,48,76,0,0,0,0,0
2,180,"20_sites_x_250","moderate",-2.5,20,250,5000,0.2324,0.826,0,58.1,48,76,0,0,0,0,0
2,181,"20_sites_x_250","moderate",-2.5,20,250,5000,0.232,0.8268,0,58,48,76,0,0,0,0,0
2,182,"20_sites_x_250","moderate",-2.5,20,250,5000,0.2292,0.826,0,57.3,48,76,0,0,0,0,0
2,183,"20_sites_x_250","moderate",-2.5,20,250,5000,0.2282,0.8254,0,57.05,48,76,0,0,0,0,0
2,184,"20_sites_x_250","moderate",-2.5,20,250,5000,0.225,0.8264,0,56.25,48,66,0,0,0,0,0
2,185,"20_sites_x_250","moderate",-2.5,20,250,5000,0.2256,0.828,0,56.4,48,66,0,0,0,0,0
2,186,"20_sites_x_250","moderate",-2.5,20,250,5000,0.228,0.8244,0,57,48,66,0,0,0,0,0
2,187,"20_sites_x_250","moderate",-2.5,20,250,5000,0.2288,0.8236,0,57.2,48,66,0,0,0,0,0
2,188,"20_sites_x_250","moderate",-2.5,20,250,5000,0.2252,0.824,0,56.3,48,66,0,0,0,0,0
2,189,"20_sites_x_250","moderate",-2.5,20,250,5000,0.226,0.8234,0,56.5,48,66,0,0,0,0,0
2,190,"20_sites_x_250","moderate",-2.5,20,250,5000,0.2264,0.8226,0,56.6,48,66,0,0,0,0,0
2,191,"20_sites_x_250","moderate",-2.5,20,250,5000,0.2244,0.823,0,56.1,48,66,0,0,0,0,0
2,192,"20_sites_x_250","moderate",-2.5,20,250,5000,0.2224,0.8202,0,55.6,48,66,0,0,0,0,0
2,193,"20_sites_x_250","moderate",-2.5,20,250,5000,0.225,0.8198,0,56.25,48,66,0,0,0,0,0
2,194,"20_sites_x_250","moderate",-2.5,20,250,5000,0.2258,0.8204,0,56.45,48,66,0,0,0,0,0
2,195,"20_sites_x_250","moderate",-2.5,20,250,5000,0.2278,0.822,0,56.95,48,67,0,0,0,0,0
2,196,"20_sites_x_250","moderate",-2.5,20,250,5000,0.2274,0.823,0,56.85,48,67,0,0,0,0,0
2,197,"20_sites_x_250","moderate",-2.5,20,250,5000,0.2274,0.8236,0,56.85,48,67,0,0,0,0,0
2,198,"20_sites_x_250","moderate",-2.5,20,250,5000,0.2288,0.8232,0,57.2,48,67,0,0,0,0,0
2,199,"20_sites_x_250","moderate",-2.5,20,250,5000,0.2308,0.8226,0,57.7,48,67,0,0,0,0,0
2,200,"20_sites_x_250","moderate",-2.5,20,250,5000,0.2318,0.822,0,57.95,48,67,0,0,0,0,0
2,201,"20_sites_x_250","moderate",-2.5,20,250,5000,0.2324,0.8208,0,58.1,48,67,0,0,0,0,0
2,202,"20_sites_x_250","moderate",-2.5,20,250,5000,0.2328,0.8218,0,58.2,48,67,0,0,0,0,0
2,203,"20_sites_x_250","moderate",-2.5,20,250,5000,0.232,0.8212,0,58,48,67,0,0,0,0,0
2,204,"20_sites_x_250","moderate",-2.5,20,250,5000,0.233,0.82,0,58.25,48,67,0,0,0,0,0
2,205,"20_sites_x_250","moderate",-2.5,20,250,5000,0.2308,0.8176,0,57.7,48,67,0,0,0,0,0
2,206,"20_sites_x_250","moderate",-2.5,20,250,5000,0.2272,0.8194,0,56.8,48,67,0,0,0,0,0
2,207,"20_sites_x_250","moderate",-2.5,20,250,5000,0.23,0.8182,0,57.5,48,70,0,0,0,0,0
2,208,"20_sites_x_250","moderate",-2.5,20,250,5000,0.2282,0.8186,0,57.05,39,70,0,0,0,0,0
2,209,"20_sites_x_250","moderate",-2.5,20,250,5000,0.2256,0.819,0,56.4,39,70,0,0,0,0,0
2,210,"20_sites_x_250","moderate",-2.5,20,250,5000,0.2238,0.8196,0,55.95,39,70,0,0,0,0,0
2,211,"20_sites_x_250","moderate",-2.5,20,250,5000,0.2268,0.818,0,56.7,39,70,0,0,0,0,0
2,212,"20_sites_x_250","moderate",-2.5,20,250,5000,0.2288,0.8206,0,57.2,39,70,0,0,0,0,0
2,213,"20_sites_x_250","moderate",-2.5,20,250,5000,0.227,0.8172,0,56.75,39,70,0,0,0,0,0
2,214,"20_sites_x_250","moderate",-2.5,20,250,5000,0.2252,0.817,0,56.3,39,70,0,0,0,0,0
2,215,"20_sites_x_250","moderate",-2.5,20,250,5000,0.2244,0.8152,0,56.1,39,70,0,0,0,0,0
2,216,"20_sites_x_250","moderate",-2.5,20,250,5000,0.2268,0.8142,0,56.7,39,70,0,0,0,0,0
2,217,"20_sites_x_250","moderate",-2.5,20,250,5000,0.2254,0.8148,0,56.35,39,70,0,0,0,0,0
2,218,"20_sites_x_250","moderate",-2.5,20,250,5000,0.2246,0.814,0,56.15,39,70,0,0,0,0,0
2,219,"20_sites_x_250","moderate",-2.5,20,250,5000,0.2234,0.815,0,55.85,39,70,0,0,0,0,0
2,220,"20_sites_x_250","moderate",-2.5,20,250,5000,0.2222,0.8142,0,55.55,39,70,0,0,0,0,0
2,221,"20_sites_x_250","moderate",-2.5,20,250,5000,0.223,0.8138,0,55.75,39,70,0,0,0,0,0
2,222,"20_sites_x_250","moderate",-2.5,20,250,5000,0.2234,0.8124,0,55.85,39,70,0,0,0,0,0
2,223,"20_sites_x_250","moderate",-2.5,20,250,5000,0.2254,0.8124,0,56.35,39,70,0,0,0,0,0
2,224,"20_sites_x_250","moderate",-2.5,20,250,5000,0.225,0.813,0,56.25,39,70,0,0,0,0,0
2,225,"20_sites_x_250","moderate",-2.5,20,250,5000,0.2264,0.815,0,56.6,39,70,0,0,0,0,0
2,226,"20_sites_x_250","moderate",-2.5,20,250,5000,0.2286,0.8144,0,57.15,39,70,0,0,0,0,0
2,227,"20_sites_x_250","moderate",-2.5,20,250,5000,0.2268,0.8144,0,56.7,39,69,0,0,0,0,0
2,228,"20_sites_x_250","moderate",-2.5,20,250,5000,0.2286,0.8116,0,57.15,48,69,0,0,0,0,0
2,229,"20_sites_x_250","moderate",-2.5,20,250,5000,0.2304,0.8102,0,57.6,48,69,0,0,0,0,0
2,230,"20_sites_x_250","moderate",-2.5,20,250,5000,0.2308,0.8112,0,57.7,48,69,0,0,0,0,0
2,231,"20_sites_x_250","moderate",-2.5,20,250,5000,0.2282,0.8126,0,57.05,48,69,0,0,0,0,0
2,232,"20_sites_x_250","moderate",-2.5,20,250,5000,0.2278,0.8126,0,56.95,48,69,0,0,0,0,0
2,233,"20_sites_x_250","moderate",-2.5,20,250,5000,0.2294,0.8154,0,57.35,48,69,0,0,0,0,0
2,234,"20_sites_x_250","moderate",-2.5,20,250,5000,0.233,0.8154,0,58.25,48,69,0,0,0,0,0
2,235,"20_sites_x_250","moderate",-2.5,20,250,5000,0.2328,0.8148,0,58.2,48,69,0,0,0,0,0
2,236,"20_sites_x_250","moderate",-2.5,20,250,5000,0.23,0.8144,0,57.5,48,67,0,0,0,0,0
2,237,"20_sites_x_250","moderate",-2.5,20,250,5000,0.2322,0.813,0,58.05,48,67,0,0,0,0,0
2,238,"20_sites_x_250","moderate",-2.5,20,250,5000,0.2346,0.8134,0,58.65,48,69,0,0,0,0,0
2,239,"20_sites_x_250","moderate",-2.5,20,250,5000,0.2328,0.8138,0,58.2,48,69,0,0,0,0,0
2,240,"20_sites_x_250","moderate",-2.5,20,250,5000,0.2336,0.8142,0,58.4,48,69,0,0,0,0,0
2,241,"20_sites_x_250","moderate",-2.5,20,250,5000,0.2338,0.8148,0,58.45,48,69,0,0,0,0,0
2,242,"20_sites_x_250","moderate",-2.5,20,250,5000,0.2338,0.815,0,58.45,48,69,0,0,0,0,0
2,243,"20_sites_x_250","moderate",-2.5,20,250,5000,0.233,0.8162,0,58.25,48,69,0,0,0,0,0
2,244,"20_sites_x_250","moderate",-2.5,20,250,5000,0.2322,0.8164,0,58.05,48,69,0,0,0,0,0
2,245,"20_sites_x_250","moderate",-2.5,20,250,5000,0.235,0.8158,0,58.75,48,71,0,0,0,0,0
2,246,"20_sites_x_250","moderate",-2.5,20,250,5000,0.2342,0.816,0,58.55,48,71,0,0,0,0,0
2,247,"20_sites_x_250","moderate",-2.5,20,250,5000,0.2342,0.8188,0,58.55,48,71,0,0,0,0,0
2,248,"20_sites_x_250","moderate",-2.5,20,250,5000,0.2354,0.8184,0,58.85,50,71,0,0,0,0,0
2,249,"20_sites_x_250","moderate",-2.5,20,250,5000,0.236,0.8192,0,59,50,71,0,0,0,0,0
2,250,"20_sites_x_250","moderate",-2.5,20,250,5000,0.2376,0.8206,0,59.4,50,71,0,0,0,0,0
2,251,"20_sites_x_250","moderate",-2.5,20,250,5000,0.2374,0.8192,0,59.35,50,71,0,0,0,0,0
2,252,"20_sites_x_250","moderate",-2.5,20,250,5000,0.24,0.8174,0,60,50,72,0,0,0,0,0
2,253,"20_sites_x_250","moderate",-2.5,20,250,5000,0.2402,0.815,0,60.05,50,72,0,0,0,0,0
2,254,"20_sites_x_250","moderate",-2.5,20,250,5000,0.2392,0.8138,0,59.8,50,72,0,0,0,0,0
2,255,"20_sites_x_250","moderate",-2.5,20,250,5000,0.238,0.8164,0,59.5,50,72,0,0,0,0,0
2,256,"20_sites_x_250","moderate",-2.5,20,250,5000,0.237,0.8196,0,59.25,50,72,0,0,0,0,0
2,257,"20_sites_x_250","moderate",-2.5,20,250,5000,0.2364,0.819,0,59.1,50,72,0,0,0,0,0
2,258,"20_sites_x_250","moderate",-2.5,20,250,5000,0.2364,0.8168,0,59.1,50,72,0,0,0,0,0
2,259,"20_sites_x_250","moderate",-2.5,20,250,5000,0.2356,0.8134,0,58.9,46,72,0,0,0,0,0
2,260,"20_sites_x_250","moderate",-2.5,20,250,5000,0.2366,0.8148,0,59.15,46,72,0,0,0,0,0
2,261,"20_sites_x_250","moderate",-2.5,20,250,5000,0.236,0.8138,0,59,46,72,0,0,0,0,0
2,262,"20_sites_x_250","moderate",-2.5,20,250,5000,0.2356,0.8138,0,58.9,46,72,0,0,0,0,0
2,263,"20_sites_x_250","moderate",-2.5,20,250,5000,0.2362,0.8132,0,59.05,46,72,0,0,0,0,0
2,264,"20_sites_x_250","moderate",-2.5,20,250,5000,0.2356,0.8154,0,58.9,46,72,0,0,0,0,0
2,265,"20_sites_x_250","moderate",-2.5,20,250,5000,0.2336,0.8156,0,58.4,46,72,0,0,0,0,0
2,266,"20_sites_x_250","moderate",-2.5,20,250,5000,0.2336,0.817,0,58.4,46,72,0,0,0,0,0
2,267,"20_sites_x_250","moderate",-2.5,20,250,5000,0.2306,0.8146,0,57.65,46,72,0,0,0,0,0
2,268,"20_sites_x_250","moderate",-2.5,20,250,5000,0.2326,0.8156,0,58.15,46,72,0,0,0,0,0
2,269,"20_sites_x_250","moderate",-2.5,20,250,5000,0.2328,0.8168,0,58.2,46,72,0,0,0,0,0
2,270,"20_sites_x_250","moderate",-2.5,20,250,5000,0.2316,0.816,0,57.9,46,72,0,0,0,0,0
2,271,"20_sites_x_250","moderate",-2.5,20,250,5000,0.232,0.816,0,58,46,72,0,0,0,0,0
2,272,"20_sites_x_250","moderate",-2.5,20,250,5000,0.2316,0.8172,0,57.9,46,70,0,0,0,0,0
2,273,"20_sites_x_250","moderate",-2.5,20,250,5000,0.233,0.8186,0,58.25,46,70,0,0,0,0,0
2,274,"20_sites_x_250","moderate",-2.5,20,250,5000,0.23,0.8228,0,57.5,46,70,0,0,0,0,0
2,275,"20_sites_x_250","moderate",-2.5,20,250,5000,0.2308,0.8204,0,57.7,46,70,0,0,0,0,0
2,276,"20_sites_x_250","moderate",-2.5,20,250,5000,0.2322,0.8168,0,58.05,46,70,0,0,0,0,0
2,277,"20_sites_x_250","moderate",-2.5,20,250,5000,0.2306,0.8192,0,57.65,46,70,0,0,0,0,0
2,278,"20_sites_x_250","moderate",-2.5,20,250,5000,0.2276,0.8224,0,56.9,46,70,0,0,0,0,0
2,279,"20_sites_x_250","moderate",-2.5,20,250,5000,0.2296,0.8254,0,57.4,46,70,0,0,0,0,0
2,280,"20_sites_x_250","moderate",-2.5,20,250,5000,0.2266,0.825,0,56.65,46,70,0,0,0,0,0
2,281,"20_sites_x_250","moderate",-2.5,20,250,5000,0.2278,0.8284,0,56.95,46,70,0,0,0,0,0
2,282,"20_sites_x_250","moderate",-2.5,20,250,5000,0.2282,0.8298,0,57.05,46,70,0,0,0,0,0
2,283,"20_sites_x_250","moderate",-2.5,20,250,5000,0.2292,0.8298,0,57.3,46,70,0,0,0,0,0
2,284,"20_sites_x_250","moderate",-2.5,20,250,5000,0.2294,0.8284,0,57.35,46,70,0,0,0,0,0
2,285,"20_sites_x_250","moderate",-2.5,20,250,5000,0.228,0.8304,0,57,46,70,0,0,0,0,0
2,286,"20_sites_x_250","moderate",-2.5,20,250,5000,0.2278,0.8302,0,56.95,46,70,0,0,0,0,0
2,287,"20_sites_x_250","moderate",-2.5,20,250,5000,0.2308,0.8314,0,57.7,47,70,0,0,0,0,0
2,288,"20_sites_x_250","moderate",-2.5,20,250,5000,0.2276,0.8326,0,56.9,47,70,0,0,0,0,0
2,289,"20_sites_x_250","moderate",-2.5,20,250,5000,0.2272,0.8316,0,56.8,47,70,0,0,0,0,0
2,290,"20_sites_x_250","moderate",-2.5,20,250,5000,0.2258,0.8314,0,56.45,47,70,0,0,0,0,0
2,291,"20_sites_x_250","moderate",-2.5,20,250,5000,0.2262,0.8318,0,56.55,47,70,0,0,0,0,0
2,292,"20_sites_x_250","moderate",-2.5,20,250,5000,0.224,0.8326,0,56,47,68,0,0,0,0,0
2,293,"20_sites_x_250","moderate",-2.5,20,250,5000,0.2228,0.8328,0,55.7,47,64,0,0,0,0,0
2,294,"20_sites_x_250","moderate",-2.5,20,250,5000,0.2248,0.8314,0,56.2,48,64,0,0,0,0,0
2,295,"20_sites_x_250","moderate",-2.5,20,250,5000,0.222,0.8318,0,55.5,46,64,0,0,0,0,0
2,296,"20_sites_x_250","moderate",-2.5,20,250,5000,0.2188,0.8324,0,54.7,41,64,0,0,0,0,0
2,297,"20_sites_x_250","moderate",-2.5,20,250,5000,0.2194,0.8314,0,54.85,41,64,0,0,0,0,0
2,298,"20_sites_x_250","moderate",-2.5,20,250,5000,0.2184,0.8308,0,54.6,41,64,0,0,0,0,0
2,299,"20_sites_x_250","moderate",-2.5,20,250,5000,0.2164,0.8322,0,54.1,41,64,0,0,0,0,0
2,300,"20_sites_x_250","moderate",-2.5,20,250,5000,0.218,0.8306,0,54.5,41,64,0,0,0,0,0
3,1,"50_sites_x_100","moderate",-2.5,50,100,5000,0.221,0.816,0,22.1,12,30,0,0,0,0,0
3,2,"50_sites_x_100","moderate",-2.5,50,100,5000,0.2222,0.816,0,22.22,12,30,0,0,0,0,0
3,3,"50_sites_x_100","moderate",-2.5,50,100,5000,0.2216,0.8152,0,22.16,12,30,0,0,0,0,0
3,4,"50_sites_x_100","moderate",-2.5,50,100,5000,0.2216,0.8158,0,22.16,12,30,0,0,0,0,0
3,5,"50_sites_x_100","moderate",-2.5,50,100,5000,0.2232,0.8158,0,22.32,12,30,0,0,0,0,0
3,6,"50_sites_x_100","moderate",-2.5,50,100,5000,0.2248,0.8148,0,22.48,12,30,0,0,0,0,0
3,7,"50_sites_x_100","moderate",-2.5,50,100,5000,0.225,0.815,0,22.5,12,30,0,0,0,0,0
3,8,"50_sites_x_100","moderate",-2.5,50,100,5000,0.2252,0.8142,0,22.52,12,30,0,0,0,0,0
3,9,"50_sites_x_100","moderate",-2.5,50,100,5000,0.2258,0.8142,0,22.58,12,30,0,0,0,0,0
3,10,"50_sites_x_100","moderate",-2.5,50,100,5000,0.2282,0.8134,0,22.82,12,33,0,0,0,0,0
3,11,"50_sites_x_100","moderate",-2.5,50,100,5000,0.2274,0.8138,0,22.74,12,33,0,0,0,0,0
3,12,"50_sites_x_100","moderate",-2.5,50,100,5000,0.2262,0.8138,0,22.62,12,33,0,0,0,0,0
3,13,"50_sites_x_100","moderate",-2.5,50,100,5000,0.2256,0.8146,0,22.56,12,33,0,0,0,0,0
3,14,"50_sites_x_100","moderate",-2.5,50,100,5000,0.2266,0.8142,0,22.66,12,33,0,0,0,0,0
3,15,"50_sites_x_100","moderate",-2.5,50,100,5000,0.2252,0.8124,0,22.52,12,33,0,0,0,0,0
3,16,"50_sites_x_100","moderate",-2.5,50,100,5000,0.225,0.813,0,22.5,12,33,0,0,0,0,0
3,17,"50_sites_x_100","moderate",-2.5,50,100,5000,0.2268,0.814,0,22.68,12,33,0,0,0,0,0
3,18,"50_sites_x_100","moderate",-2.5,50,100,5000,0.2268,0.8148,0,22.68,12,33,0,0,0,0,0
3,19,"50_sites_x_100","moderate",-2.5,50,100,5000,0.2278,0.815,0,22.78,12,33,0,0,0,0,0
3,20,"50_sites_x_100","moderate",-2.5,50,100,5000,0.2276,0.8146,0,22.76,12,33,0,0,0,0,0
3,21,"50_sites_x_100","moderate",-2.5,50,100,5000,0.2268,0.8168,0,22.68,12,33,0,0,0,0,0
3,22,"50_sites_x_100","moderate",-2.5,50,100,5000,0.2288,0.8182,0,22.88,15,33,0,0,0,0,0
3,23,"50_sites_x_100","moderate",-2.5,50,100,5000,0.2294,0.8178,0,22.94,15,33,0,0,0,0,0
3,24,"50_sites_x_100","moderate",-2.5,50,100,5000,0.2298,0.8176,0,22.98,15,33,0,0,0,0,0
3,25,"50_sites_x_100","moderate",-2.5,50,100,5000,0.2288,0.8174,0,22.88,15,33,0,0,0,0,0
3,26,"50_sites_x_100","moderate",-2.5,50,100,5000,0.23,0.8184,0,23,15,33,0,0,0,0,0
3,27,"50_sites_x_100","moderate",-2.5,50,100,5000,0.2292,0.8186,0,22.92,15,33,0,0,0,0,0
3,28,"50_sites_x_100","moderate",-2.5,50,100,5000,0.2294,0.8182,0,22.94,15,33,0,0,0,0,0
3,29,"50_sites_x_100","moderate",-2.5,50,100,5000,0.2306,0.8178,0,23.06,15,33,0,0,0,0,0
3,30,"50_sites_x_100","moderate",-2.5,50,100,5000,0.2288,0.8186,0,22.88,15,33,0,0,0,0,0
3,31,"50_sites_x_100","moderate",-2.5,50,100,5000,0.229,0.8182,0,22.9,15,33,0,0,0,0,0
3,32,"50_sites_x_100","moderate",-2.5,50,100,5000,0.2292,0.8162,0,22.92,15,33,0,0,0,0,0
3,33,"50_sites_x_100","moderate",-2.5,50,100,5000,0.2298,0.818,0,22.98,15,33,0,0,0,0,0
3,34,"50_sites_x_100","moderate",-2.5,50,100,5000,0.231,0.818,0,23.1,17,33,0,0,0,0,0
3,35,"50_sites_x_100","moderate",-2.5,50,100,5000,0.2318,0.8168,0,23.18,17,33,0,0,0,0,0
3,36,"50_sites_x_100","moderate",-2.5,50,100,5000,0.2332,0.8164,0,23.32,17,33,0,0,0,0,0
3,37,"50_sites_x_100","moderate",-2.5,50,100,5000,0.2344,0.8144,0,23.44,17,33,0,0,0,0,0
3,38,"50_sites_x_100","moderate",-2.5,50,100,5000,0.2342,0.814,0,23.42,17,33,0,0,0,0,0
3,39,"50_sites_x_100","moderate",-2.5,50,100,5000,0.2348,0.814,0,23.48,17,33,0,0,0,0,0
3,40,"50_sites_x_100","moderate",-2.5,50,100,5000,0.2348,0.8136,0,23.48,17,33,0,0,0,0,0
3,41,"50_sites_x_100","moderate",-2.5,50,100,5000,0.2344,0.8138,0,23.44,17,33,0,0,0,0,0
3,42,"50_sites_x_100","moderate",-2.5,50,100,5000,0.2344,0.8152,0,23.44,17,33,0,0,0,0,0
3,43,"50_sites_x_100","moderate",-2.5,50,100,5000,0.235,0.8148,0,23.5,17,33,0,0,0,0,0
3,44,"50_sites_x_100","moderate",-2.5,50,100,5000,0.2342,0.8154,0,23.42,17,33,0,0,0,0,0
3,45,"50_sites_x_100","moderate",-2.5,50,100,5000,0.235,0.815,0,23.5,17,34,0,0,0,0,0
3,46,"50_sites_x_100","moderate",-2.5,50,100,5000,0.2362,0.814,0,23.62,17,34,0,0,0,0,0
3,47,"50_sites_x_100","moderate",-2.5,50,100,5000,0.236,0.8144,0,23.6,17,34,0,0,0,0,0
3,48,"50_sites_x_100","moderate",-2.5,50,100,5000,0.2352,0.816,0,23.52,17,34,0,0,0,0,0
3,49,"50_sites_x_100","moderate",-2.5,50,100,5000,0.2346,0.816,0,23.46,17,34,0,0,0,0,0
3,50,"50_sites_x_100","moderate",-2.5,50,100,5000,0.235,0.8172,0,23.5,17,34,0,0,0,0,0
3,51,"50_sites_x_100","moderate",-2.5,50,100,5000,0.2342,0.8166,0,23.42,17,34,0,0,0,0,0
3,52,"50_sites_x_100","moderate",-2.5,50,100,5000,0.233,0.8146,0,23.3,17,34,0,0,0,0,0
3,53,"50_sites_x_100","moderate",-2.5,50,100,5000,0.2332,0.8162,0,23.32,17,34,0,0,0,0,0
3,54,"50_sites_x_100","moderate",-2.5,50,100,5000,0.235,0.8162,0,23.5,17,34,0,0,0,0,0
3,55,"50_sites_x_100","moderate",-2.5,50,100,5000,0.2352,0.8144,0,23.52,17,34,0,0,0,0,0
3,56,"50_sites_x_100","moderate",-2.5,50,100,5000,0.2334,0.8154,0,23.34,17,34,0,0,0,0,0
3,57,"50_sites_x_100","moderate",-2.5,50,100,5000,0.232,0.8148,0,23.2,17,34,0,0,0,0,0
3,58,"50_sites_x_100","moderate",-2.5,50,100,5000,0.2306,0.8154,0,23.06,17,34,0,0,0,0,0
3,59,"50_sites_x_100","moderate",-2.5,50,100,5000,0.2292,0.8166,0,22.92,14,34,0,0,0,0,0
3,60,"50_sites_x_100","moderate",-2.5,50,100,5000,0.2288,0.817,0,22.88,14,34,0,0,0,0,0
3,61,"50_sites_x_100","moderate",-2.5,50,100,5000,0.2294,0.8154,0,22.94,14,34,0,0,0,0,0
3,62,"50_sites_x_100","moderate",-2.5,50,100,5000,0.2306,0.8158,0,23.06,14,34,0,0,0,0,0
3,63,"50_sites_x_100","moderate",-2.5,50,100,5000,0.2304,0.8178,0,23.04,14,34,0,0,0,0,0
3,64,"50_sites_x_100","moderate",-2.5,50,100,5000,0.2306,0.818,0,23.06,14,34,0,0,0,0,0
3,65,"50_sites_x_100","moderate",-2.5,50,100,5000,0.2312,0.8192,0,23.12,14,34,0,0,0,0,0
3,66,"50_sites_x_100","moderate",-2.5,50,100,5000,0.23,0.8176,0,23,14,34,0,0,0,0,0
3,67,"50_sites_x_100","moderate",-2.5,50,100,5000,0.2312,0.8164,0,23.12,14,34,0,0,0,0,0
3,68,"50_sites_x_100","moderate",-2.5,50,100,5000,0.2302,0.816,0,23.02,14,34,0,0,0,0,0
3,69,"50_sites_x_100","moderate",-2.5,50,100,5000,0.2312,0.8152,0,23.12,14,34,0,0,0,0,0
3,70,"50_sites_x_100","moderate",-2.5,50,100,5000,0.2316,0.8156,0,23.16,14,34,0,0,0,0,0
3,71,"50_sites_x_100","moderate",-2.5,50,100,5000,0.2306,0.8144,0,23.06,14,34,0,0,0,0,0
3,72,"50_sites_x_100","moderate",-2.5,50,100,5000,0.2322,0.814,0,23.22,14,34,0,0,0,0,0
3,73,"50_sites_x_100","moderate",-2.5,50,100,5000,0.2322,0.8144,0,23.22,14,34,0,0,0,0,0
3,74,"50_sites_x_100","moderate",-2.5,50,100,5000,0.2328,0.8158,0,23.28,14,34,0,0,0,0,0
3,75,"50_sites_x_100","moderate",-2.5,50,100,5000,0.2326,0.8156,0,23.26,14,34,0,0,0,0,0
3,76,"50_sites_x_100","moderate",-2.5,50,100,5000,0.2318,0.8166,0,23.18,14,34,0,0,0,0,0
3,77,"50_sites_x_100","moderate",-2.5,50,100,5000,0.232,0.8168,0,23.2,14,34,0,0,0,0,0
3,78,"50_sites_x_100","moderate",-2.5,50,100,5000,0.233,0.8162,0,23.3,14,34,0,0,0,0,0
3,79,"50_sites_x_100","moderate",-2.5,50,100,5000,0.2304,0.817,0,23.04,14,34,0,0,0,0,0
3,80,"50_sites_x_100","moderate",-2.5,50,100,5000,0.2308,0.8172,0,23.08,14,34,0,0,0,0,0
3,81,"50_sites_x_100","moderate",-2.5,50,100,5000,0.2318,0.818,0,23.18,14,34,0,0,0,0,0
3,82,"50_sites_x_100","moderate",-2.5,50,100,5000,0.2306,0.82,0,23.06,14,34,0,0,0,0,0
3,83,"50_sites_x_100","moderate",-2.5,50,100,5000,0.2328,0.8172,0,23.28,14,34,0,0,0,0,0
3,84,"50_sites_x_100","moderate",-2.5,50,100,5000,0.2332,0.8184,0,23.32,14,34,0,0,0,0,0
3,85,"50_sites_x_100","moderate",-2.5,50,100,5000,0.2316,0.819,0,23.16,14,34,0,0,0,0,0
3,86,"50_sites_x_100","moderate",-2.5,50,100,5000,0.232,0.819,0,23.2,14,34,0,0,0,0,0
3,87,"50_sites_x_100","moderate",-2.5,50,100,5000,0.231,0.8212,0,23.1,14,34,0,0,0,0,0
3,88,"50_sites_x_100","moderate",-2.5,50,100,5000,0.2324,0.8216,0,23.24,14,34,0,0,0,0,0
3,89,"50_sites_x_100","moderate",-2.5,50,100,5000,0.232,0.8216,0,23.2,14,34,0,0,0,0,0
3,90,"50_sites_x_100","moderate",-2.5,50,100,5000,0.232,0.823,0,23.2,14,34,0,0,0,0,0
3,91,"50_sites_x_100","moderate",-2.5,50,100,5000,0.2322,0.8244,0,23.22,14,34,0,0,0,0,0
3,92,"50_sites_x_100","moderate",-2.5,50,100,5000,0.2302,0.825,0,23.02,14,34,0,0,0,0,0
3,93,"50_sites_x_100","moderate",-2.5,50,100,5000,0.2292,0.8246,0,22.92,14,34,0,0,0,0,0
3,94,"50_sites_x_100","moderate",-2.5,50,100,5000,0.2294,0.8246,0,22.94,14,34,0,0,0,0,0
3,95,"50_sites_x_100","moderate",-2.5,50,100,5000,0.226,0.825,0,22.6,14,31,0,0,0,0,0
3,96,"50_sites_x_100","moderate",-2.5,50,100,5000,0.226,0.827,0,22.6,14,31,0,0,0,0,0
3,97,"50_sites_x_100","moderate",-2.5,50,100,5000,0.2246,0.8288,0,22.46,14,31,0,0,0,0,0
3,98,"50_sites_x_100","moderate",-2.5,50,100,5000,0.2258,0.8282,0,22.58,14,31,0,0,0,0,0
3,99,"50_sites_x_100","moderate",-2.5,50,100,5000,0.225,0.8296,0,22.5,14,31,0,0,0,0,0
3,100,"50_sites_x_100","moderate",-2.5,50,100,5000,0.2258,0.8286,0,22.58,14,31,0,0,0,0,0
3,101,"50_sites_x_100","moderate",-2.5,50,100,5000,0.2262,0.8286,0,22.62,14,31,0,0,0,0,0
3,102,"50_sites_x_100","moderate",-2.5,50,100,5000,0.2274,0.832,0,22.74,14,31,0,0,0,0,0
3,103,"50_sites_x_100","moderate",-2.5,50,100,5000,0.2268,0.8322,0,22.68,14,31,0,0,0,0,0
3,104,"50_sites_x_100","moderate",-2.5,50,100,5000,0.2268,0.8326,0,22.68,14,31,0,0,0,0,0
3,105,"50_sites_x_100","moderate",-2.5,50,100,5000,0.2272,0.8328,0,22.72,14,33,0,0,0,0,0
3,106,"50_sites_x_100","moderate",-2.5,50,100,5000,0.2288,0.8328,0,22.88,14,33,0,0,0,0,0
3,107,"50_sites_x_100","moderate",-2.5,50,100,5000,0.2294,0.8334,0,22.94,14,33,0,0,0,0,0
3,108,"50_sites_x_100","moderate",-2.5,50,100,5000,0.229,0.833,0,22.9,14,33,0,0,0,0,0
3,109,"50_sites_x_100","moderate",-2.5,50,100,5000,0.2318,0.8312,0,23.18,14,33,0,0,0,0,0
3,110,"50_sites_x_100","moderate",-2.5,50,100,5000,0.2298,0.8298,0,22.98,14,33,0,0,0,0,0
3,111,"50_sites_x_100","moderate",-2.5,50,100,5000,0.2296,0.8308,0,22.96,14,33,0,0,0,0,0
3,112,"50_sites_x_100","moderate",-2.5,50,100,5000,0.228,0.8302,0,22.8,14,33,0,0,0,0,0
3,113,"50_sites_x_100","moderate",-2.5,50,100,5000,0.2296,0.8284,0,22.96,14,33,0,0,0,0,0
3,114,"50_sites_x_100","moderate",-2.5,50,100,5000,0.2304,0.8288,0,23.04,14,33,0,0,0,0,0
3,115,"50_sites_x_100","moderate",-2.5,50,100,5000,0.2306,0.8296,0,23.06,14,33,0,0,0,0,0
3,116,"50_sites_x_100","moderate",-2.5,50,100,5000,0.2306,0.8298,0,23.06,14,33,0,0,0,0,0
3,117,"50_sites_x_100","moderate",-2.5,50,100,5000,0.2284,0.8324,0,22.84,14,33,0,0,0,0,0
3,118,"50_sites_x_100","moderate",-2.5,50,100,5000,0.2286,0.8332,0,22.86,14,33,0,0,0,0,0
3,119,"50_sites_x_100","moderate",-2.5,50,100,5000,0.228,0.8332,0,22.8,14,33,0,0,0,0,0
3,120,"50_sites_x_100","moderate",-2.5,50,100,5000,0.2272,0.8334,0,22.72,14,33,0,0,0,0,0
3,121,"50_sites_x_100","moderate",-2.5,50,100,5000,0.2284,0.8324,0,22.84,14,33,0,0,0,0,0
3,122,"50_sites_x_100","moderate",-2.5,50,100,5000,0.2268,0.8306,0,22.68,14,33,0,0,0,0,0
3,123,"50_sites_x_100","moderate",-2.5,50,100,5000,0.2272,0.8304,0,22.72,14,33,0,0,0,0,0
3,124,"50_sites_x_100","moderate",-2.5,50,100,5000,0.2282,0.8292,0,22.82,14,33,0,0,0,0,0
3,125,"50_sites_x_100","moderate",-2.5,50,100,5000,0.2296,0.8292,0,22.96,14,33,0,0,0,0,0
3,126,"50_sites_x_100","moderate",-2.5,50,100,5000,0.2284,0.828,0,22.84,14,33,0,0,0,0,0
3,127,"50_sites_x_100","moderate",-2.5,50,100,5000,0.2292,0.8286,0,22.92,14,33,0,0,0,0,0
3,128,"50_sites_x_100","moderate",-2.5,50,100,5000,0.2284,0.8298,0,22.84,14,33,0,0,0,0,0
3,129,"50_sites_x_100","moderate",-2.5,50,100,5000,0.2292,0.8294,0,22.92,15,33,0,0,0,0,0
3,130,"50_sites_x_100","moderate",-2.5,50,100,5000,0.2298,0.829,0,22.98,15,33,0,0,0,0,0
3,131,"50_sites_x_100","moderate",-2.5,50,100,5000,0.2292,0.8306,0,22.92,15,33,0,0,0,0,0
3,132,"50_sites_x_100","moderate",-2.5,50,100,5000,0.229,0.8296,0,22.9,15,33,0,0,0,0,0
3,133,"50_sites_x_100","moderate",-2.5,50,100,5000,0.2274,0.8318,0,22.74,15,33,0,0,0,0,0
3,134,"50_sites_x_100","moderate",-2.5,50,100,5000,0.226,0.8312,0,22.6,15,33,0,0,0,0,0
3,135,"50_sites_x_100","moderate",-2.5,50,100,5000,0.2284,0.8302,0,22.84,15,33,0,0,0,0,0
3,136,"50_sites_x_100","moderate",-2.5,50,100,5000,0.2276,0.8296,0,22.76,15,33,0,0,0,0,0
3,137,"50_sites_x_100","moderate",-2.5,50,100,5000,0.2288,0.8302,0,22.88,15,33,0,0,0,0,0
3,138,"50_sites_x_100","moderate",-2.5,50,100,5000,0.2286,0.8306,0,22.86,15,33,0,0,0,0,0
3,139,"50_sites_x_100","moderate",-2.5,50,100,5000,0.2288,0.832,0,22.88,15,33,0,0,0,0,0
3,140,"50_sites_x_100","moderate",-2.5,50,100,5000,0.2286,0.8312,0,22.86,15,33,0,0,0,0,0
3,141,"50_sites_x_100","moderate",-2.5,50,100,5000,0.229,0.8302,0,22.9,15,33,0,0,0,0,0
3,142,"50_sites_x_100","moderate",-2.5,50,100,5000,0.2306,0.8286,0,23.06,15,33,0,0,0,0,0
3,143,"50_sites_x_100","moderate",-2.5,50,100,5000,0.231,0.8278,0,23.1,15,33,0,0,0,0,0
3,144,"50_sites_x_100","moderate",-2.5,50,100,5000,0.2308,0.8268,0,23.08,15,33,0,0,0,0,0
3,145,"50_sites_x_100","moderate",-2.5,50,100,5000,0.231,0.8256,0,23.1,15,33,0,0,0,0,0
3,146,"50_sites_x_100","moderate",-2.5,50,100,5000,0.2312,0.8252,0,23.12,15,33,0,0,0,0,0
3,147,"50_sites_x_100","moderate",-2.5,50,100,5000,0.2304,0.8258,0,23.04,15,33,0,0,0,0,0
3,148,"50_sites_x_100","moderate",-2.5,50,100,5000,0.2278,0.8262,0,22.78,15,33,0,0,0,0,0
3,149,"50_sites_x_100","moderate",-2.5,50,100,5000,0.2286,0.8266,0,22.86,15,33,0,0,0,0,0
3,150,"50_sites_x_100","moderate",-2.5,50,100,5000,0.2276,0.8274,0,22.76,15,33,0,0,0,0,0
3,151,"50_sites_x_100","moderate",-2.5,50,100,5000,0.227,0.8272,0,22.7,15,33,0,0,0,0,0
3,152,"50_sites_x_100","moderate",-2.5,50,100,5000,0.2256,0.8254,0,22.56,15,33,0,0,0,0,0
3,153,"50_sites_x_100","moderate",-2.5,50,100,5000,0.2254,0.8248,0,22.54,15,33,0,0,0,0,0
3,154,"50_sites_x_100","moderate",-2.5,50,100,5000,0.2244,0.825,0,22.44,15,33,0,0,0,0,0
3,155,"50_sites_x_100","moderate",-2.5,50,100,5000,0.2218,0.8254,0,22.18,15,31,0,0,0,0,0
3,156,"50_sites_x_100","moderate",-2.5,50,100,5000,0.2206,0.8256,0,22.06,15,31,0,0,0,0,0
3,157,"50_sites_x_100","moderate",-2.5,50,100,5000,0.22,0.8258,0,22,15,31,0,0,0,0,0
3,158,"50_sites_x_100","moderate",-2.5,50,100,5000,0.221,0.8252,0,22.1,15,31,0,0,0,0,0
3,159,"50_sites_x_100","moderate",-2.5,50,100,5000,0.22,0.8252,0,22,15,31,0,0,0,0,0
3,160,"50_sites_x_100","moderate",-2.5,50,100,5000,0.221,0.827,0,22.1,15,31,0,0,0,0,0
3,161,"50_sites_x_100","moderate",-2.5,50,100,5000,0.222,0.8252,0,22.2,15,31,0,0,0,0,0
3,162,"50_sites_x_100","moderate",-2.5,50,100,5000,0.2208,0.8264,0,22.08,15,31,0,0,0,0,0
3,163,"50_sites_x_100","moderate",-2.5,50,100,5000,0.2204,0.8278,0,22.04,15,31,0,0,0,0,0
3,164,"50_sites_x_100","moderate",-2.5,50,100,5000,0.2172,0.8258,0,21.72,13,31,0,0,0,0,0
3,165,"50_sites_x_100","moderate",-2.5,50,100,5000,0.2174,0.8236,0,21.74,13,31,0,0,0,0,0
3,166,"50_sites_x_100","moderate",-2.5,50,100,5000,0.2184,0.8242,0,21.84,13,31,0,0,0,0,0
3,167,"50_sites_x_100","moderate",-2.5,50,100,5000,0.2196,0.8218,0,21.96,13,31,0,0,0,0,0
3,168,"50_sites_x_100","moderate",-2.5,50,100,5000,0.221,0.8206,0,22.1,13,31,0,0,0,0,0
3,169,"50_sites_x_100","moderate",-2.5,50,100,5000,0.2214,0.8202,0,22.14,13,31,0,0,0,0,0
3,170,"50_sites_x_100","moderate",-2.5,50,100,5000,0.2232,0.8204,0,22.32,13,31,0,0,0,0,0
3,171,"50_sites_x_100","moderate",-2.5,50,100,5000,0.2216,0.8216,0,22.16,13,31,0,0,0,0,0
3,172,"50_sites_x_100","moderate",-2.5,50,100,5000,0.2222,0.8232,0,22.22,13,31,0,0,0,0,0
3,173,"50_sites_x_100","moderate",-2.5,50,100,5000,0.2218,0.8222,0,22.18,13,31,0,0,0,0,0
3,174,"50_sites_x_100","moderate",-2.5,50,100,5000,0.2202,0.8222,0,22.02,13,31,0,0,0,0,0
3,175,"50_sites_x_100","moderate",-2.5,50,100,5000,0.2194,0.822,0,21.94,13,31,0,0,0,0,0
3,176,"50_sites_x_100","moderate",-2.5,50,100,5000,0.2204,0.8206,0,22.04,13,31,0,0,0,0,0
3,177,"50_sites_x_100","moderate",-2.5,50,100,5000,0.22,0.8192,0,22,13,31,0,0,0,0,0
3,178,"50_sites_x_100","moderate",-2.5,50,100,5000,0.2216,0.8192,0,22.16,13,31,0,0,0,0,0
3,179,"50_sites_x_100","moderate",-2.5,50,100,5000,0.2226,0.8194,0,22.26,13,31,0,0,0,0,0
3,180,"50_sites_x_100","moderate",-2.5,50,100,5000,0.2226,0.8202,0,22.26,13,31,0,0,0,0,0
3,181,"50_sites_x_100","moderate",-2.5,50,100,5000,0.2224,0.819,0,22.24,13,31,0,0,0,0,0
3,182,"50_sites_x_100","moderate",-2.5,50,100,5000,0.223,0.8186,0,22.3,13,31,0,0,0,0,0
3,183,"50_sites_x_100","moderate",-2.5,50,100,5000,0.224,0.8184,0,22.4,13,31,0,0,0,0,0
3,184,"50_sites_x_100","moderate",-2.5,50,100,5000,0.2266,0.8186,0,22.66,13,31,0,0,0,0,0
3,185,"50_sites_x_100","moderate",-2.5,50,100,5000,0.2262,0.8182,0,22.62,13,31,0,0,0,0,0
3,186,"50_sites_x_100","moderate",-2.5,50,100,5000,0.2262,0.8196,0,22.62,13,31,0,0,0,0,0
3,187,"50_sites_x_100","moderate",-2.5,50,100,5000,0.226,0.8164,0,22.6,13,30,0,0,0,0,0
3,188,"50_sites_x_100","moderate",-2.5,50,100,5000,0.2262,0.8156,0,22.62,13,30,0,0,0,0,0
3,189,"50_sites_x_100","moderate",-2.5,50,100,5000,0.2266,0.8156,0,22.66,13,30,0,0,0,0,0
3,190,"50_sites_x_100","moderate",-2.5,50,100,5000,0.2272,0.8146,0,22.72,13,30,0,0,0,0,0
3,191,"50_sites_x_100","moderate",-2.5,50,100,5000,0.2264,0.8152,0,22.64,13,30,0,0,0,0,0
3,192,"50_sites_x_100","moderate",-2.5,50,100,5000,0.226,0.8168,0,22.6,13,30,0,0,0,0,0
3,193,"50_sites_x_100","moderate",-2.5,50,100,5000,0.2268,0.817,0,22.68,13,30,0,0,0,0,0
3,194,"50_sites_x_100","moderate",-2.5,50,100,5000,0.2266,0.8172,0,22.66,13,30,0,0,0,0,0
3,195,"50_sites_x_100","moderate",-2.5,50,100,5000,0.2278,0.819,0,22.78,13,30,0,0,0,0,0
3,196,"50_sites_x_100","moderate",-2.5,50,100,5000,0.2288,0.8186,0,22.88,13,33,0,0,0,0,0
3,197,"50_sites_x_100","moderate",-2.5,50,100,5000,0.2312,0.8174,0,23.12,13,33,0,0,0,0,0
3,198,"50_sites_x_100","moderate",-2.5,50,100,5000,0.2328,0.817,0,23.28,13,33,0,0,0,0,0
3,199,"50_sites_x_100","moderate",-2.5,50,100,5000,0.2336,0.8158,0,23.36,13,33,0,0,0,0,0
3,200,"50_sites_x_100","moderate",-2.5,50,100,5000,0.235,0.8152,0,23.5,13,33,0,0,0,0,0
3,201,"50_sites_x_100","moderate",-2.5,50,100,5000,0.2358,0.8146,0,23.58,13,33,0,0,0,0,0
3,202,"50_sites_x_100","moderate",-2.5,50,100,5000,0.2354,0.8154,0,23.54,13,33,0,0,0,0,0
3,203,"50_sites_x_100","moderate",-2.5,50,100,5000,0.2354,0.815,0,23.54,13,33,0,0,0,0,0
3,204,"50_sites_x_100","moderate",-2.5,50,100,5000,0.2358,0.8146,0,23.58,13,33,0,0,0,0,0
3,205,"50_sites_x_100","moderate",-2.5,50,100,5000,0.2364,0.8162,0,23.64,13,33,0,0,0,0,0
3,206,"50_sites_x_100","moderate",-2.5,50,100,5000,0.2374,0.8156,0,23.74,13,33,0,0,0,0,0
3,207,"50_sites_x_100","moderate",-2.5,50,100,5000,0.2388,0.8152,0,23.88,13,33,0,0,0,0,0
3,208,"50_sites_x_100","moderate",-2.5,50,100,5000,0.2388,0.8166,0,23.88,13,33,0,0,0,0,0
3,209,"50_sites_x_100","moderate",-2.5,50,100,5000,0.2378,0.8166,0,23.78,13,33,0,0,0,0,0
3,210,"50_sites_x_100","moderate",-2.5,50,100,5000,0.2348,0.8176,0,23.48,11,33,0,0,0,0,0
3,211,"50_sites_x_100","moderate",-2.5,50,100,5000,0.2356,0.8178,0,23.56,11,33,0,0,0,0,0
3,212,"50_sites_x_100","moderate",-2.5,50,100,5000,0.237,0.8182,0,23.7,11,33,0,0,0,0,0
3,213,"50_sites_x_100","moderate",-2.5,50,100,5000,0.2362,0.8172,0,23.62,11,33,0,0,0,0,0
3,214,"50_sites_x_100","moderate",-2.5,50,100,5000,0.237,0.8186,0,23.7,11,33,0,0,0,0,0
3,215,"50_sites_x_100","moderate",-2.5,50,100,5000,0.2368,0.8198,0,23.68,11,33,0,0,0,0,0
3,216,"50_sites_x_100","moderate",-2.5,50,100,5000,0.2368,0.8194,0,23.68,11,33,0,0,0,0,0
3,217,"50_sites_x_100","moderate",-2.5,50,100,5000,0.2368,0.8198,0,23.68,11,33,0,0,0,0,0
3,218,"50_sites_x_100","moderate",-2.5,50,100,5000,0.2368,0.8198,0,23.68,11,33,0,0,0,0,0
3,219,"50_sites_x_100","moderate",-2.5,50,100,5000,0.2366,0.8216,0,23.66,11,33,0,0,0,0,0
3,220,"50_sites_x_100","moderate",-2.5,50,100,5000,0.2362,0.8216,0,23.62,11,33,0,0,0,0,0
3,221,"50_sites_x_100","moderate",-2.5,50,100,5000,0.2376,0.8208,0,23.76,11,33,0,0,0,0,0
3,222,"50_sites_x_100","moderate",-2.5,50,100,5000,0.2362,0.8218,0,23.62,11,33,0,0,0,0,0
3,223,"50_sites_x_100","moderate",-2.5,50,100,5000,0.2358,0.8224,0,23.58,11,33,0,0,0,0,0
3,224,"50_sites_x_100","moderate",-2.5,50,100,5000,0.236,0.8218,0,23.6,11,33,0,0,0,0,0
3,225,"50_sites_x_100","moderate",-2.5,50,100,5000,0.2352,0.8206,0,23.52,11,33,0,0,0,0,0
3,226,"50_sites_x_100","moderate",-2.5,50,100,5000,0.2356,0.8214,0,23.56,11,33,0,0,0,0,0
3,227,"50_sites_x_100","moderate",-2.5,50,100,5000,0.2348,0.822,0,23.48,11,33,0,0,0,0,0
3,228,"50_sites_x_100","moderate",-2.5,50,100,5000,0.2338,0.8214,0,23.38,11,33,0,0,0,0,0
3,229,"50_sites_x_100","moderate",-2.5,50,100,5000,0.2332,0.8212,0,23.32,11,33,0,0,0,0,0
3,230,"50_sites_x_100","moderate",-2.5,50,100,5000,0.2334,0.82,0,23.34,11,33,0,0,0,0,0
3,231,"50_sites_x_100","moderate",-2.5,50,100,5000,0.2346,0.8194,0,23.46,11,33,0,0,0,0,0
3,232,"50_sites_x_100","moderate",-2.5,50,100,5000,0.2352,0.819,0,23.52,11,33,0,0,0,0,0
3,233,"50_sites_x_100","moderate",-2.5,50,100,5000,0.2342,0.8192,0,23.42,11,33,0,0,0,0,0
3,234,"50_sites_x_100","moderate",-2.5,50,100,5000,0.2332,0.8186,0,23.32,11,33,0,0,0,0,0
3,235,"50_sites_x_100","moderate",-2.5,50,100,5000,0.2334,0.82,0,23.34,11,33,0,0,0,0,0
3,236,"50_sites_x_100","moderate",-2.5,50,100,5000,0.2332,0.82,0,23.32,11,33,0,0,0,0,0
3,237,"50_sites_x_100","moderate",-2.5,50,100,5000,0.2304,0.8236,0,23.04,11,33,0,0,0,0,0
3,238,"50_sites_x_100","moderate",-2.5,50,100,5000,0.2298,0.826,0,22.98,11,33,0,0,0,0,0
3,239,"50_sites_x_100","moderate",-2.5,50,100,5000,0.2298,0.8254,0,22.98,11,33,0,0,0,0,0
3,240,"50_sites_x_100","moderate",-2.5,50,100,5000,0.2302,0.8238,0,23.02,11,33,0,0,0,0,0
3,241,"50_sites_x_100","moderate",-2.5,50,100,5000,0.23,0.8222,0,23,11,33,0,0,0,0,0
3,242,"50_sites_x_100","moderate",-2.5,50,100,5000,0.2296,0.8216,0,22.96,11,33,0,0,0,0,0
3,243,"50_sites_x_100","moderate",-2.5,50,100,5000,0.2308,0.823,0,23.08,11,33,0,0,0,0,0
3,244,"50_sites_x_100","moderate",-2.5,50,100,5000,0.2316,0.8238,0,23.16,11,33,0,0,0,0,0
3,245,"50_sites_x_100","moderate",-2.5,50,100,5000,0.2326,0.824,0,23.26,11,33,0,0,0,0,0
3,246,"50_sites_x_100","moderate",-2.5,50,100,5000,0.2298,0.8252,0,22.98,11,30,0,0,0,0,0
3,247,"50_sites_x_100","moderate",-2.5,50,100,5000,0.2282,0.8252,0,22.82,11,30,0,0,0,0,0
3,248,"50_sites_x_100","moderate",-2.5,50,100,5000,0.2294,0.8262,0,22.94,11,30,0,0,0,0,0
3,249,"50_sites_x_100","moderate",-2.5,50,100,5000,0.2298,0.8258,0,22.98,11,30,0,0,0,0,0
3,250,"50_sites_x_100","moderate",-2.5,50,100,5000,0.2286,0.8262,0,22.86,11,30,0,0,0,0,0
3,251,"50_sites_x_100","moderate",-2.5,50,100,5000,0.2282,0.8262,0,22.82,11,30,0,0,0,0,0
3,252,"50_sites_x_100","moderate",-2.5,50,100,5000,0.2276,0.8256,0,22.76,11,30,0,0,0,0,0
3,253,"50_sites_x_100","moderate",-2.5,50,100,5000,0.2276,0.8252,0,22.76,11,30,0,0,0,0,0
3,254,"50_sites_x_100","moderate",-2.5,50,100,5000,0.2254,0.825,0,22.54,11,30,0,0,0,0,0
3,255,"50_sites_x_100","moderate",-2.5,50,100,5000,0.2246,0.8242,0,22.46,11,30,0,0,0,0,0
3,256,"50_sites_x_100","moderate",-2.5,50,100,5000,0.2238,0.8248,0,22.38,11,30,0,0,0,0,0
3,257,"50_sites_x_100","moderate",-2.5,50,100,5000,0.2234,0.8256,0,22.34,11,30,0,0,0,0,0
3,258,"50_sites_x_100","moderate",-2.5,50,100,5000,0.2234,0.8266,0,22.34,11,30,0,0,0,0,0
3,259,"50_sites_x_100","moderate",-2.5,50,100,5000,0.2238,0.8262,0,22.38,11,30,0,0,0,0,0
3,260,"50_sites_x_100","moderate",-2.5,50,100,5000,0.225,0.8262,0,22.5,16,30,0,0,0,0,0
3,261,"50_sites_x_100","moderate",-2.5,50,100,5000,0.2252,0.826,0,22.52,16,31,0,0,0,0,0
3,262,"50_sites_x_100","moderate",-2.5,50,100,5000,0.2256,0.8246,0,22.56,16,31,0,0,0,0,0
3,263,"50_sites_x_100","moderate",-2.5,50,100,5000,0.2252,0.8236,0,22.52,16,31,0,0,0,0,0
3,264,"50_sites_x_100","moderate",-2.5,50,100,5000,0.2248,0.8228,0,22.48,15,31,0,0,0,0,0
3,265,"50_sites_x_100","moderate",-2.5,50,100,5000,0.225,0.821,0,22.5,15,31,0,0,0,0,0
3,266,"50_sites_x_100","moderate",-2.5,50,100,5000,0.2248,0.8208,0,22.48,15,31,0,0,0,0,0
3,267,"50_sites_x_100","moderate",-2.5,50,100,5000,0.224,0.8206,0,22.4,15,31,0,0,0,0,0
3,268,"50_sites_x_100","moderate",-2.5,50,100,5000,0.2222,0.8218,0,22.22,15,31,0,0,0,0,0
3,269,"50_sites_x_100","moderate",-2.5,50,100,5000,0.2212,0.8208,0,22.12,15,31,0,0,0,0,0
3,270,"50_sites_x_100","moderate",-2.5,50,100,5000,0.222,0.8218,0,22.2,15,31,0,0,0,0,0
3,271,"50_sites_x_100","moderate",-2.5,50,100,5000,0.2218,0.8222,0,22.18,15,31,0,0,0,0,0
3,272,"50_sites_x_100","moderate",-2.5,50,100,5000,0.2232,0.8216,0,22.32,15,31,0,0,0,0,0
3,273,"50_sites_x_100","moderate",-2.5,50,100,5000,0.2224,0.8222,0,22.24,15,31,0,0,0,0,0
3,274,"50_sites_x_100","moderate",-2.5,50,100,5000,0.2226,0.8236,0,22.26,15,31,0,0,0,0,0
3,275,"50_sites_x_100","moderate",-2.5,50,100,5000,0.2244,0.8258,0,22.44,15,31,0,0,0,0,0
3,276,"50_sites_x_100","moderate",-2.5,50,100,5000,0.2238,0.8272,0,22.38,15,31,0,0,0,0,0
3,277,"50_sites_x_100","moderate",-2.5,50,100,5000,0.226,0.8278,0,22.6,15,31,0,0,0,0,0
3,278,"50_sites_x_100","moderate",-2.5,50,100,5000,0.225,0.8286,0,22.5,15,31,0,0,0,0,0
3,279,"50_sites_x_100","moderate",-2.5,50,100,5000,0.2246,0.8282,0,22.46,15,31,0,0,0,0,0
3,280,"50_sites_x_100","moderate",-2.5,50,100,5000,0.224,0.8282,0,22.4,15,31,0,0,0,0,0
3,281,"50_sites_x_100","moderate",-2.5,50,100,5000,0.2226,0.8284,0,22.26,15,31,0,0,0,0,0
3,282,"50_sites_x_100","moderate",-2.5,50,100,5000,0.2208,0.8298,0,22.08,15,31,0,0,0,0,0
3,283,"50_sites_x_100","moderate",-2.5,50,100,5000,0.2206,0.828,0,22.06,15,31,0,0,0,0,0
3,284,"50_sites_x_100","moderate",-2.5,50,100,5000,0.2198,0.829,0,21.98,15,31,0,0,0,0,0
3,285,"50_sites_x_100","moderate",-2.5,50,100,5000,0.2198,0.829,0,21.98,15,31,0,0,0,0,0
3,286,"50_sites_x_100","moderate",-2.5,50,100,5000,0.2198,0.8294,0,21.98,15,31,0,0,0,0,0
3,287,"50_sites_x_100","moderate",-2.5,50,100,5000,0.2214,0.829,0,22.14,15,31,0,0,0,0,0
3,288,"50_sites_x_100","moderate",-2.5,50,100,5000,0.222,0.8276,0,22.2,15,31,0,0,0,0,0
3,289,"50_sites_x_100","moderate",-2.5,50,100,5000,0.222,0.8272,0,22.2,15,31,0,0,0,0,0
3,290,"50_sites_x_100","moderate",-2.5,50,100,5000,0.2214,0.8296,0,22.14,15,31,0,0,0,0,0
3,291,"50_sites_x_100","moderate",-2.5,50,100,5000,0.2214,0.8314,0,22.14,15,31,0,0,0,0,0
3,292,"50_sites_x_100","moderate",-2.5,50,100,5000,0.222,0.8308,0,22.2,15,31,0,0,0,0,0
3,293,"50_sites_x_100","moderate",-2.5,50,100,5000,0.2214,0.8292,0,22.14,15,31,0,0,0,0,0
3,294,"50_sites_x_100","moderate",-2.5,50,100,5000,0.2206,0.8282,0,22.06,15,31,0,0,0,0,0
3,295,"50_sites_x_100","moderate",-2.5,50,100,5000,0.2194,0.8284,0,21.94,15,31,0,0,0,0,0
3,296,"50_sites_x_100","moderate",-2.5,50,100,5000,0.2196,0.8286,0,21.96,15,31,0,0,0,0,0
3,297,"50_sites_x_100","moderate",-2.5,50,100,5000,0.22,0.8286,0,22,15,31,0,0,0,0,0
3,298,"50_sites_x_100","moderate",-2.5,50,100,5000,0.2172,0.8266,0,21.72,15,31,0,0,0,0,0
3,299,"50_sites_x_100","moderate",-2.5,50,100,5000,0.2162,0.8282,0,21.62,15,31,0,0,0,0,0
3,300,"50_sites_x_100","moderate",-2.5,50,100,5000,0.2164,0.8278,0,21.64,15,31,0,0,0,0,0
4,1,"100_sites_x_50","moderate",-2.5,100,50,5000,0.214,0.822,0,10.7,4,17,0,3,1,3,0
4,2,"100_sites_x_50","moderate",-2.5,100,50,5000,0.213,0.8234,0,10.65,4,17,0,3,1,3,0
4,3,"100_sites_x_50","moderate",-2.5,100,50,5000,0.2126,0.8236,0,10.63,4,17,0,3,1,3,0
4,4,"100_sites_x_50","moderate",-2.5,100,50,5000,0.2124,0.8236,0,10.62,4,17,0,3,1,3,0
4,5,"100_sites_x_50","moderate",-2.5,100,50,5000,0.214,0.8236,0,10.7,4,17,0,3,1,3,0
4,6,"100_sites_x_50","moderate",-2.5,100,50,5000,0.2148,0.825,0,10.74,4,17,0,3,1,3,0
4,7,"100_sites_x_50","moderate",-2.5,100,50,5000,0.2156,0.8238,0,10.78,4,17,0,3,1,3,0
4,8,"100_sites_x_50","moderate",-2.5,100,50,5000,0.2148,0.8246,0,10.74,4,17,0,3,1,3,0
4,9,"100_sites_x_50","moderate",-2.5,100,50,5000,0.2156,0.825,0,10.78,4,17,0,3,1,3,0
4,10,"100_sites_x_50","moderate",-2.5,100,50,5000,0.2158,0.8244,0,10.79,4,17,0,3,1,3,0
4,11,"100_sites_x_50","moderate",-2.5,100,50,5000,0.2154,0.8244,0,10.77,4,17,0,3,1,3,0
4,12,"100_sites_x_50","moderate",-2.5,100,50,5000,0.2148,0.8246,0,10.74,4,17,0,3,1,3,0
4,13,"100_sites_x_50","moderate",-2.5,100,50,5000,0.2148,0.8252,0,10.74,4,17,0,3,1,3,0
4,14,"100_sites_x_50","moderate",-2.5,100,50,5000,0.2154,0.826,0,10.77,4,17,0,3,1,3,0
4,15,"100_sites_x_50","moderate",-2.5,100,50,5000,0.2154,0.8256,0,10.77,4,17,0,3,1,3,0
4,16,"100_sites_x_50","moderate",-2.5,100,50,5000,0.216,0.8248,0,10.8,4,17,0,3,1,3,0
4,17,"100_sites_x_50","moderate",-2.5,100,50,5000,0.215,0.8256,0,10.75,4,17,0,3,1,3,0
4,18,"100_sites_x_50","moderate",-2.5,100,50,5000,0.2144,0.8264,0,10.72,4,17,0,3,1,3,0
4,19,"100_sites_x_50","moderate",-2.5,100,50,5000,0.2144,0.826,0,10.72,4,17,0,3,1,3,0
4,20,"100_sites_x_50","moderate",-2.5,100,50,5000,0.2142,0.8252,0,10.71,4,17,0,3,1,3,0
4,21,"100_sites_x_50","moderate",-2.5,100,50,5000,0.215,0.824,0,10.75,4,17,0,3,1,3,0
4,22,"100_sites_x_50","moderate",-2.5,100,50,5000,0.2148,0.8238,0,10.74,4,17,0,3,1,3,0
4,23,"100_sites_x_50","moderate",-2.5,100,50,5000,0.2142,0.8242,0,10.71,4,17,0,3,1,3,0
4,24,"100_sites_x_50","moderate",-2.5,100,50,5000,0.2146,0.8246,0,10.73,4,17,0,3,1,3,0
4,25,"100_sites_x_50","moderate",-2.5,100,50,5000,0.2134,0.8242,0,10.67,3,17,0,3,1,3,0
4,26,"100_sites_x_50","moderate",-2.5,100,50,5000,0.2134,0.8234,0,10.67,3,17,0,3,1,3,0
4,27,"100_sites_x_50","moderate",-2.5,100,50,5000,0.2142,0.8234,0,10.71,3,17,0,3,1,3,0
4,28,"100_sites_x_50","moderate",-2.5,100,50,5000,0.2132,0.8238,0,10.66,3,17,0,3,1,3,0
4,29,"100_sites_x_50","moderate",-2.5,100,50,5000,0.213,0.8242,0,10.65,3,17,0,3,1,3,0
4,30,"100_sites_x_50","moderate",-2.5,100,50,5000,0.2132,0.8242,0,10.66,3,17,0,3,1,3,0
4,31,"100_sites_x_50","moderate",-2.5,100,50,5000,0.212,0.8246,0,10.6,3,16,0,3,1,3,0
4,32,"100_sites_x_50","moderate",-2.5,100,50,5000,0.213,0.8234,0,10.65,3,16,0,3,1,3,0
4,33,"100_sites_x_50","moderate",-2.5,100,50,5000,0.2122,0.8226,0,10.61,3,16,0,3,0,3,0
4,34,"100_sites_x_50","moderate",-2.5,100,50,5000,0.2128,0.8228,0,10.64,3,16,0,3,0,3,0
4,35,"100_sites_x_50","moderate",-2.5,100,50,5000,0.2142,0.8236,0,10.71,3,16,0,3,0,3,0
4,36,"100_sites_x_50","moderate",-2.5,100,50,5000,0.214,0.8236,0,10.7,3,16,0,3,0,3,0
4,37,"100_sites_x_50","moderate",-2.5,100,50,5000,0.2142,0.8246,0,10.71,3,16,0,3,0,3,0
4,38,"100_sites_x_50","moderate",-2.5,100,50,5000,0.2154,0.824,0,10.77,3,16,0,3,0,3,0
4,39,"100_sites_x_50","moderate",-2.5,100,50,5000,0.216,0.8248,0,10.8,3,16,0,3,0,3,0
4,40,"100_sites_x_50","moderate",-2.5,100,50,5000,0.2172,0.8248,0,10.86,3,16,0,3,0,3,0
4,41,"100_sites_x_50","moderate",-2.5,100,50,5000,0.2188,0.8252,0,10.94,3,17,0,3,0,3,0
4,42,"100_sites_x_50","moderate",-2.5,100,50,5000,0.2186,0.8254,0,10.93,3,17,0,3,0,3,0
4,43,"100_sites_x_50","moderate",-2.5,100,50,5000,0.2196,0.8254,0,10.98,3,17,0,3,0,3,0
4,44,"100_sites_x_50","moderate",-2.5,100,50,5000,0.219,0.825,0,10.95,3,17,0,3,0,3,0
4,45,"100_sites_x_50","moderate",-2.5,100,50,5000,0.2188,0.8252,0,10.94,3,17,0,3,0,3,0
4,46,"100_sites_x_50","moderate",-2.5,100,50,5000,0.2206,0.8254,0,11.03,3,17,0,3,0,3,0
4,47,"100_sites_x_50","moderate",-2.5,100,50,5000,0.2214,0.8262,0,11.07,3,17,0,3,0,3,0
4,48,"100_sites_x_50","moderate",-2.5,100,50,5000,0.2202,0.8268,0,11.01,3,17,0,3,0,3,0
4,49,"100_sites_x_50","moderate",-2.5,100,50,5000,0.2194,0.827,0,10.97,3,17,0,3,0,3,0
4,50,"100_sites_x_50","moderate",-2.5,100,50,5000,0.2204,0.8258,0,11.02,3,17,0,3,0,3,0
4,51,"100_sites_x_50","moderate",-2.5,100,50,5000,0.219,0.8262,0,10.95,3,17,0,3,0,3,0
4,52,"100_sites_x_50","moderate",-2.5,100,50,5000,0.2188,0.8258,0,10.94,3,17,0,3,0,3,0
4,53,"100_sites_x_50","moderate",-2.5,100,50,5000,0.219,0.8252,0,10.95,3,17,0,2,0,2,0
4,54,"100_sites_x_50","moderate",-2.5,100,50,5000,0.2196,0.825,0,10.98,3,17,0,2,0,2,0
4,55,"100_sites_x_50","moderate",-2.5,100,50,5000,0.2196,0.826,0,10.98,3,17,0,2,0,2,0
4,56,"100_sites_x_50","moderate",-2.5,100,50,5000,0.22,0.826,0,11,3,17,0,2,0,2,0
4,57,"100_sites_x_50","moderate",-2.5,100,50,5000,0.22,0.8254,0,11,3,17,0,2,0,2,0
4,58,"100_sites_x_50","moderate",-2.5,100,50,5000,0.221,0.824,0,11.05,3,17,0,1,0,1,0
4,59,"100_sites_x_50","moderate",-2.5,100,50,5000,0.221,0.8234,0,11.05,3,17,0,1,0,1,0
4,60,"100_sites_x_50","moderate",-2.5,100,50,5000,0.2218,0.8236,0,11.09,3,17,0,1,0,1,0
4,61,"100_sites_x_50","moderate",-2.5,100,50,5000,0.2224,0.824,0,11.12,3,17,0,1,0,1,0
4,62,"100_sites_x_50","moderate",-2.5,100,50,5000,0.2212,0.8252,0,11.06,3,17,0,1,0,1,0
4,63,"100_sites_x_50","moderate",-2.5,100,50,5000,0.2222,0.8254,0,11.11,3,17,0,1,0,1,0
4,64,"100_sites_x_50","moderate",-2.5,100,50,5000,0.2228,0.8254,0,11.14,3,17,0,1,0,1,0
4,65,"100_sites_x_50","moderate",-2.5,100,50,5000,0.2238,0.8256,0,11.19,3,17,0,1,0,1,0
4,66,"100_sites_x_50","moderate",-2.5,100,50,5000,0.224,0.825,0,11.2,3,17,0,1,0,1,0
4,67,"100_sites_x_50","moderate",-2.5,100,50,5000,0.2238,0.8264,0,11.19,3,17,0,1,0,1,0
4,68,"100_sites_x_50","moderate",-2.5,100,50,5000,0.2232,0.8262,0,11.16,3,17,0,1,0,1,0
4,69,"100_sites_x_50","moderate",-2.5,100,50,5000,0.2236,0.8258,0,11.18,3,17,0,1,0,1,0
4,70,"100_sites_x_50","moderate",-2.5,100,50,5000,0.2242,0.8246,0,11.21,3,17,0,1,0,1,0
4,71,"100_sites_x_50","moderate",-2.5,100,50,5000,0.2246,0.8254,0,11.23,3,17,0,1,0,1,0
4,72,"100_sites_x_50","moderate",-2.5,100,50,5000,0.225,0.8256,0,11.25,3,17,0,1,0,1,0
4,73,"100_sites_x_50","moderate",-2.5,100,50,5000,0.2242,0.8266,0,11.21,3,17,0,1,0,1,0
4,74,"100_sites_x_50","moderate",-2.5,100,50,5000,0.224,0.8258,0,11.2,3,17,0,1,0,1,0
4,75,"100_sites_x_50","moderate",-2.5,100,50,5000,0.2226,0.8264,0,11.13,3,17,0,1,0,1,0
4,76,"100_sites_x_50","moderate",-2.5,100,50,5000,0.2226,0.825,0,11.13,3,17,0,1,0,1,0
4,77,"100_sites_x_50","moderate",-2.5,100,50,5000,0.2222,0.8254,0,11.11,3,17,0,1,0,1,0
4,78,"100_sites_x_50","moderate",-2.5,100,50,5000,0.2216,0.8264,0,11.08,3,17,0,1,0,1,0
4,79,"100_sites_x_50","moderate",-2.5,100,50,5000,0.223,0.8276,0,11.15,3,18,0,1,0,1,0
4,80,"100_sites_x_50","moderate",-2.5,100,50,5000,0.2238,0.8266,0,11.19,3,18,0,1,0,1,0
4,81,"100_sites_x_50","moderate",-2.5,100,50,5000,0.2242,0.8264,0,11.21,3,18,0,1,0,1,0
4,82,"100_sites_x_50","moderate",-2.5,100,50,5000,0.224,0.8266,0,11.2,3,18,0,1,0,1,0
4,83,"100_sites_x_50","moderate",-2.5,100,50,5000,0.2234,0.8264,0,11.17,3,18,0,1,0,1,0
4,84,"100_sites_x_50","moderate",-2.5,100,50,5000,0.2232,0.825,0,11.16,3,18,0,1,0,1,0
4,85,"100_sites_x_50","moderate",-2.5,100,50,5000,0.2246,0.8258,0,11.23,3,18,0,1,0,1,0
4,86,"100_sites_x_50","moderate",-2.5,100,50,5000,0.2242,0.8252,0,11.21,3,18,0,0,0,0,0
4,87,"100_sites_x_50","moderate",-2.5,100,50,5000,0.224,0.8242,0,11.2,3,18,0,0,0,0,0
4,88,"100_sites_x_50","moderate",-2.5,100,50,5000,0.2238,0.8256,0,11.19,3,18,0,0,0,0,0
4,89,"100_sites_x_50","moderate",-2.5,100,50,5000,0.2226,0.8246,0,11.13,3,18,0,0,0,0,0
4,90,"100_sites_x_50","moderate",-2.5,100,50,5000,0.2218,0.8258,0,11.09,3,18,0,0,0,0,0
4,91,"100_sites_x_50","moderate",-2.5,100,50,5000,0.223,0.8268,0,11.15,3,18,0,0,0,0,0
4,92,"100_sites_x_50","moderate",-2.5,100,50,5000,0.2224,0.8276,0,11.12,3,18,0,0,0,0,0
4,93,"100_sites_x_50","moderate",-2.5,100,50,5000,0.225,0.8278,0,11.25,3,18,0,0,0,0,0
4,94,"100_sites_x_50","moderate",-2.5,100,50,5000,0.2256,0.8264,0,11.28,3,18,0,0,0,0,0
4,95,"100_sites_x_50","moderate",-2.5,100,50,5000,0.2248,0.8272,0,11.24,3,18,0,0,0,0,0
4,96,"100_sites_x_50","moderate",-2.5,100,50,5000,0.2252,0.828,0,11.26,3,18,0,0,0,0,0
4,97,"100_sites_x_50","moderate",-2.5,100,50,5000,0.2248,0.8292,0,11.24,3,18,0,0,0,0,0
4,98,"100_sites_x_50","moderate",-2.5,100,50,5000,0.2246,0.8298,0,11.23,3,18,0,0,0,0,0
4,99,"100_sites_x_50","moderate",-2.5,100,50,5000,0.2246,0.8292,0,11.23,3,18,0,0,0,0,0
4,100,"100_sites_x_50","moderate",-2.5,100,50,5000,0.2232,0.8288,0,11.16,3,18,0,0,0,0,0
4,101,"100_sites_x_50","moderate",-2.5,100,50,5000,0.2232,0.8284,0,11.16,3,18,0,0,0,0,0
4,102,"100_sites_x_50","moderate",-2.5,100,50,5000,0.2246,0.828,0,11.23,3,18,0,0,0,0,0
4,103,"100_sites_x_50","moderate",-2.5,100,50,5000,0.2258,0.8274,0,11.29,3,18,0,0,0,0,0
4,104,"100_sites_x_50","moderate",-2.5,100,50,5000,0.2242,0.8276,0,11.21,3,18,0,0,0,0,0
4,105,"100_sites_x_50","moderate",-2.5,100,50,5000,0.2232,0.8276,0,11.16,3,18,0,0,0,0,0
4,106,"100_sites_x_50","moderate",-2.5,100,50,5000,0.2238,0.827,0,11.19,3,18,0,0,0,0,0
4,107,"100_sites_x_50","moderate",-2.5,100,50,5000,0.223,0.8282,0,11.15,3,18,0,0,0,0,0
4,108,"100_sites_x_50","moderate",-2.5,100,50,5000,0.2244,0.8274,0,11.22,3,18,0,0,0,0,0
4,109,"100_sites_x_50","moderate",-2.5,100,50,5000,0.2238,0.8276,0,11.19,3,18,0,0,0,0,0
4,110,"100_sites_x_50","moderate",-2.5,100,50,5000,0.2238,0.8278,0,11.19,3,18,0,0,0,0,0
4,111,"100_sites_x_50","moderate",-2.5,100,50,5000,0.2246,0.8272,0,11.23,3,18,0,0,0,0,0
4,112,"100_sites_x_50","moderate",-2.5,100,50,5000,0.226,0.8272,0,11.3,3,18,0,0,0,0,0
4,113,"100_sites_x_50","moderate",-2.5,100,50,5000,0.2262,0.8268,0,11.31,3,18,0,0,0,0,0
4,114,"100_sites_x_50","moderate",-2.5,100,50,5000,0.2264,0.8266,0,11.32,3,18,0,0,0,0,0
4,115,"100_sites_x_50","moderate",-2.5,100,50,5000,0.2262,0.8272,0,11.31,3,18,0,0,0,0,0
4,116,"100_sites_x_50","moderate",-2.5,100,50,5000,0.2256,0.8276,0,11.28,3,18,0,0,0,0,0
4,117,"100_sites_x_50","moderate",-2.5,100,50,5000,0.225,0.8272,0,11.25,3,18,0,0,0,0,0
4,118,"100_sites_x_50","moderate",-2.5,100,50,5000,0.2244,0.827,0,11.22,3,18,0,0,0,0,0
4,119,"100_sites_x_50","moderate",-2.5,100,50,5000,0.2252,0.8276,0,11.26,3,18,0,0,0,0,0
4,120,"100_sites_x_50","moderate",-2.5,100,50,5000,0.2258,0.8274,0,11.29,3,18,0,0,0,0,0
4,121,"100_sites_x_50","moderate",-2.5,100,50,5000,0.2268,0.8282,0,11.34,3,19,0,0,0,0,0
4,122,"100_sites_x_50","moderate",-2.5,100,50,5000,0.2258,0.8284,0,11.29,3,19,0,0,0,0,0
4,123,"100_sites_x_50","moderate",-2.5,100,50,5000,0.226,0.8288,0,11.3,3,19,0,0,0,0,0
4,124,"100_sites_x_50","moderate",-2.5,100,50,5000,0.2258,0.8286,0,11.29,3,19,0,0,0,0,0
4,125,"100_sites_x_50","moderate",-2.5,100,50,5000,0.2278,0.8292,0,11.39,4,19,0,0,0,0,0
4,126,"100_sites_x_50","moderate",-2.5,100,50,5000,0.2268,0.8304,0,11.34,4,19,0,0,0,0,0
4,127,"100_sites_x_50","moderate",-2.5,100,50,5000,0.2272,0.8296,0,11.36,4,19,0,0,0,0,0
4,128,"100_sites_x_50","moderate",-2.5,100,50,5000,0.2278,0.8292,0,11.39,4,19,0,0,0,0,0
4,129,"100_sites_x_50","moderate",-2.5,100,50,5000,0.228,0.8294,0,11.4,4,19,0,0,0,0,0
4,130,"100_sites_x_50","moderate",-2.5,100,50,5000,0.228,0.8294,0,11.4,4,19,0,0,0,0,0
4,131,"100_sites_x_50","moderate",-2.5,100,50,5000,0.2282,0.8296,0,11.41,4,19,0,0,0,0,0
4,132,"100_sites_x_50","moderate",-2.5,100,50,5000,0.2274,0.8304,0,11.37,4,19,0,0,0,0,0
4,133,"100_sites_x_50","moderate",-2.5,100,50,5000,0.2294,0.8296,0,11.47,4,19,0,0,0,0,0
4,134,"100_sites_x_50","moderate",-2.5,100,50,5000,0.2292,0.83,0,11.46,4,19,0,0,0,0,0
4,135,"100_sites_x_50","moderate",-2.5,100,50,5000,0.2278,0.8298,0,11.39,4,19,0,0,0,0,0
4,136,"100_sites_x_50","moderate",-2.5,100,50,5000,0.228,0.8292,0,11.4,4,19,0,0,0,0,0
4,137,"100_sites_x_50","moderate",-2.5,100,50,5000,0.2276,0.8288,0,11.38,4,19,0,0,0,0,0
4,138,"100_sites_x_50","moderate",-2.5,100,50,5000,0.227,0.8286,0,11.35,4,19,0,0,0,0,0
4,139,"100_sites_x_50","moderate",-2.5,100,50,5000,0.2256,0.828,0,11.28,4,19,0,0,0,0,0
4,140,"100_sites_x_50","moderate",-2.5,100,50,5000,0.2248,0.828,0,11.24,4,19,0,0,0,0,0
4,141,"100_sites_x_50","moderate",-2.5,100,50,5000,0.2226,0.8284,0,11.13,4,19,0,0,0,0,0
4,142,"100_sites_x_50","moderate",-2.5,100,50,5000,0.2226,0.8282,0,11.13,4,19,0,0,0,0,0
4,143,"100_sites_x_50","moderate",-2.5,100,50,5000,0.2228,0.8274,0,11.14,4,19,0,0,0,0,0
4,144,"100_sites_x_50","moderate",-2.5,100,50,5000,0.222,0.8284,0,11.1,4,19,0,0,0,0,0
4,145,"100_sites_x_50","moderate",-2.5,100,50,5000,0.2224,0.8284,0,11.12,4,19,0,0,0,0,0
4,146,"100_sites_x_50","moderate",-2.5,100,50,5000,0.2228,0.8288,0,11.14,4,19,0,0,0,0,0
4,147,"100_sites_x_50","moderate",-2.5,100,50,5000,0.2226,0.8284,0,11.13,4,19,0,0,0,0,0
4,148,"100_sites_x_50","moderate",-2.5,100,50,5000,0.223,0.828,0,11.15,4,19,0,0,0,0,0
4,149,"100_sites_x_50","moderate",-2.5,100,50,5000,0.2236,0.8276,0,11.18,4,19,0,0,0,0,0
4,150,"100_sites_x_50","moderate",-2.5,100,50,5000,0.2236,0.8276,0,11.18,4,19,0,0,0,0,0
4,151,"100_sites_x_50","moderate",-2.5,100,50,5000,0.2238,0.8278,0,11.19,4,19,0,0,0,0,0
4,152,"100_sites_x_50","moderate",-2.5,100,50,5000,0.2238,0.8272,0,11.19,4,19,0,0,0,0,0
4,153,"100_sites_x_50","moderate",-2.5,100,50,5000,0.226,0.8268,0,11.3,4,19,0,0,0,0,0
4,154,"100_sites_x_50","moderate",-2.5,100,50,5000,0.2244,0.828,0,11.22,4,19,0,0,0,0,0
4,155,"100_sites_x_50","moderate",-2.5,100,50,5000,0.2234,0.8276,0,11.17,4,19,0,0,0,0,0
4,156,"100_sites_x_50","moderate",-2.5,100,50,5000,0.2244,0.826,0,11.22,4,19,0,0,0,0,0
4,157,"100_sites_x_50","moderate",-2.5,100,50,5000,0.2238,0.827,0,11.19,4,19,0,0,0,0,0
4,158,"100_sites_x_50","moderate",-2.5,100,50,5000,0.2226,0.8284,0,11.13,4,19,0,0,0,0,0
4,159,"100_sites_x_50","moderate",-2.5,100,50,5000,0.2224,0.8298,0,11.12,4,19,0,0,0,0,0
4,160,"100_sites_x_50","moderate",-2.5,100,50,5000,0.221,0.83,0,11.05,4,19,0,0,0,0,0
4,161,"100_sites_x_50","moderate",-2.5,100,50,5000,0.22,0.8288,0,11,4,19,0,0,0,0,0
4,162,"100_sites_x_50","moderate",-2.5,100,50,5000,0.2218,0.8292,0,11.09,4,19,0,0,0,0,0
4,163,"100_sites_x_50","moderate",-2.5,100,50,5000,0.2218,0.8288,0,11.09,4,19,0,0,0,0,0
4,164,"100_sites_x_50","moderate",-2.5,100,50,5000,0.2232,0.8286,0,11.16,4,19,0,0,0,0,0
4,165,"100_sites_x_50","moderate",-2.5,100,50,5000,0.2236,0.8276,0,11.18,4,19,0,0,0,0,0
4,166,"100_sites_x_50","moderate",-2.5,100,50,5000,0.2234,0.8276,0,11.17,4,19,0,0,0,0,0
4,167,"100_sites_x_50","moderate",-2.5,100,50,5000,0.2248,0.827,0,11.24,4,19,0,0,0,0,0
4,168,"100_sites_x_50","moderate",-2.5,100,50,5000,0.225,0.8272,0,11.25,4,19,0,0,0,0,0
4,169,"100_sites_x_50","moderate",-2.5,100,50,5000,0.2246,0.827,0,11.23,4,19,0,1,0,1,0
4,170,"100_sites_x_50","moderate",-2.5,100,50,5000,0.224,0.8272,0,11.2,4,19,0,1,0,1,0
4,171,"100_sites_x_50","moderate",-2.5,100,50,5000,0.224,0.8268,0,11.2,4,19,0,1,0,1,0
4,172,"100_sites_x_50","moderate",-2.5,100,50,5000,0.2248,0.8272,0,11.24,4,19,0,1,0,1,0
4,173,"100_sites_x_50","moderate",-2.5,100,50,5000,0.2258,0.8266,0,11.29,4,19,0,1,0,1,0
4,174,"100_sites_x_50","moderate",-2.5,100,50,5000,0.2262,0.8266,0,11.31,4,19,0,1,0,1,0
4,175,"100_sites_x_50","moderate",-2.5,100,50,5000,0.2276,0.8266,0,11.38,4,19,0,1,0,1,0
4,176,"100_sites_x_50","moderate",-2.5,100,50,5000,0.2272,0.8266,0,11.36,4,19,0,1,0,1,0
4,177,"100_sites_x_50","moderate",-2.5,100,50,5000,0.2278,0.8254,0,11.39,4,19,0,1,0,1,0
4,178,"100_sites_x_50","moderate",-2.5,100,50,5000,0.2268,0.8254,0,11.34,4,19,0,1,0,1,0
4,179,"100_sites_x_50","moderate",-2.5,100,50,5000,0.2266,0.825,0,11.33,4,19,0,1,0,1,0
4,180,"100_sites_x_50","moderate",-2.5,100,50,5000,0.226,0.826,0,11.3,4,19,0,1,0,1,0
4,181,"100_sites_x_50","moderate",-2.5,100,50,5000,0.2254,0.8262,0,11.27,4,19,0,1,0,1,0
4,182,"100_sites_x_50","moderate",-2.5,100,50,5000,0.226,0.826,0,11.3,4,19,0,1,0,1,0
4,183,"100_sites_x_50","moderate",-2.5,100,50,5000,0.2258,0.8266,0,11.29,4,19,0,1,0,1,0
4,184,"100_sites_x_50","moderate",-2.5,100,50,5000,0.2266,0.8266,0,11.33,4,19,0,1,0,1,0
4,185,"100_sites_x_50","moderate",-2.5,100,50,5000,0.2248,0.826,0,11.24,4,19,0,1,0,1,0
4,186,"100_sites_x_50","moderate",-2.5,100,50,5000,0.2252,0.8258,0,11.26,4,19,0,1,0,1,0
4,187,"100_sites_x_50","moderate",-2.5,100,50,5000,0.2248,0.8264,0,11.24,4,19,0,1,0,1,0
4,188,"100_sites_x_50","moderate",-2.5,100,50,5000,0.2248,0.8252,0,11.24,4,19,0,1,0,1,0
4,189,"100_sites_x_50","moderate",-2.5,100,50,5000,0.2256,0.8254,0,11.28,4,19,0,1,0,1,0
4,190,"100_sites_x_50","moderate",-2.5,100,50,5000,0.2262,0.8238,0,11.31,4,19,0,1,0,1,0
4,191,"100_sites_x_50","moderate",-2.5,100,50,5000,0.2252,0.824,0,11.26,4,19,0,1,0,1,0
4,192,"100_sites_x_50","moderate",-2.5,100,50,5000,0.2262,0.8232,0,11.31,4,19,0,1,0,1,0
4,193,"100_sites_x_50","moderate",-2.5,100,50,5000,0.2238,0.823,0,11.19,4,19,0,1,0,1,0
4,194,"100_sites_x_50","moderate",-2.5,100,50,5000,0.2246,0.8234,0,11.23,4,19,0,1,0,1,0
4,195,"100_sites_x_50","moderate",-2.5,100,50,5000,0.2246,0.8226,0,11.23,4,19,0,1,0,1,0
4,196,"100_sites_x_50","moderate",-2.5,100,50,5000,0.2238,0.8218,0,11.19,4,19,0,1,0,1,0
4,197,"100_sites_x_50","moderate",-2.5,100,50,5000,0.2242,0.8218,0,11.21,4,19,0,1,0,1,0
4,198,"100_sites_x_50","moderate",-2.5,100,50,5000,0.225,0.8226,0,11.25,4,19,0,1,0,1,0
4,199,"100_sites_x_50","moderate",-2.5,100,50,5000,0.2272,0.823,0,11.36,4,19,0,1,0,1,0
4,200,"100_sites_x_50","moderate",-2.5,100,50,5000,0.2276,0.8232,0,11.38,4,19,0,1,0,1,0
4,201,"100_sites_x_50","moderate",-2.5,100,50,5000,0.2298,0.8236,0,11.49,4,19,0,1,0,1,0
4,202,"100_sites_x_50","moderate",-2.5,100,50,5000,0.2302,0.8216,0,11.51,4,19,0,1,0,1,0
4,203,"100_sites_x_50","moderate",-2.5,100,50,5000,0.2294,0.822,0,11.47,4,19,0,1,0,1,0
4,204,"100_sites_x_50","moderate",-2.5,100,50,5000,0.2298,0.8204,0,11.49,4,19,0,1,0,1,0
4,205,"100_sites_x_50","moderate",-2.5,100,50,5000,0.229,0.8204,0,11.45,4,19,0,1,0,1,0
4,206,"100_sites_x_50","moderate",-2.5,100,50,5000,0.2278,0.8198,0,11.39,4,19,0,1,0,1,0
4,207,"100_sites_x_50","moderate",-2.5,100,50,5000,0.2276,0.8198,0,11.38,4,19,0,1,0,1,0
4,208,"100_sites_x_50","moderate",-2.5,100,50,5000,0.2276,0.8204,0,11.38,4,19,0,1,0,1,0
4,209,"100_sites_x_50","moderate",-2.5,100,50,5000,0.2282,0.8202,0,11.41,4,19,0,1,0,1,0
4,210,"100_sites_x_50","moderate",-2.5,100,50,5000,0.2284,0.8212,0,11.42,4,19,0,1,0,1,0
4,211,"100_sites_x_50","moderate",-2.5,100,50,5000,0.228,0.8208,0,11.4,4,19,0,1,0,1,0
4,212,"100_sites_x_50","moderate",-2.5,100,50,5000,0.2264,0.8216,0,11.32,4,19,0,1,0,1,0
4,213,"100_sites_x_50","moderate",-2.5,100,50,5000,0.227,0.8216,0,11.35,4,19,0,1,0,1,0
4,214,"100_sites_x_50","moderate",-2.5,100,50,5000,0.2272,0.8218,0,11.36,4,19,0,1,0,1,0
4,215,"100_sites_x_50","moderate",-2.5,100,50,5000,0.2276,0.8222,0,11.38,4,19,0,1,0,1,0
4,216,"100_sites_x_50","moderate",-2.5,100,50,5000,0.2288,0.823,0,11.44,4,19,0,1,0,1,0
4,217,"100_sites_x_50","moderate",-2.5,100,50,5000,0.2314,0.822,0,11.57,6,19,0,1,0,1,0
4,218,"100_sites_x_50","moderate",-2.5,100,50,5000,0.2324,0.8214,0,11.62,6,19,0,1,0,1,0
4,219,"100_sites_x_50","moderate",-2.5,100,50,5000,0.2324,0.8216,0,11.62,6,19,0,1,0,1,0
4,220,"100_sites_x_50","moderate",-2.5,100,50,5000,0.2326,0.8222,0,11.63,6,19,0,1,0,1,0
4,221,"100_sites_x_50","moderate",-2.5,100,50,5000,0.2312,0.8222,0,11.56,6,19,0,1,0,1,0
4,222,"100_sites_x_50","moderate",-2.5,100,50,5000,0.2334,0.8218,0,11.67,6,19,0,1,0,1,0
4,223,"100_sites_x_50","moderate",-2.5,100,50,5000,0.2336,0.8204,0,11.68,6,19,0,1,0,1,0
4,224,"100_sites_x_50","moderate",-2.5,100,50,5000,0.2334,0.8204,0,11.67,6,19,0,1,0,1,0
4,225,"100_sites_x_50","moderate",-2.5,100,50,5000,0.2334,0.8198,0,11.67,6,19,0,1,0,1,0
4,226,"100_sites_x_50","moderate",-2.5,100,50,5000,0.2346,0.8186,0,11.73,6,19,0,1,0,1,0
4,227,"100_sites_x_50","moderate",-2.5,100,50,5000,0.2338,0.818,0,11.69,6,19,0,1,0,1,0
4,228,"100_sites_x_50","moderate",-2.5,100,50,5000,0.2334,0.8182,0,11.67,6,19,0,1,0,1,0
4,229,"100_sites_x_50","moderate",-2.5,100,50,5000,0.2332,0.8184,0,11.66,6,19,0,2,0,2,0
4,230,"100_sites_x_50","moderate",-2.5,100,50,5000,0.2334,0.8168,0,11.67,6,19,0,2,0,2,0
4,231,"100_sites_x_50","moderate",-2.5,100,50,5000,0.2332,0.817,0,11.66,6,19,0,2,0,2,0
4,232,"100_sites_x_50","moderate",-2.5,100,50,5000,0.2344,0.8158,0,11.72,6,19,0,2,0,2,0
4,233,"100_sites_x_50","moderate",-2.5,100,50,5000,0.234,0.8164,0,11.7,6,19,0,2,0,2,0
4,234,"100_sites_x_50","moderate",-2.5,100,50,5000,0.233,0.8152,0,11.65,6,19,0,2,0,2,0
4,235,"100_sites_x_50","moderate",-2.5,100,50,5000,0.2342,0.8156,0,11.71,6,19,0,2,0,2,0
4,236,"100_sites_x_50","moderate",-2.5,100,50,5000,0.2336,0.8156,0,11.68,6,19,0,2,0,2,0
4,237,"100_sites_x_50","moderate",-2.5,100,50,5000,0.2334,0.8152,0,11.67,6,19,0,2,0,2,0
4,238,"100_sites_x_50","moderate",-2.5,100,50,5000,0.2342,0.8174,0,11.71,6,19,0,2,0,2,0
4,239,"100_sites_x_50","moderate",-2.5,100,50,5000,0.2346,0.817,0,11.73,6,19,0,2,0,2,0
4,240,"100_sites_x_50","moderate",-2.5,100,50,5000,0.2348,0.8164,0,11.74,6,19,0,2,0,2,0
4,241,"100_sites_x_50","moderate",-2.5,100,50,5000,0.2366,0.8162,0,11.83,6,19,0,2,0,2,0
4,242,"100_sites_x_50","moderate",-2.5,100,50,5000,0.2366,0.8164,0,11.83,6,19,0,2,0,2,0
4,243,"100_sites_x_50","moderate",-2.5,100,50,5000,0.2364,0.8158,0,11.82,6,19,0,2,0,2,0
4,244,"100_sites_x_50","moderate",-2.5,100,50,5000,0.2372,0.816,0,11.86,6,19,0,2,0,2,0
4,245,"100_sites_x_50","moderate",-2.5,100,50,5000,0.236,0.816,0,11.8,6,19,0,2,0,2,0
4,246,"100_sites_x_50","moderate",-2.5,100,50,5000,0.2354,0.815,0,11.77,6,19,0,2,0,2,0
4,247,"100_sites_x_50","moderate",-2.5,100,50,5000,0.236,0.816,0,11.8,6,19,0,2,0,2,0
4,248,"100_sites_x_50","moderate",-2.5,100,50,5000,0.2346,0.8172,0,11.73,4,19,0,3,0,3,0
4,249,"100_sites_x_50","moderate",-2.5,100,50,5000,0.235,0.817,0,11.75,4,19,0,3,0,3,0
4,250,"100_sites_x_50","moderate",-2.5,100,50,5000,0.2334,0.8178,0,11.67,4,19,0,3,0,3,0
4,251,"100_sites_x_50","moderate",-2.5,100,50,5000,0.2336,0.8172,0,11.68,4,19,0,3,0,3,0
4,252,"100_sites_x_50","moderate",-2.5,100,50,5000,0.2332,0.8174,0,11.66,4,19,0,3,0,3,0
4,253,"100_sites_x_50","moderate",-2.5,100,50,5000,0.2318,0.8182,0,11.59,4,19,0,3,0,3,0
4,254,"100_sites_x_50","moderate",-2.5,100,50,5000,0.2322,0.8168,0,11.61,4,19,0,3,0,3,0
4,255,"100_sites_x_50","moderate",-2.5,100,50,5000,0.234,0.8158,0,11.7,4,19,0,3,0,3,0
4,256,"100_sites_x_50","moderate",-2.5,100,50,5000,0.2322,0.8174,0,11.61,4,19,0,3,0,3,0
4,257,"100_sites_x_50","moderate",-2.5,100,50,5000,0.2328,0.817,0,11.64,4,19,0,3,0,3,0
4,258,"100_sites_x_50","moderate",-2.5,100,50,5000,0.2332,0.816,0,11.66,4,19,0,3,0,3,0
4,259,"100_sites_x_50","moderate",-2.5,100,50,5000,0.2332,0.8162,0,11.66,4,19,0,3,0,3,0
4,260,"100_sites_x_50","moderate",-2.5,100,50,5000,0.2344,0.8168,0,11.72,4,19,0,3,0,3,0
4,261,"100_sites_x_50","moderate",-2.5,100,50,5000,0.2352,0.8178,0,11.76,4,19,0,3,0,3,0
4,262,"100_sites_x_50","moderate",-2.5,100,50,5000,0.2338,0.8166,0,11.69,4,19,0,3,0,3,0
4,263,"100_sites_x_50","moderate",-2.5,100,50,5000,0.2336,0.8166,0,11.68,4,19,0,3,0,3,0
4,264,"100_sites_x_50","moderate",-2.5,100,50,5000,0.2328,0.816,0,11.64,4,19,0,3,0,3,0
4,265,"100_sites_x_50","moderate",-2.5,100,50,5000,0.2324,0.8172,0,11.62,4,19,0,3,0,3,0
4,266,"100_sites_x_50","moderate",-2.5,100,50,5000,0.2334,0.8178,0,11.67,4,19,0,3,0,3,0
4,267,"100_sites_x_50","moderate",-2.5,100,50,5000,0.2314,0.8182,0,11.57,4,19,0,3,0,3,0
4,268,"100_sites_x_50","moderate",-2.5,100,50,5000,0.2324,0.8182,0,11.62,4,19,0,3,0,3,0
4,269,"100_sites_x_50","moderate",-2.5,100,50,5000,0.2322,0.8184,0,11.61,4,19,0,2,0,2,0
4,270,"100_sites_x_50","moderate",-2.5,100,50,5000,0.2316,0.8194,0,11.58,4,19,0,3,0,3,0
4,271,"100_sites_x_50","moderate",-2.5,100,50,5000,0.231,0.8194,0,11.55,4,19,0,3,0,3,0
4,272,"100_sites_x_50","moderate",-2.5,100,50,5000,0.2294,0.8192,0,11.47,4,19,0,3,0,3,0
4,273,"100_sites_x_50","moderate",-2.5,100,50,5000,0.229,0.818,0,11.45,4,19,0,3,0,3,0
4,274,"100_sites_x_50","moderate",-2.5,100,50,5000,0.2298,0.8184,0,11.49,4,19,0,3,0,3,0
4,275,"100_sites_x_50","moderate",-2.5,100,50,5000,0.2296,0.8178,0,11.48,4,19,0,3,0,3,0
4,276,"100_sites_x_50","moderate",-2.5,100,50,5000,0.229,0.8186,0,11.45,4,19,0,3,0,3,0
4,277,"100_sites_x_50","moderate",-2.5,100,50,5000,0.23,0.819,0,11.5,4,19,0,3,0,3,0
4,278,"100_sites_x_50","moderate",-2.5,100,50,5000,0.23,0.8188,0,11.5,4,19,0,3,0,3,0
4,279,"100_sites_x_50","moderate",-2.5,100,50,5000,0.2294,0.819,0,11.47,4,19,0,3,0,3,0
4,280,"100_sites_x_50","moderate",-2.5,100,50,5000,0.2298,0.8178,0,11.49,4,19,0,3,0,3,0
4,281,"100_sites_x_50","moderate",-2.5,100,50,5000,0.2296,0.8172,0,11.48,4,19,0,3,0,3,0
4,282,"100_sites_x_50","moderate",-2.5,100,50,5000,0.2286,0.8172,0,11.43,4,19,0,3,0,3,0
4,283,"100_sites_x_50","moderate",-2.5,100,50,5000,0.2302,0.8176,0,11.51,4,19,0,3,0,3,0
4,284,"100_sites_x_50","moderate",-2.5,100,50,5000,0.2312,0.817,0,11.56,4,19,0,3,0,3,0
4,285,"100_sites_x_50","moderate",-2.5,100,50,5000,0.2318,0.816,0,11.59,4,19,0,3,0,3,0
4,286,"100_sites_x_50","moderate",-2.5,100,50,5000,0.232,0.8166,0,11.6,4,19,0,3,0,3,0
4,287,"100_sites_x_50","moderate",-2.5,100,50,5000,0.2314,0.8168,0,11.57,4,19,0,3,0,3,0
4,288,"100_sites_x_50","moderate",-2.5,100,50,5000,0.232,0.8172,0,11.6,4,19,0,3,0,3,0
4,289,"100_sites_x_50","moderate",-2.5,100,50,5000,0.2324,0.8166,0,11.62,4,19,0,3,0,3,0
4,290,"100_sites_x_50","moderate",-2.5,100,50,5000,0.2322,0.8178,0,11.61,4,19,0,3,0,3,0
4,291,"100_sites_x_50","moderate",-2.5,100,50,5000,0.2318,0.8182,0,11.59,4,19,0,4,0,4,0
4,292,"100_sites_x_50","moderate",-2.5,100,50,5000,0.231,0.819,0,11.55,4,19,0,5,0,5,0
4,293,"100_sites_x_50","moderate",-2.5,100,50,5000,0.2332,0.8198,0,11.66,4,19,0,5,0,5,0
4,294,"100_sites_x_50","moderate",-2.5,100,50,5000,0.2342,0.8192,0,11.71,4,19,0,5,0,5,0
4,295,"100_sites_x_50","moderate",-2.5,100,50,5000,0.234,0.82,0,11.7,4,19,0,5,0,5,0
4,296,"100_sites_x_50","moderate",-2.5,100,50,5000,0.2336,0.821,0,11.68,4,19,0,6,0,6,0
4,297,"100_sites_x_50","moderate",-2.5,100,50,5000,0.233,0.8214,0,11.65,4,19,0,6,0,6,0
4,298,"100_sites_x_50","moderate",-2.5,100,50,5000,0.2322,0.8212,0,11.61,4,19,0,6,0,6,0
4,299,"100_sites_x_50","moderate",-2.5,100,50,5000,0.23,0.8214,0,11.5,4,17,0,6,0,6,0
4,300,"100_sites_x_50","moderate",-2.5,100,50,5000,0.2322,0.821,0,11.61,4,20,0,6,0,6,0
5,1,"10_sites_x_500","sparse",-4.5,10,500,5000,0.0394,0.8474,0,19.7,12,31,0,0,0,0,0
5,2,"10_sites_x_500","sparse",-4.5,10,500,5000,0.0376,0.8464,0,18.8,12,31,0,0,0,0,0
5,3,"10_sites_x_500","sparse",-4.5,10,500,5000,0.037,0.8482,0,18.5,12,31,0,0,0,0,0
5,4,"10_sites_x_500","sparse",-4.5,10,500,5000,0.038,0.8466,0,19,12,31,0,0,0,0,0
5,5,"10_sites_x_500","sparse",-4.5,10,500,5000,0.0372,0.8482,0,18.6,12,27,0,0,0,0,0
5,6,"10_sites_x_500","sparse",-4.5,10,500,5000,0.0392,0.847,0,19.6,12,27,0,0,0,0,0
5,7,"10_sites_x_500","sparse",-4.5,10,500,5000,0.0384,0.849,0,19.2,12,27,0,0,0,0,0
5,8,"10_sites_x_500","sparse",-4.5,10,500,5000,0.0366,0.8524,0,18.3,12,27,0,0,0,0,0
5,9,"10_sites_x_500","sparse",-4.5,10,500,5000,0.037,0.852,0,18.5,12,27,0,0,0,0,0
5,10,"10_sites_x_500","sparse",-4.5,10,500,5000,0.0382,0.8496,0,19.1,14,27,0,0,0,0,0
5,11,"10_sites_x_500","sparse",-4.5,10,500,5000,0.0396,0.8502,0,19.8,14,27,0,0,0,0,0
5,12,"10_sites_x_500","sparse",-4.5,10,500,5000,0.0396,0.8486,0,19.8,14,27,0,0,0,0,0
5,13,"10_sites_x_500","sparse",-4.5,10,500,5000,0.0398,0.8442,0,19.9,14,27,0,0,0,0,0
5,14,"10_sites_x_500","sparse",-4.5,10,500,5000,0.0384,0.8428,0,19.2,14,27,0,0,0,0,0
5,15,"10_sites_x_500","sparse",-4.5,10,500,5000,0.036,0.846,0,18,14,26,0,0,0,0,0
5,16,"10_sites_x_500","sparse",-4.5,10,500,5000,0.0346,0.8464,0,17.3,14,26,0,0,0,0,0
5,17,"10_sites_x_500","sparse",-4.5,10,500,5000,0.036,0.844,0,18,14,26,0,0,0,0,0
5,18,"10_sites_x_500","sparse",-4.5,10,500,5000,0.037,0.8408,0,18.5,14,26,0,0,0,0,0
5,19,"10_sites_x_500","sparse",-4.5,10,500,5000,0.0374,0.843,0,18.7,14,26,0,0,0,0,0
5,20,"10_sites_x_500","sparse",-4.5,10,500,5000,0.0366,0.844,0,18.3,14,26,0,0,0,0,0
5,21,"10_sites_x_500","sparse",-4.5,10,500,5000,0.0356,0.8422,0,17.8,14,25,0,0,0,0,0
5,22,"10_sites_x_500","sparse",-4.5,10,500,5000,0.0364,0.8422,0,18.2,14,25,0,0,0,0,0
5,23,"10_sites_x_500","sparse",-4.5,10,500,5000,0.038,0.8432,0,19,14,25,0,0,0,0,0
5,24,"10_sites_x_500","sparse",-4.5,10,500,5000,0.038,0.8444,0,19,14,25,0,0,0,0,0
5,25,"10_sites_x_500","sparse",-4.5,10,500,5000,0.0388,0.8446,0,19.4,14,25,0,0,0,0,0
5,26,"10_sites_x_500","sparse",-4.5,10,500,5000,0.0396,0.8442,0,19.8,14,25,0,0,0,0,0
5,27,"10_sites_x_500","sparse",-4.5,10,500,5000,0.039,0.846,0,19.5,14,24,0,0,0,0,0
5,28,"10_sites_x_500","sparse",-4.5,10,500,5000,0.0392,0.8454,0,19.6,14,24,0,0,0,0,0
5,29,"10_sites_x_500","sparse",-4.5,10,500,5000,0.0392,0.8434,0,19.6,14,24,0,0,0,0,0
5,30,"10_sites_x_500","sparse",-4.5,10,500,5000,0.0392,0.8466,0,19.6,14,24,0,0,0,0,0
5,31,"10_sites_x_500","sparse",-4.5,10,500,5000,0.038,0.8498,0,19,14,24,0,0,0,0,0
5,32,"10_sites_x_500","sparse",-4.5,10,500,5000,0.0378,0.852,0,18.9,14,24,0,0,0,0,0
5,33,"10_sites_x_500","sparse",-4.5,10,500,5000,0.037,0.8506,0,18.5,14,22,0,0,0,0,0
5,34,"10_sites_x_500","sparse",-4.5,10,500,5000,0.0372,0.8504,0,18.6,14,22,0,0,0,0,0
5,35,"10_sites_x_500","sparse",-4.5,10,500,5000,0.0364,0.8458,0,18.2,14,22,0,0,0,0,0
5,36,"10_sites_x_500","sparse",-4.5,10,500,5000,0.0364,0.8458,0,18.2,14,22,0,0,0,0,0
5,37,"10_sites_x_500","sparse",-4.5,10,500,5000,0.0358,0.8436,0,17.9,14,22,0,0,0,0,0
5,38,"10_sites_x_500","sparse",-4.5,10,500,5000,0.0346,0.8436,0,17.3,14,20,0,0,0,0,0
5,39,"10_sites_x_500","sparse",-4.5,10,500,5000,0.0346,0.8478,0,17.3,14,20,0,0,0,0,0
5,40,"10_sites_x_500","sparse",-4.5,10,500,5000,0.0358,0.8422,0,17.9,15,20,0,0,0,0,0
5,41,"10_sites_x_500","sparse",-4.5,10,500,5000,0.037,0.8394,0,18.5,15,21,0,0,0,0,0
5,42,"10_sites_x_500","sparse",-4.5,10,500,5000,0.0386,0.8406,0,19.3,15,25,0,0,0,0,0
5,43,"10_sites_x_500","sparse",-4.5,10,500,5000,0.0386,0.8408,0,19.3,15,25,0,0,0,0,0
5,44,"10_sites_x_500","sparse",-4.5,10,500,5000,0.0396,0.841,0,19.8,15,25,0,0,0,0,0
5,45,"10_sites_x_500","sparse",-4.5,10,500,5000,0.04,0.8414,0,20,16,25,0,0,0,0,0
5,46,"10_sites_x_500","sparse",-4.5,10,500,5000,0.0402,0.8424,0,20.1,16,25,0,0,0,0,0
5,47,"10_sites_x_500","sparse",-4.5,10,500,5000,0.0388,0.8428,0,19.4,12,25,0,0,0,0,0
5,48,"10_sites_x_500","sparse",-4.5,10,500,5000,0.04,0.8448,0,20,12,25,0,0,0,0,0
5,49,"10_sites_x_500","sparse",-4.5,10,500,5000,0.04,0.84,0,20,12,25,0,0,0,0,0
5,50,"10_sites_x_500","sparse",-4.5,10,500,5000,0.0396,0.842,0,19.8,12,25,0,0,0,0,0
5,51,"10_sites_x_500","sparse",-4.5,10,500,5000,0.0388,0.8424,0,19.4,12,25,0,0,0,0,0
5,52,"10_sites_x_500","sparse",-4.5,10,500,5000,0.037,0.8398,0,18.5,12,23,0,0,0,0,0
5,53,"10_sites_x_500","sparse",-4.5,10,500,5000,0.037,0.8408,0,18.5,12,23,0,0,0,0,0
5,54,"10_sites_x_500","sparse",-4.5,10,500,5000,0.0368,0.8382,0,18.4,12,22,0,0,0,0,0
5,55,"10_sites_x_500","sparse",-4.5,10,500,5000,0.0368,0.8404,0,18.4,12,22,0,0,0,0,0
5,56,"10_sites_x_500","sparse",-4.5,10,500,5000,0.0362,0.8382,0,18.1,12,22,0,0,0,0,0
5,57,"10_sites_x_500","sparse",-4.5,10,500,5000,0.0366,0.8392,0,18.3,14,22,0,0,0,0,0
5,58,"10_sites_x_500","sparse",-4.5,10,500,5000,0.0362,0.8394,0,18.1,14,22,0,0,0,0,0
5,59,"10_sites_x_500","sparse",-4.5,10,500,5000,0.0364,0.8442,0,18.2,14,22,0,0,0,0,0
5,60,"10_sites_x_500","sparse",-4.5,10,500,5000,0.0352,0.847,0,17.6,12,22,0,0,0,0,0
5,61,"10_sites_x_500","sparse",-4.5,10,500,5000,0.0368,0.8488,0,18.4,12,25,0,0,0,0,0
5,62,"10_sites_x_500","sparse",-4.5,10,500,5000,0.036,0.8492,0,18,12,25,0,0,0,0,0
5,63,"10_sites_x_500","sparse",-4.5,10,500,5000,0.0356,0.8522,0,17.8,12,25,0,0,0,0,0
5,64,"10_sites_x_500","sparse",-4.5,10,500,5000,0.0348,0.8528,0,17.4,12,25,0,0,0,0,0
5,65,"10_sites_x_500","sparse",-4.5,10,500,5000,0.0344,0.8508,0,17.2,12,25,0,0,0,0,0
5,66,"10_sites_x_500","sparse",-4.5,10,500,5000,0.0342,0.851,0,17.1,12,25,0,0,0,0,0
5,67,"10_sites_x_500","sparse",-4.5,10,500,5000,0.0358,0.8502,0,17.9,12,25,0,0,0,0,0
5,68,"10_sites_x_500","sparse",-4.5,10,500,5000,0.0362,0.8502,0,18.1,12,25,0,0,0,0,0
5,69,"10_sites_x_500","sparse",-4.5,10,500,5000,0.0366,0.8482,0,18.3,12,25,0,0,0,0,0
5,70,"10_sites_x_500","sparse",-4.5,10,500,5000,0.0382,0.8472,0,19.1,12,25,0,0,0,0,0
5,71,"10_sites_x_500","sparse",-4.5,10,500,5000,0.0356,0.8448,0,17.8,12,23,0,0,0,0,0
5,72,"10_sites_x_500","sparse",-4.5,10,500,5000,0.0376,0.8452,0,18.8,12,23,0,0,0,0,0
5,73,"10_sites_x_500","sparse",-4.5,10,500,5000,0.0368,0.8436,0,18.4,12,23,0,0,0,0,0
5,74,"10_sites_x_500","sparse",-4.5,10,500,5000,0.0364,0.8456,0,18.2,12,23,0,0,0,0,0
5,75,"10_sites_x_500","sparse",-4.5,10,500,5000,0.0368,0.8494,0,18.4,12,23,0,0,0,0,0
5,76,"10_sites_x_500","sparse",-4.5,10,500,5000,0.0374,0.8496,0,18.7,12,23,0,0,0,0,0
5,77,"10_sites_x_500","sparse",-4.5,10,500,5000,0.0364,0.8472,0,18.2,12,23,0,0,0,0,0
5,78,"10_sites_x_500","sparse",-4.5,10,500,5000,0.0352,0.8472,0,17.6,12,23,0,0,0,0,0
5,79,"10_sites_x_500","sparse",-4.5,10,500,5000,0.0342,0.8472,0,17.1,12,22,0,0,0,0,0
5,80,"10_sites_x_500","sparse",-4.5,10,500,5000,0.0326,0.8484,0,16.3,12,22,0,0,0,0,0
5,81,"10_sites_x_500","sparse",-4.5,10,500,5000,0.0346,0.849,0,17.3,12,22,0,0,0,0,0
5,82,"10_sites_x_500","sparse",-4.5,10,500,5000,0.0336,0.8482,0,16.8,12,22,0,0,0,0,0
5,83,"10_sites_x_500","sparse",-4.5,10,500,5000,0.0344,0.8454,0,17.2,12,22,0,0,0,0,0
5,84,"10_sites_x_500","sparse",-4.5,10,500,5000,0.0338,0.8472,0,16.9,12,22,0,0,0,0,0
5,85,"10_sites_x_500","sparse",-4.5,10,500,5000,0.0326,0.842,0,16.3,11,22,0,0,0,0,0
5,86,"10_sites_x_500","sparse",-4.5,10,500,5000,0.0312,0.8434,0,15.6,11,22,0,0,0,0,0
5,87,"10_sites_x_500","sparse",-4.5,10,500,5000,0.0322,0.846,0,16.1,11,22,0,0,0,0,0
5,88,"10_sites_x_500","sparse",-4.5,10,500,5000,0.0328,0.8444,0,16.4,11,22,0,0,0,0,0
5,89,"10_sites_x_500","sparse",-4.5,10,500,5000,0.0328,0.8442,0,16.4,11,22,0,0,0,0,0
5,90,"10_sites_x_500","sparse",-4.5,10,500,5000,0.0346,0.8452,0,17.3,11,22,0,0,0,0,0
5,91,"10_sites_x_500","sparse",-4.5,10,500,5000,0.034,0.8472,0,17,11,22,0,0,0,0,0
5,92,"10_sites_x_500","sparse",-4.5,10,500,5000,0.0336,0.8512,0,16.8,11,22,0,0,0,0,0
5,93,"10_sites_x_500","sparse",-4.5,10,500,5000,0.0348,0.8516,0,17.4,11,24,0,0,0,0,0
5,94,"10_sites_x_500","sparse",-4.5,10,500,5000,0.036,0.8514,0,18,11,24,0,0,0,0,0
5,95,"10_sites_x_500","sparse",-4.5,10,500,5000,0.0372,0.8532,0,18.6,12,24,0,0,0,0,0
5,96,"10_sites_x_500","sparse",-4.5,10,500,5000,0.0388,0.8518,0,19.4,15,24,0,0,0,0,0
5,97,"10_sites_x_500","sparse",-4.5,10,500,5000,0.0378,0.8508,0,18.9,15,24,0,0,0,0,0
5,98,"10_sites_x_500","sparse",-4.5,10,500,5000,0.0356,0.8498,0,17.8,8,24,0,0,0,0,0
5,99,"10_sites_x_500","sparse",-4.5,10,500,5000,0.034,0.8494,0,17,8,24,0,0,0,0,0
5,100,"10_sites_x_500","sparse",-4.5,10,500,5000,0.033,0.8466,0,16.5,8,24,0,0,0,0,0
5,101,"10_sites_x_500","sparse",-4.5,10,500,5000,0.0332,0.8434,0,16.6,8,24,0,0,0,0,0
5,102,"10_sites_x_500","sparse",-4.5,10,500,5000,0.0334,0.84,0,16.7,8,24,0,0,0,0,0
5,103,"10_sites_x_500","sparse",-4.5,10,500,5000,0.0332,0.8432,0,16.6,8,23,0,0,0,0,0
5,104,"10_sites_x_500","sparse",-4.5,10,500,5000,0.0346,0.8416,0,17.3,8,26,0,0,0,0,0
5,105,"10_sites_x_500","sparse",-4.5,10,500,5000,0.0352,0.8414,0,17.6,8,26,0,0,0,0,0
5,106,"10_sites_x_500","sparse",-4.5,10,500,5000,0.0336,0.841,0,16.8,8,26,0,0,0,0,0
5,107,"10_sites_x_500","sparse",-4.5,10,500,5000,0.0348,0.8406,0,17.4,8,26,0,0,0,0,0
5,108,"10_sites_x_500","sparse",-4.5,10,500,5000,0.0364,0.8406,0,18.2,10,26,0,0,0,0,0
5,109,"10_sites_x_500","sparse",-4.5,10,500,5000,0.038,0.8376,0,19,12,26,0,0,0,0,0
5,110,"10_sites_x_500","sparse",-4.5,10,500,5000,0.0382,0.8378,0,19.1,12,26,0,0,0,0,0
5,111,"10_sites_x_500","sparse",-4.5,10,500,5000,0.0388,0.839,0,19.4,12,26,0,0,0,0,0
5,112,"10_sites_x_500","sparse",-4.5,10,500,5000,0.0414,0.8378,0,20.7,12,29,0,0,0,0,0
5,113,"10_sites_x_500","sparse",-4.5,10,500,5000,0.0412,0.8406,0,20.6,12,29,0,0,0,0,0
5,114,"10_sites_x_500","sparse",-4.5,10,500,5000,0.0396,0.8396,0,19.8,12,29,0,0,0,0,0
5,115,"10_sites_x_500","sparse",-4.5,10,500,5000,0.0382,0.8402,0,19.1,12,29,0,0,0,0,0
5,116,"10_sites_x_500","sparse",-4.5,10,500,5000,0.0396,0.8406,0,19.8,13,29,0,0,0,0,0
5,117,"10_sites_x_500","sparse",-4.5,10,500,5000,0.0392,0.8422,0,19.6,13,29,0,0,0,0,0
5,118,"10_sites_x_500","sparse",-4.5,10,500,5000,0.0378,0.8472,0,18.9,9,29,0,0,0,0,0
5,119,"10_sites_x_500","sparse",-4.5,10,500,5000,0.0382,0.8478,0,19.1,9,29,0,0,0,0,0
5,120,"10_sites_x_500","sparse",-4.5,10,500,5000,0.039,0.8496,0,19.5,9,29,0,0,0,0,0
5,121,"10_sites_x_500","sparse",-4.5,10,500,5000,0.0364,0.8476,0,18.2,9,29,0,0,0,0,0
5,122,"10_sites_x_500","sparse",-4.5,10,500,5000,0.0356,0.8502,0,17.8,9,25,0,0,0,0,0
5,123,"10_sites_x_500","sparse",-4.5,10,500,5000,0.0346,0.847,0,17.3,9,25,0,0,0,0,0
5,124,"10_sites_x_500","sparse",-4.5,10,500,5000,0.0352,0.847,0,17.6,9,25,0,0,0,0,0
5,125,"10_sites_x_500","sparse",-4.5,10,500,5000,0.0368,0.8486,0,18.4,9,25,0,0,0,0,0
5,126,"10_sites_x_500","sparse",-4.5,10,500,5000,0.036,0.8502,0,18,9,25,0,0,0,0,0
5,127,"10_sites_x_500","sparse",-4.5,10,500,5000,0.0344,0.8492,0,17.2,9,25,0,0,0,0,0
5,128,"10_sites_x_500","sparse",-4.5,10,500,5000,0.0358,0.847,0,17.9,10,25,0,0,0,0,0
5,129,"10_sites_x_500","sparse",-4.5,10,500,5000,0.0342,0.8478,0,17.1,10,25,0,0,0,0,0
5,130,"10_sites_x_500","sparse",-4.5,10,500,5000,0.035,0.8472,0,17.5,10,25,0,0,0,0,0
5,131,"10_sites_x_500","sparse",-4.5,10,500,5000,0.0356,0.8536,0,17.8,12,25,0,0,0,0,0
5,132,"10_sites_x_500","sparse",-4.5,10,500,5000,0.034,0.8534,0,17,12,25,0,0,0,0,0
5,133,"10_sites_x_500","sparse",-4.5,10,500,5000,0.0352,0.8538,0,17.6,12,25,0,0,0,0,0
5,134,"10_sites_x_500","sparse",-4.5,10,500,5000,0.0344,0.8512,0,17.2,12,25,0,0,0,0,0
5,135,"10_sites_x_500","sparse",-4.5,10,500,5000,0.0338,0.849,0,16.9,12,25,0,0,0,0,0
5,136,"10_sites_x_500","sparse",-4.5,10,500,5000,0.0328,0.8484,0,16.4,10,25,0,0,0,0,0
5,137,"10_sites_x_500","sparse",-4.5,10,500,5000,0.0344,0.8462,0,17.2,10,25,0,0,0,0,0
5,138,"10_sites_x_500","sparse",-4.5,10,500,5000,0.0348,0.8426,0,17.4,10,25,0,0,0,0,0
5,139,"10_sites_x_500","sparse",-4.5,10,500,5000,0.036,0.8428,0,18,10,25,0,0,0,0,0
5,140,"10_sites_x_500","sparse",-4.5,10,500,5000,0.0358,0.8404,0,17.9,10,24,0,0,0,0,0
5,141,"10_sites_x_500","sparse",-4.5,10,500,5000,0.0354,0.8378,0,17.7,10,24,0,0,0,0,0
5,142,"10_sites_x_500","sparse",-4.5,10,500,5000,0.0356,0.8354,0,17.8,10,24,0,0,0,0,0
5,143,"10_sites_x_500","sparse",-4.5,10,500,5000,0.0346,0.8352,0,17.3,10,24,0,0,0,0,0
5,144,"10_sites_x_500","sparse",-4.5,10,500,5000,0.035,0.8384,0,17.5,10,24,0,0,0,0,0
5,145,"10_sites_x_500","sparse",-4.5,10,500,5000,0.0338,0.84,0,16.9,10,24,0,0,0,0,0
5,146,"10_sites_x_500","sparse",-4.5,10,500,5000,0.035,0.839,0,17.5,11,24,0,0,0,0,0
5,147,"10_sites_x_500","sparse",-4.5,10,500,5000,0.0352,0.8396,0,17.6,11,24,0,0,0,0,0
5,148,"10_sites_x_500","sparse",-4.5,10,500,5000,0.0348,0.8448,0,17.4,11,24,0,0,0,0,0
5,149,"10_sites_x_500","sparse",-4.5,10,500,5000,0.0344,0.845,0,17.2,11,24,0,0,0,0,0
5,150,"10_sites_x_500","sparse",-4.5,10,500,5000,0.0324,0.843,0,16.2,11,22,0,0,0,0,0
5,151,"10_sites_x_500","sparse",-4.5,10,500,5000,0.0346,0.8404,0,17.3,12,22,0,0,0,0,0
5,152,"10_sites_x_500","sparse",-4.5,10,500,5000,0.034,0.8426,0,17,12,22,0,0,0,0,0
5,153,"10_sites_x_500","sparse",-4.5,10,500,5000,0.035,0.8428,0,17.5,12,23,0,0,0,0,0
5,154,"10_sites_x_500","sparse",-4.5,10,500,5000,0.0356,0.8464,0,17.8,12,23,0,0,0,0,0
5,155,"10_sites_x_500","sparse",-4.5,10,500,5000,0.037,0.8436,0,18.5,14,23,0,0,0,0,0
5,156,"10_sites_x_500","sparse",-4.5,10,500,5000,0.0376,0.846,0,18.8,14,23,0,0,0,0,0
5,157,"10_sites_x_500","sparse",-4.5,10,500,5000,0.0366,0.8448,0,18.3,14,23,0,0,0,0,0
5,158,"10_sites_x_500","sparse",-4.5,10,500,5000,0.0374,0.8424,0,18.7,14,23,0,0,0,0,0
5,159,"10_sites_x_500","sparse",-4.5,10,500,5000,0.0372,0.8432,0,18.6,14,23,0,0,0,0,0
5,160,"10_sites_x_500","sparse",-4.5,10,500,5000,0.0388,0.8458,0,19.4,15,23,0,0,0,0,0
5,161,"10_sites_x_500","sparse",-4.5,10,500,5000,0.0394,0.8494,0,19.7,15,25,0,0,0,0,0
5,162,"10_sites_x_500","sparse",-4.5,10,500,5000,0.0396,0.851,0,19.8,15,25,0,0,0,0,0
5,163,"10_sites_x_500","sparse",-4.5,10,500,5000,0.037,0.85,0,18.5,10,25,0,0,0,0,0
5,164,"10_sites_x_500","sparse",-4.5,10,500,5000,0.0362,0.8446,0,18.1,10,25,0,0,0,0,0
5,165,"10_sites_x_500","sparse",-4.5,10,500,5000,0.0374,0.8436,0,18.7,10,25,0,0,0,0,0
5,166,"10_sites_x_500","sparse",-4.5,10,500,5000,0.037,0.8398,0,18.5,10,25,0,0,0,0,0
5,167,"10_sites_x_500","sparse",-4.5,10,500,5000,0.037,0.841,0,18.5,10,25,0,0,0,0,0
5,168,"10_sites_x_500","sparse",-4.5,10,500,5000,0.0354,0.84,0,17.7,10,25,0,0,0,0,0
5,169,"10_sites_x_500","sparse",-4.5,10,500,5000,0.0358,0.844,0,17.9,10,25,0,0,0,0,0
5,170,"10_sites_x_500","sparse",-4.5,10,500,5000,0.0346,0.8438,0,17.3,10,25,0,0,0,0,0
5,171,"10_sites_x_500","sparse",-4.5,10,500,5000,0.0324,0.8424,0,16.2,10,25,0,0,0,0,0
5,172,"10_sites_x_500","sparse",-4.5,10,500,5000,0.0326,0.8408,0,16.3,10,25,0,0,0,0,0
5,173,"10_sites_x_500","sparse",-4.5,10,500,5000,0.0354,0.8408,0,17.7,12,25,0,0,0,0,0
5,174,"10_sites_x_500","sparse",-4.5,10,500,5000,0.0354,0.8424,0,17.7,12,25,0,0,0,0,0
5,175,"10_sites_x_500","sparse",-4.5,10,500,5000,0.033,0.8444,0,16.5,12,24,0,0,0,0,0
5,176,"10_sites_x_500","sparse",-4.5,10,500,5000,0.033,0.846,0,16.5,12,24,0,0,0,0,0
5,177,"10_sites_x_500","sparse",-4.5,10,500,5000,0.0332,0.8472,0,16.6,12,24,0,0,0,0,0
5,178,"10_sites_x_500","sparse",-4.5,10,500,5000,0.034,0.8482,0,17,13,24,0,0,0,0,0
5,179,"10_sites_x_500","sparse",-4.5,10,500,5000,0.0346,0.8416,0,17.3,13,24,0,0,0,0,0
5,180,"10_sites_x_500","sparse",-4.5,10,500,5000,0.0338,0.846,0,16.9,12,24,0,1,0,1,0
5,181,"10_sites_x_500","sparse",-4.5,10,500,5000,0.0358,0.848,0,17.9,12,24,0,1,0,1,0
5,182,"10_sites_x_500","sparse",-4.5,10,500,5000,0.036,0.8464,0,18,12,24,0,1,0,1,0
5,183,"10_sites_x_500","sparse",-4.5,10,500,5000,0.0354,0.8436,0,17.7,12,24,0,1,0,1,0
5,184,"10_sites_x_500","sparse",-4.5,10,500,5000,0.0354,0.8424,0,17.7,12,24,0,1,0,1,0
5,185,"10_sites_x_500","sparse",-4.5,10,500,5000,0.0352,0.8408,0,17.6,12,24,0,1,0,1,0
5,186,"10_sites_x_500","sparse",-4.5,10,500,5000,0.0344,0.8434,0,17.2,12,24,0,1,0,1,0
5,187,"10_sites_x_500","sparse",-4.5,10,500,5000,0.034,0.843,0,17,12,24,0,1,0,1,0
5,188,"10_sites_x_500","sparse",-4.5,10,500,5000,0.0338,0.8406,0,16.9,12,24,0,1,0,1,0
5,189,"10_sites_x_500","sparse",-4.5,10,500,5000,0.033,0.843,0,16.5,12,24,0,1,0,1,0
5,190,"10_sites_x_500","sparse",-4.5,10,500,5000,0.0348,0.8402,0,17.4,12,24,0,0,0,0,0
5,191,"10_sites_x_500","sparse",-4.5,10,500,5000,0.0336,0.8384,0,16.8,12,21,0,0,0,0,0
5,192,"10_sites_x_500","sparse",-4.5,10,500,5000,0.0328,0.8386,0,16.4,12,21,0,0,0,0,0
5,193,"10_sites_x_500","sparse",-4.5,10,500,5000,0.0336,0.8424,0,16.8,12,25,0,0,0,0,0
5,194,"10_sites_x_500","sparse",-4.5,10,500,5000,0.0332,0.8458,0,16.6,12,25,0,0,0,0,0
5,195,"10_sites_x_500","sparse",-4.5,10,500,5000,0.0338,0.849,0,16.9,13,25,0,0,0,0,0
5,196,"10_sites_x_500","sparse",-4.5,10,500,5000,0.035,0.8486,0,17.5,14,25,0,0,0,0,0
5,197,"10_sites_x_500","sparse",-4.5,10,500,5000,0.035,0.8498,0,17.5,14,25,0,0,0,0,0
5,198,"10_sites_x_500","sparse",-4.5,10,500,5000,0.0344,0.8536,0,17.2,12,25,0,0,0,0,0
5,199,"10_sites_x_500","sparse",-4.5,10,500,5000,0.0354,0.8528,0,17.7,12,25,0,0,0,0,0
5,200,"10_sites_x_500","sparse",-4.5,10,500,5000,0.0336,0.8518,0,16.8,12,25,0,0,0,0,0
5,201,"10_sites_x_500","sparse",-4.5,10,500,5000,0.0336,0.8522,0,16.8,12,25,0,0,0,0,0
5,202,"10_sites_x_500","sparse",-4.5,10,500,5000,0.036,0.8536,0,18,12,26,0,0,0,0,0
5,203,"10_sites_x_500","sparse",-4.5,10,500,5000,0.035,0.8524,0,17.5,12,26,0,0,0,0,0
5,204,"10_sites_x_500","sparse",-4.5,10,500,5000,0.0344,0.851,0,17.2,12,26,0,0,0,0,0
5,205,"10_sites_x_500","sparse",-4.5,10,500,5000,0.0362,0.848,0,18.1,12,26,0,0,0,0,0
5,206,"10_sites_x_500","sparse",-4.5,10,500,5000,0.0354,0.8456,0,17.7,12,26,0,0,0,0,0
5,207,"10_sites_x_500","sparse",-4.5,10,500,5000,0.0366,0.8458,0,18.3,12,26,0,0,0,0,0
5,208,"10_sites_x_500","sparse",-4.5,10,500,5000,0.0378,0.8438,0,18.9,12,26,0,0,0,0,0
5,209,"10_sites_x_500","sparse",-4.5,10,500,5000,0.0364,0.8406,0,18.2,12,26,0,0,0,0,0
5,210,"10_sites_x_500","sparse",-4.5,10,500,5000,0.037,0.8406,0,18.5,13,26,0,0,0,0,0
5,211,"10_sites_x_500","sparse",-4.5,10,500,5000,0.0374,0.8384,0,18.7,13,26,0,0,0,0,0
5,212,"10_sites_x_500","sparse",-4.5,10,500,5000,0.0366,0.8372,0,18.3,13,24,0,0,0,0,0
5,213,"10_sites_x_500","sparse",-4.5,10,500,5000,0.0354,0.8404,0,17.7,13,24,0,0,0,0,0
5,214,"10_sites_x_500","sparse",-4.5,10,500,5000,0.0366,0.8388,0,18.3,14,24,0,0,0,0,0
5,215,"10_sites_x_500","sparse",-4.5,10,500,5000,0.035,0.8396,0,17.5,14,22,0,0,0,0,0
5,216,"10_sites_x_500","sparse",-4.5,10,500,5000,0.0362,0.8382,0,18.1,14,22,0,0,0,0,0
5,217,"10_sites_x_500","sparse",-4.5,10,500,5000,0.0356,0.835,0,17.8,14,22,0,0,0,0,0
5,218,"10_sites_x_500","sparse",-4.5,10,500,5000,0.0352,0.8344,0,17.6,14,22,0,0,0,0,0
5,219,"10_sites_x_500","sparse",-4.5,10,500,5000,0.0356,0.8376,0,17.8,14,22,0,0,0,0,0
5,220,"10_sites_x_500","sparse",-4.5,10,500,5000,0.038,0.8354,0,19,14,27,0,0,0,0,0
5,221,"10_sites_x_500","sparse",-4.5,10,500,5000,0.037,0.8352,0,18.5,14,27,0,0,0,0,0
5,222,"10_sites_x_500","sparse",-4.5,10,500,5000,0.0382,0.8354,0,19.1,14,28,0,0,0,0,0
5,223,"10_sites_x_500","sparse",-4.5,10,500,5000,0.0396,0.8306,0,19.8,15,28,0,0,0,0,0
5,224,"10_sites_x_500","sparse",-4.5,10,500,5000,0.0394,0.8302,0,19.7,15,28,0,0,0,0,0
5,225,"10_sites_x_500","sparse",-4.5,10,500,5000,0.0398,0.8302,0,19.9,15,28,0,0,0,0,0
5,226,"10_sites_x_500","sparse",-4.5,10,500,5000,0.0404,0.8314,0,20.2,15,28,0,0,0,0,0
5,227,"10_sites_x_500","sparse",-4.5,10,500,5000,0.0408,0.834,0,20.4,15,28,0,0,0,0,0
5,228,"10_sites_x_500","sparse",-4.5,10,500,5000,0.0416,0.836,0,20.8,15,28,0,0,0,0,0
5,229,"10_sites_x_500","sparse",-4.5,10,500,5000,0.0428,0.8384,0,21.4,15,28,0,0,0,0,0
5,230,"10_sites_x_500","sparse",-4.5,10,500,5000,0.0408,0.8428,0,20.4,15,28,0,0,0,0,0
5,231,"10_sites_x_500","sparse",-4.5,10,500,5000,0.0424,0.8444,0,21.2,17,28,0,0,0,0,0
5,232,"10_sites_x_500","sparse",-4.5,10,500,5000,0.041,0.8438,0,20.5,17,24,0,0,0,0,0
5,233,"10_sites_x_500","sparse",-4.5,10,500,5000,0.0396,0.8466,0,19.8,14,24,0,0,0,0,0
5,234,"10_sites_x_500","sparse",-4.5,10,500,5000,0.039,0.8484,0,19.5,14,24,0,0,0,0,0
5,235,"10_sites_x_500","sparse",-4.5,10,500,5000,0.038,0.8502,0,19,13,24,0,0,0,0,0
5,236,"10_sites_x_500","sparse",-4.5,10,500,5000,0.0366,0.8516,0,18.3,13,23,0,0,0,0,0
5,237,"10_sites_x_500","sparse",-4.5,10,500,5000,0.0352,0.8482,0,17.6,13,23,0,0,0,0,0
5,238,"10_sites_x_500","sparse",-4.5,10,500,5000,0.0352,0.8474,0,17.6,13,23,0,0,0,0,0
5,239,"10_sites_x_500","sparse",-4.5,10,500,5000,0.0332,0.8446,0,16.6,12,23,0,0,0,0,0
5,240,"10_sites_x_500","sparse",-4.5,10,500,5000,0.0348,0.8412,0,17.4,12,25,0,0,0,0,0
5,241,"10_sites_x_500","sparse",-4.5,10,500,5000,0.0334,0.8408,0,16.7,12,25,0,0,0,0,0
5,242,"10_sites_x_500","sparse",-4.5,10,500,5000,0.0324,0.8398,0,16.2,12,25,0,0,0,0,0
5,243,"10_sites_x_500","sparse",-4.5,10,500,5000,0.0342,0.8404,0,17.1,12,25,0,0,0,0,0
5,244,"10_sites_x_500","sparse",-4.5,10,500,5000,0.034,0.84,0,17,12,25,0,0,0,0,0
5,245,"10_sites_x_500","sparse",-4.5,10,500,5000,0.036,0.8374,0,18,12,25,0,0,0,0,0
5,246,"10_sites_x_500","sparse",-4.5,10,500,5000,0.0372,0.8354,0,18.6,12,25,0,0,0,0,0
5,247,"10_sites_x_500","sparse",-4.5,10,500,5000,0.039,0.838,0,19.5,12,25,0,0,0,0,0
5,248,"10_sites_x_500","sparse",-4.5,10,500,5000,0.039,0.8366,0,19.5,12,25,0,0,0,0,0
5,249,"10_sites_x_500","sparse",-4.5,10,500,5000,0.0392,0.8378,0,19.6,13,25,0,0,0,0,0
5,250,"10_sites_x_500","sparse",-4.5,10,500,5000,0.0382,0.8398,0,19.1,13,23,0,0,0,0,0
5,251,"10_sites_x_500","sparse",-4.5,10,500,5000,0.0394,0.8384,0,19.7,13,23,0,0,0,0,0
5,252,"10_sites_x_500","sparse",-4.5,10,500,5000,0.039,0.8412,0,19.5,13,23,0,0,0,0,0
5,253,"10_sites_x_500","sparse",-4.5,10,500,5000,0.0378,0.8432,0,18.9,13,23,0,0,0,0,0
5,254,"10_sites_x_500","sparse",-4.5,10,500,5000,0.0388,0.8438,0,19.4,13,23,0,0,0,0,0
5,255,"10_sites_x_500","sparse",-4.5,10,500,5000,0.0374,0.8428,0,18.7,13,23,0,0,0,0,0
5,256,"10_sites_x_500","sparse",-4.5,10,500,5000,0.0352,0.8422,0,17.6,12,23,0,0,0,0,0
5,257,"10_sites_x_500","sparse",-4.5,10,500,5000,0.0338,0.8424,0,16.9,12,22,0,0,0,0,0
5,258,"10_sites_x_500","sparse",-4.5,10,500,5000,0.0336,0.843,0,16.8,12,22,0,0,0,0,0
5,259,"10_sites_x_500","sparse",-4.5,10,500,5000,0.0334,0.8436,0,16.7,12,22,0,0,0,0,0
5,260,"10_sites_x_500","sparse",-4.5,10,500,5000,0.032,0.8448,0,16,12,22,0,0,0,0,0
5,261,"10_sites_x_500","sparse",-4.5,10,500,5000,0.0314,0.8466,0,15.7,12,19,0,0,0,0,0
5,262,"10_sites_x_500","sparse",-4.5,10,500,5000,0.0322,0.8432,0,16.1,12,19,0,0,0,0,0
5,263,"10_sites_x_500","sparse",-4.5,10,500,5000,0.0322,0.8348,0,16.1,12,19,0,0,0,0,0
5,264,"10_sites_x_500","sparse",-4.5,10,500,5000,0.0314,0.8314,0,15.7,12,19,0,0,0,0,0
5,265,"10_sites_x_500","sparse",-4.5,10,500,5000,0.032,0.835,0,16,12,19,0,0,0,0,0
5,266,"10_sites_x_500","sparse",-4.5,10,500,5000,0.033,0.8394,0,16.5,12,19,0,0,0,0,0
5,267,"10_sites_x_500","sparse",-4.5,10,500,5000,0.0334,0.8424,0,16.7,12,19,0,0,0,0,0
5,268,"10_sites_x_500","sparse",-4.5,10,500,5000,0.0344,0.841,0,17.2,12,24,0,0,0,0,0
5,269,"10_sites_x_500","sparse",-4.5,10,500,5000,0.0344,0.8376,0,17.2,12,24,0,0,0,0,0
5,270,"10_sites_x_500","sparse",-4.5,10,500,5000,0.0354,0.8378,0,17.7,12,24,0,0,0,0,0
5,271,"10_sites_x_500","sparse",-4.5,10,500,5000,0.036,0.836,0,18,12,24,0,0,0,0,0
5,272,"10_sites_x_500","sparse",-4.5,10,500,5000,0.0364,0.8382,0,18.2,12,24,0,0,0,0,0
5,273,"10_sites_x_500","sparse",-4.5,10,500,5000,0.0382,0.844,0,19.1,12,26,0,0,0,0,0
5,274,"10_sites_x_500","sparse",-4.5,10,500,5000,0.0384,0.846,0,19.2,12,26,0,0,0,0,0
5,275,"10_sites_x_500","sparse",-4.5,10,500,5000,0.0402,0.845,0,20.1,12,28,0,0,0,0,0
5,276,"10_sites_x_500","sparse",-4.5,10,500,5000,0.041,0.8416,0,20.5,12,28,0,0,0,0,0
5,277,"10_sites_x_500","sparse",-4.5,10,500,5000,0.0412,0.8392,0,20.6,12,28,0,0,0,0,0
5,278,"10_sites_x_500","sparse",-4.5,10,500,5000,0.041,0.842,0,20.5,12,28,0,0,0,0,0
5,279,"10_sites_x_500","sparse",-4.5,10,500,5000,0.042,0.844,0,21,16,28,0,0,0,0,0
5,280,"10_sites_x_500","sparse",-4.5,10,500,5000,0.0412,0.843,0,20.6,14,28,0,0,0,0,0
5,281,"10_sites_x_500","sparse",-4.5,10,500,5000,0.04,0.8468,0,20,14,28,0,0,0,0,0
5,282,"10_sites_x_500","sparse",-4.5,10,500,5000,0.0386,0.847,0,19.3,13,28,0,0,0,0,0
5,283,"10_sites_x_500","sparse",-4.5,10,500,5000,0.0386,0.8462,0,19.3,13,28,0,0,0,0,0
5,284,"10_sites_x_500","sparse",-4.5,10,500,5000,0.0386,0.8474,0,19.3,13,28,0,0,0,0,0
5,285,"10_sites_x_500","sparse",-4.5,10,500,5000,0.0362,0.8494,0,18.1,13,26,0,0,0,0,0
5,286,"10_sites_x_500","sparse",-4.5,10,500,5000,0.0348,0.8508,0,17.4,13,26,0,0,0,0,0
5,287,"10_sites_x_500","sparse",-4.5,10,500,5000,0.0348,0.853,0,17.4,13,26,0,0,0,0,0
5,288,"10_sites_x_500","sparse",-4.5,10,500,5000,0.034,0.8538,0,17,13,26,0,0,0,0,0
5,289,"10_sites_x_500","sparse",-4.5,10,500,5000,0.0332,0.8572,0,16.6,13,26,0,0,0,0,0
5,290,"10_sites_x_500","sparse",-4.5,10,500,5000,0.0346,0.8574,0,17.3,13,26,0,0,0,0,0
5,291,"10_sites_x_500","sparse",-4.5,10,500,5000,0.0344,0.8546,0,17.2,13,26,0,0,0,0,0
5,292,"10_sites_x_500","sparse",-4.5,10,500,5000,0.0352,0.8548,0,17.6,13,26,0,0,0,0,0
5,293,"10_sites_x_500","sparse",-4.5,10,500,5000,0.0332,0.8538,0,16.6,13,21,0,0,0,0,0
5,294,"10_sites_x_500","sparse",-4.5,10,500,5000,0.0326,0.8542,0,16.3,13,21,0,0,0,0,0
5,295,"10_sites_x_500","sparse",-4.5,10,500,5000,0.033,0.8526,0,16.5,13,21,0,0,0,0,0
5,296,"10_sites_x_500","sparse",-4.5,10,500,5000,0.0326,0.8516,0,16.3,12,21,0,0,0,0,0
5,297,"10_sites_x_500","sparse",-4.5,10,500,5000,0.0322,0.8484,0,16.1,12,21,0,0,0,0,0
5,298,"10_sites_x_500","sparse",-4.5,10,500,5000,0.0314,0.8478,0,15.7,12,21,0,0,0,0,0
5,299,"10_sites_x_500","sparse",-4.5,10,500,5000,0.0308,0.8486,0,15.4,10,21,0,0,0,0,0
5,300,"10_sites_x_500","sparse",-4.5,10,500,5000,0.0314,0.8478,0,15.7,10,24,0,0,0,0,0
6,1,"20_sites_x_250","sparse",-4.5,20,250,5000,0.0354,0.8582,0,8.85,5,14,0,1,0,1,0
6,2,"20_sites_x_250","sparse",-4.5,20,250,5000,0.035,0.859,0,8.75,5,13,0,1,0,1,0
6,3,"20_sites_x_250","sparse",-4.5,20,250,5000,0.0372,0.8572,0,9.3,5,17,0,0,0,0,0
6,4,"20_sites_x_250","sparse",-4.5,20,250,5000,0.0366,0.8564,0,9.15,5,17,0,0,0,0,0
6,5,"20_sites_x_250","sparse",-4.5,20,250,5000,0.0364,0.8588,0,9.1,5,17,0,0,0,0,0
6,6,"20_sites_x_250","sparse",-4.5,20,250,5000,0.0376,0.8552,0,9.4,5,17,0,0,0,0,0
6,7,"20_sites_x_250","sparse",-4.5,20,250,5000,0.038,0.8564,0,9.5,5,17,0,0,0,0,0
6,8,"20_sites_x_250","sparse",-4.5,20,250,5000,0.038,0.8576,0,9.5,5,17,0,0,0,0,0
6,9,"20_sites_x_250","sparse",-4.5,20,250,5000,0.0384,0.8562,0,9.6,5,17,0,0,0,0,0
6,10,"20_sites_x_250","sparse",-4.5,20,250,5000,0.038,0.856,0,9.5,5,17,0,0,0,0,0
6,11,"20_sites_x_250","sparse",-4.5,20,250,5000,0.0388,0.8558,0,9.7,5,17,0,0,0,0,0
6,12,"20_sites_x_250","sparse",-4.5,20,250,5000,0.039,0.8534,0,9.75,5,17,0,0,0,0,0
6,13,"20_sites_x_250","sparse",-4.5,20,250,5000,0.0396,0.8504,0,9.9,5,17,0,0,0,0,0
6,14,"20_sites_x_250","sparse",-4.5,20,250,5000,0.0384,0.8504,0,9.6,5,17,0,0,0,0,0
6,15,"20_sites_x_250","sparse",-4.5,20,250,5000,0.0388,0.8506,0,9.7,5,17,0,0,0,0,0
6,16,"20_sites_x_250","sparse",-4.5,20,250,5000,0.039,0.847,0,9.75,5,17,0,0,0,0,0
6,17,"20_sites_x_250","sparse",-4.5,20,250,5000,0.0404,0.8454,0,10.1,5,17,0,0,0,0,0
6,18,"20_sites_x_250","sparse",-4.5,20,250,5000,0.0398,0.8456,0,9.95,5,17,0,0,0,0,0
6,19,"20_sites_x_250","sparse",-4.5,20,250,5000,0.0408,0.8458,0,10.2,5,18,0,0,0,0,0
6,20,"20_sites_x_250","sparse",-4.5,20,250,5000,0.0402,0.8448,0,10.05,5,18,0,0,0,0,0
6,21,"20_sites_x_250","sparse",-4.5,20,250,5000,0.0408,0.8452,0,10.2,6,18,0,0,0,0,0
6,22,"20_sites_x_250","sparse",-4.5,20,250,5000,0.0408,0.8448,0,10.2,6,18,0,0,0,0,0
6,23,"20_sites_x_250","sparse",-4.5,20,250,5000,0.0398,0.843,0,9.95,6,18,0,0,0,0,0
6,24,"20_sites_x_250","sparse",-4.5,20,250,5000,0.0396,0.8438,0,9.9,5,18,0,1,0,1,0
6,25,"20_sites_x_250","sparse",-4.5,20,250,5000,0.039,0.8424,0,9.75,5,18,0,1,0,1,0
6,26,"20_sites_x_250","sparse",-4.5,20,250,5000,0.038,0.8452,0,9.5,5,18,0,1,0,1,0
6,27,"20_sites_x_250","sparse",-4.5,20,250,5000,0.0378,0.845,0,9.45,5,18,0,1,0,1,0
6,28,"20_sites_x_250","sparse",-4.5,20,250,5000,0.0388,0.8458,0,9.7,5,18,0,1,0,1,0
6,29,"20_sites_x_250","sparse",-4.5,20,250,5000,0.0386,0.8466,0,9.65,5,18,0,1,0,1,0
6,30,"20_sites_x_250","sparse",-4.5,20,250,5000,0.0386,0.8468,0,9.65,5,18,0,1,0,1,0
6,31,"20_sites_x_250","sparse",-4.5,20,250,5000,0.0372,0.8482,0,9.3,5,18,0,1,0,1,0
6,32,"20_sites_x_250","sparse",-4.5,20,250,5000,0.037,0.8494,0,9.25,5,18,0,1,0,1,0
6,33,"20_sites_x_250","sparse",-4.5,20,250,5000,0.0372,0.8496,0,9.3,5,18,0,1,0,1,0
6,34,"20_sites_x_250","sparse",-4.5,20,250,5000,0.0376,0.85,0,9.4,5,18,0,1,0,1,0
6,35,"20_sites_x_250","sparse",-4.5,20,250,5000,0.0394,0.8464,0,9.85,5,18,0,1,0,1,0
6,36,"20_sites_x_250","sparse",-4.5,20,250,5000,0.038,0.8484,0,9.5,3,18,0,2,0,2,0
6,37,"20_sites_x_250","sparse",-4.5,20,250,5000,0.0378,0.8496,0,9.45,3,18,0,2,0,2,0
6,38,"20_sites_x_250","sparse",-4.5,20,250,5000,0.0384,0.8482,0,9.6,3,18,0,2,0,2,0
6,39,"20_sites_x_250","sparse",-4.5,20,250,5000,0.0358,0.8478,0,8.95,3,18,0,2,0,2,0
6,40,"20_sites_x_250","sparse",-4.5,20,250,5000,0.0348,0.8466,0,8.7,3,18,0,2,0,2,0
6,41,"20_sites_x_250","sparse",-4.5,20,250,5000,0.0346,0.8424,0,8.65,3,18,0,2,0,2,0
6,42,"20_sites_x_250","sparse",-4.5,20,250,5000,0.034,0.8432,0,8.5,3,18,0,2,0,2,0
6,43,"20_sites_x_250","sparse",-4.5,20,250,5000,0.0338,0.844,0,8.45,3,18,0,2,0,2,0
6,44,"20_sites_x_250","sparse",-4.5,20,250,5000,0.0346,0.8416,0,8.65,3,18,0,1,0,1,0
6,45,"20_sites_x_250","sparse",-4.5,20,250,5000,0.0346,0.841,0,8.65,3,18,0,1,0,1,0
6,46,"20_sites_x_250","sparse",-4.5,20,250,5000,0.0336,0.8402,0,8.4,3,18,0,1,0,1,0
6,47,"20_sites_x_250","sparse",-4.5,20,250,5000,0.0328,0.8408,0,8.2,3,18,0,1,0,1,0
6,48,"20_sites_x_250","sparse",-4.5,20,250,5000,0.0332,0.838,0,8.3,3,18,0,1,0,1,0
6,49,"20_sites_x_250","sparse",-4.5,20,250,5000,0.0326,0.8382,0,8.15,3,18,0,2,0,2,0
6,50,"20_sites_x_250","sparse",-4.5,20,250,5000,0.0332,0.8358,0,8.3,3,18,0,2,0,2,0
6,51,"20_sites_x_250","sparse",-4.5,20,250,5000,0.0328,0.835,0,8.2,3,18,0,2,0,2,0
6,52,"20_sites_x_250","sparse",-4.5,20,250,5000,0.0328,0.8338,0,8.2,3,18,0,2,0,2,0
6,53,"20_sites_x_250","sparse",-4.5,20,250,5000,0.0328,0.8354,0,8.2,3,18,0,2,0,2,0
6,54,"20_sites_x_250","sparse",-4.5,20,250,5000,0.0328,0.8346,0,8.2,3,18,0,2,0,2,0
6,55,"20_sites_x_250","sparse",-4.5,20,250,5000,0.0314,0.837,0,7.85,3,15,0,2,0,2,0
6,56,"20_sites_x_250","sparse",-4.5,20,250,5000,0.0326,0.8372,0,8.15,3,15,0,1,0,1,0
6,57,"20_sites_x_250","sparse",-4.5,20,250,5000,0.0316,0.8354,0,7.9,3,15,0,1,0,1,0
6,58,"20_sites_x_250","sparse",-4.5,20,250,5000,0.032,0.8346,0,8,3,15,0,1,0,1,0
6,59,"20_sites_x_250","sparse",-4.5,20,250,5000,0.0328,0.8326,0,8.2,3,15,0,1,0,1,0
6,60,"20_sites_x_250","sparse",-4.5,20,250,5000,0.0336,0.8356,0,8.4,3,15,0,1,0,1,0
6,61,"20_sites_x_250","sparse",-4.5,20,250,5000,0.033,0.8378,0,8.25,3,15,0,1,0,1,0
6,62,"20_sites_x_250","sparse",-4.5,20,250,5000,0.0326,0.8374,0,8.15,3,15,0,1,0,1,0
6,63,"20_sites_x_250","sparse",-4.5,20,250,5000,0.0316,0.84,0,7.9,3,15,0,1,0,1,0
6,64,"20_sites_x_250","sparse",-4.5,20,250,5000,0.0312,0.84,0,7.8,3,15,0,1,0,1,0
6,65,"20_sites_x_250","sparse",-4.5,20,250,5000,0.0326,0.84,0,8.15,3,15,0,1,0,1,0
6,66,"20_sites_x_250","sparse",-4.5,20,250,5000,0.0334,0.8404,0,8.35,4,15,0,1,0,1,0
6,67,"20_sites_x_250","sparse",-4.5,20,250,5000,0.0338,0.8372,0,8.45,4,15,0,1,0,1,0
6,68,"20_sites_x_250","sparse",-4.5,20,250,5000,0.032,0.839,0,8,4,15,0,1,0,1,0
6,69,"20_sites_x_250","sparse",-4.5,20,250,5000,0.032,0.8408,0,8,4,15,0,1,0,1,0
6,70,"20_sites_x_250","sparse",-4.5,20,250,5000,0.0324,0.843,0,8.1,4,15,0,1,0,1,0
6,71,"20_sites_x_250","sparse",-4.5,20,250,5000,0.0332,0.843,0,8.3,4,15,0,1,0,1,0
6,72,"20_sites_x_250","sparse",-4.5,20,250,5000,0.0336,0.8442,0,8.4,4,15,0,1,0,1,0
6,73,"20_sites_x_250","sparse",-4.5,20,250,5000,0.034,0.8452,0,8.5,4,15,0,1,0,1,0
6,74,"20_sites_x_250","sparse",-4.5,20,250,5000,0.0326,0.8462,0,8.15,2,15,0,2,0,2,0
6,75,"20_sites_x_250","sparse",-4.5,20,250,5000,0.0326,0.846,0,8.15,2,15,0,2,0,2,0
6,76,"20_sites_x_250","sparse",-4.5,20,250,5000,0.0336,0.8462,0,8.4,2,15,0,2,0,2,0
6,77,"20_sites_x_250","sparse",-4.5,20,250,5000,0.0348,0.847,0,8.7,2,15,0,2,0,2,0
6,78,"20_sites_x_250","sparse",-4.5,20,250,5000,0.0356,0.8474,0,8.9,2,16,0,2,0,2,0
6,79,"20_sites_x_250","sparse",-4.5,20,250,5000,0.0354,0.8488,0,8.85,2,16,0,2,0,2,0
6,80,"20_sites_x_250","sparse",-4.5,20,250,5000,0.0352,0.8468,0,8.8,2,16,0,3,0,3,0
6,81,"20_sites_x_250","sparse",-4.5,20,250,5000,0.0354,0.8464,0,8.85,2,16,0,3,0,3,0
6,82,"20_sites_x_250","sparse",-4.5,20,250,5000,0.0354,0.8466,0,8.85,2,16,0,3,0,3,0
6,83,"20_sites_x_250","sparse",-4.5,20,250,5000,0.0352,0.8466,0,8.8,2,16,0,3,0,3,0
6,84,"20_sites_x_250","sparse",-4.5,20,250,5000,0.036,0.8478,0,9,2,16,0,3,0,3,0
6,85,"20_sites_x_250","sparse",-4.5,20,250,5000,0.035,0.846,0,8.75,2,16,0,3,0,3,0
6,86,"20_sites_x_250","sparse",-4.5,20,250,5000,0.0366,0.8452,0,9.15,2,16,0,3,0,3,0
6,87,"20_sites_x_250","sparse",-4.5,20,250,5000,0.0374,0.8446,0,9.35,2,16,0,3,0,3,0
6,88,"20_sites_x_250","sparse",-4.5,20,250,5000,0.0386,0.8448,0,9.65,2,16,0,3,0,3,0
6,89,"20_sites_x_250","sparse",-4.5,20,250,5000,0.0394,0.8434,0,9.85,2,16,0,2,0,2,0
6,90,"20_sites_x_250","sparse",-4.5,20,250,5000,0.0392,0.8444,0,9.8,2,16,0,2,0,2,0
6,91,"20_sites_x_250","sparse",-4.5,20,250,5000,0.039,0.8448,0,9.75,2,16,0,2,0,2,0
6,92,"20_sites_x_250","sparse",-4.5,20,250,5000,0.0386,0.8456,0,9.65,2,16,0,2,0,2,0
6,93,"20_sites_x_250","sparse",-4.5,20,250,5000,0.0386,0.845,0,9.65,2,16,0,2,0,2,0
6,94,"20_sites_x_250","sparse",-4.5,20,250,5000,0.0394,0.842,0,9.85,5,16,0,1,0,1,0
6,95,"20_sites_x_250","sparse",-4.5,20,250,5000,0.0386,0.8406,0,9.65,5,16,0,1,0,1,0
6,96,"20_sites_x_250","sparse",-4.5,20,250,5000,0.0374,0.8386,0,9.35,5,16,0,1,0,1,0
6,97,"20_sites_x_250","sparse",-4.5,20,250,5000,0.0364,0.8406,0,9.1,5,16,0,1,0,1,0
6,98,"20_sites_x_250","sparse",-4.5,20,250,5000,0.0344,0.8422,0,8.6,5,15,0,1,0,1,0
6,99,"20_sites_x_250","sparse",-4.5,20,250,5000,0.0348,0.8418,0,8.7,5,15,0,1,0,1,0
6,100,"20_sites_x_250","sparse",-4.5,20,250,5000,0.0358,0.843,0,8.95,5,15,0,0,0,0,0
6,101,"20_sites_x_250","sparse",-4.5,20,250,5000,0.0358,0.845,0,8.95,5,15,0,0,0,0,0
6,102,"20_sites_x_250","sparse",-4.5,20,250,5000,0.0356,0.846,0,8.9,5,15,0,0,0,0,0
6,103,"20_sites_x_250","sparse",-4.5,20,250,5000,0.0358,0.8444,0,8.95,5,15,0,0,0,0,0
6,104,"20_sites_x_250","sparse",-4.5,20,250,5000,0.0358,0.8468,0,8.95,5,15,0,0,0,0,0
6,105,"20_sites_x_250","sparse",-4.5,20,250,5000,0.0354,0.8474,0,8.85,5,15,0,0,0,0,0
6,106,"20_sites_x_250","sparse",-4.5,20,250,5000,0.0336,0.8494,0,8.4,5,13,0,0,0,0,0
6,107,"20_sites_x_250","sparse",-4.5,20,250,5000,0.0326,0.8522,0,8.15,5,13,0,0,0,0,0
6,108,"20_sites_x_250","sparse",-4.5,20,250,5000,0.0318,0.8522,0,7.95,5,13,0,0,0,0,0
6,109,"20_sites_x_250","sparse",-4.5,20,250,5000,0.0318,0.8492,0,7.95,5,13,0,0,0,0,0
6,110,"20_sites_x_250","sparse",-4.5,20,250,5000,0.0318,0.8492,0,7.95,5,13,0,0,0,0,0
6,111,"20_sites_x_250","sparse",-4.5,20,250,5000,0.032,0.8472,0,8,5,13,0,0,0,0,0
6,112,"20_sites_x_250","sparse",-4.5,20,250,5000,0.0328,0.8462,0,8.2,5,13,0,0,0,0,0
6,113,"20_sites_x_250","sparse",-4.5,20,250,5000,0.0336,0.8454,0,8.4,5,15,0,0,0,0,0
6,114,"20_sites_x_250","sparse",-4.5,20,250,5000,0.0338,0.8464,0,8.45,5,15,0,0,0,0,0
6,115,"20_sites_x_250","sparse",-4.5,20,250,5000,0.0346,0.8486,0,8.65,5,15,0,0,0,0,0
6,116,"20_sites_x_250","sparse",-4.5,20,250,5000,0.034,0.8502,0,8.5,5,15,0,1,0,1,0
6,117,"20_sites_x_250","sparse",-4.5,20,250,5000,0.0346,0.8484,0,8.65,5,15,0,1,0,1,0
6,118,"20_sites_x_250","sparse",-4.5,20,250,5000,0.0354,0.8476,0,8.85,5,15,0,1,0,1,0
6,119,"20_sites_x_250","sparse",-4.5,20,250,5000,0.0354,0.8472,0,8.85,5,15,0,1,0,1,0
6,120,"20_sites_x_250","sparse",-4.5,20,250,5000,0.0344,0.8492,0,8.6,5,15,0,1,0,1,0
6,121,"20_sites_x_250","sparse",-4.5,20,250,5000,0.0352,0.8506,0,8.8,5,15,0,1,0,1,0
6,122,"20_sites_x_250","sparse",-4.5,20,250,5000,0.0348,0.85,0,8.7,4,15,0,1,0,1,0
6,123,"20_sites_x_250","sparse",-4.5,20,250,5000,0.0362,0.851,0,9.05,4,15,0,1,0,1,0
6,124,"20_sites_x_250","sparse",-4.5,20,250,5000,0.0354,0.8476,0,8.85,4,15,0,1,0,1,0
6,125,"20_sites_x_250","sparse",-4.5,20,250,5000,0.0354,0.848,0,8.85,4,15,0,1,0,1,0
6,126,"20_sites_x_250","sparse",-4.5,20,250,5000,0.0366,0.8492,0,9.15,4,15,0,1,0,1,0
6,127,"20_sites_x_250","sparse",-4.5,20,250,5000,0.0368,0.8494,0,9.2,4,15,0,1,0,1,0
6,128,"20_sites_x_250","sparse",-4.5,20,250,5000,0.0364,0.8468,0,9.1,4,15,0,1,0,1,0
6,129,"20_sites_x_250","sparse",-4.5,20,250,5000,0.037,0.849,0,9.25,4,15,0,1,0,1,0
6,130,"20_sites_x_250","sparse",-4.5,20,250,5000,0.0362,0.8488,0,9.05,4,15,0,1,0,1,0
6,131,"20_sites_x_250","sparse",-4.5,20,250,5000,0.0362,0.8484,0,9.05,4,15,0,1,0,1,0
6,132,"20_sites_x_250","sparse",-4.5,20,250,5000,0.0352,0.8508,0,8.8,4,15,0,1,0,1,0
6,133,"20_sites_x_250","sparse",-4.5,20,250,5000,0.0344,0.8518,0,8.6,4,13,0,1,0,1,0
6,134,"20_sites_x_250","sparse",-4.5,20,250,5000,0.0342,0.8536,0,8.55,4,13,0,1,0,1,0
6,135,"20_sites_x_250","sparse",-4.5,20,250,5000,0.0332,0.852,0,8.3,4,13,0,1,0,1,0
6,136,"20_sites_x_250","sparse",-4.5,20,250,5000,0.0338,0.8506,0,8.45,4,13,0,0,0,0,0
6,137,"20_sites_x_250","sparse",-4.5,20,250,5000,0.0328,0.8516,0,8.2,4,13,0,0,0,0,0
6,138,"20_sites_x_250","sparse",-4.5,20,250,5000,0.0332,0.8502,0,8.3,4,13,0,0,0,0,0
6,139,"20_sites_x_250","sparse",-4.5,20,250,5000,0.0326,0.8514,0,8.15,4,13,0,0,0,0,0
6,140,"20_sites_x_250","sparse",-4.5,20,250,5000,0.0328,0.8482,0,8.2,4,13,0,0,0,0,0
6,141,"20_sites_x_250","sparse",-4.5,20,250,5000,0.033,0.8472,0,8.25,4,13,0,1,0,1,0
6,142,"20_sites_x_250","sparse",-4.5,20,250,5000,0.0338,0.846,0,8.45,6,13,0,1,0,1,0
6,143,"20_sites_x_250","sparse",-4.5,20,250,5000,0.0328,0.8452,0,8.2,6,12,0,1,0,1,0
6,144,"20_sites_x_250","sparse",-4.5,20,250,5000,0.0334,0.8474,0,8.35,6,12,0,1,0,1,0
6,145,"20_sites_x_250","sparse",-4.5,20,250,5000,0.0336,0.8488,0,8.4,6,12,0,1,0,1,0
6,146,"20_sites_x_250","sparse",-4.5,20,250,5000,0.0326,0.8472,0,8.15,6,12,0,1,0,1,0
6,147,"20_sites_x_250","sparse",-4.5,20,250,5000,0.0326,0.8446,0,8.15,6,12,0,1,0,1,0
6,148,"20_sites_x_250","sparse",-4.5,20,250,5000,0.0342,0.8462,0,8.55,6,14,0,1,0,1,0
6,149,"20_sites_x_250","sparse",-4.5,20,250,5000,0.0332,0.846,0,8.3,6,14,0,1,0,1,0
6,150,"20_sites_x_250","sparse",-4.5,20,250,5000,0.0352,0.8444,0,8.8,6,16,0,1,0,1,0
6,151,"20_sites_x_250","sparse",-4.5,20,250,5000,0.035,0.8464,0,8.75,6,16,0,1,0,1,0
6,152,"20_sites_x_250","sparse",-4.5,20,250,5000,0.036,0.8442,0,9,6,16,0,1,0,1,0
6,153,"20_sites_x_250","sparse",-4.5,20,250,5000,0.0354,0.843,0,8.85,6,16,0,1,0,1,0
6,154,"20_sites_x_250","sparse",-4.5,20,250,5000,0.0374,0.8412,0,9.35,6,16,0,1,0,1,0
6,155,"20_sites_x_250","sparse",-4.5,20,250,5000,0.0378,0.842,0,9.45,6,16,0,1,0,1,0
6,156,"20_sites_x_250","sparse",-4.5,20,250,5000,0.0376,0.8434,0,9.4,6,16,0,1,0,1,0
6,157,"20_sites_x_250","sparse",-4.5,20,250,5000,0.0384,0.8434,0,9.6,6,16,0,1,0,1,0
6,158,"20_sites_x_250","sparse",-4.5,20,250,5000,0.0372,0.8458,0,9.3,6,16,0,1,0,1,0
6,159,"20_sites_x_250","sparse",-4.5,20,250,5000,0.0382,0.843,0,9.55,6,16,0,1,0,1,0
6,160,"20_sites_x_250","sparse",-4.5,20,250,5000,0.038,0.8452,0,9.5,6,16,0,1,0,1,0
6,161,"20_sites_x_250","sparse",-4.5,20,250,5000,0.0372,0.8454,0,9.3,6,16,0,0,0,0,0
6,162,"20_sites_x_250","sparse",-4.5,20,250,5000,0.037,0.847,0,9.25,6,16,0,0,0,0,0
6,163,"20_sites_x_250","sparse",-4.5,20,250,5000,0.0376,0.8456,0,9.4,6,16,0,0,0,0,0
6,164,"20_sites_x_250","sparse",-4.5,20,250,5000,0.037,0.8446,0,9.25,6,16,0,1,0,1,0
6,165,"20_sites_x_250","sparse",-4.5,20,250,5000,0.0368,0.8442,0,9.2,6,16,0,1,0,1,0
6,166,"20_sites_x_250","sparse",-4.5,20,250,5000,0.0368,0.842,0,9.2,6,16,0,1,0,1,0
6,167,"20_sites_x_250","sparse",-4.5,20,250,5000,0.0366,0.843,0,9.15,6,16,0,1,0,1,0
6,168,"20_sites_x_250","sparse",-4.5,20,250,5000,0.0362,0.8436,0,9.05,6,16,0,1,0,1,0
6,169,"20_sites_x_250","sparse",-4.5,20,250,5000,0.0366,0.8446,0,9.15,6,16,0,1,0,1,0
6,170,"20_sites_x_250","sparse",-4.5,20,250,5000,0.0344,0.845,0,8.6,5,16,0,1,0,1,0
6,171,"20_sites_x_250","sparse",-4.5,20,250,5000,0.035,0.8434,0,8.75,5,16,0,1,0,1,0
6,172,"20_sites_x_250","sparse",-4.5,20,250,5000,0.035,0.8446,0,8.75,5,16,0,1,0,1,0
6,173,"20_sites_x_250","sparse",-4.5,20,250,5000,0.0356,0.8434,0,8.9,5,16,0,1,0,1,0
6,174,"20_sites_x_250","sparse",-4.5,20,250,5000,0.034,0.8422,0,8.5,5,12,0,1,0,1,0
6,175,"20_sites_x_250","sparse",-4.5,20,250,5000,0.034,0.8422,0,8.5,5,12,0,1,0,1,0
6,176,"20_sites_x_250","sparse",-4.5,20,250,5000,0.034,0.841,0,8.5,5,12,0,1,0,1,0
6,177,"20_sites_x_250","sparse",-4.5,20,250,5000,0.034,0.8416,0,8.5,5,12,0,1,0,1,0
6,178,"20_sites_x_250","sparse",-4.5,20,250,5000,0.0346,0.8398,0,8.65,5,12,0,1,0,1,0
6,179,"20_sites_x_250","sparse",-4.5,20,250,5000,0.0336,0.8414,0,8.4,5,12,0,2,0,2,0
6,180,"20_sites_x_250","sparse",-4.5,20,250,5000,0.0338,0.8386,0,8.45,5,12,0,2,0,2,0
6,181,"20_sites_x_250","sparse",-4.5,20,250,5000,0.0334,0.8386,0,8.35,4,12,0,2,0,2,0
6,182,"20_sites_x_250","sparse",-4.5,20,250,5000,0.035,0.8352,0,8.75,4,15,0,2,0,2,0
6,183,"20_sites_x_250","sparse",-4.5,20,250,5000,0.0344,0.8372,0,8.6,4,15,0,2,0,2,0
6,184,"20_sites_x_250","sparse",-4.5,20,250,5000,0.035,0.8378,0,8.75,4,15,0,1,0,1,0
6,185,"20_sites_x_250","sparse",-4.5,20,250,5000,0.0354,0.8376,0,8.85,4,15,0,1,0,1,0
6,186,"20_sites_x_250","sparse",-4.5,20,250,5000,0.0358,0.8394,0,8.95,4,15,0,1,0,1,0
6,187,"20_sites_x_250","sparse",-4.5,20,250,5000,0.0356,0.8416,0,8.9,4,15,0,1,0,1,0
6,188,"20_sites_x_250","sparse",-4.5,20,250,5000,0.0344,0.8424,0,8.6,4,15,0,1,0,1,0
6,189,"20_sites_x_250","sparse",-4.5,20,250,5000,0.035,0.8424,0,8.75,4,15,0,1,0,1,0
6,190,"20_sites_x_250","sparse",-4.5,20,250,5000,0.0364,0.8404,0,9.1,4,15,0,1,0,1,0
6,191,"20_sites_x_250","sparse",-4.5,20,250,5000,0.0352,0.8418,0,8.8,4,15,0,1,0,1,0
6,192,"20_sites_x_250","sparse",-4.5,20,250,5000,0.035,0.8392,0,8.75,4,15,0,1,0,1,0
6,193,"20_sites_x_250","sparse",-4.5,20,250,5000,0.035,0.838,0,8.75,4,15,0,1,0,1,0
6,194,"20_sites_x_250","sparse",-4.5,20,250,5000,0.035,0.84,0,8.75,4,15,0,1,0,1,0
6,195,"20_sites_x_250","sparse",-4.5,20,250,5000,0.0346,0.8412,0,8.65,4,15,0,1,0,1,0
6,196,"20_sites_x_250","sparse",-4.5,20,250,5000,0.0348,0.84,0,8.7,4,15,0,1,0,1,0
6,197,"20_sites_x_250","sparse",-4.5,20,250,5000,0.0348,0.839,0,8.7,4,15,0,1,0,1,0
6,198,"20_sites_x_250","sparse",-4.5,20,250,5000,0.0348,0.8404,0,8.7,4,15,0,2,0,2,0
6,199,"20_sites_x_250","sparse",-4.5,20,250,5000,0.0344,0.8394,0,8.6,4,15,0,1,0,1,0
6,200,"20_sites_x_250","sparse",-4.5,20,250,5000,0.034,0.8402,0,8.5,4,15,0,1,0,1,0
6,201,"20_sites_x_250","sparse",-4.5,20,250,5000,0.0356,0.8406,0,8.9,4,15,0,1,0,1,0
6,202,"20_sites_x_250","sparse",-4.5,20,250,5000,0.0342,0.8422,0,8.55,4,12,0,1,0,1,0
6,203,"20_sites_x_250","sparse",-4.5,20,250,5000,0.0354,0.8404,0,8.85,4,14,0,1,0,1,0
6,204,"20_sites_x_250","sparse",-4.5,20,250,5000,0.0346,0.8392,0,8.65,4,14,0,1,0,1,0
6,205,"20_sites_x_250","sparse",-4.5,20,250,5000,0.0338,0.8394,0,8.45,4,14,0,2,0,2,0
6,206,"20_sites_x_250","sparse",-4.5,20,250,5000,0.0336,0.84,0,8.4,4,14,0,2,0,2,0
6,207,"20_sites_x_250","sparse",-4.5,20,250,5000,0.0332,0.8398,0,8.3,4,14,0,2,0,2,0
6,208,"20_sites_x_250","sparse",-4.5,20,250,5000,0.0332,0.8382,0,8.3,4,14,0,2,0,2,0
6,209,"20_sites_x_250","sparse",-4.5,20,250,5000,0.0328,0.8398,0,8.2,4,14,0,2,0,2,0
6,210,"20_sites_x_250","sparse",-4.5,20,250,5000,0.0316,0.8406,0,7.9,4,14,0,2,0,2,0
6,211,"20_sites_x_250","sparse",-4.5,20,250,5000,0.033,0.8412,0,8.25,4,14,0,2,0,2,0
6,212,"20_sites_x_250","sparse",-4.5,20,250,5000,0.0326,0.8422,0,8.15,4,14,0,2,0,2,0
6,213,"20_sites_x_250","sparse",-4.5,20,250,5000,0.0328,0.8464,0,8.2,4,14,0,2,0,2,0
6,214,"20_sites_x_250","sparse",-4.5,20,250,5000,0.0332,0.848,0,8.3,4,14,0,2,0,2,0
6,215,"20_sites_x_250","sparse",-4.5,20,250,5000,0.0336,0.8466,0,8.4,4,14,0,3,0,3,0
6,216,"20_sites_x_250","sparse",-4.5,20,250,5000,0.0344,0.848,0,8.6,4,14,0,3,0,3,0
6,217,"20_sites_x_250","sparse",-4.5,20,250,5000,0.0356,0.8496,0,8.9,4,16,0,3,0,3,0
6,218,"20_sites_x_250","sparse",-4.5,20,250,5000,0.0352,0.8484,0,8.8,4,16,0,2,0,2,0
6,219,"20_sites_x_250","sparse",-4.5,20,250,5000,0.0354,0.8502,0,8.85,4,16,0,2,0,2,0
6,220,"20_sites_x_250","sparse",-4.5,20,250,5000,0.0358,0.8512,0,8.95,4,16,0,2,0,2,0
6,221,"20_sites_x_250","sparse",-4.5,20,250,5000,0.0354,0.8502,0,8.85,4,16,0,3,0,3,0
6,222,"20_sites_x_250","sparse",-4.5,20,250,5000,0.035,0.8528,0,8.75,4,16,0,3,0,3,0
6,223,"20_sites_x_250","sparse",-4.5,20,250,5000,0.0338,0.855,0,8.45,4,16,0,3,0,3,0
6,224,"20_sites_x_250","sparse",-4.5,20,250,5000,0.0338,0.856,0,8.45,4,16,0,4,0,4,0
6,225,"20_sites_x_250","sparse",-4.5,20,250,5000,0.0346,0.8546,0,8.65,4,16,0,3,0,3,0
6,226,"20_sites_x_250","sparse",-4.5,20,250,5000,0.0358,0.8506,0,8.95,4,16,0,3,0,3,0
6,227,"20_sites_x_250","sparse",-4.5,20,250,5000,0.0364,0.8482,0,9.1,6,16,0,3,0,3,0
6,228,"20_sites_x_250","sparse",-4.5,20,250,5000,0.0374,0.8486,0,9.35,6,16,0,3,0,3,0
6,229,"20_sites_x_250","sparse",-4.5,20,250,5000,0.0378,0.8466,0,9.45,6,16,0,3,0,3,0
6,230,"20_sites_x_250","sparse",-4.5,20,250,5000,0.039,0.8472,0,9.75,6,16,0,3,0,3,0
6,231,"20_sites_x_250","sparse",-4.5,20,250,5000,0.0372,0.8464,0,9.3,2,16,0,4,0,4,0
6,232,"20_sites_x_250","sparse",-4.5,20,250,5000,0.0376,0.8496,0,9.4,2,16,0,4,0,4,0
6,233,"20_sites_x_250","sparse",-4.5,20,250,5000,0.0366,0.8474,0,9.15,2,16,0,4,0,4,0
6,234,"20_sites_x_250","sparse",-4.5,20,250,5000,0.036,0.8464,0,9,2,16,0,4,0,4,0
6,235,"20_sites_x_250","sparse",-4.5,20,250,5000,0.0364,0.8476,0,9.1,2,16,0,3,0,3,0
6,236,"20_sites_x_250","sparse",-4.5,20,250,5000,0.0374,0.847,0,9.35,2,17,0,3,0,3,0
6,237,"20_sites_x_250","sparse",-4.5,20,250,5000,0.0366,0.8472,0,9.15,2,17,0,3,0,3,0
6,238,"20_sites_x_250","sparse",-4.5,20,250,5000,0.0376,0.8488,0,9.4,2,17,0,3,0,3,0
6,239,"20_sites_x_250","sparse",-4.5,20,250,5000,0.0392,0.8482,0,9.8,2,17,0,3,0,3,0
6,240,"20_sites_x_250","sparse",-4.5,20,250,5000,0.0392,0.8478,0,9.8,2,17,0,3,0,3,0
6,241,"20_sites_x_250","sparse",-4.5,20,250,5000,0.0388,0.848,0,9.7,2,17,0,2,0,2,0
6,242,"20_sites_x_250","sparse",-4.5,20,250,5000,0.039,0.8486,0,9.75,2,17,0,2,0,2,0
6,243,"20_sites_x_250","sparse",-4.5,20,250,5000,0.0394,0.8478,0,9.85,2,17,0,2,0,2,0
6,244,"20_sites_x_250","sparse",-4.5,20,250,5000,0.04,0.8486,0,10,2,17,0,1,0,1,0
6,245,"20_sites_x_250","sparse",-4.5,20,250,5000,0.0396,0.8518,0,9.9,2,17,0,1,0,1,0
6,246,"20_sites_x_250","sparse",-4.5,20,250,5000,0.039,0.8524,0,9.75,2,17,0,1,0,1,0
6,247,"20_sites_x_250","sparse",-4.5,20,250,5000,0.04,0.856,0,10,2,17,0,1,0,1,0
6,248,"20_sites_x_250","sparse",-4.5,20,250,5000,0.0404,0.8568,0,10.1,2,17,0,1,0,1,0
6,249,"20_sites_x_250","sparse",-4.5,20,250,5000,0.0412,0.8556,0,10.3,2,17,0,1,0,1,0
6,250,"20_sites_x_250","sparse",-4.5,20,250,5000,0.0408,0.8562,0,10.2,2,17,0,1,0,1,0
6,251,"20_sites_x_250","sparse",-4.5,20,250,5000,0.0416,0.8558,0,10.4,6,17,0,0,0,0,0
6,252,"20_sites_x_250","sparse",-4.5,20,250,5000,0.0414,0.855,0,10.35,6,17,0,0,0,0,0
6,253,"20_sites_x_250","sparse",-4.5,20,250,5000,0.0418,0.8556,0,10.45,6,17,0,0,0,0,0
6,254,"20_sites_x_250","sparse",-4.5,20,250,5000,0.0418,0.857,0,10.45,6,17,0,0,0,0,0
6,255,"20_sites_x_250","sparse",-4.5,20,250,5000,0.0426,0.8526,0,10.65,6,17,0,0,0,0,0
6,256,"20_sites_x_250","sparse",-4.5,20,250,5000,0.042,0.8532,0,10.5,6,15,0,0,0,0,0
6,257,"20_sites_x_250","sparse",-4.5,20,250,5000,0.0424,0.851,0,10.6,6,15,0,0,0,0,0
6,258,"20_sites_x_250","sparse",-4.5,20,250,5000,0.0414,0.8506,0,10.35,6,15,0,0,0,0,0
6,259,"20_sites_x_250","sparse",-4.5,20,250,5000,0.0408,0.8504,0,10.2,6,15,0,0,0,0,0
6,260,"20_sites_x_250","sparse",-4.5,20,250,5000,0.0412,0.8504,0,10.3,6,15,0,0,0,0,0
6,261,"20_sites_x_250","sparse",-4.5,20,250,5000,0.0414,0.8506,0,10.35,6,15,0,0,0,0,0
6,262,"20_sites_x_250","sparse",-4.5,20,250,5000,0.0422,0.849,0,10.55,6,15,0,0,0,0,0
6,263,"20_sites_x_250","sparse",-4.5,20,250,5000,0.0412,0.8494,0,10.3,5,15,0,0,0,0,0
6,264,"20_sites_x_250","sparse",-4.5,20,250,5000,0.0412,0.8476,0,10.3,5,15,0,0,0,0,0
6,265,"20_sites_x_250","sparse",-4.5,20,250,5000,0.0418,0.8442,0,10.45,5,15,0,0,0,0,0
6,266,"20_sites_x_250","sparse",-4.5,20,250,5000,0.0406,0.8478,0,10.15,5,15,0,0,0,0,0
6,267,"20_sites_x_250","sparse",-4.5,20,250,5000,0.0408,0.8442,0,10.2,5,15,0,0,0,0,0
6,268,"20_sites_x_250","sparse",-4.5,20,250,5000,0.0398,0.8444,0,9.95,5,15,0,0,0,0,0
6,269,"20_sites_x_250","sparse",-4.5,20,250,5000,0.0388,0.845,0,9.7,5,14,0,0,0,0,0
6,270,"20_sites_x_250","sparse",-4.5,20,250,5000,0.0394,0.8458,0,9.85,5,14,0,0,0,0,0
6,271,"20_sites_x_250","sparse",-4.5,20,250,5000,0.0404,0.8462,0,10.1,5,14,0,0,0,0,0
6,272,"20_sites_x_250","sparse",-4.5,20,250,5000,0.0412,0.8454,0,10.3,5,14,0,0,0,0,0
6,273,"20_sites_x_250","sparse",-4.5,20,250,5000,0.0416,0.844,0,10.4,5,14,0,0,0,0,0
6,274,"20_sites_x_250","sparse",-4.5,20,250,5000,0.0416,0.8414,0,10.4,5,14,0,0,0,0,0
6,275,"20_sites_x_250","sparse",-4.5,20,250,5000,0.0412,0.844,0,10.3,5,14,0,0,0,0,0
6,276,"20_sites_x_250","sparse",-4.5,20,250,5000,0.0416,0.844,0,10.4,5,16,0,0,0,0,0
6,277,"20_sites_x_250","sparse",-4.5,20,250,5000,0.041,0.8428,0,10.25,5,16,0,0,0,0,0
6,278,"20_sites_x_250","sparse",-4.5,20,250,5000,0.0414,0.8418,0,10.35,5,16,0,0,0,0,0
6,279,"20_sites_x_250","sparse",-4.5,20,250,5000,0.0412,0.8412,0,10.3,5,16,0,0,0,0,0
6,280,"20_sites_x_250","sparse",-4.5,20,250,5000,0.0414,0.841,0,10.35,5,16,0,0,0,0,0
6,281,"20_sites_x_250","sparse",-4.5,20,250,5000,0.04,0.8408,0,10,2,16,0,0,0,0,0
6,282,"20_sites_x_250","sparse",-4.5,20,250,5000,0.0396,0.8406,0,9.9,2,16,0,0,0,0,0
6,283,"20_sites_x_250","sparse",-4.5,20,250,5000,0.0406,0.84,0,10.15,2,16,0,0,0,0,0
6,284,"20_sites_x_250","sparse",-4.5,20,250,5000,0.0404,0.8394,0,10.1,2,16,0,0,0,0,0
6,285,"20_sites_x_250","sparse",-4.5,20,250,5000,0.0392,0.842,0,9.8,2,16,0,0,0,0,0
6,286,"20_sites_x_250","sparse",-4.5,20,250,5000,0.0394,0.8404,0,9.85,2,16,0,0,0,0,0
6,287,"20_sites_x_250","sparse",-4.5,20,250,5000,0.039,0.8414,0,9.75,2,16,0,0,0,0,0
6,288,"20_sites_x_250","sparse",-4.5,20,250,5000,0.0388,0.8418,0,9.7,2,16,0,0,0,0,0
6,289,"20_sites_x_250","sparse",-4.5,20,250,5000,0.0386,0.8408,0,9.65,2,16,0,0,0,0,0
6,290,"20_sites_x_250","sparse",-4.5,20,250,5000,0.0374,0.8376,0,9.35,2,16,0,0,0,0,0
6,291,"20_sites_x_250","sparse",-4.5,20,250,5000,0.0364,0.836,0,9.1,2,16,0,0,0,0,0
6,292,"20_sites_x_250","sparse",-4.5,20,250,5000,0.036,0.8362,0,9,2,16,0,0,0,0,0
6,293,"20_sites_x_250","sparse",-4.5,20,250,5000,0.0356,0.8388,0,8.9,2,16,0,0,0,0,0
6,294,"20_sites_x_250","sparse",-4.5,20,250,5000,0.0356,0.8402,0,8.9,2,16,0,1,0,1,0
6,295,"20_sites_x_250","sparse",-4.5,20,250,5000,0.035,0.8406,0,8.75,2,16,0,1,0,1,0
6,296,"20_sites_x_250","sparse",-4.5,20,250,5000,0.0342,0.8416,0,8.55,2,12,0,1,0,1,0
6,297,"20_sites_x_250","sparse",-4.5,20,250,5000,0.0336,0.8418,0,8.4,2,12,0,1,0,1,0
6,298,"20_sites_x_250","sparse",-4.5,20,250,5000,0.0342,0.8398,0,8.55,2,12,0,1,0,1,0
6,299,"20_sites_x_250","sparse",-4.5,20,250,5000,0.0334,0.8412,0,8.35,2,12,0,1,0,1,0
6,300,"20_sites_x_250","sparse",-4.5,20,250,5000,0.0334,0.8414,0,8.35,2,12,0,1,0,1,0
7,1,"50_sites_x_100","sparse",-4.5,50,100,5000,0.0372,0.8518,2,3.72,0,9,2,12,0,12,3
7,2,"50_sites_x_100","sparse",-4.5,50,100,5000,0.037,0.8524,2,3.7,0,9,2,12,0,12,3
7,3,"50_sites_x_100","sparse",-4.5,50,100,5000,0.037,0.8524,2,3.7,0,9,2,12,0,12,3
7,4,"50_sites_x_100","sparse",-4.5,50,100,5000,0.0372,0.8514,2,3.72,0,9,2,11,0,11,3
7,5,"50_sites_x_100","sparse",-4.5,50,100,5000,0.0368,0.852,3,3.68,0,9,3,12,0,12,4
7,6,"50_sites_x_100","sparse",-4.5,50,100,5000,0.0368,0.852,3,3.68,0,9,3,13,0,13,4
7,7,"50_sites_x_100","sparse",-4.5,50,100,5000,0.0364,0.8512,3,3.64,0,9,3,14,0,14,4
7,8,"50_sites_x_100","sparse",-4.5,50,100,5000,0.0356,0.851,4,3.56,0,9,4,15,0,15,4
7,9,"50_sites_x_100","sparse",-4.5,50,100,5000,0.0352,0.8512,4,3.52,0,9,4,15,0,15,4
7,10,"50_sites_x_100","sparse",-4.5,50,100,5000,0.0358,0.8512,3,3.58,0,9,3,15,0,15,3
7,11,"50_sites_x_100","sparse",-4.5,50,100,5000,0.036,0.8526,3,3.6,0,9,3,16,0,16,3
7,12,"50_sites_x_100","sparse",-4.5,50,100,5000,0.0354,0.8528,3,3.54,0,9,3,16,0,16,3
7,13,"50_sites_x_100","sparse",-4.5,50,100,5000,0.0372,0.8524,3,3.72,0,11,3,16,0,16,3
7,14,"50_sites_x_100","sparse",-4.5,50,100,5000,0.0368,0.8514,3,3.68,0,11,3,16,0,16,3
7,15,"50_sites_x_100","sparse",-4.5,50,100,5000,0.037,0.851,3,3.7,0,11,3,16,0,16,3
7,16,"50_sites_x_100","sparse",-4.5,50,100,5000,0.0368,0.8506,3,3.68,0,11,3,16,0,16,3
7,17,"50_sites_x_100","sparse",-4.5,50,100,5000,0.037,0.8502,3,3.7,0,11,3,16,0,16,3
7,18,"50_sites_x_100","sparse",-4.5,50,100,5000,0.037,0.8502,3,3.7,0,11,3,16,0,16,3
7,19,"50_sites_x_100","sparse",-4.5,50,100,5000,0.037,0.8478,3,3.7,0,11,3,16,0,16,3
7,20,"50_sites_x_100","sparse",-4.5,50,100,5000,0.0372,0.8482,3,3.72,0,11,3,16,0,16,3
7,21,"50_sites_x_100","sparse",-4.5,50,100,5000,0.0368,0.8488,3,3.68,0,11,3,17,0,17,4
7,22,"50_sites_x_100","sparse",-4.5,50,100,5000,0.0374,0.8486,3,3.74,0,11,3,18,0,18,4
7,23,"50_sites_x_100","sparse",-4.5,50,100,5000,0.0378,0.8488,3,3.78,0,11,3,17,0,17,4
7,24,"50_sites_x_100","sparse",-4.5,50,100,5000,0.0372,0.8498,3,3.72,0,11,3,17,0,17,4
7,25,"50_sites_x_100","sparse",-4.5,50,100,5000,0.0372,0.847,3,3.72,0,11,3,18,0,18,4
7,26,"50_sites_x_100","sparse",-4.5,50,100,5000,0.0372,0.8466,3,3.72,0,11,3,19,0,19,4
7,27,"50_sites_x_100","sparse",-4.5,50,100,5000,0.0366,0.8462,3,3.66,0,11,3,19,0,19,4
7,28,"50_sites_x_100","sparse",-4.5,50,100,5000,0.0368,0.8472,3,3.68,0,11,3,19,0,19,4
7,29,"50_sites_x_100","sparse",-4.5,50,100,5000,0.037,0.8468,3,3.7,0,11,3,20,0,20,4
7,30,"50_sites_x_100","sparse",-4.5,50,100,5000,0.0378,0.8474,3,3.78,0,11,3,20,0,20,4
7,31,"50_sites_x_100","sparse",-4.5,50,100,5000,0.0378,0.8462,3,3.78,0,11,3,20,0,20,4
7,32,"50_sites_x_100","sparse",-4.5,50,100,5000,0.037,0.8452,3,3.7,0,11,3,21,0,21,4
7,33,"50_sites_x_100","sparse",-4.5,50,100,5000,0.0362,0.8462,3,3.62,0,11,3,21,0,21,4
7,34,"50_sites_x_100","sparse",-4.5,50,100,5000,0.0358,0.8456,3,3.58,0,11,3,22,0,22,4
7,35,"50_sites_x_100","sparse",-4.5,50,100,5000,0.0354,0.845,3,3.54,0,11,3,23,0,23,4
7,36,"50_sites_x_100","sparse",-4.5,50,100,5000,0.0352,0.8462,3,3.52,0,11,3,23,0,23,4
7,37,"50_sites_x_100","sparse",-4.5,50,100,5000,0.0348,0.846,3,3.48,0,11,3,24,0,24,5
7,38,"50_sites_x_100","sparse",-4.5,50,100,5000,0.035,0.8452,3,3.5,0,11,3,24,0,24,5
7,39,"50_sites_x_100","sparse",-4.5,50,100,5000,0.0356,0.8456,2,3.56,0,11,2,24,0,24,4
7,40,"50_sites_x_100","sparse",-4.5,50,100,5000,0.0362,0.8472,2,3.62,0,11,2,24,0,24,4
7,41,"50_sites_x_100","sparse",-4.5,50,100,5000,0.035,0.8478,2,3.5,0,11,2,24,0,24,4
7,42,"50_sites_x_100","sparse",-4.5,50,100,5000,0.0352,0.8474,2,3.52,0,11,2,23,0,23,4
7,43,"50_sites_x_100","sparse",-4.5,50,100,5000,0.0348,0.848,2,3.48,0,11,2,23,0,23,5
7,44,"50_sites_x_100","sparse",-4.5,50,100,5000,0.0348,0.8472,2,3.48,0,11,2,22,0,22,5
7,45,"50_sites_x_100","sparse",-4.5,50,100,5000,0.035,0.8482,2,3.5,0,11,2,23,0,23,5
7,46,"50_sites_x_100","sparse",-4.5,50,100,5000,0.035,0.8468,2,3.5,0,11,2,23,0,23,5
7,47,"50_sites_x_100","sparse",-4.5,50,100,5000,0.0346,0.847,2,3.46,0,11,2,23,0,23,5
7,48,"50_sites_x_100","sparse",-4.5,50,100,5000,0.0348,0.8478,2,3.48,0,11,2,23,0,23,5
7,49,"50_sites_x_100","sparse",-4.5,50,100,5000,0.035,0.8464,2,3.5,0,11,2,22,0,22,5
7,50,"50_sites_x_100","sparse",-4.5,50,100,5000,0.0356,0.847,2,3.56,0,11,2,22,0,22,5
7,51,"50_sites_x_100","sparse",-4.5,50,100,5000,0.0366,0.8466,2,3.66,0,11,2,22,0,22,4
7,52,"50_sites_x_100","sparse",-4.5,50,100,5000,0.037,0.845,2,3.7,0,11,2,22,0,22,4
7,53,"50_sites_x_100","sparse",-4.5,50,100,5000,0.0368,0.8436,2,3.68,0,11,2,23,0,23,4
7,54,"50_sites_x_100","sparse",-4.5,50,100,5000,0.0378,0.8442,2,3.78,0,11,2,23,0,23,4
7,55,"50_sites_x_100","sparse",-4.5,50,100,5000,0.038,0.845,1,3.8,0,11,1,22,0,22,4
7,56,"50_sites_x_100","sparse",-4.5,50,100,5000,0.0376,0.845,1,3.76,0,11,1,21,0,21,4
7,57,"50_sites_x_100","sparse",-4.5,50,100,5000,0.0378,0.8466,1,3.78,0,11,1,21,0,21,4
7,58,"50_sites_x_100","sparse",-4.5,50,100,5000,0.0384,0.8478,0,3.84,1,11,0,20,0,20,4
7,59,"50_sites_x_100","sparse",-4.5,50,100,5000,0.0382,0.8488,0,3.82,1,11,0,20,0,20,4
7,60,"50_sites_x_100","sparse",-4.5,50,100,5000,0.0386,0.8482,0,3.86,1,11,0,19,0,19,4
7,61,"50_sites_x_100","sparse",-4.5,50,100,5000,0.038,0.8476,0,3.8,1,11,0,18,0,18,5
7,62,"50_sites_x_100","sparse",-4.5,50,100,5000,0.0384,0.848,0,3.84,1,11,0,18,0,18,5
7,63,"50_sites_x_100","sparse",-4.5,50,100,5000,0.0366,0.8468,0,3.66,1,9,0,18,0,18,5
7,64,"50_sites_x_100","sparse",-4.5,50,100,5000,0.0362,0.848,0,3.62,1,9,0,19,0,19,6
7,65,"50_sites_x_100","sparse",-4.5,50,100,5000,0.0364,0.8478,0,3.64,1,9,0,20,0,20,6
7,66,"50_sites_x_100","sparse",-4.5,50,100,5000,0.0368,0.8482,0,3.68,1,9,0,20,0,20,6
7,67,"50_sites_x_100","sparse",-4.5,50,100,5000,0.0366,0.8484,0,3.66,1,9,0,20,0,20,6
7,68,"50_sites_x_100","sparse",-4.5,50,100,5000,0.0366,0.848,0,3.66,1,9,0,20,0,20,7
7,69,"50_sites_x_100","sparse",-4.5,50,100,5000,0.0364,0.8492,0,3.64,1,9,0,21,0,21,7
7,70,"50_sites_x_100","sparse",-4.5,50,100,5000,0.0364,0.8486,0,3.64,1,9,0,20,0,20,7
7,71,"50_sites_x_100","sparse",-4.5,50,100,5000,0.0368,0.848,0,3.68,1,9,0,19,0,19,6
7,72,"50_sites_x_100","sparse",-4.5,50,100,5000,0.0354,0.848,0,3.54,1,9,0,18,0,18,6
7,73,"50_sites_x_100","sparse",-4.5,50,100,5000,0.0348,0.8478,0,3.48,1,9,0,18,0,18,6
7,74,"50_sites_x_100","sparse",-4.5,50,100,5000,0.0348,0.8464,0,3.48,1,9,0,19,0,19,6
7,75,"50_sites_x_100","sparse",-4.5,50,100,5000,0.0346,0.8486,0,3.46,1,9,0,19,0,19,6
7,76,"50_sites_x_100","sparse",-4.5,50,100,5000,0.0348,0.8478,0,3.48,1,9,0,18,0,18,6
7,77,"50_sites_x_100","sparse",-4.5,50,100,5000,0.0356,0.846,0,3.56,1,9,0,18,0,18,6
7,78,"50_sites_x_100","sparse",-4.5,50,100,5000,0.0358,0.8448,0,3.58,1,9,0,17,0,17,7
7,79,"50_sites_x_100","sparse",-4.5,50,100,5000,0.0358,0.8456,0,3.58,1,9,0,16,0,16,7
7,80,"50_sites_x_100","sparse",-4.5,50,100,5000,0.034,0.8456,1,3.4,0,9,1,17,0,17,7
7,81,"50_sites_x_100","sparse",-4.5,50,100,5000,0.0344,0.847,1,3.44,0,9,1,18,0,18,7
7,82,"50_sites_x_100","sparse",-4.5,50,100,5000,0.0344,0.848,1,3.44,0,9,1,17,0,17,7
7,83,"50_sites_x_100","sparse",-4.5,50,100,5000,0.0348,0.8486,1,3.48,0,9,1,17,0,17,7
7,84,"50_sites_x_100","sparse",-4.5,50,100,5000,0.035,0.8482,1,3.5,0,9,1,16,0,16,7
7,85,"50_sites_x_100","sparse",-4.5,50,100,5000,0.0352,0.8476,1,3.52,0,9,1,15,0,15,8
7,86,"50_sites_x_100","sparse",-4.5,50,100,5000,0.0346,0.8478,1,3.46,0,9,1,16,0,16,8
7,87,"50_sites_x_100","sparse",-4.5,50,100,5000,0.0348,0.8466,1,3.48,0,9,1,15,0,15,7
7,88,"50_sites_x_100","sparse",-4.5,50,100,5000,0.0348,0.8468,1,3.48,0,9,1,15,0,15,7
7,89,"50_sites_x_100","sparse",-4.5,50,100,5000,0.0342,0.8462,2,3.42,0,9,2,15,0,15,7
7,90,"50_sites_x_100","sparse",-4.5,50,100,5000,0.0332,0.8454,2,3.32,0,9,2,15,0,15,7
7,91,"50_sites_x_100","sparse",-4.5,50,100,5000,0.0328,0.845,2,3.28,0,9,2,16,0,16,7
7,92,"50_sites_x_100","sparse",-4.5,50,100,5000,0.0324,0.8446,2,3.24,0,9,2,16,0,16,7
7,93,"50_sites_x_100","sparse",-4.5,50,100,5000,0.0326,0.8448,2,3.26,0,9,2,17,0,17,6
7,94,"50_sites_x_100","sparse",-4.5,50,100,5000,0.0328,0.8454,2,3.28,0,9,2,18,0,18,6
7,95,"50_sites_x_100","sparse",-4.5,50,100,5000,0.0322,0.8448,3,3.22,0,9,3,18,0,18,7
7,96,"50_sites_x_100","sparse",-4.5,50,100,5000,0.0326,0.845,3,3.26,0,9,3,18,0,18,7
7,97,"50_sites_x_100","sparse",-4.5,50,100,5000,0.0332,0.8438,3,3.32,0,9,3,18,0,18,7
7,98,"50_sites_x_100","sparse",-4.5,50,100,5000,0.0326,0.8442,3,3.26,0,9,3,18,0,18,7
7,99,"50_sites_x_100","sparse",-4.5,50,100,5000,0.033,0.8444,3,3.3,0,9,3,18,0,18,7
7,100,"50_sites_x_100","sparse",-4.5,50,100,5000,0.0322,0.8456,3,3.22,0,9,3,18,0,18,7
7,101,"50_sites_x_100","sparse",-4.5,50,100,5000,0.031,0.8458,3,3.1,0,9,3,19,0,19,7
7,102,"50_sites_x_100","sparse",-4.5,50,100,5000,0.0302,0.8474,3,3.02,0,9,3,20,0,20,7
7,103,"50_sites_x_100","sparse",-4.5,50,100,5000,0.0306,0.8486,3,3.06,0,9,3,19,0,19,7
7,104,"50_sites_x_100","sparse",-4.5,50,100,5000,0.0292,0.849,3,2.92,0,8,3,19,0,19,7
7,105,"50_sites_x_100","sparse",-4.5,50,100,5000,0.0298,0.847,3,2.98,0,8,3,19,0,19,6
7,106,"50_sites_x_100","sparse",-4.5,50,100,5000,0.0302,0.8478,3,3.02,0,8,3,20,0,20,6
7,107,"50_sites_x_100","sparse",-4.5,50,100,5000,0.0302,0.8476,3,3.02,0,8,3,20,0,20,6
7,108,"50_sites_x_100","sparse",-4.5,50,100,5000,0.0298,0.8474,3,2.98,0,8,3,21,0,21,6
7,109,"50_sites_x_100","sparse",-4.5,50,100,5000,0.0298,0.845,3,2.98,0,8,3,20,0,20,7
7,110,"50_sites_x_100","sparse",-4.5,50,100,5000,0.0294,0.8444,3,2.94,0,8,3,20,0,20,7
7,111,"50_sites_x_100","sparse",-4.5,50,100,5000,0.0292,0.8438,3,2.92,0,8,3,21,0,21,6
7,112,"50_sites_x_100","sparse",-4.5,50,100,5000,0.029,0.8432,3,2.9,0,8,3,21,0,21,6
7,113,"50_sites_x_100","sparse",-4.5,50,100,5000,0.0296,0.8448,3,2.96,0,8,3,21,0,21,6
7,114,"50_sites_x_100","sparse",-4.5,50,100,5000,0.0306,0.846,3,3.06,0,8,3,20,0,20,5
7,115,"50_sites_x_100","sparse",-4.5,50,100,5000,0.0304,0.847,3,3.04,0,8,3,20,0,20,5
7,116,"50_sites_x_100","sparse",-4.5,50,100,5000,0.0302,0.8468,3,3.02,0,8,3,20,0,20,5
7,117,"50_sites_x_100","sparse",-4.5,50,100,5000,0.0296,0.8464,3,2.96,0,8,3,20,0,20,5
7,118,"50_sites_x_100","sparse",-4.5,50,100,5000,0.0296,0.847,3,2.96,0,8,3,19,0,19,4
7,119,"50_sites_x_100","sparse",-4.5,50,100,5000,0.0302,0.8484,3,3.02,0,8,3,18,0,18,4
7,120,"50_sites_x_100","sparse",-4.5,50,100,5000,0.0302,0.8488,3,3.02,0,8,3,18,0,18,4
7,121,"50_sites_x_100","sparse",-4.5,50,100,5000,0.03,0.849,3,3,0,8,3,18,0,18,5
7,122,"50_sites_x_100","sparse",-4.5,50,100,5000,0.0302,0.8502,3,3.02,0,8,3,19,0,19,5
7,123,"50_sites_x_100","sparse",-4.5,50,100,5000,0.0306,0.8514,3,3.06,0,8,3,19,0,19,5
7,124,"50_sites_x_100","sparse",-4.5,50,100,5000,0.0312,0.8512,3,3.12,0,8,3,18,0,18,5
7,125,"50_sites_x_100","sparse",-4.5,50,100,5000,0.0318,0.8524,3,3.18,0,8,3,17,0,17,5
7,126,"50_sites_x_100","sparse",-4.5,50,100,5000,0.032,0.853,3,3.2,0,8,3,17,0,17,5
7,127,"50_sites_x_100","sparse",-4.5,50,100,5000,0.031,0.8542,3,3.1,0,6,3,17,0,17,5
7,128,"50_sites_x_100","sparse",-4.5,50,100,5000,0.031,0.8542,3,3.1,0,6,3,18,0,18,4
7,129,"50_sites_x_100","sparse",-4.5,50,100,5000,0.031,0.8532,3,3.1,0,6,3,18,0,18,4
7,130,"50_sites_x_100","sparse",-4.5,50,100,5000,0.0316,0.8538,2,3.16,0,6,2,17,0,17,4
7,131,"50_sites_x_100","sparse",-4.5,50,100,5000,0.0316,0.853,2,3.16,0,6,2,16,0,16,4
7,132,"50_sites_x_100","sparse",-4.5,50,100,5000,0.0316,0.8512,2,3.16,0,6,2,17,0,17,4
7,133,"50_sites_x_100","sparse",-4.5,50,100,5000,0.031,0.8492,2,3.1,0,6,2,18,0,18,4
7,134,"50_sites_x_100","sparse",-4.5,50,100,5000,0.031,0.8504,2,3.1,0,6,2,18,0,18,4
7,135,"50_sites_x_100","sparse",-4.5,50,100,5000,0.0308,0.8502,2,3.08,0,6,2,18,0,18,3
7,136,"50_sites_x_100","sparse",-4.5,50,100,5000,0.0318,0.8486,2,3.18,0,7,2,17,0,17,3
7,137,"50_sites_x_100","sparse",-4.5,50,100,5000,0.0312,0.8488,2,3.12,0,7,2,17,0,17,3
7,138,"50_sites_x_100","sparse",-4.5,50,100,5000,0.0304,0.8486,2,3.04,0,7,2,18,0,18,3
7,139,"50_sites_x_100","sparse",-4.5,50,100,5000,0.0314,0.8496,1,3.14,0,7,1,18,0,18,3
7,140,"50_sites_x_100","sparse",-4.5,50,100,5000,0.0312,0.8504,2,3.12,0,7,2,19,0,19,3
7,141,"50_sites_x_100","sparse",-4.5,50,100,5000,0.0318,0.8504,2,3.18,0,7,2,18,0,18,3
7,142,"50_sites_x_100","sparse",-4.5,50,100,5000,0.0318,0.85,2,3.18,0,7,2,18,0,18,3
7,143,"50_sites_x_100","sparse",-4.5,50,100,5000,0.032,0.8492,2,3.2,0,7,2,17,0,17,3
7,144,"50_sites_x_100","sparse",-4.5,50,100,5000,0.032,0.849,2,3.2,0,7,2,16,0,16,3
7,145,"50_sites_x_100","sparse",-4.5,50,100,5000,0.0334,0.85,1,3.34,0,7,1,15,0,15,2
7,146,"50_sites_x_100","sparse",-4.5,50,100,5000,0.0338,0.8512,1,3.38,0,7,1,15,0,15,2
7,147,"50_sites_x_100","sparse",-4.5,50,100,5000,0.0336,0.8524,1,3.36,0,7,1,16,0,16,2
7,148,"50_sites_x_100","sparse",-4.5,50,100,5000,0.0338,0.8498,1,3.38,0,7,1,16,0,16,2
7,149,"50_sites_x_100","sparse",-4.5,50,100,5000,0.0336,0.8492,1,3.36,0,7,1,16,0,16,2
7,150,"50_sites_x_100","sparse",-4.5,50,100,5000,0.034,0.8466,1,3.4,0,7,1,16,0,16,2
7,151,"50_sites_x_100","sparse",-4.5,50,100,5000,0.0348,0.8468,1,3.48,0,7,1,15,0,15,2
7,152,"50_sites_x_100","sparse",-4.5,50,100,5000,0.0348,0.848,1,3.48,0,7,1,15,0,15,2
7,153,"50_sites_x_100","sparse",-4.5,50,100,5000,0.0346,0.847,1,3.46,0,7,1,15,0,15,2
7,154,"50_sites_x_100","sparse",-4.5,50,100,5000,0.0346,0.8468,1,3.46,0,7,1,16,0,16,2
7,155,"50_sites_x_100","sparse",-4.5,50,100,5000,0.0348,0.8474,1,3.48,0,7,1,16,0,16,2
7,156,"50_sites_x_100","sparse",-4.5,50,100,5000,0.0348,0.8472,1,3.48,0,7,1,15,0,15,2
7,157,"50_sites_x_100","sparse",-4.5,50,100,5000,0.0354,0.8458,1,3.54,0,7,1,14,0,14,2
7,158,"50_sites_x_100","sparse",-4.5,50,100,5000,0.036,0.8454,1,3.6,0,7,1,13,0,13,2
7,159,"50_sites_x_100","sparse",-4.5,50,100,5000,0.0366,0.846,1,3.66,0,7,1,13,0,13,1
7,160,"50_sites_x_100","sparse",-4.5,50,100,5000,0.037,0.848,1,3.7,0,7,1,13,0,13,1
7,161,"50_sites_x_100","sparse",-4.5,50,100,5000,0.0372,0.8486,1,3.72,0,7,1,12,0,12,1
7,162,"50_sites_x_100","sparse",-4.5,50,100,5000,0.0364,0.8476,2,3.64,0,7,2,13,0,13,1
7,163,"50_sites_x_100","sparse",-4.5,50,100,5000,0.0364,0.8478,2,3.64,0,7,2,14,0,14,1
7,164,"50_sites_x_100","sparse",-4.5,50,100,5000,0.0354,0.8464,2,3.54,0,7,2,14,0,14,1
7,165,"50_sites_x_100","sparse",-4.5,50,100,5000,0.0358,0.8478,2,3.58,0,7,2,14,0,14,1
7,166,"50_sites_x_100","sparse",-4.5,50,100,5000,0.0364,0.8468,2,3.64,0,7,2,13,0,13,1
7,167,"50_sites_x_100","sparse",-4.5,50,100,5000,0.0366,0.847,2,3.66,0,7,2,14,0,14,1
7,168,"50_sites_x_100","sparse",-4.5,50,100,5000,0.0366,0.8472,2,3.66,0,7,2,15,0,15,2
7,169,"50_sites_x_100","sparse",-4.5,50,100,5000,0.0362,0.848,2,3.62,0,7,2,15,0,15,2
7,170,"50_sites_x_100","sparse",-4.5,50,100,5000,0.0366,0.8464,2,3.66,0,7,2,15,0,15,2
7,171,"50_sites_x_100","sparse",-4.5,50,100,5000,0.037,0.847,2,3.7,0,7,2,15,0,15,1
7,172,"50_sites_x_100","sparse",-4.5,50,100,5000,0.037,0.8452,2,3.7,0,7,2,15,0,15,1
7,173,"50_sites_x_100","sparse",-4.5,50,100,5000,0.0374,0.8446,2,3.74,0,7,2,15,0,15,1
7,174,"50_sites_x_100","sparse",-4.5,50,100,5000,0.0376,0.8456,2,3.76,0,7,2,15,0,15,1
7,175,"50_sites_x_100","sparse",-4.5,50,100,5000,0.0372,0.8436,2,3.72,0,7,2,15,0,15,1
7,176,"50_sites_x_100","sparse",-4.5,50,100,5000,0.0372,0.844,2,3.72,0,7,2,15,0,15,1
7,177,"50_sites_x_100","sparse",-4.5,50,100,5000,0.0368,0.8448,2,3.68,0,7,2,16,0,16,1
7,178,"50_sites_x_100","sparse",-4.5,50,100,5000,0.0364,0.8452,2,3.64,0,7,2,16,0,16,1
7,179,"50_sites_x_100","sparse",-4.5,50,100,5000,0.0368,0.8462,2,3.68,0,7,2,16,0,16,1
7,180,"50_sites_x_100","sparse",-4.5,50,100,5000,0.0368,0.8462,2,3.68,0,7,2,16,0,16,1
7,181,"50_sites_x_100","sparse",-4.5,50,100,5000,0.0368,0.8468,2,3.68,0,7,2,16,0,16,1
7,182,"50_sites_x_100","sparse",-4.5,50,100,5000,0.0376,0.8474,2,3.76,0,7,2,15,0,15,1
7,183,"50_sites_x_100","sparse",-4.5,50,100,5000,0.0386,0.848,2,3.86,0,7,2,14,0,14,1
7,184,"50_sites_x_100","sparse",-4.5,50,100,5000,0.0388,0.8482,2,3.88,0,7,2,14,0,14,1
7,185,"50_sites_x_100","sparse",-4.5,50,100,5000,0.0388,0.8492,2,3.88,0,7,2,14,0,14,2
7,186,"50_sites_x_100","sparse",-4.5,50,100,5000,0.0378,0.8494,2,3.78,0,7,2,14,0,14,2
7,187,"50_sites_x_100","sparse",-4.5,50,100,5000,0.0382,0.849,2,3.82,0,7,2,14,0,14,2
7,188,"50_sites_x_100","sparse",-4.5,50,100,5000,0.0392,0.8504,2,3.92,0,7,2,14,0,14,2
7,189,"50_sites_x_100","sparse",-4.5,50,100,5000,0.039,0.8492,2,3.9,0,7,2,13,0,13,2
7,190,"50_sites_x_100","sparse",-4.5,50,100,5000,0.0398,0.8482,1,3.98,0,7,1,12,0,12,2
7,191,"50_sites_x_100","sparse",-4.5,50,100,5000,0.0392,0.8496,1,3.92,0,7,1,13,0,13,2
7,192,"50_sites_x_100","sparse",-4.5,50,100,5000,0.0392,0.8488,1,3.92,0,7,1,13,0,13,2
7,193,"50_sites_x_100","sparse",-4.5,50,100,5000,0.0384,0.8494,1,3.84,0,7,1,14,0,14,2
7,194,"50_sites_x_100","sparse",-4.5,50,100,5000,0.0384,0.8486,1,3.84,0,7,1,14,0,14,2
7,195,"50_sites_x_100","sparse",-4.5,50,100,5000,0.0374,0.8482,1,3.74,0,7,1,15,0,15,2
7,196,"50_sites_x_100","sparse",-4.5,50,100,5000,0.037,0.8478,1,3.7,0,7,1,15,0,15,2
7,197,"50_sites_x_100","sparse",-4.5,50,100,5000,0.0376,0.8468,1,3.76,0,7,1,14,0,14,2
7,198,"50_sites_x_100","sparse",-4.5,50,100,5000,0.0372,0.8478,1,3.72,0,7,1,15,0,15,2
7,199,"50_sites_x_100","sparse",-4.5,50,100,5000,0.037,0.8482,1,3.7,0,7,1,15,0,15,2
7,200,"50_sites_x_100","sparse",-4.5,50,100,5000,0.0366,0.849,1,3.66,0,7,1,15,0,15,2
7,201,"50_sites_x_100","sparse",-4.5,50,100,5000,0.0366,0.8488,1,3.66,0,7,1,15,0,15,2
7,202,"50_sites_x_100","sparse",-4.5,50,100,5000,0.0372,0.8466,1,3.72,0,7,1,14,0,14,2
7,203,"50_sites_x_100","sparse",-4.5,50,100,5000,0.0372,0.8474,1,3.72,0,7,1,14,0,14,2
7,204,"50_sites_x_100","sparse",-4.5,50,100,5000,0.038,0.8458,1,3.8,0,7,1,13,0,13,2
7,205,"50_sites_x_100","sparse",-4.5,50,100,5000,0.0372,0.8462,1,3.72,0,7,1,13,0,13,3
7,206,"50_sites_x_100","sparse",-4.5,50,100,5000,0.0372,0.8452,1,3.72,0,7,1,13,0,13,3
7,207,"50_sites_x_100","sparse",-4.5,50,100,5000,0.0374,0.8456,1,3.74,0,7,1,13,0,13,3
7,208,"50_sites_x_100","sparse",-4.5,50,100,5000,0.0368,0.8456,1,3.68,0,7,1,14,0,14,3
7,209,"50_sites_x_100","sparse",-4.5,50,100,5000,0.037,0.846,1,3.7,0,7,1,15,0,15,3
7,210,"50_sites_x_100","sparse",-4.5,50,100,5000,0.0366,0.845,1,3.66,0,7,1,15,0,15,3
7,211,"50_sites_x_100","sparse",-4.5,50,100,5000,0.0362,0.845,1,3.62,0,7,1,16,0,16,3
7,212,"50_sites_x_100","sparse",-4.5,50,100,5000,0.0374,0.8468,0,3.74,1,7,0,16,0,16,3
7,213,"50_sites_x_100","sparse",-4.5,50,100,5000,0.0368,0.8474,0,3.68,1,7,0,16,0,16,3
7,214,"50_sites_x_100","sparse",-4.5,50,100,5000,0.0376,0.847,0,3.76,1,7,0,16,0,16,3
7,215,"50_sites_x_100","sparse",-4.5,50,100,5000,0.037,0.8452,0,3.7,1,7,0,15,0,15,3
7,216,"50_sites_x_100","sparse",-4.5,50,100,5000,0.0368,0.844,0,3.68,1,7,0,15,0,15,3
7,217,"50_sites_x_100","sparse",-4.5,50,100,5000,0.037,0.8436,0,3.7,1,7,0,14,0,14,4
7,218,"50_sites_x_100","sparse",-4.5,50,100,5000,0.0372,0.8418,0,3.72,1,7,0,13,0,13,3
7,219,"50_sites_x_100","sparse",-4.5,50,100,5000,0.0376,0.8392,0,3.76,1,7,0,13,0,13,3
7,220,"50_sites_x_100","sparse",-4.5,50,100,5000,0.0374,0.8388,0,3.74,1,7,0,13,0,13,3
7,221,"50_sites_x_100","sparse",-4.5,50,100,5000,0.037,0.8394,0,3.7,1,7,0,13,0,13,3
7,222,"50_sites_x_100","sparse",-4.5,50,100,5000,0.0372,0.8408,0,3.72,1,7,0,13,0,13,3
7,223,"50_sites_x_100","sparse",-4.5,50,100,5000,0.0368,0.8416,0,3.68,1,7,0,14,0,14,3
7,224,"50_sites_x_100","sparse",-4.5,50,100,5000,0.036,0.841,0,3.6,1,7,0,15,0,15,3
7,225,"50_sites_x_100","sparse",-4.5,50,100,5000,0.0358,0.841,0,3.58,1,7,0,15,0,15,3
7,226,"50_sites_x_100","sparse",-4.5,50,100,5000,0.0364,0.84,0,3.64,1,8,0,15,0,15,3
7,227,"50_sites_x_100","sparse",-4.5,50,100,5000,0.0374,0.8394,0,3.74,1,8,0,14,0,14,3
7,228,"50_sites_x_100","sparse",-4.5,50,100,5000,0.0382,0.8394,0,3.82,1,8,0,13,0,13,3
7,229,"50_sites_x_100","sparse",-4.5,50,100,5000,0.0384,0.8378,0,3.84,1,8,0,13,0,13,3
7,230,"50_sites_x_100","sparse",-4.5,50,100,5000,0.0384,0.8378,0,3.84,1,8,0,13,0,13,3
7,231,"50_sites_x_100","sparse",-4.5,50,100,5000,0.038,0.8374,0,3.8,1,8,0,13,0,13,3
7,232,"50_sites_x_100","sparse",-4.5,50,100,5000,0.0376,0.8374,0,3.76,1,8,0,13,0,13,4
7,233,"50_sites_x_100","sparse",-4.5,50,100,5000,0.0364,0.8378,0,3.64,1,8,0,14,0,14,4
7,234,"50_sites_x_100","sparse",-4.5,50,100,5000,0.0364,0.8378,0,3.64,1,8,0,14,0,14,4
7,235,"50_sites_x_100","sparse",-4.5,50,100,5000,0.0362,0.8378,0,3.62,1,8,0,15,0,15,3
7,236,"50_sites_x_100","sparse",-4.5,50,100,5000,0.036,0.8374,0,3.6,1,8,0,16,0,16,3
7,237,"50_sites_x_100","sparse",-4.5,50,100,5000,0.0358,0.8376,0,3.58,1,8,0,17,0,17,3
7,238,"50_sites_x_100","sparse",-4.5,50,100,5000,0.036,0.8356,0,3.6,1,8,0,16,0,16,3
7,239,"50_sites_x_100","sparse",-4.5,50,100,5000,0.036,0.8352,0,3.6,1,8,0,17,0,17,3
7,240,"50_sites_x_100","sparse",-4.5,50,100,5000,0.0362,0.836,0,3.62,1,8,0,17,0,17,3
7,241,"50_sites_x_100","sparse",-4.5,50,100,5000,0.0364,0.8346,0,3.64,1,8,0,17,0,17,3
7,242,"50_sites_x_100","sparse",-4.5,50,100,5000,0.0362,0.8336,0,3.62,1,8,0,17,0,17,4
7,243,"50_sites_x_100","sparse",-4.5,50,100,5000,0.0368,0.8342,0,3.68,1,8,0,17,0,17,4
7,244,"50_sites_x_100","sparse",-4.5,50,100,5000,0.0364,0.8348,0,3.64,1,8,0,17,0,17,5
7,245,"50_sites_x_100","sparse",-4.5,50,100,5000,0.0362,0.8342,0,3.62,1,8,0,17,0,17,5
7,246,"50_sites_x_100","sparse",-4.5,50,100,5000,0.0364,0.8326,0,3.64,1,8,0,17,0,17,5
7,247,"50_sites_x_100","sparse",-4.5,50,100,5000,0.036,0.8338,0,3.6,1,8,0,17,0,17,5
7,248,"50_sites_x_100","sparse",-4.5,50,100,5000,0.0366,0.8342,0,3.66,1,8,0,16,0,16,5
7,249,"50_sites_x_100","sparse",-4.5,50,100,5000,0.0374,0.8348,0,3.74,1,8,0,16,0,16,5
7,250,"50_sites_x_100","sparse",-4.5,50,100,5000,0.038,0.8352,0,3.8,1,8,0,16,0,16,5
7,251,"50_sites_x_100","sparse",-4.5,50,100,5000,0.0382,0.8354,0,3.82,1,8,0,16,0,16,5
7,252,"50_sites_x_100","sparse",-4.5,50,100,5000,0.0384,0.8374,0,3.84,1,8,0,16,0,16,5
7,253,"50_sites_x_100","sparse",-4.5,50,100,5000,0.0388,0.8372,0,3.88,1,8,0,16,0,16,6
7,254,"50_sites_x_100","sparse",-4.5,50,100,5000,0.0388,0.838,0,3.88,1,8,0,16,0,16,6
7,255,"50_sites_x_100","sparse",-4.5,50,100,5000,0.0404,0.838,0,4.04,1,9,0,17,0,17,5
7,256,"50_sites_x_100","sparse",-4.5,50,100,5000,0.0412,0.839,0,4.12,1,9,0,17,0,17,5
7,257,"50_sites_x_100","sparse",-4.5,50,100,5000,0.0406,0.8384,0,4.06,1,9,0,18,0,18,5
7,258,"50_sites_x_100","sparse",-4.5,50,100,5000,0.0412,0.8378,0,4.12,1,9,0,17,0,17,5
7,259,"50_sites_x_100","sparse",-4.5,50,100,5000,0.0414,0.8374,0,4.14,1,9,0,16,0,16,5
7,260,"50_sites_x_100","sparse",-4.5,50,100,5000,0.0422,0.8366,0,4.22,1,9,0,16,0,16,5
7,261,"50_sites_x_100","sparse",-4.5,50,100,5000,0.0424,0.837,0,4.24,1,9,0,15,0,15,5
7,262,"50_sites_x_100","sparse",-4.5,50,100,5000,0.0416,0.8372,0,4.16,1,9,0,15,0,15,6
7,263,"50_sites_x_100","sparse",-4.5,50,100,5000,0.0418,0.8362,0,4.18,1,9,0,14,0,14,6
7,264,"50_sites_x_100","sparse",-4.5,50,100,5000,0.0418,0.8376,0,4.18,1,9,0,14,0,14,6
7,265,"50_sites_x_100","sparse",-4.5,50,100,5000,0.0428,0.838,0,4.28,1,9,0,14,0,14,6
7,266,"50_sites_x_100","sparse",-4.5,50,100,5000,0.0426,0.8396,0,4.26,1,9,0,14,0,14,6
7,267,"50_sites_x_100","sparse",-4.5,50,100,5000,0.0424,0.8384,0,4.24,1,9,0,14,0,14,5
7,268,"50_sites_x_100","sparse",-4.5,50,100,5000,0.0422,0.8392,0,4.22,1,9,0,14,0,14,5
7,269,"50_sites_x_100","sparse",-4.5,50,100,5000,0.042,0.8404,0,4.2,1,9,0,14,0,14,5
7,270,"50_sites_x_100","sparse",-4.5,50,100,5000,0.0418,0.8426,0,4.18,1,9,0,14,0,14,5
7,271,"50_sites_x_100","sparse",-4.5,50,100,5000,0.0422,0.8408,0,4.22,1,9,0,15,0,15,5
7,272,"50_sites_x_100","sparse",-4.5,50,100,5000,0.0416,0.839,0,4.16,1,9,0,15,0,15,5
7,273,"50_sites_x_100","sparse",-4.5,50,100,5000,0.041,0.8392,0,4.1,1,9,0,14,0,14,5
7,274,"50_sites_x_100","sparse",-4.5,50,100,5000,0.0412,0.8394,0,4.12,1,9,0,13,0,13,5
7,275,"50_sites_x_100","sparse",-4.5,50,100,5000,0.0416,0.841,0,4.16,1,9,0,13,0,13,5
7,276,"50_sites_x_100","sparse",-4.5,50,100,5000,0.0408,0.842,0,4.08,1,9,0,13,0,13,5
7,277,"50_sites_x_100","sparse",-4.5,50,100,5000,0.0398,0.8418,0,3.98,1,9,0,14,0,14,5
7,278,"50_sites_x_100","sparse",-4.5,50,100,5000,0.039,0.841,0,3.9,1,9,0,14,0,14,5
7,279,"50_sites_x_100","sparse",-4.5,50,100,5000,0.0386,0.8434,0,3.86,1,9,0,14,0,14,5
7,280,"50_sites_x_100","sparse",-4.5,50,100,5000,0.0388,0.8426,0,3.88,1,9,0,14,0,14,5
7,281,"50_sites_x_100","sparse",-4.5,50,100,5000,0.039,0.8432,0,3.9,1,9,0,14,0,14,5
7,282,"50_sites_x_100","sparse",-4.5,50,100,5000,0.0386,0.8438,0,3.86,1,9,0,14,0,14,4
7,283,"50_sites_x_100","sparse",-4.5,50,100,5000,0.0392,0.844,0,3.92,1,9,0,13,0,13,4
7,284,"50_sites_x_100","sparse",-4.5,50,100,5000,0.0388,0.8438,0,3.88,1,9,0,14,0,14,5
7,285,"50_sites_x_100","sparse",-4.5,50,100,5000,0.0388,0.8438,0,3.88,1,9,0,13,0,13,6
7,286,"50_sites_x_100","sparse",-4.5,50,100,5000,0.0402,0.8434,0,4.02,1,9,0,12,0,12,6
7,287,"50_sites_x_100","sparse",-4.5,50,100,5000,0.0406,0.845,0,4.06,1,9,0,11,0,11,6
7,288,"50_sites_x_100","sparse",-4.5,50,100,5000,0.0394,0.8462,0,3.94,1,9,0,12,0,12,6
7,289,"50_sites_x_100","sparse",-4.5,50,100,5000,0.0398,0.8482,0,3.98,1,9,0,12,0,12,6
7,290,"50_sites_x_100","sparse",-4.5,50,100,5000,0.0396,0.8468,0,3.96,1,9,0,12,0,12,6
7,291,"50_sites_x_100","sparse",-4.5,50,100,5000,0.0398,0.8472,0,3.98,1,9,0,11,0,11,6
7,292,"50_sites_x_100","sparse",-4.5,50,100,5000,0.04,0.8494,0,4,1,9,0,11,0,11,5
7,293,"50_sites_x_100","sparse",-4.5,50,100,5000,0.0402,0.8486,0,4.02,1,9,0,11,0,11,5
7,294,"50_sites_x_100","sparse",-4.5,50,100,5000,0.0402,0.8488,0,4.02,1,9,0,12,0,12,4
7,295,"50_sites_x_100","sparse",-4.5,50,100,5000,0.0406,0.8486,0,4.06,1,9,0,11,0,11,4
7,296,"50_sites_x_100","sparse",-4.5,50,100,5000,0.0402,0.849,0,4.02,1,9,0,11,0,11,4
7,297,"50_sites_x_100","sparse",-4.5,50,100,5000,0.0398,0.848,0,3.98,1,9,0,11,0,11,4
7,298,"50_sites_x_100","sparse",-4.5,50,100,5000,0.0394,0.8478,0,3.94,1,9,0,12,0,12,4
7,299,"50_sites_x_100","sparse",-4.5,50,100,5000,0.0382,0.8482,0,3.82,1,9,0,12,0,12,4
7,300,"50_sites_x_100","sparse",-4.5,50,100,5000,0.0376,0.8492,0,3.76,1,9,0,13,0,13,5
8,1,"100_sites_x_50","sparse",-4.5,100,50,5000,0.0436,0.841,15,2.18,0,7,22,62,0,62,53
8,2,"100_sites_x_50","sparse",-4.5,100,50,5000,0.0426,0.8422,16,2.13,0,7,23,63,0,63,55
8,3,"100_sites_x_50","sparse",-4.5,100,50,5000,0.043,0.8412,16,2.15,0,7,22,62,0,62,56
8,4,"100_sites_x_50","sparse",-4.5,100,50,5000,0.0428,0.8416,16,2.14,0,7,22,61,0,61,57
8,5,"100_sites_x_50","sparse",-4.5,100,50,5000,0.043,0.8404,16,2.15,0,7,22,60,0,60,56
8,6,"100_sites_x_50","sparse",-4.5,100,50,5000,0.0426,0.8408,16,2.13,0,7,22,60,0,60,57
8,7,"100_sites_x_50","sparse",-4.5,100,50,5000,0.0428,0.842,16,2.14,0,7,22,59,0,59,58
8,8,"100_sites_x_50","sparse",-4.5,100,50,5000,0.0426,0.843,16,2.13,0,7,23,59,0,59,57
8,9,"100_sites_x_50","sparse",-4.5,100,50,5000,0.0428,0.8432,15,2.14,0,7,22,59,0,59,55
8,10,"100_sites_x_50","sparse",-4.5,100,50,5000,0.0424,0.8438,15,2.12,0,7,22,60,0,60,55
8,11,"100_sites_x_50","sparse",-4.5,100,50,5000,0.0426,0.8434,15,2.13,0,7,22,60,0,60,54
8,12,"100_sites_x_50","sparse",-4.5,100,50,5000,0.042,0.8432,15,2.1,0,7,22,61,0,61,54
8,13,"100_sites_x_50","sparse",-4.5,100,50,5000,0.0422,0.8434,15,2.11,0,7,21,60,0,60,54
8,14,"100_sites_x_50","sparse",-4.5,100,50,5000,0.0418,0.8432,15,2.09,0,7,21,61,0,61,54
8,15,"100_sites_x_50","sparse",-4.5,100,50,5000,0.0414,0.8432,16,2.07,0,7,22,62,0,62,54
8,16,"100_sites_x_50","sparse",-4.5,100,50,5000,0.041,0.8438,16,2.05,0,7,22,63,0,63,54
8,17,"100_sites_x_50","sparse",-4.5,100,50,5000,0.0402,0.8442,17,2.01,0,7,23,64,0,64,55
8,18,"100_sites_x_50","sparse",-4.5,100,50,5000,0.0402,0.844,17,2.01,0,7,23,64,0,64,56
8,19,"100_sites_x_50","sparse",-4.5,100,50,5000,0.0402,0.8442,17,2.01,0,7,23,63,0,63,56
8,20,"100_sites_x_50","sparse",-4.5,100,50,5000,0.0402,0.845,17,2.01,0,7,23,63,0,63,55
8,21,"100_sites_x_50","sparse",-4.5,100,50,5000,0.04,0.8428,17,2,0,7,23,64,0,64,56
8,22,"100_sites_x_50","sparse",-4.5,100,50,5000,0.0402,0.842,17,2.01,0,7,23,64,0,64,56
8,23,"100_sites_x_50","sparse",-4.5,100,50,5000,0.0402,0.8412,17,2.01,0,7,23,63,0,63,57
8,24,"100_sites_x_50","sparse",-4.5,100,50,5000,0.04,0.8408,17,2,0,7,23,62,0,62,56
8,25,"100_sites_x_50","sparse",-4.5,100,50,5000,0.0402,0.8404,17,2.01,0,7,23,62,0,62,56
8,26,"100_sites_x_50","sparse",-4.5,100,50,5000,0.04,0.8406,17,2,0,7,23,62,0,62,56
8,27,"100_sites_x_50","sparse",-4.5,100,50,5000,0.0394,0.84,18,1.97,0,7,24,62,0,62,56
8,28,"100_sites_x_50","sparse",-4.5,100,50,5000,0.0392,0.8396,18,1.96,0,7,24,62,0,62,56
8,29,"100_sites_x_50","sparse",-4.5,100,50,5000,0.0394,0.8394,17,1.97,0,7,23,61,0,61,57
8,30,"100_sites_x_50","sparse",-4.5,100,50,5000,0.0396,0.84,17,1.98,0,7,23,61,0,61,57
8,31,"100_sites_x_50","sparse",-4.5,100,50,5000,0.0388,0.8402,18,1.94,0,7,24,62,0,62,59
8,32,"100_sites_x_50","sparse",-4.5,100,50,5000,0.0384,0.8406,18,1.92,0,7,24,62,0,62,60
8,33,"100_sites_x_50","sparse",-4.5,100,50,5000,0.0388,0.8408,18,1.94,0,7,24,61,0,61,61
8,34,"100_sites_x_50","sparse",-4.5,100,50,5000,0.0382,0.8408,18,1.91,0,7,24,61,0,61,61
8,35,"100_sites_x_50","sparse",-4.5,100,50,5000,0.0384,0.8398,18,1.92,0,7,24,61,0,61,61
8,36,"100_sites_x_50","sparse",-4.5,100,50,5000,0.0376,0.8394,19,1.88,0,7,25,61,0,61,62
8,37,"100_sites_x_50","sparse",-4.5,100,50,5000,0.037,0.8404,19,1.85,0,7,25,62,0,62,61
8,38,"100_sites_x_50","sparse",-4.5,100,50,5000,0.0364,0.8416,20,1.82,0,7,26,63,0,63,62
8,39,"100_sites_x_50","sparse",-4.5,100,50,5000,0.0362,0.841,20,1.81,0,7,26,62,0,62,62
8,40,"100_sites_x_50","sparse",-4.5,100,50,5000,0.0362,0.8418,20,1.81,0,7,26,63,0,63,63
8,41,"100_sites_x_50","sparse",-4.5,100,50,5000,0.0364,0.842,20,1.82,0,7,26,62,0,62,63
8,42,"100_sites_x_50","sparse",-4.5,100,50,5000,0.0366,0.842,20,1.83,0,7,26,62,0,62,62
8,43,"100_sites_x_50","sparse",-4.5,100,50,5000,0.0362,0.8424,20,1.81,0,7,26,63,0,63,62
8,44,"100_sites_x_50","sparse",-4.5,100,50,5000,0.036,0.843,20,1.8,0,7,26,63,0,63,63
8,45,"100_sites_x_50","sparse",-4.5,100,50,5000,0.0364,0.8422,20,1.82,0,7,26,63,0,63,62
8,46,"100_sites_x_50","sparse",-4.5,100,50,5000,0.037,0.8414,20,1.85,0,7,26,62,0,62,62
8,47,"100_sites_x_50","sparse",-4.5,100,50,5000,0.0372,0.8432,19,1.86,0,7,25,62,0,62,62
8,48,"100_sites_x_50","sparse",-4.5,100,50,5000,0.038,0.8426,19,1.9,0,7,25,62,0,62,60
8,49,"100_sites_x_50","sparse",-4.5,100,50,5000,0.0382,0.8422,18,1.91,0,7,24,62,0,62,59
8,50,"100_sites_x_50","sparse",-4.5,100,50,5000,0.0382,0.8428,18,1.91,0,7,24,62,0,62,58
8,51,"100_sites_x_50","sparse",-4.5,100,50,5000,0.0382,0.8428,18,1.91,0,7,24,62,0,62,58
8,52,"100_sites_x_50","sparse",-4.5,100,50,5000,0.0382,0.8422,18,1.91,0,7,23,61,0,61,58
8,53,"100_sites_x_50","sparse",-4.5,100,50,5000,0.0388,0.8426,17,1.94,0,7,22,60,0,60,56
8,54,"100_sites_x_50","sparse",-4.5,100,50,5000,0.039,0.8434,16,1.95,0,7,22,60,0,60,54
8,55,"100_sites_x_50","sparse",-4.5,100,50,5000,0.039,0.8434,16,1.95,0,7,22,61,0,61,55
8,56,"100_sites_x_50","sparse",-4.5,100,50,5000,0.039,0.8438,16,1.95,0,7,22,61,0,61,56
8,57,"100_sites_x_50","sparse",-4.5,100,50,5000,0.0392,0.843,16,1.96,0,7,22,60,0,60,55
8,58,"100_sites_x_50","sparse",-4.5,100,50,5000,0.039,0.8432,16,1.95,0,7,22,59,0,59,57
8,59,"100_sites_x_50","sparse",-4.5,100,50,5000,0.0388,0.8424,16,1.94,0,7,22,58,0,58,57
8,60,"100_sites_x_50","sparse",-4.5,100,50,5000,0.0388,0.8412,16,1.94,0,7,22,57,0,57,57
8,61,"100_sites_x_50","sparse",-4.5,100,50,5000,0.039,0.8406,16,1.95,0,7,22,57,0,57,57
8,62,"100_sites_x_50","sparse",-4.5,100,50,5000,0.0386,0.8412,16,1.93,0,7,22,58,0,58,58
8,63,"100_sites_x_50","sparse",-4.5,100,50,5000,0.0388,0.841,15,1.94,0,7,21,57,0,57,58
8,64,"100_sites_x_50","sparse",-4.5,100,50,5000,0.0382,0.842,15,1.91,0,7,21,58,0,58,59
8,65,"100_sites_x_50","sparse",-4.5,100,50,5000,0.0386,0.8422,15,1.93,0,7,21,57,0,57,59
8,66,"100_sites_x_50","sparse",-4.5,100,50,5000,0.0382,0.8426,15,1.91,0,7,21,56,0,56,60
8,67,"100_sites_x_50","sparse",-4.5,100,50,5000,0.0384,0.8426,15,1.92,0,7,21,56,0,56,59
8,68,"100_sites_x_50","sparse",-4.5,100,50,5000,0.0384,0.8426,15,1.92,0,7,21,56,0,56,58
8,69,"100_sites_x_50","sparse",-4.5,100,50,5000,0.0384,0.8428,15,1.92,0,7,21,56,0,56,59
8,70,"100_sites_x_50","sparse",-4.5,100,50,5000,0.0386,0.843,15,1.93,0,7,21,56,0,56,59
8,71,"100_sites_x_50","sparse",-4.5,100,50,5000,0.0382,0.8436,15,1.91,0,7,21,57,0,57,58
8,72,"100_sites_x_50","sparse",-4.5,100,50,5000,0.038,0.8428,15,1.9,0,7,21,58,0,58,59
8,73,"100_sites_x_50","sparse",-4.5,100,50,5000,0.0374,0.8424,16,1.87,0,7,22,58,0,58,59
8,74,"100_sites_x_50","sparse",-4.5,100,50,5000,0.0376,0.8432,16,1.88,0,7,22,58,0,58,58
8,75,"100_sites_x_50","sparse",-4.5,100,50,5000,0.0376,0.844,16,1.88,0,7,22,58,0,58,58
8,76,"100_sites_x_50","sparse",-4.5,100,50,5000,0.0378,0.8442,15,1.89,0,7,21,58,0,58,58
8,77,"100_sites_x_50","sparse",-4.5,100,50,5000,0.0374,0.844,15,1.87,0,7,21,57,0,57,59
8,78,"100_sites_x_50","sparse",-4.5,100,50,5000,0.0374,0.8428,15,1.87,0,7,21,58,0,58,59
8,79,"100_sites_x_50","sparse",-4.5,100,50,5000,0.0374,0.8436,15,1.87,0,7,21,58,0,58,58
8,80,"100_sites_x_50","sparse",-4.5,100,50,5000,0.0378,0.844,15,1.89,0,7,21,57,0,57,58
8,81,"100_sites_x_50","sparse",-4.5,100,50,5000,0.0376,0.8442,16,1.88,0,7,22,58,0,58,58
8,82,"100_sites_x_50","sparse",-4.5,100,50,5000,0.0368,0.8446,16,1.84,0,7,22,58,0,58,59
8,83,"100_sites_x_50","sparse",-4.5,100,50,5000,0.0368,0.8448,16,1.84,0,7,22,58,0,58,57
8,84,"100_sites_x_50","sparse",-4.5,100,50,5000,0.0366,0.8442,16,1.83,0,7,22,58,0,58,57
8,85,"100_sites_x_50","sparse",-4.5,100,50,5000,0.0358,0.8442,16,1.79,0,7,22,58,0,58,57
8,86,"100_sites_x_50","sparse",-4.5,100,50,5000,0.0364,0.8446,15,1.82,0,7,21,57,0,57,57
8,87,"100_sites_x_50","sparse",-4.5,100,50,5000,0.036,0.8448,16,1.8,0,7,22,57,0,57,58
8,88,"100_sites_x_50","sparse",-4.5,100,50,5000,0.036,0.8454,16,1.8,0,7,21,57,0,57,57
8,89,"100_sites_x_50","sparse",-4.5,100,50,5000,0.0366,0.846,16,1.83,0,7,20,57,0,57,56
8,90,"100_sites_x_50","sparse",-4.5,100,50,5000,0.0366,0.8452,16,1.83,0,7,20,57,0,57,56
8,91,"100_sites_x_50","sparse",-4.5,100,50,5000,0.037,0.844,15,1.85,0,7,20,57,0,57,56
8,92,"100_sites_x_50","sparse",-4.5,100,50,5000,0.0368,0.844,15,1.84,0,7,20,57,0,57,55
8,93,"100_sites_x_50","sparse",-4.5,100,50,5000,0.0374,0.844,15,1.87,0,7,20,56,0,56,54
8,94,"100_sites_x_50","sparse",-4.5,100,50,5000,0.0368,0.8428,16,1.84,0,7,21,56,0,56,55
8,95,"100_sites_x_50","sparse",-4.5,100,50,5000,0.0368,0.8424,16,1.84,0,7,20,56,0,56,53
8,96,"100_sites_x_50","sparse",-4.5,100,50,5000,0.0366,0.8428,16,1.83,0,7,20,55,0,55,53
8,97,"100_sites_x_50","sparse",-4.5,100,50,5000,0.0366,0.8428,16,1.83,0,7,20,55,0,55,53
8,98,"100_sites_x_50","sparse",-4.5,100,50,5000,0.0364,0.8436,16,1.82,0,7,20,55,0,55,53
8,99,"100_sites_x_50","sparse",-4.5,100,50,5000,0.0362,0.8438,16,1.81,0,7,20,55,0,55,52
8,100,"100_sites_x_50","sparse",-4.5,100,50,5000,0.0352,0.8442,16,1.76,0,5,20,55,0,55,52
8,101,"100_sites_x_50","sparse",-4.5,100,50,5000,0.0354,0.844,16,1.77,0,5,19,54,0,54,51
8,102,"100_sites_x_50","sparse",-4.5,100,50,5000,0.0358,0.8428,15,1.79,0,5,18,54,0,54,50
8,103,"100_sites_x_50","sparse",-4.5,100,50,5000,0.0356,0.843,15,1.78,0,5,18,54,0,54,49
8,104,"100_sites_x_50","sparse",-4.5,100,50,5000,0.0358,0.8424,15,1.79,0,5,18,54,0,54,49
8,105,"100_sites_x_50","sparse",-4.5,100,50,5000,0.0354,0.844,16,1.77,0,5,19,55,0,55,51
8,106,"100_sites_x_50","sparse",-4.5,100,50,5000,0.0358,0.8434,16,1.79,0,5,19,54,0,54,50
8,107,"100_sites_x_50","sparse",-4.5,100,50,5000,0.0358,0.843,16,1.79,0,5,19,55,0,55,50
8,108,"100_sites_x_50","sparse",-4.5,100,50,5000,0.0358,0.8434,16,1.79,0,5,18,55,0,55,50
8,109,"100_sites_x_50","sparse",-4.5,100,50,5000,0.0356,0.8432,17,1.78,0,5,19,55,0,55,52
8,110,"100_sites_x_50","sparse",-4.5,100,50,5000,0.035,0.8426,18,1.75,0,5,20,55,0,55,53
8,111,"100_sites_x_50","sparse",-4.5,100,50,5000,0.0348,0.8432,18,1.74,0,5,20,56,0,56,54
8,112,"100_sites_x_50","sparse",-4.5,100,50,5000,0.0352,0.8436,18,1.76,0,5,20,55,0,55,55
8,113,"100_sites_x_50","sparse",-4.5,100,50,5000,0.035,0.844,18,1.75,0,5,20,56,0,56,55
8,114,"100_sites_x_50","sparse",-4.5,100,50,5000,0.0352,0.8432,18,1.76,0,5,20,55,0,55,54
8,115,"100_sites_x_50","sparse",-4.5,100,50,5000,0.0356,0.8432,17,1.78,0,5,19,54,0,54,54
8,116,"100_sites_x_50","sparse",-4.5,100,50,5000,0.0354,0.843,18,1.77,0,5,20,54,0,54,55
8,117,"100_sites_x_50","sparse",-4.5,100,50,5000,0.0358,0.8422,17,1.79,0,5,19,54,0,54,54
8,118,"100_sites_x_50","sparse",-4.5,100,50,5000,0.0356,0.843,17,1.78,0,5,19,55,0,55,55
8,119,"100_sites_x_50","sparse",-4.5,100,50,5000,0.036,0.8434,17,1.8,0,5,19,55,0,55,55
8,120,"100_sites_x_50","sparse",-4.5,100,50,5000,0.0358,0.844,18,1.79,0,5,20,55,0,55,57
8,121,"100_sites_x_50","sparse",-4.5,100,50,5000,0.036,0.846,18,1.8,0,5,20,54,0,54,56
8,122,"100_sites_x_50","sparse",-4.5,100,50,5000,0.036,0.8472,18,1.8,0,5,20,54,0,54,57
8,123,"100_sites_x_50","sparse",-4.5,100,50,5000,0.0356,0.8466,19,1.78,0,5,21,55,0,55,57
8,124,"100_sites_x_50","sparse",-4.5,100,50,5000,0.0354,0.848,20,1.77,0,5,22,56,0,56,59
8,125,"100_sites_x_50","sparse",-4.5,100,50,5000,0.0348,0.8484,20,1.74,0,5,23,57,0,57,60
8,126,"100_sites_x_50","sparse",-4.5,100,50,5000,0.0346,0.849,20,1.73,0,5,23,57,0,57,61
8,127,"100_sites_x_50","sparse",-4.5,100,50,5000,0.035,0.8482,19,1.75,0,5,22,57,0,57,60
8,128,"100_sites_x_50","sparse",-4.5,100,50,5000,0.0348,0.8482,19,1.74,0,5,22,57,0,57,60
8,129,"100_sites_x_50","sparse",-4.5,100,50,5000,0.0348,0.8484,19,1.74,0,5,22,58,0,58,59
8,130,"100_sites_x_50","sparse",-4.5,100,50,5000,0.0346,0.8476,19,1.73,0,5,22,57,0,57,59
8,131,"100_sites_x_50","sparse",-4.5,100,50,5000,0.0348,0.848,18,1.74,0,5,22,57,0,57,58
8,132,"100_sites_x_50","sparse",-4.5,100,50,5000,0.0348,0.8482,18,1.74,0,5,22,56,0,56,58
8,133,"100_sites_x_50","sparse",-4.5,100,50,5000,0.0342,0.849,19,1.71,0,5,23,57,0,57,59
8,134,"100_sites_x_50","sparse",-4.5,100,50,5000,0.0344,0.8496,19,1.72,0,5,23,57,0,57,59
8,135,"100_sites_x_50","sparse",-4.5,100,50,5000,0.0344,0.8504,19,1.72,0,5,23,58,0,58,59
8,136,"100_sites_x_50","sparse",-4.5,100,50,5000,0.0346,0.8504,18,1.73,0,5,22,58,0,58,59
8,137,"100_sites_x_50","sparse",-4.5,100,50,5000,0.035,0.8506,18,1.75,0,5,22,57,0,57,60
8,138,"100_sites_x_50","sparse",-4.5,100,50,5000,0.0356,0.8488,17,1.78,0,5,21,56,0,56,58
8,139,"100_sites_x_50","sparse",-4.5,100,50,5000,0.0352,0.8482,17,1.76,0,5,21,57,0,57,58
8,140,"100_sites_x_50","sparse",-4.5,100,50,5000,0.0352,0.8484,17,1.76,0,5,21,56,0,56,58
8,141,"100_sites_x_50","sparse",-4.5,100,50,5000,0.0352,0.8484,17,1.76,0,5,21,56,0,56,58
8,142,"100_sites_x_50","sparse",-4.5,100,50,5000,0.0346,0.8488,18,1.73,0,5,22,57,0,57,60
8,143,"100_sites_x_50","sparse",-4.5,100,50,5000,0.0346,0.8484,18,1.73,0,5,22,56,0,56,60
8,144,"100_sites_x_50","sparse",-4.5,100,50,5000,0.0346,0.849,18,1.73,0,5,22,57,0,57,59
8,145,"100_sites_x_50","sparse",-4.5,100,50,5000,0.0338,0.8496,18,1.69,0,5,22,56,0,56,59
8,146,"100_sites_x_50","sparse",-4.5,100,50,5000,0.0332,0.8504,18,1.66,0,5,22,56,0,56,59
8,147,"100_sites_x_50","sparse",-4.5,100,50,5000,0.0332,0.85,18,1.66,0,5,22,55,0,55,59
8,148,"100_sites_x_50","sparse",-4.5,100,50,5000,0.0324,0.8514,18,1.62,0,4,22,55,0,55,60
8,149,"100_sites_x_50","sparse",-4.5,100,50,5000,0.0326,0.8522,18,1.63,0,4,22,54,0,54,59
8,150,"100_sites_x_50","sparse",-4.5,100,50,5000,0.0324,0.853,18,1.62,0,4,22,53,0,53,59
8,151,"100_sites_x_50","sparse",-4.5,100,50,5000,0.0324,0.8532,18,1.62,0,4,22,52,0,52,60
8,152,"100_sites_x_50","sparse",-4.5,100,50,5000,0.0326,0.8536,18,1.63,0,4,22,53,0,53,61
8,153,"100_sites_x_50","sparse",-4.5,100,50,5000,0.0322,0.8542,18,1.61,0,4,22,53,0,53,63
8,154,"100_sites_x_50","sparse",-4.5,100,50,5000,0.0332,0.8528,18,1.66,0,6,21,52,0,52,63
8,155,"100_sites_x_50","sparse",-4.5,100,50,5000,0.033,0.8542,19,1.65,0,6,22,52,0,52,64
8,156,"100_sites_x_50","sparse",-4.5,100,50,5000,0.0332,0.8546,18,1.66,0,6,21,52,0,52,64
8,157,"100_sites_x_50","sparse",-4.5,100,50,5000,0.0334,0.8546,18,1.67,0,6,21,53,0,53,64
8,158,"100_sites_x_50","sparse",-4.5,100,50,5000,0.033,0.8548,19,1.65,0,6,22,54,0,54,64
8,159,"100_sites_x_50","sparse",-4.5,100,50,5000,0.0332,0.8554,19,1.66,0,6,22,54,0,54,64
8,160,"100_sites_x_50","sparse",-4.5,100,50,5000,0.0328,0.8556,19,1.64,0,6,22,54,0,54,65
8,161,"100_sites_x_50","sparse",-4.5,100,50,5000,0.0322,0.8564,20,1.61,0,6,23,55,0,55,67
8,162,"100_sites_x_50","sparse",-4.5,100,50,5000,0.0326,0.8556,20,1.63,0,6,23,55,0,55,66
8,163,"100_sites_x_50","sparse",-4.5,100,50,5000,0.033,0.8564,20,1.65,0,6,23,56,0,56,65
8,164,"100_sites_x_50","sparse",-4.5,100,50,5000,0.033,0.8558,20,1.65,0,6,24,56,0,56,65
8,165,"100_sites_x_50","sparse",-4.5,100,50,5000,0.0324,0.8566,21,1.62,0,6,25,57,0,57,67
8,166,"100_sites_x_50","sparse",-4.5,100,50,5000,0.032,0.8564,22,1.6,0,6,26,58,0,58,68
8,167,"100_sites_x_50","sparse",-4.5,100,50,5000,0.0318,0.8562,22,1.59,0,6,26,58,0,58,69
8,168,"100_sites_x_50","sparse",-4.5,100,50,5000,0.0322,0.8566,21,1.61,0,6,25,58,0,58,69
8,169,"100_sites_x_50","sparse",-4.5,100,50,5000,0.0324,0.8574,20,1.62,0,6,24,58,0,58,70
8,170,"100_sites_x_50","sparse",-4.5,100,50,5000,0.0324,0.8582,20,1.62,0,6,24,58,0,58,70
8,171,"100_sites_x_50","sparse",-4.5,100,50,5000,0.0322,0.8574,20,1.61,0,6,25,58,0,58,70
8,172,"100_sites_x_50","sparse",-4.5,100,50,5000,0.0324,0.8586,20,1.62,0,6,25,58,0,58,69
8,173,"100_sites_x_50","sparse",-4.5,100,50,5000,0.0328,0.859,19,1.64,0,6,24,57,0,57,68
8,174,"100_sites_x_50","sparse",-4.5,100,50,5000,0.033,0.8586,19,1.65,0,6,24,58,0,58,68
8,175,"100_sites_x_50","sparse",-4.5,100,50,5000,0.0328,0.8574,19,1.64,0,6,24,58,0,58,68
8,176,"100_sites_x_50","sparse",-4.5,100,50,5000,0.033,0.8574,19,1.65,0,6,24,57,0,57,67
8,177,"100_sites_x_50","sparse",-4.5,100,50,5000,0.0328,0.8572,20,1.64,0,6,25,58,0,58,65
8,178,"100_sites_x_50","sparse",-4.5,100,50,5000,0.0328,0.8584,20,1.64,0,6,25,58,0,58,65
8,179,"100_sites_x_50","sparse",-4.5,100,50,5000,0.033,0.8592,19,1.65,0,6,24,58,0,58,66
8,180,"100_sites_x_50","sparse",-4.5,100,50,5000,0.0322,0.8594,20,1.61,0,6,25,59,0,59,67
8,181,"100_sites_x_50","sparse",-4.5,100,50,5000,0.0322,0.8592,20,1.61,0,6,25,59,0,59,68
8,182,"100_sites_x_50","sparse",-4.5,100,50,5000,0.032,0.8596,20,1.6,0,6,25,60,0,60,68
8,183,"100_sites_x_50","sparse",-4.5,100,50,5000,0.032,0.8586,20,1.6,0,6,25,60,0,60,69
8,184,"100_sites_x_50","sparse",-4.5,100,50,5000,0.0318,0.86,20,1.59,0,6,25,60,0,60,70
8,185,"100_sites_x_50","sparse",-4.5,100,50,5000,0.0324,0.8598,20,1.62,0,6,25,59,0,59,70
8,186,"100_sites_x_50","sparse",-4.5,100,50,5000,0.0324,0.8592,20,1.62,0,6,25,59,0,59,71
8,187,"100_sites_x_50","sparse",-4.5,100,50,5000,0.0328,0.8584,19,1.64,0,6,24,58,0,58,69
8,188,"100_sites_x_50","sparse",-4.5,100,50,5000,0.0326,0.8574,20,1.63,0,6,25,58,0,58,69
8,189,"100_sites_x_50","sparse",-4.5,100,50,5000,0.0318,0.8572,21,1.59,0,6,26,58,0,58,70
8,190,"100_sites_x_50","sparse",-4.5,100,50,5000,0.0318,0.8582,21,1.59,0,6,26,58,0,58,72
8,191,"100_sites_x_50","sparse",-4.5,100,50,5000,0.0314,0.858,22,1.57,0,6,26,58,0,58,71
8,192,"100_sites_x_50","sparse",-4.5,100,50,5000,0.0314,0.8574,22,1.57,0,6,26,57,0,57,72
8,193,"100_sites_x_50","sparse",-4.5,100,50,5000,0.031,0.8576,22,1.55,0,6,26,57,0,57,72
8,194,"100_sites_x_50","sparse",-4.5,100,50,5000,0.0312,0.8574,21,1.56,0,6,25,57,0,57,71
8,195,"100_sites_x_50","sparse",-4.5,100,50,5000,0.0318,0.857,21,1.59,0,6,25,56,0,56,71
8,196,"100_sites_x_50","sparse",-4.5,100,50,5000,0.0318,0.8564,21,1.59,0,6,25,57,0,57,71
8,197,"100_sites_x_50","sparse",-4.5,100,50,5000,0.0314,0.8556,22,1.57,0,6,26,57,0,57,72
8,198,"100_sites_x_50","sparse",-4.5,100,50,5000,0.0306,0.8544,23,1.53,0,6,27,58,0,58,72
8,199,"100_sites_x_50","sparse",-4.5,100,50,5000,0.0304,0.8538,23,1.52,0,6,27,59,0,59,72
8,200,"100_sites_x_50","sparse",-4.5,100,50,5000,0.0302,0.854,23,1.51,0,6,27,59,0,59,73
8,201,"100_sites_x_50","sparse",-4.5,100,50,5000,0.0306,0.8538,23,1.53,0,6,27,59,0,59,73
8,202,"100_sites_x_50","sparse",-4.5,100,50,5000,0.0306,0.8542,23,1.53,0,6,27,58,0,58,73
8,203,"100_sites_x_50","sparse",-4.5,100,50,5000,0.031,0.8534,23,1.55,0,6,27,58,0,58,73
8,204,"100_sites_x_50","sparse",-4.5,100,50,5000,0.0308,0.853,23,1.54,0,6,28,59,0,59,73
8,205,"100_sites_x_50","sparse",-4.5,100,50,5000,0.031,0.8528,22,1.55,0,6,27,59,0,59,73
8,206,"100_sites_x_50","sparse",-4.5,100,50,5000,0.031,0.8538,22,1.55,0,6,27,60,0,60,73
8,207,"100_sites_x_50","sparse",-4.5,100,50,5000,0.031,0.854,22,1.55,0,6,27,60,0,60,72
8,208,"100_sites_x_50","sparse",-4.5,100,50,5000,0.0312,0.8532,22,1.56,0,6,27,59,0,59,72
8,209,"100_sites_x_50","sparse",-4.5,100,50,5000,0.0314,0.8536,21,1.57,0,6,26,58,0,58,71
8,210,"100_sites_x_50","sparse",-4.5,100,50,5000,0.0316,0.8542,20,1.58,0,6,25,58,0,58,71
8,211,"100_sites_x_50","sparse",-4.5,100,50,5000,0.032,0.8546,20,1.6,0,6,25,57,0,57,71
8,212,"100_sites_x_50","sparse",-4.5,100,50,5000,0.0316,0.854,20,1.58,0,6,25,58,0,58,70
8,213,"100_sites_x_50","sparse",-4.5,100,50,5000,0.032,0.8528,20,1.6,0,6,25,58,0,58,69
8,214,"100_sites_x_50","sparse",-4.5,100,50,5000,0.0318,0.8536,20,1.59,0,6,25,59,0,59,70
8,215,"100_sites_x_50","sparse",-4.5,100,50,5000,0.032,0.8534,20,1.6,0,6,25,59,0,59,70
8,216,"100_sites_x_50","sparse",-4.5,100,50,5000,0.0324,0.854,19,1.62,0,6,24,58,0,58,69
8,217,"100_sites_x_50","sparse",-4.5,100,50,5000,0.0324,0.8552,19,1.62,0,6,24,57,0,57,69
8,218,"100_sites_x_50","sparse",-4.5,100,50,5000,0.0324,0.8546,19,1.62,0,6,24,57,0,57,68
8,219,"100_sites_x_50","sparse",-4.5,100,50,5000,0.0318,0.8546,19,1.59,0,6,24,58,0,58,70
8,220,"100_sites_x_50","sparse",-4.5,100,50,5000,0.0318,0.8542,19,1.59,0,6,24,58,0,58,69
8,221,"100_sites_x_50","sparse",-4.5,100,50,5000,0.0312,0.8526,20,1.56,0,6,25,59,0,59,71
8,222,"100_sites_x_50","sparse",-4.5,100,50,5000,0.0308,0.8518,21,1.54,0,6,26,59,0,59,72
8,223,"100_sites_x_50","sparse",-4.5,100,50,5000,0.0308,0.852,21,1.54,0,6,26,59,0,59,71
8,224,"100_sites_x_50","sparse",-4.5,100,50,5000,0.031,0.8522,20,1.55,0,6,26,59,0,59,71
8,225,"100_sites_x_50","sparse",-4.5,100,50,5000,0.0312,0.8528,20,1.56,0,6,25,59,0,59,71
8,226,"100_sites_x_50","sparse",-4.5,100,50,5000,0.032,0.8532,20,1.6,0,6,25,59,0,59,70
8,227,"100_sites_x_50","sparse",-4.5,100,50,5000,0.032,0.8538,20,1.6,0,6,25,59,0,59,71
8,228,"100_sites_x_50","sparse",-4.5,100,50,5000,0.032,0.8542,20,1.6,0,6,25,59,0,59,72
8,229,"100_sites_x_50","sparse",-4.5,100,50,5000,0.0328,0.8538,20,1.64,0,6,25,58,0,58,72
8,230,"100_sites_x_50","sparse",-4.5,100,50,5000,0.033,0.8532,20,1.65,0,6,25,58,0,58,73
8,231,"100_sites_x_50","sparse",-4.5,100,50,5000,0.0332,0.8522,20,1.66,0,6,24,57,0,57,72
8,232,"100_sites_x_50","sparse",-4.5,100,50,5000,0.0334,0.8524,20,1.67,0,6,24,58,0,58,71
8,233,"100_sites_x_50","sparse",-4.5,100,50,5000,0.034,0.8518,19,1.7,0,6,23,57,0,57,69
8,234,"100_sites_x_50","sparse",-4.5,100,50,5000,0.034,0.8508,19,1.7,0,6,23,56,0,56,68
8,235,"100_sites_x_50","sparse",-4.5,100,50,5000,0.0332,0.851,20,1.66,0,6,24,56,0,56,68
8,236,"100_sites_x_50","sparse",-4.5,100,50,5000,0.0332,0.8512,20,1.66,0,6,24,56,0,56,67
8,237,"100_sites_x_50","sparse",-4.5,100,50,5000,0.033,0.8506,20,1.65,0,6,24,56,0,56,67
8,238,"100_sites_x_50","sparse",-4.5,100,50,5000,0.0332,0.8518,20,1.66,0,6,24,56,0,56,67
8,239,"100_sites_x_50","sparse",-4.5,100,50,5000,0.0332,0.852,20,1.66,0,6,24,56,0,56,67
8,240,"100_sites_x_50","sparse",-4.5,100,50,5000,0.033,0.8516,20,1.65,0,6,24,57,0,57,68
8,241,"100_sites_x_50","sparse",-4.5,100,50,5000,0.0326,0.852,20,1.63,0,6,24,57,0,57,68
8,242,"100_sites_x_50","sparse",-4.5,100,50,5000,0.0332,0.8516,19,1.66,0,6,23,57,0,57,66
8,243,"100_sites_x_50","sparse",-4.5,100,50,5000,0.0332,0.8522,19,1.66,0,6,23,58,0,58,67
8,244,"100_sites_x_50","sparse",-4.5,100,50,5000,0.0332,0.8518,19,1.66,0,6,23,58,0,58,68
8,245,"100_sites_x_50","sparse",-4.5,100,50,5000,0.0334,0.8514,19,1.67,0,6,23,59,0,59,68
8,246,"100_sites_x_50","sparse",-4.5,100,50,5000,0.0334,0.8514,19,1.67,0,6,23,60,0,60,69
8,247,"100_sites_x_50","sparse",-4.5,100,50,5000,0.0332,0.8512,20,1.66,0,6,24,61,0,61,69
8,248,"100_sites_x_50","sparse",-4.5,100,50,5000,0.0334,0.8508,20,1.67,0,6,24,62,0,62,68
8,249,"100_sites_x_50","sparse",-4.5,100,50,5000,0.0332,0.8506,20,1.66,0,6,24,62,0,62,68
8,250,"100_sites_x_50","sparse",-4.5,100,50,5000,0.0334,0.8506,20,1.67,0,6,24,62,0,62,69
8,251,"100_sites_x_50","sparse",-4.5,100,50,5000,0.0332,0.851,21,1.66,0,6,25,63,0,63,70
8,252,"100_sites_x_50","sparse",-4.5,100,50,5000,0.0334,0.8508,21,1.67,0,6,25,62,0,62,69
8,253,"100_sites_x_50","sparse",-4.5,100,50,5000,0.0336,0.8504,21,1.68,0,6,25,63,0,63,67
8,254,"100_sites_x_50","sparse",-4.5,100,50,5000,0.0328,0.8506,21,1.64,0,5,25,63,0,63,68
8,255,"100_sites_x_50","sparse",-4.5,100,50,5000,0.0332,0.8486,20,1.66,0,5,24,63,0,63,66
8,256,"100_sites_x_50","sparse",-4.5,100,50,5000,0.0336,0.8476,20,1.68,0,5,24,62,0,62,65
8,257,"100_sites_x_50","sparse",-4.5,100,50,5000,0.0334,0.8478,20,1.67,0,5,24,61,0,61,65
8,258,"100_sites_x_50","sparse",-4.5,100,50,5000,0.0338,0.8484,19,1.69,0,5,23,60,0,60,65
8,259,"100_sites_x_50","sparse",-4.5,100,50,5000,0.0338,0.8484,19,1.69,0,5,23,60,0,60,65
8,260,"100_sites_x_50","sparse",-4.5,100,50,5000,0.0344,0.849,19,1.72,0,5,23,60,0,60,64
8,261,"100_sites_x_50","sparse",-4.5,100,50,5000,0.0348,0.8482,18,1.74,0,5,22,59,0,59,62
8,262,"100_sites_x_50","sparse",-4.5,100,50,5000,0.0342,0.848,19,1.71,0,5,23,59,0,59,62
8,263,"100_sites_x_50","sparse",-4.5,100,50,5000,0.0338,0.8472,19,1.69,0,5,23,58,0,58,63
8,264,"100_sites_x_50","sparse",-4.5,100,50,5000,0.0344,0.8476,19,1.72,0,5,22,58,0,58,61
8,265,"100_sites_x_50","sparse",-4.5,100,50,5000,0.0346,0.847,18,1.73,0,5,21,57,0,57,60
8,266,"100_sites_x_50","sparse",-4.5,100,50,5000,0.0348,0.8474,17,1.74,0,5,20,56,0,56,59
8,267,"100_sites_x_50","sparse",-4.5,100,50,5000,0.0354,0.8472,17,1.77,0,5,20,55,0,55,58
8,268,"100_sites_x_50","sparse",-4.5,100,50,5000,0.0354,0.8468,17,1.77,0,5,20,55,0,55,57
8,269,"100_sites_x_50","sparse",-4.5,100,50,5000,0.0356,0.846,17,1.78,0,5,20,55,0,55,56
8,270,"100_sites_x_50","sparse",-4.5,100,50,5000,0.035,0.8466,17,1.75,0,5,20,56,0,56,56
8,271,"100_sites_x_50","sparse",-4.5,100,50,5000,0.0352,0.8472,17,1.76,0,5,19,55,0,55,56
8,272,"100_sites_x_50","sparse",-4.5,100,50,5000,0.0352,0.8466,17,1.76,0,5,19,55,0,55,56
8,273,"100_sites_x_50","sparse",-4.5,100,50,5000,0.0352,0.8458,17,1.76,0,5,19,56,0,56,56
8,274,"100_sites_x_50","sparse",-4.5,100,50,5000,0.0346,0.846,17,1.73,0,5,19,55,0,55,57
8,275,"100_sites_x_50","sparse",-4.5,100,50,5000,0.0344,0.8466,18,1.72,0,5,20,56,0,56,58
8,276,"100_sites_x_50","sparse",-4.5,100,50,5000,0.0344,0.8462,18,1.72,0,5,20,56,0,56,58
8,277,"100_sites_x_50","sparse",-4.5,100,50,5000,0.0352,0.8462,17,1.76,0,5,19,55,0,55,58
8,278,"100_sites_x_50","sparse",-4.5,100,50,5000,0.0352,0.8466,17,1.76,0,5,19,55,0,55,58
8,279,"100_sites_x_50","sparse",-4.5,100,50,5000,0.0352,0.845,17,1.76,0,5,19,55,0,55,58
8,280,"100_sites_x_50","sparse",-4.5,100,50,5000,0.0352,0.844,17,1.76,0,5,19,55,0,55,58
8,281,"100_sites_x_50","sparse",-4.5,100,50,5000,0.0356,0.8438,16,1.78,0,5,18,54,0,54,56
8,282,"100_sites_x_50","sparse",-4.5,100,50,5000,0.0356,0.844,16,1.78,0,5,18,54,0,54,55
8,283,"100_sites_x_50","sparse",-4.5,100,50,5000,0.0356,0.8448,16,1.78,0,5,18,55,0,55,55
8,284,"100_sites_x_50","sparse",-4.5,100,50,5000,0.0358,0.8442,16,1.79,0,5,18,55,0,55,54
8,285,"100_sites_x_50","sparse",-4.5,100,50,5000,0.035,0.8442,17,1.75,0,5,19,56,0,56,56
8,286,"100_sites_x_50","sparse",-4.5,100,50,5000,0.0348,0.8448,17,1.74,0,5,19,56,0,56,56
8,287,"100_sites_x_50","sparse",-4.5,100,50,5000,0.0346,0.8454,17,1.73,0,5,20,57,0,57,57
8,288,"100_sites_x_50","sparse",-4.5,100,50,5000,0.0348,0.8468,16,1.74,0,5,19,57,0,57,57
8,289,"100_sites_x_50","sparse",-4.5,100,50,5000,0.0348,0.8464,16,1.74,0,5,19,57,0,57,58
8,290,"100_sites_x_50","sparse",-4.5,100,50,5000,0.0352,0.8472,15,1.76,0,5,18,56,0,56,56
8,291,"100_sites_x_50","sparse",-4.5,100,50,5000,0.0356,0.8478,14,1.78,0,5,17,56,0,56,56
8,292,"100_sites_x_50","sparse",-4.5,100,50,5000,0.0356,0.8482,14,1.78,0,5,17,56,0,56,56
8,293,"100_sites_x_50","sparse",-4.5,100,50,5000,0.0354,0.8486,14,1.77,0,5,18,57,0,57,56
8,294,"100_sites_x_50","sparse",-4.5,100,50,5000,0.0358,0.8488,14,1.79,0,5,18,56,0,56,55
8,295,"100_sites_x_50","sparse",-4.5,100,50,5000,0.0352,0.8492,14,1.76,0,5,18,56,0,56,55
8,296,"100_sites_x_50","sparse",-4.5,100,50,5000,0.0354,0.8486,14,1.77,0,5,18,56,0,56,55
8,297,"100_sites_x_50","sparse",-4.5,100,50,5000,0.036,0.848,13,1.8,0,5,17,55,0,55,54
8,298,"100_sites_x_50","sparse",-4.5,100,50,5000,0.036,0.8484,13,1.8,0,5,17,55,0,55,55
8,299,"100_sites_x_50","sparse",-4.5,100,50,5000,0.0362,0.849,13,1.81,0,5,17,55,0,55,55
8,300,"100_sites_x_50","sparse",-4.5,100,50,5000,0.036,0.8486,14,1.8,0,5,18,56,0,56,54
