"method","estimand","tau","beta_trt","scenario","conf_mult","t_star","site_sizes","init_intercepts","mean_est","truth","rmse","bias","emp_sd","coverage","n_reps"
"Federated CCW","RD",5,-1,"medium",1,25,"100/100/100/100/100/100/100/100/100/100","-4.5/-4.16666666666667/-3.83333333333333/-3.5/-3.16666666666667/-2.83333333333333/-2.5/-2.16666666666667/-1.83333333333333/-1.5",-0.121211706372472,-0.122261951926669,0.0774320626257318,0.00105024555419725,0.07755430489304,0.866666666666667,300
"Federated CCW","RD",10,-1,"medium",1,25,"100/100/100/100/100/100/100/100/100/100","-4.5/-4.16666666666667/-3.83333333333333/-3.5/-3.16666666666667/-2.83333333333333/-2.5/-2.16666666666667/-1.83333333333333/-1.5",-0.0906889345847461,-0.0967781265780999,0.0552614079181482,0.00608919199335382,0.0550166737811716,0.896666666666667,300
"Federated CCW","RD",15,-1,"medium",1,25,"100/100/100/100/100/100/100/100/100/100","-4.5/-4.16666666666667/-3.83333333333333/-3.5/-3.16666666666667/-2.83333333333333/-2.5/-2.16666666666667/-1.83333333333333/-1.5",-0.0691375579119934,-0.08239526142237,0.0480380925745446,0.0132577035103765,0.0462495590053798,0.866666666666667,300
"Federated CCW","RD",5,-0.7,"medium",1,25,"100/100/100/100/100/100/100/100/100/100","-4.5/-4.16666666666667/-3.83333333333333/-3.5/-3.16666666666667/-2.83333333333333/-2.5/-2.16666666666667/-1.83333333333333/-1.5",-0.0742768425155119,-0.0828864836809106,0.0712479772106289,0.00860964116539865,0.070844039471963,0.84,300
"Federated CCW","RD",10,-0.7,"medium",1,25,"100/100/100/100/100/100/100/100/100/100","-4.5/-4.16666666666667/-3.83333333333333/-3.5/-3.16666666666667/-2.83333333333333/-2.5/-2.16666666666667/-1.83333333333333/-1.5",-0.0541893869243285,-0.0666259040833148,0.0528647490766268,0.0124365171589863,0.0514669235199754,0.886666666666667,300
"Federated CCW","RD",15,-0.7,"medium",1,25,"100/100/100/100/100/100/100/100/100/100","-4.5/-4.16666666666667/-3.83333333333333/-3.5/-3.16666666666667/-2.83333333333333/-2.5/-2.16666666666667/-1.83333333333333/-1.5",-0.0482466860542951,-0.0576113263955292,0.0458333924970893,0.00936464034123411,0.0449414711802405,0.883333333333333,300
"Federated CCW","RD",5,-0.5,"medium",1,25,"100/100/100/100/100/100/100/100/100/100","-4.5/-4.16666666666667/-3.83333333333333/-3.5/-3.16666666666667/-2.83333333333333/-2.5/-2.16666666666667/-1.83333333333333/-1.5",-0.0493163901784191,-0.056299762774662,0.0756254006021181,0.00698337259624288,0.0754281007628801,0.836666666666667,300
"Federated CCW","RD",10,-0.5,"medium",1,25,"100/100/100/100/100/100/100/100/100/100","-4.5/-4.16666666666667/-3.83333333333333/-3.5/-3.16666666666667/-2.83333333333333/-2.5/-2.16666666666667/-1.83333333333333/-1.5",-0.0381541115216307,-0.0479979767601583,0.0681400396658796,0.00984386523852758,0.0675378996004576,0.823333333333333,300
"Federated CCW","RD",15,-0.5,"medium",1,25,"100/100/100/100/100/100/100/100/100/100","-4.5/-4.16666666666667/-3.83333333333333/-3.5/-3.16666666666667/-2.83333333333333/-2.5/-2.16666666666667/-1.83333333333333/-1.5",-0.0291316176704841,-0.040137751357882,0.0569343376689569,0.0110061336873979,0.0559537299325895,0.833333333333333,300
"Federated CCW","RD",5,-1,"small",0.5,25,"100/100/100/100/100/100/100/100/100/100","-4.5/-4.16666666666667/-3.83333333333333/-3.5/-3.16666666666667/-2.83333333333333/-2.5/-2.16666666666667/-1.83333333333333/-1.5",-0.112894927688711,-0.122263043641261,0.0491750568939932,0.00936811595254997,0.0483551309202525,0.89,300
"Federated CCW","RD",10,-1,"small",0.5,25,"100/100/100/100/100/100/100/100/100/100","-4.5/-4.16666666666667/-3.83333333333333/-3.5/-3.16666666666667/-2.83333333333333/-2.5/-2.16666666666667/-1.83333333333333/-1.5",-0.0896101983373118,-0.0937729690654333,0.0342097027432043,0.00416277072812149,0.034012221416167,0.936666666666667,300
"Federated CCW","RD",15,-1,"small",0.5,25,"100/100/100/100/100/100/100/100/100/100","-4.5/-4.16666666666667/-3.83333333333333/-3.5/-3.16666666666667/-2.83333333333333/-2.5/-2.16666666666667/-1.83333333333333/-1.5",-0.0673934072217399,-0.0800475615463727,0.0288985654152169,0.0126541543246328,0.0260241615555272,0.923333333333333,300
"Federated CCW","RD",5,-0.7,"small",0.5,25,"100/100/100/100/100/100/100/100/100/100","-4.5/-4.16666666666667/-3.83333333333333/-3.5/-3.16666666666667/-2.83333333333333/-2.5/-2.16666666666667/-1.83333333333333/-1.5",-0.0686420146641339,-0.0819239603898967,0.0447668880413822,0.0132819457257628,0.0428226198624881,0.89,300
"Federated CCW","RD",10,-0.7,"small",0.5,25,"100/100/100/100/100/100/100/100/100/100","-4.5/-4.16666666666667/-3.83333333333333/-3.5/-3.16666666666667/-2.83333333333333/-2.5/-2.16666666666667/-1.83333333333333/-1.5",-0.0594436755838794,-0.0639331067141816,0.0374310842492859,0.00448943113030218,0.0372229710633908,0.903333333333333,300
"Federated CCW","RD",15,-0.7,"small",0.5,25,"100/100/100/100/100/100/100/100/100/100","-4.5/-4.16666666666667/-3.83333333333333/-3.5/-3.16666666666667/-2.83333333333333/-2.5/-2.16666666666667/-1.83333333333333/-1.5",-0.047214801960424,-0.0552083200961216,0.0311033440948213,0.00799351813569765,0.0301088607114184,0.93,300
"Federated CCW","RD",5,-0.5,"small",0.5,25,"100/100/100/100/100/100/100/100/100/100","-4.5/-4.16666666666667/-3.83333333333333/-3.5/-3.16666666666667/-2.83333333333333/-2.5/-2.16666666666667/-1.83333333333333/-1.5",-0.0475518603414811,-0.0570731594276688,0.0481654199929655,0.00952129908618767,0.0472938499273067,0.906666666666667,300
"Federated CCW","RD",10,-0.5,"small",0.5,25,"100/100/100/100/100/100/100/100/100/100","-4.5/-4.16666666666667/-3.83333333333333/-3.5/-3.16666666666667/-2.83333333333333/-2.5/-2.16666666666667/-1.83333333333333/-1.5",-0.0403555691795718,-0.0453812617425844,0.0343092482933041,0.00502569256301256,0.0339958722565247,0.936666666666667,300
"Federated CCW","RD",15,-0.5,"small",0.5,25,"100/100/100/100/100/100/100/100/100/100","-4.5/-4.16666666666667/-3.83333333333333/-3.5/-3.16666666666667/-2.83333333333333/-2.5/-2.16666666666667/-1.83333333333333/-1.5",-0.029723494704251,-0.0393941909375625,0.031788776481756,0.00967069623331142,0.0303326696384395,0.913333333333333,300
"Federated CCW","RD",5,-1,"strong",1.5,25,"100/100/100/100/100/100/100/100/100/100","-4.5/-4.16666666666667/-3.83333333333333/-3.5/-3.16666666666667/-2.83333333333333/-2.5/-2.16666666666667/-1.83333333333333/-1.5",-0.11128955368279,-0.123562384201925,0.0943565835854818,0.012272830519135,0.0937113398386438,0.85,300
"Federated CCW","RD",10,-1,"strong",1.5,25,"100/100/100/100/100/100/100/100/100/100","-4.5/-4.16666666666667/-3.83333333333333/-3.5/-3.16666666666667/-2.83333333333333/-2.5/-2.16666666666667/-1.83333333333333/-1.5",-0.089436164419734,-0.0979527905280955,0.0757326079354863,0.00851662610836148,0.0753779439395169,0.863333333333333,300
"Federated CCW","RD",15,-1,"strong",1.5,25,"100/100/100/100/100/100/100/100/100/100","-4.5/-4.16666666666667/-3.83333333333333/-3.5/-3.16666666666667/-2.83333333333333/-2.5/-2.16666666666667/-1.83333333333333/-1.5",-0.0757710323975363,-0.0881130651555558,0.0694821750873778,0.0123420327580195,0.0684914872693502,0.816666666666667,300
"Federated CCW","RD",5,-0.7,"strong",1.5,25,"100/100/100/100/100/100/100/100/100/100","-4.5/-4.16666666666667/-3.83333333333333/-3.5/-3.16666666666667/-2.83333333333333/-2.5/-2.16666666666667/-1.83333333333333/-1.5",-0.0615838820200693,-0.0847694490680255,0.0977214620699099,0.0231855670479562,0.0950897145284876,0.756666666666667,300
"Federated CCW","RD",10,-0.7,"strong",1.5,25,"100/100/100/100/100/100/100/100/100/100","-4.5/-4.16666666666667/-3.83333333333333/-3.5/-3.16666666666667/-2.83333333333333/-2.5/-2.16666666666667/-1.83333333333333/-1.5",-0.0621114895630872,-0.067709444659072,0.0861968369326306,0.00559795509598485,0.0861585859663422,0.796666666666667,300
"Federated CCW","RD",15,-0.7,"strong",1.5,25,"100/100/100/100/100/100/100/100/100/100","-4.5/-4.16666666666667/-3.83333333333333/-3.5/-3.16666666666667/-2.83333333333333/-2.5/-2.16666666666667/-1.83333333333333/-1.5",-0.0425315964107781,-0.0576084658107525,0.0745332540696272,0.0150768693999744,0.0731143830903743,0.783333333333333,300
"Federated CCW","RD",5,-0.5,"strong",1.5,25,"100/100/100/100/100/100/100/100/100/100","-4.5/-4.16666666666667/-3.83333333333333/-3.5/-3.16666666666667/-2.83333333333333/-2.5/-2.16666666666667/-1.83333333333333/-1.5",-0.0372427036436337,-0.0600263039356883,0.0920016007760931,0.0227836002920546,0.0892847953762571,0.736666666666667,300
"Federated CCW","RD",10,-0.5,"strong",1.5,25,"100/100/100/100/100/100/100/100/100/100","-4.5/-4.16666666666667/-3.83333333333333/-3.5/-3.16666666666667/-2.83333333333333/-2.5/-2.16666666666667/-1.83333333333333/-1.5",-0.0341159709910331,-0.0481119942026683,0.079640618886759,0.0139960232116353,0.0785321409879581,0.793333333333333,300
"Federated CCW","RD",15,-0.5,"strong",1.5,25,"100/100/100/100/100/100/100/100/100/100","-4.5/-4.16666666666667/-3.83333333333333/-3.5/-3.16666666666667/-2.83333333333333/-2.5/-2.16666666666667/-1.83333333333333/-1.5",-0.0160431866113836,-0.0416815054083366,0.0706777018872422,0.025638318796953,0.0659736505119069,0.773333333333333,300
"Pooled CCW","RD",5,-1,"medium",1,25,"100/100/100/100/100/100/100/100/100/100","-4.5/-4.16666666666667/-3.83333333333333/-3.5/-3.16666666666667/-2.83333333333333/-2.5/-2.16666666666667/-1.83333333333333/-1.5",-0.127164258976903,-0.122261951926669,0.0659105722250392,-0.0049023070502339,0.0658378284026739,0.923333333333333,300
"Pooled CCW","RD",10,-1,"medium",1,25,"100/100/100/100/100/100/100/100/100/100","-4.5/-4.16666666666667/-3.83333333333333/-3.5/-3.16666666666667/-2.83333333333333/-2.5/-2.16666666666667/-1.83333333333333/-1.5",-0.0936051217374794,-0.0967781265780999,0.048107581567746,0.00317300484062057,0.048083032745854,0.906666666666667,300
"Pooled CCW","RD",15,-1,"medium",1,25,"100/100/100/100/100/100/100/100/100/100","-4.5/-4.16666666666667/-3.83333333333333/-3.5/-3.16666666666667/-2.83333333333333/-2.5/-2.16666666666667/-1.83333333333333/-1.5",-0.0806558249523616,-0.08239526142237,0.0388877940202365,0.00173943647000835,0.0389137828132475,0.9,300
"Pooled CCW","RD",5,-0.7,"medium",1,25,"100/100/100/100/100/100/100/100/100/100","-4.5/-4.16666666666667/-3.83333333333333/-3.5/-3.16666666666667/-2.83333333333333/-2.5/-2.16666666666667/-1.83333333333333/-1.5",-0.0785580571884662,-0.0828864836809106,0.0581046064421355,0.00432842649244433,0.058039975964227,0.913333333333333,300
"Pooled CCW","RD",10,-0.7,"medium",1,25,"100/100/100/100/100/100/100/100/100/100","-4.5/-4.16666666666667/-3.83333333333333/-3.5/-3.16666666666667/-2.83333333333333/-2.5/-2.16666666666667/-1.83333333333333/-1.5",-0.061809934809664,-0.0666259040833148,0.047161673861206,0.00481596927365078,0.0469935232285341,0.913333333333333,300
"Pooled CCW","RD",15,-0.7,"medium",1,25,"100/100/100/100/100/100/100/100/100/100","-4.5/-4.16666666666667/-3.83333333333333/-3.5/-3.16666666666667/-2.83333333333333/-2.5/-2.16666666666667/-1.83333333333333/-1.5",-0.0567467245881476,-0.0576113263955292,0.0410307707212003,0.000864601807381659,0.0410902010838034,0.91,300
"Pooled CCW","RD",5,-0.5,"medium",1,25,"100/100/100/100/100/100/100/100/100/100","-4.5/-4.16666666666667/-3.83333333333333/-3.5/-3.16666666666667/-2.83333333333333/-2.5/-2.16666666666667/-1.83333333333333/-1.5",-0.0633285313473831,-0.056299762774662,0.0633709457687829,-0.00702876857272113,0.0630851723986684,0.903333333333333,300
"Pooled CCW","RD",10,-0.5,"medium",1,25,"100/100/100/100/100/100/100/100/100/100","-4.5/-4.16666666666667/-3.83333333333333/-3.5/-3.16666666666667/-2.83333333333333/-2.5/-2.16666666666667/-1.83333333333333/-1.5",-0.0451540423498486,-0.0479979767601583,0.0488708003609148,0.00284393441030965,0.0488694989204449,0.896666666666667,300
"Pooled CCW","RD",15,-0.5,"medium",1,25,"100/100/100/100/100/100/100/100/100/100","-4.5/-4.16666666666667/-3.83333333333333/-3.5/-3.16666666666667/-2.83333333333333/-2.5/-2.16666666666667/-1.83333333333333/-1.5",-0.0359812272210262,-0.040137751357882,0.0428739034990401,0.00415652413685581,0.0427432434177728,0.926666666666667,300
"Pooled CCW","RD",5,-1,"small",0.5,25,"100/100/100/100/100/100/100/100/100/100","-4.5/-4.16666666666667/-3.83333333333333/-3.5/-3.16666666666667/-2.83333333333333/-2.5/-2.16666666666667/-1.83333333333333/-1.5",-0.122038193837932,-0.122263043641261,0.0459085939320212,0.000224849803329589,0.0459847485191455,0.93,300
"Pooled CCW","RD",10,-1,"small",0.5,25,"100/100/100/100/100/100/100/100/100/100","-4.5/-4.16666666666667/-3.83333333333333/-3.5/-3.16666666666667/-2.83333333333333/-2.5/-2.16666666666667/-1.83333333333333/-1.5",-0.0981079634054031,-0.0937729690654333,0.0321393428822907,-0.0043349943399698,0.0318988553853299,0.93,300
"Pooled CCW","RD",15,-1,"small",0.5,25,"100/100/100/100/100/100/100/100/100/100","-4.5/-4.16666666666667/-3.83333333333333/-3.5/-3.16666666666667/-2.83333333333333/-2.5/-2.16666666666667/-1.83333333333333/-1.5",-0.0777005862127458,-0.0800475615463727,0.0256052594654046,0.00234697533362695,0.025540073156974,0.943333333333333,300
"Pooled CCW","RD",5,-0.7,"small",0.5,25,"100/100/100/100/100/100/100/100/100/100","-4.5/-4.16666666666667/-3.83333333333333/-3.5/-3.16666666666667/-2.83333333333333/-2.5/-2.16666666666667/-1.83333333333333/-1.5",-0.075615881112476,-0.0819239603898967,0.0416951286244561,0.00630807927742073,0.0412840541929739,0.92,300
"Pooled CCW","RD",10,-0.7,"small",0.5,25,"100/100/100/100/100/100/100/100/100/100","-4.5/-4.16666666666667/-3.83333333333333/-3.5/-3.16666666666667/-2.83333333333333/-2.5/-2.16666666666667/-1.83333333333333/-1.5",-0.0631510953705243,-0.0639331067141816,0.0299344403829692,0.00078201134365729,0.0299742226930648,0.943333333333333,300
"Pooled CCW","RD",15,-0.7,"small",0.5,25,"100/100/100/100/100/100/100/100/100/100","-4.5/-4.16666666666667/-3.83333333333333/-3.5/-3.16666666666667/-2.83333333333333/-2.5/-2.16666666666667/-1.83333333333333/-1.5",-0.0542339554003836,-0.0552083200961216,0.0232948503784142,0.000974364695738038,0.0233133518720662,0.953333333333333,300
"Pooled CCW","RD",5,-0.5,"small",0.5,25,"100/100/100/100/100/100/100/100/100/100","-4.5/-4.16666666666667/-3.83333333333333/-3.5/-3.16666666666667/-2.83333333333333/-2.5/-2.16666666666667/-1.83333333333333/-1.5",-0.0557290729143627,-0.0570731594276688,0.0424779247039267,0.00134408651330609,0.0425275930720934,0.923333333333333,300
"Pooled CCW","RD",10,-0.5,"small",0.5,25,"100/100/100/100/100/100/100/100/100/100","-4.5/-4.16666666666667/-3.83333333333333/-3.5/-3.16666666666667/-2.83333333333333/-2.5/-2.16666666666667/-1.83333333333333/-1.5",-0.0438627757994102,-0.0453812617425844,0.0295471650131072,0.0015184859431742,0.0295574237445273,0.94,300
"Pooled CCW","RD",15,-0.5,"small",0.5,25,"100/100/100/100/100/100/100/100/100/100","-4.5/-4.16666666666667/-3.83333333333333/-3.5/-3.16666666666667/-2.83333333333333/-2.5/-2.16666666666667/-1.83333333333333/-1.5",-0.0365404760203157,-0.0393941909375625,0.0253927091741705,0.00285371491724676,0.0252740032677654,0.943333333333333,300
"Pooled CCW","RD",5,-1,"strong",1.5,25,"100/100/100/100/100/100/100/100/100/100","-4.5/-4.16666666666667/-3.83333333333333/-3.5/-3.16666666666667/-2.83333333333333/-2.5/-2.16666666666667/-1.83333333333333/-1.5",-0.117736391123283,-0.123562384201925,0.0772659031076055,0.00582599307864239,0.077174676481223,0.883333333333333,300
"Pooled CCW","RD",10,-1,"strong",1.5,25,"100/100/100/100/100/100/100/100/100/100","-4.5/-4.16666666666667/-3.83333333333333/-3.5/-3.16666666666667/-2.83333333333333/-2.5/-2.16666666666667/-1.83333333333333/-1.5",-0.0981566507696034,-0.0979527905280955,0.0689527152807583,-0.000203860241507945,0.0690676227134117,0.88,300
"Pooled CCW","RD",15,-1,"strong",1.5,25,"100/100/100/100/100/100/100/100/100/100","-4.5/-4.16666666666667/-3.83333333333333/-3.5/-3.16666666666667/-2.83333333333333/-2.5/-2.16666666666667/-1.83333333333333/-1.5",-0.0824766560001195,-0.0881130651555558,0.0602779676421834,0.00563640915543638,0.060114141221685,0.87,300
"Pooled CCW","RD",5,-0.7,"strong",1.5,25,"100/100/100/100/100/100/100/100/100/100","-4.5/-4.16666666666667/-3.83333333333333/-3.5/-3.16666666666667/-2.83333333333333/-2.5/-2.16666666666667/-1.83333333333333/-1.5",-0.068150757999407,-0.0847694490680255,0.0973289997590607,0.0166186910686185,0.096059937921644,0.756666666666667,300
"Pooled CCW","RD",10,-0.7,"strong",1.5,25,"100/100/100/100/100/100/100/100/100/100","-4.5/-4.16666666666667/-3.83333333333333/-3.5/-3.16666666666667/-2.83333333333333/-2.5/-2.16666666666667/-1.83333333333333/-1.5",-0.0662247256141522,-0.067709444659072,0.0767556524942963,0.00148471904491982,0.0768695141557298,0.846666666666667,300
"Pooled CCW","RD",15,-0.7,"strong",1.5,25,"100/100/100/100/100/100/100/100/100/100","-4.5/-4.16666666666667/-3.83333333333333/-3.5/-3.16666666666667/-2.83333333333333/-2.5/-2.16666666666667/-1.83333333333333/-1.5",-0.0552634288530195,-0.0576084658107525,0.0565972272589451,0.00234503695773303,0.0566431085028924,0.873333333333333,300
"Pooled CCW","RD",5,-0.5,"strong",1.5,25,"100/100/100/100/100/100/100/100/100/100","-4.5/-4.16666666666667/-3.83333333333333/-3.5/-3.16666666666667/-2.83333333333333/-2.5/-2.16666666666667/-1.83333333333333/-1.5",-0.0420200525056757,-0.0600263039356883,0.0901395061944815,0.0180062514300126,0.0884703084166014,0.76,300
"Pooled CCW","RD",10,-0.5,"strong",1.5,25,"100/100/100/100/100/100/100/100/100/100","-4.5/-4.16666666666667/-3.83333333333333/-3.5/-3.16666666666667/-2.83333333333333/-2.5/-2.16666666666667/-1.83333333333333/-1.5",-0.0372551806727563,-0.0481119942026683,0.0646972862788623,0.010856813529912,0.0638864098461942,0.863333333333333,300
"Pooled CCW","RD",15,-0.5,"strong",1.5,25,"100/100/100/100/100/100/100/100/100/100","-4.5/-4.16666666666667/-3.83333333333333/-3.5/-3.16666666666667/-2.83333333333333/-2.5/-2.16666666666667/-1.83333333333333/-1.5",-0.02584114021645,-0.0416815054083366,0.0623636116428604,0.0158403651918866,0.0604191287988489,0.82,300
"Federated landmark IPW","RD",5,-1,"medium",1,25,"100/100/100/100/100/100/100/100/100/100","-4.5/-4.16666666666667/-3.83333333333333/-3.5/-3.16666666666667/-2.83333333333333/-2.5/-2.16666666666667/-1.83333333333333/-1.5",-0.187123741725687,-0.122261951926669,0.108264677831712,-0.0648617897990179,0.0868292563363612,NA,300
"Federated landmark IPW","RD",10,-1,"medium",1,25,"100/100/100/100/100/100/100/100/100/100","-4.5/-4.16666666666667/-3.83333333333333/-3.5/-3.16666666666667/-2.83333333333333/-2.5/-2.16666666666667/-1.83333333333333/-1.5",-0.179724759243353,-0.0967781265780999,0.124264812630865,-0.0829466326652528,0.0926835147190804,NA,300
"Federated landmark IPW","RD",15,-1,"medium",1,25,"100/100/100/100/100/100/100/100/100/100","-4.5/-4.16666666666667/-3.83333333333333/-3.5/-3.16666666666667/-2.83333333333333/-2.5/-2.16666666666667/-1.83333333333333/-1.5",-0.123463813893282,-0.08239526142237,0.121702502301849,-0.0410685524709124,0.11475525679032,NA,300
"Federated landmark IPW","RD",5,-0.7,"medium",1,25,"100/100/100/100/100/100/100/100/100/100","-4.5/-4.16666666666667/-3.83333333333333/-3.5/-3.16666666666667/-2.83333333333333/-2.5/-2.16666666666667/-1.83333333333333/-1.5",-0.128693922514972,-0.0828864836809106,0.110920282242614,-0.0458074388340616,0.101188526787491,NA,300
"Federated landmark IPW","RD",10,-0.7,"medium",1,25,"100/100/100/100/100/100/100/100/100/100","-4.5/-4.16666666666667/-3.83333333333333/-3.5/-3.16666666666667/-2.83333333333333/-2.5/-2.16666666666667/-1.83333333333333/-1.5",-0.106071891434889,-0.0666259040833148,0.0931906236441468,-0.0394459873515738,0.0845715529928942,NA,300
"Federated landmark IPW","RD",15,-0.7,"medium",1,25,"100/100/100/100/100/100/100/100/100/100","-4.5/-4.16666666666667/-3.83333333333333/-3.5/-3.16666666666667/-2.83333333333333/-2.5/-2.16666666666667/-1.83333333333333/-1.5",-0.0784462557910392,-0.0576113263955292,0.128047384414224,-0.0208349293955099,0.126552056941516,NA,300
"Federated landmark IPW","RD",5,-0.5,"medium",1,25,"100/100/100/100/100/100/100/100/100/100","-4.5/-4.16666666666667/-3.83333333333333/-3.5/-3.16666666666667/-2.83333333333333/-2.5/-2.16666666666667/-1.83333333333333/-1.5",-0.0887330371046164,-0.056299762774662,0.109299369543135,-0.0324332743299545,0.104550806481272,NA,300
"Federated landmark IPW","RD",10,-0.5,"medium",1,25,"100/100/100/100/100/100/100/100/100/100","-4.5/-4.16666666666667/-3.83333333333333/-3.5/-3.16666666666667/-2.83333333333333/-2.5/-2.16666666666667/-1.83333333333333/-1.5",-0.0504212671321083,-0.0479979767601583,0.0975875493701723,-0.00242329037195004,0.0977204605865109,NA,300
"Federated landmark IPW","RD",15,-0.5,"medium",1,25,"100/100/100/100/100/100/100/100/100/100","-4.5/-4.16666666666667/-3.83333333333333/-3.5/-3.16666666666667/-2.83333333333333/-2.5/-2.16666666666667/-1.83333333333333/-1.5",-0.0278985106603988,-0.040137751357882,0.104713327865599,0.0122392406974832,0.104169347039872,NA,300
"Federated landmark IPW","RD",5,-1,"small",0.5,25,"100/100/100/100/100/100/100/100/100/100","-4.5/-4.16666666666667/-3.83333333333333/-3.5/-3.16666666666667/-2.83333333333333/-2.5/-2.16666666666667/-1.83333333333333/-1.5",-0.211198068885432,-0.122263043641261,0.11585899217187,-0.0889350252441708,0.0743794889726526,NA,300
"Federated landmark IPW","RD",10,-1,"small",0.5,25,"100/100/100/100/100/100/100/100/100/100","-4.5/-4.16666666666667/-3.83333333333333/-3.5/-3.16666666666667/-2.83333333333333/-2.5/-2.16666666666667/-1.83333333333333/-1.5",-0.202898043577172,-0.0937729690654333,0.132592353218361,-0.109125074511738,0.0754415114528537,NA,300
"Federated landmark IPW","RD",15,-1,"small",0.5,25,"100/100/100/100/100/100/100/100/100/100","-4.5/-4.16666666666667/-3.83333333333333/-3.5/-3.16666666666667/-2.83333333333333/-2.5/-2.16666666666667/-1.83333333333333/-1.5",-0.144498208531162,-0.0800475615463727,0.105370082359223,-0.0644506469847897,0.0834997548289001,NA,300
"Federated landmark IPW","RD",5,-0.7,"small",0.5,25,"100/100/100/100/100/100/100/100/100/100","-4.5/-4.16666666666667/-3.83333333333333/-3.5/-3.16666666666667/-2.83333333333333/-2.5/-2.16666666666667/-1.83333333333333/-1.5",-0.132279263953781,-0.0819239603898967,0.0978706430842568,-0.0503553035638848,0.0840628418823249,NA,300
"Federated landmark IPW","RD",10,-0.7,"small",0.5,25,"100/100/100/100/100/100/100/100/100/100","-4.5/-4.16666666666667/-3.83333333333333/-3.5/-3.16666666666667/-2.83333333333333/-2.5/-2.16666666666667/-1.83333333333333/-1.5",-0.139260399186644,-0.0639331067141816,0.105904188644157,-0.0753272924724619,0.0745656061008648,NA,300
"Federated landmark IPW","RD",15,-0.7,"small",0.5,25,"100/100/100/100/100/100/100/100/100/100","-4.5/-4.16666666666667/-3.83333333333333/-3.5/-3.16666666666667/-2.83333333333333/-2.5/-2.16666666666667/-1.83333333333333/-1.5",-0.0988519411456367,-0.0552083200961216,0.116718559860897,-0.043643621049515,0.108432692118606,NA,300
"Federated landmark IPW","RD",5,-0.5,"small",0.5,25,"100/100/100/100/100/100/100/100/100/100","-4.5/-4.16666666666667/-3.83333333333333/-3.5/-3.16666666666667/-2.83333333333333/-2.5/-2.16666666666667/-1.83333333333333/-1.5",-0.102644885952757,-0.0570731594276688,0.0884051198327913,-0.0455717265250879,0.0758806686432847,NA,300
"Federated landmark IPW","RD",10,-0.5,"small",0.5,25,"100/100/100/100/100/100/100/100/100/100","-4.5/-4.16666666666667/-3.83333333333333/-3.5/-3.16666666666667/-2.83333333333333/-2.5/-2.16666666666667/-1.83333333333333/-1.5",-0.0999390483593191,-0.0453812617425844,0.0984890226918297,-0.0545577866167347,0.0821341722495066,NA,300
"Federated landmark IPW","RD",15,-0.5,"small",0.5,25,"100/100/100/100/100/100/100/100/100/100","-4.5/-4.16666666666667/-3.83333333333333/-3.5/-3.16666666666667/-2.83333333333333/-2.5/-2.16666666666667/-1.83333333333333/-1.5",-0.0677304057929346,-0.0393941909375625,0.12938189913494,-0.0283362148553721,0.126451709627271,NA,300
"Federated landmark IPW","RD",5,-1,"strong",1.5,25,"100/100/100/100/100/100/100/100/100/100","-4.5/-4.16666666666667/-3.83333333333333/-3.5/-3.16666666666667/-2.83333333333333/-2.5/-2.16666666666667/-1.83333333333333/-1.5",-0.177859001557004,-0.123562384201925,0.128612479786818,-0.0542966173550795,0.116784027149986,NA,300
"Federated landmark IPW","RD",10,-1,"strong",1.5,25,"100/100/100/100/100/100/100/100/100/100","-4.5/-4.16666666666667/-3.83333333333333/-3.5/-3.16666666666667/-2.83333333333333/-2.5/-2.16666666666667/-1.83333333333333/-1.5",-0.140015763769938,-0.0979527905280955,0.0991572068936825,-0.0420629732418426,0.0899434491286039,NA,300
"Federated landmark IPW","RD",15,-1,"strong",1.5,25,"100/100/100/100/100/100/100/100/100/100","-4.5/-4.16666666666667/-3.83333333333333/-3.5/-3.16666666666667/-2.83333333333333/-2.5/-2.16666666666667/-1.83333333333333/-1.5",-0.0825673243919324,-0.0881130651555558,0.123282142425658,0.00554574076362341,0.123363120903723,NA,300
"Federated landmark IPW","RD",5,-0.7,"strong",1.5,25,"100/100/100/100/100/100/100/100/100/100","-4.5/-4.16666666666667/-3.83333333333333/-3.5/-3.16666666666667/-2.83333333333333/-2.5/-2.16666666666667/-1.83333333333333/-1.5",-0.11455705506377,-0.0847694490680255,0.127468397002691,-0.0297876059957446,0.124146143637562,NA,300
"Federated landmark IPW","RD",10,-0.7,"strong",1.5,25,"100/100/100/100/100/100/100/100/100/100","-4.5/-4.16666666666667/-3.83333333333333/-3.5/-3.16666666666667/-2.83333333333333/-2.5/-2.16666666666667/-1.83333333333333/-1.5",-0.0744083273005252,-0.067709444659072,0.111095911931227,-0.00669888264145318,0.111079049043048,NA,300
"Federated landmark IPW","RD",15,-0.7,"strong",1.5,25,"100/100/100/100/100/100/100/100/100/100","-4.5/-4.16666666666667/-3.83333333333333/-3.5/-3.16666666666667/-2.83333333333333/-2.5/-2.16666666666667/-1.83333333333333/-1.5",-0.0308072469815029,-0.0576084658107525,0.107931048266563,0.0268012188292496,0.104725181920492,NA,300
"Federated landmark IPW","RD",5,-0.5,"strong",1.5,25,"100/100/100/100/100/100/100/100/100/100","-4.5/-4.16666666666667/-3.83333333333333/-3.5/-3.16666666666667/-2.83333333333333/-2.5/-2.16666666666667/-1.83333333333333/-1.5",-0.0550891871408618,-0.0600263039356883,0.117864459452431,0.00493711679482646,0.117957771253523,NA,300
"Federated landmark IPW","RD",10,-0.5,"strong",1.5,25,"100/100/100/100/100/100/100/100/100/100","-4.5/-4.16666666666667/-3.83333333333333/-3.5/-3.16666666666667/-2.83333333333333/-2.5/-2.16666666666667/-1.83333333333333/-1.5",-0.0325814976028229,-0.0481119942026683,0.121369223696214,0.0155304965998454,0.120572597662186,NA,300
"Federated landmark IPW","RD",15,-0.5,"strong",1.5,25,"100/100/100/100/100/100/100/100/100/100","-4.5/-4.16666666666667/-3.83333333333333/-3.5/-3.16666666666667/-2.83333333333333/-2.5/-2.16666666666667/-1.83333333333333/-1.5",0.00332761971220368,-0.0416815054083366,0.119818769147668,0.0450091251205403,0.111229294473665,NA,300
"Local CCW + curve meta-analysis","RD",5,-1,"medium",1,25,"100/100/100/100/100/100/100/100/100/100","-4.5/-4.16666666666667/-3.83333333333333/-3.5/-3.16666666666667/-2.83333333333333/-2.5/-2.16666666666667/-1.83333333333333/-1.5",-0.0951207220647044,-0.122261951926669,0.0580166156809085,0.0271412298619646,0.0513621934861815,NA,300
"Local CCW + curve meta-analysis","RD",10,-1,"medium",1,25,"100/100/100/100/100/100/100/100/100/100","-4.5/-4.16666666666667/-3.83333333333333/-3.5/-3.16666666666667/-2.83333333333333/-2.5/-2.16666666666667/-1.83333333333333/-1.5",-0.0718473502023517,-0.0967781265780999,0.0483725825678317,0.0249307763757482,0.0415224056080054,NA,300
"Local CCW + curve meta-analysis","RD",15,-1,"medium",1,25,"100/100/100/100/100/100/100/100/100/100","-4.5/-4.16666666666667/-3.83333333333333/-3.5/-3.16666666666667/-2.83333333333333/-2.5/-2.16666666666667/-1.83333333333333/-1.5",-0.0563348653809234,-0.08239526142237,0.0446577428499937,0.0260603960414466,0.0363258629033276,NA,300
"Local CCW + curve meta-analysis","RD",5,-0.7,"medium",1,25,"100/100/100/100/100/100/100/100/100/100","-4.5/-4.16666666666667/-3.83333333333333/-3.5/-3.16666666666667/-2.83333333333333/-2.5/-2.16666666666667/-1.83333333333333/-1.5",-0.0529273190779662,-0.0828864836809106,0.0580660349104114,0.0299591646029443,0.0498235636168512,NA,300
"Local CCW + curve meta-analysis","RD",10,-0.7,"medium",1,25,"100/100/100/100/100/100/100/100/100/100","-4.5/-4.16666666666667/-3.83333333333333/-3.5/-3.16666666666667/-2.83333333333333/-2.5/-2.16666666666667/-1.83333333333333/-1.5",-0.0373990630958637,-0.0666259040833148,0.0493863744865031,0.0292268409874511,0.039876134523008,NA,300
"Local CCW + curve meta-analysis","RD",15,-0.7,"medium",1,25,"100/100/100/100/100/100/100/100/100/100","-4.5/-4.16666666666667/-3.83333333333333/-3.5/-3.16666666666667/-2.83333333333333/-2.5/-2.16666666666667/-1.83333333333333/-1.5",-0.0350829603037161,-0.0576113263955292,0.0424908208390543,0.0225283660918132,0.036087165611652,NA,300
"Local CCW + curve meta-analysis","RD",5,-0.5,"medium",1,25,"100/100/100/100/100/100/100/100/100/100","-4.5/-4.16666666666667/-3.83333333333333/-3.5/-3.16666666666667/-2.83333333333333/-2.5/-2.16666666666667/-1.83333333333333/-1.5",-0.0302597500296271,-0.056299762774662,0.0577981085829028,0.0260400127450349,0.0516860126631584,NA,300
"Local CCW + curve meta-analysis","RD",10,-0.5,"medium",1,25,"100/100/100/100/100/100/100/100/100/100","-4.5/-4.16666666666667/-3.83333333333333/-3.5/-3.16666666666667/-2.83333333333333/-2.5/-2.16666666666667/-1.83333333333333/-1.5",-0.0176655592686221,-0.0479979767601583,0.0510736788790549,0.0303324174915362,0.0411595938258181,NA,300
"Local CCW + curve meta-analysis","RD",15,-0.5,"medium",1,25,"100/100/100/100/100/100/100/100/100/100","-4.5/-4.16666666666667/-3.83333333333333/-3.5/-3.16666666666667/-2.83333333333333/-2.5/-2.16666666666667/-1.83333333333333/-1.5",-0.0113463696383875,-0.040137751357882,0.0474026419165016,0.0287913817194945,0.0377201471056516,NA,300
"Local CCW + curve meta-analysis","RD",5,-1,"small",0.5,25,"100/100/100/100/100/100/100/100/100/100","-4.5/-4.16666666666667/-3.83333333333333/-3.5/-3.16666666666667/-2.83333333333333/-2.5/-2.16666666666667/-1.83333333333333/-1.5",-0.104514110643288,-0.122263043641261,0.0508428418279806,0.0177489329979738,0.0477238076361908,NA,300
"Local CCW + curve meta-analysis","RD",10,-1,"small",0.5,25,"100/100/100/100/100/100/100/100/100/100","-4.5/-4.16666666666667/-3.83333333333333/-3.5/-3.16666666666667/-2.83333333333333/-2.5/-2.16666666666667/-1.83333333333333/-1.5",-0.0850088088465101,-0.0937729690654333,0.0343463537756093,0.00876416021892324,0.0332648465107079,NA,300
"Local CCW + curve meta-analysis","RD",15,-1,"small",0.5,25,"100/100/100/100/100/100/100/100/100/100","-4.5/-4.16666666666667/-3.83333333333333/-3.5/-3.16666666666667/-2.83333333333333/-2.5/-2.16666666666667/-1.83333333333333/-1.5",-0.0623230489691747,-0.0800475615463727,0.0314930967598787,0.017724512577198,0.026075337162184,NA,300
"Local CCW + curve meta-analysis","RD",5,-0.7,"small",0.5,25,"100/100/100/100/100/100/100/100/100/100","-4.5/-4.16666666666667/-3.83333333333333/-3.5/-3.16666666666667/-2.83333333333333/-2.5/-2.16666666666667/-1.83333333333333/-1.5",-0.0589079452758529,-0.0819239603898967,0.0478625719598557,0.0230160151140438,0.0420354466150043,NA,300
"Local CCW + curve meta-analysis","RD",10,-0.7,"small",0.5,25,"100/100/100/100/100/100/100/100/100/100","-4.5/-4.16666666666667/-3.83333333333333/-3.5/-3.16666666666667/-2.83333333333333/-2.5/-2.16666666666667/-1.83333333333333/-1.5",-0.0519636744209591,-0.0639331067141816,0.0358060979398935,0.0119694322932225,0.033802634026799,NA,300
"Local CCW + curve meta-analysis","RD",15,-0.7,"small",0.5,25,"100/100/100/100/100/100/100/100/100/100","-4.5/-4.16666666666667/-3.83333333333333/-3.5/-3.16666666666667/-2.83333333333333/-2.5/-2.16666666666667/-1.83333333333333/-1.5",-0.0412303250814422,-0.0552083200961216,0.029706922199223,0.0139779950146795,0.0262567121264752,NA,300
"Local CCW + curve meta-analysis","RD",5,-0.5,"small",0.5,25,"100/100/100/100/100/100/100/100/100/100","-4.5/-4.16666666666667/-3.83333333333333/-3.5/-3.16666666666667/-2.83333333333333/-2.5/-2.16666666666667/-1.83333333333333/-1.5",-0.039426715415819,-0.0570731594276688,0.0478305558530221,0.0176464440118498,0.044530607492201,NA,300
"Local CCW + curve meta-analysis","RD",10,-0.5,"small",0.5,25,"100/100/100/100/100/100/100/100/100/100","-4.5/-4.16666666666667/-3.83333333333333/-3.5/-3.16666666666667/-2.83333333333333/-2.5/-2.16666666666667/-1.83333333333333/-1.5",-0.0336073028638332,-0.0453812617425844,0.033820786522296,0.0117739588787512,0.0317581710967887,NA,300
"Local CCW + curve meta-analysis","RD",15,-0.5,"small",0.5,25,"100/100/100/100/100/100/100/100/100/100","-4.5/-4.16666666666667/-3.83333333333333/-3.5/-3.16666666666667/-2.83333333333333/-2.5/-2.16666666666667/-1.83333333333333/-1.5",-0.0236189527368586,-0.0393941909375625,0.0317503850133901,0.0157752382007039,0.0276001455610811,NA,300
"Local CCW + curve meta-analysis","RD",5,-1,"strong",1.5,25,"100/100/100/100/100/100/100/100/100/100","-4.5/-4.16666666666667/-3.83333333333333/-3.5/-3.16666666666667/-2.83333333333333/-2.5/-2.16666666666667/-1.83333333333333/-1.5",-0.0721298256626222,-0.123562384201925,0.0750599441370643,0.0514325585393027,0.0547602295932987,NA,300
"Local CCW + curve meta-analysis","RD",10,-1,"strong",1.5,25,"100/100/100/100/100/100/100/100/100/100","-4.5/-4.16666666666667/-3.83333333333333/-3.5/-3.16666666666667/-2.83333333333333/-2.5/-2.16666666666667/-1.83333333333333/-1.5",-0.0567772063992609,-0.0979527905280955,0.0597100494121776,0.0411755841288346,0.0433141430607168,NA,300
"Local CCW + curve meta-analysis","RD",15,-1,"strong",1.5,25,"100/100/100/100/100/100/100/100/100/100","-4.5/-4.16666666666667/-3.83333333333333/-3.5/-3.16666666666667/-2.83333333333333/-2.5/-2.16666666666667/-1.83333333333333/-1.5",-0.0490984278975537,-0.0881130651555558,0.059226865425297,0.0390146372580021,0.0446354202047612,NA,300
"Local CCW + curve meta-analysis","RD",5,-0.7,"strong",1.5,25,"100/100/100/100/100/100/100/100/100/100","-4.5/-4.16666666666667/-3.83333333333333/-3.5/-3.16666666666667/-2.83333333333333/-2.5/-2.16666666666667/-1.83333333333333/-1.5",-0.0242627998136285,-0.0847694490680255,0.0802833950850699,0.0605066492543971,0.0528552853840962,NA,300
"Local CCW + curve meta-analysis","RD",10,-0.7,"strong",1.5,25,"100/100/100/100/100/100/100/100/100/100","-4.5/-4.16666666666667/-3.83333333333333/-3.5/-3.16666666666667/-2.83333333333333/-2.5/-2.16666666666667/-1.83333333333333/-1.5",-0.026242053808731,-0.067709444659072,0.0636221923365841,0.0414673908503411,0.0483324487875142,NA,300
"Local CCW + curve meta-analysis","RD",15,-0.7,"strong",1.5,25,"100/100/100/100/100/100/100/100/100/100","-4.5/-4.16666666666667/-3.83333333333333/-3.5/-3.16666666666667/-2.83333333333333/-2.5/-2.16666666666667/-1.83333333333333/-1.5",-0.0150010444210904,-0.0576084658107525,0.0609419751119653,0.0426074213896621,0.0436449490586514,NA,300
"Local CCW + curve meta-analysis","RD",5,-0.5,"strong",1.5,25,"100/100/100/100/100/100/100/100/100/100","-4.5/-4.16666666666667/-3.83333333333333/-3.5/-3.16666666666667/-2.83333333333333/-2.5/-2.16666666666667/-1.83333333333333/-1.5",0.000391853365709148,-0.0600263039356883,0.0780875790446114,0.0604181573013975,0.0495530147780874,NA,300
"Local CCW + curve meta-analysis","RD",10,-0.5,"strong",1.5,25,"100/100/100/100/100/100/100/100/100/100","-4.5/-4.16666666666667/-3.83333333333333/-3.5/-3.16666666666667/-2.83333333333333/-2.5/-2.16666666666667/-1.83333333333333/-1.5",-0.0017634715741862,-0.0481119942026683,0.064734340962141,0.0463485226284821,0.0452678688452687,NA,300
"Local CCW + curve meta-analysis","RD",15,-0.5,"strong",1.5,25,"100/100/100/100/100/100/100/100/100/100","-4.5/-4.16666666666667/-3.83333333333333/-3.5/-3.16666666666667/-2.83333333333333/-2.5/-2.16666666666667/-1.83333333333333/-1.5",0.00810182862196797,-0.0416815054083366,0.0613951717095608,0.0497833340303046,0.0359903381972451,NA,300
"Federated IPW (no cloning)","RD",5,-1,"medium",1,25,"100/100/100/100/100/100/100/100/100/100","-4.5/-4.16666666666667/-3.83333333333333/-3.5/-3.16666666666667/-2.83333333333333/-2.5/-2.16666666666667/-1.83333333333333/-1.5",-0.234740704994021,-0.122261951926669,0.153120361905632,-0.112478753067352,0.104069577342691,NA,300
"Federated IPW (no cloning)","RD",10,-1,"medium",1,25,"100/100/100/100/100/100/100/100/100/100","-4.5/-4.16666666666667/-3.83333333333333/-3.5/-3.16666666666667/-2.83333333333333/-2.5/-2.16666666666667/-1.83333333333333/-1.5",-0.286231439210796,-0.0967781265780999,0.208953997835277,-0.189453312632697,0.0882904272405411,NA,300
"Federated IPW (no cloning)","RD",15,-1,"medium",1,25,"100/100/100/100/100/100/100/100/100/100","-4.5/-4.16666666666667/-3.83333333333333/-3.5/-3.16666666666667/-2.83333333333333/-2.5/-2.16666666666667/-1.83333333333333/-1.5",-0.30885472343816,-0.08239526142237,0.241432160444577,-0.22645946201579,0.0838393121472622,NA,300
"Federated IPW (no cloning)","RD",5,-0.7,"medium",1,25,"100/100/100/100/100/100/100/100/100/100","-4.5/-4.16666666666667/-3.83333333333333/-3.5/-3.16666666666667/-2.83333333333333/-2.5/-2.16666666666667/-1.83333333333333/-1.5",-0.164017888560486,-0.0828864836809106,0.124404113842038,-0.0811314048795754,0.0944659979338666,NA,300
"Federated IPW (no cloning)","RD",10,-0.7,"medium",1,25,"100/100/100/100/100/100/100/100/100/100","-4.5/-4.16666666666667/-3.83333333333333/-3.5/-3.16666666666667/-2.83333333333333/-2.5/-2.16666666666667/-1.83333333333333/-1.5",-0.214977277467628,-0.0666259040833148,0.170709116756202,-0.148351373384313,0.0846010066513718,NA,300
"Federated IPW (no cloning)","RD",15,-0.7,"medium",1,25,"100/100/100/100/100/100/100/100/100/100","-4.5/-4.16666666666667/-3.83333333333333/-3.5/-3.16666666666667/-2.83333333333333/-2.5/-2.16666666666667/-1.83333333333333/-1.5",-0.258014922400221,-0.0576113263955292,0.218049293638377,-0.200403596004692,0.0860731576012422,NA,300
"Federated IPW (no cloning)","RD",5,-0.5,"medium",1,25,"100/100/100/100/100/100/100/100/100/100","-4.5/-4.16666666666667/-3.83333333333333/-3.5/-3.16666666666667/-2.83333333333333/-2.5/-2.16666666666667/-1.83333333333333/-1.5",-0.124989752118958,-0.056299762774662,0.121255106166276,-0.068689989344296,0.100089355405525,NA,300
"Federated IPW (no cloning)","RD",10,-0.5,"medium",1,25,"100/100/100/100/100/100/100/100/100/100","-4.5/-4.16666666666667/-3.83333333333333/-3.5/-3.16666666666667/-2.83333333333333/-2.5/-2.16666666666667/-1.83333333333333/-1.5",-0.177567038333717,-0.0479979767601583,0.166816490783608,-0.129569061573559,0.105245055081153,NA,300
"Federated IPW (no cloning)","RD",15,-0.5,"medium",1,25,"100/100/100/100/100/100/100/100/100/100","-4.5/-4.16666666666667/-3.83333333333333/-3.5/-3.16666666666667/-2.83333333333333/-2.5/-2.16666666666667/-1.83333333333333/-1.5",-0.214853568478486,-0.040137751357882,0.199190886109553,-0.174715817120604,0.0958227479275656,NA,300
"Federated IPW (no cloning)","RD",5,-1,"small",0.5,25,"100/100/100/100/100/100/100/100/100/100","-4.5/-4.16666666666667/-3.83333333333333/-3.5/-3.16666666666667/-2.83333333333333/-2.5/-2.16666666666667/-1.83333333333333/-1.5",-0.230885158556855,-0.122263043641261,0.12846745921241,-0.108622114915593,0.0687085178794195,NA,300
"Federated IPW (no cloning)","RD",10,-1,"small",0.5,25,"100/100/100/100/100/100/100/100/100/100","-4.5/-4.16666666666667/-3.83333333333333/-3.5/-3.16666666666667/-2.83333333333333/-2.5/-2.16666666666667/-1.83333333333333/-1.5",-0.30549380671504,-0.0937729690654333,0.219452387041533,-0.211720837649607,0.0578341280826411,NA,300
"Federated IPW (no cloning)","RD",15,-1,"small",0.5,25,"100/100/100/100/100/100/100/100/100/100","-4.5/-4.16666666666667/-3.83333333333333/-3.5/-3.16666666666667/-2.83333333333333/-2.5/-2.16666666666667/-1.83333333333333/-1.5",-0.337304203992702,-0.0800475615463727,0.262614459049349,-0.257256642446329,0.0528648243276622,NA,300
"Federated IPW (no cloning)","RD",5,-0.7,"small",0.5,25,"100/100/100/100/100/100/100/100/100/100","-4.5/-4.16666666666667/-3.83333333333333/-3.5/-3.16666666666667/-2.83333333333333/-2.5/-2.16666666666667/-1.83333333333333/-1.5",-0.158998002353846,-0.0819239603898967,0.0972494476124992,-0.0770740419639497,0.0594037862064455,NA,300
"Federated IPW (no cloning)","RD",10,-0.7,"small",0.5,25,"100/100/100/100/100/100/100/100/100/100","-4.5/-4.16666666666667/-3.83333333333333/-3.5/-3.16666666666667/-2.83333333333333/-2.5/-2.16666666666667/-1.83333333333333/-1.5",-0.238528592551724,-0.0639331067141816,0.185616266904351,-0.174595485837543,0.0631117408843322,NA,300
"Federated IPW (no cloning)","RD",15,-0.7,"small",0.5,25,"100/100/100/100/100/100/100/100/100/100","-4.5/-4.16666666666667/-3.83333333333333/-3.5/-3.16666666666667/-2.83333333333333/-2.5/-2.16666666666667/-1.83333333333333/-1.5",-0.281461226252855,-0.0552083200961216,0.233318620972084,-0.226252906156733,0.0570794319621741,NA,300
"Federated IPW (no cloning)","RD",5,-0.5,"small",0.5,25,"100/100/100/100/100/100/100/100/100/100","-4.5/-4.16666666666667/-3.83333333333333/-3.5/-3.16666666666667/-2.83333333333333/-2.5/-2.16666666666667/-1.83333333333333/-1.5",-0.12662380720908,-0.0570731594276688,0.0937634410537112,-0.0695506477814108,0.062988215743057,NA,300
"Federated IPW (no cloning)","RD",10,-0.5,"small",0.5,25,"100/100/100/100/100/100/100/100/100/100","-4.5/-4.16666666666667/-3.83333333333333/-3.5/-3.16666666666667/-2.83333333333333/-2.5/-2.16666666666667/-1.83333333333333/-1.5",-0.19479086041271,-0.0453812617425844,0.160273726272878,-0.149409598670125,0.058100701058628,NA,300
"Federated IPW (no cloning)","RD",15,-0.5,"small",0.5,25,"100/100/100/100/100/100/100/100/100/100","-4.5/-4.16666666666667/-3.83333333333333/-3.5/-3.16666666666667/-2.83333333333333/-2.5/-2.16666666666667/-1.83333333333333/-1.5",-0.243498973798798,-0.0393941909375625,0.211833425954655,-0.204104782861236,0.056792510618879,NA,300
"Federated IPW (no cloning)","RD",5,-1,"strong",1.5,25,"100/100/100/100/100/100/100/100/100/100","-4.5/-4.16666666666667/-3.83333333333333/-3.5/-3.16666666666667/-2.83333333333333/-2.5/-2.16666666666667/-1.83333333333333/-1.5",-0.215329399246813,-0.123562384201925,0.152140707742779,-0.0917670150448879,0.12155187959744,NA,300
"Federated IPW (no cloning)","RD",10,-1,"strong",1.5,25,"100/100/100/100/100/100/100/100/100/100","-4.5/-4.16666666666667/-3.83333333333333/-3.5/-3.16666666666667/-2.83333333333333/-2.5/-2.16666666666667/-1.83333333333333/-1.5",-0.265814792330863,-0.0979527905280955,0.202086073713349,-0.167862001802768,0.112709691040712,NA,300
"Federated IPW (no cloning)","RD",15,-1,"strong",1.5,25,"100/100/100/100/100/100/100/100/100/100","-4.5/-4.16666666666667/-3.83333333333333/-3.5/-3.16666666666667/-2.83333333333333/-2.5/-2.16666666666667/-1.83333333333333/-1.5",-0.299435084037024,-0.0881130651555558,0.241013510993634,-0.211322018881469,0.116083741039754,NA,300
"Federated IPW (no cloning)","RD",5,-0.7,"strong",1.5,25,"100/100/100/100/100/100/100/100/100/100","-4.5/-4.16666666666667/-3.83333333333333/-3.5/-3.16666666666667/-2.83333333333333/-2.5/-2.16666666666667/-1.83333333333333/-1.5",-0.146981784746159,-0.0847694490680255,0.138948648972143,-0.0622123356781337,0.124450708865446,NA,300
"Federated IPW (no cloning)","RD",10,-0.7,"strong",1.5,25,"100/100/100/100/100/100/100/100/100/100","-4.5/-4.16666666666667/-3.83333333333333/-3.5/-3.16666666666667/-2.83333333333333/-2.5/-2.16666666666667/-1.83333333333333/-1.5",-0.214134819130943,-0.067709444659072,0.196004740328697,-0.146425374471871,0.1305153200637,NA,300
"Federated IPW (no cloning)","RD",15,-0.7,"strong",1.5,25,"100/100/100/100/100/100/100/100/100/100","-4.5/-4.16666666666667/-3.83333333333333/-3.5/-3.16666666666667/-2.83333333333333/-2.5/-2.16666666666667/-1.83333333333333/-1.5",-0.226469837310266,-0.0576084658107525,0.209279145463149,-0.168861371499513,0.123833410892484,NA,300
"Federated IPW (no cloning)","RD",5,-0.5,"strong",1.5,25,"100/100/100/100/100/100/100/100/100/100","-4.5/-4.16666666666667/-3.83333333333333/-3.5/-3.16666666666667/-2.83333333333333/-2.5/-2.16666666666667/-1.83333333333333/-1.5",-0.109114997345394,-0.0600263039356883,0.124517108748534,-0.049088693409706,0.114623758023516,NA,300
"Federated IPW (no cloning)","RD",10,-0.5,"strong",1.5,25,"100/100/100/100/100/100/100/100/100/100","-4.5/-4.16666666666667/-3.83333333333333/-3.5/-3.16666666666667/-2.83333333333333/-2.5/-2.16666666666667/-1.83333333333333/-1.5",-0.163184390576429,-0.0481119942026683,0.162829033120819,-0.115072396373761,0.115395079478084,NA,300
"Federated IPW (no cloning)","RD",15,-0.5,"strong",1.5,25,"100/100/100/100/100/100/100/100/100/100","-4.5/-4.16666666666667/-3.83333333333333/-3.5/-3.16666666666667/-2.83333333333333/-2.5/-2.16666666666667/-1.83333333333333/-1.5",-0.174048755052525,-0.0416815054083366,0.172356204461629,-0.132367249644188,0.110572722047175,NA,300
"Federated per-protocol (unweighted)","RD",5,-1,"medium",1,25,"100/100/100/100/100/100/100/100/100/100","-4.5/-4.16666666666667/-3.83333333333333/-3.5/-3.16666666666667/-2.83333333333333/-2.5/-2.16666666666667/-1.83333333333333/-1.5",-0.00983562202522886,-0.122261951926669,0.115742873547688,0.11242632990144,0.0275547455436497,NA,300
"Federated per-protocol (unweighted)","RD",10,-1,"medium",1,25,"100/100/100/100/100/100/100/100/100/100","-4.5/-4.16666666666667/-3.83333333333333/-3.5/-3.16666666666667/-2.83333333333333/-2.5/-2.16666666666667/-1.83333333333333/-1.5",-0.05158890051968,-0.0967781265780999,0.0542263577299538,0.04518922605842,0.0300239322751393,NA,300
"Federated per-protocol (unweighted)","RD",15,-1,"medium",1,25,"100/100/100/100/100/100/100/100/100/100","-4.5/-4.16666666666667/-3.83333333333333/-3.5/-3.16666666666667/-2.83333333333333/-2.5/-2.16666666666667/-1.83333333333333/-1.5",-0.0900465321766387,-0.08239526142237,0.032377335361367,-0.00765127075426875,0.031512856127062,NA,300
"Federated per-protocol (unweighted)","RD",5,-0.7,"medium",1,25,"100/100/100/100/100/100/100/100/100/100","-4.5/-4.16666666666667/-3.83333333333333/-3.5/-3.16666666666667/-2.83333333333333/-2.5/-2.16666666666667/-1.83333333333333/-1.5",0.0334478347729566,-0.0828864836809106,0.119080996049373,0.116334318453867,0.0254710138222925,NA,300
"Federated per-protocol (unweighted)","RD",10,-0.7,"medium",1,25,"100/100/100/100/100/100/100/100/100/100","-4.5/-4.16666666666667/-3.83333333333333/-3.5/-3.16666666666667/-2.83333333333333/-2.5/-2.16666666666667/-1.83333333333333/-1.5",-0.00332195201398177,-0.0666259040833148,0.068398834623844,0.063303952069333,0.0259471465035329,NA,300
"Federated per-protocol (unweighted)","RD",15,-0.7,"medium",1,25,"100/100/100/100/100/100/100/100/100/100","-4.5/-4.16666666666667/-3.83333333333333/-3.5/-3.16666666666667/-2.83333333333333/-2.5/-2.16666666666667/-1.83333333333333/-1.5",-0.0405322119707202,-0.0576113263955292,0.0304996283630534,0.017079114424809,0.0253113953889767,NA,300
"Federated per-protocol (unweighted)","RD",5,-0.5,"medium",1,25,"100/100/100/100/100/100/100/100/100/100","-4.5/-4.16666666666667/-3.83333333333333/-3.5/-3.16666666666667/-2.83333333333333/-2.5/-2.16666666666667/-1.83333333333333/-1.5",0.0574508333572467,-0.056299762774662,0.116366498975008,0.113750596131909,0.0245759480130147,NA,300
"Federated per-protocol (unweighted)","RD",10,-0.5,"medium",1,25,"100/100/100/100/100/100/100/100/100/100","-4.5/-4.16666666666667/-3.83333333333333/-3.5/-3.16666666666667/-2.83333333333333/-2.5/-2.16666666666667/-1.83333333333333/-1.5",0.0307228456690265,-0.0479979767601583,0.0821336869798468,0.0787208224291848,0.0234693563738952,NA,300
"Federated per-protocol (unweighted)","RD",15,-0.5,"medium",1,25,"100/100/100/100/100/100/100/100/100/100","-4.5/-4.16666666666667/-3.83333333333333/-3.5/-3.16666666666667/-2.83333333333333/-2.5/-2.16666666666667/-1.83333333333333/-1.5",-0.00401391646056367,-0.040137751357882,0.0440057372073002,0.0361238348973183,0.0251731155260305,NA,300
"Federated per-protocol (unweighted)","RD",5,-1,"small",0.5,25,"100/100/100/100/100/100/100/100/100/100","-4.5/-4.16666666666667/-3.83333333333333/-3.5/-3.16666666666667/-2.83333333333333/-2.5/-2.16666666666667/-1.83333333333333/-1.5",-0.10553180213411,-0.122263043641261,0.0358188716623094,0.0167312415071518,0.0317239945607946,NA,300
"Federated per-protocol (unweighted)","RD",10,-1,"small",0.5,25,"100/100/100/100/100/100/100/100/100/100","-4.5/-4.16666666666667/-3.83333333333333/-3.5/-3.16666666666667/-2.83333333333333/-2.5/-2.16666666666667/-1.83333333333333/-1.5",-0.164691877782089,-0.0937729690654333,0.0777895312361015,-0.0709189087166555,0.0320177556776424,NA,300
"Federated per-protocol (unweighted)","RD",15,-1,"small",0.5,25,"100/100/100/100/100/100/100/100/100/100","-4.5/-4.16666666666667/-3.83333333333333/-3.5/-3.16666666666667/-2.83333333333333/-2.5/-2.16666666666667/-1.83333333333333/-1.5",-0.20498637217764,-0.0800475615463727,0.128707619533019,-0.124938810631267,0.0309700187942243,NA,300
"Federated per-protocol (unweighted)","RD",5,-0.7,"small",0.5,25,"100/100/100/100/100/100/100/100/100/100","-4.5/-4.16666666666667/-3.83333333333333/-3.5/-3.16666666666667/-2.83333333333333/-2.5/-2.16666666666667/-1.83333333333333/-1.5",-0.0458930511112673,-0.0819239603898967,0.0457243294119889,0.0360309092786294,0.0281981974221304,NA,300
"Federated per-protocol (unweighted)","RD",10,-0.7,"small",0.5,25,"100/100/100/100/100/100/100/100/100/100","-4.5/-4.16666666666667/-3.83333333333333/-3.5/-3.16666666666667/-2.83333333333333/-2.5/-2.16666666666667/-1.83333333333333/-1.5",-0.101233322272456,-0.0639331067141816,0.0470087028420313,-0.0373002155582748,0.0286574520977076,NA,300
"Federated per-protocol (unweighted)","RD",15,-0.7,"small",0.5,25,"100/100/100/100/100/100/100/100/100/100","-4.5/-4.16666666666667/-3.83333333333333/-3.5/-3.16666666666667/-2.83333333333333/-2.5/-2.16666666666667/-1.83333333333333/-1.5",-0.146662226249287,-0.0552083200961216,0.0954013516069872,-0.0914539061531658,0.0272041877389566,NA,300
"Federated per-protocol (unweighted)","RD",5,-0.5,"small",0.5,25,"100/100/100/100/100/100/100/100/100/100","-4.5/-4.16666666666667/-3.83333333333333/-3.5/-3.16666666666667/-2.83333333333333/-2.5/-2.16666666666667/-1.83333333333333/-1.5",-0.0125948208313979,-0.0570731594276688,0.052547625599231,0.0444783385962709,0.0280276443532527,NA,300
"Federated per-protocol (unweighted)","RD",10,-0.5,"small",0.5,25,"100/100/100/100/100/100/100/100/100/100","-4.5/-4.16666666666667/-3.83333333333333/-3.5/-3.16666666666667/-2.83333333333333/-2.5/-2.16666666666667/-1.83333333333333/-1.5",-0.06596202411267,-0.0453812617425844,0.0354595863264608,-0.0205807623700856,0.0289240930697834,NA,300
"Federated per-protocol (unweighted)","RD",15,-0.5,"small",0.5,25,"100/100/100/100/100/100/100/100/100/100","-4.5/-4.16666666666667/-3.83333333333333/-3.5/-3.16666666666667/-2.83333333333333/-2.5/-2.16666666666667/-1.83333333333333/-1.5",-0.109555533545884,-0.0393941909375625,0.0756202815502408,-0.0701613426083218,0.0282572922804974,NA,300
"Federated per-protocol (unweighted)","RD",5,-1,"strong",1.5,25,"100/100/100/100/100/100/100/100/100/100","-4.5/-4.16666666666667/-3.83333333333333/-3.5/-3.16666666666667/-2.83333333333333/-2.5/-2.16666666666667/-1.83333333333333/-1.5",0.0441421585660688,-0.123562384201925,0.169661369136135,0.167704542767994,0.0257366358889886,NA,300
"Federated per-protocol (unweighted)","RD",10,-1,"strong",1.5,25,"100/100/100/100/100/100/100/100/100/100","-4.5/-4.16666666666667/-3.83333333333333/-3.5/-3.16666666666667/-2.83333333333333/-2.5/-2.16666666666667/-1.83333333333333/-1.5",0.00760813958547296,-0.0979527905280955,0.108563090846116,0.105560930113568,0.0253965485163273,NA,300
"Federated per-protocol (unweighted)","RD",15,-1,"strong",1.5,25,"100/100/100/100/100/100/100/100/100/100","-4.5/-4.16666666666667/-3.83333333333333/-3.5/-3.16666666666667/-2.83333333333333/-2.5/-2.16666666666667/-1.83333333333333/-1.5",-0.0190668709535874,-0.0881130651555558,0.0742469412325683,0.0690461942019684,0.0273445380497403,NA,300
"Federated per-protocol (unweighted)","RD",5,-0.7,"strong",1.5,25,"100/100/100/100/100/100/100/100/100/100","-4.5/-4.16666666666667/-3.83333333333333/-3.5/-3.16666666666667/-2.83333333333333/-2.5/-2.16666666666667/-1.83333333333333/-1.5",0.08350507299164,-0.0847694490680255,0.169724229855769,0.168274522059666,0.0221729163573761,NA,300
"Federated per-protocol (unweighted)","RD",10,-0.7,"strong",1.5,25,"100/100/100/100/100/100/100/100/100/100","-4.5/-4.16666666666667/-3.83333333333333/-3.5/-3.16666666666667/-2.83333333333333/-2.5/-2.16666666666667/-1.83333333333333/-1.5",0.0603746274664757,-0.067709444659072,0.13022903375551,0.128084072125548,0.0235780572406233,NA,300
"Federated per-protocol (unweighted)","RD",15,-0.7,"strong",1.5,25,"100/100/100/100/100/100/100/100/100/100","-4.5/-4.16666666666667/-3.83333333333333/-3.5/-3.16666666666667/-2.83333333333333/-2.5/-2.16666666666667/-1.83333333333333/-1.5",0.031523835474048,-0.0576084658107525,0.0930109450415067,0.0891323012848005,0.0266238903426914,NA,300
"Federated per-protocol (unweighted)","RD",5,-0.5,"strong",1.5,25,"100/100/100/100/100/100/100/100/100/100","-4.5/-4.16666666666667/-3.83333333333333/-3.5/-3.16666666666667/-2.83333333333333/-2.5/-2.16666666666667/-1.83333333333333/-1.5",0.108711761285992,-0.0600263039356883,0.170023430798019,0.168738065221681,0.0209018817600164,NA,300
"Federated per-protocol (unweighted)","RD",10,-0.5,"strong",1.5,25,"100/100/100/100/100/100/100/100/100/100","-4.5/-4.16666666666667/-3.83333333333333/-3.5/-3.16666666666667/-2.83333333333333/-2.5/-2.16666666666667/-1.83333333333333/-1.5",0.0816867345004293,-0.0481119942026683,0.131736899226829,0.129798728703098,0.0225520722959593,NA,300
"Federated per-protocol (unweighted)","RD",15,-0.5,"strong",1.5,25,"100/100/100/100/100/100/100/100/100/100","-4.5/-4.16666666666667/-3.83333333333333/-3.5/-3.16666666666667/-2.83333333333333/-2.5/-2.16666666666667/-1.83333333333333/-1.5",0.0610043587414184,-0.0416815054083366,0.105561989400531,0.102685864149755,0.0245142831210498,NA,300
"Federated CCW","RR",5,-1,"medium",1,25,"100/100/100/100/100/100/100/100/100/100","-4.5/-4.16666666666667/-3.83333333333333/-3.5/-3.16666666666667/-2.83333333333333/-2.5/-2.16666666666667/-1.83333333333333/-1.5",0.85698613208491,0.856010725124884,0.0915884652029589,0.000975406960026083,0.0917362925130657,0.866666666666667,300
"Federated CCW","RR",10,-1,"medium",1,25,"100/100/100/100/100/100/100/100/100/100","-4.5/-4.16666666666667/-3.83333333333333/-3.5/-3.16666666666667/-2.83333333333333/-2.5/-2.16666666666667/-1.83333333333333/-1.5",0.89235859416676,0.88592899939358,0.0649861232706241,0.00642959477317961,0.0647753245536773,0.876666666666667,300
"Federated CCW","RR",15,-1,"medium",1,25,"100/100/100/100/100/100/100/100/100/100","-4.5/-4.16666666666667/-3.83333333333333/-3.5/-3.16666666666667/-2.83333333333333/-2.5/-2.16666666666667/-1.83333333333333/-1.5",0.918027463215023,0.902876370631133,0.0564909987186574,0.0151510925838905,0.0545122243638622,0.866666666666667,300
"Federated CCW","RR",5,-0.7,"medium",1,25,"100/100/100/100/100/100/100/100/100/100","-4.5/-4.16666666666667/-3.83333333333333/-3.5/-3.16666666666667/-2.83333333333333/-2.5/-2.16666666666667/-1.83333333333333/-1.5",0.912634937663527,0.902341490685834,0.0839447225743703,0.0102934469776931,0.0834504322710564,0.84,300
"Federated CCW","RR",10,-0.7,"medium",1,25,"100/100/100/100/100/100/100/100/100/100","-4.5/-4.16666666666667/-3.83333333333333/-3.5/-3.16666666666667/-2.83333333333333/-2.5/-2.16666666666667/-1.83333333333333/-1.5",0.935974400993933,0.92148680849454,0.0624861775884047,0.0144875924993929,0.0608850448149756,0.88,300
"Federated CCW","RR",15,-0.7,"medium",1,25,"100/100/100/100/100/100/100/100/100/100","-4.5/-4.16666666666667/-3.83333333333333/-3.5/-3.16666666666667/-2.83333333333333/-2.5/-2.16666666666667/-1.83333333333333/-1.5",0.942968986095444,0.932140808882349,0.0541533458331794,0.0108281772130949,0.0531483892584932,0.873333333333333,300
"Federated CCW","RR",5,-0.5,"medium",1,25,"100/100/100/100/100/100/100/100/100/100","-4.5/-4.16666666666667/-3.83333333333333/-3.5/-3.16666666666667/-2.83333333333333/-2.5/-2.16666666666667/-1.83333333333333/-1.5",0.94206387332476,0.933683318715799,0.089344613197711,0.00838055460896039,0.0890993182180306,0.836666666666667,300
"Federated CCW","RR",10,-0.5,"medium",1,25,"100/100/100/100/100/100/100/100/100/100","-4.5/-4.16666666666667/-3.83333333333333/-3.5/-3.16666666666667/-2.83333333333333/-2.5/-2.16666666666667/-1.83333333333333/-1.5",0.954994087243929,0.943465838695901,0.0807001873281129,0.0115282485480278,0.0800059762830926,0.823333333333333,300
"Federated CCW","RR",15,-0.5,"medium",1,25,"100/100/100/100/100/100/100/100/100/100","-4.5/-4.16666666666667/-3.83333333333333/-3.5/-3.16666666666667/-2.83333333333333/-2.5/-2.16666666666667/-1.83333333333333/-1.5",0.965889152995343,0.952710924853563,0.0671234383594693,0.0131782281417799,0.0659270673365601,0.84,300
"Federated CCW","RR",5,-1,"small",0.5,25,"100/100/100/100/100/100/100/100/100/100","-4.5/-4.16666666666667/-3.83333333333333/-3.5/-3.16666666666667/-2.83333333333333/-2.5/-2.16666666666667/-1.83333333333333/-1.5",0.867381961772157,0.855971932178865,0.0575252025949437,0.0114100295932922,0.0564764741467011,0.883333333333333,300
"Federated CCW","RR",10,-1,"small",0.5,25,"100/100/100/100/100/100/100/100/100/100","-4.5/-4.16666666666667/-3.83333333333333/-3.5/-3.16666666666667/-2.83333333333333/-2.5/-2.16666666666667/-1.83333333333333/-1.5",0.894428242656436,0.889479949040049,0.0398466219543821,0.00494829361638703,0.0396042420888585,0.93,300
"Federated CCW","RR",15,-1,"small",0.5,25,"100/100/100/100/100/100/100/100/100/100","-4.5/-4.16666666666667/-3.83333333333333/-3.5/-3.16666666666667/-2.83333333333333/-2.5/-2.16666666666667/-1.83333333333333/-1.5",0.920813268327869,0.905643153664282,0.0334407557911118,0.0151701146635869,0.0298516695718765,0.916666666666667,300
"Federated CCW","RR",5,-0.7,"small",0.5,25,"100/100/100/100/100/100/100/100/100/100","-4.5/-4.16666666666667/-3.83333333333333/-3.5/-3.16666666666667/-2.83333333333333/-2.5/-2.16666666666667/-1.83333333333333/-1.5",0.919163345991773,0.903492416980042,0.0526196857455952,0.015670929011731,0.0503159247769698,0.88,300
"Federated CCW","RR",10,-0.7,"small",0.5,25,"100/100/100/100/100/100/100/100/100/100","-4.5/-4.16666666666667/-3.83333333333333/-3.5/-3.16666666666667/-2.83333333333333/-2.5/-2.16666666666667/-1.83333333333333/-1.5",0.929930206032005,0.924675641140243,0.0437870244050023,0.00525456489176164,0.0435432325132338,0.903333333333333,300
"Federated CCW","RR",15,-0.7,"small",0.5,25,"100/100/100/100/100/100/100/100/100/100","-4.5/-4.16666666666667/-3.83333333333333/-3.5/-3.16666666666667/-2.83333333333333/-2.5/-2.16666666666667/-1.83333333333333/-1.5",0.944352492503925,0.93497910911121,0.0365889247738754,0.00937338339271474,0.0354270048898631,0.926666666666667,300
"Federated CCW","RR",5,-0.5,"small",0.5,25,"100/100/100/100/100/100/100/100/100/100","-4.5/-4.16666666666667/-3.83333333333333/-3.5/-3.16666666666667/-2.83333333333333/-2.5/-2.16666666666667/-1.83333333333333/-1.5",0.943990843482157,0.932769135871132,0.0567190193990042,0.0112217076110251,0.0556907410197456,0.903333333333333,300
"Federated CCW","RR",10,-0.5,"small",0.5,25,"100/100/100/100/100/100/100/100/100/100","-4.5/-4.16666666666667/-3.83333333333333/-3.5/-3.16666666666667/-2.83333333333333/-2.5/-2.16666666666667/-1.83333333333333/-1.5",0.9525146604149,0.946541007338298,0.0403952236298895,0.00597365307660141,0.0400178416860099,0.93,300
"Federated CCW","RR",15,-0.5,"small",0.5,25,"100/100/100/100/100/100/100/100/100/100","-4.5/-4.16666666666667/-3.83333333333333/-3.5/-3.16666666666667/-2.83333333333333/-2.5/-2.16666666666667/-1.83333333333333/-1.5",0.965151018909604,0.953611538499257,0.0373619582467119,0.0115394804103474,0.0355946566377424,0.916666666666667,300
"Federated CCW","RR",5,-1,"strong",1.5,25,"100/100/100/100/100/100/100/100/100/100","-4.5/-4.16666666666667/-3.83333333333333/-3.5/-3.16666666666667/-2.83333333333333/-2.5/-2.16666666666667/-1.83333333333333/-1.5",0.868309641553245,0.85437330962754,0.111218098041447,0.0139363319257046,0.110525851564057,0.853333333333333,300
"Federated CCW","RR",10,-1,"strong",1.5,25,"100/100/100/100/100/100/100/100/100/100","-4.5/-4.16666666666667/-3.83333333333333/-3.5/-3.16666666666667/-2.83333333333333/-2.5/-2.16666666666667/-1.83333333333333/-1.5",0.893459413162273,0.884299241013061,0.0894756214255213,0.00916017214921157,0.0891542090180387,0.863333333333333,300
"Federated CCW","RR",15,-1,"strong",1.5,25,"100/100/100/100/100/100/100/100/100/100","-4.5/-4.16666666666667/-3.83333333333333/-3.5/-3.16666666666667/-2.83333333333333/-2.5/-2.16666666666667/-1.83333333333333/-1.5",0.909239089752358,0.896206499144825,0.0835465338728979,0.0130325906075324,0.0826616683168696,0.813333333333333,300
"Federated CCW","RR",5,-0.7,"strong",1.5,25,"100/100/100/100/100/100/100/100/100/100","-4.5/-4.16666666666667/-3.83333333333333/-3.5/-3.16666666666667/-2.83333333333333/-2.5/-2.16666666666667/-1.83333333333333/-1.5",0.927273372577898,0.900008340620041,0.11549418110515,0.027265031957857,0.112417300267728,0.753333333333333,300
"Federated CCW","RR",10,-0.7,"strong",1.5,25,"100/100/100/100/100/100/100/100/100/100","-4.5/-4.16666666666667/-3.83333333333333/-3.5/-3.16666666666667/-2.83333333333333/-2.5/-2.16666666666667/-1.83333333333333/-1.5",0.925942841075945,0.920153653513689,0.103393661398064,0.00578918756225599,0.103403944689056,0.796666666666667,300
"Federated CCW","RR",15,-0.7,"strong",1.5,25,"100/100/100/100/100/100/100/100/100/100","-4.5/-4.16666666666667/-3.83333333333333/-3.5/-3.16666666666667/-2.83333333333333/-2.5/-2.16666666666667/-1.83333333333333/-1.5",0.948825822779177,0.932071688940529,0.0897840728726532,0.0167541338386482,0.088354402317872,0.78,300
"Federated CCW","RR",5,-0.5,"strong",1.5,25,"100/100/100/100/100/100/100/100/100/100","-4.5/-4.16666666666667/-3.83333333333333/-3.5/-3.16666666666667/-2.83333333333333/-2.5/-2.16666666666667/-1.83333333333333/-1.5",0.956099265139817,0.929263866249626,0.109237386165463,0.0268353988901914,0.106066811322931,0.736666666666667,300
"Federated CCW","RR",10,-0.5,"strong",1.5,25,"100/100/100/100/100/100/100/100/100/100","-4.5/-4.16666666666667/-3.83333333333333/-3.5/-3.16666666666667/-2.83333333333333/-2.5/-2.16666666666667/-1.83333333333333/-1.5",0.959609829841573,0.943310076651587,0.0952334964741507,0.0162997531899867,0.0939850032332114,0.783333333333333,300
"Federated CCW","RR",15,-0.5,"strong",1.5,25,"100/100/100/100/100/100/100/100/100/100","-4.5/-4.16666666666667/-3.83333333333333/-3.5/-3.16666666666667/-2.83333333333333/-2.5/-2.16666666666667/-1.83333333333333/-1.5",0.981155459639628,0.950830780062536,0.0852013083459352,0.0303246795770921,0.0797551232504101,0.773333333333333,300
"Pooled CCW","RR",5,-1,"medium",1,25,"100/100/100/100/100/100/100/100/100/100","-4.5/-4.16666666666667/-3.83333333333333/-3.5/-3.16666666666667/-2.83333333333333/-2.5/-2.16666666666667/-1.83333333333333/-1.5",0.850139238423419,0.856010725124884,0.0775890490142585,-0.00587148670146579,0.0774958376540133,0.916666666666667,300
"Pooled CCW","RR",10,-1,"medium",1,25,"100/100/100/100/100/100/100/100/100/100","-4.5/-4.16666666666667/-3.83333333333333/-3.5/-3.16666666666667/-2.83333333333333/-2.5/-2.16666666666667/-1.83333333333333/-1.5",0.889312310646395,0.88592899939358,0.0563094250706338,0.00338331125281438,0.0563016055963564,0.91,300
"Pooled CCW","RR",15,-1,"medium",1,25,"100/100/100/100/100/100/100/100/100/100","-4.5/-4.16666666666667/-3.83333333333333/-3.5/-3.16666666666667/-2.83333333333333/-2.5/-2.16666666666667/-1.83333333333333/-1.5",0.904880983079695,0.902876370631133,0.0449912822007694,0.00200461244856269,0.0450217004867215,0.9,300
"Pooled CCW","RR",5,-0.7,"medium",1,25,"100/100/100/100/100/100/100/100/100/100","-4.5/-4.16666666666667/-3.83333333333333/-3.5/-3.16666666666667/-2.83333333333333/-2.5/-2.16666666666667/-1.83333333333333/-1.5",0.907754607205402,0.902341490685834,0.0682771943943011,0.00541311651956863,0.0681759977273759,0.906666666666667,300
"Pooled CCW","RR",10,-0.7,"medium",1,25,"100/100/100/100/100/100/100/100/100/100","-4.5/-4.16666666666667/-3.83333333333333/-3.5/-3.16666666666667/-2.83333333333333/-2.5/-2.16666666666667/-1.83333333333333/-1.5",0.927258148144898,0.92148680849454,0.0554330850992195,0.00577133965035825,0.055223945677379,0.913333333333333,300
"Pooled CCW","RR",15,-0.7,"medium",1,25,"100/100/100/100/100/100/100/100/100/100","-4.5/-4.16666666666667/-3.83333333333333/-3.5/-3.16666666666667/-2.83333333333333/-2.5/-2.16666666666667/-1.83333333333333/-1.5",0.933163289812806,0.932140808882349,0.0481983650143677,0.00102248093045699,0.0482680322012441,0.9,300
"Pooled CCW","RR",5,-0.5,"medium",1,25,"100/100/100/100/100/100/100/100/100/100","-4.5/-4.16666666666667/-3.83333333333333/-3.5/-3.16666666666667/-2.83333333333333/-2.5/-2.16666666666667/-1.83333333333333/-1.5",0.925605441521981,0.933683318715799,0.0743161414142714,-0.00807787719381798,0.0739992549999621,0.896666666666667,300
"Pooled CCW","RR",10,-0.5,"medium",1,25,"100/100/100/100/100/100/100/100/100/100","-4.5/-4.16666666666667/-3.83333333333333/-3.5/-3.16666666666667/-2.83333333333333/-2.5/-2.16666666666667/-1.83333333333333/-1.5",0.946842837350168,0.943465838695901,0.0574484860446865,0.00337699865426726,0.0574449664998555,0.9,300
"Pooled CCW","RR",15,-0.5,"medium",1,25,"100/100/100/100/100/100/100/100/100/100","-4.5/-4.16666666666667/-3.83333333333333/-3.5/-3.16666666666667/-2.83333333333333/-2.5/-2.16666666666667/-1.83333333333333/-1.5",0.957887056322104,0.952710924853563,0.0505189179383682,0.00517613146854096,0.0503370120483641,0.92,300
"Pooled CCW","RR",5,-1,"small",0.5,25,"100/100/100/100/100/100/100/100/100/100","-4.5/-4.16666666666667/-3.83333333333333/-3.5/-3.16666666666667/-2.83333333333333/-2.5/-2.16666666666667/-1.83333333333333/-1.5",0.856570311337081,0.855971932178865,0.0536248905608508,0.000598379158216821,0.0537111452163118,0.92,300
"Pooled CCW","RR",10,-1,"small",0.5,25,"100/100/100/100/100/100/100/100/100/100","-4.5/-4.16666666666667/-3.83333333333333/-3.5/-3.16666666666667/-2.83333333333333/-2.5/-2.16666666666667/-1.83333333333333/-1.5",0.884529092473979,0.889479949040049,0.0372949059663289,-0.00495085656606984,0.0370265975579977,0.94,300
"Pooled CCW","RR",15,-1,"small",0.5,25,"100/100/100/100/100/100/100/100/100/100","-4.5/-4.16666666666667/-3.83333333333333/-3.5/-3.16666666666667/-2.83333333333333/-2.5/-2.16666666666667/-1.83333333333333/-1.5",0.908856864623894,0.905643153664282,0.029379209934892,0.00321371095961207,0.029251705005903,0.936666666666667,300
"Pooled CCW","RR",5,-0.7,"small",0.5,25,"100/100/100/100/100/100/100/100/100/100","-4.5/-4.16666666666667/-3.83333333333333/-3.5/-3.16666666666667/-2.83333333333333/-2.5/-2.16666666666667/-1.83333333333333/-1.5",0.91093818109358,0.903492416980042,0.0490823020923223,0.00744576411353829,0.048595315182018,0.91,300
"Pooled CCW","RR",10,-0.7,"small",0.5,25,"100/100/100/100/100/100/100/100/100/100","-4.5/-4.16666666666667/-3.83333333333333/-3.5/-3.16666666666667/-2.83333333333333/-2.5/-2.16666666666667/-1.83333333333333/-1.5",0.925560614104284,0.924675641140243,0.0349445570514953,0.000884972964040668,0.0349917174678422,0.943333333333333,300
"Pooled CCW","RR",15,-0.7,"small",0.5,25,"100/100/100/100/100/100/100/100/100/100","-4.5/-4.16666666666667/-3.83333333333333/-3.5/-3.16666666666667/-2.83333333333333/-2.5/-2.16666666666667/-1.83333333333333/-1.5",0.936230241214531,0.93497910911121,0.0268781935707018,0.00125113210332123,0.0268939194073266,0.953333333333333,300
"Pooled CCW","RR",5,-0.5,"small",0.5,25,"100/100/100/100/100/100/100/100/100/100","-4.5/-4.16666666666667/-3.83333333333333/-3.5/-3.16666666666667/-2.83333333333333/-2.5/-2.16666666666667/-1.83333333333333/-1.5",0.934342160666366,0.932769135871132,0.0499896244898147,0.001573024795234,0.0500483527033674,0.926666666666667,300
"Pooled CCW","RR",10,-0.5,"small",0.5,25,"100/100/100/100/100/100/100/100/100/100","-4.5/-4.16666666666667/-3.83333333333333/-3.5/-3.16666666666667/-2.83333333333333/-2.5/-2.16666666666667/-1.83333333333333/-1.5",0.948443788813612,0.946541007338298,0.0345893621003054,0.00190278147531349,0.0345946918207184,0.936666666666667,300
"Pooled CCW","RR",15,-0.5,"small",0.5,25,"100/100/100/100/100/100/100/100/100/100","-4.5/-4.16666666666667/-3.83333333333333/-3.5/-3.16666666666667/-2.83333333333333/-2.5/-2.16666666666667/-1.83333333333333/-1.5",0.957079902848534,0.953611538499257,0.0295906072368319,0.00346836434927672,0.0294357383866336,0.946666666666667,300
"Pooled CCW","RR",5,-1,"strong",1.5,25,"100/100/100/100/100/100/100/100/100/100","-4.5/-4.16666666666667/-3.83333333333333/-3.5/-3.16666666666667/-2.83333333333333/-2.5/-2.16666666666667/-1.83333333333333/-1.5",0.861267026115455,0.85437330962754,0.0904619848473799,0.00689371648791448,0.0903496406600668,0.88,300
"Pooled CCW","RR",10,-1,"strong",1.5,25,"100/100/100/100/100/100/100/100/100/100","-4.5/-4.16666666666667/-3.83333333333333/-3.5/-3.16666666666667/-2.83333333333333/-2.5/-2.16666666666667/-1.83333333333333/-1.5",0.883673100944199,0.884299241013061,0.0817601763853268,-0.000626140068861633,0.0818943833519077,0.876666666666667,300
"Pooled CCW","RR",15,-1,"strong",1.5,25,"100/100/100/100/100/100/100/100/100/100","-4.5/-4.16666666666667/-3.83333333333333/-3.5/-3.16666666666667/-2.83333333333333/-2.5/-2.16666666666667/-1.83333333333333/-1.5",0.902235413164276,0.896206499144825,0.0720528427827659,0.006028914019451,0.0719201365099471,0.863333333333333,300
"Pooled CCW","RR",5,-0.7,"strong",1.5,25,"100/100/100/100/100/100/100/100/100/100","-4.5/-4.16666666666667/-3.83333333333333/-3.5/-3.16666666666667/-2.83333333333333/-2.5/-2.16666666666667/-1.83333333333333/-1.5",0.919743206155466,0.900008340620041,0.114747461787809,0.0197348655354243,0.113226539438216,0.743333333333333,300
"Pooled CCW","RR",10,-0.7,"strong",1.5,25,"100/100/100/100/100/100/100/100/100/100","-4.5/-4.16666666666667/-3.83333333333333/-3.5/-3.16666666666667/-2.83333333333333/-2.5/-2.16666666666667/-1.83333333333333/-1.5",0.921525288213697,0.920153653513689,0.0910523483560288,0.00137163470000834,0.0911941335432624,0.85,300
"Pooled CCW","RR",15,-0.7,"strong",1.5,25,"100/100/100/100/100/100/100/100/100/100","-4.5/-4.16666666666667/-3.83333333333333/-3.5/-3.16666666666667/-2.83333333333333/-2.5/-2.16666666666667/-1.83333333333333/-1.5",0.934233842059817,0.932071688940529,0.0675181217993008,0.00216215311928818,0.0675962477327882,0.87,300
"Pooled CCW","RR",5,-0.5,"strong",1.5,25,"100/100/100/100/100/100/100/100/100/100","-4.5/-4.16666666666667/-3.83333333333333/-3.5/-3.16666666666667/-2.83333333333333/-2.5/-2.16666666666667/-1.83333333333333/-1.5",0.950506529214916,0.929263866249626,0.106778596946038,0.0212426629652905,0.104819089423633,0.763333333333333,300
"Pooled CCW","RR",10,-0.5,"strong",1.5,25,"100/100/100/100/100/100/100/100/100/100","-4.5/-4.16666666666667/-3.83333333333333/-3.5/-3.16666666666667/-2.83333333333333/-2.5/-2.16666666666667/-1.83333333333333/-1.5",0.95608324696431,0.943310076651587,0.076598744425156,0.0127731703127234,0.0756524382005729,0.86,300
"Pooled CCW","RR",15,-0.5,"strong",1.5,25,"100/100/100/100/100/100/100/100/100/100","-4.5/-4.16666666666667/-3.83333333333333/-3.5/-3.16666666666667/-2.83333333333333/-2.5/-2.16666666666667/-1.83333333333333/-1.5",0.969776665599544,0.950830780062536,0.074224153575643,0.0189458855370073,0.071885349039944,0.82,300
"Federated landmark IPW","RR",5,-1,"medium",1,25,"100/100/100/100/100/100/100/100/100/100","-4.5/-4.16666666666667/-3.83333333333333/-3.5/-3.16666666666667/-2.83333333333333/-2.5/-2.16666666666667/-1.83333333333333/-1.5",0.741793561430762,0.856010725124884,0.16468179553198,-0.114217163694122,0.118834360834834,NA,300
"Federated landmark IPW","RR",10,-1,"medium",1,25,"100/100/100/100/100/100/100/100/100/100","-4.5/-4.16666666666667/-3.83333333333333/-3.5/-3.16666666666667/-2.83333333333333/-2.5/-2.16666666666667/-1.83333333333333/-1.5",0.692289656137531,0.88592899939358,0.245916943658637,-0.19363934325605,0.15184136653233,NA,300
"Federated landmark IPW","RR",15,-1,"medium",1,25,"100/100/100/100/100/100/100/100/100/100","-4.5/-4.16666666666667/-3.83333333333333/-3.5/-3.16666666666667/-2.83333333333333/-2.5/-2.16666666666667/-1.83333333333333/-1.5",15.4137742509843,0.902876370631133,254.652862452085,14.5108978803532,254.663882745467,NA,300
"Federated landmark IPW","RR",5,-0.7,"medium",1,25,"100/100/100/100/100/100/100/100/100/100","-4.5/-4.16666666666667/-3.83333333333333/-3.5/-3.16666666666667/-2.83333333333333/-2.5/-2.16666666666667/-1.83333333333333/-1.5",0.82286924278695,0.902341490685834,0.160420076945916,-0.0794722478988838,0.139584055667379,NA,300
"Federated landmark IPW","RR",10,-0.7,"medium",1,25,"100/100/100/100/100/100/100/100/100/100","-4.5/-4.16666666666667/-3.83333333333333/-3.5/-3.16666666666667/-2.83333333333333/-2.5/-2.16666666666667/-1.83333333333333/-1.5",0.813836725370128,0.92148680849454,0.180755497401433,-0.107650083124412,0.145445950531115,NA,300
"Federated landmark IPW","RR",15,-0.7,"medium",1,25,"100/100/100/100/100/100/100/100/100/100","-4.5/-4.16666666666667/-3.83333333333333/-3.5/-3.16666666666667/-2.83333333333333/-2.5/-2.16666666666667/-1.83333333333333/-1.5",0.832581047586578,0.932140808882349,0.250047797428074,-0.0995597612957709,0.229755770277804,NA,300
"Federated landmark IPW","RR",5,-0.5,"medium",1,25,"100/100/100/100/100/100/100/100/100/100","-4.5/-4.16666666666667/-3.83333333333333/-3.5/-3.16666666666667/-2.83333333333333/-2.5/-2.16666666666667/-1.83333333333333/-1.5",0.878404532524617,0.933683318715799,0.15221977701777,-0.0552787861911823,0.142064742103965,NA,300
"Federated landmark IPW","RR",10,-0.5,"medium",1,25,"100/100/100/100/100/100/100/100/100/100","-4.5/-4.16666666666667/-3.83333333333333/-3.5/-3.16666666666667/-2.83333333333333/-2.5/-2.16666666666667/-1.83333333333333/-1.5",0.916093133320275,0.943465838695901,0.183779997992142,-0.0273727053756261,0.182033724674322,NA,300
"Federated landmark IPW","RR",15,-0.5,"medium",1,25,"100/100/100/100/100/100/100/100/100/100","-4.5/-4.16666666666667/-3.83333333333333/-3.5/-3.16666666666667/-2.83333333333333/-2.5/-2.16666666666667/-1.83333333333333/-1.5",0.949799203021897,0.952710924853563,0.290395573731678,-0.00291172183166611,0.290866157405783,NA,300
"Federated landmark IPW","RR",5,-1,"small",0.5,25,"100/100/100/100/100/100/100/100/100/100","-4.5/-4.16666666666667/-3.83333333333333/-3.5/-3.16666666666667/-2.83333333333333/-2.5/-2.16666666666667/-1.83333333333333/-1.5",0.709327276733955,0.855971932178865,0.177832747263705,-0.14664465544491,0.100765453492382,NA,300
"Federated landmark IPW","RR",10,-1,"small",0.5,25,"100/100/100/100/100/100/100/100/100/100","-4.5/-4.16666666666667/-3.83333333333333/-3.5/-3.16666666666667/-2.83333333333333/-2.5/-2.16666666666667/-1.83333333333333/-1.5",0.649670192419905,0.889479949040049,0.266722943098295,-0.239809756620144,0.116952992035076,NA,300
"Federated landmark IPW","RR",15,-1,"small",0.5,25,"100/100/100/100/100/100/100/100/100/100","-4.5/-4.16666666666667/-3.83333333333333/-3.5/-3.16666666666667/-2.83333333333333/-2.5/-2.16666666666667/-1.83333333333333/-1.5",0.651055489476773,0.905643153664282,0.310332889824188,-0.25458766418751,0.177755300642582,NA,300
"Federated landmark IPW","RR",5,-0.7,"small",0.5,25,"100/100/100/100/100/100/100/100/100/100","-4.5/-4.16666666666667/-3.83333333333333/-3.5/-3.16666666666667/-2.83333333333333/-2.5/-2.16666666666667/-1.83333333333333/-1.5",0.817002983210848,0.903492416980042,0.14398527286187,-0.0864894337691944,0.115306788607847,NA,300
"Federated landmark IPW","RR",10,-0.7,"small",0.5,25,"100/100/100/100/100/100/100/100/100/100","-4.5/-4.16666666666667/-3.83333333333333/-3.5/-3.16666666666667/-2.83333333333333/-2.5/-2.16666666666667/-1.83333333333333/-1.5",0.758621926887777,0.924675641140243,0.206579204224106,-0.166053714252466,0.123091986163537,NA,300
"Federated landmark IPW","RR",15,-0.7,"small",0.5,25,"100/100/100/100/100/100/100/100/100/100","-4.5/-4.16666666666667/-3.83333333333333/-3.5/-3.16666666666667/-2.83333333333333/-2.5/-2.16666666666667/-1.83333333333333/-1.5",51.2434980820032,0.93497910911121,661.182413971936,50.3085189728919,660.367211211552,NA,300
"Federated landmark IPW","RR",5,-0.5,"small",0.5,25,"100/100/100/100/100/100/100/100/100/100","-4.5/-4.16666666666667/-3.83333333333333/-3.5/-3.16666666666667/-2.83333333333333/-2.5/-2.16666666666667/-1.83333333333333/-1.5",0.85768713525287,0.932769135871132,0.128712753289445,-0.0750820006182625,0.104719721683838,NA,300
"Federated landmark IPW","RR",10,-0.5,"small",0.5,25,"100/100/100/100/100/100/100/100/100/100","-4.5/-4.16666666666667/-3.83333333333333/-3.5/-3.16666666666667/-2.83333333333333/-2.5/-2.16666666666667/-1.83333333333333/-1.5",0.8274179183938,0.946541007338298,0.185017807021144,-0.119123088944499,0.141803759762721,NA,300
"Federated landmark IPW","RR",15,-0.5,"small",0.5,25,"100/100/100/100/100/100/100/100/100/100","-4.5/-4.16666666666667/-3.83333333333333/-3.5/-3.16666666666667/-2.83333333333333/-2.5/-2.16666666666667/-1.83333333333333/-1.5",0.861980213289959,0.953611538499257,0.30273157685711,-0.0916313252092977,0.289013038323852,NA,300
"Federated landmark IPW","RR",5,-1,"strong",1.5,25,"100/100/100/100/100/100/100/100/100/100","-4.5/-4.16666666666667/-3.83333333333333/-3.5/-3.16666666666667/-2.83333333333333/-2.5/-2.16666666666667/-1.83333333333333/-1.5",0.753695575781773,0.85437330962754,0.190325351633503,-0.100677733845767,0.161786845344481,NA,300
"Federated landmark IPW","RR",10,-1,"strong",1.5,25,"100/100/100/100/100/100/100/100/100/100","-4.5/-4.16666666666667/-3.83333333333333/-3.5/-3.16666666666667/-2.83333333333333/-2.5/-2.16666666666667/-1.83333333333333/-1.5",0.756934439240723,0.884299241013061,0.198470073152773,-0.127364801772338,0.152466599906506,NA,300
"Federated landmark IPW","RR",15,-1,"strong",1.5,25,"100/100/100/100/100/100/100/100/100/100","-4.5/-4.16666666666667/-3.83333333333333/-3.5/-3.16666666666667/-2.83333333333333/-2.5/-2.16666666666667/-1.83333333333333/-1.5",23.2700874682655,0.896206499144825,388.901587335769,22.3738809691206,388.906176512742,NA,300
"Federated landmark IPW","RR",5,-0.7,"strong",1.5,25,"100/100/100/100/100/100/100/100/100/100","-4.5/-4.16666666666667/-3.83333333333333/-3.5/-3.16666666666667/-2.83333333333333/-2.5/-2.16666666666667/-1.83333333333333/-1.5",0.841316671375525,0.900008340620041,0.181263441611828,-0.0586916692445161,0.171785011550976,NA,300
"Federated landmark IPW","RR",10,-0.7,"strong",1.5,25,"100/100/100/100/100/100/100/100/100/100","-4.5/-4.16666666666667/-3.83333333333333/-3.5/-3.16666666666667/-2.83333333333333/-2.5/-2.16666666666667/-1.83333333333333/-1.5",12.8669475325528,0.920153653513689,207.862127830847,11.9467938790391,207.865256480937,NA,300
"Federated landmark IPW","RR",15,-0.7,"strong",1.5,25,"100/100/100/100/100/100/100/100/100/100","-4.5/-4.16666666666667/-3.83333333333333/-3.5/-3.16666666666667/-2.83333333333333/-2.5/-2.16666666666667/-1.83333333333333/-1.5",0.943475307932212,0.932071688940529,0.253046297770278,0.0114036189916823,0.253211584736202,NA,300
"Federated landmark IPW","RR",5,-0.5,"strong",1.5,25,"100/100/100/100/100/100/100/100/100/100","-4.5/-4.16666666666667/-3.83333333333333/-3.5/-3.16666666666667/-2.83333333333333/-2.5/-2.16666666666667/-1.83333333333333/-1.5",0.924056666249991,0.929263866249626,0.163572568662688,-0.00520719999963471,0.163762830038079,NA,300
"Federated landmark IPW","RR",10,-0.5,"strong",1.5,25,"100/100/100/100/100/100/100/100/100/100","-4.5/-4.16666666666667/-3.83333333333333/-3.5/-3.16666666666667/-2.83333333333333/-2.5/-2.16666666666667/-1.83333333333333/-1.5",0.949283401449391,0.943310076651587,0.196201243001742,0.00597332479780401,0.196437963212117,NA,300
"Federated landmark IPW","RR",15,-0.5,"strong",1.5,25,"100/100/100/100/100/100/100/100/100/100","-4.5/-4.16666666666667/-3.83333333333333/-3.5/-3.16666666666667/-2.83333333333333/-2.5/-2.16666666666667/-1.83333333333333/-1.5",29.9883966972671,0.950830780062536,378.341537967194,29.0375659172045,377.855866661112,NA,300
"Local CCW + curve meta-analysis","RR",5,-1,"medium",1,25,"100/100/100/100/100/100/100/100/100/100","-4.5/-4.16666666666667/-3.83333333333333/-3.5/-3.16666666666667/-2.83333333333333/-2.5/-2.16666666666667/-1.83333333333333/-1.5",0.887627530900948,0.856010725124884,0.0682711096838769,0.031616805776064,0.0606099598589231,NA,300
"Local CCW + curve meta-analysis","RR",10,-1,"medium",1,25,"100/100/100/100/100/100/100/100/100/100","-4.5/-4.16666666666667/-3.83333333333333/-3.5/-3.16666666666667/-2.83333333333333/-2.5/-2.16666666666667/-1.83333333333333/-1.5",0.914469347082475,0.88592899939358,0.0565952990148381,0.0285403476888942,0.0489536989393254,NA,300
"Local CCW + curve meta-analysis","RR",15,-1,"medium",1,25,"100/100/100/100/100/100/100/100/100/100","-4.5/-4.16666666666667/-3.83333333333333/-3.5/-3.16666666666667/-2.83333333333333/-2.5/-2.16666666666667/-1.83333333333333/-1.5",0.932954884251108,0.902876370631133,0.0523451918198092,0.0300785136199749,0.0429120060037183,NA,300
"Local CCW + curve meta-analysis","RR",5,-0.7,"medium",1,25,"100/100/100/100/100/100/100/100/100/100","-4.5/-4.16666666666667/-3.83333333333333/-3.5/-3.16666666666667/-2.83333333333333/-2.5/-2.16666666666667/-1.83333333333333/-1.5",0.937716258629848,0.902341490685834,0.0684357395822567,0.0353747679440148,0.0586818094552936,NA,300
"Local CCW + curve meta-analysis","RR",10,-0.7,"medium",1,25,"100/100/100/100/100/100/100/100/100/100","-4.5/-4.16666666666667/-3.83333333333333/-3.5/-3.16666666666667/-2.83333333333333/-2.5/-2.16666666666667/-1.83333333333333/-1.5",0.955711331123008,0.92148680849454,0.0583310608795308,0.0342245226284678,0.0473144470945669,NA,300
"Local CCW + curve meta-analysis","RR",15,-0.7,"medium",1,25,"100/100/100/100/100/100/100/100/100/100","-4.5/-4.16666666666667/-3.83333333333333/-3.5/-3.16666666666667/-2.83333333333333/-2.5/-2.16666666666667/-1.83333333333333/-1.5",0.958317285344755,0.932140808882349,0.0503269421482861,0.0261764764624057,0.0430554575801355,NA,300
"Local CCW + curve meta-analysis","RR",5,-0.5,"medium",1,25,"100/100/100/100/100/100/100/100/100/100","-4.5/-4.16666666666667/-3.83333333333333/-3.5/-3.16666666666667/-2.83333333333333/-2.5/-2.16666666666667/-1.83333333333333/-1.5",0.964445740718849,0.933683318715799,0.0682751968719514,0.0307624220030492,0.0610540845305996,NA,300
"Local CCW + curve meta-analysis","RR",10,-0.5,"medium",1,25,"100/100/100/100/100/100/100/100/100/100","-4.5/-4.16666666666667/-3.83333333333333/-3.5/-3.16666666666667/-2.83333333333333/-2.5/-2.16666666666667/-1.83333333333333/-1.5",0.979179120339689,0.943465838695901,0.0606734898720191,0.0357132816437879,0.0491312543567097,NA,300
"Local CCW + curve meta-analysis","RR",15,-0.5,"medium",1,25,"100/100/100/100/100/100/100/100/100/100","-4.5/-4.16666666666667/-3.83333333333333/-3.5/-3.16666666666667/-2.83333333333333/-2.5/-2.16666666666667/-1.83333333333333/-1.5",0.986802059633813,0.952710924853563,0.0564992184151332,0.0340911347802497,0.0451303153337405,NA,300
"Local CCW + curve meta-analysis","RR",5,-1,"small",0.5,25,"100/100/100/100/100/100/100/100/100/100","-4.5/-4.16666666666667/-3.83333333333333/-3.5/-3.16666666666667/-2.83333333333333/-2.5/-2.16666666666667/-1.83333333333333/-1.5",0.877200014823373,0.855971932178865,0.0595778514481805,0.0212280826445083,0.0557606767113745,NA,300
"Local CCW + curve meta-analysis","RR",10,-1,"small",0.5,25,"100/100/100/100/100/100/100/100/100/100","-4.5/-4.16666666666667/-3.83333333333333/-3.5/-3.16666666666667/-2.83333333333333/-2.5/-2.16666666666667/-1.83333333333333/-1.5",0.8996983841748,0.889479949040049,0.0401606289520229,0.0102184351347514,0.0389037879510734,NA,300
"Local CCW + curve meta-analysis","RR",15,-1,"small",0.5,25,"100/100/100/100/100/100/100/100/100/100","-4.5/-4.16666666666667/-3.83333333333333/-3.5/-3.16666666666667/-2.83333333333333/-2.5/-2.16666666666667/-1.83333333333333/-1.5",0.926534470239255,0.905643153664282,0.0366593019223472,0.0208913165749732,0.0301743646739466,NA,300
"Local CCW + curve meta-analysis","RR",5,-0.7,"small",0.5,25,"100/100/100/100/100/100/100/100/100/100","-4.5/-4.16666666666667/-3.83333333333333/-3.5/-3.16666666666667/-2.83333333333333/-2.5/-2.16666666666667/-1.83333333333333/-1.5",0.930637811569382,0.903492416980042,0.0562886900990906,0.0271453945893395,0.0493930808966404,NA,300
"Local CCW + curve meta-analysis","RR",10,-0.7,"small",0.5,25,"100/100/100/100/100/100/100/100/100/100","-4.5/-4.16666666666667/-3.83333333333333/-3.5/-3.16666666666667/-2.83333333333333/-2.5/-2.16666666666667/-1.83333333333333/-1.5",0.938690234549091,0.924675641140243,0.0419288244385851,0.0140145934088477,0.0395833335048675,NA,300
"Local CCW + curve meta-analysis","RR",15,-0.7,"small",0.5,25,"100/100/100/100/100/100/100/100/100/100","-4.5/-4.16666666666667/-3.83333333333333/-3.5/-3.16666666666667/-2.83333333333333/-2.5/-2.16666666666667/-1.83333333333333/-1.5",0.951293751844644,0.93497910911121,0.0348912018470748,0.0163146427334341,0.0308935230217605,NA,300
"Local CCW + curve meta-analysis","RR",5,-0.5,"small",0.5,25,"100/100/100/100/100/100/100/100/100/100","-4.5/-4.16666666666667/-3.83333333333333/-3.5/-3.16666666666667/-2.83333333333333/-2.5/-2.16666666666667/-1.83333333333333/-1.5",0.9536152266868,0.932769135871132,0.0562700821342797,0.0208460908156672,0.0523535955881437,NA,300
"Local CCW + curve meta-analysis","RR",10,-0.5,"small",0.5,25,"100/100/100/100/100/100/100/100/100/100","-4.5/-4.16666666666667/-3.83333333333333/-3.5/-3.16666666666667/-2.83333333333333/-2.5/-2.16666666666667/-1.83333333333333/-1.5",0.96041360533887,0.946541007338298,0.0398473846194453,0.0138725980005712,0.0374169995935873,NA,300
"Local CCW + curve meta-analysis","RR",15,-0.5,"small",0.5,25,"100/100/100/100/100/100/100/100/100/100","-4.5/-4.16666666666667/-3.83333333333333/-3.5/-3.16666666666667/-2.83333333333333/-2.5/-2.16666666666667/-1.83333333333333/-1.5",0.972259452288233,0.953611538499257,0.0374734434897851,0.0186479137889764,0.0325583748192472,NA,300
"Local CCW + curve meta-analysis","RR",5,-1,"strong",1.5,25,"100/100/100/100/100/100/100/100/100/100","-4.5/-4.16666666666667/-3.83333333333333/-3.5/-3.16666666666667/-2.83333333333333/-2.5/-2.16666666666667/-1.83333333333333/-1.5",0.914157407526119,0.85437330962754,0.0883178642359415,0.0597840978985792,0.0651155914443573,NA,300
"Local CCW + curve meta-analysis","RR",10,-1,"strong",1.5,25,"100/100/100/100/100/100/100/100/100/100","-4.5/-4.16666666666667/-3.83333333333333/-3.5/-3.16666666666667/-2.83333333333333/-2.5/-2.16666666666667/-1.83333333333333/-1.5",0.931788546009231,0.884299241013061,0.0701793747041276,0.0474893049961696,0.0517575116437053,NA,300
"Local CCW + curve meta-analysis","RR",15,-1,"strong",1.5,25,"100/100/100/100/100/100/100/100/100/100","-4.5/-4.16666666666667/-3.83333333333333/-3.5/-3.16666666666667/-2.83333333333333/-2.5/-2.16666666666667/-1.83333333333333/-1.5",0.940611175195071,0.896206499144825,0.0698605003777291,0.0444046760502457,0.0540226100742105,NA,300
"Local CCW + curve meta-analysis","RR",5,-0.7,"strong",1.5,25,"100/100/100/100/100/100/100/100/100/100","-4.5/-4.16666666666667/-3.83333333333333/-3.5/-3.16666666666667/-2.83333333333333/-2.5/-2.16666666666667/-1.83333333333333/-1.5",0.971311269067443,0.900008340620041,0.094937268097455,0.0713029284474014,0.0627862856110758,NA,300
"Local CCW + curve meta-analysis","RR",10,-0.7,"strong",1.5,25,"100/100/100/100/100/100/100/100/100/100","-4.5/-4.16666666666667/-3.83333333333333/-3.5/-3.16666666666667/-2.83333333333333/-2.5/-2.16666666666667/-1.83333333333333/-1.5",0.968497394065298,0.920153653513689,0.0758334924555029,0.048343740551609,0.0585236538019055,NA,300
"Local CCW + curve meta-analysis","RR",15,-0.7,"strong",1.5,25,"100/100/100/100/100/100/100/100/100/100","-4.5/-4.16666666666667/-3.83333333333333/-3.5/-3.16666666666667/-2.83333333333333/-2.5/-2.16666666666667/-1.83333333333333/-1.5",0.982088118425166,0.932071688940529,0.0731719906821021,0.0500164294846363,0.0534980104839658,NA,300
"Local CCW + curve meta-analysis","RR",5,-0.5,"strong",1.5,25,"100/100/100/100/100/100/100/100/100/100","-4.5/-4.16666666666667/-3.83333333333333/-3.5/-3.16666666666667/-2.83333333333333/-2.5/-2.16666666666667/-1.83333333333333/-1.5",1.00066246324856,0.929263866249626,0.0926106527010475,0.0713985969989306,0.0590813735676522,NA,300
"Local CCW + curve meta-analysis","RR",10,-0.5,"strong",1.5,25,"100/100/100/100/100/100/100/100/100/100","-4.5/-4.16666666666667/-3.83333333333333/-3.5/-3.16666666666667/-2.83333333333333/-2.5/-2.16666666666667/-1.83333333333333/-1.5",0.99821165386712,0.943310076651587,0.0776090188410994,0.0549015772155336,0.0549457923020249,NA,300
"Local CCW + curve meta-analysis","RR",15,-0.5,"strong",1.5,25,"100/100/100/100/100/100/100/100/100/100","-4.5/-4.16666666666667/-3.83333333333333/-3.5/-3.16666666666667/-2.83333333333333/-2.5/-2.16666666666667/-1.83333333333333/-1.5",1.01025307168949,0.950830780062536,0.0738281595005413,0.0594222916269555,0.0438863124574027,NA,300
"Federated IPW (no cloning)","RR",5,-1,"medium",1,25,"100/100/100/100/100/100/100/100/100/100","-4.5/-4.16666666666667/-3.83333333333333/-3.5/-3.16666666666667/-2.83333333333333/-2.5/-2.16666666666667/-1.83333333333333/-1.5",0.727417457549574,0.856010725124884,0.176366842320062,-0.12859326757531,0.120903930757011,NA,300
"Federated IPW (no cloning)","RR",10,-1,"medium",1,25,"100/100/100/100/100/100/100/100/100/100","-4.5/-4.16666666666667/-3.83333333333333/-3.5/-3.16666666666667/-2.83333333333333/-2.5/-2.16666666666667/-1.83333333333333/-1.5",0.673075313436498,0.88592899939358,0.23502584919295,-0.212853685957082,0.099818186709693,NA,300
"Federated IPW (no cloning)","RR",15,-1,"medium",1,25,"100/100/100/100/100/100/100/100/100/100","-4.5/-4.16666666666667/-3.83333333333333/-3.5/-3.16666666666667/-2.83333333333333/-2.5/-2.16666666666667/-1.83333333333333/-1.5",0.653444265357986,0.902876370631133,0.266230954713236,-0.249432105273147,0.0932283102530333,NA,300
"Federated IPW (no cloning)","RR",5,-0.7,"medium",1,25,"100/100/100/100/100/100/100/100/100/100","-4.5/-4.16666666666667/-3.83333333333333/-3.5/-3.16666666666667/-2.83333333333333/-2.5/-2.16666666666667/-1.83333333333333/-1.5",0.810137640575502,0.902341490685834,0.14299278764782,-0.0922038501103316,0.109477570636031,NA,300
"Federated IPW (no cloning)","RR",10,-0.7,"medium",1,25,"100/100/100/100/100/100/100/100/100/100","-4.5/-4.16666666666667/-3.83333333333333/-3.5/-3.16666666666667/-2.83333333333333/-2.5/-2.16666666666667/-1.83333333333333/-1.5",0.755299879302649,0.92148680849454,0.191778859758888,-0.16618692919189,0.0958732211375695,NA,300
"Federated IPW (no cloning)","RR",15,-0.7,"medium",1,25,"100/100/100/100/100/100/100/100/100/100","-4.5/-4.16666666666667/-3.83333333333333/-3.5/-3.16666666666667/-2.83333333333333/-2.5/-2.16666666666667/-1.83333333333333/-1.5",0.710770990880866,0.932140808882349,0.241202996543195,-0.221369818001483,0.0959425477092581,NA,300
"Federated IPW (no cloning)","RR",5,-0.5,"medium",1,25,"100/100/100/100/100/100/100/100/100/100","-4.5/-4.16666666666667/-3.83333333333333/-3.5/-3.16666666666667/-2.83333333333333/-2.5/-2.16666666666667/-1.83333333333333/-1.5",0.855156359971571,0.933683318715799,0.140130567314223,-0.078526958744228,0.116254647749094,NA,300
"Federated IPW (no cloning)","RR",10,-0.5,"medium",1,25,"100/100/100/100/100/100/100/100/100/100","-4.5/-4.16666666666667/-3.83333333333333/-3.5/-3.16666666666667/-2.83333333333333/-2.5/-2.16666666666667/-1.83333333333333/-1.5",0.797552868913211,0.943465838695901,0.188565265630034,-0.14591296978269,0.119641037737996,NA,300
"Federated IPW (no cloning)","RR",15,-0.5,"medium",1,25,"100/100/100/100/100/100/100/100/100/100","-4.5/-4.16666666666667/-3.83333333333333/-3.5/-3.16666666666667/-2.83333333333333/-2.5/-2.16666666666667/-1.83333333333333/-1.5",0.759797531143468,0.952710924853563,0.220384079985733,-0.192913393710095,0.106731143667193,NA,300
"Federated IPW (no cloning)","RR",5,-1,"small",0.5,25,"100/100/100/100/100/100/100/100/100/100","-4.5/-4.16666666666667/-3.83333333333333/-3.5/-3.16666666666667/-2.83333333333333/-2.5/-2.16666666666667/-1.83333333333333/-1.5",0.732323837217251,0.855971932178865,0.146713927557124,-0.123648094961613,0.079101085690773,NA,300
"Federated IPW (no cloning)","RR",10,-1,"small",0.5,25,"100/100/100/100/100/100/100/100/100/100","-4.5/-4.16666666666667/-3.83333333333333/-3.5/-3.16666666666667/-2.83333333333333/-2.5/-2.16666666666667/-1.83333333333333/-1.5",0.652824969360449,0.889479949040049,0.245431931655042,-0.2366549796796,0.065156772624467,NA,300
"Federated IPW (no cloning)","RR",15,-1,"small",0.5,25,"100/100/100/100/100/100/100/100/100/100","-4.5/-4.16666666666667/-3.83333333333333/-3.5/-3.16666666666667/-2.83333333333333/-2.5/-2.16666666666667/-1.83333333333333/-1.5",0.624198489046532,0.905643153664282,0.287281517340259,-0.28144466461775,0.0577119849558899,NA,300
"Federated IPW (no cloning)","RR",5,-0.7,"small",0.5,25,"100/100/100/100/100/100/100/100/100/100","-4.5/-4.16666666666667/-3.83333333333333/-3.5/-3.16666666666667/-2.83333333333333/-2.5/-2.16666666666667/-1.83333333333333/-1.5",0.815129682493414,0.903492416980042,0.111958452344546,-0.0883627344866284,0.068866034014609,NA,300
"Federated IPW (no cloning)","RR",10,-0.7,"small",0.5,25,"100/100/100/100/100/100/100/100/100/100","-4.5/-4.16666666666667/-3.83333333333333/-3.5/-3.16666666666667/-2.83333333333333/-2.5/-2.16666666666667/-1.83333333333333/-1.5",0.728475821335146,0.924675641140243,0.208609658626099,-0.196199819805097,0.070995927957174,NA,300
"Federated IPW (no cloning)","RR",15,-0.7,"small",0.5,25,"100/100/100/100/100/100/100/100/100/100","-4.5/-4.16666666666667/-3.83333333333333/-3.5/-3.16666666666667/-2.83333333333333/-2.5/-2.16666666666667/-1.83333333333333/-1.5",0.685543781980951,0.93497910911121,0.257272170729174,-0.249435327130259,0.0631210607125181,NA,300
"Federated IPW (no cloning)","RR",5,-0.5,"small",0.5,25,"100/100/100/100/100/100/100/100/100/100","-4.5/-4.16666666666667/-3.83333333333333/-3.5/-3.16666666666667/-2.83333333333333/-2.5/-2.16666666666667/-1.83333333333333/-1.5",0.852548716461182,0.932769135871132,0.108482329922083,-0.0802204194099504,0.0731500968597034,NA,300
"Federated IPW (no cloning)","RR",10,-0.5,"small",0.5,25,"100/100/100/100/100/100/100/100/100/100","-4.5/-4.16666666666667/-3.83333333333333/-3.5/-3.16666666666667/-2.83333333333333/-2.5/-2.16666666666667/-1.83333333333333/-1.5",0.778485060352755,0.946541007338298,0.180464780466521,-0.168055946985543,0.065872601819904,NA,300
"Federated IPW (no cloning)","RR",15,-0.5,"small",0.5,25,"100/100/100/100/100/100/100/100/100/100","-4.5/-4.16666666666667/-3.83333333333333/-3.5/-3.16666666666667/-2.83333333333333/-2.5/-2.16666666666667/-1.83333333333333/-1.5",0.728181340147575,0.953611538499257,0.233958889002985,-0.225430198351682,0.0626984134685277,NA,300
"Federated IPW (no cloning)","RR",5,-1,"strong",1.5,25,"100/100/100/100/100/100/100/100/100/100","-4.5/-4.16666666666667/-3.83333333333333/-3.5/-3.16666666666667/-2.83333333333333/-2.5/-2.16666666666667/-1.83333333333333/-1.5",0.750226074952228,0.85437330962754,0.174291087272966,-0.104147234675312,0.139985916440251,NA,300
"Federated IPW (no cloning)","RR",10,-1,"strong",1.5,25,"100/100/100/100/100/100/100/100/100/100","-4.5/-4.16666666666667/-3.83333333333333/-3.5/-3.16666666666667/-2.83333333333333/-2.5/-2.16666666666667/-1.83333333333333/-1.5",0.696655635284539,0.884299241013061,0.22632912792616,-0.187643605728522,0.126760847340217,NA,300
"Federated IPW (no cloning)","RR",15,-1,"strong",1.5,25,"100/100/100/100/100/100/100/100/100/100","-4.5/-4.16666666666667/-3.83333333333333/-3.5/-3.16666666666667/-2.83333333333333/-2.5/-2.16666666666667/-1.83333333333333/-1.5",0.663223883715321,0.896206499144825,0.266704612657886,-0.232982615429504,0.130026179460541,NA,300
"Federated IPW (no cloning)","RR",5,-0.7,"strong",1.5,25,"100/100/100/100/100/100/100/100/100/100","-4.5/-4.16666666666667/-3.83333333333333/-3.5/-3.16666666666667/-2.83333333333333/-2.5/-2.16666666666667/-1.83333333333333/-1.5",0.829949040762453,0.900008340620041,0.159780468207855,-0.070059299857588,0.143841790612492,NA,300
"Federated IPW (no cloning)","RR",10,-0.7,"strong",1.5,25,"100/100/100/100/100/100/100/100/100/100","-4.5/-4.16666666666667/-3.83333333333333/-3.5/-3.16666666666667/-2.83333333333333/-2.5/-2.16666666666667/-1.83333333333333/-1.5",0.755615510982503,0.920153653513689,0.221860886209119,-0.164538142531186,0.149075587935373,NA,300
"Federated IPW (no cloning)","RR",15,-0.7,"strong",1.5,25,"100/100/100/100/100/100/100/100/100/100","-4.5/-4.16666666666667/-3.83333333333333/-3.5/-3.16666666666667/-2.83333333333333/-2.5/-2.16666666666667/-1.83333333333333/-1.5",0.743770344871626,0.932071688940529,0.233999802606139,-0.188301344068903,0.139151194598119,NA,300
"Federated IPW (no cloning)","RR",5,-0.5,"strong",1.5,25,"100/100/100/100/100/100/100/100/100/100","-4.5/-4.16666666666667/-3.83333333333333/-3.5/-3.16666666666667/-2.83333333333333/-2.5/-2.16666666666667/-1.83333333333333/-1.5",0.873539335769746,0.929263866249626,0.144241456887358,-0.0557245304798792,0.133265048549878,NA,300
"Federated IPW (no cloning)","RR",10,-0.5,"strong",1.5,25,"100/100/100/100/100/100/100/100/100/100","-4.5/-4.16666666666667/-3.83333333333333/-3.5/-3.16666666666667/-2.83333333333333/-2.5/-2.16666666666667/-1.83333333333333/-1.5",0.814133085508388,0.943310076651587,0.18406666644685,-0.129176991143199,0.131344383764721,NA,300
"Federated IPW (no cloning)","RR",15,-0.5,"strong",1.5,25,"100/100/100/100/100/100/100/100/100/100","-4.5/-4.16666666666667/-3.83333333333333/-3.5/-3.16666666666667/-2.83333333333333/-2.5/-2.16666666666667/-1.83333333333333/-1.5",0.804310990372268,0.950830780062536,0.19205179906303,-0.146519789690269,0.124368013418529,NA,300
"Federated per-protocol (unweighted)","RR",5,-1,"medium",1,25,"100/100/100/100/100/100/100/100/100/100","-4.5/-4.16666666666667/-3.83333333333333/-3.5/-3.16666666666667/-2.83333333333333/-2.5/-2.16666666666667/-1.83333333333333/-1.5",0.988212273143398,0.856010725124884,0.136418463770397,0.132201548018513,0.0337125557277434,NA,300
"Federated per-protocol (unweighted)","RR",10,-1,"medium",1,25,"100/100/100/100/100/100/100/100/100/100","-4.5/-4.16666666666667/-3.83333333333333/-3.5/-3.16666666666667/-2.83333333333333/-2.5/-2.16666666666667/-1.83333333333333/-1.5",0.937192746349044,0.88592899939358,0.0626795610234744,0.0512637469554631,0.0361262504478359,NA,300
"Federated per-protocol (unweighted)","RR",15,-1,"medium",1,25,"100/100/100/100/100/100/100/100/100/100","-4.5/-4.16666666666667/-3.83333333333333/-3.5/-3.16666666666667/-2.83333333333333/-2.5/-2.16666666666667/-1.83333333333333/-1.5",0.891446759865159,0.902876370631133,0.0385843092679588,-0.011429610765974,0.0369141585722989,NA,300
"Federated per-protocol (unweighted)","RR",5,-0.7,"medium",1,25,"100/100/100/100/100/100/100/100/100/100","-4.5/-4.16666666666667/-3.83333333333333/-3.5/-3.16666666666667/-2.83333333333333/-2.5/-2.16666666666667/-1.83333333333333/-1.5",1.04095881110883,0.902341490685834,0.142090943612855,0.138617320422992,0.0312783608115576,NA,300
"Federated per-protocol (unweighted)","RR",10,-0.7,"medium",1,25,"100/100/100/100/100/100/100/100/100/100","-4.5/-4.16666666666667/-3.83333333333333/-3.5/-3.16666666666667/-2.83333333333333/-2.5/-2.16666666666667/-1.83333333333333/-1.5",0.996256344227278,0.92148680849454,0.0811833595376589,0.0747695357327384,0.031679642115193,NA,300
"Federated per-protocol (unweighted)","RR",15,-0.7,"medium",1,25,"100/100/100/100/100/100/100/100/100/100","-4.5/-4.16666666666667/-3.83333333333333/-3.5/-3.16666666666667/-2.83333333333333/-2.5/-2.16666666666667/-1.83333333333333/-1.5",0.951375955409234,0.932140808882349,0.0357433586518987,0.0192351465268848,0.0301766841567546,NA,300
"Federated per-protocol (unweighted)","RR",5,-0.5,"medium",1,25,"100/100/100/100/100/100/100/100/100/100","-4.5/-4.16666666666667/-3.83333333333333/-3.5/-3.16666666666667/-2.83333333333333/-2.5/-2.16666666666667/-1.83333333333333/-1.5",1.07037499274787,0.933683318715799,0.140080428471168,0.136691674032073,0.0306765304869644,NA,300
"Federated per-protocol (unweighted)","RR",10,-0.5,"medium",1,25,"100/100/100/100/100/100/100/100/100/100","-4.5/-4.16666666666667/-3.83333333333333/-3.5/-3.16666666666667/-2.83333333333333/-2.5/-2.16666666666667/-1.83333333333333/-1.5",1.03787480227539,0.943465838695901,0.0988122983454118,0.0944089635794847,0.0292175194868894,NA,300
"Federated per-protocol (unweighted)","RR",15,-0.5,"medium",1,25,"100/100/100/100/100/100/100/100/100/100","-4.5/-4.16666666666667/-3.83333333333333/-3.5/-3.16666666666667/-2.83333333333333/-2.5/-2.16666666666667/-1.83333333333333/-1.5",0.995470201775545,0.952710924853563,0.0524477173274234,0.042759276921982,0.0304219043483556,NA,300
"Federated per-protocol (unweighted)","RR",5,-1,"small",0.5,25,"100/100/100/100/100/100/100/100/100/100","-4.5/-4.16666666666667/-3.83333333333333/-3.5/-3.16666666666667/-2.83333333333333/-2.5/-2.16666666666667/-1.83333333333333/-1.5",0.874390032542931,0.855971932178865,0.0414307506777229,0.0184181003640667,0.0371737403364365,NA,300
"Federated per-protocol (unweighted)","RR",10,-1,"small",0.5,25,"100/100/100/100/100/100/100/100/100/100","-4.5/-4.16666666666667/-3.83333333333333/-3.5/-3.16666666666667/-2.83333333333333/-2.5/-2.16666666666667/-1.83333333333333/-1.5",0.805554409524954,0.889479949040049,0.0915307352074881,-0.0839255395150945,0.0365901914693383,NA,300
"Federated per-protocol (unweighted)","RR",15,-1,"small",0.5,25,"100/100/100/100/100/100/100/100/100/100","-4.5/-4.16666666666667/-3.83333333333333/-3.5/-3.16666666666667/-2.83333333333333/-2.5/-2.16666666666667/-1.83333333333333/-1.5",0.761599494382505,0.905643153664282,0.148202214712317,-0.144043659281777,0.0349196976499534,NA,300
"Federated per-protocol (unweighted)","RR",5,-0.7,"small",0.5,25,"100/100/100/100/100/100/100/100/100/100","-4.5/-4.16666666666667/-3.83333333333333/-3.5/-3.16666666666667/-2.83333333333333/-2.5/-2.16666666666667/-1.83333333333333/-1.5",0.945338359039224,0.903492416980042,0.0535047221852958,0.0418459420591818,0.03339746094086,NA,300
"Federated per-protocol (unweighted)","RR",10,-0.7,"small",0.5,25,"100/100/100/100/100/100/100/100/100/100","-4.5/-4.16666666666667/-3.83333333333333/-3.5/-3.16666666666667/-2.83333333333333/-2.5/-2.16666666666667/-1.83333333333333/-1.5",0.880246901498531,0.924675641140243,0.0553330642849198,-0.0444287396417119,0.0330374536167611,NA,300
"Federated per-protocol (unweighted)","RR",15,-0.7,"small",0.5,25,"100/100/100/100/100/100/100/100/100/100","-4.5/-4.16666666666667/-3.83333333333333/-3.5/-3.16666666666667/-2.83333333333333/-2.5/-2.16666666666667/-1.83333333333333/-1.5",0.828872592353905,0.93497910911121,0.110418579413551,-0.106106516757305,0.0306070649155987,NA,300
"Federated per-protocol (unweighted)","RR",5,-0.5,"small",0.5,25,"100/100/100/100/100/100/100/100/100/100","-4.5/-4.16666666666667/-3.83333333333333/-3.5/-3.16666666666667/-2.83333333333333/-2.5/-2.16666666666667/-1.83333333333333/-1.5",0.985186151396181,0.932769135871132,0.062159573937471,0.0524170155250489,0.0334664377706715,NA,300
"Federated per-protocol (unweighted)","RR",10,-0.5,"small",0.5,25,"100/100/100/100/100/100/100/100/100/100","-4.5/-4.16666666666667/-3.83333333333333/-3.5/-3.16666666666667/-2.83333333333333/-2.5/-2.16666666666667/-1.83333333333333/-1.5",0.922253025927604,0.946541007338298,0.0413143979550237,-0.0242879814106945,0.0334769941078169,NA,300
"Federated per-protocol (unweighted)","RR",15,-0.5,"small",0.5,25,"100/100/100/100/100/100/100/100/100/100","-4.5/-4.16666666666667/-3.83333333333333/-3.5/-3.16666666666667/-2.83333333333333/-2.5/-2.16666666666667/-1.83333333333333/-1.5",0.872408932056398,0.953611538499257,0.0872908691701085,-0.0812026064428593,0.0320821356122674,NA,300
"Federated per-protocol (unweighted)","RR",5,-1,"strong",1.5,25,"100/100/100/100/100/100/100/100/100/100","-4.5/-4.16666666666667/-3.83333333333333/-3.5/-3.16666666666667/-2.83333333333333/-2.5/-2.16666666666667/-1.83333333333333/-1.5",1.05553691770258,0.85437330962754,0.203820905374164,0.201163608075042,0.0328597544927833,NA,300
"Federated per-protocol (unweighted)","RR",10,-1,"strong",1.5,25,"100/100/100/100/100/100/100/100/100/100","-4.5/-4.16666666666667/-3.83333333333333/-3.5/-3.16666666666667/-2.83333333333333/-2.5/-2.16666666666667/-1.83333333333333/-1.5",1.00998721974637,0.884299241013061,0.129720385303552,0.125687978733309,0.0321458377011542,NA,300
"Federated per-protocol (unweighted)","RR",15,-1,"strong",1.5,25,"100/100/100/100/100/100/100/100/100/100","-4.5/-4.16666666666667/-3.83333333333333/-3.5/-3.16666666666667/-2.83333333333333/-2.5/-2.16666666666667/-1.83333333333333/-1.5",0.976688532271033,0.896206499144825,0.0872443221491099,0.0804820331262082,0.033734365998102,NA,300
"Federated per-protocol (unweighted)","RR",5,-0.7,"strong",1.5,25,"100/100/100/100/100/100/100/100/100/100","-4.5/-4.16666666666667/-3.83333333333333/-3.5/-3.16666666666667/-2.83333333333333/-2.5/-2.16666666666667/-1.83333333333333/-1.5",1.10434846022678,0.900008340620041,0.206344947282137,0.204340119606737,0.0287420680575764,NA,300
"Federated per-protocol (unweighted)","RR",10,-0.7,"strong",1.5,25,"100/100/100/100/100/100/100/100/100/100","-4.5/-4.16666666666667/-3.83333333333333/-3.5/-3.16666666666667/-2.83333333333333/-2.5/-2.16666666666667/-1.83333333333333/-1.5",1.0762628146147,0.920153653513689,0.159081835591633,0.156109161101011,0.030660950438868,NA,300
"Federated per-protocol (unweighted)","RR",15,-0.7,"strong",1.5,25,"100/100/100/100/100/100/100/100/100/100","-4.5/-4.16666666666667/-3.83333333333333/-3.5/-3.16666666666667/-2.83333333333333/-2.5/-2.16666666666667/-1.83333333333333/-1.5",1.03992400302631,0.932071688940529,0.113083928203981,0.107852314085776,0.0340546457041188,NA,300
"Federated per-protocol (unweighted)","RR",5,-0.5,"strong",1.5,25,"100/100/100/100/100/100/100/100/100/100","-4.5/-4.16666666666667/-3.83333333333333/-3.5/-3.16666666666667/-2.83333333333333/-2.5/-2.16666666666667/-1.83333333333333/-1.5",1.13600968737215,0.929263866249626,0.208613767801729,0.20674582112252,0.0279009757230196,NA,300
"Federated per-protocol (unweighted)","RR",10,-0.5,"strong",1.5,25,"100/100/100/100/100/100/100/100/100/100","-4.5/-4.16666666666667/-3.83333333333333/-3.5/-3.16666666666667/-2.83333333333333/-2.5/-2.16666666666667/-1.83333333333333/-1.5",1.10245587130352,0.943310076651587,0.161893180940278,0.159145794651932,0.0297484112652998,NA,300
"Federated per-protocol (unweighted)","RR",15,-0.5,"strong",1.5,25,"100/100/100/100/100/100/100/100/100/100","-4.5/-4.16666666666667/-3.83333333333333/-3.5/-3.16666666666667/-2.83333333333333/-2.5/-2.16666666666667/-1.83333333333333/-1.5",1.07642785224386,0.950830780062536,0.129532795675604,0.125597072181325,0.0317408077708085,NA,300
"Federated CCW","OR",5,-1,"medium",1,25,"100/100/100/100/100/100/100/100/100/100","-4.5/-4.16666666666667/-3.83333333333333/-3.5/-3.16666666666667/-2.83333333333333/-2.5/-2.16666666666667/-1.83333333333333/-1.5",0.531096828235415,0.472870635773413,0.230439922529283,0.0582261924620018,0.22333501779597,0.91,300
"Federated CCW","OR",10,-1,"medium",1,25,"100/100/100/100/100/100/100/100/100/100","-4.5/-4.16666666666667/-3.83333333333333/-3.5/-3.16666666666667/-2.83333333333333/-2.5/-2.16666666666667/-1.83333333333333/-1.5",0.604084998608912,0.540731833313127,0.193593872359431,0.0633531652957847,0.18323997058007,0.913333333333333,300
"Federated CCW","OR",15,-1,"medium",1,25,"100/100/100/100/100/100/100/100/100/100","-4.5/-4.16666666666667/-3.83333333333333/-3.5/-3.16666666666667/-2.83333333333333/-2.5/-2.16666666666667/-1.83333333333333/-1.5",0.668455857241038,0.58501416360224,0.189996523104538,0.0834416936387982,0.170978384347894,0.876666666666667,300
"Federated CCW","OR",5,-0.7,"medium",1,25,"100/100/100/100/100/100/100/100/100/100","-4.5/-4.16666666666667/-3.83333333333333/-3.5/-3.16666666666667/-2.83333333333333/-2.5/-2.16666666666667/-1.83333333333333/-1.5",0.691095907415564,0.582920675578134,0.313785551557055,0.10817523183743,0.295041788746225,0.876666666666667,300
"Federated CCW","OR",10,-0.7,"medium",1,25,"100/100/100/100/100/100/100/100/100/100","-4.5/-4.16666666666667/-3.83333333333333/-3.5/-3.16666666666667/-2.83333333333333/-2.5/-2.16666666666667/-1.83333333333333/-1.5",0.74476975782623,0.639898744824208,0.260022124757293,0.104871013002022,0.238333629726809,0.916666666666667,300
"Federated CCW","OR",15,-0.7,"medium",1,25,"100/100/100/100/100/100/100/100/100/100","-4.5/-4.16666666666667/-3.83333333333333/-3.5/-3.16666666666667/-2.83333333333333/-2.5/-2.16666666666667/-1.83333333333333/-1.5",0.763236488092596,0.674735830581211,0.244448522195386,0.0885006575113854,0.228246288434608,0.89,300
"Federated CCW","OR",5,-0.5,"medium",1,25,"100/100/100/100/100/100/100/100/100/100","-4.5/-4.16666666666667/-3.83333333333333/-3.5/-3.16666666666667/-2.83333333333333/-2.5/-2.16666666666667/-1.83333333333333/-1.5",0.832168638454648,0.68016493923945,0.439559609202454,0.152003699215199,0.41313006058258,0.873333333333333,300
"Federated CCW","OR",10,-0.5,"medium",1,25,"100/100/100/100/100/100/100/100/100/100","-4.5/-4.16666666666667/-3.83333333333333/-3.5/-3.16666666666667/-2.83333333333333/-2.5/-2.16666666666667/-1.83333333333333/-1.5",0.873326665488511,0.715893883351045,0.413053522849689,0.157432782137466,0.382512550580371,0.88,300
"Federated CCW","OR",15,-0.5,"medium",1,25,"100/100/100/100/100/100/100/100/100/100","-4.5/-4.16666666666667/-3.83333333333333/-3.5/-3.16666666666667/-2.83333333333333/-2.5/-2.16666666666667/-1.83333333333333/-1.5",0.884853821953528,0.752883462030452,0.341217764420462,0.131970359923076,0.315189681475935,0.86,300
"Federated CCW","OR",5,-1,"small",0.5,25,"100/100/100/100/100/100/100/100/100/100","-4.5/-4.16666666666667/-3.83333333333333/-3.5/-3.16666666666667/-2.83333333333333/-2.5/-2.16666666666667/-1.83333333333333/-1.5",0.518303802309287,0.473157202956085,0.151961711852577,0.0451465993532018,0.145342910530506,0.91,300
"Federated CCW","OR",10,-1,"small",0.5,25,"100/100/100/100/100/100/100/100/100/100","-4.5/-4.16666666666667/-3.83333333333333/-3.5/-3.16666666666667/-2.83333333333333/-2.5/-2.16666666666667/-1.83333333333333/-1.5",0.576960208640117,0.549454542959594,0.120270208173052,0.0275056656805231,0.117278338544535,0.95,300
"Federated CCW","OR",15,-1,"small",0.5,25,"100/100/100/100/100/100/100/100/100/100","-4.5/-4.16666666666667/-3.83333333333333/-3.5/-3.16666666666667/-2.83333333333333/-2.5/-2.16666666666667/-1.83333333333333/-1.5",0.646418868065089,0.592759855902978,0.125538859236742,0.0536590121621109,0.113682869899608,0.936666666666667,300
"Federated CCW","OR",5,-0.7,"small",0.5,25,"100/100/100/100/100/100/100/100/100/100","-4.5/-4.16666666666667/-3.83333333333333/-3.5/-3.16666666666667/-2.83333333333333/-2.5/-2.16666666666667/-1.83333333333333/-1.5",0.663518127927889,0.585871387620653,0.191508005054763,0.0776467403072355,0.17535334529287,0.906666666666667,300
"Federated CCW","OR",10,-0.7,"small",0.5,25,"100/100/100/100/100/100/100/100/100/100","-4.5/-4.16666666666667/-3.83333333333333/-3.5/-3.16666666666667/-2.83333333333333/-2.5/-2.16666666666667/-1.83333333333333/-1.5",0.694802133818684,0.649918634335725,0.166337361169842,0.0448834994829585,0.160434993540325,0.916666666666667,300
"Federated CCW","OR",15,-0.7,"small",0.5,25,"100/100/100/100/100/100/100/100/100/100","-4.5/-4.16666666666667/-3.83333333333333/-3.5/-3.16666666666667/-2.83333333333333/-2.5/-2.16666666666667/-1.83333333333333/-1.5",0.739396838946886,0.684552106094747,0.154349857626867,0.0548447328521394,0.144518346017372,0.95,300
"Federated CCW","OR",5,-0.5,"small",0.5,25,"100/100/100/100/100/100/100/100/100/100","-4.5/-4.16666666666667/-3.83333333333333/-3.5/-3.16666666666667/-2.83333333333333/-2.5/-2.16666666666667/-1.83333333333333/-1.5",0.769076215046397,0.67702327046217,0.249140672765293,0.0920529445842271,0.231897791072555,0.923333333333333,300
"Federated CCW","OR",10,-0.5,"small",0.5,25,"100/100/100/100/100/100/100/100/100/100","-4.5/-4.16666666666667/-3.83333333333333/-3.5/-3.16666666666667/-2.83333333333333/-2.5/-2.16666666666667/-1.83333333333333/-1.5",0.781438031998349,0.727920109813738,0.194118486133588,0.0535179221846104,0.186907105851804,0.946666666666667,300
"Federated CCW","OR",15,-0.5,"small",0.5,25,"100/100/100/100/100/100/100/100/100/100","-4.5/-4.16666666666667/-3.83333333333333/-3.5/-3.16666666666667/-2.83333333333333/-2.5/-2.16666666666667/-1.83333333333333/-1.5",0.833101517901075,0.756068809699016,0.222528644251651,0.0770327082020584,0.209118933801914,0.916666666666667,300
"Federated CCW","OR",5,-1,"strong",1.5,25,"100/100/100/100/100/100/100/100/100/100","-4.5/-4.16666666666667/-3.83333333333333/-3.5/-3.16666666666667/-2.83333333333333/-2.5/-2.16666666666667/-1.83333333333333/-1.5",0.625565304832104,0.470593117881227,0.619997655274486,0.154972186950877,0.601320214599351,0.883333333333333,300
"Federated CCW","OR",10,-1,"strong",1.5,25,"100/100/100/100/100/100/100/100/100/100","-4.5/-4.16666666666667/-3.83333333333333/-3.5/-3.16666666666667/-2.83333333333333/-2.5/-2.16666666666667/-1.83333333333333/-1.5",0.647476678794708,0.539679431070658,0.328882622534551,0.10779724772405,0.311233707778978,0.876666666666667,300
"Federated CCW","OR",15,-1,"strong",1.5,25,"100/100/100/100/100/100/100/100/100/100","-4.5/-4.16666666666667/-3.83333333333333/-3.5/-3.16666666666667/-2.83333333333333/-2.5/-2.16666666666667/-1.83333333333333/-1.5",0.688243129419715,0.566056103861187,0.305981748049712,0.122187025558528,0.280995294342913,0.85,300
"Federated CCW","OR",5,-0.7,"strong",1.5,25,"100/100/100/100/100/100/100/100/100/100","-4.5/-4.16666666666667/-3.83333333333333/-3.5/-3.16666666666667/-2.83333333333333/-2.5/-2.16666666666667/-1.83333333333333/-1.5",0.843624383841172,0.578101829038273,0.598502476546642,0.265522554802899,0.537275724998173,0.81,300
"Federated CCW","OR",10,-0.7,"strong",1.5,25,"100/100/100/100/100/100/100/100/100/100","-4.5/-4.16666666666667/-3.83333333333333/-3.5/-3.16666666666667/-2.83333333333333/-2.5/-2.16666666666667/-1.83333333333333/-1.5",0.80446812699194,0.636587420415899,0.455836159227721,0.167880706576042,0.424503651637046,0.85,300
"Federated CCW","OR",15,-0.7,"strong",1.5,25,"100/100/100/100/100/100/100/100/100/100","-4.5/-4.16666666666667/-3.83333333333333/-3.5/-3.16666666666667/-2.83333333333333/-2.5/-2.16666666666667/-1.83333333333333/-1.5",0.867531486700811,0.675807916047227,0.424761409739244,0.191723570653584,0.379664075678372,0.806666666666667,300
"Federated CCW","OR",5,-0.5,"strong",1.5,25,"100/100/100/100/100/100/100/100/100/100","-4.5/-4.16666666666667/-3.83333333333333/-3.5/-3.16666666666667/-2.83333333333333/-2.5/-2.16666666666667/-1.83333333333333/-1.5",0.983491495349308,0.665442099149971,0.659373054146255,0.318049396199337,0.578561304780541,0.8,300
"Federated CCW","OR",10,-0.5,"strong",1.5,25,"100/100/100/100/100/100/100/100/100/100","-4.5/-4.16666666666667/-3.83333333333333/-3.5/-3.16666666666667/-2.83333333333333/-2.5/-2.16666666666667/-1.83333333333333/-1.5",0.964853752469892,0.7157332780337,0.636371479307431,0.249120474436192,0.586561588596347,0.83,300
"Federated CCW","OR",15,-0.5,"strong",1.5,25,"100/100/100/100/100/100/100/100/100/100","-4.5/-4.16666666666667/-3.83333333333333/-3.5/-3.16666666666667/-2.83333333333333/-2.5/-2.16666666666667/-1.83333333333333/-1.5",1.01507391035627,0.746506111402707,0.508173541069018,0.268567798953559,0.43212744915775,0.84,300
"Pooled CCW","OR",5,-1,"medium",1,25,"100/100/100/100/100/100/100/100/100/100","-4.5/-4.16666666666667/-3.83333333333333/-3.5/-3.16666666666667/-2.83333333333333/-2.5/-2.16666666666667/-1.83333333333333/-1.5",0.498534694596522,0.472870635773413,0.172352110315994,0.0256640588231094,0.170715411883684,0.943333333333333,300
"Pooled CCW","OR",10,-1,"medium",1,25,"100/100/100/100/100/100/100/100/100/100","-4.5/-4.16666666666667/-3.83333333333333/-3.5/-3.16666666666667/-2.83333333333333/-2.5/-2.16666666666667/-1.83333333333333/-1.5",0.579990540287354,0.540731833313127,0.152969509597391,0.0392587069742262,0.148092977189402,0.916666666666667,300
"Pooled CCW","OR",15,-1,"medium",1,25,"100/100/100/100/100/100/100/100/100/100","-4.5/-4.16666666666667/-3.83333333333333/-3.5/-3.16666666666667/-2.83333333333333/-2.5/-2.16666666666667/-1.83333333333333/-1.5",0.611863926104342,0.58501416360224,0.139982789389087,0.0268497625021026,0.137613212421045,0.906666666666667,300
"Pooled CCW","OR",5,-0.7,"medium",1,25,"100/100/100/100/100/100/100/100/100/100","-4.5/-4.16666666666667/-3.83333333333333/-3.5/-3.16666666666667/-2.83333333333333/-2.5/-2.16666666666667/-1.83333333333333/-1.5",0.645179183585034,0.582920675578134,0.228750386366691,0.0622585080069004,0.220482787633125,0.95,300
"Pooled CCW","OR",10,-0.7,"medium",1,25,"100/100/100/100/100/100/100/100/100/100","-4.5/-4.16666666666667/-3.83333333333333/-3.5/-3.16666666666667/-2.83333333333333/-2.5/-2.16666666666667/-1.83333333333333/-1.5",0.698437475063188,0.639898744824208,0.213554022084998,0.05853873023898,0.205717288415919,0.923333333333333,300
"Pooled CCW","OR",15,-0.7,"medium",1,25,"100/100/100/100/100/100/100/100/100/100","-4.5/-4.16666666666667/-3.83333333333333/-3.5/-3.16666666666667/-2.83333333333333/-2.5/-2.16666666666667/-1.83333333333333/-1.5",0.710396790259783,0.674735830581211,0.188485650596724,0.0356609596785717,0.185390674278324,0.92,300
"Pooled CCW","OR",5,-0.5,"medium",1,25,"100/100/100/100/100/100/100/100/100/100","-4.5/-4.16666666666667/-3.83333333333333/-3.5/-3.16666666666667/-2.83333333333333/-2.5/-2.16666666666667/-1.83333333333333/-1.5",0.727766251285509,0.68016493923945,0.304357295896706,0.0476013120460594,0.301114116286732,0.916666666666667,300
"Pooled CCW","OR",10,-0.5,"medium",1,25,"100/100/100/100/100/100/100/100/100/100","-4.5/-4.16666666666667/-3.83333333333333/-3.5/-3.16666666666667/-2.83333333333333/-2.5/-2.16666666666667/-1.83333333333333/-1.5",0.782437837895345,0.715893883351045,0.248523166920141,0.0665439545443003,0.239848753784398,0.92,300
"Pooled CCW","OR",15,-0.5,"medium",1,25,"100/100/100/100/100/100/100/100/100/100","-4.5/-4.16666666666667/-3.83333333333333/-3.5/-3.16666666666667/-2.83333333333333/-2.5/-2.16666666666667/-1.83333333333333/-1.5",0.81408781171444,0.752883462030452,0.230789532609424,0.0612043496839876,0.222897840799952,0.933333333333333,300
"Pooled CCW","OR",5,-1,"small",0.5,25,"100/100/100/100/100/100/100/100/100/100","-4.5/-4.16666666666667/-3.83333333333333/-3.5/-3.16666666666667/-2.83333333333333/-2.5/-2.16666666666667/-1.83333333333333/-1.5",0.49134824004148,0.473157202956085,0.128113782506424,0.0181910370853952,0.127027611768859,0.923333333333333,300
"Pooled CCW","OR",10,-1,"small",0.5,25,"100/100/100/100/100/100/100/100/100/100","-4.5/-4.16666666666667/-3.83333333333333/-3.5/-3.16666666666667/-2.83333333333333/-2.5/-2.16666666666667/-1.83333333333333/-1.5",0.547486017556487,0.549454542959594,0.103189865019454,-0.00196852540310696,0.1033434696835,0.946666666666667,300
"Pooled CCW","OR",15,-1,"small",0.5,25,"100/100/100/100/100/100/100/100/100/100","-4.5/-4.16666666666667/-3.83333333333333/-3.5/-3.16666666666667/-2.83333333333333/-2.5/-2.16666666666667/-1.83333333333333/-1.5",0.605187372922919,0.592759855902978,0.101460117166378,0.0124275170199408,0.100864385573193,0.953333333333333,300
"Pooled CCW","OR",5,-0.7,"small",0.5,25,"100/100/100/100/100/100/100/100/100/100","-4.5/-4.16666666666667/-3.83333333333333/-3.5/-3.16666666666667/-2.83333333333333/-2.5/-2.16666666666667/-1.83333333333333/-1.5",0.634840373730471,0.585871387620653,0.172591963668564,0.0489689861098176,0.165775841891585,0.933333333333333,300
"Pooled CCW","OR",10,-0.7,"small",0.5,25,"100/100/100/100/100/100/100/100/100/100","-4.5/-4.16666666666667/-3.83333333333333/-3.5/-3.16666666666667/-2.83333333333333/-2.5/-2.16666666666667/-1.83333333333333/-1.5",0.669851957689897,0.649918634335725,0.128759936408432,0.0199333233541717,0.127420184909493,0.95,300
"Pooled CCW","OR",15,-0.7,"small",0.5,25,"100/100/100/100/100/100/100/100/100/100","-4.5/-4.16666666666667/-3.83333333333333/-3.5/-3.16666666666667/-2.83333333333333/-2.5/-2.16666666666667/-1.83333333333333/-1.5",0.698973961332865,0.684552106094747,0.113018158697463,0.0144218552381181,0.112281512638801,0.953333333333333,300
"Pooled CCW","OR",5,-0.5,"small",0.5,25,"100/100/100/100/100/100/100/100/100/100","-4.5/-4.16666666666667/-3.83333333333333/-3.5/-3.16666666666667/-2.83333333333333/-2.5/-2.16666666666667/-1.83333333333333/-1.5",0.71996015934057,0.67702327046217,0.197064247221378,0.0429368888784003,0.192651124989113,0.933333333333333,300
"Pooled CCW","OR",10,-0.5,"small",0.5,25,"100/100/100/100/100/100/100/100/100/100","-4.5/-4.16666666666667/-3.83333333333333/-3.5/-3.16666666666667/-2.83333333333333/-2.5/-2.16666666666667/-1.83333333333333/-1.5",0.754634348383803,0.727920109813738,0.153330528216474,0.0267142385700642,0.151237704132498,0.946666666666667,300
"Pooled CCW","OR",15,-0.5,"small",0.5,25,"100/100/100/100/100/100/100/100/100/100","-4.5/-4.16666666666667/-3.83333333333333/-3.5/-3.16666666666667/-2.83333333333333/-2.5/-2.16666666666667/-1.83333333333333/-1.5",0.785759651815616,0.756068809699016,0.140531603154812,0.0296908421165994,0.137588835564186,0.95,300
"Pooled CCW","OR",5,-1,"strong",1.5,25,"100/100/100/100/100/100/100/100/100/100","-4.5/-4.16666666666667/-3.83333333333333/-3.5/-3.16666666666667/-2.83333333333333/-2.5/-2.16666666666667/-1.83333333333333/-1.5",0.54043808254336,0.470593117881227,0.227911607163462,0.0698449646621332,0.217308055290544,0.913333333333333,300
"Pooled CCW","OR",10,-1,"strong",1.5,25,"100/100/100/100/100/100/100/100/100/100","-4.5/-4.16666666666667/-3.83333333333333/-3.5/-3.16666666666667/-2.83333333333333/-2.5/-2.16666666666667/-1.83333333333333/-1.5",0.594803377023666,0.539679431070658,0.228044392717173,0.0551239459530083,0.221651438448302,0.903333333333333,300
"Pooled CCW","OR",15,-1,"strong",1.5,25,"100/100/100/100/100/100/100/100/100/100","-4.5/-4.16666666666667/-3.83333333333333/-3.5/-3.16666666666667/-2.83333333333333/-2.5/-2.16666666666667/-1.83333333333333/-1.5",0.632341076885549,0.566056103861187,0.220563273574574,0.0662849730243624,0.210718931822749,0.886666666666667,300
"Pooled CCW","OR",5,-0.7,"strong",1.5,25,"100/100/100/100/100/100/100/100/100/100","-4.5/-4.16666666666667/-3.83333333333333/-3.5/-3.16666666666667/-2.83333333333333/-2.5/-2.16666666666667/-1.83333333333333/-1.5",0.77890437343462,0.578101829038273,0.452175975549048,0.200802544396348,0.405820673563242,0.826666666666667,300
"Pooled CCW","OR",10,-0.7,"strong",1.5,25,"100/100/100/100/100/100/100/100/100/100","-4.5/-4.16666666666667/-3.83333333333333/-3.5/-3.16666666666667/-2.83333333333333/-2.5/-2.16666666666667/-1.83333333333333/-1.5",0.743486560574516,0.636587420415899,0.34136841780151,0.106899140158617,0.324740653670189,0.876666666666667,300
"Pooled CCW","OR",15,-0.7,"strong",1.5,25,"100/100/100/100/100/100/100/100/100/100","-4.5/-4.16666666666667/-3.83333333333333/-3.5/-3.16666666666667/-2.83333333333333/-2.5/-2.16666666666667/-1.83333333333333/-1.5",0.751337284984619,0.675807916047227,0.267509376969797,0.0755293689373914,0.257054152503097,0.886666666666667,300
"Pooled CCW","OR",5,-0.5,"strong",1.5,25,"100/100/100/100/100/100/100/100/100/100","-4.5/-4.16666666666667/-3.83333333333333/-3.5/-3.16666666666667/-2.83333333333333/-2.5/-2.16666666666667/-1.83333333333333/-1.5",0.911325419454535,0.665442099149971,0.53217069364522,0.245883320304564,0.472749419194425,0.836666666666667,300
"Pooled CCW","OR",10,-0.5,"strong",1.5,25,"100/100/100/100/100/100/100/100/100/100","-4.5/-4.16666666666667/-3.83333333333333/-3.5/-3.16666666666667/-2.83333333333333/-2.5/-2.16666666666667/-1.83333333333333/-1.5",0.877601639495089,0.7157332780337,0.419686278442484,0.161868361461389,0.387861652408093,0.893333333333333,300
"Pooled CCW","OR",15,-0.5,"strong",1.5,25,"100/100/100/100/100/100/100/100/100/100","-4.5/-4.16666666666667/-3.83333333333333/-3.5/-3.16666666666667/-2.83333333333333/-2.5/-2.16666666666667/-1.83333333333333/-1.5",0.919328465208611,0.746506111402707,0.392534683233309,0.172822353805904,0.35303165495092,0.846666666666667,300
"Federated landmark IPW","OR",5,-1,"medium",1,25,"100/100/100/100/100/100/100/100/100/100","-4.5/-4.16666666666667/-3.83333333333333/-3.5/-3.16666666666667/-2.83333333333333/-2.5/-2.16666666666667/-1.83333333333333/-1.5",0.472443316600768,0.472870635773413,0.174576982910016,-0.000427319172645296,0.174868150120915,NA,300
"Federated landmark IPW","OR",10,-1,"medium",1,25,"100/100/100/100/100/100/100/100/100/100","-4.5/-4.16666666666667/-3.83333333333333/-3.5/-3.16666666666667/-2.83333333333333/-2.5/-2.16666666666667/-1.83333333333333/-1.5",16.7485051722901,0.540731833313127,281.322784874814,16.207773338977,281.324775786547,NA,300
"Federated landmark IPW","OR",15,-1,"medium",1,25,"100/100/100/100/100/100/100/100/100/100","-4.5/-4.16666666666667/-3.83333333333333/-3.5/-3.16666666666667/-2.83333333333333/-2.5/-2.16666666666667/-1.83333333333333/-1.5",22.6719399130799,0.58501416360224,381.988337924982,22.0869257494776,381.986435375652,NA,300
"Federated landmark IPW","OR",5,-0.7,"medium",1,25,"100/100/100/100/100/100/100/100/100/100","-4.5/-4.16666666666667/-3.83333333333333/-3.5/-3.16666666666667/-2.83333333333333/-2.5/-2.16666666666667/-1.83333333333333/-1.5",0.618493423950097,0.582920675578134,0.26535050556908,0.0355727483719633,0.263394620546448,NA,300
"Federated landmark IPW","OR",10,-0.7,"medium",1,25,"100/100/100/100/100/100/100/100/100/100","-4.5/-4.16666666666667/-3.83333333333333/-3.5/-3.16666666666667/-2.83333333333333/-2.5/-2.16666666666667/-1.83333333333333/-1.5",0.686049674612836,0.639898744824208,0.241176486780357,0.0461509297886276,0.237115164973116,NA,300
"Federated landmark IPW","OR",15,-0.7,"medium",1,25,"100/100/100/100/100/100/100/100/100/100","-4.5/-4.16666666666667/-3.83333333333333/-3.5/-3.16666666666667/-2.83333333333333/-2.5/-2.16666666666667/-1.83333333333333/-1.5",0.780156931400969,0.674735830581211,0.335764165348101,0.105421100819759,0.319317781715314,NA,300
"Federated landmark IPW","OR",5,-0.5,"medium",1,25,"100/100/100/100/100/100/100/100/100/100","-4.5/-4.16666666666667/-3.83333333333333/-3.5/-3.16666666666667/-2.83333333333333/-2.5/-2.16666666666667/-1.83333333333333/-1.5",17.4485893745089,0.68016493923945,289.35332239389,16.7684244352695,289.349689126612,NA,300
"Federated landmark IPW","OR",10,-0.5,"medium",1,25,"100/100/100/100/100/100/100/100/100/100","-4.5/-4.16666666666667/-3.83333333333333/-3.5/-3.16666666666667/-2.83333333333333/-2.5/-2.16666666666667/-1.83333333333333/-1.5",0.888549268442925,0.715893883351045,0.449561964132965,0.17265538509188,0.415779170541347,NA,300
"Federated landmark IPW","OR",15,-0.5,"medium",1,25,"100/100/100/100/100/100/100/100/100/100","-4.5/-4.16666666666667/-3.83333333333333/-3.5/-3.16666666666667/-2.83333333333333/-2.5/-2.16666666666667/-1.83333333333333/-1.5",66.1190105190999,0.752883462030452,1128.84423290127,65.3661270570694,1128.83307829377,NA,300
"Federated landmark IPW","OR",5,-1,"small",0.5,25,"100/100/100/100/100/100/100/100/100/100","-4.5/-4.16666666666667/-3.83333333333333/-3.5/-3.16666666666667/-2.83333333333333/-2.5/-2.16666666666667/-1.83333333333333/-1.5",0.42072691933401,0.473157202956085,0.152964956907542,-0.0524302836220752,0.143938892416895,NA,300
"Federated landmark IPW","OR",10,-1,"small",0.5,25,"100/100/100/100/100/100/100/100/100/100","-4.5/-4.16666666666667/-3.83333333333333/-3.5/-3.16666666666667/-2.83333333333333/-2.5/-2.16666666666667/-1.83333333333333/-1.5",0.455308525728631,0.549454542959594,0.173090969539132,-0.0941460172309638,0.145490789197627,NA,300
"Federated landmark IPW","OR",15,-1,"small",0.5,25,"100/100/100/100/100/100/100/100/100/100","-4.5/-4.16666666666667/-3.83333333333333/-3.5/-3.16666666666667/-2.83333333333333/-2.5/-2.16666666666667/-1.83333333333333/-1.5",0.544822295658612,0.592759855902978,0.224152917178877,-0.0479375602443662,0.219332799311452,NA,300
"Federated landmark IPW","OR",5,-0.7,"small",0.5,25,"100/100/100/100/100/100/100/100/100/100","-4.5/-4.16666666666667/-3.83333333333333/-3.5/-3.16666666666667/-2.83333333333333/-2.5/-2.16666666666667/-1.83333333333333/-1.5",16.5124269426609,0.585871387620653,195.380415455999,15.9265555550403,195.055565975367,NA,300
"Federated landmark IPW","OR",10,-0.7,"small",0.5,25,"100/100/100/100/100/100/100/100/100/100","-4.5/-4.16666666666667/-3.83333333333333/-3.5/-3.16666666666667/-2.83333333333333/-2.5/-2.16666666666667/-1.83333333333333/-1.5",0.59416445288388,0.649918634335725,0.196180460494752,-0.0557541814518455,0.188405324282412,NA,300
"Federated landmark IPW","OR",15,-0.7,"small",0.5,25,"100/100/100/100/100/100/100/100/100/100","-4.5/-4.16666666666667/-3.83333333333333/-3.5/-3.16666666666667/-2.83333333333333/-2.5/-2.16666666666667/-1.83333333333333/-1.5",75.3217015791226,0.684552106094747,988.898035094875,74.6371494730279,987.724972755944,NA,300
"Federated landmark IPW","OR",5,-0.5,"small",0.5,25,"100/100/100/100/100/100/100/100/100/100","-4.5/-4.16666666666667/-3.83333333333333/-3.5/-3.16666666666667/-2.83333333333333/-2.5/-2.16666666666667/-1.83333333333333/-1.5",0.669406833204307,0.67702327046217,0.232405871865575,-0.00761643725786253,0.232669140463826,NA,300
"Federated landmark IPW","OR",10,-0.5,"small",0.5,25,"100/100/100/100/100/100/100/100/100/100","-4.5/-4.16666666666667/-3.83333333333333/-3.5/-3.16666666666667/-2.83333333333333/-2.5/-2.16666666666667/-1.83333333333333/-1.5",0.705840745162041,0.727920109813738,0.25566116792811,-0.0220793646516972,0.255131550649331,NA,300
"Federated landmark IPW","OR",15,-0.5,"small",0.5,25,"100/100/100/100/100/100/100/100/100/100","-4.5/-4.16666666666667/-3.83333333333333/-3.5/-3.16666666666667/-2.83333333333333/-2.5/-2.16666666666667/-1.83333333333333/-1.5",83.513285491227,0.756068809699016,1018.84128266139,82.757216681528,1017.17136920153,NA,300
"Federated landmark IPW","OR",5,-1,"strong",1.5,25,"100/100/100/100/100/100/100/100/100/100","-4.5/-4.16666666666667/-3.83333333333333/-3.5/-3.16666666666667/-2.83333333333333/-2.5/-2.16666666666667/-1.83333333333333/-1.5",8.7103259155366,0.470593117881227,141.98622338321,8.23973279765537,141.983775160213,NA,300
"Federated landmark IPW","OR",10,-1,"strong",1.5,25,"100/100/100/100/100/100/100/100/100/100","-4.5/-4.16666666666667/-3.83333333333333/-3.5/-3.16666666666667/-2.83333333333333/-2.5/-2.16666666666667/-1.83333333333333/-1.5",8.28734743915146,0.539679431070658,133.178874441061,7.7476680080808,133.175467918616,NA,300
"Federated landmark IPW","OR",15,-1,"strong",1.5,25,"100/100/100/100/100/100/100/100/100/100","-4.5/-4.16666666666667/-3.83333333333333/-3.5/-3.16666666666667/-2.83333333333333/-2.5/-2.16666666666667/-1.83333333333333/-1.5",30.5766165503136,0.566056103861187,516.319814959957,30.0105604464524,516.308142399803,NA,300
"Federated landmark IPW","OR",5,-0.7,"strong",1.5,25,"100/100/100/100/100/100/100/100/100/100","-4.5/-4.16666666666667/-3.83333333333333/-3.5/-3.16666666666667/-2.83333333333333/-2.5/-2.16666666666667/-1.83333333333333/-1.5",11.3657063702123,0.578101829038273,184.78075811132,10.787604541174,184.77380954047,NA,300
"Federated landmark IPW","OR",10,-0.7,"strong",1.5,25,"100/100/100/100/100/100/100/100/100/100","-4.5/-4.16666666666667/-3.83333333333333/-3.5/-3.16666666666667/-2.83333333333333/-2.5/-2.16666666666667/-1.83333333333333/-1.5",36.7965783995613,0.636587420415899,623.55272289635,36.1599909791454,623.543482739359,NA,300
"Federated landmark IPW","OR",15,-0.7,"strong",1.5,25,"100/100/100/100/100/100/100/100/100/100","-4.5/-4.16666666666667/-3.83333333333333/-3.5/-3.16666666666667/-2.83333333333333/-2.5/-2.16666666666667/-1.83333333333333/-1.5",0.946962282324472,0.675807916047227,0.483233665273161,0.271154366277244,0.400655923203581,NA,300
"Federated landmark IPW","OR",5,-0.5,"strong",1.5,25,"100/100/100/100/100/100/100/100/100/100","-4.5/-4.16666666666667/-3.83333333333333/-3.5/-3.16666666666667/-2.83333333333333/-2.5/-2.16666666666667/-1.83333333333333/-1.5",0.926333276003768,0.665442099149971,0.595385824015983,0.260891176853797,0.536076487029153,NA,300
"Federated landmark IPW","OR",10,-0.5,"strong",1.5,25,"100/100/100/100/100/100/100/100/100/100","-4.5/-4.16666666666667/-3.83333333333333/-3.5/-3.16666666666667/-2.83333333333333/-2.5/-2.16666666666667/-1.83333333333333/-1.5",0.971839238564901,0.7157332780337,0.514386405809669,0.256105960531201,0.446843007898606,NA,300
"Federated landmark IPW","OR",15,-0.5,"strong",1.5,25,"100/100/100/100/100/100/100/100/100/100","-4.5/-4.16666666666667/-3.83333333333333/-3.5/-3.16666666666667/-2.83333333333333/-2.5/-2.16666666666667/-1.83333333333333/-1.5",93.0876909008401,0.746506111402707,1000.53259944752,92.3411847894374,997.926908746105,NA,300
"Local CCW + curve meta-analysis","OR",5,-1,"medium",1,25,"100/100/100/100/100/100/100/100/100/100","-4.5/-4.16666666666667/-3.83333333333333/-3.5/-3.16666666666667/-2.83333333333333/-2.5/-2.16666666666667/-1.83333333333333/-1.5",0.582457337614911,0.472870635773413,0.209026429941021,0.109586701841499,0.178294042934354,NA,300
"Local CCW + curve meta-analysis","OR",10,-1,"medium",1,25,"100/100/100/100/100/100/100/100/100/100","-4.5/-4.16666666666667/-3.83333333333333/-3.5/-3.16666666666667/-2.83333333333333/-2.5/-2.16666666666667/-1.83333333333333/-1.5",0.658602136266546,0.540731833313127,0.200202605168906,0.117870302953418,0.162096449667275,NA,300
"Local CCW + curve meta-analysis","OR",15,-1,"medium",1,25,"100/100/100/100/100/100/100/100/100/100","-4.5/-4.16666666666667/-3.83333333333333/-3.5/-3.16666666666667/-2.83333333333333/-2.5/-2.16666666666667/-1.83333333333333/-1.5",0.715150645617903,0.58501416360224,0.209303448430568,0.130136482015664,0.164202021668169,NA,300
"Local CCW + curve meta-analysis","OR",5,-0.7,"medium",1,25,"100/100/100/100/100/100/100/100/100/100","-4.5/-4.16666666666667/-3.83333333333333/-3.5/-3.16666666666667/-2.83333333333333/-2.5/-2.16666666666667/-1.83333333333333/-1.5",0.751439102681044,0.582920675578134,0.311977273587576,0.16851842710291,0.262986498938593,NA,300
"Local CCW + curve meta-analysis","OR",10,-0.7,"medium",1,25,"100/100/100/100/100/100/100/100/100/100","-4.5/-4.16666666666667/-3.83333333333333/-3.5/-3.16666666666667/-2.83333333333333/-2.5/-2.16666666666667/-1.83333333333333/-1.5",0.81184645495253,0.639898744824208,0.276869574376009,0.171947710128322,0.217366603532411,NA,300
"Local CCW + curve meta-analysis","OR",15,-0.7,"medium",1,25,"100/100/100/100/100/100/100/100/100/100","-4.5/-4.16666666666667/-3.83333333333333/-3.5/-3.16666666666667/-2.83333333333333/-2.5/-2.16666666666667/-1.83333333333333/-1.5",0.818151308071931,0.674735830581211,0.2419692488183,0.14341547749072,0.195213076767254,NA,300
"Local CCW + curve meta-analysis","OR",5,-0.5,"medium",1,25,"100/100/100/100/100/100/100/100/100/100","-4.5/-4.16666666666667/-3.83333333333333/-3.5/-3.16666666666667/-2.83333333333333/-2.5/-2.16666666666667/-1.83333333333333/-1.5",0.884460238602016,0.68016493923945,0.383547331900951,0.204295299362566,0.325152888864846,NA,300
"Local CCW + curve meta-analysis","OR",10,-0.5,"medium",1,25,"100/100/100/100/100/100/100/100/100/100","-4.5/-4.16666666666667/-3.83333333333333/-3.5/-3.16666666666667/-2.83333333333333/-2.5/-2.16666666666667/-1.83333333333333/-1.5",0.938567634609874,0.715893883351045,0.36401760760425,0.222673751258829,0.288448541366215,NA,300
"Local CCW + curve meta-analysis","OR",15,-0.5,"medium",1,25,"100/100/100/100/100/100/100/100/100/100","-4.5/-4.16666666666667/-3.83333333333333/-3.5/-3.16666666666667/-2.83333333333333/-2.5/-2.16666666666667/-1.83333333333333/-1.5",0.967148067335899,0.752883462030452,0.334615965467238,0.214264605305447,0.257447965178963,NA,300
"Local CCW + curve meta-analysis","OR",5,-1,"small",0.5,25,"100/100/100/100/100/100/100/100/100/100","-4.5/-4.16666666666667/-3.83333333333333/-3.5/-3.16666666666667/-2.83333333333333/-2.5/-2.16666666666667/-1.83333333333333/-1.5",0.542352434044449,0.473157202956085,0.166328500590337,0.0691952310883637,0.151504793471164,NA,300
"Local CCW + curve meta-analysis","OR",10,-1,"small",0.5,25,"100/100/100/100/100/100/100/100/100/100","-4.5/-4.16666666666667/-3.83333333333333/-3.5/-3.16666666666667/-2.83333333333333/-2.5/-2.16666666666667/-1.83333333333333/-1.5",0.59299658148404,0.549454542959594,0.126624378731299,0.0435420385244461,0.119101250468246,NA,300
"Local CCW + curve meta-analysis","OR",15,-1,"small",0.5,25,"100/100/100/100/100/100/100/100/100/100","-4.5/-4.16666666666667/-3.83333333333333/-3.5/-3.16666666666667/-2.83333333333333/-2.5/-2.16666666666667/-1.83333333333333/-1.5",0.669778619347691,0.592759855902978,0.140399790137881,0.0770187634447134,0.117585283139138,NA,300
"Local CCW + curve meta-analysis","OR",5,-0.7,"small",0.5,25,"100/100/100/100/100/100/100/100/100/100","-4.5/-4.16666666666667/-3.83333333333333/-3.5/-3.16666666666667/-2.83333333333333/-2.5/-2.16666666666667/-1.83333333333333/-1.5",0.70347755008124,0.585871387620653,0.217641869240337,0.117606162460587,0.183436465624453,NA,300
"Local CCW + curve meta-analysis","OR",10,-0.7,"small",0.5,25,"100/100/100/100/100/100/100/100/100/100","-4.5/-4.16666666666667/-3.83333333333333/-3.5/-3.16666666666667/-2.83333333333333/-2.5/-2.16666666666667/-1.83333333333333/-1.5",0.72558978140699,0.649918634335725,0.17867916131024,0.0756711470712644,0.162134962322982,NA,300
"Local CCW + curve meta-analysis","OR",15,-0.7,"small",0.5,25,"100/100/100/100/100/100/100/100/100/100","-4.5/-4.16666666666667/-3.83333333333333/-3.5/-3.16666666666667/-2.83333333333333/-2.5/-2.16666666666667/-1.83333333333333/-1.5",0.767099706285868,0.684552106094747,0.162833763273686,0.0825476001911211,0.140593801028054,NA,300
"Local CCW + curve meta-analysis","OR",5,-0.5,"small",0.5,25,"100/100/100/100/100/100/100/100/100/100","-4.5/-4.16666666666667/-3.83333333333333/-3.5/-3.16666666666667/-2.83333333333333/-2.5/-2.16666666666667/-1.83333333333333/-1.5",0.809250313405074,0.67702327046217,0.280451401195109,0.132227042942904,0.247736909107199,NA,300
"Local CCW + curve meta-analysis","OR",10,-0.5,"small",0.5,25,"100/100/100/100/100/100/100/100/100/100","-4.5/-4.16666666666667/-3.83333333333333/-3.5/-3.16666666666667/-2.83333333333333/-2.5/-2.16666666666667/-1.83333333333333/-1.5",0.815705919327984,0.727920109813738,0.207672393384441,0.0877858095142454,0.188520399671384,NA,300
"Local CCW + curve meta-analysis","OR",15,-0.5,"small",0.5,25,"100/100/100/100/100/100/100/100/100/100","-4.5/-4.16666666666667/-3.83333333333333/-3.5/-3.16666666666667/-2.83333333333333/-2.5/-2.16666666666667/-1.83333333333333/-1.5",0.864394456102781,0.756068809699016,0.201909386809976,0.108325646403764,0.170675291113005,NA,300
"Local CCW + curve meta-analysis","OR",5,-1,"strong",1.5,25,"100/100/100/100/100/100/100/100/100/100","-4.5/-4.16666666666667/-3.83333333333333/-3.5/-3.16666666666667/-2.83333333333333/-2.5/-2.16666666666667/-1.83333333333333/-1.5",0.67988271463229,0.470593117881227,0.310362394633639,0.209289596751063,0.229561194094191,NA,300
"Local CCW + curve meta-analysis","OR",10,-1,"strong",1.5,25,"100/100/100/100/100/100/100/100/100/100","-4.5/-4.16666666666667/-3.83333333333333/-3.5/-3.16666666666667/-2.83333333333333/-2.5/-2.16666666666667/-1.83333333333333/-1.5",0.730381946686587,0.539679431070658,0.269089095496463,0.190702515615929,0.190163171932402,NA,300
"Local CCW + curve meta-analysis","OR",15,-1,"strong",1.5,25,"100/100/100/100/100/100/100/100/100/100","-4.5/-4.16666666666667/-3.83333333333333/-3.5/-3.16666666666667/-2.83333333333333/-2.5/-2.16666666666667/-1.83333333333333/-1.5",0.770679426549062,0.566056103861187,0.289003168413778,0.204623322687875,0.20442952804941,NA,300
"Local CCW + curve meta-analysis","OR",5,-0.7,"strong",1.5,25,"100/100/100/100/100/100/100/100/100/100","-4.5/-4.16666666666667/-3.83333333333333/-3.5/-3.16666666666667/-2.83333333333333/-2.5/-2.16666666666667/-1.83333333333333/-1.5",0.935250842974483,0.578101829038273,0.511091693208352,0.35714901393621,0.366205300048463,NA,300
"Local CCW + curve meta-analysis","OR",10,-0.7,"strong",1.5,25,"100/100/100/100/100/100/100/100/100/100","-4.5/-4.16666666666667/-3.83333333333333/-3.5/-3.16666666666667/-2.83333333333333/-2.5/-2.16666666666667/-1.83333333333333/-1.5",0.896948107282459,0.636587420415899,0.369589653134391,0.26036068686656,0.26275264848521,NA,300
"Local CCW + curve meta-analysis","OR",15,-0.7,"strong",1.5,25,"100/100/100/100/100/100/100/100/100/100","-4.5/-4.16666666666667/-3.83333333333333/-3.5/-3.16666666666667/-2.83333333333333/-2.5/-2.16666666666667/-1.83333333333333/-1.5",0.957122187811178,0.675807916047227,0.393098389689005,0.281314271763951,0.275028653681441,NA,300
"Local CCW + curve meta-analysis","OR",5,-0.5,"strong",1.5,25,"100/100/100/100/100/100/100/100/100/100","-4.5/-4.16666666666667/-3.83333333333333/-3.5/-3.16666666666667/-2.83333333333333/-2.5/-2.16666666666667/-1.83333333333333/-1.5",1.1317744746478,0.665442099149971,0.66330091705885,0.466332375497832,0.472489551972037,NA,300
"Local CCW + curve meta-analysis","OR",10,-0.5,"strong",1.5,25,"100/100/100/100/100/100/100/100/100/100","-4.5/-4.16666666666667/-3.83333333333333/-3.5/-3.16666666666667/-2.83333333333333/-2.5/-2.16666666666667/-1.83333333333333/-1.5",1.06721582586158,0.7157332780337,0.500772262135782,0.351482547827885,0.35729316410205,NA,300
"Local CCW + curve meta-analysis","OR",15,-0.5,"strong",1.5,25,"100/100/100/100/100/100/100/100/100/100","-4.5/-4.16666666666667/-3.83333333333333/-3.5/-3.16666666666667/-2.83333333333333/-2.5/-2.16666666666667/-1.83333333333333/-1.5",1.10831054112696,0.746506111402707,0.46225445971177,0.361804429724251,0.288190189701402,NA,300
"Federated IPW (no cloning)","OR",5,-1,"medium",1,25,"100/100/100/100/100/100/100/100/100/100","-4.5/-4.16666666666667/-3.83333333333333/-3.5/-3.16666666666667/-2.83333333333333/-2.5/-2.16666666666667/-1.83333333333333/-1.5",0.305851992653519,0.472870635773413,0.224011014786625,-0.167018643119894,0.149533413440744,NA,300
"Federated IPW (no cloning)","OR",10,-1,"medium",1,25,"100/100/100/100/100/100/100/100/100/100","-4.5/-4.16666666666667/-3.83333333333333/-3.5/-3.16666666666667/-2.83333333333333/-2.5/-2.16666666666667/-1.83333333333333/-1.5",0.221959856655516,0.540731833313127,0.330938501403093,-0.318771976657612,0.0890570367500878,NA,300
"Federated IPW (no cloning)","OR",15,-1,"medium",1,25,"100/100/100/100/100/100/100/100/100/100","-4.5/-4.16666666666667/-3.83333333333333/-3.5/-3.16666666666667/-2.83333333333333/-2.5/-2.16666666666667/-1.83333333333333/-1.5",0.182607373307187,0.58501416360224,0.407884794445288,-0.402406790295052,0.0667354934378228,NA,300
"Federated IPW (no cloning)","OR",5,-0.7,"medium",1,25,"100/100/100/100/100/100/100/100/100/100","-4.5/-4.16666666666667/-3.83333333333333/-3.5/-3.16666666666667/-2.83333333333333/-2.5/-2.16666666666667/-1.83333333333333/-1.5",0.420917529786743,0.582920675578134,0.253933276882027,-0.162003145791391,0.195869786096331,NA,300
"Federated IPW (no cloning)","OR",10,-0.7,"medium",1,25,"100/100/100/100/100/100/100/100/100/100","-4.5/-4.16666666666667/-3.83333333333333/-3.5/-3.16666666666667/-2.83333333333333/-2.5/-2.16666666666667/-1.83333333333333/-1.5",0.299448812032491,0.639898744824208,0.360477127830878,-0.340449932791718,0.118678352938385,NA,300
"Federated IPW (no cloning)","OR",15,-0.7,"medium",1,25,"100/100/100/100/100/100/100/100/100/100","-4.5/-4.16666666666667/-3.83333333333333/-3.5/-3.16666666666667/-2.83333333333333/-2.5/-2.16666666666667/-1.83333333333333/-1.5",0.230573638754811,0.674735830581211,0.454694161195358,-0.4441621918264,0.0974596781923858,NA,300
"Federated IPW (no cloning)","OR",5,-0.5,"medium",1,25,"100/100/100/100/100/100/100/100/100/100","-4.5/-4.16666666666667/-3.83333333333333/-3.5/-3.16666666666667/-2.83333333333333/-2.5/-2.16666666666667/-1.83333333333333/-1.5",0.53400998827419,0.68016493923945,0.317263318521038,-0.146154950965259,0.282063722230728,NA,300
"Federated IPW (no cloning)","OR",10,-0.5,"medium",1,25,"100/100/100/100/100/100/100/100/100/100","-4.5/-4.16666666666667/-3.83333333333333/-3.5/-3.16666666666667/-2.83333333333333/-2.5/-2.16666666666667/-1.83333333333333/-1.5",0.385066410999272,0.715893883351045,0.385821183137627,-0.330827472351772,0.198854164714925,NA,300
"Federated IPW (no cloning)","OR",15,-0.5,"medium",1,25,"100/100/100/100/100/100/100/100/100/100","-4.5/-4.16666666666667/-3.83333333333333/-3.5/-3.16666666666667/-2.83333333333333/-2.5/-2.16666666666667/-1.83333333333333/-1.5",0.284312372623399,0.752883462030452,0.487117600830107,-0.468571089407054,0.133356556322066,NA,300
"Federated IPW (no cloning)","OR",5,-1,"small",0.5,25,"100/100/100/100/100/100/100/100/100/100","-4.5/-4.16666666666667/-3.83333333333333/-3.5/-3.16666666666667/-2.83333333333333/-2.5/-2.16666666666667/-1.83333333333333/-1.5",0.290217708364219,0.473157202956085,0.20654186820497,-0.182939494591866,0.0960386870211904,NA,300
"Federated IPW (no cloning)","OR",10,-1,"small",0.5,25,"100/100/100/100/100/100/100/100/100/100","-4.5/-4.16666666666667/-3.83333333333333/-3.5/-3.16666666666667/-2.83333333333333/-2.5/-2.16666666666667/-1.83333333333333/-1.5",0.190659334222213,0.549454542959594,0.362512750822594,-0.358795208737382,0.0518696529683762,NA,300
"Federated IPW (no cloning)","OR",15,-1,"small",0.5,25,"100/100/100/100/100/100/100/100/100/100","-4.5/-4.16666666666667/-3.83333333333333/-3.5/-3.16666666666667/-2.83333333333333/-2.5/-2.16666666666667/-1.83333333333333/-1.5",0.149576689061944,0.592759855902978,0.444847309664253,-0.443183166841034,0.0385065195923161,NA,300
"Federated IPW (no cloning)","OR",5,-0.7,"small",0.5,25,"100/100/100/100/100/100/100/100/100/100","-4.5/-4.16666666666667/-3.83333333333333/-3.5/-3.16666666666667/-2.83333333333333/-2.5/-2.16666666666667/-1.83333333333333/-1.5",0.403676577713556,0.585871387620653,0.218147865020217,-0.182194809907097,0.120173546145171,NA,300
"Federated IPW (no cloning)","OR",10,-0.7,"small",0.5,25,"100/100/100/100/100/100/100/100/100/100","-4.5/-4.16666666666667/-3.83333333333333/-3.5/-3.16666666666667/-2.83333333333333/-2.5/-2.16666666666667/-1.83333333333333/-1.5",0.25854883693999,0.649918634335725,0.398690848887838,-0.391369797395736,0.0761801772423425,NA,300
"Federated IPW (no cloning)","OR",15,-0.7,"small",0.5,25,"100/100/100/100/100/100/100/100/100/100","-4.5/-4.16666666666667/-3.83333333333333/-3.5/-3.16666666666667/-2.83333333333333/-2.5/-2.16666666666667/-1.83333333333333/-1.5",0.193043516301172,0.684552106094747,0.494177287246225,-0.491508589793575,0.0513740697171261,NA,300
"Federated IPW (no cloning)","OR",5,-0.5,"small",0.5,25,"100/100/100/100/100/100/100/100/100/100","-4.5/-4.16666666666667/-3.83333333333333/-3.5/-3.16666666666667/-2.83333333333333/-2.5/-2.16666666666667/-1.83333333333333/-1.5",0.483978485045045,0.67702327046217,0.249670651102883,-0.193044785417125,0.158596936096481,NA,300
"Federated IPW (no cloning)","OR",10,-0.5,"small",0.5,25,"100/100/100/100/100/100/100/100/100/100","-4.5/-4.16666666666667/-3.83333333333333/-3.5/-3.16666666666667/-2.83333333333333/-2.5/-2.16666666666667/-1.83333333333333/-1.5",0.31348271047689,0.727920109813738,0.425131871042075,-0.414437399336848,0.0949145882897529,NA,300
"Federated IPW (no cloning)","OR",15,-0.5,"small",0.5,25,"100/100/100/100/100/100/100/100/100/100","-4.5/-4.16666666666667/-3.83333333333333/-3.5/-3.16666666666667/-2.83333333333333/-2.5/-2.16666666666667/-1.83333333333333/-1.5",0.228616842401145,0.756068809699016,0.532599097340404,-0.527451967297871,0.0739896540816518,NA,300
"Federated IPW (no cloning)","OR",5,-1,"strong",1.5,25,"100/100/100/100/100/100/100/100/100/100","-4.5/-4.16666666666667/-3.83333333333333/-3.5/-3.16666666666667/-2.83333333333333/-2.5/-2.16666666666667/-1.83333333333333/-1.5",0.377525546517713,0.470593117881227,0.461636589258876,-0.0930675713635142,0.452913387036552,NA,300
"Federated IPW (no cloning)","OR",10,-1,"strong",1.5,25,"100/100/100/100/100/100/100/100/100/100","-4.5/-4.16666666666667/-3.83333333333333/-3.5/-3.16666666666667/-2.83333333333333/-2.5/-2.16666666666667/-1.83333333333333/-1.5",0.25920919415932,0.539679431070658,0.322835602316963,-0.280470236911338,0.160139797821808,NA,300
"Federated IPW (no cloning)","OR",15,-1,"strong",1.5,25,"100/100/100/100/100/100/100/100/100/100","-4.5/-4.16666666666667/-3.83333333333333/-3.5/-3.16666666666667/-2.83333333333333/-2.5/-2.16666666666667/-1.83333333333333/-1.5",0.20950709981208,0.566056103861187,0.377756153793271,-0.356549004049107,0.124998405770201,NA,300
"Federated IPW (no cloning)","OR",5,-0.7,"strong",1.5,25,"100/100/100/100/100/100/100/100/100/100","-4.5/-4.16666666666667/-3.83333333333333/-3.5/-3.16666666666667/-2.83333333333333/-2.5/-2.16666666666667/-1.83333333333333/-1.5",0.524158540873216,0.578101829038273,0.372160964425501,-0.0539432881650562,0.368846033495656,NA,300
"Federated IPW (no cloning)","OR",10,-0.7,"strong",1.5,25,"100/100/100/100/100/100/100/100/100/100","-4.5/-4.16666666666667/-3.83333333333333/-3.5/-3.16666666666667/-2.83333333333333/-2.5/-2.16666666666667/-1.83333333333333/-1.5",0.349607590173159,0.636587420415899,0.366883227336762,-0.286979830242739,0.228955486760957,NA,300
"Federated IPW (no cloning)","OR",15,-0.7,"strong",1.5,25,"100/100/100/100/100/100/100/100/100/100","-4.5/-4.16666666666667/-3.83333333333333/-3.5/-3.16666666666667/-2.83333333333333/-2.5/-2.16666666666667/-1.83333333333333/-1.5",0.30646587538328,0.675807916047227,0.408993010205333,-0.369342040663947,0.175968621960639,NA,300
"Federated IPW (no cloning)","OR",5,-0.5,"strong",1.5,25,"100/100/100/100/100/100/100/100/100/100","-4.5/-4.16666666666667/-3.83333333333333/-3.5/-3.16666666666667/-2.83333333333333/-2.5/-2.16666666666667/-1.83333333333333/-1.5",0.633476679649581,0.665442099149971,0.404631828991122,-0.0319654195003902,0.404041202477996,NA,300
"Federated IPW (no cloning)","OR",10,-0.5,"strong",1.5,25,"100/100/100/100/100/100/100/100/100/100","-4.5/-4.16666666666667/-3.83333333333333/-3.5/-3.16666666666667/-2.83333333333333/-2.5/-2.16666666666667/-1.83333333333333/-1.5",0.445003680120851,0.7157332780337,0.423256299467602,-0.270729597912849,0.325891696497126,NA,300
"Federated IPW (no cloning)","OR",15,-0.5,"strong",1.5,25,"100/100/100/100/100/100/100/100/100/100","-4.5/-4.16666666666667/-3.83333333333333/-3.5/-3.16666666666667/-2.83333333333333/-2.5/-2.16666666666667/-1.83333333333333/-1.5",0.380497369374184,0.746506111402707,0.424287148544097,-0.366008742028523,0.214967957116873,NA,300
"Federated per-protocol (unweighted)","OR",5,-1,"medium",1,25,"100/100/100/100/100/100/100/100/100/100","-4.5/-4.16666666666667/-3.83333333333333/-3.5/-3.16666666666667/-2.83333333333333/-2.5/-2.16666666666667/-1.83333333333333/-1.5",0.958005076860269,0.472870635773413,0.516155864856373,0.485134441086857,0.176537065083042,NA,300
"Federated per-protocol (unweighted)","OR",10,-1,"medium",1,25,"100/100/100/100/100/100/100/100/100/100","-4.5/-4.16666666666667/-3.83333333333333/-3.5/-3.16666666666667/-2.83333333333333/-2.5/-2.16666666666667/-1.83333333333333/-1.5",0.744805737185203,0.540731833313127,0.246349087779841,0.204073903872075,0.138222282839208,NA,300
"Federated per-protocol (unweighted)","OR",15,-1,"medium",1,25,"100/100/100/100/100/100/100/100/100/100","-4.5/-4.16666666666667/-3.83333333333333/-3.5/-3.16666666666667/-2.83333333333333/-2.5/-2.16666666666667/-1.83333333333333/-1.5",0.596201157418659,0.58501416360224,0.108543332543371,0.0111869938164197,0.108145694225756,NA,300
"Federated per-protocol (unweighted)","OR",5,-0.7,"medium",1,25,"100/100/100/100/100/100/100/100/100/100","-4.5/-4.16666666666667/-3.83333333333333/-3.5/-3.16666666666667/-2.83333333333333/-2.5/-2.16666666666667/-1.83333333333333/-1.5",1.31953116467954,0.582920675578134,0.785516667273839,0.736610489101408,0.273295426008267,NA,300
"Federated per-protocol (unweighted)","OR",10,-0.7,"medium",1,25,"100/100/100/100/100/100/100/100/100/100","-4.5/-4.16666666666667/-3.83333333333333/-3.5/-3.16666666666667/-2.83333333333333/-2.5/-2.16666666666667/-1.83333333333333/-1.5",0.995934499100896,0.639898744824208,0.395372739715782,0.356035754276688,0.172212083371611,NA,300
"Federated per-protocol (unweighted)","OR",15,-0.7,"medium",1,25,"100/100/100/100/100/100/100/100/100/100","-4.5/-4.16666666666667/-3.83333333333333/-3.5/-3.16666666666667/-2.83333333333333/-2.5/-2.16666666666667/-1.83333333333333/-1.5",0.780202502812232,0.674735830581211,0.166368034672933,0.105466672231021,0.128881621072529,NA,300
"Federated per-protocol (unweighted)","OR",5,-0.5,"medium",1,25,"100/100/100/100/100/100/100/100/100/100","-4.5/-4.16666666666667/-3.83333333333333/-3.5/-3.16666666666667/-2.83333333333333/-2.5/-2.16666666666667/-1.83333333333333/-1.5",1.62579502637827,0.68016493923945,1.01205081443885,0.945630087138819,0.361200047367437,NA,300
"Federated per-protocol (unweighted)","OR",10,-0.5,"medium",1,25,"100/100/100/100/100/100/100/100/100/100","-4.5/-4.16666666666667/-3.83333333333333/-3.5/-3.16666666666667/-2.83333333333333/-2.5/-2.16666666666667/-1.83333333333333/-1.5",1.27432184373896,0.715893883351045,0.605208068965981,0.558427960387918,0.233702966863763,NA,300
"Federated per-protocol (unweighted)","OR",15,-0.5,"medium",1,25,"100/100/100/100/100/100/100/100/100/100","-4.5/-4.16666666666667/-3.83333333333333/-3.5/-3.16666666666667/-2.83333333333333/-2.5/-2.16666666666667/-1.83333333333333/-1.5",0.990872000489527,0.752883462030452,0.298937330147364,0.237988538459075,0.181202734585191,NA,300
"Federated per-protocol (unweighted)","OR",5,-1,"small",0.5,25,"100/100/100/100/100/100/100/100/100/100","-4.5/-4.16666666666667/-3.83333333333333/-3.5/-3.16666666666667/-2.83333333333333/-2.5/-2.16666666666667/-1.83333333333333/-1.5",0.538088023032229,0.473157202956085,0.118915445401171,0.0649308200761436,0.0997901062742819,NA,300
"Federated per-protocol (unweighted)","OR",10,-1,"small",0.5,25,"100/100/100/100/100/100/100/100/100/100","-4.5/-4.16666666666667/-3.83333333333333/-3.5/-3.16666666666667/-2.83333333333333/-2.5/-2.16666666666667/-1.83333333333333/-1.5",0.394580775023356,0.549454542959594,0.168998828302078,-0.154873767936238,0.0677496866376936,NA,300
"Federated per-protocol (unweighted)","OR",15,-1,"small",0.5,25,"100/100/100/100/100/100/100/100/100/100","-4.5/-4.16666666666667/-3.83333333333333/-3.5/-3.16666666666667/-2.83333333333333/-2.5/-2.16666666666667/-1.83333333333333/-1.5",0.313521200422638,0.592759855902978,0.283919241445728,-0.27923865548034,0.051426886913769,NA,300
"Federated per-protocol (unweighted)","OR",5,-0.7,"small",0.5,25,"100/100/100/100/100/100/100/100/100/100","-4.5/-4.16666666666667/-3.83333333333333/-3.5/-3.16666666666667/-2.83333333333333/-2.5/-2.16666666666667/-1.83333333333333/-1.5",0.752822824313153,0.585871387620653,0.215645920810292,0.1669514366925,0.136721212380565,NA,300
"Federated per-protocol (unweighted)","OR",10,-0.7,"small",0.5,25,"100/100/100/100/100/100/100/100/100/100","-4.5/-4.16666666666667/-3.83333333333333/-3.5/-3.16666666666667/-2.83333333333333/-2.5/-2.16666666666667/-1.83333333333333/-1.5",0.542100273349779,0.649918634335725,0.142585610890934,-0.107818360985946,0.0934610830645761,NA,300
"Federated per-protocol (unweighted)","OR",15,-0.7,"small",0.5,25,"100/100/100/100/100/100/100/100/100/100","-4.5/-4.16666666666667/-3.83333333333333/-3.5/-3.16666666666667/-2.83333333333333/-2.5/-2.16666666666667/-1.83333333333333/-1.5",0.415012339186198,0.684552106094747,0.276898202091186,-0.269539766908549,0.0635167402911007,NA,300
"Federated per-protocol (unweighted)","OR",5,-0.5,"small",0.5,25,"100/100/100/100/100/100/100/100/100/100","-4.5/-4.16666666666667/-3.83333333333333/-3.5/-3.16666666666667/-2.83333333333333/-2.5/-2.16666666666667/-1.83333333333333/-1.5",0.938055983696395,0.67702327046217,0.319555411079033,0.261032713234225,0.184638080509001,NA,300
"Federated per-protocol (unweighted)","OR",10,-0.5,"small",0.5,25,"100/100/100/100/100/100/100/100/100/100","-4.5/-4.16666666666667/-3.83333333333333/-3.5/-3.16666666666667/-2.83333333333333/-2.5/-2.16666666666667/-1.83333333333333/-1.5",0.658630086027742,0.727920109813738,0.141185486711102,-0.0692900237859966,0.123218682596116,NA,300
"Federated per-protocol (unweighted)","OR",15,-0.5,"small",0.5,25,"100/100/100/100/100/100/100/100/100/100","-4.5/-4.16666666666667/-3.83333333333333/-3.5/-3.16666666666667/-2.83333333333333/-2.5/-2.16666666666667/-1.83333333333333/-1.5",0.500832213699643,0.756068809699016,0.269504160382935,-0.255236595999373,0.0866707095815053,NA,300
"Federated per-protocol (unweighted)","OR",5,-1,"strong",1.5,25,"100/100/100/100/100/100/100/100/100/100","-4.5/-4.16666666666667/-3.83333333333333/-3.5/-3.16666666666667/-2.83333333333333/-2.5/-2.16666666666667/-1.83333333333333/-1.5",1.38807894446367,0.470593117881227,0.958422235769452,0.917485826582443,0.27757840804541,NA,300
"Federated per-protocol (unweighted)","OR",10,-1,"strong",1.5,25,"100/100/100/100/100/100/100/100/100/100","-4.5/-4.16666666666667/-3.83333333333333/-3.5/-3.16666666666667/-2.83333333333333/-2.5/-2.16666666666667/-1.83333333333333/-1.5",1.06414796446909,0.539679431070658,0.553255316521461,0.524468533398434,0.176431183778612,NA,300
"Federated per-protocol (unweighted)","OR",15,-1,"strong",1.5,25,"100/100/100/100/100/100/100/100/100/100","-4.5/-4.16666666666667/-3.83333333333333/-3.5/-3.16666666666667/-2.83333333333333/-2.5/-2.16666666666667/-1.83333333333333/-1.5",0.903986883577514,0.566056103861187,0.371457861478461,0.337930779716327,0.154477426264219,NA,300
"Federated per-protocol (unweighted)","OR",5,-0.7,"strong",1.5,25,"100/100/100/100/100/100/100/100/100/100","-4.5/-4.16666666666667/-3.83333333333333/-3.5/-3.16666666666667/-2.83333333333333/-2.5/-2.16666666666667/-1.83333333333333/-1.5",1.9708914195415,0.578101829038273,1.44717174308222,1.39278959050323,0.393649263987986,NA,300
"Federated per-protocol (unweighted)","OR",10,-0.7,"strong",1.5,25,"100/100/100/100/100/100/100/100/100/100","-4.5/-4.16666666666667/-3.83333333333333/-3.5/-3.16666666666667/-2.83333333333333/-2.5/-2.16666666666667/-1.83333333333333/-1.5",1.55855545132497,0.636587420415899,0.961455956254358,0.921968030909072,0.273168891486966,NA,300
"Federated per-protocol (unweighted)","OR",15,-0.7,"strong",1.5,25,"100/100/100/100/100/100/100/100/100/100","-4.5/-4.16666666666667/-3.83333333333333/-3.5/-3.16666666666667/-2.83333333333333/-2.5/-2.16666666666667/-1.83333333333333/-1.5",1.25870443060243,0.675807916047227,0.631613695834441,0.582896514555205,0.243650156469328,NA,300
"Federated per-protocol (unweighted)","OR",5,-0.5,"strong",1.5,25,"100/100/100/100/100/100/100/100/100/100","-4.5/-4.16666666666667/-3.83333333333333/-3.5/-3.16666666666667/-2.83333333333333/-2.5/-2.16666666666667/-1.83333333333333/-1.5",2.60110573766708,0.665442099149971,2.01667889068526,1.93566363851711,0.566807665577538,NA,300
"Federated per-protocol (unweighted)","OR",10,-0.5,"strong",1.5,25,"100/100/100/100/100/100/100/100/100/100","-4.5/-4.16666666666667/-3.83333333333333/-3.5/-3.16666666666667/-2.83333333333333/-2.5/-2.16666666666667/-1.83333333333333/-1.5",1.91296990107655,0.7157332780337,1.25068615917902,1.19723662304285,0.362322964091341,NA,300
"Federated per-protocol (unweighted)","OR",15,-0.5,"strong",1.5,25,"100/100/100/100/100/100/100/100/100/100","-4.5/-4.16666666666667/-3.83333333333333/-3.5/-3.16666666666667/-2.83333333333333/-2.5/-2.16666666666667/-1.83333333333333/-1.5",1.59550352578938,0.746506111402707,0.903912880730371,0.848997414386677,0.310779395107033,NA,300
"Federated CCW","RMST_diff",5,-1,"medium",1,25,"100/100/100/100/100/100/100/100/100/100","-4.5/-4.16666666666667/-3.83333333333333/-3.5/-3.16666666666667/-2.83333333333333/-2.5/-2.16666666666667/-1.83333333333333/-1.5",2.38671215103234,2.43291762005944,1.17291147135348,-0.0462054690271007,1.17395924487465,0.9,300
"Federated CCW","RMST_diff",10,-1,"medium",1,25,"100/100/100/100/100/100/100/100/100/100","-4.5/-4.16666666666667/-3.83333333333333/-3.5/-3.16666666666667/-2.83333333333333/-2.5/-2.16666666666667/-1.83333333333333/-1.5",1.50590219197747,1.68028400201112,0.736183414580848,-0.174381810033651,0.716427175101595,0.88,300
"Federated CCW","RMST_diff",15,-1,"medium",1,25,"100/100/100/100/100/100/100/100/100/100","-4.5/-4.16666666666667/-3.83333333333333/-3.5/-3.16666666666667/-2.83333333333333/-2.5/-2.16666666666667/-1.83333333333333/-1.5",1.26363168145706,1.43388073993278,0.646116596895803,-0.17024905847572,0.624324583442497,0.84,300
"Federated CCW","RMST_diff",5,-0.7,"medium",1,25,"100/100/100/100/100/100/100/100/100/100","-4.5/-4.16666666666667/-3.83333333333333/-3.5/-3.16666666666667/-2.83333333333333/-2.5/-2.16666666666667/-1.83333333333333/-1.5",1.59577135591306,1.72067391134665,1.1209929123898,-0.124902555433586,1.11587411689529,0.896666666666667,300
"Federated CCW","RMST_diff",10,-0.7,"medium",1,25,"100/100/100/100/100/100/100/100/100/100","-4.5/-4.16666666666667/-3.83333333333333/-3.5/-3.16666666666667/-2.83333333333333/-2.5/-2.16666666666667/-1.83333333333333/-1.5",1.02014696054053,1.20380772312449,0.726900356561576,-0.183660762583957,0.704490745165023,0.873333333333333,300
"Federated CCW","RMST_diff",15,-0.7,"medium",1,25,"100/100/100/100/100/100/100/100/100/100","-4.5/-4.16666666666667/-3.83333333333333/-3.5/-3.16666666666667/-2.83333333333333/-2.5/-2.16666666666667/-1.83333333333333/-1.5",0.911667564442251,1.02527363156688,0.581842049025432,-0.113606067124626,0.571596805349897,0.873333333333333,300
"Federated CCW","RMST_diff",5,-0.5,"medium",1,25,"100/100/100/100/100/100/100/100/100/100","-4.5/-4.16666666666667/-3.83333333333333/-3.5/-3.16666666666667/-2.83333333333333/-2.5/-2.16666666666667/-1.83333333333333/-1.5",1.0411162043575,1.20742074449448,1.21898711402647,-0.166304540136979,1.20960718799807,0.87,300
"Federated CCW","RMST_diff",10,-0.5,"medium",1,25,"100/100/100/100/100/100/100/100/100/100","-4.5/-4.16666666666667/-3.83333333333333/-3.5/-3.16666666666667/-2.83333333333333/-2.5/-2.16666666666667/-1.83333333333333/-1.5",0.714971984362173,0.872501361449615,0.976433497529397,-0.157529377087442,0.965252598571359,0.846666666666667,300
"Federated CCW","RMST_diff",15,-0.5,"medium",1,25,"100/100/100/100/100/100/100/100/100/100","-4.5/-4.16666666666667/-3.83333333333333/-3.5/-3.16666666666667/-2.83333333333333/-2.5/-2.16666666666667/-1.83333333333333/-1.5",0.565421212266517,0.732154082965634,0.809871637840147,-0.166732870699117,0.793846875966172,0.803333333333333,300
"Federated CCW","RMST_diff",5,-1,"small",0.5,25,"100/100/100/100/100/100/100/100/100/100","-4.5/-4.16666666666667/-3.83333333333333/-3.5/-3.16666666666667/-2.83333333333333/-2.5/-2.16666666666667/-1.83333333333333/-1.5",2.2345431017696,2.36230366654713,0.744999271506456,-0.127760564777535,0.735188974841597,0.903333333333333,300
"Federated CCW","RMST_diff",10,-1,"small",0.5,25,"100/100/100/100/100/100/100/100/100/100","-4.5/-4.16666666666667/-3.83333333333333/-3.5/-3.16666666666667/-2.83333333333333/-2.5/-2.16666666666667/-1.83333333333333/-1.5",1.49576807361229,1.56925919256746,0.408138508127831,-0.0734911189551672,0.402138219700651,0.94,300
"Federated CCW","RMST_diff",15,-1,"small",0.5,25,"100/100/100/100/100/100/100/100/100/100","-4.5/-4.16666666666667/-3.83333333333333/-3.5/-3.16666666666667/-2.83333333333333/-2.5/-2.16666666666667/-1.83333333333333/-1.5",1.13680108324631,1.31976106022744,0.351719344376971,-0.182959976981132,0.300888557073805,0.906666666666667,300
"Federated CCW","RMST_diff",5,-0.7,"small",0.5,25,"100/100/100/100/100/100/100/100/100/100","-4.5/-4.16666666666667/-3.83333333333333/-3.5/-3.16666666666667/-2.83333333333333/-2.5/-2.16666666666667/-1.83333333333333/-1.5",1.46438996376224,1.66361523736568,0.721765210260767,-0.199225273603439,0.694884058879384,0.903333333333333,300
"Federated CCW","RMST_diff",10,-0.7,"small",0.5,25,"100/100/100/100/100/100/100/100/100/100","-4.5/-4.16666666666667/-3.83333333333333/-3.5/-3.16666666666667/-2.83333333333333/-2.5/-2.16666666666667/-1.83333333333333/-1.5",1.00933853556046,1.10900606699706,0.485455727964562,-0.0996675314365954,0.475908193899841,0.923333333333333,300
"Federated CCW","RMST_diff",15,-0.7,"small",0.5,25,"100/100/100/100/100/100/100/100/100/100","-4.5/-4.16666666666667/-3.83333333333333/-3.5/-3.16666666666667/-2.83333333333333/-2.5/-2.16666666666667/-1.83333333333333/-1.5",0.813610206788507,0.93546267810407,0.397971381292542,-0.121852471315563,0.379490763648469,0.906666666666667,300
"Federated CCW","RMST_diff",5,-0.5,"small",0.5,25,"100/100/100/100/100/100/100/100/100/100","-4.5/-4.16666666666667/-3.83333333333333/-3.5/-3.16666666666667/-2.83333333333333/-2.5/-2.16666666666667/-1.83333333333333/-1.5",0.997780200701191,1.18061730048066,0.791975698240527,-0.18283709977947,0.771869186900707,0.926666666666667,300
"Federated CCW","RMST_diff",10,-0.5,"small",0.5,25,"100/100/100/100/100/100/100/100/100/100","-4.5/-4.16666666666667/-3.83333333333333/-3.5/-3.16666666666667/-2.83333333333333/-2.5/-2.16666666666667/-1.83333333333333/-1.5",0.688516655094145,0.801471615175124,0.433114141530802,-0.112954960080979,0.418824246055567,0.943333333333333,300
"Federated CCW","RMST_diff",15,-0.5,"small",0.5,25,"100/100/100/100/100/100/100/100/100/100","-4.5/-4.16666666666667/-3.83333333333333/-3.5/-3.16666666666667/-2.83333333333333/-2.5/-2.16666666666667/-1.83333333333333/-1.5",0.553634794945546,0.670501217617884,0.354358366188899,-0.116866422672338,0.335091597730233,0.93,300
"Federated CCW","RMST_diff",5,-1,"strong",1.5,25,"100/100/100/100/100/100/100/100/100/100","-4.5/-4.16666666666667/-3.83333333333333/-3.5/-3.16666666666667/-2.83333333333333/-2.5/-2.16666666666667/-1.83333333333333/-1.5",2.32395913728386,2.51115589256033,1.46006353636986,-0.187196755276462,1.45043283992328,0.88,300
"Federated CCW","RMST_diff",10,-1,"strong",1.5,25,"100/100/100/100/100/100/100/100/100/100","-4.5/-4.16666666666667/-3.83333333333333/-3.5/-3.16666666666667/-2.83333333333333/-2.5/-2.16666666666667/-1.83333333333333/-1.5",1.67778537589138,1.80092593243156,1.14100801719947,-0.123140556540187,1.13623904286181,0.863333333333333,300
"Federated CCW","RMST_diff",15,-1,"strong",1.5,25,"100/100/100/100/100/100/100/100/100/100","-4.5/-4.16666666666667/-3.83333333333333/-3.5/-3.16666666666667/-2.83333333333333/-2.5/-2.16666666666667/-1.83333333333333/-1.5",1.43598427139397,1.62191160621365,0.917325976005894,-0.185927334819682,0.899787027433609,0.823333333333333,300
"Federated CCW","RMST_diff",5,-0.7,"strong",1.5,25,"100/100/100/100/100/100/100/100/100/100","-4.5/-4.16666666666667/-3.83333333333333/-3.5/-3.16666666666667/-2.83333333333333/-2.5/-2.16666666666667/-1.83333333333333/-1.5",1.3951995911871,1.76149414796995,1.63739323517595,-0.366294556782848,1.59856276510636,0.796666666666667,300
"Federated CCW","RMST_diff",10,-0.7,"strong",1.5,25,"100/100/100/100/100/100/100/100/100/100","-4.5/-4.16666666666667/-3.83333333333333/-3.5/-3.16666666666667/-2.83333333333333/-2.5/-2.16666666666667/-1.83333333333333/-1.5",1.29085268470255,1.2905549342677,1.2310976009437,0.000297750434847309,1.23315453807567,0.836666666666667,300
"Federated CCW","RMST_diff",15,-0.7,"strong",1.5,25,"100/100/100/100/100/100/100/100/100/100","-4.5/-4.16666666666667/-3.83333333333333/-3.5/-3.16666666666667/-2.83333333333333/-2.5/-2.16666666666667/-1.83333333333333/-1.5",0.83940276448152,1.11586824716913,1.12608651070332,-0.276465482687605,1.09344550697602,0.756666666666667,300
"Federated CCW","RMST_diff",5,-0.5,"strong",1.5,25,"100/100/100/100/100/100/100/100/100/100","-4.5/-4.16666666666667/-3.83333333333333/-3.5/-3.16666666666667/-2.83333333333333/-2.5/-2.16666666666667/-1.83333333333333/-1.5",0.809391181046837,1.29187335751532,1.56630368599993,-0.482482176468486,1.49263011774357,0.793333333333333,300
"Federated CCW","RMST_diff",10,-0.5,"strong",1.5,25,"100/100/100/100/100/100/100/100/100/100","-4.5/-4.16666666666667/-3.83333333333333/-3.5/-3.16666666666667/-2.83333333333333/-2.5/-2.16666666666667/-1.83333333333333/-1.5",0.726288410951885,0.95411449216502,1.2057604694408,-0.227826081213136,1.1860195590151,0.79,300
"Federated CCW","RMST_diff",15,-0.5,"strong",1.5,25,"100/100/100/100/100/100/100/100/100/100","-4.5/-4.16666666666667/-3.83333333333333/-3.5/-3.16666666666667/-2.83333333333333/-2.5/-2.16666666666667/-1.83333333333333/-1.5",0.457674574012459,0.821731987305055,1.03370840411124,-0.364057413292597,0.969095325750541,0.723333333333333,300
"Pooled CCW","RMST_diff",5,-1,"medium",1,25,"100/100/100/100/100/100/100/100/100/100","-4.5/-4.16666666666667/-3.83333333333333/-3.5/-3.16666666666667/-2.83333333333333/-2.5/-2.16666666666667/-1.83333333333333/-1.5",2.49808662366858,2.43291762005944,1.01024508349008,0.0651690036091442,1.00982537466081,0.923333333333333,300
"Pooled CCW","RMST_diff",10,-1,"medium",1,25,"100/100/100/100/100/100/100/100/100/100","-4.5/-4.16666666666667/-3.83333333333333/-3.5/-3.16666666666667/-2.83333333333333/-2.5/-2.16666666666667/-1.83333333333333/-1.5",1.58381807741031,1.68028400201112,0.649160697049484,-0.0964659246008171,0.643025823756772,0.936666666666667,300
"Pooled CCW","RMST_diff",15,-1,"medium",1,25,"100/100/100/100/100/100/100/100/100/100","-4.5/-4.16666666666667/-3.83333333333333/-3.5/-3.16666666666667/-2.83333333333333/-2.5/-2.16666666666667/-1.83333333333333/-1.5",1.40562269455695,1.43388073993278,0.512451126112335,-0.0282580453758251,0.512526341137576,0.913333333333333,300
"Pooled CCW","RMST_diff",5,-0.7,"medium",1,25,"100/100/100/100/100/100/100/100/100/100","-4.5/-4.16666666666667/-3.83333333333333/-3.5/-3.16666666666667/-2.83333333333333/-2.5/-2.16666666666667/-1.83333333333333/-1.5",1.66980113544392,1.72067391134665,0.90135368372714,-0.0508727759027211,0.901420519894049,0.94,300
"Pooled CCW","RMST_diff",10,-0.7,"medium",1,25,"100/100/100/100/100/100/100/100/100/100","-4.5/-4.16666666666667/-3.83333333333333/-3.5/-3.16666666666667/-2.83333333333333/-2.5/-2.16666666666667/-1.83333333333333/-1.5",1.14516239361147,1.20380772312449,0.614945986316296,-0.0586453295130226,0.613165991547257,0.916666666666667,300
"Pooled CCW","RMST_diff",15,-0.7,"medium",1,25,"100/100/100/100/100/100/100/100/100/100","-4.5/-4.16666666666667/-3.83333333333333/-3.5/-3.16666666666667/-2.83333333333333/-2.5/-2.16666666666667/-1.83333333333333/-1.5",1.02722652395034,1.02527363156688,0.512943904634201,0.00195289238346761,0.51379723058802,0.923333333333333,300
"Pooled CCW","RMST_diff",5,-0.5,"medium",1,25,"100/100/100/100/100/100/100/100/100/100","-4.5/-4.16666666666667/-3.83333333333333/-3.5/-3.16666666666667/-2.83333333333333/-2.5/-2.16666666666667/-1.83333333333333/-1.5",1.24894018747628,1.20742074449448,1.02790177620452,0.041519442981806,1.02877896130135,0.9,300
"Pooled CCW","RMST_diff",10,-0.5,"medium",1,25,"100/100/100/100/100/100/100/100/100/100","-4.5/-4.16666666666667/-3.83333333333333/-3.5/-3.16666666666667/-2.83333333333333/-2.5/-2.16666666666667/-1.83333333333333/-1.5",0.813828150856432,0.872501361449615,0.706196932230409,-0.0586732105931824,0.704931193860261,0.893333333333333,300
"Pooled CCW","RMST_diff",15,-0.5,"medium",1,25,"100/100/100/100/100/100/100/100/100/100","-4.5/-4.16666666666667/-3.83333333333333/-3.5/-3.16666666666667/-2.83333333333333/-2.5/-2.16666666666667/-1.83333333333333/-1.5",0.662829855479007,0.732154082965634,0.569386417723383,-0.0693242274866269,0.566094740322961,0.886666666666667,300
"Pooled CCW","RMST_diff",5,-1,"small",0.5,25,"100/100/100/100/100/100/100/100/100/100","-4.5/-4.16666666666667/-3.83333333333333/-3.5/-3.16666666666667/-2.83333333333333/-2.5/-2.16666666666667/-1.83333333333333/-1.5",2.37097611021113,2.36230366654713,0.676043477155733,0.00867244366399155,0.677117319677864,0.93,300
"Pooled CCW","RMST_diff",10,-1,"small",0.5,25,"100/100/100/100/100/100/100/100/100/100","-4.5/-4.16666666666667/-3.83333333333333/-3.5/-3.16666666666667/-2.83333333333333/-2.5/-2.16666666666667/-1.83333333333333/-1.5",1.63443761697149,1.56925919256746,0.38040832493494,0.0651784244040326,0.375409163632356,0.966666666666667,300
"Pooled CCW","RMST_diff",15,-1,"small",0.5,25,"100/100/100/100/100/100/100/100/100/100","-4.5/-4.16666666666667/-3.83333333333333/-3.5/-3.16666666666667/-2.83333333333333/-2.5/-2.16666666666667/-1.83333333333333/-1.5",1.29835898353102,1.31976106022744,0.29154154052571,-0.0214020766964224,0.291240722013677,0.953333333333333,300
"Pooled CCW","RMST_diff",5,-0.7,"small",0.5,25,"100/100/100/100/100/100/100/100/100/100","-4.5/-4.16666666666667/-3.83333333333333/-3.5/-3.16666666666667/-2.83333333333333/-2.5/-2.16666666666667/-1.83333333333333/-1.5",1.60644313058276,1.66361523736568,0.668398451503259,-0.0571721067829193,0.667061524225186,0.933333333333333,300
"Pooled CCW","RMST_diff",10,-0.7,"small",0.5,25,"100/100/100/100/100/100/100/100/100/100","-4.5/-4.16666666666667/-3.83333333333333/-3.5/-3.16666666666667/-2.83333333333333/-2.5/-2.16666666666667/-1.83333333333333/-1.5",1.08076211399802,1.10900606699706,0.383307372545186,-0.0282439529990414,0.382904086464552,0.966666666666667,300
"Pooled CCW","RMST_diff",15,-0.7,"small",0.5,25,"100/100/100/100/100/100/100/100/100/100","-4.5/-4.16666666666667/-3.83333333333333/-3.5/-3.16666666666667/-2.83333333333333/-2.5/-2.16666666666667/-1.83333333333333/-1.5",0.938615468583533,0.93546267810407,0.278172961448874,0.00315279047946264,0.278619848167245,0.953333333333333,300
"Pooled CCW","RMST_diff",5,-0.5,"small",0.5,25,"100/100/100/100/100/100/100/100/100/100","-4.5/-4.16666666666667/-3.83333333333333/-3.5/-3.16666666666667/-2.83333333333333/-2.5/-2.16666666666667/-1.83333333333333/-1.5",1.15009066792888,1.18061730048066,0.684982624400993,-0.0305266325517774,0.68544543077102,0.946666666666667,300
"Pooled CCW","RMST_diff",10,-0.5,"small",0.5,25,"100/100/100/100/100/100/100/100/100/100","-4.5/-4.16666666666667/-3.83333333333333/-3.5/-3.16666666666667/-2.83333333333333/-2.5/-2.16666666666667/-1.83333333333333/-1.5",0.786831009745171,0.801471615175124,0.375081596667834,-0.0146406054299536,0.375421979075252,0.953333333333333,300
"Pooled CCW","RMST_diff",15,-0.5,"small",0.5,25,"100/100/100/100/100/100/100/100/100/100","-4.5/-4.16666666666667/-3.83333333333333/-3.5/-3.16666666666667/-2.83333333333333/-2.5/-2.16666666666667/-1.83333333333333/-1.5",0.656975615313895,0.670501217617884,0.289335191737663,-0.0135256023039889,0.289501782724829,0.963333333333333,300
"Pooled CCW","RMST_diff",5,-1,"strong",1.5,25,"100/100/100/100/100/100/100/100/100/100","-4.5/-4.16666666666667/-3.83333333333333/-3.5/-3.16666666666667/-2.83333333333333/-2.5/-2.16666666666667/-1.83333333333333/-1.5",2.42470073061968,2.51115589256033,1.19320922025319,-0.086455161940651,1.19206142868993,0.896666666666667,300
"Pooled CCW","RMST_diff",10,-1,"strong",1.5,25,"100/100/100/100/100/100/100/100/100/100","-4.5/-4.16666666666667/-3.83333333333333/-3.5/-3.16666666666667/-2.83333333333333/-2.5/-2.16666666666667/-1.83333333333333/-1.5",1.76793167701025,1.80092593243156,0.966144340407094,-0.0329942554213106,0.967194127641913,0.87,300
"Pooled CCW","RMST_diff",15,-1,"strong",1.5,25,"100/100/100/100/100/100/100/100/100/100","-4.5/-4.16666666666667/-3.83333333333333/-3.5/-3.16666666666667/-2.83333333333333/-2.5/-2.16666666666667/-1.83333333333333/-1.5",1.51407135395266,1.62191160621365,0.8241078481962,-0.10784025226099,0.818386673855338,0.896666666666667,300
"Pooled CCW","RMST_diff",5,-0.7,"strong",1.5,25,"100/100/100/100/100/100/100/100/100/100","-4.5/-4.16666666666667/-3.83333333333333/-3.5/-3.16666666666667/-2.83333333333333/-2.5/-2.16666666666667/-1.83333333333333/-1.5",1.59149269913137,1.76149414796995,1.50157405079265,-0.170001448838579,1.49441238126928,0.823333333333333,300
"Pooled CCW","RMST_diff",10,-0.7,"strong",1.5,25,"100/100/100/100/100/100/100/100/100/100","-4.5/-4.16666666666667/-3.83333333333333/-3.5/-3.16666666666667/-2.83333333333333/-2.5/-2.16666666666667/-1.83333333333333/-1.5",1.35009531102701,1.2905549342677,1.0872768730382,0.0595403767593095,1.08745934864817,0.916666666666667,300
"Pooled CCW","RMST_diff",15,-0.7,"strong",1.5,25,"100/100/100/100/100/100/100/100/100/100","-4.5/-4.16666666666667/-3.83333333333333/-3.5/-3.16666666666667/-2.83333333333333/-2.5/-2.16666666666667/-1.83333333333333/-1.5",1.02146308102769,1.11586824716913,0.818874244686182,-0.0944051661414348,0.81477330898413,0.853333333333333,300
"Pooled CCW","RMST_diff",5,-0.5,"strong",1.5,25,"100/100/100/100/100/100/100/100/100/100","-4.5/-4.16666666666667/-3.83333333333333/-3.5/-3.16666666666667/-2.83333333333333/-2.5/-2.16666666666667/-1.83333333333333/-1.5",0.934725908438151,1.29187335751532,1.55857178533767,-0.357147449077172,1.5196346076621,0.806666666666667,300
"Pooled CCW","RMST_diff",10,-0.5,"strong",1.5,25,"100/100/100/100/100/100/100/100/100/100","-4.5/-4.16666666666667/-3.83333333333333/-3.5/-3.16666666666667/-2.83333333333333/-2.5/-2.16666666666667/-1.83333333333333/-1.5",0.764541560560119,0.95411449216502,0.92172774763991,-0.189572931604901,0.903529392021211,0.87,300
"Pooled CCW","RMST_diff",15,-0.5,"strong",1.5,25,"100/100/100/100/100/100/100/100/100/100","-4.5/-4.16666666666667/-3.83333333333333/-3.5/-3.16666666666667/-2.83333333333333/-2.5/-2.16666666666667/-1.83333333333333/-1.5",0.605157084633878,0.821731987305055,0.915775995411221,-0.216574902671178,0.891284998452198,0.79,300
"Federated landmark IPW","RMST_diff",5,-1,"medium",1,25,"100/100/100/100/100/100/100/100/100/100","-4.5/-4.16666666666667/-3.83333333333333/-3.5/-3.16666666666667/-2.83333333333333/-2.5/-2.16666666666667/-1.83333333333333/-1.5",3.04678033300526,2.43291762005944,1.31871512492349,0.613862712945821,1.16907567911653,NA,300
"Federated landmark IPW","RMST_diff",10,-1,"medium",1,25,"100/100/100/100/100/100/100/100/100/100","-4.5/-4.16666666666667/-3.83333333333333/-3.5/-3.16666666666667/-2.83333333333333/-2.5/-2.16666666666667/-1.83333333333333/-1.5",1.71497185982808,1.68028400201112,0.93076709191657,0.0346878578169598,0.931674580344679,NA,300
"Federated landmark IPW","RMST_diff",15,-1,"medium",1,25,"100/100/100/100/100/100/100/100/100/100","-4.5/-4.16666666666667/-3.83333333333333/-3.5/-3.16666666666667/-2.83333333333333/-2.5/-2.16666666666667/-1.83333333333333/-1.5",0.636485261373363,1.43388073993278,1.07347306479054,-0.797395478559413,0.719883541030047,NA,300
"Federated landmark IPW","RMST_diff",5,-0.7,"medium",1,25,"100/100/100/100/100/100/100/100/100/100","-4.5/-4.16666666666667/-3.83333333333333/-3.5/-3.16666666666667/-2.83333333333333/-2.5/-2.16666666666667/-1.83333333333333/-1.5",2.09373185191447,1.72067391134665,1.37327724616312,0.373057940567824,1.32384290404512,NA,300
"Federated landmark IPW","RMST_diff",10,-0.7,"medium",1,25,"100/100/100/100/100/100/100/100/100/100","-4.5/-4.16666666666667/-3.83333333333333/-3.5/-3.16666666666667/-2.83333333333333/-2.5/-2.16666666666667/-1.83333333333333/-1.5",1.11761456364296,1.20380772312449,0.936788715027959,-0.0861931594815293,0.934373595472056,NA,300
"Federated landmark IPW","RMST_diff",15,-0.7,"medium",1,25,"100/100/100/100/100/100/100/100/100/100","-4.5/-4.16666666666667/-3.83333333333333/-3.5/-3.16666666666667/-2.83333333333333/-2.5/-2.16666666666667/-1.83333333333333/-1.5",0.38848097293099,1.02527363156688,0.889923084386905,-0.636792658635887,0.622696321165825,NA,300
"Federated landmark IPW","RMST_diff",5,-0.5,"medium",1,25,"100/100/100/100/100/100/100/100/100/100","-4.5/-4.16666666666667/-3.83333333333333/-3.5/-3.16666666666667/-2.83333333333333/-2.5/-2.16666666666667/-1.83333333333333/-1.5",1.48663572857562,1.20742074449448,1.52010504814968,0.279214984081147,1.49673837704046,NA,300
"Federated landmark IPW","RMST_diff",10,-0.5,"medium",1,25,"100/100/100/100/100/100/100/100/100/100","-4.5/-4.16666666666667/-3.83333333333333/-3.5/-3.16666666666667/-2.83333333333333/-2.5/-2.16666666666667/-1.83333333333333/-1.5",0.568796201973882,0.872501361449615,0.985877735089589,-0.303705159475733,0.939500018949024,NA,300
"Federated landmark IPW","RMST_diff",15,-0.5,"medium",1,25,"100/100/100/100/100/100/100/100/100/100","-4.5/-4.16666666666667/-3.83333333333333/-3.5/-3.16666666666667/-2.83333333333333/-2.5/-2.16666666666667/-1.83333333333333/-1.5",0.158182260197421,0.732154082965634,1.00713318894271,-0.573971822768213,0.828953650162927,NA,300
"Federated landmark IPW","RMST_diff",5,-1,"small",0.5,25,"100/100/100/100/100/100/100/100/100/100","-4.5/-4.16666666666667/-3.83333333333333/-3.5/-3.16666666666667/-2.83333333333333/-2.5/-2.16666666666667/-1.83333333333333/-1.5",3.42316084092692,2.36230366654713,1.45129175217931,1.06085717437979,0.992023272284035,NA,300
"Federated landmark IPW","RMST_diff",10,-1,"small",0.5,25,"100/100/100/100/100/100/100/100/100/100","-4.5/-4.16666666666667/-3.83333333333333/-3.5/-3.16666666666667/-2.83333333333333/-2.5/-2.16666666666667/-1.83333333333333/-1.5",2.04174947698052,1.56925919256746,0.874273856616784,0.472490284413063,0.73682931013437,NA,300
"Federated landmark IPW","RMST_diff",15,-1,"small",0.5,25,"100/100/100/100/100/100/100/100/100/100","-4.5/-4.16666666666667/-3.83333333333333/-3.5/-3.16666666666667/-2.83333333333333/-2.5/-2.16666666666667/-1.83333333333333/-1.5",0.791071101753141,1.31976106022744,0.750057638794307,-0.528689958474299,0.532935383574488,NA,300
"Federated landmark IPW","RMST_diff",5,-0.7,"small",0.5,25,"100/100/100/100/100/100/100/100/100/100","-4.5/-4.16666666666667/-3.83333333333333/-3.5/-3.16666666666667/-2.83333333333333/-2.5/-2.16666666666667/-1.83333333333333/-1.5",2.30901421954294,1.66361523736568,1.28930376550415,0.645398982177257,1.11800303645061,NA,300
"Federated landmark IPW","RMST_diff",10,-0.7,"small",0.5,25,"100/100/100/100/100/100/100/100/100/100","-4.5/-4.16666666666667/-3.83333333333333/-3.5/-3.16666666666667/-2.83333333333333/-2.5/-2.16666666666667/-1.83333333333333/-1.5",1.4320419776495,1.10900606699706,0.867523489154686,0.32303591065244,0.806481771330904,NA,300
"Federated landmark IPW","RMST_diff",15,-0.7,"small",0.5,25,"100/100/100/100/100/100/100/100/100/100","-4.5/-4.16666666666667/-3.83333333333333/-3.5/-3.16666666666667/-2.83333333333333/-2.5/-2.16666666666667/-1.83333333333333/-1.5",0.578508410296589,0.93546267810407,0.739058322791848,-0.356954267807481,0.648221793442313,NA,300
"Federated landmark IPW","RMST_diff",5,-0.5,"small",0.5,25,"100/100/100/100/100/100/100/100/100/100","-4.5/-4.16666666666667/-3.83333333333333/-3.5/-3.16666666666667/-2.83333333333333/-2.5/-2.16666666666667/-1.83333333333333/-1.5",1.68780415260063,1.18061730048066,1.18291981354828,0.507186852119966,1.07045802514643,NA,300
"Federated landmark IPW","RMST_diff",10,-0.5,"small",0.5,25,"100/100/100/100/100/100/100/100/100/100","-4.5/-4.16666666666667/-3.83333333333333/-3.5/-3.16666666666667/-2.83333333333333/-2.5/-2.16666666666667/-1.83333333333333/-1.5",1.04489810813715,0.801471615175124,0.841897093539373,0.243426492962021,0.807283478100663,NA,300
"Federated landmark IPW","RMST_diff",15,-0.5,"small",0.5,25,"100/100/100/100/100/100/100/100/100/100","-4.5/-4.16666666666667/-3.83333333333333/-3.5/-3.16666666666667/-2.83333333333333/-2.5/-2.16666666666667/-1.83333333333333/-1.5",0.33782005377038,0.670501217617884,0.852409336431411,-0.332681163847505,0.786120136888704,NA,300
"Federated landmark IPW","RMST_diff",5,-1,"strong",1.5,25,"100/100/100/100/100/100/100/100/100/100","-4.5/-4.16666666666667/-3.83333333333333/-3.5/-3.16666666666667/-2.83333333333333/-2.5/-2.16666666666667/-1.83333333333333/-1.5",2.72863116251751,2.51115589256033,1.61096160753047,0.217475269957184,1.59888186512417,NA,300
"Federated landmark IPW","RMST_diff",10,-1,"strong",1.5,25,"100/100/100/100/100/100/100/100/100/100","-4.5/-4.16666666666667/-3.83333333333333/-3.5/-3.16666666666667/-2.83333333333333/-2.5/-2.16666666666667/-1.83333333333333/-1.5",1.38437888690909,1.80092593243156,0.976022455235816,-0.416547045522474,0.884145975321178,NA,300
"Federated landmark IPW","RMST_diff",15,-1,"strong",1.5,25,"100/100/100/100/100/100/100/100/100/100","-4.5/-4.16666666666667/-3.83333333333333/-3.5/-3.16666666666667/-2.83333333333333/-2.5/-2.16666666666667/-1.83333333333333/-1.5",0.447774781387946,1.62191160621365,1.39929235112527,-1.1741368248257,0.762469452541821,NA,300
"Federated landmark IPW","RMST_diff",5,-0.7,"strong",1.5,25,"100/100/100/100/100/100/100/100/100/100","-4.5/-4.16666666666667/-3.83333333333333/-3.5/-3.16666666666667/-2.83333333333333/-2.5/-2.16666666666667/-1.83333333333333/-1.5",1.81818202299852,1.76149414796995,1.69878948582211,0.0566878750285762,1.70068023041318,NA,300
"Federated landmark IPW","RMST_diff",10,-0.7,"strong",1.5,25,"100/100/100/100/100/100/100/100/100/100","-4.5/-4.16666666666667/-3.83333333333333/-3.5/-3.16666666666667/-2.83333333333333/-2.5/-2.16666666666667/-1.83333333333333/-1.5",0.748136329627485,1.2905549342677,1.25022333630635,-0.542418604640218,1.12831026828774,NA,300
"Federated landmark IPW","RMST_diff",15,-0.7,"strong",1.5,25,"100/100/100/100/100/100/100/100/100/100","-4.5/-4.16666666666667/-3.83333333333333/-3.5/-3.16666666666667/-2.83333333333333/-2.5/-2.16666666666667/-1.83333333333333/-1.5",0.155385311065025,1.11586824716913,1.17472655429526,-0.9604829361041,0.677484285186638,NA,300
"Federated landmark IPW","RMST_diff",5,-0.5,"strong",1.5,25,"100/100/100/100/100/100/100/100/100/100","-4.5/-4.16666666666667/-3.83333333333333/-3.5/-3.16666666666667/-2.83333333333333/-2.5/-2.16666666666667/-1.83333333333333/-1.5",0.880702618137754,1.29187335751532,1.64287768870043,-0.411170739377569,1.59325051822433,NA,300
"Federated landmark IPW","RMST_diff",10,-0.5,"strong",1.5,25,"100/100/100/100/100/100/100/100/100/100","-4.5/-4.16666666666667/-3.83333333333333/-3.5/-3.16666666666667/-2.83333333333333/-2.5/-2.16666666666667/-1.83333333333333/-1.5",0.327208959435432,0.95411449216502,1.41973052006508,-0.626905532729588,1.27595103332198,NA,300
"Federated landmark IPW","RMST_diff",15,-0.5,"strong",1.5,25,"100/100/100/100/100/100/100/100/100/100","-4.5/-4.16666666666667/-3.83333333333333/-3.5/-3.16666666666667/-2.83333333333333/-2.5/-2.16666666666667/-1.83333333333333/-1.5",-0.0247202469823125,0.821731987305055,1.13511588913408,-0.846452234287368,0.757574922176201,NA,300
"Local CCW + curve meta-analysis","RMST_diff",5,-1,"medium",1,25,"100/100/100/100/100/100/100/100/100/100","-4.5/-4.16666666666667/-3.83333333333333/-3.5/-3.16666666666667/-2.83333333333333/-2.5/-2.16666666666667/-1.83333333333333/-1.5",1.94644577909211,2.43291762005944,0.936806500926714,-0.486471840967329,0.801932178462695,NA,300
"Local CCW + curve meta-analysis","RMST_diff",10,-1,"medium",1,25,"100/100/100/100/100/100/100/100/100/100","-4.5/-4.16666666666667/-3.83333333333333/-3.5/-3.16666666666667/-2.83333333333333/-2.5/-2.16666666666667/-1.83333333333333/-1.5",1.24282060092548,1.68028400201112,0.688625463338938,-0.437463401085648,0.532706977504787,NA,300
"Local CCW + curve meta-analysis","RMST_diff",15,-1,"medium",1,25,"100/100/100/100/100/100/100/100/100/100","-4.5/-4.16666666666667/-3.83333333333333/-3.5/-3.16666666666667/-2.83333333333333/-2.5/-2.16666666666667/-1.83333333333333/-1.5",1.07382396782973,1.43388073993278,0.584619554705871,-0.360056772103045,0.461355221141087,NA,300
"Local CCW + curve meta-analysis","RMST_diff",5,-0.7,"medium",1,25,"100/100/100/100/100/100/100/100/100/100","-4.5/-4.16666666666667/-3.83333333333333/-3.5/-3.16666666666667/-2.83333333333333/-2.5/-2.16666666666667/-1.83333333333333/-1.5",1.19838754296065,1.72067391134665,0.979931723342857,-0.522286368386001,0.830531400068774,NA,300
"Local CCW + curve meta-analysis","RMST_diff",10,-0.7,"medium",1,25,"100/100/100/100/100/100/100/100/100/100","-4.5/-4.16666666666667/-3.83333333333333/-3.5/-3.16666666666667/-2.83333333333333/-2.5/-2.16666666666667/-1.83333333333333/-1.5",0.753356990134657,1.20380772312449,0.724255981049723,-0.450450732989833,0.56808149519751,NA,300
"Local CCW + curve meta-analysis","RMST_diff",15,-0.7,"medium",1,25,"100/100/100/100/100/100/100/100/100/100","-4.5/-4.16666666666667/-3.83333333333333/-3.5/-3.16666666666667/-2.83333333333333/-2.5/-2.16666666666667/-1.83333333333333/-1.5",0.717726041168688,1.02527363156688,0.537425813410661,-0.30754759039819,0.441464177437134,NA,300
"Local CCW + curve meta-analysis","RMST_diff",5,-0.5,"medium",1,25,"100/100/100/100/100/100/100/100/100/100","-4.5/-4.16666666666667/-3.83333333333333/-3.5/-3.16666666666667/-2.83333333333333/-2.5/-2.16666666666667/-1.83333333333333/-1.5",0.664170798683872,1.20742074449448,1.03270332559396,-0.543249945810606,0.879736005781946,NA,300
"Local CCW + curve meta-analysis","RMST_diff",10,-0.5,"medium",1,25,"100/100/100/100/100/100/100/100/100/100","-4.5/-4.16666666666667/-3.83333333333333/-3.5/-3.16666666666667/-2.83333333333333/-2.5/-2.16666666666667/-1.83333333333333/-1.5",0.424726936386548,0.872501361449615,0.728612826187856,-0.447774425063067,0.575742691574311,NA,300
"Local CCW + curve meta-analysis","RMST_diff",15,-0.5,"medium",1,25,"100/100/100/100/100/100/100/100/100/100","-4.5/-4.16666666666667/-3.83333333333333/-3.5/-3.16666666666667/-2.83333333333333/-2.5/-2.16666666666667/-1.83333333333333/-1.5",0.323563771708496,0.732154082965634,0.645171151321088,-0.408590311257137,0.500133532714606,NA,300
"Local CCW + curve meta-analysis","RMST_diff",5,-1,"small",0.5,25,"100/100/100/100/100/100/100/100/100/100","-4.5/-4.16666666666667/-3.83333333333333/-3.5/-3.16666666666667/-2.83333333333333/-2.5/-2.16666666666667/-1.83333333333333/-1.5",2.11906799983681,2.36230366654713,0.765184697647596,-0.243235666710324,0.726707905479901,NA,300
"Local CCW + curve meta-analysis","RMST_diff",10,-1,"small",0.5,25,"100/100/100/100/100/100/100/100/100/100","-4.5/-4.16666666666667/-3.83333333333333/-3.5/-3.16666666666667/-2.83333333333333/-2.5/-2.16666666666667/-1.83333333333333/-1.5",1.42074848012774,1.56925919256746,0.41351332201813,-0.14851071243972,0.386569470637832,NA,300
"Local CCW + curve meta-analysis","RMST_diff",15,-1,"small",0.5,25,"100/100/100/100/100/100/100/100/100/100","-4.5/-4.16666666666667/-3.83333333333333/-3.5/-3.16666666666667/-2.83333333333333/-2.5/-2.16666666666667/-1.83333333333333/-1.5",1.07636932135992,1.31976106022744,0.379493761201789,-0.243391738867518,0.291649632153452,NA,300
"Local CCW + curve meta-analysis","RMST_diff",5,-0.7,"small",0.5,25,"100/100/100/100/100/100/100/100/100/100","-4.5/-4.16666666666667/-3.83333333333333/-3.5/-3.16666666666667/-2.83333333333333/-2.5/-2.16666666666667/-1.83333333333333/-1.5",1.31995793242316,1.66361523736568,0.766255748245859,-0.343657304942522,0.686014758813904,NA,300
"Local CCW + curve meta-analysis","RMST_diff",10,-0.7,"small",0.5,25,"100/100/100/100/100/100/100/100/100/100","-4.5/-4.16666666666667/-3.83333333333333/-3.5/-3.16666666666667/-2.83333333333333/-2.5/-2.16666666666667/-1.83333333333333/-1.5",0.90591347905323,1.10900606699706,0.473269535915038,-0.20309258794383,0.428192265696366,NA,300
"Local CCW + curve meta-analysis","RMST_diff",15,-0.7,"small",0.5,25,"100/100/100/100/100/100/100/100/100/100","-4.5/-4.16666666666667/-3.83333333333333/-3.5/-3.16666666666667/-2.83333333333333/-2.5/-2.16666666666667/-1.83333333333333/-1.5",0.737042715434269,0.93546267810407,0.36846290941025,-0.198419962669801,0.310993285195414,NA,300
"Local CCW + curve meta-analysis","RMST_diff",5,-0.5,"small",0.5,25,"100/100/100/100/100/100/100/100/100/100","-4.5/-4.16666666666667/-3.83333333333333/-3.5/-3.16666666666667/-2.83333333333333/-2.5/-2.16666666666667/-1.83333333333333/-1.5",0.845872368881129,1.18061730048066,0.831380639290316,-0.334744931599532,0.762283752869074,NA,300
"Local CCW + curve meta-analysis","RMST_diff",10,-0.5,"small",0.5,25,"100/100/100/100/100/100/100/100/100/100","-4.5/-4.16666666666667/-3.83333333333333/-3.5/-3.16666666666667/-2.83333333333333/-2.5/-2.16666666666667/-1.83333333333333/-1.5",0.596576243413866,0.801471615175124,0.44468306393555,-0.204895371761258,0.395324997304204,NA,300
"Local CCW + curve meta-analysis","RMST_diff",15,-0.5,"small",0.5,25,"100/100/100/100/100/100/100/100/100/100","-4.5/-4.16666666666667/-3.83333333333333/-3.5/-3.16666666666667/-2.83333333333333/-2.5/-2.16666666666667/-1.83333333333333/-1.5",0.473021666250721,0.670501217617884,0.349918126040244,-0.197479551367163,0.289350307397989,NA,300
"Local CCW + curve meta-analysis","RMST_diff",5,-1,"strong",1.5,25,"100/100/100/100/100/100/100/100/100/100","-4.5/-4.16666666666667/-3.83333333333333/-3.5/-3.16666666666667/-2.83333333333333/-2.5/-2.16666666666667/-1.83333333333333/-1.5",1.579158698525,2.51115589256033,1.31614507323548,-0.931997194035328,0.930863815094959,NA,300
"Local CCW + curve meta-analysis","RMST_diff",10,-1,"strong",1.5,25,"100/100/100/100/100/100/100/100/100/100","-4.5/-4.16666666666667/-3.83333333333333/-3.5/-3.16666666666667/-2.83333333333333/-2.5/-2.16666666666667/-1.83333333333333/-1.5",1.14884645140958,1.80092593243156,0.930727935171154,-0.652079481021982,0.665223205233149,NA,300
"Local CCW + curve meta-analysis","RMST_diff",15,-1,"strong",1.5,25,"100/100/100/100/100/100/100/100/100/100","-4.5/-4.16666666666667/-3.83333333333333/-3.5/-3.16666666666667/-2.83333333333333/-2.5/-2.16666666666667/-1.83333333333333/-1.5",0.997005008811267,1.62191160621365,0.849911400987555,-0.624906597402382,0.577019038351717,NA,300
"Local CCW + curve meta-analysis","RMST_diff",5,-0.7,"strong",1.5,25,"100/100/100/100/100/100/100/100/100/100","-4.5/-4.16666666666667/-3.83333333333333/-3.5/-3.16666666666667/-2.83333333333333/-2.5/-2.16666666666667/-1.83333333333333/-1.5",0.607557094716823,1.76149414796995,1.47701302159298,-1.15393705325313,0.923493119387777,NA,300
"Local CCW + curve meta-analysis","RMST_diff",10,-0.7,"strong",1.5,25,"100/100/100/100/100/100/100/100/100/100","-4.5/-4.16666666666667/-3.83333333333333/-3.5/-3.16666666666667/-2.83333333333333/-2.5/-2.16666666666667/-1.83333333333333/-1.5",0.652407762258887,1.2905549342677,0.960248598987169,-0.638147172008816,0.718726269322812,NA,300
"Local CCW + curve meta-analysis","RMST_diff",15,-0.7,"strong",1.5,25,"100/100/100/100/100/100/100/100/100/100","-4.5/-4.16666666666667/-3.83333333333333/-3.5/-3.16666666666667/-2.83333333333333/-2.5/-2.16666666666667/-1.83333333333333/-1.5",0.445543936563305,1.11586824716913,0.910689084714248,-0.67032431060582,0.6174875685276,NA,300
"Local CCW + curve meta-analysis","RMST_diff",5,-0.5,"strong",1.5,25,"100/100/100/100/100/100/100/100/100/100","-4.5/-4.16666666666667/-3.83333333333333/-3.5/-3.16666666666667/-2.83333333333333/-2.5/-2.16666666666667/-1.83333333333333/-1.5",0.0395770659353361,1.29187335751532,1.54838389363251,-1.25229629157999,0.91215134732327,NA,300
"Local CCW + curve meta-analysis","RMST_diff",10,-0.5,"strong",1.5,25,"100/100/100/100/100/100/100/100/100/100","-4.5/-4.16666666666667/-3.83333333333333/-3.5/-3.16666666666667/-2.83333333333333/-2.5/-2.16666666666667/-1.83333333333333/-1.5",0.145135331897237,0.95411449216502,1.03901118525255,-0.808979160267783,0.65308398410924,NA,300
"Local CCW + curve meta-analysis","RMST_diff",15,-0.5,"strong",1.5,25,"100/100/100/100/100/100/100/100/100/100","-4.5/-4.16666666666667/-3.83333333333333/-3.5/-3.16666666666667/-2.83333333333333/-2.5/-2.16666666666667/-1.83333333333333/-1.5",0.0804700119140278,0.821731987305055,0.922803058399918,-0.741261975391027,0.550551108899076,NA,300
"Federated IPW (no cloning)","RMST_diff",5,-1,"medium",1,25,"100/100/100/100/100/100/100/100/100/100","-4.5/-4.16666666666667/-3.83333333333333/-3.5/-3.16666666666667/-2.83333333333333/-2.5/-2.16666666666667/-1.83333333333333/-1.5",6.70818357522383,2.43291762005944,4.58129073651267,4.27526595516439,1.64905744591738,NA,300
"Federated IPW (no cloning)","RMST_diff",10,-1,"medium",1,25,"100/100/100/100/100/100/100/100/100/100","-4.5/-4.16666666666667/-3.83333333333333/-3.5/-3.16666666666667/-2.83333333333333/-2.5/-2.16666666666667/-1.83333333333333/-1.5",8.29203595648727,1.68028400201112,6.74311011381848,6.61175195447615,1.32670163323962,NA,300
"Federated IPW (no cloning)","RMST_diff",15,-1,"medium",1,25,"100/100/100/100/100/100/100/100/100/100","-4.5/-4.16666666666667/-3.83333333333333/-3.5/-3.16666666666667/-2.83333333333333/-2.5/-2.16666666666667/-1.83333333333333/-1.5",9.26386925207082,1.43388073993278,7.9275699526857,7.82998851213804,1.24209012586879,NA,300
"Federated IPW (no cloning)","RMST_diff",5,-0.7,"medium",1,25,"100/100/100/100/100/100/100/100/100/100","-4.5/-4.16666666666667/-3.83333333333333/-3.5/-3.16666666666667/-2.83333333333333/-2.5/-2.16666666666667/-1.83333333333333/-1.5",5.38573875951909,1.72067391134665,3.97617611573436,3.66506484817244,1.5444179869523,NA,300
"Federated IPW (no cloning)","RMST_diff",10,-0.7,"medium",1,25,"100/100/100/100/100/100/100/100/100/100","-4.5/-4.16666666666667/-3.83333333333333/-3.5/-3.16666666666667/-2.83333333333333/-2.5/-2.16666666666667/-1.83333333333333/-1.5",7.1574836610358,1.20380772312449,6.11352037104629,5.95367593791131,1.39115967367492,NA,300
"Federated IPW (no cloning)","RMST_diff",15,-0.7,"medium",1,25,"100/100/100/100/100/100/100/100/100/100","-4.5/-4.16666666666667/-3.83333333333333/-3.5/-3.16666666666667/-2.83333333333333/-2.5/-2.16666666666667/-1.83333333333333/-1.5",8.29321122058312,1.02527363156688,7.38403347387634,7.26793758901625,1.30641594482537,NA,300
"Federated IPW (no cloning)","RMST_diff",5,-0.5,"medium",1,25,"100/100/100/100/100/100/100/100/100/100","-4.5/-4.16666666666667/-3.83333333333333/-3.5/-3.16666666666667/-2.83333333333333/-2.5/-2.16666666666667/-1.83333333333333/-1.5",4.40682805222152,1.20742074449448,3.62162603257091,3.19940730772704,1.69988234859209,NA,300
"Federated IPW (no cloning)","RMST_diff",10,-0.5,"medium",1,25,"100/100/100/100/100/100/100/100/100/100","-4.5/-4.16666666666667/-3.83333333333333/-3.5/-3.16666666666667/-2.83333333333333/-2.5/-2.16666666666667/-1.83333333333333/-1.5",6.24446941885212,0.872501361449615,5.63139911095317,5.37196805740251,1.6923836281729,NA,300
"Federated IPW (no cloning)","RMST_diff",15,-0.5,"medium",1,25,"100/100/100/100/100/100/100/100/100/100","-4.5/-4.16666666666667/-3.83333333333333/-3.5/-3.16666666666667/-2.83333333333333/-2.5/-2.16666666666667/-1.83333333333333/-1.5",7.41945551715819,0.732154082965634,6.84357596740431,6.68730143419255,1.4565725391317,NA,300
"Federated IPW (no cloning)","RMST_diff",5,-1,"small",0.5,25,"100/100/100/100/100/100/100/100/100/100","-4.5/-4.16666666666667/-3.83333333333333/-3.5/-3.16666666666667/-2.83333333333333/-2.5/-2.16666666666667/-1.83333333333333/-1.5",6.73004752576058,2.36230366654713,4.51952307164937,4.36774385921345,1.1633631224413,NA,300
"Federated IPW (no cloning)","RMST_diff",10,-1,"small",0.5,25,"100/100/100/100/100/100/100/100/100/100","-4.5/-4.16666666666667/-3.83333333333333/-3.5/-3.16666666666667/-2.83333333333333/-2.5/-2.16666666666667/-1.83333333333333/-1.5",8.86588937256696,1.56925919256746,7.34581152204769,7.2966301799995,0.850025535974321,NA,300
"Federated IPW (no cloning)","RMST_diff",15,-1,"small",0.5,25,"100/100/100/100/100/100/100/100/100/100","-4.5/-4.16666666666667/-3.83333333333333/-3.5/-3.16666666666667/-2.83333333333333/-2.5/-2.16666666666667/-1.83333333333333/-1.5",9.86863676788195,1.31976106022744,8.59249941933515,8.54887570765451,0.866182030937234,NA,300
"Federated IPW (no cloning)","RMST_diff",5,-0.7,"small",0.5,25,"100/100/100/100/100/100/100/100/100/100","-4.5/-4.16666666666667/-3.83333333333333/-3.5/-3.16666666666667/-2.83333333333333/-2.5/-2.16666666666667/-1.83333333333333/-1.5",5.255541620607,1.66361523736568,3.75380792020731,3.59192638324132,1.09229840789612,NA,300
"Federated IPW (no cloning)","RMST_diff",10,-0.7,"small",0.5,25,"100/100/100/100/100/100/100/100/100/100","-4.5/-4.16666666666667/-3.83333333333333/-3.5/-3.16666666666667/-2.83333333333333/-2.5/-2.16666666666667/-1.83333333333333/-1.5",7.56700567724072,1.10900606699706,6.52830136395512,6.45799961024366,0.95708573792712,NA,300
"Federated IPW (no cloning)","RMST_diff",15,-0.7,"small",0.5,25,"100/100/100/100/100/100/100/100/100/100","-4.5/-4.16666666666667/-3.83333333333333/-3.5/-3.16666666666667/-2.83333333333333/-2.5/-2.16666666666667/-1.83333333333333/-1.5",8.81060779190766,0.93546267810407,7.92995310910028,7.87514511380359,0.932278333995854,NA,300
"Federated IPW (no cloning)","RMST_diff",5,-0.5,"small",0.5,25,"100/100/100/100/100/100/100/100/100/100","-4.5/-4.16666666666667/-3.83333333333333/-3.5/-3.16666666666667/-2.83333333333333/-2.5/-2.16666666666667/-1.83333333333333/-1.5",4.46814063673613,1.18061730048066,3.47372735094431,3.28752333625547,1.12391397848964,NA,300
"Federated IPW (no cloning)","RMST_diff",10,-0.5,"small",0.5,25,"100/100/100/100/100/100/100/100/100/100","-4.5/-4.16666666666667/-3.83333333333333/-3.5/-3.16666666666667/-2.83333333333333/-2.5/-2.16666666666667/-1.83333333333333/-1.5",6.68714313664586,0.801471615175124,5.96762350439781,5.88567152147074,0.987243568969252,NA,300
"Federated IPW (no cloning)","RMST_diff",15,-0.5,"small",0.5,25,"100/100/100/100/100/100/100/100/100/100","-4.5/-4.16666666666667/-3.83333333333333/-3.5/-3.16666666666667/-2.83333333333333/-2.5/-2.16666666666667/-1.83333333333333/-1.5",8.157867131585,0.670501217617884,7.54353485780268,7.48736591396711,0.920376806604026,NA,300
"Federated IPW (no cloning)","RMST_diff",5,-1,"strong",1.5,25,"100/100/100/100/100/100/100/100/100/100","-4.5/-4.16666666666667/-3.83333333333333/-3.5/-3.16666666666667/-2.83333333333333/-2.5/-2.16666666666667/-1.83333333333333/-1.5",6.46923652669156,2.51115589256033,4.41180927010956,3.95808063413123,1.9520143261012,NA,300
"Federated IPW (no cloning)","RMST_diff",10,-1,"strong",1.5,25,"100/100/100/100/100/100/100/100/100/100","-4.5/-4.16666666666667/-3.83333333333333/-3.5/-3.16666666666667/-2.83333333333333/-2.5/-2.16666666666667/-1.83333333333333/-1.5",8.11030380192362,1.80092593243156,6.57517074330264,6.30937786949205,1.85366523033893,NA,300
"Federated IPW (no cloning)","RMST_diff",15,-1,"strong",1.5,25,"100/100/100/100/100/100/100/100/100/100","-4.5/-4.16666666666667/-3.83333333333333/-3.5/-3.16666666666667/-2.83333333333333/-2.5/-2.16666666666667/-1.83333333333333/-1.5",9.01585854385345,1.62191160621365,7.58911532901011,7.3939469376398,1.71289233780751,NA,300
"Federated IPW (no cloning)","RMST_diff",5,-0.7,"strong",1.5,25,"100/100/100/100/100/100/100/100/100/100","-4.5/-4.16666666666667/-3.83333333333333/-3.5/-3.16666666666667/-2.83333333333333/-2.5/-2.16666666666667/-1.83333333333333/-1.5",5.14315747887558,1.76149414796995,4.03238265781175,3.38166333090563,2.20013598289741,NA,300
"Federated IPW (no cloning)","RMST_diff",10,-0.7,"strong",1.5,25,"100/100/100/100/100/100/100/100/100/100","-4.5/-4.16666666666667/-3.83333333333333/-3.5/-3.16666666666667/-2.83333333333333/-2.5/-2.16666666666667/-1.83333333333333/-1.5",7.15241853194169,1.2905549342677,6.19336395547654,5.86186359767399,2.0024179983362,NA,300
"Federated IPW (no cloning)","RMST_diff",15,-0.7,"strong",1.5,25,"100/100/100/100/100/100/100/100/100/100","-4.5/-4.16666666666667/-3.83333333333333/-3.5/-3.16666666666667/-2.83333333333333/-2.5/-2.16666666666667/-1.83333333333333/-1.5",7.52050088267132,1.11586824716913,6.71611330372389,6.4046326355022,2.02497583603004,NA,300
"Federated IPW (no cloning)","RMST_diff",5,-0.5,"strong",1.5,25,"100/100/100/100/100/100/100/100/100/100","-4.5/-4.16666666666667/-3.83333333333333/-3.5/-3.16666666666667/-2.83333333333333/-2.5/-2.16666666666667/-1.83333333333333/-1.5",4.12437720733875,1.29187335751532,3.48117945762593,2.83250384982342,2.02712352597569,NA,300
"Federated IPW (no cloning)","RMST_diff",10,-0.5,"strong",1.5,25,"100/100/100/100/100/100/100/100/100/100","-4.5/-4.16666666666667/-3.83333333333333/-3.5/-3.16666666666667/-2.83333333333333/-2.5/-2.16666666666667/-1.83333333333333/-1.5",6.05602231039981,0.95411449216502,5.43050574070824,5.10190781823479,1.86346564985619,NA,300
"Federated IPW (no cloning)","RMST_diff",15,-0.5,"strong",1.5,25,"100/100/100/100/100/100/100/100/100/100","-4.5/-4.16666666666667/-3.83333333333333/-3.5/-3.16666666666667/-2.83333333333333/-2.5/-2.16666666666667/-1.83333333333333/-1.5",6.70973493837016,0.821731987305055,6.16752410618809,5.8880029510651,1.83876181128916,NA,300
"Federated per-protocol (unweighted)","RMST_diff",5,-1,"medium",1,25,"100/100/100/100/100/100/100/100/100/100","-4.5/-4.16666666666667/-3.83333333333333/-3.5/-3.16666666666667/-2.83333333333333/-2.5/-2.16666666666667/-1.83333333333333/-1.5",1.1708971719404,2.43291762005944,1.38875534279495,-1.26202044811904,0.580576743581955,NA,300
"Federated per-protocol (unweighted)","RMST_diff",10,-1,"medium",1,25,"100/100/100/100/100/100/100/100/100/100","-4.5/-4.16666666666667/-3.83333333333333/-3.5/-3.16666666666667/-2.83333333333333/-2.5/-2.16666666666667/-1.83333333333333/-1.5",2.78495434406897,1.68028400201112,1.25524659608219,1.10467034205785,0.597106276446344,NA,300
"Federated per-protocol (unweighted)","RMST_diff",15,-1,"medium",1,25,"100/100/100/100/100/100/100/100/100/100","-4.5/-4.16666666666667/-3.83333333333333/-3.5/-3.16666666666667/-2.83333333333333/-2.5/-2.16666666666667/-1.83333333333333/-1.5",3.9723733783421,1.43388073993278,2.63381350721354,2.53849263840932,0.703333236092357,NA,300
"Federated per-protocol (unweighted)","RMST_diff",5,-0.7,"medium",1,25,"100/100/100/100/100/100/100/100/100/100","-4.5/-4.16666666666667/-3.83333333333333/-3.5/-3.16666666666667/-2.83333333333333/-2.5/-2.16666666666667/-1.83333333333333/-1.5",-0.0372559565085689,1.72067391134665,1.85560070352852,-1.75792986785521,0.59507725585805,NA,300
"Federated per-protocol (unweighted)","RMST_diff",10,-0.7,"medium",1,25,"100/100/100/100/100/100/100/100/100/100","-4.5/-4.16666666666667/-3.83333333333333/-3.5/-3.16666666666667/-2.83333333333333/-2.5/-2.16666666666667/-1.83333333333333/-1.5",1.63405043665682,1.20380772312449,0.705784219217788,0.430242713532326,0.560419012687657,NA,300
"Federated per-protocol (unweighted)","RMST_diff",15,-0.7,"medium",1,25,"100/100/100/100/100/100/100/100/100/100","-4.5/-4.16666666666667/-3.83333333333333/-3.5/-3.16666666666667/-2.83333333333333/-2.5/-2.16666666666667/-1.83333333333333/-1.5",2.84296266628394,1.02527363156688,1.89675868985815,1.81768903471707,0.542846548488404,NA,300
"Federated per-protocol (unweighted)","RMST_diff",5,-0.5,"medium",1,25,"100/100/100/100/100/100/100/100/100/100","-4.5/-4.16666666666667/-3.83333333333333/-3.5/-3.16666666666667/-2.83333333333333/-2.5/-2.16666666666667/-1.83333333333333/-1.5",-0.769404379071073,1.20742074449448,2.07533947809732,-1.97682512356555,0.632875568449109,NA,300
"Federated per-protocol (unweighted)","RMST_diff",10,-0.5,"medium",1,25,"100/100/100/100/100/100/100/100/100/100","-4.5/-4.16666666666667/-3.83333333333333/-3.5/-3.16666666666667/-2.83333333333333/-2.5/-2.16666666666667/-1.83333333333333/-1.5",0.709157325523137,0.872501361449615,0.610196190470215,-0.163344035926477,0.588909300321334,NA,300
"Federated per-protocol (unweighted)","RMST_diff",15,-0.5,"medium",1,25,"100/100/100/100/100/100/100/100/100/100","-4.5/-4.16666666666667/-3.83333333333333/-3.5/-3.16666666666667/-2.83333333333333/-2.5/-2.16666666666667/-1.83333333333333/-1.5",1.92543769187332,0.732154082965634,1.32651120450836,1.19328360890769,0.580369681861387,NA,300
"Federated per-protocol (unweighted)","RMST_diff",5,-1,"small",0.5,25,"100/100/100/100/100/100/100/100/100/100","-4.5/-4.16666666666667/-3.83333333333333/-3.5/-3.16666666666667/-2.83333333333333/-2.5/-2.16666666666667/-1.83333333333333/-1.5",3.67009389395764,2.36230366654713,1.44826291246533,1.30779022741051,0.623253561067577,NA,300
"Federated per-protocol (unweighted)","RMST_diff",10,-1,"small",0.5,25,"100/100/100/100/100/100/100/100/100/100","-4.5/-4.16666666666667/-3.83333333333333/-3.5/-3.16666666666667/-2.83333333333333/-2.5/-2.16666666666667/-1.83333333333333/-1.5",5.58401563699294,1.56925919256746,4.05702577972094,4.01475644442548,0.585089710353575,NA,300
"Federated per-protocol (unweighted)","RMST_diff",15,-1,"small",0.5,25,"100/100/100/100/100/100/100/100/100/100","-4.5/-4.16666666666667/-3.83333333333333/-3.5/-3.16666666666667/-2.83333333333333/-2.5/-2.16666666666667/-1.83333333333333/-1.5",6.73503138001106,1.31976106022744,5.44651741392527,5.41527031978362,0.583553269711071,NA,300
"Federated per-protocol (unweighted)","RMST_diff",5,-0.7,"small",0.5,25,"100/100/100/100/100/100/100/100/100/100","-4.5/-4.16666666666667/-3.83333333333333/-3.5/-3.16666666666667/-2.83333333333333/-2.5/-2.16666666666667/-1.83333333333333/-1.5",2.26436856879941,1.66361523736568,0.859174865660951,0.600753331433728,0.615254971662407,NA,300
"Federated per-protocol (unweighted)","RMST_diff",10,-0.7,"small",0.5,25,"100/100/100/100/100/100/100/100/100/100","-4.5/-4.16666666666667/-3.83333333333333/-3.5/-3.16666666666667/-2.83333333333333/-2.5/-2.16666666666667/-1.83333333333333/-1.5",4.20719294583225,1.10900606699706,3.15732695741159,3.09818687883519,0.609252719374256,NA,300
"Federated per-protocol (unweighted)","RMST_diff",15,-0.7,"small",0.5,25,"100/100/100/100/100/100/100/100/100/100","-4.5/-4.16666666666667/-3.83333333333333/-3.5/-3.16666666666667/-2.83333333333333/-2.5/-2.16666666666667/-1.83333333333333/-1.5",5.51442859126937,0.93546267810407,4.6134954048363,4.5789659131653,0.564333759243576,NA,300
"Federated per-protocol (unweighted)","RMST_diff",5,-0.5,"small",0.5,25,"100/100/100/100/100/100/100/100/100/100","-4.5/-4.16666666666667/-3.83333333333333/-3.5/-3.16666666666667/-2.83333333333333/-2.5/-2.16666666666667/-1.83333333333333/-1.5",1.40654603580311,1.18061730048066,0.695671176261081,0.225928735322451,0.659061808122597,NA,300
"Federated per-protocol (unweighted)","RMST_diff",10,-0.5,"small",0.5,25,"100/100/100/100/100/100/100/100/100/100","-4.5/-4.16666666666667/-3.83333333333333/-3.5/-3.16666666666667/-2.83333333333333/-2.5/-2.16666666666667/-1.83333333333333/-1.5",3.38431994671265,0.801471615175124,2.65863319620238,2.58284833153752,0.631310921672154,NA,300
"Federated per-protocol (unweighted)","RMST_diff",15,-0.5,"small",0.5,25,"100/100/100/100/100/100/100/100/100/100","-4.5/-4.16666666666667/-3.83333333333333/-3.5/-3.16666666666667/-2.83333333333333/-2.5/-2.16666666666667/-1.83333333333333/-1.5",4.79700056987961,0.670501217617884,4.16690582150809,4.12649935226172,0.579851688829433,NA,300
"Federated per-protocol (unweighted)","RMST_diff",5,-1,"strong",1.5,25,"100/100/100/100/100/100/100/100/100/100","-4.5/-4.16666666666667/-3.83333333333333/-3.5/-3.16666666666667/-2.83333333333333/-2.5/-2.16666666666667/-1.83333333333333/-1.5",-0.339279120595547,2.51115589256033,2.91209705442983,-2.85043501315587,0.597091184943924,NA,300
"Federated per-protocol (unweighted)","RMST_diff",10,-1,"strong",1.5,25,"100/100/100/100/100/100/100/100/100/100","-4.5/-4.16666666666667/-3.83333333333333/-3.5/-3.16666666666667/-2.83333333333333/-2.5/-2.16666666666667/-1.83333333333333/-1.5",1.24086301000672,1.80092593243156,0.813994520647532,-0.560062922424847,0.591678584814627,NA,300
"Federated per-protocol (unweighted)","RMST_diff",15,-1,"strong",1.5,25,"100/100/100/100/100/100/100/100/100/100","-4.5/-4.16666666666667/-3.83333333333333/-3.5/-3.16666666666667/-2.83333333333333/-2.5/-2.16666666666667/-1.83333333333333/-1.5",2.09074638735851,1.62191160621365,0.75961804116287,0.468834781144857,0.598672039169958,NA,300
"Federated per-protocol (unweighted)","RMST_diff",5,-0.7,"strong",1.5,25,"100/100/100/100/100/100/100/100/100/100","-4.5/-4.16666666666667/-3.83333333333333/-3.5/-3.16666666666667/-2.83333333333333/-2.5/-2.16666666666667/-1.83333333333333/-1.5",-1.5585269418071,1.76149414796995,3.35807680835875,-3.32002108977704,0.504965127713324,NA,300
"Federated per-protocol (unweighted)","RMST_diff",10,-0.7,"strong",1.5,25,"100/100/100/100/100/100/100/100/100/100","-4.5/-4.16666666666667/-3.83333333333333/-3.5/-3.16666666666667/-2.83333333333333/-2.5/-2.16666666666667/-1.83333333333333/-1.5",-0.164461808451304,1.2905549342677,1.55972348155818,-1.45501674271901,0.562778240955521,NA,300
"Federated per-protocol (unweighted)","RMST_diff",15,-0.7,"strong",1.5,25,"100/100/100/100/100/100/100/100/100/100","-4.5/-4.16666666666667/-3.83333333333333/-3.5/-3.16666666666667/-2.83333333333333/-2.5/-2.16666666666667/-1.83333333333333/-1.5",0.894316395430522,1.11586824716913,0.644341194969601,-0.221551851738603,0.606064959369843,NA,300
"Federated per-protocol (unweighted)","RMST_diff",5,-0.5,"strong",1.5,25,"100/100/100/100/100/100/100/100/100/100","-4.5/-4.16666666666667/-3.83333333333333/-3.5/-3.16666666666667/-2.83333333333333/-2.5/-2.16666666666667/-1.83333333333333/-1.5",-2.39320740163081,1.29187335751532,3.72140229866342,-3.68508075914613,0.519533042590015,NA,300
"Federated per-protocol (unweighted)","RMST_diff",10,-0.5,"strong",1.5,25,"100/100/100/100/100/100/100/100/100/100","-4.5/-4.16666666666667/-3.83333333333333/-3.5/-3.16666666666667/-2.83333333333333/-2.5/-2.16666666666667/-1.83333333333333/-1.5",-0.844780100684104,0.95411449216502,1.87503836345378,-1.79889459284912,0.529794976664827,NA,300
"Federated per-protocol (unweighted)","RMST_diff",15,-0.5,"strong",1.5,25,"100/100/100/100/100/100/100/100/100/100","-4.5/-4.16666666666667/-3.83333333333333/-3.5/-3.16666666666667/-2.83333333333333/-2.5/-2.16666666666667/-1.83333333333333/-1.5",0.0685912209682701,0.821731987305055,0.931046333483167,-0.753140766336785,0.548295865106664,NA,300
