"method","estimand","tau","beta_trt","heterogeneity","patient_mix","t_star","site_sizes","init_intercepts","mean_est","truth","rmse","bias","emp_sd","coverage","n_reps"
"Federated CCW","RD",5,-1,"high","s1:N(-1.500,0.700^2),Bern(0.100);s2:N(-0.750,0.850^2),Bern(0.250);s3:N(0.000,1.000^2),Bern(0.400);s4:N(0.750,1.150^2),Bern(0.550);s5:N(1.500,1.300^2),Bern(0.700)",25,"400/600/800/1200/2000","-4.5/-3.75/-3/-2.25/-1.5",-0.0687511299507496,-0.0803449440867667,0.0450882781772653,0.0115938141360172,0.0436158341057399,0.818,500
"Federated CCW","RD",10,-1,"high","s1:N(-1.500,0.700^2),Bern(0.100);s2:N(-0.750,0.850^2),Bern(0.250);s3:N(0.000,1.000^2),Bern(0.400);s4:N(0.750,1.150^2),Bern(0.550);s5:N(1.500,1.300^2),Bern(0.700)",25,"400/600/800/1200/2000","-4.5/-3.75/-3/-2.25/-1.5",-0.0597745533328795,-0.0733549086408174,0.0368211662614072,0.0135803553079379,0.0342595924363991,0.838,500
"Federated CCW","RD",15,-1,"high","s1:N(-1.500,0.700^2),Bern(0.100);s2:N(-0.750,0.850^2),Bern(0.250);s3:N(0.000,1.000^2),Bern(0.400);s4:N(0.750,1.150^2),Bern(0.550);s5:N(1.500,1.300^2),Bern(0.700)",25,"400/600/800/1200/2000","-4.5/-3.75/-3/-2.25/-1.5",-0.053110286703356,-0.0744766531481054,0.0370447808607036,0.0213663664447494,0.0302923989283104,0.764,500
"Federated CCW","RD",5,-0.7,"high","s1:N(-1.500,0.700^2),Bern(0.100);s2:N(-0.750,0.850^2),Bern(0.250);s3:N(0.000,1.000^2),Bern(0.400);s4:N(0.750,1.150^2),Bern(0.550);s5:N(1.500,1.300^2),Bern(0.700)",25,"400/600/800/1200/2000","-4.5/-3.75/-3/-2.25/-1.5",-0.0368487995678135,-0.0563564235631056,0.0462585156541959,0.0195076239952921,0.0419860516559381,0.788,500
"Federated CCW","RD",10,-0.7,"high","s1:N(-1.500,0.700^2),Bern(0.100);s2:N(-0.750,0.850^2),Bern(0.250);s3:N(0.000,1.000^2),Bern(0.400);s4:N(0.750,1.150^2),Bern(0.550);s5:N(1.500,1.300^2),Bern(0.700)",25,"400/600/800/1200/2000","-4.5/-3.75/-3/-2.25/-1.5",-0.0329877118730439,-0.0500106692994288,0.0381573834565397,0.0170229574263849,0.0341839423785785,0.81,500
"Federated CCW","RD",15,-0.7,"high","s1:N(-1.500,0.700^2),Bern(0.100);s2:N(-0.750,0.850^2),Bern(0.250);s3:N(0.000,1.000^2),Bern(0.400);s4:N(0.750,1.150^2),Bern(0.550);s5:N(1.500,1.300^2),Bern(0.700)",25,"400/600/800/1200/2000","-4.5/-3.75/-3/-2.25/-1.5",-0.0313901552862387,-0.0455425306285117,0.0326740674409164,0.014152375342273,0.029479535976466,0.838,500
"Federated CCW","RD",5,-0.5,"high","s1:N(-1.500,0.700^2),Bern(0.100);s2:N(-0.750,0.850^2),Bern(0.250);s3:N(0.000,1.000^2),Bern(0.400);s4:N(0.750,1.150^2),Bern(0.550);s5:N(1.500,1.300^2),Bern(0.700)",25,"400/600/800/1200/2000","-4.5/-3.75/-3/-2.25/-1.5",-0.0197194425242426,-0.0387073509296585,0.0454671922949565,0.0189879084054159,0.0413539018712145,0.776,500
"Federated CCW","RD",10,-0.5,"high","s1:N(-1.500,0.700^2),Bern(0.100);s2:N(-0.750,0.850^2),Bern(0.250);s3:N(0.000,1.000^2),Bern(0.400);s4:N(0.750,1.150^2),Bern(0.550);s5:N(1.500,1.300^2),Bern(0.700)",25,"400/600/800/1200/2000","-4.5/-3.75/-3/-2.25/-1.5",-0.0183156519656809,-0.0349553447683074,0.0400671309268514,0.0166396928026265,0.0364850369327432,0.808,500
"Federated CCW","RD",15,-0.5,"high","s1:N(-1.500,0.700^2),Bern(0.100);s2:N(-0.750,0.850^2),Bern(0.250);s3:N(0.000,1.000^2),Bern(0.400);s4:N(0.750,1.150^2),Bern(0.550);s5:N(1.500,1.300^2),Bern(0.700)",25,"400/600/800/1200/2000","-4.5/-3.75/-3/-2.25/-1.5",-0.0143156210469385,-0.0316443637166509,0.0363402892623682,0.0173287426697125,0.0319746157641654,0.792,500
"Federated CCW","RD",5,-1,"low","s1:N(-0.250,0.950^2),Bern(0.350);s2:N(-0.125,0.975^2),Bern(0.375);s3:N(0.000,1.000^2),Bern(0.400);s4:N(0.125,1.025^2),Bern(0.425);s5:N(0.250,1.050^2),Bern(0.450)",25,"900/950/1000/1050/1100","-3.25/-3.125/-3/-2.875/-2.75",-0.120068809947205,-0.121209514418316,0.0236942216336376,0.00114070447111066,0.0236904496991387,0.95,500
"Federated CCW","RD",10,-1,"low","s1:N(-0.250,0.950^2),Bern(0.350);s2:N(-0.125,0.975^2),Bern(0.375);s3:N(0.000,1.000^2),Bern(0.400);s4:N(0.125,1.025^2),Bern(0.425);s5:N(0.250,1.050^2),Bern(0.450)",25,"900/950/1000/1050/1100","-3.25/-3.125/-3/-2.875/-2.75",-0.0930084510863945,-0.0929233866391016,0.0160769453284447,-8.50644472929216e-05,0.0160928211609849,0.958,500
"Federated CCW","RD",15,-1,"low","s1:N(-0.250,0.950^2),Bern(0.350);s2:N(-0.125,0.975^2),Bern(0.375);s3:N(0.000,1.000^2),Bern(0.400);s4:N(0.125,1.025^2),Bern(0.425);s5:N(0.250,1.050^2),Bern(0.450)",25,"900/950/1000/1050/1100","-3.25/-3.125/-3/-2.875/-2.75",-0.0795605702536337,-0.0788119481791563,0.0132147538587254,-0.000748622074477427,0.013206745275724,0.972,500
"Federated CCW","RD",5,-0.7,"low","s1:N(-0.250,0.950^2),Bern(0.350);s2:N(-0.125,0.975^2),Bern(0.375);s3:N(0.000,1.000^2),Bern(0.400);s4:N(0.125,1.025^2),Bern(0.425);s5:N(0.250,1.050^2),Bern(0.450)",25,"900/950/1000/1050/1100","-3.25/-3.125/-3/-2.875/-2.75",-0.0804082002623305,-0.080478480233834,0.024597316718053,7.02799715034864e-05,0.024621850488881,0.952,500
"Federated CCW","RD",10,-0.7,"low","s1:N(-0.250,0.950^2),Bern(0.350);s2:N(-0.125,0.975^2),Bern(0.375);s3:N(0.000,1.000^2),Bern(0.400);s4:N(0.125,1.025^2),Bern(0.425);s5:N(0.250,1.050^2),Bern(0.450)",25,"900/950/1000/1050/1100","-3.25/-3.125/-3/-2.875/-2.75",-0.0634589846089749,-0.0633615847068544,0.0169162422881055,-9.73999021204989e-05,0.0169329032606527,0.962,500
"Federated CCW","RD",15,-0.7,"low","s1:N(-0.250,0.950^2),Bern(0.350);s2:N(-0.125,0.975^2),Bern(0.375);s3:N(0.000,1.000^2),Bern(0.400);s4:N(0.125,1.025^2),Bern(0.425);s5:N(0.250,1.050^2),Bern(0.450)",25,"900/950/1000/1050/1100","-3.25/-3.125/-3/-2.875/-2.75",-0.0549471075633322,-0.0546767343939706,0.0144996497691017,-0.000270373169361636,0.0145116476532171,0.948,500
"Federated CCW","RD",5,-0.5,"low","s1:N(-0.250,0.950^2),Bern(0.350);s2:N(-0.125,0.975^2),Bern(0.375);s3:N(0.000,1.000^2),Bern(0.400);s4:N(0.125,1.025^2),Bern(0.425);s5:N(0.250,1.050^2),Bern(0.450)",25,"900/950/1000/1050/1100","-3.25/-3.125/-3/-2.875/-2.75",-0.0557362827667251,-0.0560165021695364,0.0277704075186324,0.000280219402811243,0.0277968044118064,0.918,500
"Federated CCW","RD",10,-0.5,"low","s1:N(-0.250,0.950^2),Bern(0.350);s2:N(-0.125,0.975^2),Bern(0.375);s3:N(0.000,1.000^2),Bern(0.400);s4:N(0.125,1.025^2),Bern(0.425);s5:N(0.250,1.050^2),Bern(0.450)",25,"900/950/1000/1050/1100","-3.25/-3.125/-3/-2.875/-2.75",-0.0446849914701123,-0.0456299445718131,0.0190569092962851,0.000944953101700831,0.0190525287893487,0.926,500
"Federated CCW","RD",15,-0.5,"low","s1:N(-0.250,0.950^2),Bern(0.350);s2:N(-0.125,0.975^2),Bern(0.375);s3:N(0.000,1.000^2),Bern(0.400);s4:N(0.125,1.025^2),Bern(0.425);s5:N(0.250,1.050^2),Bern(0.450)",25,"900/950/1000/1050/1100","-3.25/-3.125/-3/-2.875/-2.75",-0.0377911376976182,-0.0387371110188105,0.01498688319902,0.000945973321192264,0.0149719779168334,0.95,500
"Federated CCW","RD",5,-1,"moderate","s1:N(-0.750,0.850^2),Bern(0.200);s2:N(-0.375,0.925^2),Bern(0.300);s3:N(0.000,1.000^2),Bern(0.400);s4:N(0.375,1.075^2),Bern(0.500);s5:N(0.750,1.150^2),Bern(0.600)",25,"600/800/1000/1200/1400","-3.75/-3.375/-3/-2.625/-2.25",-0.107496803272044,-0.10941232414787,0.0275163705001536,0.00191552087582602,0.0274771069818528,0.942,500
"Federated CCW","RD",10,-1,"moderate","s1:N(-0.750,0.850^2),Bern(0.200);s2:N(-0.375,0.925^2),Bern(0.300);s3:N(0.000,1.000^2),Bern(0.400);s4:N(0.375,1.075^2),Bern(0.500);s5:N(0.750,1.150^2),Bern(0.600)",25,"600/800/1000/1200/1400","-3.75/-3.375/-3/-2.625/-2.25",-0.0853468911762096,-0.0887718355187298,0.0196696212847374,0.0034249443425202,0.0193885427227902,0.932,500
"Federated CCW","RD",15,-1,"moderate","s1:N(-0.750,0.850^2),Bern(0.200);s2:N(-0.375,0.925^2),Bern(0.300);s3:N(0.000,1.000^2),Bern(0.400);s4:N(0.375,1.075^2),Bern(0.500);s5:N(0.750,1.150^2),Bern(0.600)",25,"600/800/1000/1200/1400","-3.75/-3.375/-3/-2.625/-2.25",-0.0781436135126431,-0.0778944445739651,0.0174160637451897,-0.000249168938678027,0.0174317216894553,0.942,500
"Federated CCW","RD",5,-0.7,"moderate","s1:N(-0.750,0.850^2),Bern(0.200);s2:N(-0.375,0.925^2),Bern(0.300);s3:N(0.000,1.000^2),Bern(0.400);s4:N(0.375,1.075^2),Bern(0.500);s5:N(0.750,1.150^2),Bern(0.600)",25,"600/800/1000/1200/1400","-3.75/-3.375/-3/-2.625/-2.25",-0.0714441317353323,-0.0737927422685225,0.0296013950799995,0.00234861053319017,0.0295376295997215,0.932,500
"Federated CCW","RD",10,-0.7,"moderate","s1:N(-0.750,0.850^2),Bern(0.200);s2:N(-0.375,0.925^2),Bern(0.300);s3:N(0.000,1.000^2),Bern(0.400);s4:N(0.375,1.075^2),Bern(0.500);s5:N(0.750,1.150^2),Bern(0.600)",25,"600/800/1000/1200/1400","-3.75/-3.375/-3/-2.625/-2.25",-0.0607208155860658,-0.0590560914756272,0.025134684288163,-0.00166472411043859,0.0251046117469217,0.942,500
"Federated CCW","RD",15,-0.7,"moderate","s1:N(-0.750,0.850^2),Bern(0.200);s2:N(-0.375,0.925^2),Bern(0.300);s3:N(0.000,1.000^2),Bern(0.400);s4:N(0.375,1.075^2),Bern(0.500);s5:N(0.750,1.150^2),Bern(0.600)",25,"600/800/1000/1200/1400","-3.75/-3.375/-3/-2.625/-2.25",-0.0530382844732319,-0.0528588606292398,0.0191728183953955,-0.000179423843992016,0.0191911796160928,0.964,500
"Federated CCW","RD",5,-0.5,"moderate","s1:N(-0.750,0.850^2),Bern(0.200);s2:N(-0.375,0.925^2),Bern(0.300);s3:N(0.000,1.000^2),Bern(0.400);s4:N(0.375,1.075^2),Bern(0.500);s5:N(0.750,1.150^2),Bern(0.600)",25,"600/800/1000/1200/1400","-3.75/-3.375/-3/-2.625/-2.25",-0.0500218878444664,-0.0513363981100231,0.0313731365993631,0.00131451026555669,0.0313769787014126,0.916,500
"Federated CCW","RD",10,-0.5,"moderate","s1:N(-0.750,0.850^2),Bern(0.200);s2:N(-0.375,0.925^2),Bern(0.300);s3:N(0.000,1.000^2),Bern(0.400);s4:N(0.375,1.075^2),Bern(0.500);s5:N(0.750,1.150^2),Bern(0.600)",25,"600/800/1000/1200/1400","-3.75/-3.375/-3/-2.625/-2.25",-0.0400665501902777,-0.0405500510502842,0.0236805816646842,0.000483500860006476,0.0236993564023143,0.928,500
"Federated CCW","RD",15,-0.5,"moderate","s1:N(-0.750,0.850^2),Bern(0.200);s2:N(-0.375,0.925^2),Bern(0.300);s3:N(0.000,1.000^2),Bern(0.400);s4:N(0.375,1.075^2),Bern(0.500);s5:N(0.750,1.150^2),Bern(0.600)",25,"600/800/1000/1200/1400","-3.75/-3.375/-3/-2.625/-2.25",-0.0359299122937764,-0.0366905964766824,0.0183001163271636,0.000760684182905936,0.0183026115168922,0.942,500
"Pooled CCW (site-stratified)","RD",5,-1,"high","s1:N(-1.500,0.700^2),Bern(0.100);s2:N(-0.750,0.850^2),Bern(0.250);s3:N(0.000,1.000^2),Bern(0.400);s4:N(0.750,1.150^2),Bern(0.550);s5:N(1.500,1.300^2),Bern(0.700)",25,"400/600/800/1200/2000","-4.5/-3.75/-3/-2.25/-1.5",-0.0687511299507496,-0.0803449440867667,0.0450882781772653,0.0115938141360172,0.0436158341057399,0.818,500
"Pooled CCW (site-stratified)","RD",10,-1,"high","s1:N(-1.500,0.700^2),Bern(0.100);s2:N(-0.750,0.850^2),Bern(0.250);s3:N(0.000,1.000^2),Bern(0.400);s4:N(0.750,1.150^2),Bern(0.550);s5:N(1.500,1.300^2),Bern(0.700)",25,"400/600/800/1200/2000","-4.5/-3.75/-3/-2.25/-1.5",-0.0597745533328795,-0.0733549086408174,0.0368211662614072,0.0135803553079379,0.0342595924363991,0.838,500
"Pooled CCW (site-stratified)","RD",15,-1,"high","s1:N(-1.500,0.700^2),Bern(0.100);s2:N(-0.750,0.850^2),Bern(0.250);s3:N(0.000,1.000^2),Bern(0.400);s4:N(0.750,1.150^2),Bern(0.550);s5:N(1.500,1.300^2),Bern(0.700)",25,"400/600/800/1200/2000","-4.5/-3.75/-3/-2.25/-1.5",-0.053110286703356,-0.0744766531481054,0.0370447808607036,0.0213663664447494,0.0302923989283104,0.764,500
"Pooled CCW (site-stratified)","RD",5,-0.7,"high","s1:N(-1.500,0.700^2),Bern(0.100);s2:N(-0.750,0.850^2),Bern(0.250);s3:N(0.000,1.000^2),Bern(0.400);s4:N(0.750,1.150^2),Bern(0.550);s5:N(1.500,1.300^2),Bern(0.700)",25,"400/600/800/1200/2000","-4.5/-3.75/-3/-2.25/-1.5",-0.0368487995678135,-0.0563564235631056,0.0462585156541959,0.0195076239952921,0.0419860516559381,0.788,500
"Pooled CCW (site-stratified)","RD",10,-0.7,"high","s1:N(-1.500,0.700^2),Bern(0.100);s2:N(-0.750,0.850^2),Bern(0.250);s3:N(0.000,1.000^2),Bern(0.400);s4:N(0.750,1.150^2),Bern(0.550);s5:N(1.500,1.300^2),Bern(0.700)",25,"400/600/800/1200/2000","-4.5/-3.75/-3/-2.25/-1.5",-0.0329877118730439,-0.0500106692994288,0.0381573834565397,0.0170229574263849,0.0341839423785785,0.81,500
"Pooled CCW (site-stratified)","RD",15,-0.7,"high","s1:N(-1.500,0.700^2),Bern(0.100);s2:N(-0.750,0.850^2),Bern(0.250);s3:N(0.000,1.000^2),Bern(0.400);s4:N(0.750,1.150^2),Bern(0.550);s5:N(1.500,1.300^2),Bern(0.700)",25,"400/600/800/1200/2000","-4.5/-3.75/-3/-2.25/-1.5",-0.0313901552862387,-0.0455425306285117,0.0326740674409164,0.014152375342273,0.029479535976466,0.838,500
"Pooled CCW (site-stratified)","RD",5,-0.5,"high","s1:N(-1.500,0.700^2),Bern(0.100);s2:N(-0.750,0.850^2),Bern(0.250);s3:N(0.000,1.000^2),Bern(0.400);s4:N(0.750,1.150^2),Bern(0.550);s5:N(1.500,1.300^2),Bern(0.700)",25,"400/600/800/1200/2000","-4.5/-3.75/-3/-2.25/-1.5",-0.0197194425242426,-0.0387073509296585,0.0454671922949565,0.0189879084054159,0.0413539018712145,0.776,500
"Pooled CCW (site-stratified)","RD",10,-0.5,"high","s1:N(-1.500,0.700^2),Bern(0.100);s2:N(-0.750,0.850^2),Bern(0.250);s3:N(0.000,1.000^2),Bern(0.400);s4:N(0.750,1.150^2),Bern(0.550);s5:N(1.500,1.300^2),Bern(0.700)",25,"400/600/800/1200/2000","-4.5/-3.75/-3/-2.25/-1.5",-0.0183156519656809,-0.0349553447683074,0.0400671309268514,0.0166396928026265,0.0364850369327432,0.808,500
"Pooled CCW (site-stratified)","RD",15,-0.5,"high","s1:N(-1.500,0.700^2),Bern(0.100);s2:N(-0.750,0.850^2),Bern(0.250);s3:N(0.000,1.000^2),Bern(0.400);s4:N(0.750,1.150^2),Bern(0.550);s5:N(1.500,1.300^2),Bern(0.700)",25,"400/600/800/1200/2000","-4.5/-3.75/-3/-2.25/-1.5",-0.0143156210469385,-0.0316443637166509,0.0363402892623682,0.0173287426697125,0.0319746157641654,0.792,500
"Pooled CCW (site-stratified)","RD",5,-1,"low","s1:N(-0.250,0.950^2),Bern(0.350);s2:N(-0.125,0.975^2),Bern(0.375);s3:N(0.000,1.000^2),Bern(0.400);s4:N(0.125,1.025^2),Bern(0.425);s5:N(0.250,1.050^2),Bern(0.450)",25,"900/950/1000/1050/1100","-3.25/-3.125/-3/-2.875/-2.75",-0.120068809947205,-0.121209514418316,0.0236942216336376,0.00114070447111066,0.0236904496991387,0.95,500
"Pooled CCW (site-stratified)","RD",10,-1,"low","s1:N(-0.250,0.950^2),Bern(0.350);s2:N(-0.125,0.975^2),Bern(0.375);s3:N(0.000,1.000^2),Bern(0.400);s4:N(0.125,1.025^2),Bern(0.425);s5:N(0.250,1.050^2),Bern(0.450)",25,"900/950/1000/1050/1100","-3.25/-3.125/-3/-2.875/-2.75",-0.0930084510863945,-0.0929233866391016,0.0160769453284447,-8.50644472929216e-05,0.0160928211609849,0.958,500
"Pooled CCW (site-stratified)","RD",15,-1,"low","s1:N(-0.250,0.950^2),Bern(0.350);s2:N(-0.125,0.975^2),Bern(0.375);s3:N(0.000,1.000^2),Bern(0.400);s4:N(0.125,1.025^2),Bern(0.425);s5:N(0.250,1.050^2),Bern(0.450)",25,"900/950/1000/1050/1100","-3.25/-3.125/-3/-2.875/-2.75",-0.0795605702536337,-0.0788119481791563,0.0132147538587254,-0.000748622074477427,0.013206745275724,0.972,500
"Pooled CCW (site-stratified)","RD",5,-0.7,"low","s1:N(-0.250,0.950^2),Bern(0.350);s2:N(-0.125,0.975^2),Bern(0.375);s3:N(0.000,1.000^2),Bern(0.400);s4:N(0.125,1.025^2),Bern(0.425);s5:N(0.250,1.050^2),Bern(0.450)",25,"900/950/1000/1050/1100","-3.25/-3.125/-3/-2.875/-2.75",-0.0804082002623305,-0.080478480233834,0.024597316718053,7.02799715034864e-05,0.024621850488881,0.952,500
"Pooled CCW (site-stratified)","RD",10,-0.7,"low","s1:N(-0.250,0.950^2),Bern(0.350);s2:N(-0.125,0.975^2),Bern(0.375);s3:N(0.000,1.000^2),Bern(0.400);s4:N(0.125,1.025^2),Bern(0.425);s5:N(0.250,1.050^2),Bern(0.450)",25,"900/950/1000/1050/1100","-3.25/-3.125/-3/-2.875/-2.75",-0.0634589846089749,-0.0633615847068544,0.0169162422881055,-9.73999021204989e-05,0.0169329032606527,0.962,500
"Pooled CCW (site-stratified)","RD",15,-0.7,"low","s1:N(-0.250,0.950^2),Bern(0.350);s2:N(-0.125,0.975^2),Bern(0.375);s3:N(0.000,1.000^2),Bern(0.400);s4:N(0.125,1.025^2),Bern(0.425);s5:N(0.250,1.050^2),Bern(0.450)",25,"900/950/1000/1050/1100","-3.25/-3.125/-3/-2.875/-2.75",-0.0549471075633322,-0.0546767343939706,0.0144996497691017,-0.000270373169361636,0.0145116476532171,0.948,500
"Pooled CCW (site-stratified)","RD",5,-0.5,"low","s1:N(-0.250,0.950^2),Bern(0.350);s2:N(-0.125,0.975^2),Bern(0.375);s3:N(0.000,1.000^2),Bern(0.400);s4:N(0.125,1.025^2),Bern(0.425);s5:N(0.250,1.050^2),Bern(0.450)",25,"900/950/1000/1050/1100","-3.25/-3.125/-3/-2.875/-2.75",-0.0557362827667251,-0.0560165021695364,0.0277704075186324,0.000280219402811243,0.0277968044118064,0.918,500
"Pooled CCW (site-stratified)","RD",10,-0.5,"low","s1:N(-0.250,0.950^2),Bern(0.350);s2:N(-0.125,0.975^2),Bern(0.375);s3:N(0.000,1.000^2),Bern(0.400);s4:N(0.125,1.025^2),Bern(0.425);s5:N(0.250,1.050^2),Bern(0.450)",25,"900/950/1000/1050/1100","-3.25/-3.125/-3/-2.875/-2.75",-0.0446849914701123,-0.0456299445718131,0.0190569092962851,0.000944953101700831,0.0190525287893487,0.926,500
"Pooled CCW (site-stratified)","RD",15,-0.5,"low","s1:N(-0.250,0.950^2),Bern(0.350);s2:N(-0.125,0.975^2),Bern(0.375);s3:N(0.000,1.000^2),Bern(0.400);s4:N(0.125,1.025^2),Bern(0.425);s5:N(0.250,1.050^2),Bern(0.450)",25,"900/950/1000/1050/1100","-3.25/-3.125/-3/-2.875/-2.75",-0.0377911376976182,-0.0387371110188105,0.01498688319902,0.000945973321192264,0.0149719779168334,0.95,500
"Pooled CCW (site-stratified)","RD",5,-1,"moderate","s1:N(-0.750,0.850^2),Bern(0.200);s2:N(-0.375,0.925^2),Bern(0.300);s3:N(0.000,1.000^2),Bern(0.400);s4:N(0.375,1.075^2),Bern(0.500);s5:N(0.750,1.150^2),Bern(0.600)",25,"600/800/1000/1200/1400","-3.75/-3.375/-3/-2.625/-2.25",-0.107496803272044,-0.10941232414787,0.0275163705001536,0.00191552087582602,0.0274771069818528,0.942,500
"Pooled CCW (site-stratified)","RD",10,-1,"moderate","s1:N(-0.750,0.850^2),Bern(0.200);s2:N(-0.375,0.925^2),Bern(0.300);s3:N(0.000,1.000^2),Bern(0.400);s4:N(0.375,1.075^2),Bern(0.500);s5:N(0.750,1.150^2),Bern(0.600)",25,"600/800/1000/1200/1400","-3.75/-3.375/-3/-2.625/-2.25",-0.0853468911762096,-0.0887718355187298,0.0196696212847374,0.0034249443425202,0.0193885427227902,0.932,500
"Pooled CCW (site-stratified)","RD",15,-1,"moderate","s1:N(-0.750,0.850^2),Bern(0.200);s2:N(-0.375,0.925^2),Bern(0.300);s3:N(0.000,1.000^2),Bern(0.400);s4:N(0.375,1.075^2),Bern(0.500);s5:N(0.750,1.150^2),Bern(0.600)",25,"600/800/1000/1200/1400","-3.75/-3.375/-3/-2.625/-2.25",-0.0781436135126431,-0.0778944445739651,0.0174160637451897,-0.000249168938678027,0.0174317216894553,0.942,500
"Pooled CCW (site-stratified)","RD",5,-0.7,"moderate","s1:N(-0.750,0.850^2),Bern(0.200);s2:N(-0.375,0.925^2),Bern(0.300);s3:N(0.000,1.000^2),Bern(0.400);s4:N(0.375,1.075^2),Bern(0.500);s5:N(0.750,1.150^2),Bern(0.600)",25,"600/800/1000/1200/1400","-3.75/-3.375/-3/-2.625/-2.25",-0.0714441317353323,-0.0737927422685225,0.0296013950799995,0.00234861053319017,0.0295376295997215,0.932,500
"Pooled CCW (site-stratified)","RD",10,-0.7,"moderate","s1:N(-0.750,0.850^2),Bern(0.200);s2:N(-0.375,0.925^2),Bern(0.300);s3:N(0.000,1.000^2),Bern(0.400);s4:N(0.375,1.075^2),Bern(0.500);s5:N(0.750,1.150^2),Bern(0.600)",25,"600/800/1000/1200/1400","-3.75/-3.375/-3/-2.625/-2.25",-0.0607208155860658,-0.0590560914756272,0.025134684288163,-0.00166472411043859,0.0251046117469217,0.942,500
"Pooled CCW (site-stratified)","RD",15,-0.7,"moderate","s1:N(-0.750,0.850^2),Bern(0.200);s2:N(-0.375,0.925^2),Bern(0.300);s3:N(0.000,1.000^2),Bern(0.400);s4:N(0.375,1.075^2),Bern(0.500);s5:N(0.750,1.150^2),Bern(0.600)",25,"600/800/1000/1200/1400","-3.75/-3.375/-3/-2.625/-2.25",-0.0530382844732319,-0.0528588606292398,0.0191728183953955,-0.000179423843992016,0.0191911796160928,0.964,500
"Pooled CCW (site-stratified)","RD",5,-0.5,"moderate","s1:N(-0.750,0.850^2),Bern(0.200);s2:N(-0.375,0.925^2),Bern(0.300);s3:N(0.000,1.000^2),Bern(0.400);s4:N(0.375,1.075^2),Bern(0.500);s5:N(0.750,1.150^2),Bern(0.600)",25,"600/800/1000/1200/1400","-3.75/-3.375/-3/-2.625/-2.25",-0.0500218878444664,-0.0513363981100231,0.0313731365993631,0.00131451026555669,0.0313769787014126,0.916,500
"Pooled CCW (site-stratified)","RD",10,-0.5,"moderate","s1:N(-0.750,0.850^2),Bern(0.200);s2:N(-0.375,0.925^2),Bern(0.300);s3:N(0.000,1.000^2),Bern(0.400);s4:N(0.375,1.075^2),Bern(0.500);s5:N(0.750,1.150^2),Bern(0.600)",25,"600/800/1000/1200/1400","-3.75/-3.375/-3/-2.625/-2.25",-0.0400665501902777,-0.0405500510502842,0.0236805816646842,0.000483500860006476,0.0236993564023143,0.928,500
"Pooled CCW (site-stratified)","RD",15,-0.5,"moderate","s1:N(-0.750,0.850^2),Bern(0.200);s2:N(-0.375,0.925^2),Bern(0.300);s3:N(0.000,1.000^2),Bern(0.400);s4:N(0.375,1.075^2),Bern(0.500);s5:N(0.750,1.150^2),Bern(0.600)",25,"600/800/1000/1200/1400","-3.75/-3.375/-3/-2.625/-2.25",-0.0359299122937764,-0.0366905964766824,0.0183001163271636,0.000760684182905936,0.0183026115168922,0.942,500
"Pooled CCW (site FE, shared slopes)","RD",5,-1,"high","s1:N(-1.500,0.700^2),Bern(0.100);s2:N(-0.750,0.850^2),Bern(0.250);s3:N(0.000,1.000^2),Bern(0.400);s4:N(0.750,1.150^2),Bern(0.550);s5:N(1.500,1.300^2),Bern(0.700)",25,"400/600/800/1200/2000","-4.5/-3.75/-3/-2.25/-1.5",-0.0804359541432113,-0.0803449440867667,0.0469847855159554,-9.10100564446074e-05,0.0470317526642086,0.898,500
"Pooled CCW (site FE, shared slopes)","RD",10,-1,"high","s1:N(-1.500,0.700^2),Bern(0.100);s2:N(-0.750,0.850^2),Bern(0.250);s3:N(0.000,1.000^2),Bern(0.400);s4:N(0.750,1.150^2),Bern(0.550);s5:N(1.500,1.300^2),Bern(0.700)",25,"400/600/800/1200/2000","-4.5/-3.75/-3/-2.25/-1.5",-0.0703403735093843,-0.0733549086408174,0.0382923613892223,0.00301453513143309,0.0382117494272736,0.876,500
"Pooled CCW (site FE, shared slopes)","RD",15,-1,"high","s1:N(-1.500,0.700^2),Bern(0.100);s2:N(-0.750,0.850^2),Bern(0.250);s3:N(0.000,1.000^2),Bern(0.400);s4:N(0.750,1.150^2),Bern(0.550);s5:N(1.500,1.300^2),Bern(0.700)",25,"400/600/800/1200/2000","-4.5/-3.75/-3/-2.25/-1.5",-0.0617151691614863,-0.0744766531481054,0.034413144113286,0.0127614839866191,0.0319914977153805,0.83,500
"Pooled CCW (site FE, shared slopes)","RD",5,-0.7,"high","s1:N(-1.500,0.700^2),Bern(0.100);s2:N(-0.750,0.850^2),Bern(0.250);s3:N(0.000,1.000^2),Bern(0.400);s4:N(0.750,1.150^2),Bern(0.550);s5:N(1.500,1.300^2),Bern(0.700)",25,"400/600/800/1200/2000","-4.5/-3.75/-3/-2.25/-1.5",-0.0438569878828905,-0.0563564235631056,0.0442726830737608,0.0124994356802151,0.0425141091071208,0.832,500
"Pooled CCW (site FE, shared slopes)","RD",10,-0.7,"high","s1:N(-1.500,0.700^2),Bern(0.100);s2:N(-0.750,0.850^2),Bern(0.250);s3:N(0.000,1.000^2),Bern(0.400);s4:N(0.750,1.150^2),Bern(0.550);s5:N(1.500,1.300^2),Bern(0.700)",25,"400/600/800/1200/2000","-4.5/-3.75/-3/-2.25/-1.5",-0.0432529781384545,-0.0500106692994288,0.0386994970470371,0.00675769116097424,0.0381430789371826,0.86,500
"Pooled CCW (site FE, shared slopes)","RD",15,-0.7,"high","s1:N(-1.500,0.700^2),Bern(0.100);s2:N(-0.750,0.850^2),Bern(0.250);s3:N(0.000,1.000^2),Bern(0.400);s4:N(0.750,1.150^2),Bern(0.550);s5:N(1.500,1.300^2),Bern(0.700)",25,"400/600/800/1200/2000","-4.5/-3.75/-3/-2.25/-1.5",-0.0396576635422553,-0.0455425306285117,0.0314709034673925,0.00588486708625642,0.0309467527770835,0.89,500
"Pooled CCW (site FE, shared slopes)","RD",5,-0.5,"high","s1:N(-1.500,0.700^2),Bern(0.100);s2:N(-0.750,0.850^2),Bern(0.250);s3:N(0.000,1.000^2),Bern(0.400);s4:N(0.750,1.150^2),Bern(0.550);s5:N(1.500,1.300^2),Bern(0.700)",25,"400/600/800/1200/2000","-4.5/-3.75/-3/-2.25/-1.5",-0.0291870916443224,-0.0387073509296585,0.0468373716896629,0.00952025928533614,0.0459055409216603,0.818,500
"Pooled CCW (site FE, shared slopes)","RD",10,-0.5,"high","s1:N(-1.500,0.700^2),Bern(0.100);s2:N(-0.750,0.850^2),Bern(0.250);s3:N(0.000,1.000^2),Bern(0.400);s4:N(0.750,1.150^2),Bern(0.550);s5:N(1.500,1.300^2),Bern(0.700)",25,"400/600/800/1200/2000","-4.5/-3.75/-3/-2.25/-1.5",-0.0298264887007784,-0.0349553447683074,0.0416206936971559,0.00512885606752899,0.0413448397120205,0.862,500
"Pooled CCW (site FE, shared slopes)","RD",15,-0.5,"high","s1:N(-1.500,0.700^2),Bern(0.100);s2:N(-0.750,0.850^2),Bern(0.250);s3:N(0.000,1.000^2),Bern(0.400);s4:N(0.750,1.150^2),Bern(0.550);s5:N(1.500,1.300^2),Bern(0.700)",25,"400/600/800/1200/2000","-4.5/-3.75/-3/-2.25/-1.5",-0.0243493399764221,-0.0316443637166509,0.0361011757708617,0.00729502374022885,0.0353918449086824,0.84,500
"Pooled CCW (site FE, shared slopes)","RD",5,-1,"low","s1:N(-0.250,0.950^2),Bern(0.350);s2:N(-0.125,0.975^2),Bern(0.375);s3:N(0.000,1.000^2),Bern(0.400);s4:N(0.125,1.025^2),Bern(0.425);s5:N(0.250,1.050^2),Bern(0.450)",25,"900/950/1000/1050/1100","-3.25/-3.125/-3/-2.875/-2.75",-0.119938112086652,-0.121209514418316,0.0237762313832547,0.00127140233166353,0.0237659916607817,0.93,500
"Pooled CCW (site FE, shared slopes)","RD",10,-1,"low","s1:N(-0.250,0.950^2),Bern(0.350);s2:N(-0.125,0.975^2),Bern(0.375);s3:N(0.000,1.000^2),Bern(0.400);s4:N(0.125,1.025^2),Bern(0.425);s5:N(0.250,1.050^2),Bern(0.450)",25,"900/950/1000/1050/1100","-3.25/-3.125/-3/-2.875/-2.75",-0.092957776231373,-0.0929233866391016,0.01559968666018,-3.43895922714013e-05,0.0156152718414091,0.952,500
"Pooled CCW (site FE, shared slopes)","RD",15,-1,"low","s1:N(-0.250,0.950^2),Bern(0.350);s2:N(-0.125,0.975^2),Bern(0.375);s3:N(0.000,1.000^2),Bern(0.400);s4:N(0.125,1.025^2),Bern(0.425);s5:N(0.250,1.050^2),Bern(0.450)",25,"900/950/1000/1050/1100","-3.25/-3.125/-3/-2.875/-2.75",-0.0798185140764388,-0.0788119481791563,0.0122846048832167,-0.00100656589728252,0.0122555595429422,0.974,500
"Pooled CCW (site FE, shared slopes)","RD",5,-0.7,"low","s1:N(-0.250,0.950^2),Bern(0.350);s2:N(-0.125,0.975^2),Bern(0.375);s3:N(0.000,1.000^2),Bern(0.400);s4:N(0.125,1.025^2),Bern(0.425);s5:N(0.250,1.050^2),Bern(0.450)",25,"900/950/1000/1050/1100","-3.25/-3.125/-3/-2.875/-2.75",-0.0806231016451383,-0.080478480233834,0.0240219119293126,-0.000144621411304265,0.0240455341552785,0.956,500
"Pooled CCW (site FE, shared slopes)","RD",10,-0.7,"low","s1:N(-0.250,0.950^2),Bern(0.350);s2:N(-0.125,0.975^2),Bern(0.375);s3:N(0.000,1.000^2),Bern(0.400);s4:N(0.125,1.025^2),Bern(0.425);s5:N(0.250,1.050^2),Bern(0.450)",25,"900/950/1000/1050/1100","-3.25/-3.125/-3/-2.875/-2.75",-0.0634735713955533,-0.0633615847068544,0.0164633648463684,-0.000111986688698895,0.0164794716851067,0.964,500
"Pooled CCW (site FE, shared slopes)","RD",15,-0.7,"low","s1:N(-0.250,0.950^2),Bern(0.350);s2:N(-0.125,0.975^2),Bern(0.375);s3:N(0.000,1.000^2),Bern(0.400);s4:N(0.125,1.025^2),Bern(0.425);s5:N(0.250,1.050^2),Bern(0.450)",25,"900/950/1000/1050/1100","-3.25/-3.125/-3/-2.875/-2.75",-0.0549336165229283,-0.0546767343939706,0.0136370985200023,-0.00025688212895767,0.013648334025052,0.95,500
"Pooled CCW (site FE, shared slopes)","RD",5,-0.5,"low","s1:N(-0.250,0.950^2),Bern(0.350);s2:N(-0.125,0.975^2),Bern(0.375);s3:N(0.000,1.000^2),Bern(0.400);s4:N(0.125,1.025^2),Bern(0.425);s5:N(0.250,1.050^2),Bern(0.450)",25,"900/950/1000/1050/1100","-3.25/-3.125/-3/-2.875/-2.75",-0.0551391031292491,-0.0560165021695364,0.026561179382352,0.000877399040287233,0.0265732703765003,0.922,500
"Pooled CCW (site FE, shared slopes)","RD",10,-0.5,"low","s1:N(-0.250,0.950^2),Bern(0.350);s2:N(-0.125,0.975^2),Bern(0.375);s3:N(0.000,1.000^2),Bern(0.400);s4:N(0.125,1.025^2),Bern(0.425);s5:N(0.250,1.050^2),Bern(0.450)",25,"900/950/1000/1050/1100","-3.25/-3.125/-3/-2.875/-2.75",-0.0446855072455063,-0.0456299445718131,0.0189662191302675,0.000944437326306804,0.0189616611989787,0.936,500
"Pooled CCW (site FE, shared slopes)","RD",15,-0.5,"low","s1:N(-0.250,0.950^2),Bern(0.350);s2:N(-0.125,0.975^2),Bern(0.375);s3:N(0.000,1.000^2),Bern(0.400);s4:N(0.125,1.025^2),Bern(0.425);s5:N(0.250,1.050^2),Bern(0.450)",25,"900/950/1000/1050/1100","-3.25/-3.125/-3/-2.875/-2.75",-0.0379954798499257,-0.0387371110188105,0.0144955612193712,0.000741631168884824,0.0144910752118491,0.948,500
"Pooled CCW (site FE, shared slopes)","RD",5,-1,"moderate","s1:N(-0.750,0.850^2),Bern(0.200);s2:N(-0.375,0.925^2),Bern(0.300);s3:N(0.000,1.000^2),Bern(0.400);s4:N(0.375,1.075^2),Bern(0.500);s5:N(0.750,1.150^2),Bern(0.600)",25,"600/800/1000/1200/1400","-3.75/-3.375/-3/-2.625/-2.25",-0.107476634338475,-0.10941232414787,0.0261414540175477,0.00193568980939452,0.0260957985990544,0.938,500
"Pooled CCW (site FE, shared slopes)","RD",10,-1,"moderate","s1:N(-0.750,0.850^2),Bern(0.200);s2:N(-0.375,0.925^2),Bern(0.300);s3:N(0.000,1.000^2),Bern(0.400);s4:N(0.375,1.075^2),Bern(0.500);s5:N(0.750,1.150^2),Bern(0.600)",25,"600/800/1000/1200/1400","-3.75/-3.375/-3/-2.625/-2.25",-0.0860119049950321,-0.0887718355187298,0.0195184798989154,0.00275993052369768,0.0193417177406518,0.938,500
"Pooled CCW (site FE, shared slopes)","RD",15,-1,"moderate","s1:N(-0.750,0.850^2),Bern(0.200);s2:N(-0.375,0.925^2),Bern(0.300);s3:N(0.000,1.000^2),Bern(0.400);s4:N(0.375,1.075^2),Bern(0.500);s5:N(0.750,1.150^2),Bern(0.600)",25,"600/800/1000/1200/1400","-3.75/-3.375/-3/-2.625/-2.25",-0.0785796253489583,-0.0778944445739651,0.0173200779580639,-0.00068518077499317,0.0173238523284512,0.934,500
"Pooled CCW (site FE, shared slopes)","RD",5,-0.7,"moderate","s1:N(-0.750,0.850^2),Bern(0.200);s2:N(-0.375,0.925^2),Bern(0.300);s3:N(0.000,1.000^2),Bern(0.400);s4:N(0.375,1.075^2),Bern(0.500);s5:N(0.750,1.150^2),Bern(0.600)",25,"600/800/1000/1200/1400","-3.75/-3.375/-3/-2.625/-2.25",-0.0712944455615507,-0.0737927422685225,0.0275991194443808,0.00249829670697181,0.0275133399539201,0.934,500
"Pooled CCW (site FE, shared slopes)","RD",10,-0.7,"moderate","s1:N(-0.750,0.850^2),Bern(0.200);s2:N(-0.375,0.925^2),Bern(0.300);s3:N(0.000,1.000^2),Bern(0.400);s4:N(0.375,1.075^2),Bern(0.500);s5:N(0.750,1.150^2),Bern(0.600)",25,"600/800/1000/1200/1400","-3.75/-3.375/-3/-2.625/-2.25",-0.0608800843657976,-0.0590560914756272,0.0237896554199547,-0.00182399289017042,0.0237433833191411,0.944,500
"Pooled CCW (site FE, shared slopes)","RD",15,-0.7,"moderate","s1:N(-0.750,0.850^2),Bern(0.200);s2:N(-0.375,0.925^2),Bern(0.300);s3:N(0.000,1.000^2),Bern(0.400);s4:N(0.375,1.075^2),Bern(0.500);s5:N(0.750,1.150^2),Bern(0.600)",25,"600/800/1000/1200/1400","-3.75/-3.375/-3/-2.625/-2.25",-0.0527551625552402,-0.0528588606292398,0.0166464778564882,0.000103698073999657,0.0166628260291752,0.966,500
"Pooled CCW (site FE, shared slopes)","RD",5,-0.5,"moderate","s1:N(-0.750,0.850^2),Bern(0.200);s2:N(-0.375,0.925^2),Bern(0.300);s3:N(0.000,1.000^2),Bern(0.400);s4:N(0.375,1.075^2),Bern(0.500);s5:N(0.750,1.150^2),Bern(0.600)",25,"600/800/1000/1200/1400","-3.75/-3.375/-3/-2.625/-2.25",-0.0502381055307105,-0.0513363981100231,0.030453966566723,0.00109829257931257,0.0304646355812688,0.902,500
"Pooled CCW (site FE, shared slopes)","RD",10,-0.5,"moderate","s1:N(-0.750,0.850^2),Bern(0.200);s2:N(-0.375,0.925^2),Bern(0.300);s3:N(0.000,1.000^2),Bern(0.400);s4:N(0.375,1.075^2),Bern(0.500);s5:N(0.750,1.150^2),Bern(0.600)",25,"600/800/1000/1200/1400","-3.75/-3.375/-3/-2.625/-2.25",-0.0404099457807289,-0.0405500510502842,0.022544853222541,0.000140105269555279,0.0225669961663333,0.914,500
"Pooled CCW (site FE, shared slopes)","RD",15,-0.5,"moderate","s1:N(-0.750,0.850^2),Bern(0.200);s2:N(-0.375,0.925^2),Bern(0.300);s3:N(0.000,1.000^2),Bern(0.400);s4:N(0.375,1.075^2),Bern(0.500);s5:N(0.750,1.150^2),Bern(0.600)",25,"600/800/1000/1200/1400","-3.75/-3.375/-3/-2.625/-2.25",-0.0367227234720678,-0.0366905964766824,0.017966602820046,-3.21269953854216e-05,0.017984567665019,0.95,500
"Federated landmark IPW","RD",5,-1,"high","s1:N(-1.500,0.700^2),Bern(0.100);s2:N(-0.750,0.850^2),Bern(0.250);s3:N(0.000,1.000^2),Bern(0.400);s4:N(0.750,1.150^2),Bern(0.550);s5:N(1.500,1.300^2),Bern(0.700)",25,"400/600/800/1200/2000","-4.5/-3.75/-3/-2.25/-1.5",-0.152339444768055,-0.0803449440867667,0.0957522300667502,-0.0719945006812881,0.0631923094240791,NA,500
"Federated landmark IPW","RD",10,-1,"high","s1:N(-1.500,0.700^2),Bern(0.100);s2:N(-0.750,0.850^2),Bern(0.250);s3:N(0.000,1.000^2),Bern(0.400);s4:N(0.750,1.150^2),Bern(0.550);s5:N(1.500,1.300^2),Bern(0.700)",25,"400/600/800/1200/2000","-4.5/-3.75/-3/-2.25/-1.5",-0.156841865203058,-0.0733549086408174,0.101758025966549,-0.0834869565622401,0.0582357857856808,NA,500
"Federated landmark IPW","RD",15,-1,"high","s1:N(-1.500,0.700^2),Bern(0.100);s2:N(-0.750,0.850^2),Bern(0.250);s3:N(0.000,1.000^2),Bern(0.400);s4:N(0.750,1.150^2),Bern(0.550);s5:N(1.500,1.300^2),Bern(0.700)",25,"400/600/800/1200/2000","-4.5/-3.75/-3/-2.25/-1.5",-0.123614768295744,-0.0744766531481054,0.0710567443862548,-0.0491381151476382,0.051378849099416,NA,500
"Federated landmark IPW","RD",5,-0.7,"high","s1:N(-1.500,0.700^2),Bern(0.100);s2:N(-0.750,0.850^2),Bern(0.250);s3:N(0.000,1.000^2),Bern(0.400);s4:N(0.750,1.150^2),Bern(0.550);s5:N(1.500,1.300^2),Bern(0.700)",25,"400/600/800/1200/2000","-4.5/-3.75/-3/-2.25/-1.5",-0.102893437792958,-0.0563564235631056,0.0798548491064258,-0.0465370142298524,0.0649580042567087,NA,500
"Federated landmark IPW","RD",10,-0.7,"high","s1:N(-1.500,0.700^2),Bern(0.100);s2:N(-0.750,0.850^2),Bern(0.250);s3:N(0.000,1.000^2),Bern(0.400);s4:N(0.750,1.150^2),Bern(0.550);s5:N(1.500,1.300^2),Bern(0.700)",25,"400/600/800/1200/2000","-4.5/-3.75/-3/-2.25/-1.5",-0.112336825793164,-0.0500106692994288,0.0864977041237305,-0.0623261564937351,0.0600375887216825,NA,500
"Federated landmark IPW","RD",15,-0.7,"high","s1:N(-1.500,0.700^2),Bern(0.100);s2:N(-0.750,0.850^2),Bern(0.250);s3:N(0.000,1.000^2),Bern(0.400);s4:N(0.750,1.150^2),Bern(0.550);s5:N(1.500,1.300^2),Bern(0.700)",25,"400/600/800/1200/2000","-4.5/-3.75/-3/-2.25/-1.5",-0.0891804284275258,-0.0455425306285117,0.0721183156928423,-0.0436378977990141,0.0574751434821336,NA,500
"Federated landmark IPW","RD",5,-0.5,"high","s1:N(-1.500,0.700^2),Bern(0.100);s2:N(-0.750,0.850^2),Bern(0.250);s3:N(0.000,1.000^2),Bern(0.400);s4:N(0.750,1.150^2),Bern(0.550);s5:N(1.500,1.300^2),Bern(0.700)",25,"400/600/800/1200/2000","-4.5/-3.75/-3/-2.25/-1.5",-0.068117398600151,-0.0387073509296585,0.0829091273539988,-0.0294100476704925,0.0775951965244518,NA,500
"Federated landmark IPW","RD",10,-0.5,"high","s1:N(-1.500,0.700^2),Bern(0.100);s2:N(-0.750,0.850^2),Bern(0.250);s3:N(0.000,1.000^2),Bern(0.400);s4:N(0.750,1.150^2),Bern(0.550);s5:N(1.500,1.300^2),Bern(0.700)",25,"400/600/800/1200/2000","-4.5/-3.75/-3/-2.25/-1.5",-0.078790456956157,-0.0349553447683074,0.0821066829852649,-0.0438351121878496,0.0694956806541284,NA,500
"Federated landmark IPW","RD",15,-0.5,"high","s1:N(-1.500,0.700^2),Bern(0.100);s2:N(-0.750,0.850^2),Bern(0.250);s3:N(0.000,1.000^2),Bern(0.400);s4:N(0.750,1.150^2),Bern(0.550);s5:N(1.500,1.300^2),Bern(0.700)",25,"400/600/800/1200/2000","-4.5/-3.75/-3/-2.25/-1.5",-0.0657148137877592,-0.0316443637166509,0.0661802603975276,-0.0340704500711083,0.0567933293861365,NA,500
"Federated landmark IPW","RD",5,-1,"low","s1:N(-0.250,0.950^2),Bern(0.350);s2:N(-0.125,0.975^2),Bern(0.375);s3:N(0.000,1.000^2),Bern(0.400);s4:N(0.125,1.025^2),Bern(0.425);s5:N(0.250,1.050^2),Bern(0.450)",25,"900/950/1000/1050/1100","-3.25/-3.125/-3/-2.875/-2.75",-0.245234407592047,-0.121209514418316,0.13032976117228,-0.124024893173731,0.0400859862427562,NA,500
"Federated landmark IPW","RD",10,-1,"low","s1:N(-0.250,0.950^2),Bern(0.350);s2:N(-0.125,0.975^2),Bern(0.375);s3:N(0.000,1.000^2),Bern(0.400);s4:N(0.125,1.025^2),Bern(0.425);s5:N(0.250,1.050^2),Bern(0.450)",25,"900/950/1000/1050/1100","-3.25/-3.125/-3/-2.875/-2.75",-0.230100823961486,-0.0929233866391016,0.141007779496911,-0.137177437322384,0.0326753718902957,NA,500
"Federated landmark IPW","RD",15,-1,"low","s1:N(-0.250,0.950^2),Bern(0.350);s2:N(-0.125,0.975^2),Bern(0.375);s3:N(0.000,1.000^2),Bern(0.400);s4:N(0.125,1.025^2),Bern(0.425);s5:N(0.250,1.050^2),Bern(0.450)",25,"900/950/1000/1050/1100","-3.25/-3.125/-3/-2.875/-2.75",-0.189847365105183,-0.0788119481791563,0.114700865361329,-0.111035416926027,0.0287937991317233,NA,500
"Federated landmark IPW","RD",5,-0.7,"low","s1:N(-0.250,0.950^2),Bern(0.350);s2:N(-0.125,0.975^2),Bern(0.375);s3:N(0.000,1.000^2),Bern(0.400);s4:N(0.125,1.025^2),Bern(0.425);s5:N(0.250,1.050^2),Bern(0.450)",25,"900/950/1000/1050/1100","-3.25/-3.125/-3/-2.875/-2.75",-0.175033938637169,-0.080478480233834,0.10468572486569,-0.0945554584033347,0.0449712252333434,NA,500
"Federated landmark IPW","RD",10,-0.7,"low","s1:N(-0.250,0.950^2),Bern(0.350);s2:N(-0.125,0.975^2),Bern(0.375);s3:N(0.000,1.000^2),Bern(0.400);s4:N(0.125,1.025^2),Bern(0.425);s5:N(0.250,1.050^2),Bern(0.450)",25,"900/950/1000/1050/1100","-3.25/-3.125/-3/-2.875/-2.75",-0.169323716329319,-0.0633615847068544,0.111658545589575,-0.105962131622464,0.0352440313911461,NA,500
"Federated landmark IPW","RD",15,-0.7,"low","s1:N(-0.250,0.950^2),Bern(0.350);s2:N(-0.125,0.975^2),Bern(0.375);s3:N(0.000,1.000^2),Bern(0.400);s4:N(0.125,1.025^2),Bern(0.425);s5:N(0.250,1.050^2),Bern(0.450)",25,"900/950/1000/1050/1100","-3.25/-3.125/-3/-2.875/-2.75",-0.143274649904431,-0.0546767343939706,0.0943594648059201,-0.0885979155104609,0.03249969886805,NA,500
"Federated landmark IPW","RD",5,-0.5,"low","s1:N(-0.250,0.950^2),Bern(0.350);s2:N(-0.125,0.975^2),Bern(0.375);s3:N(0.000,1.000^2),Bern(0.400);s4:N(0.125,1.025^2),Bern(0.425);s5:N(0.250,1.050^2),Bern(0.450)",25,"900/950/1000/1050/1100","-3.25/-3.125/-3/-2.875/-2.75",-0.127625450762332,-0.0560165021695364,0.0865728424508315,-0.0716089485927958,0.0487007089224573,NA,500
"Federated landmark IPW","RD",10,-0.5,"low","s1:N(-0.250,0.950^2),Bern(0.350);s2:N(-0.125,0.975^2),Bern(0.375);s3:N(0.000,1.000^2),Bern(0.400);s4:N(0.125,1.025^2),Bern(0.425);s5:N(0.250,1.050^2),Bern(0.450)",25,"900/950/1000/1050/1100","-3.25/-3.125/-3/-2.875/-2.75",-0.129037908710038,-0.0456299445718131,0.0922652716251518,-0.0834079641382253,0.0394855680793965,NA,500
"Federated landmark IPW","RD",15,-0.5,"low","s1:N(-0.250,0.950^2),Bern(0.350);s2:N(-0.125,0.975^2),Bern(0.375);s3:N(0.000,1.000^2),Bern(0.400);s4:N(0.125,1.025^2),Bern(0.425);s5:N(0.250,1.050^2),Bern(0.450)",25,"900/950/1000/1050/1100","-3.25/-3.125/-3/-2.875/-2.75",-0.105093467163955,-0.0387371110188105,0.0753245455389676,-0.0663563561451448,0.0356814727103614,NA,500
"Federated landmark IPW","RD",5,-1,"moderate","s1:N(-0.750,0.850^2),Bern(0.200);s2:N(-0.375,0.925^2),Bern(0.300);s3:N(0.000,1.000^2),Bern(0.400);s4:N(0.375,1.075^2),Bern(0.500);s5:N(0.750,1.150^2),Bern(0.600)",25,"600/800/1000/1200/1400","-3.75/-3.375/-3/-2.625/-2.25",-0.222363866701702,-0.10941232414787,0.122100354133073,-0.112951542553833,0.0464193389028741,NA,500
"Federated landmark IPW","RD",10,-1,"moderate","s1:N(-0.750,0.850^2),Bern(0.200);s2:N(-0.375,0.925^2),Bern(0.300);s3:N(0.000,1.000^2),Bern(0.400);s4:N(0.375,1.075^2),Bern(0.500);s5:N(0.750,1.150^2),Bern(0.600)",25,"600/800/1000/1200/1400","-3.75/-3.375/-3/-2.625/-2.25",-0.211346162149993,-0.0887718355187298,0.127080679579638,-0.122574326631263,0.0335751120566143,NA,500
"Federated landmark IPW","RD",15,-1,"moderate","s1:N(-0.750,0.850^2),Bern(0.200);s2:N(-0.375,0.925^2),Bern(0.300);s3:N(0.000,1.000^2),Bern(0.400);s4:N(0.375,1.075^2),Bern(0.500);s5:N(0.750,1.150^2),Bern(0.600)",25,"600/800/1000/1200/1400","-3.75/-3.375/-3/-2.625/-2.25",-0.175663938441901,-0.0778944445739651,0.10357226519825,-0.0977694938679362,0.0342152239537393,NA,500
"Federated landmark IPW","RD",5,-0.7,"moderate","s1:N(-0.750,0.850^2),Bern(0.200);s2:N(-0.375,0.925^2),Bern(0.300);s3:N(0.000,1.000^2),Bern(0.400);s4:N(0.375,1.075^2),Bern(0.500);s5:N(0.750,1.150^2),Bern(0.600)",25,"600/800/1000/1200/1400","-3.75/-3.375/-3/-2.625/-2.25",-0.161816149390805,-0.0737927422685225,0.102726330222602,-0.0880234071222821,0.0530113112252824,NA,500
"Federated landmark IPW","RD",10,-0.7,"moderate","s1:N(-0.750,0.850^2),Bern(0.200);s2:N(-0.375,0.925^2),Bern(0.300);s3:N(0.000,1.000^2),Bern(0.400);s4:N(0.375,1.075^2),Bern(0.500);s5:N(0.750,1.150^2),Bern(0.600)",25,"600/800/1000/1200/1400","-3.75/-3.375/-3/-2.625/-2.25",-0.161039492414158,-0.0590560914756272,0.110840752085758,-0.101983400938531,0.0434607400742659,NA,500
"Federated landmark IPW","RD",15,-0.7,"moderate","s1:N(-0.750,0.850^2),Bern(0.200);s2:N(-0.375,0.925^2),Bern(0.300);s3:N(0.000,1.000^2),Bern(0.400);s4:N(0.375,1.075^2),Bern(0.500);s5:N(0.750,1.150^2),Bern(0.600)",25,"600/800/1000/1200/1400","-3.75/-3.375/-3/-2.625/-2.25",-0.131164990025591,-0.0528588606292398,0.08778874381942,-0.0783061293963516,0.0397261875884689,NA,500
"Federated landmark IPW","RD",5,-0.5,"moderate","s1:N(-0.750,0.850^2),Bern(0.200);s2:N(-0.375,0.925^2),Bern(0.300);s3:N(0.000,1.000^2),Bern(0.400);s4:N(0.375,1.075^2),Bern(0.500);s5:N(0.750,1.150^2),Bern(0.600)",25,"600/800/1000/1200/1400","-3.75/-3.375/-3/-2.625/-2.25",-0.11864518329767,-0.0513363981100231,0.0872191444074756,-0.0673087851876467,0.0555236195902259,NA,500
"Federated landmark IPW","RD",10,-0.5,"moderate","s1:N(-0.750,0.850^2),Bern(0.200);s2:N(-0.375,0.925^2),Bern(0.300);s3:N(0.000,1.000^2),Bern(0.400);s4:N(0.375,1.075^2),Bern(0.500);s5:N(0.750,1.150^2),Bern(0.600)",25,"600/800/1000/1200/1400","-3.75/-3.375/-3/-2.625/-2.25",-0.118550246180941,-0.0405500510502842,0.089218974235998,-0.0780001951306572,0.0433561348850126,NA,500
"Federated landmark IPW","RD",15,-0.5,"moderate","s1:N(-0.750,0.850^2),Bern(0.200);s2:N(-0.375,0.925^2),Bern(0.300);s3:N(0.000,1.000^2),Bern(0.400);s4:N(0.375,1.075^2),Bern(0.500);s5:N(0.750,1.150^2),Bern(0.600)",25,"600/800/1000/1200/1400","-3.75/-3.375/-3/-2.625/-2.25",-0.0969963820067191,-0.0366905964766824,0.0720663966334866,-0.0603057855300367,0.0394955383612011,NA,500
"Federated IPW (no cloning)","RD",5,-1,"high","s1:N(-1.500,0.700^2),Bern(0.100);s2:N(-0.750,0.850^2),Bern(0.250);s3:N(0.000,1.000^2),Bern(0.400);s4:N(0.750,1.150^2),Bern(0.550);s5:N(1.500,1.300^2),Bern(0.700)",25,"400/600/800/1200/2000","-4.5/-3.75/-3/-2.25/-1.5",-0.177349517607109,-0.0803449440867667,0.113367334414342,-0.0970045735203425,0.0587295799019591,NA,500
"Federated IPW (no cloning)","RD",10,-1,"high","s1:N(-1.500,0.700^2),Bern(0.100);s2:N(-0.750,0.850^2),Bern(0.250);s3:N(0.000,1.000^2),Bern(0.400);s4:N(0.750,1.150^2),Bern(0.550);s5:N(1.500,1.300^2),Bern(0.700)",25,"400/600/800/1200/2000","-4.5/-3.75/-3/-2.25/-1.5",-0.215254380082303,-0.0733549086408174,0.150943783863266,-0.141899471441485,0.051515761072367,NA,500
"Federated IPW (no cloning)","RD",15,-1,"high","s1:N(-1.500,0.700^2),Bern(0.100);s2:N(-0.750,0.850^2),Bern(0.250);s3:N(0.000,1.000^2),Bern(0.400);s4:N(0.750,1.150^2),Bern(0.550);s5:N(1.500,1.300^2),Bern(0.700)",25,"400/600/800/1200/2000","-4.5/-3.75/-3/-2.25/-1.5",-0.231801268183408,-0.0744766531481054,0.164940601197458,-0.157324615035303,0.0495911887271446,NA,500
"Federated IPW (no cloning)","RD",5,-0.7,"high","s1:N(-1.500,0.700^2),Bern(0.100);s2:N(-0.750,0.850^2),Bern(0.250);s3:N(0.000,1.000^2),Bern(0.400);s4:N(0.750,1.150^2),Bern(0.550);s5:N(1.500,1.300^2),Bern(0.700)",25,"400/600/800/1200/2000","-4.5/-3.75/-3/-2.25/-1.5",-0.12915811656407,-0.0563564235631056,0.0922836076525769,-0.0728016930009649,0.0567681511371921,NA,500
"Federated IPW (no cloning)","RD",10,-0.7,"high","s1:N(-1.500,0.700^2),Bern(0.100);s2:N(-0.750,0.850^2),Bern(0.250);s3:N(0.000,1.000^2),Bern(0.400);s4:N(0.750,1.150^2),Bern(0.550);s5:N(1.500,1.300^2),Bern(0.700)",25,"400/600/800/1200/2000","-4.5/-3.75/-3/-2.25/-1.5",-0.169864297982503,-0.0500106692994288,0.130365494132879,-0.119853628683074,0.0513375187721117,NA,500
"Federated IPW (no cloning)","RD",15,-0.7,"high","s1:N(-1.500,0.700^2),Bern(0.100);s2:N(-0.750,0.850^2),Bern(0.250);s3:N(0.000,1.000^2),Bern(0.400);s4:N(0.750,1.150^2),Bern(0.550);s5:N(1.500,1.300^2),Bern(0.700)",25,"400/600/800/1200/2000","-4.5/-3.75/-3/-2.25/-1.5",-0.191964460954265,-0.0455425306285117,0.154193369524263,-0.146421930325753,0.0483827997903929,NA,500
"Federated IPW (no cloning)","RD",5,-0.5,"high","s1:N(-1.500,0.700^2),Bern(0.100);s2:N(-0.750,0.850^2),Bern(0.250);s3:N(0.000,1.000^2),Bern(0.400);s4:N(0.750,1.150^2),Bern(0.550);s5:N(1.500,1.300^2),Bern(0.700)",25,"400/600/800/1200/2000","-4.5/-3.75/-3/-2.25/-1.5",-0.102544447255814,-0.0387073509296585,0.0839229303278975,-0.0638370963261554,0.0545328435855435,NA,500
"Federated IPW (no cloning)","RD",10,-0.5,"high","s1:N(-1.500,0.700^2),Bern(0.100);s2:N(-0.750,0.850^2),Bern(0.250);s3:N(0.000,1.000^2),Bern(0.400);s4:N(0.750,1.150^2),Bern(0.550);s5:N(1.500,1.300^2),Bern(0.700)",25,"400/600/800/1200/2000","-4.5/-3.75/-3/-2.25/-1.5",-0.143024859488837,-0.0349553447683074,0.120686546565017,-0.108069514720529,0.0537773792863233,NA,500
"Federated IPW (no cloning)","RD",15,-0.5,"high","s1:N(-1.500,0.700^2),Bern(0.100);s2:N(-0.750,0.850^2),Bern(0.250);s3:N(0.000,1.000^2),Bern(0.400);s4:N(0.750,1.150^2),Bern(0.550);s5:N(1.500,1.300^2),Bern(0.700)",25,"400/600/800/1200/2000","-4.5/-3.75/-3/-2.25/-1.5",-0.159799508796946,-0.0316443637166509,0.137975367521651,-0.128155145080295,0.0511732178843613,NA,500
"Federated IPW (no cloning)","RD",5,-1,"low","s1:N(-0.250,0.950^2),Bern(0.350);s2:N(-0.125,0.975^2),Bern(0.375);s3:N(0.000,1.000^2),Bern(0.400);s4:N(0.125,1.025^2),Bern(0.425);s5:N(0.250,1.050^2),Bern(0.450)",25,"900/950/1000/1050/1100","-3.25/-3.125/-3/-2.875/-2.75",-0.236376666228114,-0.121209514418316,0.119748017841886,-0.115167151809798,0.0328370440814582,NA,500
"Federated IPW (no cloning)","RD",10,-1,"low","s1:N(-0.250,0.950^2),Bern(0.350);s2:N(-0.125,0.975^2),Bern(0.375);s3:N(0.000,1.000^2),Bern(0.400);s4:N(0.125,1.025^2),Bern(0.425);s5:N(0.250,1.050^2),Bern(0.450)",25,"900/950/1000/1050/1100","-3.25/-3.125/-3/-2.875/-2.75",-0.291272303329972,-0.0929233866391016,0.200255986827254,-0.19834891669087,0.0275987479696923,NA,500
"Federated IPW (no cloning)","RD",15,-1,"low","s1:N(-0.250,0.950^2),Bern(0.350);s2:N(-0.125,0.975^2),Bern(0.375);s3:N(0.000,1.000^2),Bern(0.400);s4:N(0.125,1.025^2),Bern(0.425);s5:N(0.250,1.050^2),Bern(0.450)",25,"900/950/1000/1050/1100","-3.25/-3.125/-3/-2.875/-2.75",-0.328248661809069,-0.0788119481791563,0.250804455678992,-0.249436713629913,0.0261834303710603,NA,500
"Federated IPW (no cloning)","RD",5,-0.7,"low","s1:N(-0.250,0.950^2),Bern(0.350);s2:N(-0.125,0.975^2),Bern(0.375);s3:N(0.000,1.000^2),Bern(0.400);s4:N(0.125,1.025^2),Bern(0.425);s5:N(0.250,1.050^2),Bern(0.450)",25,"900/950/1000/1050/1100","-3.25/-3.125/-3/-2.875/-2.75",-0.173253430933709,-0.080478480233834,0.0988045764347927,-0.0927749506998749,0.0340215781917875,NA,500
"Federated IPW (no cloning)","RD",10,-0.7,"low","s1:N(-0.250,0.950^2),Bern(0.350);s2:N(-0.125,0.975^2),Bern(0.375);s3:N(0.000,1.000^2),Bern(0.400);s4:N(0.125,1.025^2),Bern(0.425);s5:N(0.250,1.050^2),Bern(0.450)",25,"900/950/1000/1050/1100","-3.25/-3.125/-3/-2.875/-2.75",-0.228489214798679,-0.0633615847068544,0.167645999417671,-0.165127630091825,0.028978032260918,NA,500
"Federated IPW (no cloning)","RD",15,-0.7,"low","s1:N(-0.250,0.950^2),Bern(0.350);s2:N(-0.125,0.975^2),Bern(0.375);s3:N(0.000,1.000^2),Bern(0.400);s4:N(0.125,1.025^2),Bern(0.425);s5:N(0.250,1.050^2),Bern(0.450)",25,"900/950/1000/1050/1100","-3.25/-3.125/-3/-2.875/-2.75",-0.266103634930172,-0.0546767343939706,0.213242692313705,-0.211426900536202,0.0277967060744547,NA,500
"Federated IPW (no cloning)","RD",5,-0.5,"low","s1:N(-0.250,0.950^2),Bern(0.350);s2:N(-0.125,0.975^2),Bern(0.375);s3:N(0.000,1.000^2),Bern(0.400);s4:N(0.125,1.025^2),Bern(0.425);s5:N(0.250,1.050^2),Bern(0.450)",25,"900/950/1000/1050/1100","-3.25/-3.125/-3/-2.875/-2.75",-0.133766774623263,-0.0560165021695364,0.0860111064570331,-0.0777502724537269,0.0368173410302182,NA,500
"Federated IPW (no cloning)","RD",10,-0.5,"low","s1:N(-0.250,0.950^2),Bern(0.350);s2:N(-0.125,0.975^2),Bern(0.375);s3:N(0.000,1.000^2),Bern(0.400);s4:N(0.125,1.025^2),Bern(0.425);s5:N(0.250,1.050^2),Bern(0.450)",25,"900/950/1000/1050/1100","-3.25/-3.125/-3/-2.875/-2.75",-0.188421085754503,-0.0456299445718131,0.146217321750509,-0.14279114118269,0.0314988815470365,NA,500
"Federated IPW (no cloning)","RD",15,-0.5,"low","s1:N(-0.250,0.950^2),Bern(0.350);s2:N(-0.125,0.975^2),Bern(0.375);s3:N(0.000,1.000^2),Bern(0.400);s4:N(0.125,1.025^2),Bern(0.425);s5:N(0.250,1.050^2),Bern(0.450)",25,"900/950/1000/1050/1100","-3.25/-3.125/-3/-2.875/-2.75",-0.224763265095122,-0.0387371110188105,0.188211527895016,-0.186026154076311,0.0286267044657621,NA,500
"Federated IPW (no cloning)","RD",5,-1,"moderate","s1:N(-0.750,0.850^2),Bern(0.200);s2:N(-0.375,0.925^2),Bern(0.300);s3:N(0.000,1.000^2),Bern(0.400);s4:N(0.375,1.075^2),Bern(0.500);s5:N(0.750,1.150^2),Bern(0.600)",25,"600/800/1000/1200/1400","-3.75/-3.375/-3/-2.625/-2.25",-0.22285384802263,-0.10941232414787,0.119618129784232,-0.11344152387476,0.0379789736423653,NA,500
"Federated IPW (no cloning)","RD",10,-1,"moderate","s1:N(-0.750,0.850^2),Bern(0.200);s2:N(-0.375,0.925^2),Bern(0.300);s3:N(0.000,1.000^2),Bern(0.400);s4:N(0.375,1.075^2),Bern(0.500);s5:N(0.750,1.150^2),Bern(0.600)",25,"600/800/1000/1200/1400","-3.75/-3.375/-3/-2.625/-2.25",-0.271567883243814,-0.0887718355187298,0.185665158419191,-0.182796047725084,0.0325464980602222,NA,500
"Federated IPW (no cloning)","RD",15,-1,"moderate","s1:N(-0.750,0.850^2),Bern(0.200);s2:N(-0.375,0.925^2),Bern(0.300);s3:N(0.000,1.000^2),Bern(0.400);s4:N(0.375,1.075^2),Bern(0.500);s5:N(0.750,1.150^2),Bern(0.600)",25,"600/800/1000/1200/1400","-3.75/-3.375/-3/-2.625/-2.25",-0.30752146019924,-0.0778944445739651,0.232005026533509,-0.229627015625275,0.0331657347841346,NA,500
"Federated IPW (no cloning)","RD",5,-0.7,"moderate","s1:N(-0.750,0.850^2),Bern(0.200);s2:N(-0.375,0.925^2),Bern(0.300);s3:N(0.000,1.000^2),Bern(0.400);s4:N(0.375,1.075^2),Bern(0.500);s5:N(0.750,1.150^2),Bern(0.600)",25,"600/800/1000/1200/1400","-3.75/-3.375/-3/-2.625/-2.25",-0.165546453678331,-0.0737927422685225,0.100410815153495,-0.0917537114098084,0.0408279571677039,NA,500
"Federated IPW (no cloning)","RD",10,-0.7,"moderate","s1:N(-0.750,0.850^2),Bern(0.200);s2:N(-0.375,0.925^2),Bern(0.300);s3:N(0.000,1.000^2),Bern(0.400);s4:N(0.375,1.075^2),Bern(0.500);s5:N(0.750,1.150^2),Bern(0.600)",25,"600/800/1000/1200/1400","-3.75/-3.375/-3/-2.625/-2.25",-0.218658498082715,-0.0590560914756272,0.164491321137202,-0.159602406607088,0.039845223281147,NA,500
"Federated IPW (no cloning)","RD",15,-0.7,"moderate","s1:N(-0.750,0.850^2),Bern(0.200);s2:N(-0.375,0.925^2),Bern(0.300);s3:N(0.000,1.000^2),Bern(0.400);s4:N(0.375,1.075^2),Bern(0.500);s5:N(0.750,1.150^2),Bern(0.600)",25,"600/800/1000/1200/1400","-3.75/-3.375/-3/-2.625/-2.25",-0.249889041576899,-0.0528588606292398,0.200007359058819,-0.197030180947659,0.0344154080906229,NA,500
"Federated IPW (no cloning)","RD",5,-0.5,"moderate","s1:N(-0.750,0.850^2),Bern(0.200);s2:N(-0.375,0.925^2),Bern(0.300);s3:N(0.000,1.000^2),Bern(0.400);s4:N(0.375,1.075^2),Bern(0.500);s5:N(0.750,1.150^2),Bern(0.600)",25,"600/800/1000/1200/1400","-3.75/-3.375/-3/-2.625/-2.25",-0.131076051645811,-0.0513363981100231,0.0902278971845076,-0.0797396535357882,0.0422638563246825,NA,500
"Federated IPW (no cloning)","RD",10,-0.5,"moderate","s1:N(-0.750,0.850^2),Bern(0.200);s2:N(-0.375,0.925^2),Bern(0.300);s3:N(0.000,1.000^2),Bern(0.400);s4:N(0.375,1.075^2),Bern(0.500);s5:N(0.750,1.150^2),Bern(0.600)",25,"600/800/1000/1200/1400","-3.75/-3.375/-3/-2.625/-2.25",-0.178856778167898,-0.0405500510502842,0.143538259650192,-0.138306727117613,0.0384374308402505,NA,500
"Federated IPW (no cloning)","RD",15,-0.5,"moderate","s1:N(-0.750,0.850^2),Bern(0.200);s2:N(-0.375,0.925^2),Bern(0.300);s3:N(0.000,1.000^2),Bern(0.400);s4:N(0.375,1.075^2),Bern(0.500);s5:N(0.750,1.150^2),Bern(0.600)",25,"600/800/1000/1200/1400","-3.75/-3.375/-3/-2.625/-2.25",-0.211427312460195,-0.0366905964766824,0.178093496742371,-0.174736715983513,0.0344491968491177,NA,500
"Federated per-protocol (unweighted)","RD",5,-1,"high","s1:N(-1.500,0.700^2),Bern(0.100);s2:N(-0.750,0.850^2),Bern(0.250);s3:N(0.000,1.000^2),Bern(0.400);s4:N(0.750,1.150^2),Bern(0.550);s5:N(1.500,1.300^2),Bern(0.700)",25,"400/600/800/1200/2000","-4.5/-3.75/-3/-2.25/-1.5",0.166058097633282,-0.0803449440867667,0.246592249330886,0.246403041720049,0.00966775009802703,NA,500
"Federated per-protocol (unweighted)","RD",10,-1,"high","s1:N(-1.500,0.700^2),Bern(0.100);s2:N(-0.750,0.850^2),Bern(0.250);s3:N(0.000,1.000^2),Bern(0.400);s4:N(0.750,1.150^2),Bern(0.550);s5:N(1.500,1.300^2),Bern(0.700)",25,"400/600/800/1200/2000","-4.5/-3.75/-3/-2.25/-1.5",0.147992011773426,-0.0733549086408174,0.22156064342562,0.221346920414243,0.00973905728389824,NA,500
"Federated per-protocol (unweighted)","RD",15,-1,"high","s1:N(-1.500,0.700^2),Bern(0.100);s2:N(-0.750,0.850^2),Bern(0.250);s3:N(0.000,1.000^2),Bern(0.400);s4:N(0.750,1.150^2),Bern(0.550);s5:N(1.500,1.300^2),Bern(0.700)",25,"400/600/800/1200/2000","-4.5/-3.75/-3/-2.25/-1.5",0.129731429809483,-0.0744766531481054,0.204487842731278,0.204208082957588,0.0107035419979234,NA,500
"Federated per-protocol (unweighted)","RD",5,-0.7,"high","s1:N(-1.500,0.700^2),Bern(0.100);s2:N(-0.750,0.850^2),Bern(0.250);s3:N(0.000,1.000^2),Bern(0.400);s4:N(0.750,1.150^2),Bern(0.550);s5:N(1.500,1.300^2),Bern(0.700)",25,"400/600/800/1200/2000","-4.5/-3.75/-3/-2.25/-1.5",0.186728796071837,-0.0563564235631056,0.243263795208757,0.243085219634942,0.00932867099888532,NA,500
"Federated per-protocol (unweighted)","RD",10,-0.7,"high","s1:N(-1.500,0.700^2),Bern(0.100);s2:N(-0.750,0.850^2),Bern(0.250);s3:N(0.000,1.000^2),Bern(0.400);s4:N(0.750,1.150^2),Bern(0.550);s5:N(1.500,1.300^2),Bern(0.700)",25,"400/600/800/1200/2000","-4.5/-3.75/-3/-2.25/-1.5",0.171767619213401,-0.0500106692994288,0.221965634194559,0.221778288512829,0.009126889279963,NA,500
"Federated per-protocol (unweighted)","RD",15,-0.7,"high","s1:N(-1.500,0.700^2),Bern(0.100);s2:N(-0.750,0.850^2),Bern(0.250);s3:N(0.000,1.000^2),Bern(0.400);s4:N(0.750,1.150^2),Bern(0.550);s5:N(1.500,1.300^2),Bern(0.700)",25,"400/600/800/1200/2000","-4.5/-3.75/-3/-2.25/-1.5",0.154455103654077,-0.0455425306285117,0.200283857817069,0.199997634282589,0.0107144567114282,NA,500
"Federated per-protocol (unweighted)","RD",5,-0.5,"high","s1:N(-1.500,0.700^2),Bern(0.100);s2:N(-0.750,0.850^2),Bern(0.250);s3:N(0.000,1.000^2),Bern(0.400);s4:N(0.750,1.150^2),Bern(0.550);s5:N(1.500,1.300^2),Bern(0.700)",25,"400/600/800/1200/2000","-4.5/-3.75/-3/-2.25/-1.5",0.196757795218131,-0.0387073509296585,0.235633576708036,0.23546514614779,0.00891663808234689,NA,500
"Federated per-protocol (unweighted)","RD",10,-0.5,"high","s1:N(-1.500,0.700^2),Bern(0.100);s2:N(-0.750,0.850^2),Bern(0.250);s3:N(0.000,1.000^2),Bern(0.400);s4:N(0.750,1.150^2),Bern(0.550);s5:N(1.500,1.300^2),Bern(0.700)",25,"400/600/800/1200/2000","-4.5/-3.75/-3/-2.25/-1.5",0.184448212522859,-0.0349553447683074,0.21962024934024,0.219403557291167,0.00976338135493734,NA,500
"Federated per-protocol (unweighted)","RD",15,-0.5,"high","s1:N(-1.500,0.700^2),Bern(0.100);s2:N(-0.750,0.850^2),Bern(0.250);s3:N(0.000,1.000^2),Bern(0.400);s4:N(0.750,1.150^2),Bern(0.550);s5:N(1.500,1.300^2),Bern(0.700)",25,"400/600/800/1200/2000","-4.5/-3.75/-3/-2.25/-1.5",0.168613083611547,-0.0316443637166509,0.200478689217396,0.200257447328198,0.00942535381343112,NA,500
"Federated per-protocol (unweighted)","RD",5,-1,"low","s1:N(-0.250,0.950^2),Bern(0.350);s2:N(-0.125,0.975^2),Bern(0.375);s3:N(0.000,1.000^2),Bern(0.400);s4:N(0.125,1.025^2),Bern(0.425);s5:N(0.250,1.050^2),Bern(0.450)",25,"900/950/1000/1050/1100","-3.25/-3.125/-3/-2.875/-2.75",0.016979001200986,-0.121209514418316,0.138743437013853,0.138188515619302,0.0124090060929749,NA,500
"Federated per-protocol (unweighted)","RD",10,-1,"low","s1:N(-0.250,0.950^2),Bern(0.350);s2:N(-0.125,0.975^2),Bern(0.375);s3:N(0.000,1.000^2),Bern(0.400);s4:N(0.125,1.025^2),Bern(0.425);s5:N(0.250,1.050^2),Bern(0.450)",25,"900/950/1000/1050/1100","-3.25/-3.125/-3/-2.875/-2.75",-0.0251984859742492,-0.0929233866391016,0.068848378460748,0.0677249006648524,0.0123993764230957,NA,500
"Federated per-protocol (unweighted)","RD",15,-1,"low","s1:N(-0.250,0.950^2),Bern(0.350);s2:N(-0.125,0.975^2),Bern(0.375);s3:N(0.000,1.000^2),Bern(0.400);s4:N(0.125,1.025^2),Bern(0.425);s5:N(0.250,1.050^2),Bern(0.450)",25,"900/950/1000/1050/1100","-3.25/-3.125/-3/-2.875/-2.75",-0.0609118981285992,-0.0788119481791563,0.0215257917844551,0.0179000500505571,0.0119680570233055,NA,500
"Federated per-protocol (unweighted)","RD",5,-0.7,"low","s1:N(-0.250,0.950^2),Bern(0.350);s2:N(-0.125,0.975^2),Bern(0.375);s3:N(0.000,1.000^2),Bern(0.400);s4:N(0.125,1.025^2),Bern(0.425);s5:N(0.250,1.050^2),Bern(0.450)",25,"900/950/1000/1050/1100","-3.25/-3.125/-3/-2.875/-2.75",0.0597803682621647,-0.080478480233834,0.140703366461376,0.140258848495999,0.0111867349221006,NA,500
"Federated per-protocol (unweighted)","RD",10,-0.7,"low","s1:N(-0.250,0.950^2),Bern(0.350);s2:N(-0.125,0.975^2),Bern(0.375);s3:N(0.000,1.000^2),Bern(0.400);s4:N(0.125,1.025^2),Bern(0.425);s5:N(0.250,1.050^2),Bern(0.450)",25,"900/950/1000/1050/1100","-3.25/-3.125/-3/-2.875/-2.75",0.0230592943106843,-0.0633615847068544,0.087150468543075,0.0864208790175386,0.0112645291222558,NA,500
"Federated per-protocol (unweighted)","RD",15,-0.7,"low","s1:N(-0.250,0.950^2),Bern(0.350);s2:N(-0.125,0.975^2),Bern(0.375);s3:N(0.000,1.000^2),Bern(0.400);s4:N(0.125,1.025^2),Bern(0.425);s5:N(0.250,1.050^2),Bern(0.450)",25,"900/950/1000/1050/1100","-3.25/-3.125/-3/-2.875/-2.75",-0.0109420564077038,-0.0546767343939706,0.0451861927541507,0.0437346779862667,0.0113722739274683,NA,500
"Federated per-protocol (unweighted)","RD",5,-0.5,"low","s1:N(-0.250,0.950^2),Bern(0.350);s2:N(-0.125,0.975^2),Bern(0.375);s3:N(0.000,1.000^2),Bern(0.400);s4:N(0.125,1.025^2),Bern(0.425);s5:N(0.250,1.050^2),Bern(0.450)",25,"900/950/1000/1050/1100","-3.25/-3.125/-3/-2.875/-2.75",0.0832862270323227,-0.0560165021695364,0.139663518734688,0.139302729201859,0.0100424002047293,NA,500
"Federated per-protocol (unweighted)","RD",10,-0.5,"low","s1:N(-0.250,0.950^2),Bern(0.350);s2:N(-0.125,0.975^2),Bern(0.375);s3:N(0.000,1.000^2),Bern(0.400);s4:N(0.125,1.025^2),Bern(0.425);s5:N(0.250,1.050^2),Bern(0.450)",25,"900/950/1000/1050/1100","-3.25/-3.125/-3/-2.875/-2.75",0.0516808830470824,-0.0456299445718131,0.0979139820769859,0.0973108276188955,0.0108621677244123,NA,500
"Federated per-protocol (unweighted)","RD",15,-0.5,"low","s1:N(-0.250,0.950^2),Bern(0.350);s2:N(-0.125,0.975^2),Bern(0.375);s3:N(0.000,1.000^2),Bern(0.400);s4:N(0.125,1.025^2),Bern(0.425);s5:N(0.250,1.050^2),Bern(0.450)",25,"900/950/1000/1050/1100","-3.25/-3.125/-3/-2.875/-2.75",0.0204501716994921,-0.0387371110188105,0.0603674746702792,0.0591872827183026,0.0118903457955096,NA,500
"Federated per-protocol (unweighted)","RD",5,-1,"moderate","s1:N(-0.750,0.850^2),Bern(0.200);s2:N(-0.375,0.925^2),Bern(0.300);s3:N(0.000,1.000^2),Bern(0.400);s4:N(0.375,1.075^2),Bern(0.500);s5:N(0.750,1.150^2),Bern(0.600)",25,"600/800/1000/1200/1400","-3.75/-3.375/-3/-2.625/-2.25",0.0699513039998647,-0.10941232414787,0.17966404981991,0.179363628147734,0.0103959533986279,NA,500
"Federated per-protocol (unweighted)","RD",10,-1,"moderate","s1:N(-0.750,0.850^2),Bern(0.200);s2:N(-0.375,0.925^2),Bern(0.300);s3:N(0.000,1.000^2),Bern(0.400);s4:N(0.375,1.075^2),Bern(0.500);s5:N(0.750,1.150^2),Bern(0.600)",25,"600/800/1000/1200/1400","-3.75/-3.375/-3/-2.625/-2.25",0.0340835237311507,-0.0887718355187298,0.123315971283653,0.12285535924988,0.0106591139704447,NA,500
"Federated per-protocol (unweighted)","RD",15,-1,"moderate","s1:N(-0.750,0.850^2),Bern(0.200);s2:N(-0.375,0.925^2),Bern(0.300);s3:N(0.000,1.000^2),Bern(0.400);s4:N(0.375,1.075^2),Bern(0.500);s5:N(0.750,1.150^2),Bern(0.600)",25,"600/800/1000/1200/1400","-3.75/-3.375/-3/-2.625/-2.25",0.00245371891458221,-0.0778944445739651,0.0811432569263849,0.0803481634885473,0.0113427547275167,NA,500
"Federated per-protocol (unweighted)","RD",5,-0.7,"moderate","s1:N(-0.750,0.850^2),Bern(0.200);s2:N(-0.375,0.925^2),Bern(0.300);s3:N(0.000,1.000^2),Bern(0.400);s4:N(0.375,1.075^2),Bern(0.500);s5:N(0.750,1.150^2),Bern(0.600)",25,"600/800/1000/1200/1400","-3.75/-3.375/-3/-2.625/-2.25",0.103942555449636,-0.0737927422685225,0.177999755464156,0.177735297718159,0.0097090381181305,NA,500
"Federated per-protocol (unweighted)","RD",10,-0.7,"moderate","s1:N(-0.750,0.850^2),Bern(0.200);s2:N(-0.375,0.925^2),Bern(0.300);s3:N(0.000,1.000^2),Bern(0.400);s4:N(0.375,1.075^2),Bern(0.500);s5:N(0.750,1.150^2),Bern(0.600)",25,"600/800/1000/1200/1400","-3.75/-3.375/-3/-2.625/-2.25",0.0728844503450905,-0.0590560914756272,0.132369360481397,0.131940541820718,0.0106568360510361,NA,500
"Federated per-protocol (unweighted)","RD",15,-0.7,"moderate","s1:N(-0.750,0.850^2),Bern(0.200);s2:N(-0.375,0.925^2),Bern(0.300);s3:N(0.000,1.000^2),Bern(0.400);s4:N(0.375,1.075^2),Bern(0.500);s5:N(0.750,1.150^2),Bern(0.600)",25,"600/800/1000/1200/1400","-3.75/-3.375/-3/-2.625/-2.25",0.0434523069831864,-0.0528588606292398,0.0969544666876116,0.0963111676124263,0.0111613958502046,NA,500
"Federated per-protocol (unweighted)","RD",5,-0.5,"moderate","s1:N(-0.750,0.850^2),Bern(0.200);s2:N(-0.375,0.925^2),Bern(0.300);s3:N(0.000,1.000^2),Bern(0.400);s4:N(0.375,1.075^2),Bern(0.500);s5:N(0.750,1.150^2),Bern(0.600)",25,"600/800/1000/1200/1400","-3.75/-3.375/-3/-2.625/-2.25",0.121948148759091,-0.0513363981100231,0.173572014790118,0.173284546869114,0.00999549671481414,NA,500
"Federated per-protocol (unweighted)","RD",10,-0.5,"moderate","s1:N(-0.750,0.850^2),Bern(0.200);s2:N(-0.375,0.925^2),Bern(0.300);s3:N(0.000,1.000^2),Bern(0.400);s4:N(0.375,1.075^2),Bern(0.500);s5:N(0.750,1.150^2),Bern(0.600)",25,"600/800/1000/1200/1400","-3.75/-3.375/-3/-2.625/-2.25",0.0961254152887015,-0.0405500510502842,0.137031159836963,0.136675466338986,0.00987677927371406,NA,500
"Federated per-protocol (unweighted)","RD",15,-0.5,"moderate","s1:N(-0.750,0.850^2),Bern(0.200);s2:N(-0.375,0.925^2),Bern(0.300);s3:N(0.000,1.000^2),Bern(0.400);s4:N(0.375,1.075^2),Bern(0.500);s5:N(0.750,1.150^2),Bern(0.600)",25,"600/800/1000/1200/1400","-3.75/-3.375/-3/-2.625/-2.25",0.0680793193473276,-0.0366905964766824,0.105273118305268,0.10476991582401,0.0102910634980374,NA,500
"Federated CCW","RR",5,-1,"high","s1:N(-1.500,0.700^2),Bern(0.100);s2:N(-0.750,0.850^2),Bern(0.250);s3:N(0.000,1.000^2),Bern(0.400);s4:N(0.750,1.150^2),Bern(0.550);s5:N(1.500,1.300^2),Bern(0.700)",25,"400/600/800/1200/2000","-4.5/-3.75/-3/-2.25/-1.5",0.920486425584329,0.907016069652058,0.0521240124087151,0.013470355932271,0.0504038021103187,0.814,500
"Federated CCW","RR",10,-1,"high","s1:N(-1.500,0.700^2),Bern(0.100);s2:N(-0.750,0.850^2),Bern(0.250);s3:N(0.000,1.000^2),Bern(0.400);s4:N(0.750,1.150^2),Bern(0.550);s5:N(1.500,1.300^2),Bern(0.700)",25,"400/600/800/1200/2000","-4.5/-3.75/-3/-2.25/-1.5",0.930748377146851,0.915394517244712,0.0422840873098606,0.015353859902139,0.0394374650939874,0.83,500
"Federated CCW","RR",15,-1,"high","s1:N(-1.500,0.700^2),Bern(0.100);s2:N(-0.750,0.850^2),Bern(0.250);s3:N(0.000,1.000^2),Bern(0.400);s4:N(0.750,1.150^2),Bern(0.550);s5:N(1.500,1.300^2),Bern(0.700)",25,"400/600/800/1200/2000","-4.5/-3.75/-3/-2.25/-1.5",0.938400069304161,0.914555088239016,0.0419908655244748,0.0238449810651449,0.0345983200893254,0.762,500
"Federated CCW","RR",5,-0.7,"high","s1:N(-1.500,0.700^2),Bern(0.100);s2:N(-0.750,0.850^2),Bern(0.250);s3:N(0.000,1.000^2),Bern(0.400);s4:N(0.750,1.150^2),Bern(0.550);s5:N(1.500,1.300^2),Bern(0.700)",25,"400/600/800/1200/2000","-4.5/-3.75/-3/-2.25/-1.5",0.957377811986121,0.93503224368507,0.0533187564563055,0.0223455683010507,0.0484588680339539,0.78,500
"Federated CCW","RR",10,-0.7,"high","s1:N(-1.500,0.700^2),Bern(0.100);s2:N(-0.750,0.850^2),Bern(0.250);s3:N(0.000,1.000^2),Bern(0.400);s4:N(0.750,1.150^2),Bern(0.550);s5:N(1.500,1.300^2),Bern(0.700)",25,"400/600/800/1200/2000","-4.5/-3.75/-3/-2.25/-1.5",0.961778122870934,0.942230071291501,0.0441537241964468,0.0195480515794328,0.0396303693170799,0.802,500
"Federated CCW","RR",15,-0.7,"high","s1:N(-1.500,0.700^2),Bern(0.100);s2:N(-0.750,0.850^2),Bern(0.250);s3:N(0.000,1.000^2),Bern(0.400);s4:N(0.750,1.150^2),Bern(0.550);s5:N(1.500,1.300^2),Bern(0.700)",25,"400/600/800/1200/2000","-4.5/-3.75/-3/-2.25/-1.5",0.963580126841137,0.947360575797163,0.0378807205356969,0.0162195510439745,0.0342669461644067,0.828,500
"Federated CCW","RR",5,-0.5,"high","s1:N(-1.500,0.700^2),Bern(0.100);s2:N(-0.750,0.850^2),Bern(0.250);s3:N(0.000,1.000^2),Bern(0.400);s4:N(0.750,1.150^2),Bern(0.550);s5:N(1.500,1.300^2),Bern(0.700)",25,"400/600/800/1200/2000","-4.5/-3.75/-3/-2.25/-1.5",0.977315271956419,0.955229248222599,0.0526040647558245,0.0220860237338203,0.0477908266373942,0.772,500
"Federated CCW","RR",10,-0.5,"high","s1:N(-1.500,0.700^2),Bern(0.100);s2:N(-0.750,0.850^2),Bern(0.250);s3:N(0.000,1.000^2),Bern(0.400);s4:N(0.750,1.150^2),Bern(0.550);s5:N(1.500,1.300^2),Bern(0.700)",25,"400/600/800/1200/2000","-4.5/-3.75/-3/-2.25/-1.5",0.97890407101866,0.959531341414251,0.0465823189608857,0.0193727296044091,0.0424052614642079,0.806,500
"Federated CCW","RR",15,-0.5,"high","s1:N(-1.500,0.700^2),Bern(0.100);s2:N(-0.750,0.850^2),Bern(0.250);s3:N(0.000,1.000^2),Bern(0.400);s4:N(0.750,1.150^2),Bern(0.550);s5:N(1.500,1.300^2),Bern(0.700)",25,"400/600/800/1200/2000","-4.5/-3.75/-3/-2.25/-1.5",0.983575288050412,0.963286965673481,0.0422971482877206,0.02028832237693,0.0371509503866651,0.784,500
"Federated CCW","RR",5,-1,"low","s1:N(-0.250,0.950^2),Bern(0.350);s2:N(-0.125,0.975^2),Bern(0.375);s3:N(0.000,1.000^2),Bern(0.400);s4:N(0.125,1.025^2),Bern(0.425);s5:N(0.250,1.050^2),Bern(0.450)",25,"900/950/1000/1050/1100","-3.25/-3.125/-3/-2.875/-2.75",0.85854080675007,0.857180507529433,0.0278203743601662,0.00136029922063696,0.0278149268537936,0.942,500
"Federated CCW","RR",10,-1,"low","s1:N(-0.250,0.950^2),Bern(0.350);s2:N(-0.125,0.975^2),Bern(0.375);s3:N(0.000,1.000^2),Bern(0.400);s4:N(0.125,1.025^2),Bern(0.425);s5:N(0.250,1.050^2),Bern(0.450)",25,"900/950/1000/1050/1100","-3.25/-3.125/-3/-2.875/-2.75",0.890445411605546,0.890476697486892,0.0188027679947637,-3.12858813456154e-05,0.0188215729596623,0.956,500
"Federated CCW","RR",15,-1,"low","s1:N(-0.250,0.950^2),Bern(0.350);s2:N(-0.125,0.975^2),Bern(0.375);s3:N(0.000,1.000^2),Bern(0.400);s4:N(0.125,1.025^2),Bern(0.425);s5:N(0.250,1.050^2),Bern(0.450)",25,"900/950/1000/1050/1100","-3.25/-3.125/-3/-2.875/-2.75",0.906210914682319,0.907076253052969,0.0155004088990973,-0.000865338370649864,0.0154917349980561,0.972,500
"Federated CCW","RR",5,-0.7,"low","s1:N(-0.250,0.950^2),Bern(0.350);s2:N(-0.125,0.975^2),Bern(0.375);s3:N(0.000,1.000^2),Bern(0.400);s4:N(0.125,1.025^2),Bern(0.425);s5:N(0.250,1.050^2),Bern(0.450)",25,"900/950/1000/1050/1100","-3.25/-3.125/-3/-2.875/-2.75",0.905251011339979,0.905117562648009,0.0289569916158603,0.000133448691969379,0.0289856843058254,0.944,500
"Federated CCW","RR",10,-0.7,"low","s1:N(-0.250,0.950^2),Bern(0.350);s2:N(-0.125,0.975^2),Bern(0.375);s3:N(0.000,1.000^2),Bern(0.400);s4:N(0.125,1.025^2),Bern(0.425);s5:N(0.250,1.050^2),Bern(0.450)",25,"900/950/1000/1050/1100","-3.25/-3.125/-3/-2.875/-2.75",0.925163150532239,0.925346343618123,0.0198917506534826,-0.000183193085884167,0.0199108278704474,0.96,500
"Federated CCW","RR",15,-0.7,"low","s1:N(-0.250,0.950^2),Bern(0.350);s2:N(-0.125,0.975^2),Bern(0.375);s3:N(0.000,1.000^2),Bern(0.400);s4:N(0.125,1.025^2),Bern(0.425);s5:N(0.250,1.050^2),Bern(0.450)",25,"900/950/1000/1050/1100","-3.25/-3.125/-3/-2.875/-2.75",0.935255390816243,0.935591483945498,0.0169498427194058,-0.000336093129255099,0.0169634822215021,0.944,500
"Federated CCW","RR",5,-0.5,"low","s1:N(-0.250,0.950^2),Bern(0.350);s2:N(-0.125,0.975^2),Bern(0.375);s3:N(0.000,1.000^2),Bern(0.400);s4:N(0.125,1.025^2),Bern(0.425);s5:N(0.250,1.050^2),Bern(0.450)",25,"900/950/1000/1050/1100","-3.25/-3.125/-3/-2.875/-2.75",0.934320532758332,0.933971537038957,0.0326693231313311,0.000348995719375505,0.0327001755164218,0.916,500
"Federated CCW","RR",10,-0.5,"low","s1:N(-0.250,0.950^2),Bern(0.350);s2:N(-0.125,0.975^2),Bern(0.375);s3:N(0.000,1.000^2),Bern(0.400);s4:N(0.125,1.025^2),Bern(0.425);s5:N(0.250,1.050^2),Bern(0.450)",25,"900/950/1000/1050/1100","-3.25/-3.125/-3/-2.875/-2.75",0.947363031732584,0.946230610028149,0.0223964014281627,0.00113242170443457,0.022390155339501,0.932,500
"Federated CCW","RR",15,-0.5,"low","s1:N(-0.250,0.950^2),Bern(0.350);s2:N(-0.125,0.975^2),Bern(0.375);s3:N(0.000,1.000^2),Bern(0.400);s4:N(0.125,1.025^2),Bern(0.425);s5:N(0.250,1.050^2),Bern(0.450)",25,"900/950/1000/1050/1100","-3.25/-3.125/-3/-2.875/-2.75",0.955443749292276,0.954359911710636,0.0175796262659099,0.00108383758163994,0.0175637560561314,0.946,500
"Federated CCW","RR",5,-1,"moderate","s1:N(-0.750,0.850^2),Bern(0.200);s2:N(-0.375,0.925^2),Bern(0.300);s3:N(0.000,1.000^2),Bern(0.400);s4:N(0.375,1.075^2),Bern(0.500);s5:N(0.750,1.150^2),Bern(0.600)",25,"600/800/1000/1200/1400","-3.75/-3.375/-3/-2.625/-2.25",0.874003722677707,0.871732435780869,0.0321502110374611,0.0022712868968379,0.0321019999749287,0.938,500
"Federated CCW","RR",10,-1,"moderate","s1:N(-0.750,0.850^2),Bern(0.200);s2:N(-0.375,0.925^2),Bern(0.300);s3:N(0.000,1.000^2),Bern(0.400);s4:N(0.375,1.075^2),Bern(0.500);s5:N(0.750,1.150^2),Bern(0.600)",25,"600/800/1000/1200/1400","-3.75/-3.375/-3/-2.625/-2.25",0.899842041039131,0.895913895761958,0.0229561285847968,0.00392814527717265,0.0226402003442197,0.934,500
"Federated CCW","RR",15,-1,"moderate","s1:N(-0.750,0.850^2),Bern(0.200);s2:N(-0.375,0.925^2),Bern(0.300);s3:N(0.000,1.000^2),Bern(0.400);s4:N(0.375,1.075^2),Bern(0.500);s5:N(0.750,1.150^2),Bern(0.600)",25,"600/800/1000/1200/1400","-3.75/-3.375/-3/-2.625/-2.25",0.908327570033032,0.908638445540591,0.0202281689856505,-0.000310875507559616,0.0202460361773019,0.942,500
"Federated CCW","RR",5,-0.7,"moderate","s1:N(-0.750,0.850^2),Bern(0.200);s2:N(-0.375,0.925^2),Bern(0.300);s3:N(0.000,1.000^2),Bern(0.400);s4:N(0.375,1.075^2),Bern(0.500);s5:N(0.750,1.150^2),Bern(0.600)",25,"600/800/1000/1200/1400","-3.75/-3.375/-3/-2.625/-2.25",0.916223835567119,0.913492432393883,0.0346802256891629,0.00273140317323555,0.0346071205989289,0.932,500
"Federated CCW","RR",10,-0.7,"moderate","s1:N(-0.750,0.850^2),Bern(0.200);s2:N(-0.375,0.925^2),Bern(0.300);s3:N(0.000,1.000^2),Bern(0.400);s4:N(0.375,1.075^2),Bern(0.500);s5:N(0.750,1.150^2),Bern(0.600)",25,"600/800/1000/1200/1400","-3.75/-3.375/-3/-2.625/-2.25",0.928825972295327,0.93074821112558,0.0293553534794026,-0.00192223883025387,0.0293216864858911,0.94,500
"Federated CCW","RR",15,-0.7,"moderate","s1:N(-0.750,0.850^2),Bern(0.200);s2:N(-0.375,0.925^2),Bern(0.300);s3:N(0.000,1.000^2),Bern(0.400);s4:N(0.375,1.075^2),Bern(0.500);s5:N(0.750,1.150^2),Bern(0.600)",25,"600/800/1000/1200/1400","-3.75/-3.375/-3/-2.625/-2.25",0.937772853414743,0.93801227068504,0.0223406138369114,-0.000239417270296943,0.0223617038164767,0.964,500
"Federated CCW","RR",5,-0.5,"moderate","s1:N(-0.750,0.850^2),Bern(0.200);s2:N(-0.375,0.925^2),Bern(0.300);s3:N(0.000,1.000^2),Bern(0.400);s4:N(0.375,1.075^2),Bern(0.500);s5:N(0.750,1.150^2),Bern(0.600)",25,"600/800/1000/1200/1400","-3.75/-3.375/-3/-2.625/-2.25",0.941386107397279,0.939815473558956,0.0367279445085709,0.0015706338383233,0.0367310953266898,0.91,500
"Federated CCW","RR",10,-0.5,"moderate","s1:N(-0.750,0.850^2),Bern(0.200);s2:N(-0.375,0.925^2),Bern(0.300);s3:N(0.000,1.000^2),Bern(0.400);s4:N(0.375,1.075^2),Bern(0.500);s5:N(0.750,1.150^2),Bern(0.600)",25,"600/800/1000/1200/1400","-3.75/-3.375/-3/-2.625/-2.25",0.953015271640319,0.952458991335507,0.0277076139724277,0.000556280304811988,0.0277297728962446,0.926,500
"Federated CCW","RR",15,-0.5,"moderate","s1:N(-0.750,0.850^2),Bern(0.200);s2:N(-0.375,0.925^2),Bern(0.300);s3:N(0.000,1.000^2),Bern(0.400);s4:N(0.375,1.075^2),Bern(0.500);s5:N(0.750,1.150^2),Bern(0.600)",25,"600/800/1000/1200/1400","-3.75/-3.375/-3/-2.625/-2.25",0.957837229602938,0.956971657461793,0.0214449370704022,0.000865572141144766,0.0214489212611851,0.94,500
"Pooled CCW (site-stratified)","RR",5,-1,"high","s1:N(-1.500,0.700^2),Bern(0.100);s2:N(-0.750,0.850^2),Bern(0.250);s3:N(0.000,1.000^2),Bern(0.400);s4:N(0.750,1.150^2),Bern(0.550);s5:N(1.500,1.300^2),Bern(0.700)",25,"400/600/800/1200/2000","-4.5/-3.75/-3/-2.25/-1.5",0.920486425584329,0.907016069652058,0.0521240124087151,0.013470355932271,0.0504038021103187,0.814,500
"Pooled CCW (site-stratified)","RR",10,-1,"high","s1:N(-1.500,0.700^2),Bern(0.100);s2:N(-0.750,0.850^2),Bern(0.250);s3:N(0.000,1.000^2),Bern(0.400);s4:N(0.750,1.150^2),Bern(0.550);s5:N(1.500,1.300^2),Bern(0.700)",25,"400/600/800/1200/2000","-4.5/-3.75/-3/-2.25/-1.5",0.930748377146851,0.915394517244712,0.0422840873098606,0.015353859902139,0.0394374650939874,0.83,500
"Pooled CCW (site-stratified)","RR",15,-1,"high","s1:N(-1.500,0.700^2),Bern(0.100);s2:N(-0.750,0.850^2),Bern(0.250);s3:N(0.000,1.000^2),Bern(0.400);s4:N(0.750,1.150^2),Bern(0.550);s5:N(1.500,1.300^2),Bern(0.700)",25,"400/600/800/1200/2000","-4.5/-3.75/-3/-2.25/-1.5",0.938400069304161,0.914555088239016,0.0419908655244748,0.0238449810651449,0.0345983200893254,0.762,500
"Pooled CCW (site-stratified)","RR",5,-0.7,"high","s1:N(-1.500,0.700^2),Bern(0.100);s2:N(-0.750,0.850^2),Bern(0.250);s3:N(0.000,1.000^2),Bern(0.400);s4:N(0.750,1.150^2),Bern(0.550);s5:N(1.500,1.300^2),Bern(0.700)",25,"400/600/800/1200/2000","-4.5/-3.75/-3/-2.25/-1.5",0.957377811986121,0.93503224368507,0.0533187564563055,0.0223455683010507,0.0484588680339539,0.78,500
"Pooled CCW (site-stratified)","RR",10,-0.7,"high","s1:N(-1.500,0.700^2),Bern(0.100);s2:N(-0.750,0.850^2),Bern(0.250);s3:N(0.000,1.000^2),Bern(0.400);s4:N(0.750,1.150^2),Bern(0.550);s5:N(1.500,1.300^2),Bern(0.700)",25,"400/600/800/1200/2000","-4.5/-3.75/-3/-2.25/-1.5",0.961778122870934,0.942230071291501,0.0441537241964468,0.0195480515794328,0.0396303693170799,0.802,500
"Pooled CCW (site-stratified)","RR",15,-0.7,"high","s1:N(-1.500,0.700^2),Bern(0.100);s2:N(-0.750,0.850^2),Bern(0.250);s3:N(0.000,1.000^2),Bern(0.400);s4:N(0.750,1.150^2),Bern(0.550);s5:N(1.500,1.300^2),Bern(0.700)",25,"400/600/800/1200/2000","-4.5/-3.75/-3/-2.25/-1.5",0.963580126841137,0.947360575797163,0.0378807205356969,0.0162195510439745,0.0342669461644067,0.828,500
"Pooled CCW (site-stratified)","RR",5,-0.5,"high","s1:N(-1.500,0.700^2),Bern(0.100);s2:N(-0.750,0.850^2),Bern(0.250);s3:N(0.000,1.000^2),Bern(0.400);s4:N(0.750,1.150^2),Bern(0.550);s5:N(1.500,1.300^2),Bern(0.700)",25,"400/600/800/1200/2000","-4.5/-3.75/-3/-2.25/-1.5",0.977315271956419,0.955229248222599,0.0526040647558245,0.0220860237338203,0.0477908266373942,0.772,500
"Pooled CCW (site-stratified)","RR",10,-0.5,"high","s1:N(-1.500,0.700^2),Bern(0.100);s2:N(-0.750,0.850^2),Bern(0.250);s3:N(0.000,1.000^2),Bern(0.400);s4:N(0.750,1.150^2),Bern(0.550);s5:N(1.500,1.300^2),Bern(0.700)",25,"400/600/800/1200/2000","-4.5/-3.75/-3/-2.25/-1.5",0.97890407101866,0.959531341414251,0.0465823189608857,0.0193727296044091,0.0424052614642079,0.806,500
"Pooled CCW (site-stratified)","RR",15,-0.5,"high","s1:N(-1.500,0.700^2),Bern(0.100);s2:N(-0.750,0.850^2),Bern(0.250);s3:N(0.000,1.000^2),Bern(0.400);s4:N(0.750,1.150^2),Bern(0.550);s5:N(1.500,1.300^2),Bern(0.700)",25,"400/600/800/1200/2000","-4.5/-3.75/-3/-2.25/-1.5",0.983575288050412,0.963286965673481,0.0422971482877206,0.02028832237693,0.0371509503866651,0.784,500
"Pooled CCW (site-stratified)","RR",5,-1,"low","s1:N(-0.250,0.950^2),Bern(0.350);s2:N(-0.125,0.975^2),Bern(0.375);s3:N(0.000,1.000^2),Bern(0.400);s4:N(0.125,1.025^2),Bern(0.425);s5:N(0.250,1.050^2),Bern(0.450)",25,"900/950/1000/1050/1100","-3.25/-3.125/-3/-2.875/-2.75",0.85854080675007,0.857180507529433,0.0278203743601662,0.00136029922063696,0.0278149268537936,0.942,500
"Pooled CCW (site-stratified)","RR",10,-1,"low","s1:N(-0.250,0.950^2),Bern(0.350);s2:N(-0.125,0.975^2),Bern(0.375);s3:N(0.000,1.000^2),Bern(0.400);s4:N(0.125,1.025^2),Bern(0.425);s5:N(0.250,1.050^2),Bern(0.450)",25,"900/950/1000/1050/1100","-3.25/-3.125/-3/-2.875/-2.75",0.890445411605546,0.890476697486892,0.0188027679947637,-3.12858813456154e-05,0.0188215729596623,0.956,500
"Pooled CCW (site-stratified)","RR",15,-1,"low","s1:N(-0.250,0.950^2),Bern(0.350);s2:N(-0.125,0.975^2),Bern(0.375);s3:N(0.000,1.000^2),Bern(0.400);s4:N(0.125,1.025^2),Bern(0.425);s5:N(0.250,1.050^2),Bern(0.450)",25,"900/950/1000/1050/1100","-3.25/-3.125/-3/-2.875/-2.75",0.906210914682319,0.907076253052969,0.0155004088990973,-0.000865338370649864,0.0154917349980561,0.972,500
"Pooled CCW (site-stratified)","RR",5,-0.7,"low","s1:N(-0.250,0.950^2),Bern(0.350);s2:N(-0.125,0.975^2),Bern(0.375);s3:N(0.000,1.000^2),Bern(0.400);s4:N(0.125,1.025^2),Bern(0.425);s5:N(0.250,1.050^2),Bern(0.450)",25,"900/950/1000/1050/1100","-3.25/-3.125/-3/-2.875/-2.75",0.905251011339979,0.905117562648009,0.0289569916158603,0.000133448691969379,0.0289856843058254,0.944,500
"Pooled CCW (site-stratified)","RR",10,-0.7,"low","s1:N(-0.250,0.950^2),Bern(0.350);s2:N(-0.125,0.975^2),Bern(0.375);s3:N(0.000,1.000^2),Bern(0.400);s4:N(0.125,1.025^2),Bern(0.425);s5:N(0.250,1.050^2),Bern(0.450)",25,"900/950/1000/1050/1100","-3.25/-3.125/-3/-2.875/-2.75",0.925163150532239,0.925346343618123,0.0198917506534826,-0.000183193085884167,0.0199108278704474,0.96,500
"Pooled CCW (site-stratified)","RR",15,-0.7,"low","s1:N(-0.250,0.950^2),Bern(0.350);s2:N(-0.125,0.975^2),Bern(0.375);s3:N(0.000,1.000^2),Bern(0.400);s4:N(0.125,1.025^2),Bern(0.425);s5:N(0.250,1.050^2),Bern(0.450)",25,"900/950/1000/1050/1100","-3.25/-3.125/-3/-2.875/-2.75",0.935255390816243,0.935591483945498,0.0169498427194058,-0.000336093129255099,0.0169634822215021,0.944,500
"Pooled CCW (site-stratified)","RR",5,-0.5,"low","s1:N(-0.250,0.950^2),Bern(0.350);s2:N(-0.125,0.975^2),Bern(0.375);s3:N(0.000,1.000^2),Bern(0.400);s4:N(0.125,1.025^2),Bern(0.425);s5:N(0.250,1.050^2),Bern(0.450)",25,"900/950/1000/1050/1100","-3.25/-3.125/-3/-2.875/-2.75",0.934320532758332,0.933971537038957,0.0326693231313311,0.000348995719375505,0.0327001755164218,0.916,500
"Pooled CCW (site-stratified)","RR",10,-0.5,"low","s1:N(-0.250,0.950^2),Bern(0.350);s2:N(-0.125,0.975^2),Bern(0.375);s3:N(0.000,1.000^2),Bern(0.400);s4:N(0.125,1.025^2),Bern(0.425);s5:N(0.250,1.050^2),Bern(0.450)",25,"900/950/1000/1050/1100","-3.25/-3.125/-3/-2.875/-2.75",0.947363031732584,0.946230610028149,0.0223964014281627,0.00113242170443457,0.022390155339501,0.932,500
"Pooled CCW (site-stratified)","RR",15,-0.5,"low","s1:N(-0.250,0.950^2),Bern(0.350);s2:N(-0.125,0.975^2),Bern(0.375);s3:N(0.000,1.000^2),Bern(0.400);s4:N(0.125,1.025^2),Bern(0.425);s5:N(0.250,1.050^2),Bern(0.450)",25,"900/950/1000/1050/1100","-3.25/-3.125/-3/-2.875/-2.75",0.955443749292276,0.954359911710636,0.0175796262659099,0.00108383758163994,0.0175637560561314,0.946,500
"Pooled CCW (site-stratified)","RR",5,-1,"moderate","s1:N(-0.750,0.850^2),Bern(0.200);s2:N(-0.375,0.925^2),Bern(0.300);s3:N(0.000,1.000^2),Bern(0.400);s4:N(0.375,1.075^2),Bern(0.500);s5:N(0.750,1.150^2),Bern(0.600)",25,"600/800/1000/1200/1400","-3.75/-3.375/-3/-2.625/-2.25",0.874003722677707,0.871732435780869,0.0321502110374611,0.0022712868968379,0.0321019999749287,0.938,500
"Pooled CCW (site-stratified)","RR",10,-1,"moderate","s1:N(-0.750,0.850^2),Bern(0.200);s2:N(-0.375,0.925^2),Bern(0.300);s3:N(0.000,1.000^2),Bern(0.400);s4:N(0.375,1.075^2),Bern(0.500);s5:N(0.750,1.150^2),Bern(0.600)",25,"600/800/1000/1200/1400","-3.75/-3.375/-3/-2.625/-2.25",0.899842041039131,0.895913895761958,0.0229561285847968,0.00392814527717265,0.0226402003442197,0.934,500
"Pooled CCW (site-stratified)","RR",15,-1,"moderate","s1:N(-0.750,0.850^2),Bern(0.200);s2:N(-0.375,0.925^2),Bern(0.300);s3:N(0.000,1.000^2),Bern(0.400);s4:N(0.375,1.075^2),Bern(0.500);s5:N(0.750,1.150^2),Bern(0.600)",25,"600/800/1000/1200/1400","-3.75/-3.375/-3/-2.625/-2.25",0.908327570033032,0.908638445540591,0.0202281689856505,-0.000310875507559616,0.0202460361773019,0.942,500
"Pooled CCW (site-stratified)","RR",5,-0.7,"moderate","s1:N(-0.750,0.850^2),Bern(0.200);s2:N(-0.375,0.925^2),Bern(0.300);s3:N(0.000,1.000^2),Bern(0.400);s4:N(0.375,1.075^2),Bern(0.500);s5:N(0.750,1.150^2),Bern(0.600)",25,"600/800/1000/1200/1400","-3.75/-3.375/-3/-2.625/-2.25",0.916223835567119,0.913492432393883,0.0346802256891629,0.00273140317323555,0.0346071205989289,0.932,500
"Pooled CCW (site-stratified)","RR",10,-0.7,"moderate","s1:N(-0.750,0.850^2),Bern(0.200);s2:N(-0.375,0.925^2),Bern(0.300);s3:N(0.000,1.000^2),Bern(0.400);s4:N(0.375,1.075^2),Bern(0.500);s5:N(0.750,1.150^2),Bern(0.600)",25,"600/800/1000/1200/1400","-3.75/-3.375/-3/-2.625/-2.25",0.928825972295327,0.93074821112558,0.0293553534794026,-0.00192223883025387,0.0293216864858911,0.94,500
"Pooled CCW (site-stratified)","RR",15,-0.7,"moderate","s1:N(-0.750,0.850^2),Bern(0.200);s2:N(-0.375,0.925^2),Bern(0.300);s3:N(0.000,1.000^2),Bern(0.400);s4:N(0.375,1.075^2),Bern(0.500);s5:N(0.750,1.150^2),Bern(0.600)",25,"600/800/1000/1200/1400","-3.75/-3.375/-3/-2.625/-2.25",0.937772853414743,0.93801227068504,0.0223406138369114,-0.000239417270296943,0.0223617038164767,0.964,500
"Pooled CCW (site-stratified)","RR",5,-0.5,"moderate","s1:N(-0.750,0.850^2),Bern(0.200);s2:N(-0.375,0.925^2),Bern(0.300);s3:N(0.000,1.000^2),Bern(0.400);s4:N(0.375,1.075^2),Bern(0.500);s5:N(0.750,1.150^2),Bern(0.600)",25,"600/800/1000/1200/1400","-3.75/-3.375/-3/-2.625/-2.25",0.941386107397279,0.939815473558956,0.0367279445085709,0.0015706338383233,0.0367310953266898,0.91,500
"Pooled CCW (site-stratified)","RR",10,-0.5,"moderate","s1:N(-0.750,0.850^2),Bern(0.200);s2:N(-0.375,0.925^2),Bern(0.300);s3:N(0.000,1.000^2),Bern(0.400);s4:N(0.375,1.075^2),Bern(0.500);s5:N(0.750,1.150^2),Bern(0.600)",25,"600/800/1000/1200/1400","-3.75/-3.375/-3/-2.625/-2.25",0.953015271640319,0.952458991335507,0.0277076139724277,0.000556280304811988,0.0277297728962446,0.926,500
"Pooled CCW (site-stratified)","RR",15,-0.5,"moderate","s1:N(-0.750,0.850^2),Bern(0.200);s2:N(-0.375,0.925^2),Bern(0.300);s3:N(0.000,1.000^2),Bern(0.400);s4:N(0.375,1.075^2),Bern(0.500);s5:N(0.750,1.150^2),Bern(0.600)",25,"600/800/1000/1200/1400","-3.75/-3.375/-3/-2.625/-2.25",0.957837229602938,0.956971657461793,0.0214449370704022,0.000865572141144766,0.0214489212611851,0.94,500
"Pooled CCW (site FE, shared slopes)","RR",5,-1,"high","s1:N(-1.500,0.700^2),Bern(0.100);s2:N(-0.750,0.850^2),Bern(0.250);s3:N(0.000,1.000^2),Bern(0.400);s4:N(0.750,1.150^2),Bern(0.550);s5:N(1.500,1.300^2),Bern(0.700)",25,"400/600/800/1200/2000","-4.5/-3.75/-3/-2.25/-1.5",0.906902662436401,0.907016069652058,0.05444027047628,-0.000113407215657316,0.054494674302988,0.89,500
"Pooled CCW (site FE, shared slopes)","RR",10,-1,"high","s1:N(-1.500,0.700^2),Bern(0.100);s2:N(-0.750,0.850^2),Bern(0.250);s3:N(0.000,1.000^2),Bern(0.400);s4:N(0.750,1.150^2),Bern(0.550);s5:N(1.500,1.300^2),Bern(0.700)",25,"400/600/800/1200/2000","-4.5/-3.75/-3/-2.25/-1.5",0.918521403182919,0.915394517244712,0.0439565267292818,0.00312688593820657,0.0438890798387218,0.868,500
"Pooled CCW (site FE, shared slopes)","RR",15,-1,"high","s1:N(-1.500,0.700^2),Bern(0.100);s2:N(-0.750,0.850^2),Bern(0.250);s3:N(0.000,1.000^2),Bern(0.400);s4:N(0.750,1.150^2),Bern(0.550);s5:N(1.500,1.300^2),Bern(0.700)",25,"400/600/800/1200/2000","-4.5/-3.75/-3/-2.25/-1.5",0.928427928693975,0.914555088239016,0.0389211884102205,0.0138728404549586,0.0364012817301581,0.822,500
"Pooled CCW (site FE, shared slopes)","RR",5,-0.7,"high","s1:N(-1.500,0.700^2),Bern(0.100);s2:N(-0.750,0.850^2),Bern(0.250);s3:N(0.000,1.000^2),Bern(0.400);s4:N(0.750,1.150^2),Bern(0.550);s5:N(1.500,1.300^2),Bern(0.700)",25,"400/600/800/1200/2000","-4.5/-3.75/-3/-2.25/-1.5",0.949188932285216,0.93503224368507,0.0512210111679759,0.0141566886001461,0.0492751075635478,0.828,500
"Pooled CCW (site FE, shared slopes)","RR",10,-0.7,"high","s1:N(-1.500,0.700^2),Bern(0.100);s2:N(-0.750,0.850^2),Bern(0.250);s3:N(0.000,1.000^2),Bern(0.400);s4:N(0.750,1.150^2),Bern(0.550);s5:N(1.500,1.300^2),Bern(0.700)",25,"400/600/800/1200/2000","-4.5/-3.75/-3/-2.25/-1.5",0.949828287211851,0.942230071291501,0.0448669406746546,0.00759821592035017,0.0442631668117309,0.862,500
"Pooled CCW (site FE, shared slopes)","RR",15,-0.7,"high","s1:N(-1.500,0.700^2),Bern(0.100);s2:N(-0.750,0.850^2),Bern(0.250);s3:N(0.000,1.000^2),Bern(0.400);s4:N(0.750,1.150^2),Bern(0.550);s5:N(1.500,1.300^2),Bern(0.700)",25,"400/600/800/1200/2000","-4.5/-3.75/-3/-2.25/-1.5",0.953937891741837,0.947360575797163,0.036530978006445,0.00657731594467425,0.0359699728518835,0.888,500
"Pooled CCW (site FE, shared slopes)","RR",5,-0.5,"high","s1:N(-1.500,0.700^2),Bern(0.100);s2:N(-0.750,0.850^2),Bern(0.250);s3:N(0.000,1.000^2),Bern(0.400);s4:N(0.750,1.150^2),Bern(0.550);s5:N(1.500,1.300^2),Bern(0.700)",25,"400/600/800/1200/2000","-4.5/-3.75/-3/-2.25/-1.5",0.966352119565627,0.955229248222599,0.0539942276884945,0.0111228713430281,0.052889061841636,0.818,500
"Pooled CCW (site FE, shared slopes)","RR",10,-0.5,"high","s1:N(-1.500,0.700^2),Bern(0.100);s2:N(-0.750,0.850^2),Bern(0.250);s3:N(0.000,1.000^2),Bern(0.400);s4:N(0.750,1.150^2),Bern(0.550);s5:N(1.500,1.300^2),Bern(0.700)",25,"400/600/800/1200/2000","-4.5/-3.75/-3/-2.25/-1.5",0.965508768272524,0.959531341414251,0.048042867098282,0.00597742685827331,0.0477173063975415,0.858,500
"Pooled CCW (site FE, shared slopes)","RR",15,-0.5,"high","s1:N(-1.500,0.700^2),Bern(0.100);s2:N(-0.750,0.850^2),Bern(0.250);s3:N(0.000,1.000^2),Bern(0.400);s4:N(0.750,1.150^2),Bern(0.550);s5:N(1.500,1.300^2),Bern(0.700)",25,"400/600/800/1200/2000","-4.5/-3.75/-3/-2.25/-1.5",0.97190256500157,0.963286965673481,0.0419311376138876,0.00861559932808799,0.0410775666608696,0.834,500
"Pooled CCW (site FE, shared slopes)","RR",5,-1,"low","s1:N(-0.250,0.950^2),Bern(0.350);s2:N(-0.125,0.975^2),Bern(0.375);s3:N(0.000,1.000^2),Bern(0.400);s4:N(0.125,1.025^2),Bern(0.425);s5:N(0.250,1.050^2),Bern(0.450)",25,"900/950/1000/1050/1100","-3.25/-3.125/-3/-2.875/-2.75",0.858694977899779,0.857180507529433,0.0279406535481603,0.00151447037034666,0.0279275203514674,0.932,500
"Pooled CCW (site FE, shared slopes)","RR",10,-1,"low","s1:N(-0.250,0.950^2),Bern(0.350);s2:N(-0.125,0.975^2),Bern(0.375);s3:N(0.000,1.000^2),Bern(0.400);s4:N(0.125,1.025^2),Bern(0.425);s5:N(0.250,1.050^2),Bern(0.450)",25,"900/950/1000/1050/1100","-3.25/-3.125/-3/-2.875/-2.75",0.890526183980177,0.890476697486892,0.0182359345231289,4.94864932856468e-05,0.0182541306445968,0.952,500
"Pooled CCW (site FE, shared slopes)","RR",15,-1,"low","s1:N(-0.250,0.950^2),Bern(0.350);s2:N(-0.125,0.975^2),Bern(0.375);s3:N(0.000,1.000^2),Bern(0.400);s4:N(0.125,1.025^2),Bern(0.425);s5:N(0.250,1.050^2),Bern(0.450)",25,"900/950/1000/1050/1100","-3.25/-3.125/-3/-2.875/-2.75",0.905931068151801,0.907076253052969,0.0143683533073414,-0.00114518490116737,0.0143369880644523,0.972,500
"Pooled CCW (site FE, shared slopes)","RR",5,-0.7,"low","s1:N(-0.250,0.950^2),Bern(0.350);s2:N(-0.125,0.975^2),Bern(0.375);s3:N(0.000,1.000^2),Bern(0.400);s4:N(0.125,1.025^2),Bern(0.425);s5:N(0.250,1.050^2),Bern(0.450)",25,"900/950/1000/1050/1100","-3.25/-3.125/-3/-2.875/-2.75",0.904991590177362,0.905117562648009,0.0282724073728508,-0.000125972470647259,0.0283004413314028,0.952,500
"Pooled CCW (site FE, shared slopes)","RR",10,-0.7,"low","s1:N(-0.250,0.950^2),Bern(0.350);s2:N(-0.125,0.975^2),Bern(0.375);s3:N(0.000,1.000^2),Bern(0.400);s4:N(0.125,1.025^2),Bern(0.425);s5:N(0.250,1.050^2),Bern(0.450)",25,"900/950/1000/1050/1100","-3.25/-3.125/-3/-2.875/-2.75",0.925158727810785,0.925346343618123,0.0193528040300943,-0.000187615807338741,0.0193712755586619,0.964,500
"Pooled CCW (site FE, shared slopes)","RR",15,-0.7,"low","s1:N(-0.250,0.950^2),Bern(0.350);s2:N(-0.125,0.975^2),Bern(0.375);s3:N(0.000,1.000^2),Bern(0.400);s4:N(0.125,1.025^2),Bern(0.425);s5:N(0.250,1.050^2),Bern(0.450)",25,"900/950/1000/1050/1100","-3.25/-3.125/-3/-2.875/-2.75",0.935289984010147,0.935591483945498,0.0159269901358297,-0.000301499935350513,0.0159400842264428,0.95,500
"Pooled CCW (site FE, shared slopes)","RR",5,-0.5,"low","s1:N(-0.250,0.950^2),Bern(0.350);s2:N(-0.125,0.975^2),Bern(0.375);s3:N(0.000,1.000^2),Bern(0.400);s4:N(0.125,1.025^2),Bern(0.425);s5:N(0.250,1.050^2),Bern(0.450)",25,"900/950/1000/1050/1100","-3.25/-3.125/-3/-2.875/-2.75",0.93502196234719,0.933971537038957,0.0312387212899675,0.00105042530823362,0.0312523235930389,0.922,500
"Pooled CCW (site FE, shared slopes)","RR",10,-0.5,"low","s1:N(-0.250,0.950^2),Bern(0.350);s2:N(-0.125,0.975^2),Bern(0.375);s3:N(0.000,1.000^2),Bern(0.400);s4:N(0.125,1.025^2),Bern(0.425);s5:N(0.250,1.050^2),Bern(0.450)",25,"900/950/1000/1050/1100","-3.25/-3.125/-3/-2.875/-2.75",0.947364583317669,0.946230610028149,0.0222998892664433,0.00113397328951983,0.0222933432256951,0.934,500
"Pooled CCW (site FE, shared slopes)","RR",15,-0.5,"low","s1:N(-0.250,0.950^2),Bern(0.350);s2:N(-0.125,0.975^2),Bern(0.375);s3:N(0.000,1.000^2),Bern(0.400);s4:N(0.125,1.025^2),Bern(0.425);s5:N(0.250,1.050^2),Bern(0.450)",25,"900/950/1000/1050/1100","-3.25/-3.125/-3/-2.875/-2.75",0.955213110128118,0.954359911710636,0.0170028520738645,0.000853198417481864,0.0169984388976175,0.944,500
"Pooled CCW (site FE, shared slopes)","RR",5,-1,"moderate","s1:N(-0.750,0.850^2),Bern(0.200);s2:N(-0.375,0.925^2),Bern(0.300);s3:N(0.000,1.000^2),Bern(0.400);s4:N(0.375,1.075^2),Bern(0.500);s5:N(0.750,1.150^2),Bern(0.600)",25,"600/800/1000/1200/1400","-3.75/-3.375/-3/-2.625/-2.25",0.874026779687251,0.871732435780869,0.0305213243614064,0.00229434390638177,0.0304654478687104,0.932,500
"Pooled CCW (site FE, shared slopes)","RR",10,-1,"moderate","s1:N(-0.750,0.850^2),Bern(0.200);s2:N(-0.375,0.925^2),Bern(0.300);s3:N(0.000,1.000^2),Bern(0.400);s4:N(0.375,1.075^2),Bern(0.500);s5:N(0.750,1.150^2),Bern(0.600)",25,"600/800/1000/1200/1400","-3.75/-3.375/-3/-2.625/-2.25",0.899062578932266,0.895913895761958,0.0227754289340597,0.00314868317030755,0.0225793181615545,0.938,500
"Pooled CCW (site FE, shared slopes)","RR",15,-1,"moderate","s1:N(-0.750,0.850^2),Bern(0.200);s2:N(-0.375,0.925^2),Bern(0.300);s3:N(0.000,1.000^2),Bern(0.400);s4:N(0.375,1.075^2),Bern(0.500);s5:N(0.750,1.150^2),Bern(0.600)",25,"600/800/1000/1200/1400","-3.75/-3.375/-3/-2.625/-2.25",0.907855310742153,0.908638445540591,0.0201217098986837,-0.000783134798437972,0.0201266010362607,0.93,500
"Pooled CCW (site FE, shared slopes)","RR",5,-0.7,"moderate","s1:N(-0.750,0.850^2),Bern(0.200);s2:N(-0.375,0.925^2),Bern(0.300);s3:N(0.000,1.000^2),Bern(0.400);s4:N(0.375,1.075^2),Bern(0.500);s5:N(0.750,1.150^2),Bern(0.600)",25,"600/800/1000/1200/1400","-3.75/-3.375/-3/-2.625/-2.25",0.916393180664994,0.913492432393883,0.0323112487821024,0.00290074827111085,0.032213006890889,0.928,500
"Pooled CCW (site FE, shared slopes)","RR",10,-0.7,"moderate","s1:N(-0.750,0.850^2),Bern(0.200);s2:N(-0.375,0.925^2),Bern(0.300);s3:N(0.000,1.000^2),Bern(0.400);s4:N(0.375,1.075^2),Bern(0.500);s5:N(0.750,1.150^2),Bern(0.600)",25,"600/800/1000/1200/1400","-3.75/-3.375/-3/-2.625/-2.25",0.928651153667053,0.93074821112558,0.0277575043772339,-0.00209705745852791,0.0277058952667633,0.944,500
"Pooled CCW (site FE, shared slopes)","RR",15,-0.7,"moderate","s1:N(-0.750,0.850^2),Bern(0.200);s2:N(-0.375,0.925^2),Bern(0.300);s3:N(0.000,1.000^2),Bern(0.400);s4:N(0.375,1.075^2),Bern(0.500);s5:N(0.750,1.150^2),Bern(0.600)",25,"600/800/1000/1200/1400","-3.75/-3.375/-3/-2.625/-2.25",0.938132295419923,0.93801227068504,0.0193507003690256,0.0001200247348835,0.0193697075345699,0.964,500
"Pooled CCW (site FE, shared slopes)","RR",5,-0.5,"moderate","s1:N(-0.750,0.850^2),Bern(0.200);s2:N(-0.375,0.925^2),Bern(0.300);s3:N(0.000,1.000^2),Bern(0.400);s4:N(0.375,1.075^2),Bern(0.500);s5:N(0.750,1.150^2),Bern(0.600)",25,"600/800/1000/1200/1400","-3.75/-3.375/-3/-2.625/-2.25",0.941133320581887,0.939815473558956,0.0356611236008172,0.00131784702293122,0.0356724552536626,0.898,500
"Pooled CCW (site FE, shared slopes)","RR",10,-0.5,"moderate","s1:N(-0.750,0.850^2),Bern(0.200);s2:N(-0.375,0.925^2),Bern(0.300);s3:N(0.000,1.000^2),Bern(0.400);s4:N(0.375,1.075^2),Bern(0.500);s5:N(0.750,1.150^2),Bern(0.600)",25,"600/800/1000/1200/1400","-3.75/-3.375/-3/-2.625/-2.25",0.952623064159315,0.952458991335507,0.0263950301376153,0.000164072823807469,0.0264209543683337,0.91,500
"Pooled CCW (site FE, shared slopes)","RR",15,-0.5,"moderate","s1:N(-0.750,0.850^2),Bern(0.200);s2:N(-0.375,0.925^2),Bern(0.300);s3:N(0.000,1.000^2),Bern(0.400);s4:N(0.375,1.075^2),Bern(0.500);s5:N(0.750,1.150^2),Bern(0.600)",25,"600/800/1000/1200/1400","-3.75/-3.375/-3/-2.625/-2.25",0.956912091197881,0.956971657461793,0.0210512106578165,-5.95662639120598e-05,0.021072209139433,0.95,500
"Federated landmark IPW","RR",5,-1,"high","s1:N(-1.500,0.700^2),Bern(0.100);s2:N(-0.750,0.850^2),Bern(0.250);s3:N(0.000,1.000^2),Bern(0.400);s4:N(0.750,1.150^2),Bern(0.550);s5:N(1.500,1.300^2),Bern(0.700)",25,"400/600/800/1200/2000","-4.5/-3.75/-3/-2.25/-1.5",0.779205460762956,0.907016069652058,0.156840376288265,-0.127810608889102,0.0909940202049987,NA,500
"Federated landmark IPW","RR",10,-1,"high","s1:N(-1.500,0.700^2),Bern(0.100);s2:N(-0.750,0.850^2),Bern(0.250);s3:N(0.000,1.000^2),Bern(0.400);s4:N(0.750,1.150^2),Bern(0.550);s5:N(1.500,1.300^2),Bern(0.700)",25,"400/600/800/1200/2000","-4.5/-3.75/-3/-2.25/-1.5",0.699936295641533,0.915394517244712,0.240899984100688,-0.21545822160318,0.107860209219026,NA,500
"Federated landmark IPW","RR",15,-1,"high","s1:N(-1.500,0.700^2),Bern(0.100);s2:N(-0.750,0.850^2),Bern(0.250);s3:N(0.000,1.000^2),Bern(0.400);s4:N(0.750,1.150^2),Bern(0.550);s5:N(1.500,1.300^2),Bern(0.700)",25,"400/600/800/1200/2000","-4.5/-3.75/-3/-2.25/-1.5",0.655578810361834,0.914555088239016,0.288539550203534,-0.258976277877182,0.12735304127811,NA,500
"Federated landmark IPW","RR",5,-0.7,"high","s1:N(-1.500,0.700^2),Bern(0.100);s2:N(-0.750,0.850^2),Bern(0.250);s3:N(0.000,1.000^2),Bern(0.400);s4:N(0.750,1.150^2),Bern(0.550);s5:N(1.500,1.300^2),Bern(0.700)",25,"400/600/800/1200/2000","-4.5/-3.75/-3/-2.25/-1.5",0.848653390831592,0.93503224368507,0.128578303517705,-0.0863788528534778,0.0953375708734411,NA,500
"Federated landmark IPW","RR",10,-0.7,"high","s1:N(-1.500,0.700^2),Bern(0.100);s2:N(-0.750,0.850^2),Bern(0.250);s3:N(0.000,1.000^2),Bern(0.400);s4:N(0.750,1.150^2),Bern(0.550);s5:N(1.500,1.300^2),Bern(0.700)",25,"400/600/800/1200/2000","-4.5/-3.75/-3/-2.25/-1.5",0.778456689886311,0.942230071291501,0.20078952619702,-0.16377338140519,0.116283089429671,NA,500
"Federated landmark IPW","RR",15,-0.7,"high","s1:N(-1.500,0.700^2),Bern(0.100);s2:N(-0.750,0.850^2),Bern(0.250);s3:N(0.000,1.000^2),Bern(0.400);s4:N(0.750,1.150^2),Bern(0.550);s5:N(1.500,1.300^2),Bern(0.700)",25,"400/600/800/1200/2000","-4.5/-3.75/-3/-2.25/-1.5",0.74338188517536,0.947360575797163,0.25924251125836,-0.203978690621803,0.160158280351926,NA,500
"Federated landmark IPW","RR",5,-0.5,"high","s1:N(-1.500,0.700^2),Bern(0.100);s2:N(-0.750,0.850^2),Bern(0.250);s3:N(0.000,1.000^2),Bern(0.400);s4:N(0.750,1.150^2),Bern(0.550);s5:N(1.500,1.300^2),Bern(0.700)",25,"400/600/800/1200/2000","-4.5/-3.75/-3/-2.25/-1.5",0.899187012666306,0.955229248222599,0.127690027149897,-0.0560422355562931,0.114849430345543,NA,500
"Federated landmark IPW","RR",10,-0.5,"high","s1:N(-1.500,0.700^2),Bern(0.100);s2:N(-0.750,0.850^2),Bern(0.250);s3:N(0.000,1.000^2),Bern(0.400);s4:N(0.750,1.150^2),Bern(0.550);s5:N(1.500,1.300^2),Bern(0.700)",25,"400/600/800/1200/2000","-4.5/-3.75/-3/-2.25/-1.5",0.842720530787439,0.959531341414251,0.181104506371207,-0.116810810626812,0.138536860336913,NA,500
"Federated landmark IPW","RR",15,-0.5,"high","s1:N(-1.500,0.700^2),Bern(0.100);s2:N(-0.750,0.850^2),Bern(0.250);s3:N(0.000,1.000^2),Bern(0.400);s4:N(0.750,1.150^2),Bern(0.550);s5:N(1.500,1.300^2),Bern(0.700)",25,"400/600/800/1200/2000","-4.5/-3.75/-3/-2.25/-1.5",0.806338997587276,0.963286965673481,0.227687440745958,-0.156947968086205,0.165116422117127,NA,500
"Federated landmark IPW","RR",5,-1,"low","s1:N(-0.250,0.950^2),Bern(0.350);s2:N(-0.125,0.975^2),Bern(0.375);s3:N(0.000,1.000^2),Bern(0.400);s4:N(0.125,1.025^2),Bern(0.425);s5:N(0.250,1.050^2),Bern(0.450)",25,"900/950/1000/1050/1100","-3.25/-3.125/-3/-2.875/-2.75",0.663233407428956,0.857180507529433,0.201476057826767,-0.193947100100476,0.0546176749859623,NA,500
"Federated landmark IPW","RR",10,-1,"low","s1:N(-0.250,0.950^2),Bern(0.350);s2:N(-0.125,0.975^2),Bern(0.375);s3:N(0.000,1.000^2),Bern(0.400);s4:N(0.125,1.025^2),Bern(0.425);s5:N(0.250,1.050^2),Bern(0.450)",25,"900/950/1000/1050/1100","-3.25/-3.125/-3/-2.875/-2.75",0.608058626226573,0.890476697486892,0.28747553986828,-0.282418071260318,0.0537400692057368,NA,500
"Federated landmark IPW","RR",15,-1,"low","s1:N(-0.250,0.950^2),Bern(0.350);s2:N(-0.125,0.975^2),Bern(0.375);s3:N(0.000,1.000^2),Bern(0.400);s4:N(0.125,1.025^2),Bern(0.425);s5:N(0.250,1.050^2),Bern(0.450)",25,"900/950/1000/1050/1100","-3.25/-3.125/-3/-2.875/-2.75",0.551328107016499,0.907076253052969,0.360669218906364,-0.355748146036469,0.0594357407010868,NA,500
"Federated landmark IPW","RR",5,-0.7,"low","s1:N(-0.250,0.950^2),Bern(0.350);s2:N(-0.125,0.975^2),Bern(0.375);s3:N(0.000,1.000^2),Bern(0.400);s4:N(0.125,1.025^2),Bern(0.425);s5:N(0.250,1.050^2),Bern(0.450)",25,"900/950/1000/1050/1100","-3.25/-3.125/-3/-2.875/-2.75",0.757971345532192,0.905117562648009,0.159614747580959,-0.147146217115817,0.0619073782420135,NA,500
"Federated landmark IPW","RR",10,-0.7,"low","s1:N(-0.250,0.950^2),Bern(0.350);s2:N(-0.125,0.975^2),Bern(0.375);s3:N(0.000,1.000^2),Bern(0.400);s4:N(0.125,1.025^2),Bern(0.425);s5:N(0.250,1.050^2),Bern(0.450)",25,"900/950/1000/1050/1100","-3.25/-3.125/-3/-2.875/-2.75",0.705410279052827,0.925346343618123,0.227901262322445,-0.219936064565296,0.059785126866828,NA,500
"Federated landmark IPW","RR",15,-0.7,"low","s1:N(-0.250,0.950^2),Bern(0.350);s2:N(-0.125,0.975^2),Bern(0.375);s3:N(0.000,1.000^2),Bern(0.400);s4:N(0.125,1.025^2),Bern(0.425);s5:N(0.250,1.050^2),Bern(0.450)",25,"900/950/1000/1050/1100","-3.25/-3.125/-3/-2.875/-2.75",0.651221414564872,0.935591483945498,0.293617584981471,-0.284370069380626,0.0731823829425904,NA,500
"Federated landmark IPW","RR",5,-0.5,"low","s1:N(-0.250,0.950^2),Bern(0.350);s2:N(-0.125,0.975^2),Bern(0.375);s3:N(0.000,1.000^2),Bern(0.400);s4:N(0.125,1.025^2),Bern(0.425);s5:N(0.250,1.050^2),Bern(0.450)",25,"900/950/1000/1050/1100","-3.25/-3.125/-3/-2.875/-2.75",0.822555909308969,0.933971537038957,0.130303539702556,-0.111415627729988,0.0676366749340954,NA,500
"Federated landmark IPW","RR",10,-0.5,"low","s1:N(-0.250,0.950^2),Bern(0.350);s2:N(-0.125,0.975^2),Bern(0.375);s3:N(0.000,1.000^2),Bern(0.400);s4:N(0.125,1.025^2),Bern(0.425);s5:N(0.250,1.050^2),Bern(0.450)",25,"900/950/1000/1050/1100","-3.25/-3.125/-3/-2.875/-2.75",0.773434796543495,0.946230610028149,0.185807812427601,-0.172795813484654,0.0683776352568122,NA,500
"Federated landmark IPW","RR",15,-0.5,"low","s1:N(-0.250,0.950^2),Bern(0.350);s2:N(-0.125,0.975^2),Bern(0.375);s3:N(0.000,1.000^2),Bern(0.400);s4:N(0.125,1.025^2),Bern(0.425);s5:N(0.250,1.050^2),Bern(0.450)",25,"900/950/1000/1050/1100","-3.25/-3.125/-3/-2.875/-2.75",0.738108462737502,0.954359911710636,0.232116639608999,-0.216251448973134,0.084425710548371,NA,500
"Federated landmark IPW","RR",5,-1,"moderate","s1:N(-0.750,0.850^2),Bern(0.200);s2:N(-0.375,0.925^2),Bern(0.300);s3:N(0.000,1.000^2),Bern(0.400);s4:N(0.375,1.075^2),Bern(0.500);s5:N(0.750,1.150^2),Bern(0.600)",25,"600/800/1000/1200/1400","-3.75/-3.375/-3/-2.625/-2.25",0.691103868886291,0.871732435780869,0.191774106395423,-0.180628566894578,0.0644898953214473,NA,500
"Federated landmark IPW","RR",10,-1,"moderate","s1:N(-0.750,0.850^2),Bern(0.200);s2:N(-0.375,0.925^2),Bern(0.300);s3:N(0.000,1.000^2),Bern(0.400);s4:N(0.375,1.075^2),Bern(0.500);s5:N(0.750,1.150^2),Bern(0.600)",25,"600/800/1000/1200/1400","-3.75/-3.375/-3/-2.625/-2.25",0.629992816961903,0.895913895761958,0.271798722856237,-0.265921078800056,0.0562748550840051,NA,500
"Federated landmark IPW","RR",15,-1,"moderate","s1:N(-0.750,0.850^2),Bern(0.200);s2:N(-0.375,0.925^2),Bern(0.300);s3:N(0.000,1.000^2),Bern(0.400);s4:N(0.375,1.075^2),Bern(0.500);s5:N(0.750,1.150^2),Bern(0.600)",25,"600/800/1000/1200/1400","-3.75/-3.375/-3/-2.625/-2.25",0.569728850688843,0.908638445540591,0.346213614170042,-0.338909594851748,0.0708108855836509,NA,500
"Federated landmark IPW","RR",5,-0.7,"moderate","s1:N(-0.750,0.850^2),Bern(0.200);s2:N(-0.375,0.925^2),Bern(0.300);s3:N(0.000,1.000^2),Bern(0.400);s4:N(0.375,1.075^2),Bern(0.500);s5:N(0.750,1.150^2),Bern(0.600)",25,"600/800/1000/1200/1400","-3.75/-3.375/-3/-2.625/-2.25",0.773053012644148,0.913492432393883,0.158863430386308,-0.140439419749735,0.0743330997193777,NA,500
"Federated landmark IPW","RR",10,-0.7,"moderate","s1:N(-0.750,0.850^2),Bern(0.200);s2:N(-0.375,0.925^2),Bern(0.300);s3:N(0.000,1.000^2),Bern(0.400);s4:N(0.375,1.075^2),Bern(0.500);s5:N(0.750,1.150^2),Bern(0.600)",25,"600/800/1000/1200/1400","-3.75/-3.375/-3/-2.625/-2.25",0.712390576247308,0.93074821112558,0.231366050593609,-0.218357634878273,0.0765631536095051,NA,500
"Federated landmark IPW","RR",15,-0.7,"moderate","s1:N(-0.750,0.850^2),Bern(0.200);s2:N(-0.375,0.925^2),Bern(0.300);s3:N(0.000,1.000^2),Bern(0.400);s4:N(0.375,1.075^2),Bern(0.500);s5:N(0.750,1.150^2),Bern(0.600)",25,"600/800/1000/1200/1400","-3.75/-3.375/-3/-2.625/-2.25",0.666854725398853,0.93801227068504,0.28629577355209,-0.271157545286187,0.0919552452142023,NA,500
"Federated landmark IPW","RR",5,-0.5,"moderate","s1:N(-0.750,0.850^2),Bern(0.200);s2:N(-0.375,0.925^2),Bern(0.300);s3:N(0.000,1.000^2),Bern(0.400);s4:N(0.375,1.075^2),Bern(0.500);s5:N(0.750,1.150^2),Bern(0.600)",25,"600/800/1000/1200/1400","-3.75/-3.375/-3/-2.625/-2.25",0.83256067406041,0.939815473558956,0.132749015824283,-0.107254799498546,0.0783005180640627,NA,500
"Federated landmark IPW","RR",10,-0.5,"moderate","s1:N(-0.750,0.850^2),Bern(0.200);s2:N(-0.375,0.925^2),Bern(0.300);s3:N(0.000,1.000^2),Bern(0.400);s4:N(0.375,1.075^2),Bern(0.500);s5:N(0.750,1.150^2),Bern(0.600)",25,"600/800/1000/1200/1400","-3.75/-3.375/-3/-2.625/-2.25",0.785019106285971,0.952458991335507,0.184618734958168,-0.167439885049536,0.0778465307953162,NA,500
"Federated landmark IPW","RR",15,-0.5,"moderate","s1:N(-0.750,0.850^2),Bern(0.200);s2:N(-0.375,0.925^2),Bern(0.300);s3:N(0.000,1.000^2),Bern(0.400);s4:N(0.375,1.075^2),Bern(0.500);s5:N(0.750,1.150^2),Bern(0.600)",25,"600/800/1000/1200/1400","-3.75/-3.375/-3/-2.625/-2.25",0.74777021127203,0.956971657461793,0.231384784349516,-0.209201446189763,0.0989609006643758,NA,500
"Federated IPW (no cloning)","RR",5,-1,"high","s1:N(-1.500,0.700^2),Bern(0.100);s2:N(-0.750,0.850^2),Bern(0.250);s3:N(0.000,1.000^2),Bern(0.400);s4:N(0.750,1.150^2),Bern(0.550);s5:N(1.500,1.300^2),Bern(0.700)",25,"400/600/800/1200/2000","-4.5/-3.75/-3/-2.25/-1.5",0.802376181501414,0.907016069652058,0.123214856942113,-0.104639888150645,0.0651220126543258,NA,500
"Federated IPW (no cloning)","RR",10,-1,"high","s1:N(-1.500,0.700^2),Bern(0.100);s2:N(-0.750,0.850^2),Bern(0.250);s3:N(0.000,1.000^2),Bern(0.400);s4:N(0.750,1.150^2),Bern(0.550);s5:N(1.500,1.300^2),Bern(0.700)",25,"400/600/800/1200/2000","-4.5/-3.75/-3/-2.25/-1.5",0.764889183975524,0.915394517244712,0.160417547492792,-0.150505333269189,0.055570769492393,NA,500
"Federated IPW (no cloning)","RR",15,-1,"high","s1:N(-1.500,0.700^2),Bern(0.100);s2:N(-0.750,0.850^2),Bern(0.250);s3:N(0.000,1.000^2),Bern(0.400);s4:N(0.750,1.150^2),Bern(0.550);s5:N(1.500,1.300^2),Bern(0.700)",25,"400/600/800/1200/2000","-4.5/-3.75/-3/-2.25/-1.5",0.749247863513461,0.914555088239016,0.173407841000059,-0.165307224725555,0.0524337617626427,NA,500
"Federated IPW (no cloning)","RR",5,-0.7,"high","s1:N(-1.500,0.700^2),Bern(0.100);s2:N(-0.750,0.850^2),Bern(0.250);s3:N(0.000,1.000^2),Bern(0.400);s4:N(0.750,1.150^2),Bern(0.550);s5:N(1.500,1.300^2),Bern(0.700)",25,"400/600/800/1200/2000","-4.5/-3.75/-3/-2.25/-1.5",0.855920261704887,0.93503224368507,0.100984729147348,-0.0791119819801828,0.0628259821745985,NA,500
"Federated IPW (no cloning)","RR",10,-0.7,"high","s1:N(-1.500,0.700^2),Bern(0.100);s2:N(-0.750,0.850^2),Bern(0.250);s3:N(0.000,1.000^2),Bern(0.400);s4:N(0.750,1.150^2),Bern(0.550);s5:N(1.500,1.300^2),Bern(0.700)",25,"400/600/800/1200/2000","-4.5/-3.75/-3/-2.25/-1.5",0.814176306617416,0.942230071291501,0.139584382360336,-0.128053764674085,0.0556077115774817,NA,500
"Federated IPW (no cloning)","RR",15,-0.7,"high","s1:N(-1.500,0.700^2),Bern(0.100);s2:N(-0.750,0.850^2),Bern(0.250);s3:N(0.000,1.000^2),Bern(0.400);s4:N(0.750,1.150^2),Bern(0.550);s5:N(1.500,1.300^2),Bern(0.700)",25,"400/600/800/1200/2000","-4.5/-3.75/-3/-2.25/-1.5",0.792179782165739,0.947360575797163,0.163580439226748,-0.155180793631424,0.0517962071941253,NA,500
"Federated IPW (no cloning)","RR",5,-0.5,"high","s1:N(-1.500,0.700^2),Bern(0.100);s2:N(-0.750,0.850^2),Bern(0.250);s3:N(0.000,1.000^2),Bern(0.400);s4:N(0.750,1.150^2),Bern(0.550);s5:N(1.500,1.300^2),Bern(0.700)",25,"400/600/800/1200/2000","-4.5/-3.75/-3/-2.25/-1.5",0.88575283560687,0.955229248222599,0.0920433809761066,-0.0694764126157291,0.0604344000133335,NA,500
"Federated IPW (no cloning)","RR",10,-0.5,"high","s1:N(-1.500,0.700^2),Bern(0.100);s2:N(-0.750,0.850^2),Bern(0.250);s3:N(0.000,1.000^2),Bern(0.400);s4:N(0.750,1.150^2),Bern(0.550);s5:N(1.500,1.300^2),Bern(0.700)",25,"400/600/800/1200/2000","-4.5/-3.75/-3/-2.25/-1.5",0.843647865305205,0.959531341414251,0.129693207808246,-0.115883476109046,0.0582936051834825,NA,500
"Federated IPW (no cloning)","RR",15,-0.5,"high","s1:N(-1.500,0.700^2),Bern(0.100);s2:N(-0.750,0.850^2),Bern(0.250);s3:N(0.000,1.000^2),Bern(0.400);s4:N(0.750,1.150^2),Bern(0.550);s5:N(1.500,1.300^2),Bern(0.700)",25,"400/600/800/1200/2000","-4.5/-3.75/-3/-2.25/-1.5",0.827161397149348,0.963286965673481,0.146788062809447,-0.136125568524134,0.0549782702322189,NA,500
"Federated IPW (no cloning)","RR",5,-1,"low","s1:N(-0.250,0.950^2),Bern(0.350);s2:N(-0.125,0.975^2),Bern(0.375);s3:N(0.000,1.000^2),Bern(0.400);s4:N(0.125,1.025^2),Bern(0.425);s5:N(0.250,1.050^2),Bern(0.450)",25,"900/950/1000/1050/1100","-3.25/-3.125/-3/-2.875/-2.75",0.725431843262064,0.857180507529433,0.137115413281315,-0.131748664267368,0.0380239090361183,NA,500
"Federated IPW (no cloning)","RR",10,-1,"low","s1:N(-0.250,0.950^2),Bern(0.350);s2:N(-0.125,0.975^2),Bern(0.375);s3:N(0.000,1.000^2),Bern(0.400);s4:N(0.125,1.025^2),Bern(0.425);s5:N(0.250,1.050^2),Bern(0.450)",25,"900/950/1000/1050/1100","-3.25/-3.125/-3/-2.875/-2.75",0.668463047403354,0.890476697486892,0.224193287395054,-0.222013650083538,0.0312172760861381,NA,500
"Federated IPW (no cloning)","RR",15,-1,"low","s1:N(-0.250,0.950^2),Bern(0.350);s2:N(-0.125,0.975^2),Bern(0.375);s3:N(0.000,1.000^2),Bern(0.400);s4:N(0.125,1.025^2),Bern(0.425);s5:N(0.250,1.050^2),Bern(0.450)",25,"900/950/1000/1050/1100","-3.25/-3.125/-3/-2.875/-2.75",0.631756932212667,0.907076253052969,0.276867614556968,-0.275319320840302,0.0292687697771689,NA,500
"Federated IPW (no cloning)","RR",5,-0.7,"low","s1:N(-0.250,0.950^2),Bern(0.350);s2:N(-0.125,0.975^2),Bern(0.375);s3:N(0.000,1.000^2),Bern(0.400);s4:N(0.125,1.025^2),Bern(0.425);s5:N(0.250,1.050^2),Bern(0.450)",25,"900/950/1000/1050/1100","-3.25/-3.125/-3/-2.875/-2.75",0.798724180936334,0.905117562648009,0.113469431472688,-0.106393381711675,0.0394826286183422,NA,500
"Federated IPW (no cloning)","RR",10,-0.7,"low","s1:N(-0.250,0.950^2),Bern(0.350);s2:N(-0.125,0.975^2),Bern(0.375);s3:N(0.000,1.000^2),Bern(0.400);s4:N(0.125,1.025^2),Bern(0.425);s5:N(0.250,1.050^2),Bern(0.450)",25,"900/950/1000/1050/1100","-3.25/-3.125/-3/-2.875/-2.75",0.739636167760664,0.925346343618123,0.188604365554421,-0.185710175857459,0.032947053066834,NA,500
"Federated IPW (no cloning)","RR",15,-0.7,"low","s1:N(-0.250,0.950^2),Bern(0.350);s2:N(-0.125,0.975^2),Bern(0.375);s3:N(0.000,1.000^2),Bern(0.400);s4:N(0.125,1.025^2),Bern(0.425);s5:N(0.250,1.050^2),Bern(0.450)",25,"900/950/1000/1050/1100","-3.25/-3.125/-3/-2.875/-2.75",0.701556298516944,0.935591483945498,0.236058331955063,-0.234035185428554,0.0308702772073553,NA,500
"Federated IPW (no cloning)","RR",5,-0.5,"low","s1:N(-0.250,0.950^2),Bern(0.350);s2:N(-0.125,0.975^2),Bern(0.375);s3:N(0.000,1.000^2),Bern(0.400);s4:N(0.125,1.025^2),Bern(0.425);s5:N(0.250,1.050^2),Bern(0.450)",25,"900/950/1000/1050/1100","-3.25/-3.125/-3/-2.875/-2.75",0.844535932820056,0.933971537038957,0.0990705429722318,-0.0894356042189004,0.0426601096191566,NA,500
"Federated IPW (no cloning)","RR",10,-0.5,"low","s1:N(-0.250,0.950^2),Bern(0.350);s2:N(-0.125,0.975^2),Bern(0.375);s3:N(0.000,1.000^2),Bern(0.400);s4:N(0.125,1.025^2),Bern(0.425);s5:N(0.250,1.050^2),Bern(0.450)",25,"900/950/1000/1050/1100","-3.25/-3.125/-3/-2.875/-2.75",0.785466864556289,0.946230610028149,0.16467658060858,-0.16076374547186,0.0357203896292256,NA,500
"Federated IPW (no cloning)","RR",15,-0.5,"low","s1:N(-0.250,0.950^2),Bern(0.350);s2:N(-0.125,0.975^2),Bern(0.375);s3:N(0.000,1.000^2),Bern(0.400);s4:N(0.125,1.025^2),Bern(0.425);s5:N(0.250,1.050^2),Bern(0.450)",25,"900/950/1000/1050/1100","-3.25/-3.125/-3/-2.875/-2.75",0.747788023950977,0.954359911710636,0.209014087522678,-0.20657188775966,0.0318900913482682,NA,500
"Federated IPW (no cloning)","RR",5,-1,"moderate","s1:N(-0.750,0.850^2),Bern(0.200);s2:N(-0.375,0.925^2),Bern(0.300);s3:N(0.000,1.000^2),Bern(0.400);s4:N(0.375,1.075^2),Bern(0.500);s5:N(0.750,1.150^2),Bern(0.600)",25,"600/800/1000/1200/1400","-3.75/-3.375/-3/-2.625/-2.25",0.74388075838573,0.871732435780869,0.135024975554713,-0.127851677395139,0.0434680521062061,NA,500
"Federated IPW (no cloning)","RR",10,-1,"moderate","s1:N(-0.750,0.850^2),Bern(0.200);s2:N(-0.375,0.925^2),Bern(0.300);s3:N(0.000,1.000^2),Bern(0.400);s4:N(0.375,1.075^2),Bern(0.500);s5:N(0.750,1.150^2),Bern(0.600)",25,"600/800/1000/1200/1400","-3.75/-3.375/-3/-2.625/-2.25",0.694242099324391,0.895913895761958,0.2048892258937,-0.201671796437567,0.0362036298538347,NA,500
"Federated IPW (no cloning)","RR",15,-1,"moderate","s1:N(-0.750,0.850^2),Bern(0.200);s2:N(-0.375,0.925^2),Bern(0.300);s3:N(0.000,1.000^2),Bern(0.400);s4:N(0.375,1.075^2),Bern(0.500);s5:N(0.750,1.150^2),Bern(0.600)",25,"600/800/1000/1200/1400","-3.75/-3.375/-3/-2.625/-2.25",0.658672000483435,0.908638445540591,0.252585553668494,-0.249966445057156,0.0363163326830584,NA,500
"Federated IPW (no cloning)","RR",5,-0.7,"moderate","s1:N(-0.750,0.850^2),Bern(0.200);s2:N(-0.375,0.925^2),Bern(0.300);s3:N(0.000,1.000^2),Bern(0.400);s4:N(0.375,1.075^2),Bern(0.500);s5:N(0.750,1.150^2),Bern(0.600)",25,"600/800/1000/1200/1400","-3.75/-3.375/-3/-2.625/-2.25",0.809657126713987,0.913492432393883,0.113894638658631,-0.103835305679896,0.0468466351405379,NA,500
"Federated IPW (no cloning)","RR",10,-0.7,"moderate","s1:N(-0.750,0.850^2),Bern(0.200);s2:N(-0.375,0.925^2),Bern(0.300);s3:N(0.000,1.000^2),Bern(0.400);s4:N(0.375,1.075^2),Bern(0.500);s5:N(0.750,1.150^2),Bern(0.600)",25,"600/800/1000/1200/1400","-3.75/-3.375/-3/-2.625/-2.25",0.753940315982015,0.93074821112558,0.182324481337638,-0.176807895143565,0.0445550784981991,NA,500
"Federated IPW (no cloning)","RR",15,-0.7,"moderate","s1:N(-0.750,0.850^2),Bern(0.200);s2:N(-0.375,0.925^2),Bern(0.300);s3:N(0.000,1.000^2),Bern(0.400);s4:N(0.375,1.075^2),Bern(0.500);s5:N(0.750,1.150^2),Bern(0.600)",25,"600/800/1000/1200/1400","-3.75/-3.375/-3/-2.625/-2.25",0.722538887480363,0.93801227068504,0.218765681832642,-0.215473383204677,0.0378485098441957,NA,500
"Federated IPW (no cloning)","RR",5,-0.5,"moderate","s1:N(-0.750,0.850^2),Bern(0.200);s2:N(-0.375,0.925^2),Bern(0.300);s3:N(0.000,1.000^2),Bern(0.400);s4:N(0.375,1.075^2),Bern(0.500);s5:N(0.750,1.150^2),Bern(0.600)",25,"600/800/1000/1200/1400","-3.75/-3.375/-3/-2.625/-2.25",0.849331048963539,0.939815473558956,0.102603966096583,-0.0904844245954174,0.0484234698182967,NA,500
"Federated IPW (no cloning)","RR",10,-0.5,"moderate","s1:N(-0.750,0.850^2),Bern(0.200);s2:N(-0.375,0.925^2),Bern(0.300);s3:N(0.000,1.000^2),Bern(0.400);s4:N(0.375,1.075^2),Bern(0.500);s5:N(0.750,1.150^2),Bern(0.600)",25,"600/800/1000/1200/1400","-3.75/-3.375/-3/-2.625/-2.25",0.798639580600181,0.952458991335507,0.159699961275791,-0.153819410735326,0.0429809403689158,NA,500
"Federated IPW (no cloning)","RR",15,-0.5,"moderate","s1:N(-0.750,0.850^2),Bern(0.200);s2:N(-0.375,0.925^2),Bern(0.300);s3:N(0.000,1.000^2),Bern(0.400);s4:N(0.375,1.075^2),Bern(0.500);s5:N(0.750,1.150^2),Bern(0.600)",25,"600/800/1000/1200/1400","-3.75/-3.375/-3/-2.625/-2.25",0.765180196040532,0.956971657461793,0.195511708546615,-0.19179146142126,0.0379967236314842,NA,500
"Federated per-protocol (unweighted)","RR",5,-1,"high","s1:N(-1.500,0.700^2),Bern(0.100);s2:N(-0.750,0.850^2),Bern(0.250);s3:N(0.000,1.000^2),Bern(0.400);s4:N(0.750,1.150^2),Bern(0.550);s5:N(1.500,1.300^2),Bern(0.700)",25,"400/600/800/1200/2000","-4.5/-3.75/-3/-2.25/-1.5",1.21753134965537,0.907016069652058,0.3108538714218,0.310515280003313,0.0145193624569911,NA,500
"Federated per-protocol (unweighted)","RR",10,-1,"high","s1:N(-1.500,0.700^2),Bern(0.100);s2:N(-0.750,0.850^2),Bern(0.250);s3:N(0.000,1.000^2),Bern(0.400);s4:N(0.750,1.150^2),Bern(0.550);s5:N(1.500,1.300^2),Bern(0.700)",25,"400/600/800/1200/2000","-4.5/-3.75/-3/-2.25/-1.5",1.19534687850149,0.915394517244712,0.280333937032085,0.279952361256779,0.0146362604137896,NA,500
"Federated per-protocol (unweighted)","RR",15,-1,"high","s1:N(-1.500,0.700^2),Bern(0.100);s2:N(-0.750,0.850^2),Bern(0.250);s3:N(0.000,1.000^2),Bern(0.400);s4:N(0.750,1.150^2),Bern(0.550);s5:N(1.500,1.300^2),Bern(0.700)",25,"400/600/800/1200/2000","-4.5/-3.75/-3/-2.25/-1.5",1.17033697798612,0.914555088239016,0.256253030738142,0.255781889747108,0.0155474785112452,NA,500
"Federated per-protocol (unweighted)","RR",5,-0.7,"high","s1:N(-1.500,0.700^2),Bern(0.100);s2:N(-0.750,0.850^2),Bern(0.250);s3:N(0.000,1.000^2),Bern(0.400);s4:N(0.750,1.150^2),Bern(0.550);s5:N(1.500,1.300^2),Bern(0.700)",25,"400/600/800/1200/2000","-4.5/-3.75/-3/-2.25/-1.5",1.24494981316792,0.93503224368507,0.310248609068845,0.30991756948285,0.0143426279652698,NA,500
"Federated per-protocol (unweighted)","RR",10,-0.7,"high","s1:N(-1.500,0.700^2),Bern(0.100);s2:N(-0.750,0.850^2),Bern(0.250);s3:N(0.000,1.000^2),Bern(0.400);s4:N(0.750,1.150^2),Bern(0.550);s5:N(1.500,1.300^2),Bern(0.700)",25,"400/600/800/1200/2000","-4.5/-3.75/-3/-2.25/-1.5",1.22674056569088,0.942230071291501,0.284860910781709,0.284510494399375,0.0141391973538544,NA,500
"Federated per-protocol (unweighted)","RR",15,-0.7,"high","s1:N(-1.500,0.700^2),Bern(0.100);s2:N(-0.750,0.850^2),Bern(0.250);s3:N(0.000,1.000^2),Bern(0.400);s4:N(0.750,1.150^2),Bern(0.550);s5:N(1.500,1.300^2),Bern(0.700)",25,"400/600/800/1200/2000","-4.5/-3.75/-3/-2.25/-1.5",1.20286298756385,0.947360575797163,0.256005196337414,0.255502411766687,0.0160528352699525,NA,500
"Federated per-protocol (unweighted)","RR",5,-0.5,"high","s1:N(-1.500,0.700^2),Bern(0.100);s2:N(-0.750,0.850^2),Bern(0.250);s3:N(0.000,1.000^2),Bern(0.400);s4:N(0.750,1.150^2),Bern(0.550);s5:N(1.500,1.300^2),Bern(0.700)",25,"400/600/800/1200/2000","-4.5/-3.75/-3/-2.25/-1.5",1.25772044490205,0.955229248222599,0.30281669775828,0.302491196679451,0.0140507373152168,NA,500
"Federated per-protocol (unweighted)","RR",10,-0.5,"high","s1:N(-1.500,0.700^2),Bern(0.100);s2:N(-0.750,0.850^2),Bern(0.250);s3:N(0.000,1.000^2),Bern(0.400);s4:N(0.750,1.150^2),Bern(0.550);s5:N(1.500,1.300^2),Bern(0.700)",25,"400/600/800/1200/2000","-4.5/-3.75/-3/-2.25/-1.5",1.24330289574659,0.959531341414251,0.284182518887472,0.28377155433234,0.0152930293444101,NA,500
"Federated per-protocol (unweighted)","RR",15,-0.5,"high","s1:N(-1.500,0.700^2),Bern(0.100);s2:N(-0.750,0.850^2),Bern(0.250);s3:N(0.000,1.000^2),Bern(0.400);s4:N(0.750,1.150^2),Bern(0.550);s5:N(1.500,1.300^2),Bern(0.700)",25,"400/600/800/1200/2000","-4.5/-3.75/-3/-2.25/-1.5",1.22126995639559,0.963286965673481,0.258387300408505,0.257982990722108,0.0144634675738792,NA,500
"Federated per-protocol (unweighted)","RR",5,-1,"low","s1:N(-0.250,0.950^2),Bern(0.350);s2:N(-0.125,0.975^2),Bern(0.375);s3:N(0.000,1.000^2),Bern(0.400);s4:N(0.125,1.025^2),Bern(0.425);s5:N(0.250,1.050^2),Bern(0.450)",25,"900/950/1000/1050/1100","-3.25/-3.125/-3/-2.875/-2.75",1.02084713775114,0.857180507529433,0.164377754893263,0.163666630221705,0.0152888178589571,NA,500
"Federated per-protocol (unweighted)","RR",10,-1,"low","s1:N(-0.250,0.950^2),Bern(0.350);s2:N(-0.125,0.975^2),Bern(0.375);s3:N(0.000,1.000^2),Bern(0.400);s4:N(0.125,1.025^2),Bern(0.425);s5:N(0.250,1.050^2),Bern(0.450)",25,"900/950/1000/1050/1100","-3.25/-3.125/-3/-2.875/-2.75",0.969185043909205,0.890476697486892,0.0801333729755206,0.0787083464223136,0.0150601222592612,NA,500
"Federated per-protocol (unweighted)","RR",15,-1,"low","s1:N(-0.250,0.950^2),Bern(0.350);s2:N(-0.125,0.975^2),Bern(0.375);s3:N(0.000,1.000^2),Bern(0.400);s4:N(0.125,1.025^2),Bern(0.425);s5:N(0.250,1.050^2),Bern(0.450)",25,"900/950/1000/1050/1100","-3.25/-3.125/-3/-2.875/-2.75",0.925925879733609,0.907076253052969,0.0236507957918473,0.0188496266806403,0.0142989732799904,NA,500
"Federated per-protocol (unweighted)","RR",5,-0.7,"low","s1:N(-0.250,0.950^2),Bern(0.350);s2:N(-0.125,0.975^2),Bern(0.375);s3:N(0.000,1.000^2),Bern(0.400);s4:N(0.125,1.025^2),Bern(0.425);s5:N(0.250,1.050^2),Bern(0.450)",25,"900/950/1000/1050/1100","-3.25/-3.125/-3/-2.875/-2.75",1.07324316079929,0.905117562648009,0.168707531765386,0.168125598151278,0.0140145401392336,NA,500
"Federated per-protocol (unweighted)","RR",10,-0.7,"low","s1:N(-0.250,0.950^2),Bern(0.350);s2:N(-0.125,0.975^2),Bern(0.375);s3:N(0.000,1.000^2),Bern(0.400);s4:N(0.125,1.025^2),Bern(0.425);s5:N(0.250,1.050^2),Bern(0.450)",25,"900/950/1000/1050/1100","-3.25/-3.125/-3/-2.875/-2.75",1.02835689762199,0.925346343618123,0.103950977617745,0.103010554003866,0.0139650118013119,NA,500
"Federated per-protocol (unweighted)","RR",15,-0.7,"low","s1:N(-0.250,0.950^2),Bern(0.350);s2:N(-0.125,0.975^2),Bern(0.375);s3:N(0.000,1.000^2),Bern(0.400);s4:N(0.125,1.025^2),Bern(0.425);s5:N(0.250,1.050^2),Bern(0.450)",25,"900/950/1000/1050/1100","-3.25/-3.125/-3/-2.875/-2.75",0.986752038183722,0.935591483945498,0.052980894481371,0.0511605542382243,0.0137823356378787,NA,500
"Federated per-protocol (unweighted)","RR",5,-0.5,"low","s1:N(-0.250,0.950^2),Bern(0.350);s2:N(-0.125,0.975^2),Bern(0.375);s3:N(0.000,1.000^2),Bern(0.400);s4:N(0.125,1.025^2),Bern(0.425);s5:N(0.250,1.050^2),Bern(0.450)",25,"900/950/1000/1050/1100","-3.25/-3.125/-3/-2.875/-2.75",1.10203975524983,0.933971537038957,0.16855174095958,0.168068218210878,0.0127706533544908,NA,500
"Federated per-protocol (unweighted)","RR",10,-0.5,"low","s1:N(-0.250,0.950^2),Bern(0.350);s2:N(-0.125,0.975^2),Bern(0.375);s3:N(0.000,1.000^2),Bern(0.400);s4:N(0.125,1.025^2),Bern(0.425);s5:N(0.250,1.050^2),Bern(0.450)",25,"900/950/1000/1050/1100","-3.25/-3.125/-3/-2.875/-2.75",1.06339443887838,0.946230610028149,0.117948268220733,0.117163828850227,0.0135941453206321,NA,500
"Federated per-protocol (unweighted)","RR",15,-0.5,"low","s1:N(-0.250,0.950^2),Bern(0.350);s2:N(-0.125,0.975^2),Bern(0.375);s3:N(0.000,1.000^2),Bern(0.400);s4:N(0.125,1.025^2),Bern(0.425);s5:N(0.250,1.050^2),Bern(0.450)",25,"900/950/1000/1050/1100","-3.25/-3.125/-3/-2.875/-2.75",1.0249794126358,0.954359911710636,0.0721143977274997,0.0706195009251687,0.0146219030491131,NA,500
"Federated per-protocol (unweighted)","RR",5,-1,"moderate","s1:N(-0.750,0.850^2),Bern(0.200);s2:N(-0.375,0.925^2),Bern(0.300);s3:N(0.000,1.000^2),Bern(0.400);s4:N(0.375,1.075^2),Bern(0.500);s5:N(0.750,1.150^2),Bern(0.600)",25,"600/800/1000/1200/1400","-3.75/-3.375/-3/-2.625/-2.25",1.08695050978199,0.871732435780869,0.215630506942017,0.215218074001121,0.0133436221402796,NA,500
"Federated per-protocol (unweighted)","RR",10,-1,"moderate","s1:N(-0.750,0.850^2),Bern(0.200);s2:N(-0.375,0.925^2),Bern(0.300);s3:N(0.000,1.000^2),Bern(0.400);s4:N(0.375,1.075^2),Bern(0.500);s5:N(0.750,1.150^2),Bern(0.600)",25,"600/800/1000/1200/1400","-3.75/-3.375/-3/-2.625/-2.25",1.04252693119811,0.895913895761958,0.147233479363252,0.146613035436155,0.0135159404741136,NA,500
"Federated per-protocol (unweighted)","RR",15,-1,"moderate","s1:N(-0.750,0.850^2),Bern(0.200);s2:N(-0.375,0.925^2),Bern(0.300);s3:N(0.000,1.000^2),Bern(0.400);s4:N(0.375,1.075^2),Bern(0.500);s5:N(0.750,1.150^2),Bern(0.600)",25,"600/800/1000/1200/1400","-3.75/-3.375/-3/-2.625/-2.25",1.00310568417333,0.908638445540591,0.0955031573117908,0.0944672386327393,0.0140423736648063,NA,500
"Federated per-protocol (unweighted)","RR",5,-0.7,"moderate","s1:N(-0.750,0.850^2),Bern(0.200);s2:N(-0.375,0.925^2),Bern(0.300);s3:N(0.000,1.000^2),Bern(0.400);s4:N(0.375,1.075^2),Bern(0.500);s5:N(0.750,1.150^2),Bern(0.600)",25,"600/800/1000/1200/1400","-3.75/-3.375/-3/-2.625/-2.25",1.1292194487255,0.913492432393883,0.216101503352427,0.215727016331612,0.0127294246666658,NA,500
"Federated per-protocol (unweighted)","RR",10,-0.7,"moderate","s1:N(-0.750,0.850^2),Bern(0.200);s2:N(-0.375,0.925^2),Bern(0.300);s3:N(0.000,1.000^2),Bern(0.400);s4:N(0.375,1.075^2),Bern(0.500);s5:N(0.750,1.150^2),Bern(0.600)",25,"600/800/1000/1200/1400","-3.75/-3.375/-3/-2.625/-2.25",1.09086841706891,0.93074821112558,0.16071182286665,0.160120205943334,0.0137909404270081,NA,500
"Federated per-protocol (unweighted)","RR",15,-0.7,"moderate","s1:N(-0.750,0.850^2),Bern(0.200);s2:N(-0.375,0.925^2),Bern(0.300);s3:N(0.000,1.000^2),Bern(0.400);s4:N(0.375,1.075^2),Bern(0.500);s5:N(0.750,1.150^2),Bern(0.600)",25,"600/800/1000/1200/1400","-3.75/-3.375/-3/-2.625/-2.25",1.05384634882824,0.93801227068504,0.116690607759297,0.115834078143204,0.0141266912885464,NA,500
"Federated per-protocol (unweighted)","RR",5,-0.5,"moderate","s1:N(-0.750,0.850^2),Bern(0.200);s2:N(-0.375,0.925^2),Bern(0.300);s3:N(0.000,1.000^2),Bern(0.400);s4:N(0.375,1.075^2),Bern(0.500);s5:N(0.750,1.150^2),Bern(0.600)",25,"600/800/1000/1200/1400","-3.75/-3.375/-3/-2.625/-2.25",1.15166869014589,0.939815473558956,0.212273019830338,0.211853216586934,0.0133568852067207,NA,500
"Federated per-protocol (unweighted)","RR",10,-0.5,"moderate","s1:N(-0.750,0.850^2),Bern(0.200);s2:N(-0.375,0.925^2),Bern(0.300);s3:N(0.000,1.000^2),Bern(0.400);s4:N(0.375,1.075^2),Bern(0.500);s5:N(0.750,1.150^2),Bern(0.600)",25,"600/800/1000/1200/1400","-3.75/-3.375/-3/-2.625/-2.25",1.11989663872711,0.952458991335507,0.167945946460217,0.167437647391603,0.0130696902024303,NA,500
"Federated per-protocol (unweighted)","RR",15,-0.5,"moderate","s1:N(-0.750,0.850^2),Bern(0.200);s2:N(-0.375,0.925^2),Bern(0.300);s3:N(0.000,1.000^2),Bern(0.400);s4:N(0.375,1.075^2),Bern(0.500);s5:N(0.750,1.150^2),Bern(0.600)",25,"600/800/1000/1200/1400","-3.75/-3.375/-3/-2.625/-2.25",1.08433113886843,0.956971657461793,0.128044636451734,0.127359481406638,0.013241680561658,NA,500
"Federated CCW","OR",5,-1,"high","s1:N(-1.500,0.700^2),Bern(0.100);s2:N(-0.750,0.850^2),Bern(0.250);s3:N(0.000,1.000^2),Bern(0.400);s4:N(0.750,1.150^2),Bern(0.550);s5:N(1.500,1.300^2),Bern(0.700)",25,"400/600/800/1200/2000","-4.5/-3.75/-3/-2.25/-1.5",0.642025707025079,0.570059270867528,0.184999117531725,0.0719664361575508,0.170598103683068,0.874,500
"Federated CCW","OR",10,-1,"high","s1:N(-1.500,0.700^2),Bern(0.100);s2:N(-0.750,0.850^2),Bern(0.250);s3:N(0.000,1.000^2),Bern(0.400);s4:N(0.750,1.150^2),Bern(0.550);s5:N(1.500,1.300^2),Bern(0.700)",25,"400/600/800/1200/2000","-4.5/-3.75/-3/-2.25/-1.5",0.668773046552919,0.589954226005931,0.162561869941648,0.0788188205469879,0.142318178791524,0.856,500
"Federated CCW","OR",15,-1,"high","s1:N(-1.500,0.700^2),Bern(0.100);s2:N(-0.750,0.850^2),Bern(0.250);s3:N(0.000,1.000^2),Bern(0.400);s4:N(0.750,1.150^2),Bern(0.550);s5:N(1.500,1.300^2),Bern(0.700)",25,"400/600/800/1200/2000","-4.5/-3.75/-3/-2.25/-1.5",0.696216105561305,0.578763501246256,0.183181876445371,0.117452604315049,0.140712777561948,0.772,500
"Federated CCW","OR",5,-0.7,"high","s1:N(-1.500,0.700^2),Bern(0.100);s2:N(-0.750,0.850^2),Bern(0.250);s3:N(0.000,1.000^2),Bern(0.400);s4:N(0.750,1.150^2),Bern(0.550);s5:N(1.500,1.300^2),Bern(0.700)",25,"400/600/800/1200/2000","-4.5/-3.75/-3/-2.25/-1.5",0.800860529809562,0.656080963645262,0.265540027506549,0.1447795661643,0.222822087762965,0.828,500
"Federated CCW","OR",10,-0.7,"high","s1:N(-1.500,0.700^2),Bern(0.100);s2:N(-0.750,0.850^2),Bern(0.250);s3:N(0.000,1.000^2),Bern(0.400);s4:N(0.750,1.150^2),Bern(0.550);s5:N(1.500,1.300^2),Bern(0.700)",25,"400/600/800/1200/2000","-4.5/-3.75/-3/-2.25/-1.5",0.80984063237891,0.686584522269671,0.229272437070712,0.12325611010924,0.193516611894796,0.818,500
"Federated CCW","OR",15,-0.7,"high","s1:N(-1.500,0.700^2),Bern(0.100);s2:N(-0.750,0.850^2),Bern(0.250);s3:N(0.000,1.000^2),Bern(0.400);s4:N(0.750,1.150^2),Bern(0.550);s5:N(1.500,1.300^2),Bern(0.700)",25,"400/600/800/1200/2000","-4.5/-3.75/-3/-2.25/-1.5",0.810171410709372,0.708147990922895,0.200649416766167,0.102023419786477,0.172948641882882,0.844,500
"Federated CCW","OR",5,-0.5,"high","s1:N(-1.500,0.700^2),Bern(0.100);s2:N(-0.750,0.850^2),Bern(0.250);s3:N(0.000,1.000^2),Bern(0.400);s4:N(0.750,1.150^2),Bern(0.550);s5:N(1.500,1.300^2),Bern(0.700)",25,"400/600/800/1200/2000","-4.5/-3.75/-3/-2.25/-1.5",0.921982050958797,0.742903006464303,0.351148107910759,0.179079044494494,0.302354967819906,0.808,500
"Federated CCW","OR",10,-0.5,"high","s1:N(-1.500,0.700^2),Bern(0.100);s2:N(-0.750,0.850^2),Bern(0.250);s3:N(0.000,1.000^2),Bern(0.400);s4:N(0.750,1.150^2),Bern(0.550);s5:N(1.500,1.300^2),Bern(0.700)",25,"400/600/800/1200/2000","-4.5/-3.75/-3/-2.25/-1.5",0.911563711583489,0.763606572341415,0.294685726672943,0.147957139242074,0.255104918594378,0.832,500
"Federated CCW","OR",15,-0.5,"high","s1:N(-1.500,0.700^2),Bern(0.100);s2:N(-0.750,0.850^2),Bern(0.250);s3:N(0.000,1.000^2),Bern(0.400);s4:N(0.750,1.150^2),Bern(0.550);s5:N(1.500,1.300^2),Bern(0.700)",25,"400/600/800/1200/2000","-4.5/-3.75/-3/-2.25/-1.5",0.927329451043239,0.783667158564293,0.271108420215825,0.143662292478947,0.230145290939217,0.802,500
"Federated CCW","OR",5,-1,"low","s1:N(-0.250,0.950^2),Bern(0.350);s2:N(-0.125,0.975^2),Bern(0.375);s3:N(0.000,1.000^2),Bern(0.400);s4:N(0.125,1.025^2),Bern(0.425);s5:N(0.250,1.050^2),Bern(0.450)",25,"900/950/1000/1050/1100","-3.25/-3.125/-3/-2.875/-2.75",0.48351310701508,0.475928770893269,0.0598229676491376,0.0075843361218101,0.0593996796947328,0.946,500
"Federated CCW","OR",10,-1,"low","s1:N(-0.250,0.950^2),Bern(0.350);s2:N(-0.125,0.975^2),Bern(0.375);s3:N(0.000,1.000^2),Bern(0.400);s4:N(0.125,1.025^2),Bern(0.425);s5:N(0.250,1.050^2),Bern(0.450)",25,"900/950/1000/1050/1100","-3.25/-3.125/-3/-2.875/-2.75",0.554202303369921,0.552030931146258,0.0510281360510387,0.00217137222366351,0.0510329750317459,0.966,500
"Federated CCW","OR",15,-1,"low","s1:N(-0.250,0.950^2),Bern(0.350);s2:N(-0.125,0.975^2),Bern(0.375);s3:N(0.000,1.000^2),Bern(0.400);s4:N(0.125,1.025^2),Bern(0.425);s5:N(0.250,1.050^2),Bern(0.450)",25,"900/950/1000/1050/1100","-3.25/-3.125/-3/-2.875/-2.75",0.596741012557128,0.597168099952686,0.0452497232902709,-0.000427087395557743,0.0452930234157859,0.978,500
"Federated CCW","OR",5,-0.7,"low","s1:N(-0.250,0.950^2),Bern(0.350);s2:N(-0.125,0.975^2),Bern(0.375);s3:N(0.000,1.000^2),Bern(0.400);s4:N(0.125,1.025^2),Bern(0.425);s5:N(0.250,1.050^2),Bern(0.450)",25,"900/950/1000/1050/1100","-3.25/-3.125/-3/-2.875/-2.75",0.599653383820689,0.591529186114707,0.0833858465196397,0.00812419770598168,0.0830722505355979,0.958,500
"Federated CCW","OR",10,-0.7,"low","s1:N(-0.250,0.950^2),Bern(0.350);s2:N(-0.125,0.975^2),Bern(0.375);s3:N(0.000,1.000^2),Bern(0.400);s4:N(0.125,1.025^2),Bern(0.425);s5:N(0.250,1.050^2),Bern(0.450)",25,"900/950/1000/1050/1100","-3.25/-3.125/-3/-2.875/-2.75",0.65774170560267,0.652160593852876,0.0678077109548567,0.0055811117497947,0.0676453149437666,0.962,500
"Federated CCW","OR",15,-0.7,"low","s1:N(-0.250,0.950^2),Bern(0.350);s2:N(-0.125,0.975^2),Bern(0.375);s3:N(0.000,1.000^2),Bern(0.400);s4:N(0.125,1.025^2),Bern(0.425);s5:N(0.250,1.050^2),Bern(0.450)",25,"900/950/1000/1050/1100","-3.25/-3.125/-3/-2.875/-2.75",0.690430174248646,0.686989914469304,0.0642580910650737,0.00344025977934155,0.0642301947358839,0.944,500
"Federated CCW","OR",5,-0.5,"low","s1:N(-0.250,0.950^2),Bern(0.350);s2:N(-0.125,0.975^2),Bern(0.375);s3:N(0.000,1.000^2),Bern(0.400);s4:N(0.125,1.025^2),Bern(0.425);s5:N(0.250,1.050^2),Bern(0.450)",25,"900/950/1000/1050/1100","-3.25/-3.125/-3/-2.875/-2.75",0.698689842112516,0.682016554729679,0.122326942387238,0.0166732873828373,0.121306689624089,0.916,500
"Federated CCW","OR",10,-0.5,"low","s1:N(-0.250,0.950^2),Bern(0.350);s2:N(-0.125,0.975^2),Bern(0.375);s3:N(0.000,1.000^2),Bern(0.400);s4:N(0.125,1.025^2),Bern(0.425);s5:N(0.250,1.050^2),Bern(0.450)",25,"900/950/1000/1050/1100","-3.25/-3.125/-3/-2.875/-2.75",0.739764132654646,0.727068464075094,0.0921193706536723,0.0126956685795517,0.0913317108772762,0.932,500
"Federated CCW","OR",15,-0.5,"low","s1:N(-0.250,0.950^2),Bern(0.350);s2:N(-0.125,0.975^2),Bern(0.375);s3:N(0.000,1.000^2),Bern(0.400);s4:N(0.125,1.025^2),Bern(0.425);s5:N(0.250,1.050^2),Bern(0.450)",25,"900/950/1000/1050/1100","-3.25/-3.125/-3/-2.875/-2.75",0.770845203761274,0.759770327842806,0.0775861171954835,0.0110748759184674,0.076868525713406,0.96,500
"Federated CCW","OR",5,-1,"moderate","s1:N(-0.750,0.850^2),Bern(0.200);s2:N(-0.375,0.925^2),Bern(0.300);s3:N(0.000,1.000^2),Bern(0.400);s4:N(0.375,1.075^2),Bern(0.500);s5:N(0.750,1.150^2),Bern(0.600)",25,"600/800/1000/1200/1400","-3.75/-3.375/-3/-2.625/-2.25",0.512423206529142,0.499759136256722,0.0774016080096682,0.0126640702724195,0.076435036968463,0.944,500
"Federated CCW","OR",10,-1,"moderate","s1:N(-0.750,0.850^2),Bern(0.200);s2:N(-0.375,0.925^2),Bern(0.300);s3:N(0.000,1.000^2),Bern(0.400);s4:N(0.375,1.075^2),Bern(0.500);s5:N(0.750,1.150^2),Bern(0.600)",25,"600/800/1000/1200/1400","-3.75/-3.375/-3/-2.625/-2.25",0.575240495998846,0.558775098012193,0.0672079072268012,0.0164653979866533,0.0652250110546682,0.946,500
"Federated CCW","OR",15,-1,"moderate","s1:N(-0.750,0.850^2),Bern(0.200);s2:N(-0.375,0.925^2),Bern(0.300);s3:N(0.000,1.000^2),Bern(0.400);s4:N(0.375,1.075^2),Bern(0.500);s5:N(0.750,1.150^2),Bern(0.600)",25,"600/800/1000/1200/1400","-3.75/-3.375/-3/-2.625/-2.25",0.598224532706231,0.594487539042253,0.0639003506068009,0.00373699366397811,0.0638548711938081,0.948,500
"Federated CCW","OR",5,-0.7,"moderate","s1:N(-0.750,0.850^2),Bern(0.200);s2:N(-0.375,0.925^2),Bern(0.300);s3:N(0.000,1.000^2),Bern(0.400);s4:N(0.375,1.075^2),Bern(0.500);s5:N(0.750,1.150^2),Bern(0.600)",25,"600/800/1000/1200/1400","-3.75/-3.375/-3/-2.625/-2.25",0.630371568917276,0.608158939044208,0.107172647642894,0.0222126298730688,0.104950486832042,0.936,500
"Federated CCW","OR",10,-0.7,"moderate","s1:N(-0.750,0.850^2),Bern(0.200);s2:N(-0.375,0.925^2),Bern(0.300);s3:N(0.000,1.000^2),Bern(0.400);s4:N(0.375,1.075^2),Bern(0.500);s5:N(0.750,1.150^2),Bern(0.600)",25,"600/800/1000/1200/1400","-3.75/-3.375/-3/-2.625/-2.25",0.667704257474606,0.664286774313915,0.0939792687894398,0.00341748316069127,0.0940111693948445,0.95,500
"Federated CCW","OR",15,-0.7,"moderate","s1:N(-0.750,0.850^2),Bern(0.200);s2:N(-0.375,0.925^2),Bern(0.300);s3:N(0.000,1.000^2),Bern(0.400);s4:N(0.375,1.075^2),Bern(0.500);s5:N(0.750,1.150^2),Bern(0.600)",25,"600/800/1000/1200/1400","-3.75/-3.375/-3/-2.625/-2.25",0.697132022984112,0.690259316085312,0.0817083599842681,0.00687270689879936,0.0815003472655838,0.964,500
"Federated CCW","OR",5,-0.5,"moderate","s1:N(-0.750,0.850^2),Bern(0.200);s2:N(-0.375,0.925^2),Bern(0.300);s3:N(0.000,1.000^2),Bern(0.400);s4:N(0.375,1.075^2),Bern(0.500);s5:N(0.750,1.150^2),Bern(0.600)",25,"600/800/1000/1200/1400","-3.75/-3.375/-3/-2.625/-2.25",0.724421572042096,0.696578789087449,0.150403754294628,0.0278427829546467,0.147952182951587,0.926,500
"Federated CCW","OR",10,-0.5,"moderate","s1:N(-0.750,0.850^2),Bern(0.200);s2:N(-0.375,0.925^2),Bern(0.300);s3:N(0.000,1.000^2),Bern(0.400);s4:N(0.375,1.075^2),Bern(0.500);s5:N(0.750,1.150^2),Bern(0.600)",25,"600/800/1000/1200/1400","-3.75/-3.375/-3/-2.625/-2.25",0.76314048932913,0.74658466419281,0.119682024181541,0.0165558251363192,0.118650104343688,0.942,500
"Federated CCW","OR",15,-0.5,"moderate","s1:N(-0.750,0.850^2),Bern(0.200);s2:N(-0.375,0.925^2),Bern(0.300);s3:N(0.000,1.000^2),Bern(0.400);s4:N(0.375,1.075^2),Bern(0.500);s5:N(0.750,1.150^2),Bern(0.600)",25,"600/800/1000/1200/1400","-3.75/-3.375/-3/-2.625/-2.25",0.779483402573246,0.766128647585312,0.0978460320115317,0.0133547549879334,0.0970274453436439,0.952,500
"Pooled CCW (site-stratified)","OR",5,-1,"high","s1:N(-1.500,0.700^2),Bern(0.100);s2:N(-0.750,0.850^2),Bern(0.250);s3:N(0.000,1.000^2),Bern(0.400);s4:N(0.750,1.150^2),Bern(0.550);s5:N(1.500,1.300^2),Bern(0.700)",25,"400/600/800/1200/2000","-4.5/-3.75/-3/-2.25/-1.5",0.642025707025079,0.570059270867528,0.184999117531725,0.0719664361575508,0.170598103683068,0.874,500
"Pooled CCW (site-stratified)","OR",10,-1,"high","s1:N(-1.500,0.700^2),Bern(0.100);s2:N(-0.750,0.850^2),Bern(0.250);s3:N(0.000,1.000^2),Bern(0.400);s4:N(0.750,1.150^2),Bern(0.550);s5:N(1.500,1.300^2),Bern(0.700)",25,"400/600/800/1200/2000","-4.5/-3.75/-3/-2.25/-1.5",0.668773046552919,0.589954226005931,0.162561869941648,0.0788188205469879,0.142318178791524,0.856,500
"Pooled CCW (site-stratified)","OR",15,-1,"high","s1:N(-1.500,0.700^2),Bern(0.100);s2:N(-0.750,0.850^2),Bern(0.250);s3:N(0.000,1.000^2),Bern(0.400);s4:N(0.750,1.150^2),Bern(0.550);s5:N(1.500,1.300^2),Bern(0.700)",25,"400/600/800/1200/2000","-4.5/-3.75/-3/-2.25/-1.5",0.696216105561305,0.578763501246256,0.183181876445371,0.117452604315049,0.140712777561948,0.772,500
"Pooled CCW (site-stratified)","OR",5,-0.7,"high","s1:N(-1.500,0.700^2),Bern(0.100);s2:N(-0.750,0.850^2),Bern(0.250);s3:N(0.000,1.000^2),Bern(0.400);s4:N(0.750,1.150^2),Bern(0.550);s5:N(1.500,1.300^2),Bern(0.700)",25,"400/600/800/1200/2000","-4.5/-3.75/-3/-2.25/-1.5",0.800860529809562,0.656080963645262,0.265540027506549,0.1447795661643,0.222822087762965,0.828,500
"Pooled CCW (site-stratified)","OR",10,-0.7,"high","s1:N(-1.500,0.700^2),Bern(0.100);s2:N(-0.750,0.850^2),Bern(0.250);s3:N(0.000,1.000^2),Bern(0.400);s4:N(0.750,1.150^2),Bern(0.550);s5:N(1.500,1.300^2),Bern(0.700)",25,"400/600/800/1200/2000","-4.5/-3.75/-3/-2.25/-1.5",0.80984063237891,0.686584522269671,0.229272437070712,0.12325611010924,0.193516611894796,0.818,500
"Pooled CCW (site-stratified)","OR",15,-0.7,"high","s1:N(-1.500,0.700^2),Bern(0.100);s2:N(-0.750,0.850^2),Bern(0.250);s3:N(0.000,1.000^2),Bern(0.400);s4:N(0.750,1.150^2),Bern(0.550);s5:N(1.500,1.300^2),Bern(0.700)",25,"400/600/800/1200/2000","-4.5/-3.75/-3/-2.25/-1.5",0.810171410709372,0.708147990922895,0.200649416766167,0.102023419786477,0.172948641882882,0.844,500
"Pooled CCW (site-stratified)","OR",5,-0.5,"high","s1:N(-1.500,0.700^2),Bern(0.100);s2:N(-0.750,0.850^2),Bern(0.250);s3:N(0.000,1.000^2),Bern(0.400);s4:N(0.750,1.150^2),Bern(0.550);s5:N(1.500,1.300^2),Bern(0.700)",25,"400/600/800/1200/2000","-4.5/-3.75/-3/-2.25/-1.5",0.921982050958797,0.742903006464303,0.351148107910759,0.179079044494494,0.302354967819906,0.808,500
"Pooled CCW (site-stratified)","OR",10,-0.5,"high","s1:N(-1.500,0.700^2),Bern(0.100);s2:N(-0.750,0.850^2),Bern(0.250);s3:N(0.000,1.000^2),Bern(0.400);s4:N(0.750,1.150^2),Bern(0.550);s5:N(1.500,1.300^2),Bern(0.700)",25,"400/600/800/1200/2000","-4.5/-3.75/-3/-2.25/-1.5",0.911563711583489,0.763606572341415,0.294685726672943,0.147957139242074,0.255104918594378,0.832,500
"Pooled CCW (site-stratified)","OR",15,-0.5,"high","s1:N(-1.500,0.700^2),Bern(0.100);s2:N(-0.750,0.850^2),Bern(0.250);s3:N(0.000,1.000^2),Bern(0.400);s4:N(0.750,1.150^2),Bern(0.550);s5:N(1.500,1.300^2),Bern(0.700)",25,"400/600/800/1200/2000","-4.5/-3.75/-3/-2.25/-1.5",0.927329451043239,0.783667158564293,0.271108420215825,0.143662292478947,0.230145290939217,0.802,500
"Pooled CCW (site-stratified)","OR",5,-1,"low","s1:N(-0.250,0.950^2),Bern(0.350);s2:N(-0.125,0.975^2),Bern(0.375);s3:N(0.000,1.000^2),Bern(0.400);s4:N(0.125,1.025^2),Bern(0.425);s5:N(0.250,1.050^2),Bern(0.450)",25,"900/950/1000/1050/1100","-3.25/-3.125/-3/-2.875/-2.75",0.48351310701508,0.475928770893269,0.0598229676491376,0.0075843361218101,0.0593996796947328,0.946,500
"Pooled CCW (site-stratified)","OR",10,-1,"low","s1:N(-0.250,0.950^2),Bern(0.350);s2:N(-0.125,0.975^2),Bern(0.375);s3:N(0.000,1.000^2),Bern(0.400);s4:N(0.125,1.025^2),Bern(0.425);s5:N(0.250,1.050^2),Bern(0.450)",25,"900/950/1000/1050/1100","-3.25/-3.125/-3/-2.875/-2.75",0.554202303369921,0.552030931146258,0.0510281360510387,0.00217137222366351,0.0510329750317459,0.966,500
"Pooled CCW (site-stratified)","OR",15,-1,"low","s1:N(-0.250,0.950^2),Bern(0.350);s2:N(-0.125,0.975^2),Bern(0.375);s3:N(0.000,1.000^2),Bern(0.400);s4:N(0.125,1.025^2),Bern(0.425);s5:N(0.250,1.050^2),Bern(0.450)",25,"900/950/1000/1050/1100","-3.25/-3.125/-3/-2.875/-2.75",0.596741012557128,0.597168099952686,0.0452497232902709,-0.000427087395557743,0.0452930234157859,0.978,500
"Pooled CCW (site-stratified)","OR",5,-0.7,"low","s1:N(-0.250,0.950^2),Bern(0.350);s2:N(-0.125,0.975^2),Bern(0.375);s3:N(0.000,1.000^2),Bern(0.400);s4:N(0.125,1.025^2),Bern(0.425);s5:N(0.250,1.050^2),Bern(0.450)",25,"900/950/1000/1050/1100","-3.25/-3.125/-3/-2.875/-2.75",0.599653383820689,0.591529186114707,0.0833858465196397,0.00812419770598168,0.0830722505355979,0.958,500
"Pooled CCW (site-stratified)","OR",10,-0.7,"low","s1:N(-0.250,0.950^2),Bern(0.350);s2:N(-0.125,0.975^2),Bern(0.375);s3:N(0.000,1.000^2),Bern(0.400);s4:N(0.125,1.025^2),Bern(0.425);s5:N(0.250,1.050^2),Bern(0.450)",25,"900/950/1000/1050/1100","-3.25/-3.125/-3/-2.875/-2.75",0.65774170560267,0.652160593852876,0.0678077109548567,0.0055811117497947,0.0676453149437666,0.962,500
"Pooled CCW (site-stratified)","OR",15,-0.7,"low","s1:N(-0.250,0.950^2),Bern(0.350);s2:N(-0.125,0.975^2),Bern(0.375);s3:N(0.000,1.000^2),Bern(0.400);s4:N(0.125,1.025^2),Bern(0.425);s5:N(0.250,1.050^2),Bern(0.450)",25,"900/950/1000/1050/1100","-3.25/-3.125/-3/-2.875/-2.75",0.690430174248646,0.686989914469304,0.0642580910650737,0.00344025977934155,0.0642301947358839,0.944,500
"Pooled CCW (site-stratified)","OR",5,-0.5,"low","s1:N(-0.250,0.950^2),Bern(0.350);s2:N(-0.125,0.975^2),Bern(0.375);s3:N(0.000,1.000^2),Bern(0.400);s4:N(0.125,1.025^2),Bern(0.425);s5:N(0.250,1.050^2),Bern(0.450)",25,"900/950/1000/1050/1100","-3.25/-3.125/-3/-2.875/-2.75",0.698689842112516,0.682016554729679,0.122326942387238,0.0166732873828373,0.121306689624089,0.916,500
"Pooled CCW (site-stratified)","OR",10,-0.5,"low","s1:N(-0.250,0.950^2),Bern(0.350);s2:N(-0.125,0.975^2),Bern(0.375);s3:N(0.000,1.000^2),Bern(0.400);s4:N(0.125,1.025^2),Bern(0.425);s5:N(0.250,1.050^2),Bern(0.450)",25,"900/950/1000/1050/1100","-3.25/-3.125/-3/-2.875/-2.75",0.739764132654646,0.727068464075094,0.0921193706536723,0.0126956685795517,0.0913317108772762,0.932,500
"Pooled CCW (site-stratified)","OR",15,-0.5,"low","s1:N(-0.250,0.950^2),Bern(0.350);s2:N(-0.125,0.975^2),Bern(0.375);s3:N(0.000,1.000^2),Bern(0.400);s4:N(0.125,1.025^2),Bern(0.425);s5:N(0.250,1.050^2),Bern(0.450)",25,"900/950/1000/1050/1100","-3.25/-3.125/-3/-2.875/-2.75",0.770845203761274,0.759770327842806,0.0775861171954835,0.0110748759184674,0.076868525713406,0.96,500
"Pooled CCW (site-stratified)","OR",5,-1,"moderate","s1:N(-0.750,0.850^2),Bern(0.200);s2:N(-0.375,0.925^2),Bern(0.300);s3:N(0.000,1.000^2),Bern(0.400);s4:N(0.375,1.075^2),Bern(0.500);s5:N(0.750,1.150^2),Bern(0.600)",25,"600/800/1000/1200/1400","-3.75/-3.375/-3/-2.625/-2.25",0.512423206529142,0.499759136256722,0.0774016080096682,0.0126640702724195,0.076435036968463,0.944,500
"Pooled CCW (site-stratified)","OR",10,-1,"moderate","s1:N(-0.750,0.850^2),Bern(0.200);s2:N(-0.375,0.925^2),Bern(0.300);s3:N(0.000,1.000^2),Bern(0.400);s4:N(0.375,1.075^2),Bern(0.500);s5:N(0.750,1.150^2),Bern(0.600)",25,"600/800/1000/1200/1400","-3.75/-3.375/-3/-2.625/-2.25",0.575240495998846,0.558775098012193,0.0672079072268012,0.0164653979866533,0.0652250110546682,0.946,500
"Pooled CCW (site-stratified)","OR",15,-1,"moderate","s1:N(-0.750,0.850^2),Bern(0.200);s2:N(-0.375,0.925^2),Bern(0.300);s3:N(0.000,1.000^2),Bern(0.400);s4:N(0.375,1.075^2),Bern(0.500);s5:N(0.750,1.150^2),Bern(0.600)",25,"600/800/1000/1200/1400","-3.75/-3.375/-3/-2.625/-2.25",0.598224532706231,0.594487539042253,0.0639003506068009,0.00373699366397811,0.0638548711938081,0.948,500
"Pooled CCW (site-stratified)","OR",5,-0.7,"moderate","s1:N(-0.750,0.850^2),Bern(0.200);s2:N(-0.375,0.925^2),Bern(0.300);s3:N(0.000,1.000^2),Bern(0.400);s4:N(0.375,1.075^2),Bern(0.500);s5:N(0.750,1.150^2),Bern(0.600)",25,"600/800/1000/1200/1400","-3.75/-3.375/-3/-2.625/-2.25",0.630371568917276,0.608158939044208,0.107172647642894,0.0222126298730688,0.104950486832042,0.936,500
"Pooled CCW (site-stratified)","OR",10,-0.7,"moderate","s1:N(-0.750,0.850^2),Bern(0.200);s2:N(-0.375,0.925^2),Bern(0.300);s3:N(0.000,1.000^2),Bern(0.400);s4:N(0.375,1.075^2),Bern(0.500);s5:N(0.750,1.150^2),Bern(0.600)",25,"600/800/1000/1200/1400","-3.75/-3.375/-3/-2.625/-2.25",0.667704257474606,0.664286774313915,0.0939792687894398,0.00341748316069127,0.0940111693948445,0.95,500
"Pooled CCW (site-stratified)","OR",15,-0.7,"moderate","s1:N(-0.750,0.850^2),Bern(0.200);s2:N(-0.375,0.925^2),Bern(0.300);s3:N(0.000,1.000^2),Bern(0.400);s4:N(0.375,1.075^2),Bern(0.500);s5:N(0.750,1.150^2),Bern(0.600)",25,"600/800/1000/1200/1400","-3.75/-3.375/-3/-2.625/-2.25",0.697132022984112,0.690259316085312,0.0817083599842681,0.00687270689879936,0.0815003472655838,0.964,500
"Pooled CCW (site-stratified)","OR",5,-0.5,"moderate","s1:N(-0.750,0.850^2),Bern(0.200);s2:N(-0.375,0.925^2),Bern(0.300);s3:N(0.000,1.000^2),Bern(0.400);s4:N(0.375,1.075^2),Bern(0.500);s5:N(0.750,1.150^2),Bern(0.600)",25,"600/800/1000/1200/1400","-3.75/-3.375/-3/-2.625/-2.25",0.724421572042096,0.696578789087449,0.150403754294628,0.0278427829546467,0.147952182951587,0.926,500
"Pooled CCW (site-stratified)","OR",10,-0.5,"moderate","s1:N(-0.750,0.850^2),Bern(0.200);s2:N(-0.375,0.925^2),Bern(0.300);s3:N(0.000,1.000^2),Bern(0.400);s4:N(0.375,1.075^2),Bern(0.500);s5:N(0.750,1.150^2),Bern(0.600)",25,"600/800/1000/1200/1400","-3.75/-3.375/-3/-2.625/-2.25",0.76314048932913,0.74658466419281,0.119682024181541,0.0165558251363192,0.118650104343688,0.942,500
"Pooled CCW (site-stratified)","OR",15,-0.5,"moderate","s1:N(-0.750,0.850^2),Bern(0.200);s2:N(-0.375,0.925^2),Bern(0.300);s3:N(0.000,1.000^2),Bern(0.400);s4:N(0.375,1.075^2),Bern(0.500);s5:N(0.750,1.150^2),Bern(0.600)",25,"600/800/1000/1200/1400","-3.75/-3.375/-3/-2.625/-2.25",0.779483402573246,0.766128647585312,0.0978460320115317,0.0133547549879334,0.0970274453436439,0.952,500
"Pooled CCW (site FE, shared slopes)","OR",5,-1,"high","s1:N(-1.500,0.700^2),Bern(0.100);s2:N(-0.750,0.850^2),Bern(0.250);s3:N(0.000,1.000^2),Bern(0.400);s4:N(0.750,1.150^2),Bern(0.550);s5:N(1.500,1.300^2),Bern(0.700)",25,"400/600/800/1200/2000","-4.5/-3.75/-3/-2.25/-1.5",0.601821963139439,0.570059270867528,0.171632805960565,0.0317626922719111,0.168837091269405,0.914,500
"Pooled CCW (site FE, shared slopes)","OR",10,-1,"high","s1:N(-1.500,0.700^2),Bern(0.100);s2:N(-0.750,0.850^2),Bern(0.250);s3:N(0.000,1.000^2),Bern(0.400);s4:N(0.750,1.150^2),Bern(0.550);s5:N(1.500,1.300^2),Bern(0.700)",25,"400/600/800/1200/2000","-4.5/-3.75/-3/-2.25/-1.5",0.629633503686844,0.589954226005931,0.152059019223959,0.039679277680913,0.146937679351826,0.884,500
"Pooled CCW (site FE, shared slopes)","OR",15,-1,"high","s1:N(-1.500,0.700^2),Bern(0.100);s2:N(-0.750,0.850^2),Bern(0.250);s3:N(0.000,1.000^2),Bern(0.400);s4:N(0.750,1.150^2),Bern(0.550);s5:N(1.500,1.300^2),Bern(0.700)",25,"400/600/800/1200/2000","-4.5/-3.75/-3/-2.25/-1.5",0.659002860870874,0.578763501246256,0.159502631167803,0.0802393596246179,0.137988463824991,0.824,500
"Pooled CCW (site FE, shared slopes)","OR",5,-0.7,"high","s1:N(-1.500,0.700^2),Bern(0.100);s2:N(-0.750,0.850^2),Bern(0.250);s3:N(0.000,1.000^2),Bern(0.400);s4:N(0.750,1.150^2),Bern(0.550);s5:N(1.500,1.300^2),Bern(0.700)",25,"400/600/800/1200/2000","-4.5/-3.75/-3/-2.25/-1.5",0.763229311286188,0.656080963645262,0.234677662288098,0.107148347640926,0.208998079343243,0.866,500
"Pooled CCW (site FE, shared slopes)","OR",10,-0.7,"high","s1:N(-1.500,0.700^2),Bern(0.100);s2:N(-0.750,0.850^2),Bern(0.250);s3:N(0.000,1.000^2),Bern(0.400);s4:N(0.750,1.150^2),Bern(0.550);s5:N(1.500,1.300^2),Bern(0.700)",25,"400/600/800/1200/2000","-4.5/-3.75/-3/-2.25/-1.5",0.757624000632337,0.686584522269671,0.198748550493927,0.0710394783626662,0.185804805343605,0.862,500
"Pooled CCW (site FE, shared slopes)","OR",15,-0.7,"high","s1:N(-1.500,0.700^2),Bern(0.100);s2:N(-0.750,0.850^2),Bern(0.250);s3:N(0.000,1.000^2),Bern(0.400);s4:N(0.750,1.150^2),Bern(0.550);s5:N(1.500,1.300^2),Bern(0.700)",25,"400/600/800/1200/2000","-4.5/-3.75/-3/-2.25/-1.5",0.766455376200821,0.708147990922895,0.17757133081108,0.0583073852779263,0.167893426772988,0.894,500
"Pooled CCW (site FE, shared slopes)","OR",5,-0.5,"high","s1:N(-1.500,0.700^2),Bern(0.100);s2:N(-0.750,0.850^2),Bern(0.250);s3:N(0.000,1.000^2),Bern(0.400);s4:N(0.750,1.150^2),Bern(0.550);s5:N(1.500,1.300^2),Bern(0.700)",25,"400/600/800/1200/2000","-4.5/-3.75/-3/-2.25/-1.5",0.865279440830534,0.742903006464303,0.316511803668276,0.122376434366231,0.292189115354107,0.838,500
"Pooled CCW (site FE, shared slopes)","OR",10,-0.5,"high","s1:N(-1.500,0.700^2),Bern(0.100);s2:N(-0.750,0.850^2),Bern(0.250);s3:N(0.000,1.000^2),Bern(0.400);s4:N(0.750,1.150^2),Bern(0.550);s5:N(1.500,1.300^2),Bern(0.700)",25,"400/600/800/1200/2000","-4.5/-3.75/-3/-2.25/-1.5",0.840595909641757,0.763606572341415,0.244447659080826,0.0769893373003417,0.23223946760354,0.87,500
"Pooled CCW (site FE, shared slopes)","OR",15,-0.5,"high","s1:N(-1.500,0.700^2),Bern(0.100);s2:N(-0.750,0.850^2),Bern(0.250);s3:N(0.000,1.000^2),Bern(0.400);s4:N(0.750,1.150^2),Bern(0.550);s5:N(1.500,1.300^2),Bern(0.700)",25,"400/600/800/1200/2000","-4.5/-3.75/-3/-2.25/-1.5",0.86317834761621,0.783667158564293,0.23856437772555,0.0795111890519169,0.225149545348576,0.856,500
"Pooled CCW (site FE, shared slopes)","OR",5,-1,"low","s1:N(-0.250,0.950^2),Bern(0.350);s2:N(-0.125,0.975^2),Bern(0.375);s3:N(0.000,1.000^2),Bern(0.400);s4:N(0.125,1.025^2),Bern(0.425);s5:N(0.250,1.050^2),Bern(0.450)",25,"900/950/1000/1050/1100","-3.25/-3.125/-3/-2.875/-2.75",0.483855970540671,0.475928770893269,0.0601312189745739,0.0079271996474021,0.0596660966319482,0.942,500
"Pooled CCW (site FE, shared slopes)","OR",10,-1,"low","s1:N(-0.250,0.950^2),Bern(0.350);s2:N(-0.125,0.975^2),Bern(0.375);s3:N(0.000,1.000^2),Bern(0.400);s4:N(0.125,1.025^2),Bern(0.425);s5:N(0.250,1.050^2),Bern(0.450)",25,"900/950/1000/1050/1100","-3.25/-3.125/-3/-2.875/-2.75",0.553945310575986,0.552030931146258,0.049819999545324,0.00191437942972872,0.0498330630650375,0.96,500
"Pooled CCW (site FE, shared slopes)","OR",15,-1,"low","s1:N(-0.250,0.950^2),Bern(0.350);s2:N(-0.125,0.975^2),Bern(0.375);s3:N(0.000,1.000^2),Bern(0.400);s4:N(0.125,1.025^2),Bern(0.425);s5:N(0.250,1.050^2),Bern(0.450)",25,"900/950/1000/1050/1100","-3.25/-3.125/-3/-2.875/-2.75",0.595327000997913,0.597168099952686,0.0430294516313781,-0.00184109895477276,0.0430331007231822,0.976,500
"Pooled CCW (site FE, shared slopes)","OR",5,-0.7,"low","s1:N(-0.250,0.950^2),Bern(0.350);s2:N(-0.125,0.975^2),Bern(0.375);s3:N(0.000,1.000^2),Bern(0.400);s4:N(0.125,1.025^2),Bern(0.425);s5:N(0.250,1.050^2),Bern(0.450)",25,"900/950/1000/1050/1100","-3.25/-3.125/-3/-2.875/-2.75",0.598690807858515,0.591529186114707,0.0818512417580143,0.00716162174380826,0.0816189945531752,0.96,500
"Pooled CCW (site FE, shared slopes)","OR",10,-0.7,"low","s1:N(-0.250,0.950^2),Bern(0.350);s2:N(-0.125,0.975^2),Bern(0.375);s3:N(0.000,1.000^2),Bern(0.400);s4:N(0.125,1.025^2),Bern(0.425);s5:N(0.250,1.050^2),Bern(0.450)",25,"900/950/1000/1050/1100","-3.25/-3.125/-3/-2.875/-2.75",0.657251691817769,0.652160593852876,0.0661317942682231,0.00509109796489289,0.0660015708096796,0.966,500
"Pooled CCW (site FE, shared slopes)","OR",15,-0.7,"low","s1:N(-0.250,0.950^2),Bern(0.350);s2:N(-0.125,0.975^2),Bern(0.375);s3:N(0.000,1.000^2),Bern(0.400);s4:N(0.125,1.025^2),Bern(0.425);s5:N(0.250,1.050^2),Bern(0.450)",25,"900/950/1000/1050/1100","-3.25/-3.125/-3/-2.875/-2.75",0.689700493823166,0.686989914469304,0.0606618501274617,0.00271057935386221,0.0606619531962515,0.944,500
"Pooled CCW (site FE, shared slopes)","OR",5,-0.5,"low","s1:N(-0.250,0.950^2),Bern(0.350);s2:N(-0.125,0.975^2),Bern(0.375);s3:N(0.000,1.000^2),Bern(0.400);s4:N(0.125,1.025^2),Bern(0.425);s5:N(0.250,1.050^2),Bern(0.450)",25,"900/950/1000/1050/1100","-3.25/-3.125/-3/-2.875/-2.75",0.70002257327926,0.682016554729679,0.118035699256761,0.0180060185495809,0.116771060439378,0.922,500
"Pooled CCW (site FE, shared slopes)","OR",10,-0.5,"low","s1:N(-0.250,0.950^2),Bern(0.350);s2:N(-0.125,0.975^2),Bern(0.375);s3:N(0.000,1.000^2),Bern(0.400);s4:N(0.125,1.025^2),Bern(0.425);s5:N(0.250,1.050^2),Bern(0.450)",25,"900/950/1000/1050/1100","-3.25/-3.125/-3/-2.875/-2.75",0.739629479600811,0.727068464075094,0.0917834506332834,0.0125610155257167,0.0910109261378435,0.938,500
"Pooled CCW (site FE, shared slopes)","OR",15,-0.5,"low","s1:N(-0.250,0.950^2),Bern(0.350);s2:N(-0.125,0.975^2),Bern(0.375);s3:N(0.000,1.000^2),Bern(0.400);s4:N(0.125,1.025^2),Bern(0.425);s5:N(0.250,1.050^2),Bern(0.450)",25,"900/950/1000/1050/1100","-3.25/-3.125/-3/-2.875/-2.75",0.769235500892175,0.759770327842806,0.0744658957795962,0.00946517304936882,0.0739358719413157,0.956,500
"Pooled CCW (site FE, shared slopes)","OR",5,-1,"moderate","s1:N(-0.750,0.850^2),Bern(0.200);s2:N(-0.375,0.925^2),Bern(0.300);s3:N(0.000,1.000^2),Bern(0.400);s4:N(0.375,1.075^2),Bern(0.500);s5:N(0.750,1.150^2),Bern(0.600)",25,"600/800/1000/1200/1400","-3.75/-3.375/-3/-2.625/-2.25",0.51177661644473,0.499759136256722,0.07399778011517,0.0120174801880075,0.0730885456341123,0.946,500
"Pooled CCW (site FE, shared slopes)","OR",10,-1,"moderate","s1:N(-0.750,0.850^2),Bern(0.200);s2:N(-0.375,0.925^2),Bern(0.300);s3:N(0.000,1.000^2),Bern(0.400);s4:N(0.375,1.075^2),Bern(0.500);s5:N(0.750,1.150^2),Bern(0.600)",25,"600/800/1000/1200/1400","-3.75/-3.375/-3/-2.625/-2.25",0.573178858890267,0.558775098012193,0.0660503670475215,0.0144037608780737,0.0645252638819685,0.944,500
"Pooled CCW (site FE, shared slopes)","OR",15,-1,"moderate","s1:N(-0.750,0.850^2),Bern(0.200);s2:N(-0.375,0.925^2),Bern(0.300);s3:N(0.000,1.000^2),Bern(0.400);s4:N(0.375,1.075^2),Bern(0.500);s5:N(0.750,1.150^2),Bern(0.600)",25,"600/800/1000/1200/1400","-3.75/-3.375/-3/-2.625/-2.25",0.596204558298768,0.594487539042253,0.0626145229523701,0.00171701925651523,0.0626536614413687,0.944,500
"Pooled CCW (site FE, shared slopes)","OR",5,-0.7,"moderate","s1:N(-0.750,0.850^2),Bern(0.200);s2:N(-0.375,0.925^2),Bern(0.300);s3:N(0.000,1.000^2),Bern(0.400);s4:N(0.375,1.075^2),Bern(0.500);s5:N(0.750,1.150^2),Bern(0.600)",25,"600/800/1000/1200/1400","-3.75/-3.375/-3/-2.625/-2.25",0.629617977519577,0.608158939044208,0.102666507391683,0.0214590384753692,0.100499361445838,0.942,500
"Pooled CCW (site FE, shared slopes)","OR",10,-0.7,"moderate","s1:N(-0.750,0.850^2),Bern(0.200);s2:N(-0.375,0.925^2),Bern(0.300);s3:N(0.000,1.000^2),Bern(0.400);s4:N(0.375,1.075^2),Bern(0.500);s5:N(0.750,1.150^2),Bern(0.600)",25,"600/800/1000/1200/1400","-3.75/-3.375/-3/-2.625/-2.25",0.665789706584486,0.664286774313915,0.0888408279436333,0.0015029322705707,0.0889170759589772,0.948,500
"Pooled CCW (site FE, shared slopes)","OR",15,-0.7,"moderate","s1:N(-0.750,0.850^2),Bern(0.200);s2:N(-0.375,0.925^2),Bern(0.300);s3:N(0.000,1.000^2),Bern(0.400);s4:N(0.375,1.075^2),Bern(0.500);s5:N(0.750,1.150^2),Bern(0.600)",25,"600/800/1000/1200/1400","-3.75/-3.375/-3/-2.625/-2.25",0.69647754752304,0.690259316085312,0.0762699148992476,0.00621823143772715,0.0760921385138607,0.97,500
"Pooled CCW (site FE, shared slopes)","OR",5,-0.5,"moderate","s1:N(-0.750,0.850^2),Bern(0.200);s2:N(-0.375,0.925^2),Bern(0.300);s3:N(0.000,1.000^2),Bern(0.400);s4:N(0.375,1.075^2),Bern(0.500);s5:N(0.750,1.150^2),Bern(0.600)",25,"600/800/1000/1200/1400","-3.75/-3.375/-3/-2.625/-2.25",0.722165615018484,0.696578789087449,0.145700545444243,0.0255868259310347,0.143579920841539,0.914,500
"Pooled CCW (site FE, shared slopes)","OR",10,-0.5,"moderate","s1:N(-0.750,0.850^2),Bern(0.200);s2:N(-0.375,0.925^2),Bern(0.300);s3:N(0.000,1.000^2),Bern(0.400);s4:N(0.375,1.075^2),Bern(0.500);s5:N(0.750,1.150^2),Bern(0.600)",25,"600/800/1000/1200/1400","-3.75/-3.375/-3/-2.625/-2.25",0.759884551636985,0.74658466419281,0.114332505882925,0.0132998874441745,0.113670034084357,0.934,500
"Pooled CCW (site FE, shared slopes)","OR",15,-0.5,"moderate","s1:N(-0.750,0.850^2),Bern(0.200);s2:N(-0.375,0.925^2),Bern(0.300);s3:N(0.000,1.000^2),Bern(0.400);s4:N(0.375,1.075^2),Bern(0.500);s5:N(0.750,1.150^2),Bern(0.600)",25,"600/800/1000/1200/1400","-3.75/-3.375/-3/-2.625/-2.25",0.774800209401682,0.766128647585312,0.0933048961007935,0.00867156181636979,0.0929941044312093,0.956,500
"Federated landmark IPW","OR",5,-1,"high","s1:N(-1.500,0.700^2),Bern(0.100);s2:N(-0.750,0.850^2),Bern(0.250);s3:N(0.000,1.000^2),Bern(0.400);s4:N(0.750,1.150^2),Bern(0.550);s5:N(1.500,1.300^2),Bern(0.700)",25,"400/600/800/1200/2000","-4.5/-3.75/-3/-2.25/-1.5",0.541053924915245,0.570059270867528,0.142868697980646,-0.0290053459522827,0.140033472840979,NA,500
"Federated landmark IPW","OR",10,-1,"high","s1:N(-1.500,0.700^2),Bern(0.100);s2:N(-0.750,0.850^2),Bern(0.250);s3:N(0.000,1.000^2),Bern(0.400);s4:N(0.750,1.150^2),Bern(0.550);s5:N(1.500,1.300^2),Bern(0.700)",25,"400/600/800/1200/2000","-4.5/-3.75/-3/-2.25/-1.5",0.539699993861025,0.589954226005931,0.154226917761459,-0.0502542321449066,0.145955679692826,NA,500
"Federated landmark IPW","OR",15,-1,"high","s1:N(-1.500,0.700^2),Bern(0.100);s2:N(-0.750,0.850^2),Bern(0.250);s3:N(0.000,1.000^2),Bern(0.400);s4:N(0.750,1.150^2),Bern(0.550);s5:N(1.500,1.300^2),Bern(0.700)",25,"400/600/800/1200/2000","-4.5/-3.75/-3/-2.25/-1.5",0.559542137390066,0.578763501246256,0.157824965908493,-0.0192213638561899,0.156807002099204,NA,500
"Federated landmark IPW","OR",5,-0.7,"high","s1:N(-1.500,0.700^2),Bern(0.100);s2:N(-0.750,0.850^2),Bern(0.250);s3:N(0.000,1.000^2),Bern(0.400);s4:N(0.750,1.150^2),Bern(0.550);s5:N(1.500,1.300^2),Bern(0.700)",25,"400/600/800/1200/2000","-4.5/-3.75/-3/-2.25/-1.5",0.668415309930608,0.656080963645262,0.177139987610108,0.0123343462853461,0.176887018027088,NA,500
"Federated landmark IPW","OR",10,-0.7,"high","s1:N(-1.500,0.700^2),Bern(0.100);s2:N(-0.750,0.850^2),Bern(0.250);s3:N(0.000,1.000^2),Bern(0.400);s4:N(0.750,1.150^2),Bern(0.550);s5:N(1.500,1.300^2),Bern(0.700)",25,"400/600/800/1200/2000","-4.5/-3.75/-3/-2.25/-1.5",0.650153044383225,0.686584522269671,0.170710337100466,-0.0364314778864459,0.166944624433429,NA,500
"Federated landmark IPW","OR",15,-0.7,"high","s1:N(-1.500,0.700^2),Bern(0.100);s2:N(-0.750,0.850^2),Bern(0.250);s3:N(0.000,1.000^2),Bern(0.400);s4:N(0.750,1.150^2),Bern(0.550);s5:N(1.500,1.300^2),Bern(0.700)",25,"400/600/800/1200/2000","-4.5/-3.75/-3/-2.25/-1.5",0.670809376521162,0.708147990922895,0.241791122961037,-0.0373386144017326,0.239129967381585,NA,500
"Federated landmark IPW","OR",5,-0.5,"high","s1:N(-1.500,0.700^2),Bern(0.100);s2:N(-0.750,0.850^2),Bern(0.250);s3:N(0.000,1.000^2),Bern(0.400);s4:N(0.750,1.150^2),Bern(0.550);s5:N(1.500,1.300^2),Bern(0.700)",25,"400/600/800/1200/2000","-4.5/-3.75/-3/-2.25/-1.5",0.792657702794892,0.742903006464303,0.27073668851964,0.0497546963305888,0.266392106136904,NA,500
"Federated landmark IPW","OR",10,-0.5,"high","s1:N(-1.500,0.700^2),Bern(0.100);s2:N(-0.750,0.850^2),Bern(0.250);s3:N(0.000,1.000^2),Bern(0.400);s4:N(0.750,1.150^2),Bern(0.550);s5:N(1.500,1.300^2),Bern(0.700)",25,"400/600/800/1200/2000","-4.5/-3.75/-3/-2.25/-1.5",0.75554733689268,0.763606572341415,0.249776775409194,-0.00805923544873543,0.249896744724385,NA,500
"Federated landmark IPW","OR",15,-0.5,"high","s1:N(-1.500,0.700^2),Bern(0.100);s2:N(-0.750,0.850^2),Bern(0.250);s3:N(0.000,1.000^2),Bern(0.400);s4:N(0.750,1.150^2),Bern(0.550);s5:N(1.500,1.300^2),Bern(0.700)",25,"400/600/800/1200/2000","-4.5/-3.75/-3/-2.25/-1.5",0.749788474771188,0.783667158564293,0.220739673502125,-0.0338786837931043,0.218342816261717,NA,500
"Federated landmark IPW","OR",5,-1,"low","s1:N(-0.250,0.950^2),Bern(0.350);s2:N(-0.125,0.975^2),Bern(0.375);s3:N(0.000,1.000^2),Bern(0.400);s4:N(0.125,1.025^2),Bern(0.425);s5:N(0.250,1.050^2),Bern(0.450)",25,"900/950/1000/1050/1100","-3.25/-3.125/-3/-2.875/-2.75",0.352964078105227,0.475928770893269,0.135539284982579,-0.122964692788043,0.0570709759310156,NA,500
"Federated landmark IPW","OR",10,-1,"low","s1:N(-0.250,0.950^2),Bern(0.350);s2:N(-0.125,0.975^2),Bern(0.375);s3:N(0.000,1.000^2),Bern(0.400);s4:N(0.125,1.025^2),Bern(0.425);s5:N(0.250,1.050^2),Bern(0.450)",25,"900/950/1000/1050/1100","-3.25/-3.125/-3/-2.875/-2.75",0.393244076555204,0.552030931146258,0.168576550701908,-0.158786854591054,0.0566675451822857,NA,500
"Federated landmark IPW","OR",15,-1,"low","s1:N(-0.250,0.950^2),Bern(0.350);s2:N(-0.125,0.975^2),Bern(0.375);s3:N(0.000,1.000^2),Bern(0.400);s4:N(0.125,1.025^2),Bern(0.425);s5:N(0.250,1.050^2),Bern(0.450)",25,"900/950/1000/1050/1100","-3.25/-3.125/-3/-2.875/-2.75",0.416961650759743,0.597168099952686,0.19027197829983,-0.180206449192943,0.0611271990551747,NA,500
"Federated landmark IPW","OR",5,-0.7,"low","s1:N(-0.250,0.950^2),Bern(0.350);s2:N(-0.125,0.975^2),Bern(0.375);s3:N(0.000,1.000^2),Bern(0.400);s4:N(0.125,1.025^2),Bern(0.425);s5:N(0.250,1.050^2),Bern(0.450)",25,"900/950/1000/1050/1100","-3.25/-3.125/-3/-2.875/-2.75",0.472467971138863,0.591529186114707,0.145623928938034,-0.119061214975844,0.0839335776596172,NA,500
"Federated landmark IPW","OR",10,-0.7,"low","s1:N(-0.250,0.950^2),Bern(0.350);s2:N(-0.125,0.975^2),Bern(0.375);s3:N(0.000,1.000^2),Bern(0.400);s4:N(0.125,1.025^2),Bern(0.425);s5:N(0.250,1.050^2),Bern(0.450)",25,"900/950/1000/1050/1100","-3.25/-3.125/-3/-2.875/-2.75",0.508792756236515,0.652160593852876,0.161308334629376,-0.143367837616361,0.0740067290860192,NA,500
"Federated landmark IPW","OR",15,-0.7,"low","s1:N(-0.250,0.950^2),Bern(0.350);s2:N(-0.125,0.975^2),Bern(0.375);s3:N(0.000,1.000^2),Bern(0.400);s4:N(0.125,1.025^2),Bern(0.425);s5:N(0.250,1.050^2),Bern(0.450)",25,"900/950/1000/1050/1100","-3.25/-3.125/-3/-2.875/-2.75",0.527414874173025,0.686989914469304,0.179740817810075,-0.159575040296279,0.082802660964495,NA,500
"Federated landmark IPW","OR",5,-0.5,"low","s1:N(-0.250,0.950^2),Bern(0.350);s2:N(-0.125,0.975^2),Bern(0.375);s3:N(0.000,1.000^2),Bern(0.400);s4:N(0.125,1.025^2),Bern(0.425);s5:N(0.250,1.050^2),Bern(0.450)",25,"900/950/1000/1050/1100","-3.25/-3.125/-3/-2.875/-2.75",0.578852187935229,0.682016554729679,0.155393714884322,-0.103164366794449,0.116324472124658,NA,500
"Federated landmark IPW","OR",10,-0.5,"low","s1:N(-0.250,0.950^2),Bern(0.350);s2:N(-0.125,0.975^2),Bern(0.375);s3:N(0.000,1.000^2),Bern(0.400);s4:N(0.125,1.025^2),Bern(0.425);s5:N(0.250,1.050^2),Bern(0.450)",25,"900/950/1000/1050/1100","-3.25/-3.125/-3/-2.875/-2.75",0.601717087322455,0.727068464075094,0.157827753340148,-0.125351376752639,0.0959951154747282,NA,500
"Federated landmark IPW","OR",15,-0.5,"low","s1:N(-0.250,0.950^2),Bern(0.350);s2:N(-0.125,0.975^2),Bern(0.375);s3:N(0.000,1.000^2),Bern(0.400);s4:N(0.125,1.025^2),Bern(0.425);s5:N(0.250,1.050^2),Bern(0.450)",25,"900/950/1000/1050/1100","-3.25/-3.125/-3/-2.875/-2.75",0.63321181610443,0.759770327842806,0.165762081003412,-0.126558511738377,0.107158651345869,NA,500
"Federated landmark IPW","OR",5,-1,"moderate","s1:N(-0.750,0.850^2),Bern(0.200);s2:N(-0.375,0.925^2),Bern(0.300);s3:N(0.000,1.000^2),Bern(0.400);s4:N(0.375,1.075^2),Bern(0.500);s5:N(0.750,1.150^2),Bern(0.600)",25,"600/800/1000/1200/1400","-3.75/-3.375/-3/-2.625/-2.25",0.39184299263638,0.499759136256722,0.130921090778667,-0.107916143620342,0.0741987119463575,NA,500
"Federated landmark IPW","OR",10,-1,"moderate","s1:N(-0.750,0.850^2),Bern(0.200);s2:N(-0.375,0.925^2),Bern(0.300);s3:N(0.000,1.000^2),Bern(0.400);s4:N(0.375,1.075^2),Bern(0.500);s5:N(0.750,1.150^2),Bern(0.600)",25,"600/800/1000/1200/1400","-3.75/-3.375/-3/-2.625/-2.25",0.42516342126576,0.558775098012193,0.147503918309488,-0.133611676746433,0.0625551920928588,NA,500
"Federated landmark IPW","OR",15,-1,"moderate","s1:N(-0.750,0.850^2),Bern(0.200);s2:N(-0.375,0.925^2),Bern(0.300);s3:N(0.000,1.000^2),Bern(0.400);s4:N(0.375,1.075^2),Bern(0.500);s5:N(0.750,1.150^2),Bern(0.600)",25,"600/800/1000/1200/1400","-3.75/-3.375/-3/-2.625/-2.25",0.442646281298455,0.594487539042253,0.170477729279283,-0.151841257743798,0.0775817406350362,NA,500
"Federated landmark IPW","OR",5,-0.7,"moderate","s1:N(-0.750,0.850^2),Bern(0.200);s2:N(-0.375,0.925^2),Bern(0.300);s3:N(0.000,1.000^2),Bern(0.400);s4:N(0.375,1.075^2),Bern(0.500);s5:N(0.750,1.150^2),Bern(0.600)",25,"600/800/1000/1200/1400","-3.75/-3.375/-3/-2.625/-2.25",0.506534996601701,0.608158939044208,0.148199533027485,-0.101623942442507,0.107976821122898,NA,500
"Federated landmark IPW","OR",10,-0.7,"moderate","s1:N(-0.750,0.850^2),Bern(0.200);s2:N(-0.375,0.925^2),Bern(0.300);s3:N(0.000,1.000^2),Bern(0.400);s4:N(0.375,1.075^2),Bern(0.500);s5:N(0.750,1.150^2),Bern(0.600)",25,"600/800/1000/1200/1400","-3.75/-3.375/-3/-2.625/-2.25",0.528174387485503,0.664286774313915,0.165748158039783,-0.136112386828412,0.09467733435588,NA,500
"Federated landmark IPW","OR",15,-0.7,"moderate","s1:N(-0.750,0.850^2),Bern(0.200);s2:N(-0.375,0.925^2),Bern(0.300);s3:N(0.000,1.000^2),Bern(0.400);s4:N(0.375,1.075^2),Bern(0.500);s5:N(0.750,1.150^2),Bern(0.600)",25,"600/800/1000/1200/1400","-3.75/-3.375/-3/-2.625/-2.25",0.554397840158714,0.690259316085312,0.180465186757494,-0.135861475926598,0.118901716669345,NA,500
"Federated landmark IPW","OR",5,-0.5,"moderate","s1:N(-0.750,0.850^2),Bern(0.200);s2:N(-0.375,0.925^2),Bern(0.300);s3:N(0.000,1.000^2),Bern(0.400);s4:N(0.375,1.075^2),Bern(0.500);s5:N(0.750,1.150^2),Bern(0.600)",25,"600/800/1000/1200/1400","-3.75/-3.375/-3/-2.625/-2.25",0.610025484824625,0.696578789087449,0.164305253169332,-0.0865533042628241,0.139799246775593,NA,500
"Federated landmark IPW","OR",10,-0.5,"moderate","s1:N(-0.750,0.850^2),Bern(0.200);s2:N(-0.375,0.925^2),Bern(0.300);s3:N(0.000,1.000^2),Bern(0.400);s4:N(0.375,1.075^2),Bern(0.500);s5:N(0.750,1.150^2),Bern(0.600)",25,"600/800/1000/1200/1400","-3.75/-3.375/-3/-2.625/-2.25",0.629299524810883,0.74658466419281,0.162390606896887,-0.117285139381927,0.112428580262409,NA,500
"Federated landmark IPW","OR",15,-0.5,"moderate","s1:N(-0.750,0.850^2),Bern(0.200);s2:N(-0.375,0.925^2),Bern(0.300);s3:N(0.000,1.000^2),Bern(0.400);s4:N(0.375,1.075^2),Bern(0.500);s5:N(0.750,1.150^2),Bern(0.600)",25,"600/800/1000/1200/1400","-3.75/-3.375/-3/-2.625/-2.25",0.652824939371447,0.766128647585312,0.170566927084864,-0.113303708213866,0.127624144128333,NA,500
"Federated IPW (no cloning)","OR",5,-1,"high","s1:N(-1.500,0.700^2),Bern(0.100);s2:N(-0.750,0.850^2),Bern(0.250);s3:N(0.000,1.000^2),Bern(0.400);s4:N(0.750,1.150^2),Bern(0.550);s5:N(1.500,1.300^2),Bern(0.700)",25,"400/600/800/1200/2000","-4.5/-3.75/-3/-2.25/-1.5",0.311804628256017,0.570059270867528,0.275340090269278,-0.258254642611511,0.095577062252156,NA,500
"Federated IPW (no cloning)","OR",10,-1,"high","s1:N(-1.500,0.700^2),Bern(0.100);s2:N(-0.750,0.850^2),Bern(0.250);s3:N(0.000,1.000^2),Bern(0.400);s4:N(0.750,1.150^2),Bern(0.550);s5:N(1.500,1.300^2),Bern(0.700)",25,"400/600/800/1200/2000","-4.5/-3.75/-3/-2.25/-1.5",0.224886945322998,0.589954226005931,0.370153106618282,-0.365067280682933,0.0612102630818307,NA,500
"Federated IPW (no cloning)","OR",15,-1,"high","s1:N(-1.500,0.700^2),Bern(0.100);s2:N(-0.750,0.850^2),Bern(0.250);s3:N(0.000,1.000^2),Bern(0.400);s4:N(0.750,1.150^2),Bern(0.550);s5:N(1.500,1.300^2),Bern(0.700)",25,"400/600/800/1200/2000","-4.5/-3.75/-3/-2.25/-1.5",0.192071183001978,0.578763501246256,0.39013556421475,-0.386692318244278,0.0517703565340091,NA,500
"Federated IPW (no cloning)","OR",5,-0.7,"high","s1:N(-1.500,0.700^2),Bern(0.100);s2:N(-0.750,0.850^2),Bern(0.250);s3:N(0.000,1.000^2),Bern(0.400);s4:N(0.750,1.150^2),Bern(0.550);s5:N(1.500,1.300^2),Bern(0.700)",25,"400/600/800/1200/2000","-4.5/-3.75/-3/-2.25/-1.5",0.408672862822083,0.656080963645262,0.278696733041467,-0.247408100823179,0.128429314538076,NA,500
"Federated IPW (no cloning)","OR",10,-0.7,"high","s1:N(-1.500,0.700^2),Bern(0.100);s2:N(-0.750,0.850^2),Bern(0.250);s3:N(0.000,1.000^2),Bern(0.400);s4:N(0.750,1.150^2),Bern(0.550);s5:N(1.500,1.300^2),Bern(0.700)",25,"400/600/800/1200/2000","-4.5/-3.75/-3/-2.25/-1.5",0.289350997469284,0.686584522269671,0.40650624298479,-0.397233524800387,0.0864163638215712,NA,500
"Federated IPW (no cloning)","OR",15,-0.7,"high","s1:N(-1.500,0.700^2),Bern(0.100);s2:N(-0.750,0.850^2),Bern(0.250);s3:N(0.000,1.000^2),Bern(0.400);s4:N(0.750,1.150^2),Bern(0.550);s5:N(1.500,1.300^2),Bern(0.700)",25,"400/600/800/1200/2000","-4.5/-3.75/-3/-2.25/-1.5",0.23648138292603,0.708147990922895,0.476842699456363,-0.471666607996865,0.0701385040120868,NA,500
"Federated IPW (no cloning)","OR",5,-0.5,"high","s1:N(-1.500,0.700^2),Bern(0.100);s2:N(-0.750,0.850^2),Bern(0.250);s3:N(0.000,1.000^2),Bern(0.400);s4:N(0.750,1.150^2),Bern(0.550);s5:N(1.500,1.300^2),Bern(0.700)",25,"400/600/800/1200/2000","-4.5/-3.75/-3/-2.25/-1.5",0.485515036195808,0.742903006464303,0.312717567308522,-0.257387970268495,0.177783361177157,NA,500
"Federated IPW (no cloning)","OR",10,-0.5,"high","s1:N(-1.500,0.700^2),Bern(0.100);s2:N(-0.750,0.850^2),Bern(0.250);s3:N(0.000,1.000^2),Bern(0.400);s4:N(0.750,1.150^2),Bern(0.550);s5:N(1.500,1.300^2),Bern(0.700)",25,"400/600/800/1200/2000","-4.5/-3.75/-3/-2.25/-1.5",0.339748864394305,0.763606572341415,0.439588298238475,-0.42385770794711,0.116660768177153,NA,500
"Federated IPW (no cloning)","OR",15,-0.5,"high","s1:N(-1.500,0.700^2),Bern(0.100);s2:N(-0.750,0.850^2),Bern(0.250);s3:N(0.000,1.000^2),Bern(0.400);s4:N(0.750,1.150^2),Bern(0.550);s5:N(1.500,1.300^2),Bern(0.700)",25,"400/600/800/1200/2000","-4.5/-3.75/-3/-2.25/-1.5",0.282507019400519,0.783667158564293,0.509681085605868,-0.501160139163774,0.0929009424491429,NA,500
"Federated IPW (no cloning)","OR",5,-1,"low","s1:N(-0.250,0.950^2),Bern(0.350);s2:N(-0.125,0.975^2),Bern(0.375);s3:N(0.000,1.000^2),Bern(0.400);s4:N(0.125,1.025^2),Bern(0.425);s5:N(0.250,1.050^2),Bern(0.450)",25,"900/950/1000/1050/1100","-3.25/-3.125/-3/-2.875/-2.75",0.272015192618148,0.475928770893269,0.207632556672243,-0.203913578275121,0.0391611846354578,NA,500
"Federated IPW (no cloning)","OR",10,-1,"low","s1:N(-0.250,0.950^2),Bern(0.350);s2:N(-0.125,0.975^2),Bern(0.375);s3:N(0.000,1.000^2),Bern(0.400);s4:N(0.125,1.025^2),Bern(0.425);s5:N(0.250,1.050^2),Bern(0.450)",25,"900/950/1000/1050/1100","-3.25/-3.125/-3/-2.875/-2.75",0.198202422229309,0.552030931146258,0.354652937750481,-0.353828508916949,0.0241922107045343,NA,500
"Federated IPW (no cloning)","OR",15,-1,"low","s1:N(-0.250,0.950^2),Bern(0.350);s2:N(-0.125,0.975^2),Bern(0.375);s3:N(0.000,1.000^2),Bern(0.400);s4:N(0.125,1.025^2),Bern(0.425);s5:N(0.250,1.050^2),Bern(0.450)",25,"900/950/1000/1050/1100","-3.25/-3.125/-3/-2.875/-2.75",0.158008403662592,0.597168099952686,0.43952600542407,-0.439159696290094,0.0179587201573956,NA,500
"Federated IPW (no cloning)","OR",5,-0.7,"low","s1:N(-0.250,0.950^2),Bern(0.350);s2:N(-0.125,0.975^2),Bern(0.375);s3:N(0.000,1.000^2),Bern(0.400);s4:N(0.125,1.025^2),Bern(0.425);s5:N(0.250,1.050^2),Bern(0.450)",25,"900/950/1000/1050/1100","-3.25/-3.125/-3/-2.875/-2.75",0.361837838886525,0.591529186114707,0.236743888451002,-0.229691347228182,0.0574120720706211,NA,500
"Federated IPW (no cloning)","OR",10,-0.7,"low","s1:N(-0.250,0.950^2),Bern(0.350);s2:N(-0.125,0.975^2),Bern(0.375);s3:N(0.000,1.000^2),Bern(0.400);s4:N(0.125,1.025^2),Bern(0.425);s5:N(0.250,1.050^2),Bern(0.450)",25,"900/950/1000/1050/1100","-3.25/-3.125/-3/-2.875/-2.75",0.260688250626516,0.652160593852876,0.39300369570766,-0.39147234322636,0.0346946215178483,NA,500
"Federated IPW (no cloning)","OR",15,-0.7,"low","s1:N(-0.250,0.950^2),Bern(0.350);s2:N(-0.125,0.975^2),Bern(0.375);s3:N(0.000,1.000^2),Bern(0.400);s4:N(0.125,1.025^2),Bern(0.425);s5:N(0.250,1.050^2),Bern(0.450)",25,"900/950/1000/1050/1100","-3.25/-3.125/-3/-2.875/-2.75",0.204896417183334,0.686989914469304,0.482825491937807,-0.48209349728597,0.0266032141210685,NA,500
"Federated IPW (no cloning)","OR",5,-0.5,"low","s1:N(-0.250,0.950^2),Bern(0.350);s2:N(-0.125,0.975^2),Bern(0.375);s3:N(0.000,1.000^2),Bern(0.400);s4:N(0.125,1.025^2),Bern(0.425);s5:N(0.250,1.050^2),Bern(0.450)",25,"900/950/1000/1050/1100","-3.25/-3.125/-3/-2.875/-2.75",0.442259830053589,0.682016554729679,0.254127534822548,-0.23975672467609,0.0843311354625076,NA,500
"Federated IPW (no cloning)","OR",10,-0.5,"low","s1:N(-0.250,0.950^2),Bern(0.350);s2:N(-0.125,0.975^2),Bern(0.375);s3:N(0.000,1.000^2),Bern(0.400);s4:N(0.125,1.025^2),Bern(0.425);s5:N(0.250,1.050^2),Bern(0.450)",25,"900/950/1000/1050/1100","-3.25/-3.125/-3/-2.875/-2.75",0.312964167900492,0.727068464075094,0.4168685304802,-0.414104296174602,0.0479750644405515,NA,500
"Federated IPW (no cloning)","OR",15,-0.5,"low","s1:N(-0.250,0.950^2),Bern(0.350);s2:N(-0.125,0.975^2),Bern(0.375);s3:N(0.000,1.000^2),Bern(0.400);s4:N(0.125,1.025^2),Bern(0.425);s5:N(0.250,1.050^2),Bern(0.450)",25,"900/950/1000/1050/1100","-3.25/-3.125/-3/-2.875/-2.75",0.246673066367432,0.759770327842806,0.514207281086743,-0.513097261475374,0.0338025652269717,NA,500
"Federated IPW (no cloning)","OR",5,-1,"moderate","s1:N(-0.750,0.850^2),Bern(0.200);s2:N(-0.375,0.925^2),Bern(0.300);s3:N(0.000,1.000^2),Bern(0.400);s4:N(0.375,1.075^2),Bern(0.500);s5:N(0.750,1.150^2),Bern(0.600)",25,"600/800/1000/1200/1400","-3.75/-3.375/-3/-2.625/-2.25",0.278881555236842,0.499759136256722,0.226086774898312,-0.22087758101988,0.0483010348404634,NA,500
"Federated IPW (no cloning)","OR",10,-1,"moderate","s1:N(-0.750,0.850^2),Bern(0.200);s2:N(-0.375,0.925^2),Bern(0.300);s3:N(0.000,1.000^2),Bern(0.400);s4:N(0.375,1.075^2),Bern(0.500);s5:N(0.750,1.150^2),Bern(0.600)",25,"600/800/1000/1200/1400","-3.75/-3.375/-3/-2.625/-2.25",0.204976946905532,0.558775098012193,0.355169519066815,-0.353798151106661,0.0312122404766372,NA,500
"Federated IPW (no cloning)","OR",15,-1,"moderate","s1:N(-0.750,0.850^2),Bern(0.200);s2:N(-0.375,0.925^2),Bern(0.300);s3:N(0.000,1.000^2),Bern(0.400);s4:N(0.375,1.075^2),Bern(0.500);s5:N(0.750,1.150^2),Bern(0.600)",25,"600/800/1000/1200/1400","-3.75/-3.375/-3/-2.625/-2.25",0.162389983825574,0.594487539042253,0.432823257261749,-0.43209755521668,0.0250785300162235,NA,500
"Federated IPW (no cloning)","OR",5,-0.7,"moderate","s1:N(-0.750,0.850^2),Bern(0.200);s2:N(-0.375,0.925^2),Bern(0.300);s3:N(0.000,1.000^2),Bern(0.400);s4:N(0.375,1.075^2),Bern(0.500);s5:N(0.750,1.150^2),Bern(0.600)",25,"600/800/1000/1200/1400","-3.75/-3.375/-3/-2.625/-2.25",0.365765006221443,0.608158939044208,0.25223452202421,-0.242393932822764,0.0698368800213548,NA,500
"Federated IPW (no cloning)","OR",10,-0.7,"moderate","s1:N(-0.750,0.850^2),Bern(0.200);s2:N(-0.375,0.925^2),Bern(0.300);s3:N(0.000,1.000^2),Bern(0.400);s4:N(0.375,1.075^2),Bern(0.500);s5:N(0.750,1.150^2),Bern(0.600)",25,"600/800/1000/1200/1400","-3.75/-3.375/-3/-2.625/-2.25",0.2596757741215,0.664286774313915,0.407230816897057,-0.404611000192415,0.0461642614150996,NA,500
"Federated IPW (no cloning)","OR",15,-0.7,"moderate","s1:N(-0.750,0.850^2),Bern(0.200);s2:N(-0.375,0.925^2),Bern(0.300);s3:N(0.000,1.000^2),Bern(0.400);s4:N(0.375,1.075^2),Bern(0.500);s5:N(0.750,1.150^2),Bern(0.600)",25,"600/800/1000/1200/1400","-3.75/-3.375/-3/-2.625/-2.25",0.208639188988466,0.690259316085312,0.482765129532876,-0.481620127096847,0.0332631378675219,NA,500
"Federated IPW (no cloning)","OR",5,-0.5,"moderate","s1:N(-0.750,0.850^2),Bern(0.200);s2:N(-0.375,0.925^2),Bern(0.300);s3:N(0.000,1.000^2),Bern(0.400);s4:N(0.375,1.075^2),Bern(0.500);s5:N(0.750,1.150^2),Bern(0.600)",25,"600/800/1000/1200/1400","-3.75/-3.375/-3/-2.625/-2.25",0.438640440253095,0.696578789087449,0.276954867301917,-0.257938348834354,0.100956382190725,NA,500
"Federated IPW (no cloning)","OR",10,-0.5,"moderate","s1:N(-0.750,0.850^2),Bern(0.200);s2:N(-0.375,0.925^2),Bern(0.300);s3:N(0.000,1.000^2),Bern(0.400);s4:N(0.375,1.075^2),Bern(0.500);s5:N(0.750,1.150^2),Bern(0.600)",25,"600/800/1000/1200/1400","-3.75/-3.375/-3/-2.625/-2.25",0.314699238782252,0.74658466419281,0.436213901611381,-0.431885425410559,0.0613602267908801,NA,500
"Federated IPW (no cloning)","OR",15,-0.5,"moderate","s1:N(-0.750,0.850^2),Bern(0.200);s2:N(-0.375,0.925^2),Bern(0.300);s3:N(0.000,1.000^2),Bern(0.400);s4:N(0.375,1.075^2),Bern(0.500);s5:N(0.750,1.150^2),Bern(0.600)",25,"600/800/1000/1200/1400","-3.75/-3.375/-3/-2.625/-2.25",0.249568824172654,0.766128647585312,0.518416361746747,-0.516559823412658,0.0438785096583402,NA,500
"Federated per-protocol (unweighted)","OR",5,-1,"high","s1:N(-1.500,0.700^2),Bern(0.100);s2:N(-0.750,0.850^2),Bern(0.250);s3:N(0.000,1.000^2),Bern(0.400);s4:N(0.750,1.150^2),Bern(0.550);s5:N(1.500,1.300^2),Bern(0.700)",25,"400/600/800/1200/2000","-4.5/-3.75/-3/-2.25/-1.5",4.13073553287108,0.570059270867528,3.58359886379575,3.56067626200355,0.405084634273433,NA,500
"Federated per-protocol (unweighted)","OR",10,-1,"high","s1:N(-1.500,0.700^2),Bern(0.100);s2:N(-0.750,0.850^2),Bern(0.250);s3:N(0.000,1.000^2),Bern(0.400);s4:N(0.750,1.150^2),Bern(0.550);s5:N(1.500,1.300^2),Bern(0.700)",25,"400/600/800/1200/2000","-4.5/-3.75/-3/-2.25/-1.5",3.09184313148881,0.589954226005931,2.51360059522054,2.50188890548288,0.242605795600313,NA,500
"Federated per-protocol (unweighted)","OR",15,-1,"high","s1:N(-1.500,0.700^2),Bern(0.100);s2:N(-0.750,0.850^2),Bern(0.250);s3:N(0.000,1.000^2),Bern(0.400);s4:N(0.750,1.150^2),Bern(0.550);s5:N(1.500,1.300^2),Bern(0.700)",25,"400/600/800/1200/2000","-4.5/-3.75/-3/-2.25/-1.5",2.58724632771189,0.578763501246256,2.01966299183747,2.00848282646564,0.212427840843942,NA,500
"Federated per-protocol (unweighted)","OR",5,-0.7,"high","s1:N(-1.500,0.700^2),Bern(0.100);s2:N(-0.750,0.850^2),Bern(0.250);s3:N(0.000,1.000^2),Bern(0.400);s4:N(0.750,1.150^2),Bern(0.550);s5:N(1.500,1.300^2),Bern(0.700)",25,"400/600/800/1200/2000","-4.5/-3.75/-3/-2.25/-1.5",5.90809088095273,0.656080963645262,5.29884136079053,5.25200991730747,0.703634705601077,NA,500
"Federated per-protocol (unweighted)","OR",10,-0.7,"high","s1:N(-1.500,0.700^2),Bern(0.100);s2:N(-0.750,0.850^2),Bern(0.250);s3:N(0.000,1.000^2),Bern(0.400);s4:N(0.750,1.150^2),Bern(0.550);s5:N(1.500,1.300^2),Bern(0.700)",25,"400/600/800/1200/2000","-4.5/-3.75/-3/-2.25/-1.5",4.24823501522437,0.686584522269671,3.57933439888289,3.56165049295469,0.355715577682949,NA,500
"Federated per-protocol (unweighted)","OR",15,-0.7,"high","s1:N(-1.500,0.700^2),Bern(0.100);s2:N(-0.750,0.850^2),Bern(0.250);s3:N(0.000,1.000^2),Bern(0.400);s4:N(0.750,1.150^2),Bern(0.550);s5:N(1.500,1.300^2),Bern(0.700)",25,"400/600/800/1200/2000","-4.5/-3.75/-3/-2.25/-1.5",3.44609664176915,0.708147990922895,2.75699808624977,2.73794865084625,0.323860160750763,NA,500
"Federated per-protocol (unweighted)","OR",5,-0.5,"high","s1:N(-1.500,0.700^2),Bern(0.100);s2:N(-0.750,0.850^2),Bern(0.250);s3:N(0.000,1.000^2),Bern(0.400);s4:N(0.750,1.150^2),Bern(0.550);s5:N(1.500,1.300^2),Bern(0.700)",25,"400/600/800/1200/2000","-4.5/-3.75/-3/-2.25/-1.5",7.62746422774575,0.742903006464303,6.94295852476943,6.88456122128145,0.899504354221084,NA,500
"Federated per-protocol (unweighted)","OR",10,-0.5,"high","s1:N(-1.500,0.700^2),Bern(0.100);s2:N(-0.750,0.850^2),Bern(0.250);s3:N(0.000,1.000^2),Bern(0.400);s4:N(0.750,1.150^2),Bern(0.550);s5:N(1.500,1.300^2),Bern(0.700)",25,"400/600/800/1200/2000","-4.5/-3.75/-3/-2.25/-1.5",5.30450024892801,0.763606572341415,4.5693208086287,4.54089367658659,0.50940775674149,NA,500
"Federated per-protocol (unweighted)","OR",15,-0.5,"high","s1:N(-1.500,0.700^2),Bern(0.100);s2:N(-0.750,0.850^2),Bern(0.250);s3:N(0.000,1.000^2),Bern(0.400);s4:N(0.750,1.150^2),Bern(0.550);s5:N(1.500,1.300^2),Bern(0.700)",25,"400/600/800/1200/2000","-4.5/-3.75/-3/-2.25/-1.5",4.23366003070178,0.783667158564293,3.46908563366312,3.44999287213748,0.363825581833345,NA,500
"Federated per-protocol (unweighted)","OR",5,-1,"low","s1:N(-0.250,0.950^2),Bern(0.350);s2:N(-0.125,0.975^2),Bern(0.375);s3:N(0.000,1.000^2),Bern(0.400);s4:N(0.125,1.025^2),Bern(0.425);s5:N(0.250,1.050^2),Bern(0.450)",25,"900/950/1000/1050/1100","-3.25/-3.125/-3/-2.875/-2.75",1.13108785349243,0.475928770893269,0.662784347477405,0.655159082599165,0.100348429801351,NA,500
"Federated per-protocol (unweighted)","OR",10,-1,"low","s1:N(-0.250,0.950^2),Bern(0.350);s2:N(-0.125,0.975^2),Bern(0.375);s3:N(0.000,1.000^2),Bern(0.400);s4:N(0.125,1.025^2),Bern(0.425);s5:N(0.250,1.050^2),Bern(0.450)",25,"900/950/1000/1050/1100","-3.25/-3.125/-3/-2.875/-2.75",0.85536335728353,0.552030931146258,0.310395735248461,0.303332426137272,0.0659062894729579,NA,500
"Federated per-protocol (unweighted)","OR",15,-1,"low","s1:N(-0.250,0.950^2),Bern(0.350);s2:N(-0.125,0.975^2),Bern(0.375);s3:N(0.000,1.000^2),Bern(0.400);s4:N(0.125,1.025^2),Bern(0.425);s5:N(0.250,1.050^2),Bern(0.450)",25,"900/950/1000/1050/1100","-3.25/-3.125/-3/-2.875/-2.75",0.691938073133523,0.597168099952686,0.106486155348747,0.0947699731808372,0.0486073947245134,NA,500
"Federated per-protocol (unweighted)","OR",5,-0.7,"low","s1:N(-0.250,0.950^2),Bern(0.350);s2:N(-0.125,0.975^2),Bern(0.375);s3:N(0.000,1.000^2),Bern(0.400);s4:N(0.125,1.025^2),Bern(0.425);s5:N(0.250,1.050^2),Bern(0.450)",25,"900/950/1000/1050/1100","-3.25/-3.125/-3/-2.875/-2.75",1.6043387241422,0.591529186114707,1.02447554569241,1.0128095380275,0.154319838736125,NA,500
"Federated per-protocol (unweighted)","OR",10,-0.7,"low","s1:N(-0.250,0.950^2),Bern(0.350);s2:N(-0.125,0.975^2),Bern(0.375);s3:N(0.000,1.000^2),Bern(0.400);s4:N(0.125,1.025^2),Bern(0.425);s5:N(0.250,1.050^2),Bern(0.450)",25,"900/950/1000/1050/1100","-3.25/-3.125/-3/-2.875/-2.75",1.17970207806434,0.652160593852876,0.536049854861894,0.527541484211469,0.0952237599674719,NA,500
"Federated per-protocol (unweighted)","OR",15,-0.7,"low","s1:N(-0.250,0.950^2),Bern(0.350);s2:N(-0.125,0.975^2),Bern(0.375);s3:N(0.000,1.000^2),Bern(0.400);s4:N(0.125,1.025^2),Bern(0.425);s5:N(0.250,1.050^2),Bern(0.450)",25,"900/950/1000/1050/1100","-3.25/-3.125/-3/-2.875/-2.75",0.932639193765175,0.686989914469304,0.255514118687615,0.245649279295871,0.0703832653278043,NA,500
"Federated per-protocol (unweighted)","OR",5,-0.5,"low","s1:N(-0.250,0.950^2),Bern(0.350);s2:N(-0.125,0.975^2),Bern(0.375);s3:N(0.000,1.000^2),Bern(0.400);s4:N(0.125,1.025^2),Bern(0.425);s5:N(0.250,1.050^2),Bern(0.450)",25,"900/950/1000/1050/1100","-3.25/-3.125/-3/-2.875/-2.75",2.03500902513357,0.682016554729679,1.36761951636664,1.35299247040389,0.19968541536005,NA,500
"Federated per-protocol (unweighted)","OR",10,-0.5,"low","s1:N(-0.250,0.950^2),Bern(0.350);s2:N(-0.125,0.975^2),Bern(0.375);s3:N(0.000,1.000^2),Bern(0.400);s4:N(0.125,1.025^2),Bern(0.425);s5:N(0.250,1.050^2),Bern(0.450)",25,"900/950/1000/1050/1100","-3.25/-3.125/-3/-2.875/-2.75",1.48705975863483,0.727068464075094,0.771398699508049,0.759991294559736,0.132303417130833,NA,500
"Federated per-protocol (unweighted)","OR",15,-0.5,"low","s1:N(-0.250,0.950^2),Bern(0.350);s2:N(-0.125,0.975^2),Bern(0.375);s3:N(0.000,1.000^2),Bern(0.400);s4:N(0.125,1.025^2),Bern(0.425);s5:N(0.250,1.050^2),Bern(0.450)",25,"900/950/1000/1050/1100","-3.25/-3.125/-3/-2.875/-2.75",1.16279545342945,0.759770327842806,0.415638970527902,0.403025125586644,0.101721169675169,NA,500
"Federated per-protocol (unweighted)","OR",5,-1,"moderate","s1:N(-0.750,0.850^2),Bern(0.200);s2:N(-0.375,0.925^2),Bern(0.300);s3:N(0.000,1.000^2),Bern(0.400);s4:N(0.375,1.075^2),Bern(0.500);s5:N(0.750,1.150^2),Bern(0.600)",25,"600/800/1000/1200/1400","-3.75/-3.375/-3/-2.625/-2.25",1.70471400931288,0.499759136256722,1.21415225492454,1.20495487305615,0.149311888732276,NA,500
"Federated per-protocol (unweighted)","OR",10,-1,"moderate","s1:N(-0.750,0.850^2),Bern(0.200);s2:N(-0.375,0.925^2),Bern(0.300);s3:N(0.000,1.000^2),Bern(0.400);s4:N(0.375,1.075^2),Bern(0.500);s5:N(0.750,1.150^2),Bern(0.600)",25,"600/800/1000/1200/1400","-3.75/-3.375/-3/-2.625/-2.25",1.26465530371199,0.558775098012193,0.712069940152168,0.705880205699799,0.0937780545573174,NA,500
"Federated per-protocol (unweighted)","OR",15,-1,"moderate","s1:N(-0.750,0.850^2),Bern(0.200);s2:N(-0.375,0.925^2),Bern(0.300);s3:N(0.000,1.000^2),Bern(0.400);s4:N(0.375,1.075^2),Bern(0.500);s5:N(0.750,1.150^2),Bern(0.600)",25,"600/800/1000/1200/1400","-3.75/-3.375/-3/-2.625/-2.25",1.01931987830856,0.594487539042253,0.431430571543517,0.424832339266309,0.0752405732541173,NA,500
"Federated per-protocol (unweighted)","OR",5,-0.7,"moderate","s1:N(-0.750,0.850^2),Bern(0.200);s2:N(-0.375,0.925^2),Bern(0.300);s3:N(0.000,1.000^2),Bern(0.400);s4:N(0.375,1.075^2),Bern(0.500);s5:N(0.750,1.150^2),Bern(0.600)",25,"600/800/1000/1200/1400","-3.75/-3.375/-3/-2.625/-2.25",2.43455482624398,0.608158939044208,1.84276999522123,1.82639588719977,0.245356308138441,NA,500
"Federated per-protocol (unweighted)","OR",10,-0.7,"moderate","s1:N(-0.750,0.850^2),Bern(0.200);s2:N(-0.375,0.925^2),Bern(0.300);s3:N(0.000,1.000^2),Bern(0.400);s4:N(0.375,1.075^2),Bern(0.500);s5:N(0.750,1.150^2),Bern(0.600)",25,"600/800/1000/1200/1400","-3.75/-3.375/-3/-2.625/-2.25",1.73907572522071,0.664286774313915,1.08489015573277,1.0747889509068,0.147848162561787,NA,500
"Federated per-protocol (unweighted)","OR",15,-0.7,"moderate","s1:N(-0.750,0.850^2),Bern(0.200);s2:N(-0.375,0.925^2),Bern(0.300);s3:N(0.000,1.000^2),Bern(0.400);s4:N(0.375,1.075^2),Bern(0.500);s5:N(0.750,1.150^2),Bern(0.600)",25,"600/800/1000/1200/1400","-3.75/-3.375/-3/-2.625/-2.25",1.36819117471661,0.690259316085312,0.686876183098378,0.677931858631295,0.11059723983641,NA,500
"Federated per-protocol (unweighted)","OR",5,-0.5,"moderate","s1:N(-0.750,0.850^2),Bern(0.200);s2:N(-0.375,0.925^2),Bern(0.300);s3:N(0.000,1.000^2),Bern(0.400);s4:N(0.375,1.075^2),Bern(0.500);s5:N(0.750,1.150^2),Bern(0.600)",25,"600/800/1000/1200/1400","-3.75/-3.375/-3/-2.625/-2.25",3.09362040167219,0.696578789087449,2.42363841250075,2.39704161258475,0.358429358865677,NA,500
"Federated per-protocol (unweighted)","OR",10,-0.5,"moderate","s1:N(-0.750,0.850^2),Bern(0.200);s2:N(-0.375,0.925^2),Bern(0.300);s3:N(0.000,1.000^2),Bern(0.400);s4:N(0.375,1.075^2),Bern(0.500);s5:N(0.750,1.150^2),Bern(0.600)",25,"600/800/1000/1200/1400","-3.75/-3.375/-3/-2.625/-2.25",2.1922787522086,0.74658466419281,1.45884943519431,1.44569408801579,0.195670263829885,NA,500
"Federated per-protocol (unweighted)","OR",15,-0.5,"moderate","s1:N(-0.750,0.850^2),Bern(0.200);s2:N(-0.375,0.925^2),Bern(0.300);s3:N(0.000,1.000^2),Bern(0.400);s4:N(0.375,1.075^2),Bern(0.500);s5:N(0.750,1.150^2),Bern(0.600)",25,"600/800/1000/1200/1400","-3.75/-3.375/-3/-2.625/-2.25",1.68781972943318,0.766128647585312,0.931987118744314,0.921691081847869,0.138288780169881,NA,500
"Federated CCW","RMST_diff",5,-1,"high","s1:N(-1.500,0.700^2),Bern(0.100);s2:N(-0.750,0.850^2),Bern(0.250);s3:N(0.000,1.000^2),Bern(0.400);s4:N(0.750,1.150^2),Bern(0.550);s5:N(1.500,1.300^2),Bern(0.700)",25,"400/600/800/1200/2000","-4.5/-3.75/-3/-2.25/-1.5",1.72138607401763,1.93077403175927,0.782356319736576,-0.209387957741648,0.75457063809845,0.842,500
"Federated CCW","RMST_diff",10,-1,"high","s1:N(-1.500,0.700^2),Bern(0.100);s2:N(-0.750,0.850^2),Bern(0.250);s3:N(0.000,1.000^2),Bern(0.400);s4:N(0.750,1.150^2),Bern(0.550);s5:N(1.500,1.300^2),Bern(0.700)",25,"400/600/800/1200/2000","-4.5/-3.75/-3/-2.25/-1.5",1.45543103127821,1.73980567501512,0.659858221297093,-0.284374643736913,0.596032250049496,0.824,500
"Federated CCW","RMST_diff",15,-1,"high","s1:N(-1.500,0.700^2),Bern(0.100);s2:N(-0.750,0.850^2),Bern(0.250);s3:N(0.000,1.000^2),Bern(0.400);s4:N(0.750,1.150^2),Bern(0.550);s5:N(1.500,1.300^2),Bern(0.700)",25,"400/600/800/1200/2000","-4.5/-3.75/-3/-2.25/-1.5",1.34013608087523,1.72959598557411,0.657124076035577,-0.389459904698881,0.52980602373238,0.74,500
"Federated CCW","RMST_diff",5,-0.7,"high","s1:N(-1.500,0.700^2),Bern(0.100);s2:N(-0.750,0.850^2),Bern(0.250);s3:N(0.000,1.000^2),Bern(0.400);s4:N(0.750,1.150^2),Bern(0.550);s5:N(1.500,1.300^2),Bern(0.700)",25,"400/600/800/1200/2000","-4.5/-3.75/-3/-2.25/-1.5",1.01662629570977,1.40468162628584,0.83760960263734,-0.38805533057607,0.743039111409318,0.82,500
"Federated CCW","RMST_diff",10,-0.7,"high","s1:N(-1.500,0.700^2),Bern(0.100);s2:N(-0.750,0.850^2),Bern(0.250);s3:N(0.000,1.000^2),Bern(0.400);s4:N(0.750,1.150^2),Bern(0.550);s5:N(1.500,1.300^2),Bern(0.700)",25,"400/600/800/1200/2000","-4.5/-3.75/-3/-2.25/-1.5",0.882598431012661,1.20041031709893,0.651210849128125,-0.317811886086267,0.56896275124922,0.818,500
"Federated CCW","RMST_diff",15,-0.7,"high","s1:N(-1.500,0.700^2),Bern(0.100);s2:N(-0.750,0.850^2),Bern(0.250);s3:N(0.000,1.000^2),Bern(0.400);s4:N(0.750,1.150^2),Bern(0.550);s5:N(1.500,1.300^2),Bern(0.700)",25,"400/600/800/1200/2000","-4.5/-3.75/-3/-2.25/-1.5",0.865416867890026,1.14136350629262,0.607400969618219,-0.275946638402592,0.541642080098406,0.796,500
"Federated CCW","RMST_diff",5,-0.5,"high","s1:N(-1.500,0.700^2),Bern(0.100);s2:N(-0.750,0.850^2),Bern(0.250);s3:N(0.000,1.000^2),Bern(0.400);s4:N(0.750,1.150^2),Bern(0.550);s5:N(1.500,1.300^2),Bern(0.700)",25,"400/600/800/1200/2000","-4.5/-3.75/-3/-2.25/-1.5",0.584256181934111,0.970502621150452,0.837151693715013,-0.386246439216341,0.74346629428919,0.792,500
"Federated CCW","RMST_diff",10,-0.5,"high","s1:N(-1.500,0.700^2),Bern(0.100);s2:N(-0.750,0.850^2),Bern(0.250);s3:N(0.000,1.000^2),Bern(0.400);s4:N(0.750,1.150^2),Bern(0.550);s5:N(1.500,1.300^2),Bern(0.700)",25,"400/600/800/1200/2000","-4.5/-3.75/-3/-2.25/-1.5",0.542726588533628,0.82672396342548,0.681275678968525,-0.283997374891852,0.619879458358115,0.8,500
"Federated CCW","RMST_diff",15,-0.5,"high","s1:N(-1.500,0.700^2),Bern(0.100);s2:N(-0.750,0.850^2),Bern(0.250);s3:N(0.000,1.000^2),Bern(0.400);s4:N(0.750,1.150^2),Bern(0.550);s5:N(1.500,1.300^2),Bern(0.700)",25,"400/600/800/1200/2000","-4.5/-3.75/-3/-2.25/-1.5",0.471845997834445,0.771349886874094,0.622788109227608,-0.299503889039649,0.546589397431191,0.798,500
"Federated CCW","RMST_diff",5,-1,"low","s1:N(-0.250,0.950^2),Bern(0.350);s2:N(-0.125,0.975^2),Bern(0.375);s3:N(0.000,1.000^2),Bern(0.400);s4:N(0.125,1.025^2),Bern(0.425);s5:N(0.250,1.050^2),Bern(0.450)",25,"900/950/1000/1050/1100","-3.25/-3.125/-3/-2.875/-2.75",2.37177496751465,2.37545980047054,0.342745124137863,-0.00368483295589471,0.343068556114891,0.958,500
"Federated CCW","RMST_diff",10,-1,"low","s1:N(-0.250,0.950^2),Bern(0.350);s2:N(-0.125,0.975^2),Bern(0.375);s3:N(0.000,1.000^2),Bern(0.400);s4:N(0.125,1.025^2),Bern(0.425);s5:N(0.250,1.050^2),Bern(0.450)",25,"900/950/1000/1050/1100","-3.25/-3.125/-3/-2.875/-2.75",1.59840502162349,1.58843006841647,0.211059032869523,0.00997495320702342,0.211034325733069,0.972,500
"Federated CCW","RMST_diff",15,-1,"low","s1:N(-0.250,0.950^2),Bern(0.350);s2:N(-0.125,0.975^2),Bern(0.375);s3:N(0.000,1.000^2),Bern(0.400);s4:N(0.125,1.025^2),Bern(0.425);s5:N(0.250,1.050^2),Bern(0.450)",25,"900/950/1000/1050/1100","-3.25/-3.125/-3/-2.875/-2.75",1.35353593596708,1.33971347240983,0.175064066043822,0.0138224635572507,0.174692305280033,0.978,500
"Federated CCW","RMST_diff",5,-0.7,"low","s1:N(-0.250,0.950^2),Bern(0.350);s2:N(-0.125,0.975^2),Bern(0.375);s3:N(0.000,1.000^2),Bern(0.400);s4:N(0.125,1.025^2),Bern(0.425);s5:N(0.250,1.050^2),Bern(0.450)",25,"900/950/1000/1050/1100","-3.25/-3.125/-3/-2.875/-2.75",1.64298902900864,1.64046381697475,0.372606087745874,0.00252521203389369,0.372970688121554,0.948,500
"Federated CCW","RMST_diff",10,-0.7,"low","s1:N(-0.250,0.950^2),Bern(0.350);s2:N(-0.125,0.975^2),Bern(0.375);s3:N(0.000,1.000^2),Bern(0.400);s4:N(0.125,1.025^2),Bern(0.425);s5:N(0.250,1.050^2),Bern(0.450)",25,"900/950/1000/1050/1100","-3.25/-3.125/-3/-2.875/-2.75",1.11577200921462,1.12432064688054,0.221209502349159,-0.00854863766591658,0.221265636028267,0.962,500
"Federated CCW","RMST_diff",15,-0.7,"low","s1:N(-0.250,0.950^2),Bern(0.350);s2:N(-0.125,0.975^2),Bern(0.375);s3:N(0.000,1.000^2),Bern(0.400);s4:N(0.125,1.025^2),Bern(0.425);s5:N(0.250,1.050^2),Bern(0.450)",25,"900/950/1000/1050/1100","-3.25/-3.125/-3/-2.875/-2.75",0.960883701622594,0.953684183609946,0.172758992852571,0.00719951801264803,0.172781780402618,0.976,500
"Federated CCW","RMST_diff",5,-0.5,"low","s1:N(-0.250,0.950^2),Bern(0.350);s2:N(-0.125,0.975^2),Bern(0.375);s3:N(0.000,1.000^2),Bern(0.400);s4:N(0.125,1.025^2),Bern(0.425);s5:N(0.250,1.050^2),Bern(0.450)",25,"900/950/1000/1050/1100","-3.25/-3.125/-3/-2.875/-2.75",1.16904122609699,1.18622120421974,0.428183721219789,-0.017179978122755,0.428267408771855,0.914,500
"Federated CCW","RMST_diff",10,-0.5,"low","s1:N(-0.250,0.950^2),Bern(0.350);s2:N(-0.125,0.975^2),Bern(0.375);s3:N(0.000,1.000^2),Bern(0.400);s4:N(0.125,1.025^2),Bern(0.425);s5:N(0.250,1.050^2),Bern(0.450)",25,"900/950/1000/1050/1100","-3.25/-3.125/-3/-2.875/-2.75",0.802301633244438,0.810393609763048,0.236162223430814,-0.00809197651861043,0.236259927195037,0.95,500
"Federated CCW","RMST_diff",15,-0.5,"low","s1:N(-0.250,0.950^2),Bern(0.350);s2:N(-0.125,0.975^2),Bern(0.375);s3:N(0.000,1.000^2),Bern(0.400);s4:N(0.125,1.025^2),Bern(0.425);s5:N(0.250,1.050^2),Bern(0.450)",25,"900/950/1000/1050/1100","-3.25/-3.125/-3/-2.875/-2.75",0.673955557888793,0.68544314828566,0.176805964984315,-0.0114875903968675,0.176609076927021,0.948,500
"Federated CCW","RMST_diff",5,-1,"moderate","s1:N(-0.750,0.850^2),Bern(0.200);s2:N(-0.375,0.925^2),Bern(0.300);s3:N(0.000,1.000^2),Bern(0.400);s4:N(0.375,1.075^2),Bern(0.500);s5:N(0.750,1.150^2),Bern(0.600)",25,"600/800/1000/1200/1400","-3.75/-3.375/-3/-2.625/-2.25",2.21755859583978,2.23248658292737,0.423260538029355,-0.0149279870875845,0.423420841092825,0.96,500
"Federated CCW","RMST_diff",10,-1,"moderate","s1:N(-0.750,0.850^2),Bern(0.200);s2:N(-0.375,0.925^2),Bern(0.300);s3:N(0.000,1.000^2),Bern(0.400);s4:N(0.375,1.075^2),Bern(0.500);s5:N(0.750,1.150^2),Bern(0.600)",25,"600/800/1000/1200/1400","-3.75/-3.375/-3/-2.625/-2.25",1.61369748374607,1.64101152045532,0.279446408419435,-0.0273140367092517,0.278386847841757,0.952,500
"Federated CCW","RMST_diff",15,-1,"moderate","s1:N(-0.750,0.850^2),Bern(0.200);s2:N(-0.375,0.925^2),Bern(0.300);s3:N(0.000,1.000^2),Bern(0.400);s4:N(0.375,1.075^2),Bern(0.500);s5:N(0.750,1.150^2),Bern(0.600)",25,"600/800/1000/1200/1400","-3.75/-3.375/-3/-2.625/-2.25",1.46102670986352,1.45725736330896,0.24852739145891,0.00376934655455847,0.248747677669992,0.938,500
"Federated CCW","RMST_diff",5,-0.7,"moderate","s1:N(-0.750,0.850^2),Bern(0.200);s2:N(-0.375,0.925^2),Bern(0.300);s3:N(0.000,1.000^2),Bern(0.400);s4:N(0.375,1.075^2),Bern(0.500);s5:N(0.750,1.150^2),Bern(0.600)",25,"600/800/1000/1200/1400","-3.75/-3.375/-3/-2.625/-2.25",1.53621432901313,1.56928167073836,0.465452618058757,-0.0330673417252291,0.464741497919817,0.946,500
"Federated CCW","RMST_diff",10,-0.7,"moderate","s1:N(-0.750,0.850^2),Bern(0.200);s2:N(-0.375,0.925^2),Bern(0.300);s3:N(0.000,1.000^2),Bern(0.400);s4:N(0.375,1.075^2),Bern(0.500);s5:N(0.750,1.150^2),Bern(0.600)",25,"600/800/1000/1200/1400","-3.75/-3.375/-3/-2.625/-2.25",1.16285689037519,1.15477034770933,0.354580131733113,0.00808654266586232,0.354842929557429,0.944,500
"Federated CCW","RMST_diff",15,-0.7,"moderate","s1:N(-0.750,0.850^2),Bern(0.200);s2:N(-0.375,0.925^2),Bern(0.300);s3:N(0.000,1.000^2),Bern(0.400);s4:N(0.375,1.075^2),Bern(0.500);s5:N(0.750,1.150^2),Bern(0.600)",25,"600/800/1000/1200/1400","-3.75/-3.375/-3/-2.625/-2.25",1.01295546899646,1.0304365982005,0.264171103429082,-0.0174811292040417,0.263856063134422,0.956,500
"Federated CCW","RMST_diff",5,-0.5,"moderate","s1:N(-0.750,0.850^2),Bern(0.200);s2:N(-0.375,0.925^2),Bern(0.300);s3:N(0.000,1.000^2),Bern(0.400);s4:N(0.375,1.075^2),Bern(0.500);s5:N(0.750,1.150^2),Bern(0.600)",25,"600/800/1000/1200/1400","-3.75/-3.375/-3/-2.625/-2.25",1.08124289381919,1.11981562919204,0.48202360600747,-0.0385727353728486,0.480958983617258,0.928,500
"Federated CCW","RMST_diff",10,-0.5,"moderate","s1:N(-0.750,0.850^2),Bern(0.200);s2:N(-0.375,0.925^2),Bern(0.300);s3:N(0.000,1.000^2),Bern(0.400);s4:N(0.375,1.075^2),Bern(0.500);s5:N(0.750,1.150^2),Bern(0.600)",25,"600/800/1000/1200/1400","-3.75/-3.375/-3/-2.625/-2.25",0.792850961691858,0.817083210880934,0.339845610382622,-0.0242322491890764,0.339320074888032,0.936,500
"Federated CCW","RMST_diff",15,-0.5,"moderate","s1:N(-0.750,0.850^2),Bern(0.200);s2:N(-0.375,0.925^2),Bern(0.300);s3:N(0.000,1.000^2),Bern(0.400);s4:N(0.375,1.075^2),Bern(0.500);s5:N(0.750,1.150^2),Bern(0.600)",25,"600/800/1000/1200/1400","-3.75/-3.375/-3/-2.625/-2.25",0.716001878631729,0.727611237452829,0.261302547339809,-0.0116093588210997,0.261305961748534,0.934,500
"Pooled CCW (site-stratified)","RMST_diff",5,-1,"high","s1:N(-1.500,0.700^2),Bern(0.100);s2:N(-0.750,0.850^2),Bern(0.250);s3:N(0.000,1.000^2),Bern(0.400);s4:N(0.750,1.150^2),Bern(0.550);s5:N(1.500,1.300^2),Bern(0.700)",25,"400/600/800/1200/2000","-4.5/-3.75/-3/-2.25/-1.5",1.72138607401763,1.93077403175927,0.782356319736576,-0.209387957741648,0.75457063809845,0.842,500
"Pooled CCW (site-stratified)","RMST_diff",10,-1,"high","s1:N(-1.500,0.700^2),Bern(0.100);s2:N(-0.750,0.850^2),Bern(0.250);s3:N(0.000,1.000^2),Bern(0.400);s4:N(0.750,1.150^2),Bern(0.550);s5:N(1.500,1.300^2),Bern(0.700)",25,"400/600/800/1200/2000","-4.5/-3.75/-3/-2.25/-1.5",1.45543103127821,1.73980567501512,0.659858221297093,-0.284374643736913,0.596032250049496,0.824,500
"Pooled CCW (site-stratified)","RMST_diff",15,-1,"high","s1:N(-1.500,0.700^2),Bern(0.100);s2:N(-0.750,0.850^2),Bern(0.250);s3:N(0.000,1.000^2),Bern(0.400);s4:N(0.750,1.150^2),Bern(0.550);s5:N(1.500,1.300^2),Bern(0.700)",25,"400/600/800/1200/2000","-4.5/-3.75/-3/-2.25/-1.5",1.34013608087523,1.72959598557411,0.657124076035577,-0.389459904698881,0.52980602373238,0.74,500
"Pooled CCW (site-stratified)","RMST_diff",5,-0.7,"high","s1:N(-1.500,0.700^2),Bern(0.100);s2:N(-0.750,0.850^2),Bern(0.250);s3:N(0.000,1.000^2),Bern(0.400);s4:N(0.750,1.150^2),Bern(0.550);s5:N(1.500,1.300^2),Bern(0.700)",25,"400/600/800/1200/2000","-4.5/-3.75/-3/-2.25/-1.5",1.01662629570977,1.40468162628584,0.83760960263734,-0.38805533057607,0.743039111409318,0.82,500
"Pooled CCW (site-stratified)","RMST_diff",10,-0.7,"high","s1:N(-1.500,0.700^2),Bern(0.100);s2:N(-0.750,0.850^2),Bern(0.250);s3:N(0.000,1.000^2),Bern(0.400);s4:N(0.750,1.150^2),Bern(0.550);s5:N(1.500,1.300^2),Bern(0.700)",25,"400/600/800/1200/2000","-4.5/-3.75/-3/-2.25/-1.5",0.882598431012661,1.20041031709893,0.651210849128125,-0.317811886086267,0.56896275124922,0.818,500
"Pooled CCW (site-stratified)","RMST_diff",15,-0.7,"high","s1:N(-1.500,0.700^2),Bern(0.100);s2:N(-0.750,0.850^2),Bern(0.250);s3:N(0.000,1.000^2),Bern(0.400);s4:N(0.750,1.150^2),Bern(0.550);s5:N(1.500,1.300^2),Bern(0.700)",25,"400/600/800/1200/2000","-4.5/-3.75/-3/-2.25/-1.5",0.865416867890026,1.14136350629262,0.607400969618219,-0.275946638402592,0.541642080098406,0.796,500
"Pooled CCW (site-stratified)","RMST_diff",5,-0.5,"high","s1:N(-1.500,0.700^2),Bern(0.100);s2:N(-0.750,0.850^2),Bern(0.250);s3:N(0.000,1.000^2),Bern(0.400);s4:N(0.750,1.150^2),Bern(0.550);s5:N(1.500,1.300^2),Bern(0.700)",25,"400/600/800/1200/2000","-4.5/-3.75/-3/-2.25/-1.5",0.584256181934111,0.970502621150452,0.837151693715013,-0.386246439216341,0.74346629428919,0.792,500
"Pooled CCW (site-stratified)","RMST_diff",10,-0.5,"high","s1:N(-1.500,0.700^2),Bern(0.100);s2:N(-0.750,0.850^2),Bern(0.250);s3:N(0.000,1.000^2),Bern(0.400);s4:N(0.750,1.150^2),Bern(0.550);s5:N(1.500,1.300^2),Bern(0.700)",25,"400/600/800/1200/2000","-4.5/-3.75/-3/-2.25/-1.5",0.542726588533628,0.82672396342548,0.681275678968525,-0.283997374891852,0.619879458358115,0.8,500
"Pooled CCW (site-stratified)","RMST_diff",15,-0.5,"high","s1:N(-1.500,0.700^2),Bern(0.100);s2:N(-0.750,0.850^2),Bern(0.250);s3:N(0.000,1.000^2),Bern(0.400);s4:N(0.750,1.150^2),Bern(0.550);s5:N(1.500,1.300^2),Bern(0.700)",25,"400/600/800/1200/2000","-4.5/-3.75/-3/-2.25/-1.5",0.471845997834445,0.771349886874094,0.622788109227608,-0.299503889039649,0.546589397431191,0.798,500
"Pooled CCW (site-stratified)","RMST_diff",5,-1,"low","s1:N(-0.250,0.950^2),Bern(0.350);s2:N(-0.125,0.975^2),Bern(0.375);s3:N(0.000,1.000^2),Bern(0.400);s4:N(0.125,1.025^2),Bern(0.425);s5:N(0.250,1.050^2),Bern(0.450)",25,"900/950/1000/1050/1100","-3.25/-3.125/-3/-2.875/-2.75",2.37177496751465,2.37545980047054,0.342745124137863,-0.00368483295589471,0.343068556114891,0.958,500
"Pooled CCW (site-stratified)","RMST_diff",10,-1,"low","s1:N(-0.250,0.950^2),Bern(0.350);s2:N(-0.125,0.975^2),Bern(0.375);s3:N(0.000,1.000^2),Bern(0.400);s4:N(0.125,1.025^2),Bern(0.425);s5:N(0.250,1.050^2),Bern(0.450)",25,"900/950/1000/1050/1100","-3.25/-3.125/-3/-2.875/-2.75",1.59840502162349,1.58843006841647,0.211059032869523,0.00997495320702342,0.211034325733069,0.972,500
"Pooled CCW (site-stratified)","RMST_diff",15,-1,"low","s1:N(-0.250,0.950^2),Bern(0.350);s2:N(-0.125,0.975^2),Bern(0.375);s3:N(0.000,1.000^2),Bern(0.400);s4:N(0.125,1.025^2),Bern(0.425);s5:N(0.250,1.050^2),Bern(0.450)",25,"900/950/1000/1050/1100","-3.25/-3.125/-3/-2.875/-2.75",1.35353593596708,1.33971347240983,0.175064066043822,0.0138224635572507,0.174692305280033,0.978,500
"Pooled CCW (site-stratified)","RMST_diff",5,-0.7,"low","s1:N(-0.250,0.950^2),Bern(0.350);s2:N(-0.125,0.975^2),Bern(0.375);s3:N(0.000,1.000^2),Bern(0.400);s4:N(0.125,1.025^2),Bern(0.425);s5:N(0.250,1.050^2),Bern(0.450)",25,"900/950/1000/1050/1100","-3.25/-3.125/-3/-2.875/-2.75",1.64298902900864,1.64046381697475,0.372606087745874,0.00252521203389369,0.372970688121554,0.948,500
"Pooled CCW (site-stratified)","RMST_diff",10,-0.7,"low","s1:N(-0.250,0.950^2),Bern(0.350);s2:N(-0.125,0.975^2),Bern(0.375);s3:N(0.000,1.000^2),Bern(0.400);s4:N(0.125,1.025^2),Bern(0.425);s5:N(0.250,1.050^2),Bern(0.450)",25,"900/950/1000/1050/1100","-3.25/-3.125/-3/-2.875/-2.75",1.11577200921462,1.12432064688054,0.221209502349159,-0.00854863766591658,0.221265636028267,0.962,500
"Pooled CCW (site-stratified)","RMST_diff",15,-0.7,"low","s1:N(-0.250,0.950^2),Bern(0.350);s2:N(-0.125,0.975^2),Bern(0.375);s3:N(0.000,1.000^2),Bern(0.400);s4:N(0.125,1.025^2),Bern(0.425);s5:N(0.250,1.050^2),Bern(0.450)",25,"900/950/1000/1050/1100","-3.25/-3.125/-3/-2.875/-2.75",0.960883701622594,0.953684183609946,0.172758992852571,0.00719951801264803,0.172781780402618,0.976,500
"Pooled CCW (site-stratified)","RMST_diff",5,-0.5,"low","s1:N(-0.250,0.950^2),Bern(0.350);s2:N(-0.125,0.975^2),Bern(0.375);s3:N(0.000,1.000^2),Bern(0.400);s4:N(0.125,1.025^2),Bern(0.425);s5:N(0.250,1.050^2),Bern(0.450)",25,"900/950/1000/1050/1100","-3.25/-3.125/-3/-2.875/-2.75",1.16904122609699,1.18622120421974,0.428183721219789,-0.017179978122755,0.428267408771855,0.914,500
"Pooled CCW (site-stratified)","RMST_diff",10,-0.5,"low","s1:N(-0.250,0.950^2),Bern(0.350);s2:N(-0.125,0.975^2),Bern(0.375);s3:N(0.000,1.000^2),Bern(0.400);s4:N(0.125,1.025^2),Bern(0.425);s5:N(0.250,1.050^2),Bern(0.450)",25,"900/950/1000/1050/1100","-3.25/-3.125/-3/-2.875/-2.75",0.802301633244438,0.810393609763048,0.236162223430814,-0.00809197651861043,0.236259927195037,0.95,500
"Pooled CCW (site-stratified)","RMST_diff",15,-0.5,"low","s1:N(-0.250,0.950^2),Bern(0.350);s2:N(-0.125,0.975^2),Bern(0.375);s3:N(0.000,1.000^2),Bern(0.400);s4:N(0.125,1.025^2),Bern(0.425);s5:N(0.250,1.050^2),Bern(0.450)",25,"900/950/1000/1050/1100","-3.25/-3.125/-3/-2.875/-2.75",0.673955557888793,0.68544314828566,0.176805964984315,-0.0114875903968675,0.176609076927021,0.948,500
"Pooled CCW (site-stratified)","RMST_diff",5,-1,"moderate","s1:N(-0.750,0.850^2),Bern(0.200);s2:N(-0.375,0.925^2),Bern(0.300);s3:N(0.000,1.000^2),Bern(0.400);s4:N(0.375,1.075^2),Bern(0.500);s5:N(0.750,1.150^2),Bern(0.600)",25,"600/800/1000/1200/1400","-3.75/-3.375/-3/-2.625/-2.25",2.21755859583978,2.23248658292737,0.423260538029355,-0.0149279870875845,0.423420841092825,0.96,500
"Pooled CCW (site-stratified)","RMST_diff",10,-1,"moderate","s1:N(-0.750,0.850^2),Bern(0.200);s2:N(-0.375,0.925^2),Bern(0.300);s3:N(0.000,1.000^2),Bern(0.400);s4:N(0.375,1.075^2),Bern(0.500);s5:N(0.750,1.150^2),Bern(0.600)",25,"600/800/1000/1200/1400","-3.75/-3.375/-3/-2.625/-2.25",1.61369748374607,1.64101152045532,0.279446408419435,-0.0273140367092517,0.278386847841757,0.952,500
"Pooled CCW (site-stratified)","RMST_diff",15,-1,"moderate","s1:N(-0.750,0.850^2),Bern(0.200);s2:N(-0.375,0.925^2),Bern(0.300);s3:N(0.000,1.000^2),Bern(0.400);s4:N(0.375,1.075^2),Bern(0.500);s5:N(0.750,1.150^2),Bern(0.600)",25,"600/800/1000/1200/1400","-3.75/-3.375/-3/-2.625/-2.25",1.46102670986352,1.45725736330896,0.24852739145891,0.00376934655455847,0.248747677669992,0.938,500
"Pooled CCW (site-stratified)","RMST_diff",5,-0.7,"moderate","s1:N(-0.750,0.850^2),Bern(0.200);s2:N(-0.375,0.925^2),Bern(0.300);s3:N(0.000,1.000^2),Bern(0.400);s4:N(0.375,1.075^2),Bern(0.500);s5:N(0.750,1.150^2),Bern(0.600)",25,"600/800/1000/1200/1400","-3.75/-3.375/-3/-2.625/-2.25",1.53621432901313,1.56928167073836,0.465452618058757,-0.0330673417252291,0.464741497919817,0.946,500
"Pooled CCW (site-stratified)","RMST_diff",10,-0.7,"moderate","s1:N(-0.750,0.850^2),Bern(0.200);s2:N(-0.375,0.925^2),Bern(0.300);s3:N(0.000,1.000^2),Bern(0.400);s4:N(0.375,1.075^2),Bern(0.500);s5:N(0.750,1.150^2),Bern(0.600)",25,"600/800/1000/1200/1400","-3.75/-3.375/-3/-2.625/-2.25",1.16285689037519,1.15477034770933,0.354580131733113,0.00808654266586232,0.354842929557429,0.944,500
"Pooled CCW (site-stratified)","RMST_diff",15,-0.7,"moderate","s1:N(-0.750,0.850^2),Bern(0.200);s2:N(-0.375,0.925^2),Bern(0.300);s3:N(0.000,1.000^2),Bern(0.400);s4:N(0.375,1.075^2),Bern(0.500);s5:N(0.750,1.150^2),Bern(0.600)",25,"600/800/1000/1200/1400","-3.75/-3.375/-3/-2.625/-2.25",1.01295546899646,1.0304365982005,0.264171103429082,-0.0174811292040417,0.263856063134422,0.956,500
"Pooled CCW (site-stratified)","RMST_diff",5,-0.5,"moderate","s1:N(-0.750,0.850^2),Bern(0.200);s2:N(-0.375,0.925^2),Bern(0.300);s3:N(0.000,1.000^2),Bern(0.400);s4:N(0.375,1.075^2),Bern(0.500);s5:N(0.750,1.150^2),Bern(0.600)",25,"600/800/1000/1200/1400","-3.75/-3.375/-3/-2.625/-2.25",1.08124289381919,1.11981562919204,0.48202360600747,-0.0385727353728486,0.480958983617258,0.928,500
"Pooled CCW (site-stratified)","RMST_diff",10,-0.5,"moderate","s1:N(-0.750,0.850^2),Bern(0.200);s2:N(-0.375,0.925^2),Bern(0.300);s3:N(0.000,1.000^2),Bern(0.400);s4:N(0.375,1.075^2),Bern(0.500);s5:N(0.750,1.150^2),Bern(0.600)",25,"600/800/1000/1200/1400","-3.75/-3.375/-3/-2.625/-2.25",0.792850961691858,0.817083210880934,0.339845610382622,-0.0242322491890764,0.339320074888032,0.936,500
"Pooled CCW (site-stratified)","RMST_diff",15,-0.5,"moderate","s1:N(-0.750,0.850^2),Bern(0.200);s2:N(-0.375,0.925^2),Bern(0.300);s3:N(0.000,1.000^2),Bern(0.400);s4:N(0.375,1.075^2),Bern(0.500);s5:N(0.750,1.150^2),Bern(0.600)",25,"600/800/1000/1200/1400","-3.75/-3.375/-3/-2.625/-2.25",0.716001878631729,0.727611237452829,0.261302547339809,-0.0116093588210997,0.261305961748534,0.934,500
"Pooled CCW (site FE, shared slopes)","RMST_diff",5,-1,"high","s1:N(-1.500,0.700^2),Bern(0.100);s2:N(-0.750,0.850^2),Bern(0.250);s3:N(0.000,1.000^2),Bern(0.400);s4:N(0.750,1.150^2),Bern(0.550);s5:N(1.500,1.300^2),Bern(0.700)",25,"400/600/800/1200/2000","-4.5/-3.75/-3/-2.25/-1.5",1.92087448023303,1.93077403175927,0.809320059503585,-0.0098995515262432,0.810069987324053,0.896,500
"Pooled CCW (site FE, shared slopes)","RMST_diff",10,-1,"high","s1:N(-1.500,0.700^2),Bern(0.100);s2:N(-0.750,0.850^2),Bern(0.250);s3:N(0.000,1.000^2),Bern(0.400);s4:N(0.750,1.150^2),Bern(0.550);s5:N(1.500,1.300^2),Bern(0.700)",25,"400/600/800/1200/2000","-4.5/-3.75/-3/-2.25/-1.5",1.6364981239398,1.73980567501512,0.670850436261709,-0.103307551075321,0.663512135859029,0.864,500
"Pooled CCW (site FE, shared slopes)","RMST_diff",15,-1,"high","s1:N(-1.500,0.700^2),Bern(0.100);s2:N(-0.750,0.850^2),Bern(0.250);s3:N(0.000,1.000^2),Bern(0.400);s4:N(0.750,1.150^2),Bern(0.550);s5:N(1.500,1.300^2),Bern(0.700)",25,"400/600/800/1200/2000","-4.5/-3.75/-3/-2.25/-1.5",1.49631914826267,1.72959598557411,0.599631807848388,-0.233276837311445,0.552948212411174,0.83,500
"Pooled CCW (site FE, shared slopes)","RMST_diff",5,-0.7,"high","s1:N(-1.500,0.700^2),Bern(0.100);s2:N(-0.750,0.850^2),Bern(0.250);s3:N(0.000,1.000^2),Bern(0.400);s4:N(0.750,1.150^2),Bern(0.550);s5:N(1.500,1.300^2),Bern(0.700)",25,"400/600/800/1200/2000","-4.5/-3.75/-3/-2.25/-1.5",1.15004461950017,1.40468162628584,0.785113369527318,-0.254637006785677,0.743416662750223,0.858,500
"Pooled CCW (site FE, shared slopes)","RMST_diff",10,-0.7,"high","s1:N(-1.500,0.700^2),Bern(0.100);s2:N(-0.750,0.850^2),Bern(0.250);s3:N(0.000,1.000^2),Bern(0.400);s4:N(0.750,1.150^2),Bern(0.550);s5:N(1.500,1.300^2),Bern(0.700)",25,"400/600/800/1200/2000","-4.5/-3.75/-3/-2.25/-1.5",1.062731590331,1.20041031709893,0.667807379223505,-0.137678726767924,0.654115431660806,0.854,500
"Pooled CCW (site FE, shared slopes)","RMST_diff",15,-0.7,"high","s1:N(-1.500,0.700^2),Bern(0.100);s2:N(-0.750,0.850^2),Bern(0.250);s3:N(0.000,1.000^2),Bern(0.400);s4:N(0.750,1.150^2),Bern(0.550);s5:N(1.500,1.300^2),Bern(0.700)",25,"400/600/800/1200/2000","-4.5/-3.75/-3/-2.25/-1.5",1.00267538997362,1.14136350629262,0.579579323357682,-0.138688116318995,0.563304911484218,0.858,500
"Pooled CCW (site FE, shared slopes)","RMST_diff",5,-0.5,"high","s1:N(-1.500,0.700^2),Bern(0.100);s2:N(-0.750,0.850^2),Bern(0.250);s3:N(0.000,1.000^2),Bern(0.400);s4:N(0.750,1.150^2),Bern(0.550);s5:N(1.500,1.300^2),Bern(0.700)",25,"400/600/800/1200/2000","-4.5/-3.75/-3/-2.25/-1.5",0.769632940776668,0.970502621150452,0.855535990833312,-0.200869680373784,0.832453699277354,0.84,500
"Pooled CCW (site FE, shared slopes)","RMST_diff",10,-0.5,"high","s1:N(-1.500,0.700^2),Bern(0.100);s2:N(-0.750,0.850^2),Bern(0.250);s3:N(0.000,1.000^2),Bern(0.400);s4:N(0.750,1.150^2),Bern(0.550);s5:N(1.500,1.300^2),Bern(0.700)",25,"400/600/800/1200/2000","-4.5/-3.75/-3/-2.25/-1.5",0.738977359403151,0.82672396342548,0.712857584627616,-0.0877466040223288,0.708145047472753,0.862,500
"Pooled CCW (site FE, shared slopes)","RMST_diff",15,-0.5,"high","s1:N(-1.500,0.700^2),Bern(0.100);s2:N(-0.750,0.850^2),Bern(0.250);s3:N(0.000,1.000^2),Bern(0.400);s4:N(0.750,1.150^2),Bern(0.550);s5:N(1.500,1.300^2),Bern(0.700)",25,"400/600/800/1200/2000","-4.5/-3.75/-3/-2.25/-1.5",0.64733076399739,0.771349886874094,0.638181639575322,-0.124019122876704,0.626642181071571,0.854,500
"Pooled CCW (site FE, shared slopes)","RMST_diff",5,-1,"low","s1:N(-0.250,0.950^2),Bern(0.350);s2:N(-0.125,0.975^2),Bern(0.375);s3:N(0.000,1.000^2),Bern(0.400);s4:N(0.125,1.025^2),Bern(0.425);s5:N(0.250,1.050^2),Bern(0.450)",25,"900/950/1000/1050/1100","-3.25/-3.125/-3/-2.875/-2.75",2.36808632318399,2.37545980047054,0.345788554890505,-0.00737347728655429,0.346056160555603,0.952,500
"Pooled CCW (site FE, shared slopes)","RMST_diff",10,-1,"low","s1:N(-0.250,0.950^2),Bern(0.350);s2:N(-0.125,0.975^2),Bern(0.375);s3:N(0.000,1.000^2),Bern(0.400);s4:N(0.125,1.025^2),Bern(0.425);s5:N(0.250,1.050^2),Bern(0.450)",25,"900/950/1000/1050/1100","-3.25/-3.125/-3/-2.875/-2.75",1.59605525261048,1.58843006841647,0.20552191053509,0.00762518419400761,0.205586097689331,0.958,500
"Pooled CCW (site FE, shared slopes)","RMST_diff",15,-1,"low","s1:N(-0.250,0.950^2),Bern(0.350);s2:N(-0.125,0.975^2),Bern(0.375);s3:N(0.000,1.000^2),Bern(0.400);s4:N(0.125,1.025^2),Bern(0.425);s5:N(0.250,1.050^2),Bern(0.450)",25,"900/950/1000/1050/1100","-3.25/-3.125/-3/-2.875/-2.75",1.35536283310445,1.33971347240983,0.160513236496722,0.0156493606946213,0.159908530343617,0.984,500
"Pooled CCW (site FE, shared slopes)","RMST_diff",5,-0.7,"low","s1:N(-0.250,0.950^2),Bern(0.350);s2:N(-0.125,0.975^2),Bern(0.375);s3:N(0.000,1.000^2),Bern(0.400);s4:N(0.125,1.025^2),Bern(0.425);s5:N(0.250,1.050^2),Bern(0.450)",25,"900/950/1000/1050/1100","-3.25/-3.125/-3/-2.875/-2.75",1.64329903232311,1.64046381697475,0.364724450315325,0.00283521534836384,0.365078691673414,0.96,500
"Pooled CCW (site FE, shared slopes)","RMST_diff",10,-0.7,"low","s1:N(-0.250,0.950^2),Bern(0.350);s2:N(-0.125,0.975^2),Bern(0.375);s3:N(0.000,1.000^2),Bern(0.400);s4:N(0.125,1.025^2),Bern(0.425);s5:N(0.250,1.050^2),Bern(0.450)",25,"900/950/1000/1050/1100","-3.25/-3.125/-3/-2.875/-2.75",1.11630484097793,1.12432064688054,0.215375278699018,-0.00801580590260702,0.215441610896835,0.968,500
"Pooled CCW (site FE, shared slopes)","RMST_diff",15,-0.7,"low","s1:N(-0.250,0.950^2),Bern(0.350);s2:N(-0.125,0.975^2),Bern(0.375);s3:N(0.000,1.000^2),Bern(0.400);s4:N(0.125,1.025^2),Bern(0.425);s5:N(0.250,1.050^2),Bern(0.450)",25,"900/950/1000/1050/1100","-3.25/-3.125/-3/-2.875/-2.75",0.959489753905573,0.953684183609946,0.165991225721406,0.00580557029562734,0.166055808187799,0.98,500
"Pooled CCW (site FE, shared slopes)","RMST_diff",5,-0.5,"low","s1:N(-0.250,0.950^2),Bern(0.350);s2:N(-0.125,0.975^2),Bern(0.375);s3:N(0.000,1.000^2),Bern(0.400);s4:N(0.125,1.025^2),Bern(0.425);s5:N(0.250,1.050^2),Bern(0.450)",25,"900/950/1000/1050/1100","-3.25/-3.125/-3/-2.875/-2.75",1.15892050615581,1.18622120421974,0.409750452487132,-0.0273006980639348,0.409249404824649,0.93,500
"Pooled CCW (site FE, shared slopes)","RMST_diff",10,-0.5,"low","s1:N(-0.250,0.950^2),Bern(0.350);s2:N(-0.125,0.975^2),Bern(0.375);s3:N(0.000,1.000^2),Bern(0.400);s4:N(0.125,1.025^2),Bern(0.425);s5:N(0.250,1.050^2),Bern(0.450)",25,"900/950/1000/1050/1100","-3.25/-3.125/-3/-2.875/-2.75",0.803064861929299,0.810393609763048,0.236788194772215,-0.00732874783374936,0.236911783212071,0.946,500
"Pooled CCW (site FE, shared slopes)","RMST_diff",15,-0.5,"low","s1:N(-0.250,0.950^2),Bern(0.350);s2:N(-0.125,0.975^2),Bern(0.375);s3:N(0.000,1.000^2),Bern(0.400);s4:N(0.125,1.025^2),Bern(0.425);s5:N(0.250,1.050^2),Bern(0.450)",25,"900/950/1000/1050/1100","-3.25/-3.125/-3/-2.875/-2.75",0.67378125883783,0.68544314828566,0.171495081727295,-0.0116618894478308,0.171269465611533,0.948,500
"Pooled CCW (site FE, shared slopes)","RMST_diff",5,-1,"moderate","s1:N(-0.750,0.850^2),Bern(0.200);s2:N(-0.375,0.925^2),Bern(0.300);s3:N(0.000,1.000^2),Bern(0.400);s4:N(0.375,1.075^2),Bern(0.500);s5:N(0.750,1.150^2),Bern(0.600)",25,"600/800/1000/1200/1400","-3.75/-3.375/-3/-2.625/-2.25",2.21631616189633,2.23248658292737,0.409104580605296,-0.016170421031038,0.409194275700977,0.956,500
"Pooled CCW (site FE, shared slopes)","RMST_diff",10,-1,"moderate","s1:N(-0.750,0.850^2),Bern(0.200);s2:N(-0.375,0.925^2),Bern(0.300);s3:N(0.000,1.000^2),Bern(0.400);s4:N(0.375,1.075^2),Bern(0.500);s5:N(0.750,1.150^2),Bern(0.600)",25,"600/800/1000/1200/1400","-3.75/-3.375/-3/-2.625/-2.25",1.62190805721657,1.64101152045532,0.277127190062578,-0.0191034632387458,0.276744851062211,0.954,500
"Pooled CCW (site FE, shared slopes)","RMST_diff",15,-1,"moderate","s1:N(-0.750,0.850^2),Bern(0.200);s2:N(-0.375,0.925^2),Bern(0.300);s3:N(0.000,1.000^2),Bern(0.400);s4:N(0.375,1.075^2),Bern(0.500);s5:N(0.750,1.150^2),Bern(0.600)",25,"600/800/1000/1200/1400","-3.75/-3.375/-3/-2.625/-2.25",1.46688886535968,1.45725736330896,0.248883268372322,0.00963150205071835,0.248945904909236,0.932,500
"Pooled CCW (site FE, shared slopes)","RMST_diff",5,-0.7,"moderate","s1:N(-0.750,0.850^2),Bern(0.200);s2:N(-0.375,0.925^2),Bern(0.300);s3:N(0.000,1.000^2),Bern(0.400);s4:N(0.375,1.075^2),Bern(0.500);s5:N(0.750,1.150^2),Bern(0.600)",25,"600/800/1000/1200/1400","-3.75/-3.375/-3/-2.625/-2.25",1.53308856416098,1.56928167073836,0.440594217454132,-0.0361931065773811,0.439544904345586,0.946,500
"Pooled CCW (site FE, shared slopes)","RMST_diff",10,-0.7,"moderate","s1:N(-0.750,0.850^2),Bern(0.200);s2:N(-0.375,0.925^2),Bern(0.300);s3:N(0.000,1.000^2),Bern(0.400);s4:N(0.375,1.075^2),Bern(0.500);s5:N(0.750,1.150^2),Bern(0.600)",25,"600/800/1000/1200/1400","-3.75/-3.375/-3/-2.625/-2.25",1.1649567789792,1.15477034770933,0.343047233522055,0.0101864312698736,0.343239373586831,0.948,500
"Pooled CCW (site FE, shared slopes)","RMST_diff",15,-0.7,"moderate","s1:N(-0.750,0.850^2),Bern(0.200);s2:N(-0.375,0.925^2),Bern(0.300);s3:N(0.000,1.000^2),Bern(0.400);s4:N(0.375,1.075^2),Bern(0.500);s5:N(0.750,1.150^2),Bern(0.600)",25,"600/800/1000/1200/1400","-3.75/-3.375/-3/-2.625/-2.25",1.00887864855375,1.0304365982005,0.238230850623306,-0.0215579496467443,0.237491046125348,0.942,500
"Pooled CCW (site FE, shared slopes)","RMST_diff",5,-0.5,"moderate","s1:N(-0.750,0.850^2),Bern(0.200);s2:N(-0.375,0.925^2),Bern(0.300);s3:N(0.000,1.000^2),Bern(0.400);s4:N(0.375,1.075^2),Bern(0.500);s5:N(0.750,1.150^2),Bern(0.600)",25,"600/800/1000/1200/1400","-3.75/-3.375/-3/-2.625/-2.25",1.08188907679186,1.11981562919204,0.463967517492103,-0.0379265524001802,0.462877895132643,0.924,500
"Pooled CCW (site FE, shared slopes)","RMST_diff",10,-0.5,"moderate","s1:N(-0.750,0.850^2),Bern(0.200);s2:N(-0.375,0.925^2),Bern(0.300);s3:N(0.000,1.000^2),Bern(0.400);s4:N(0.375,1.075^2),Bern(0.500);s5:N(0.750,1.150^2),Bern(0.600)",25,"600/800/1000/1200/1400","-3.75/-3.375/-3/-2.625/-2.25",0.799480531620503,0.817083210880934,0.322013287608932,-0.0176026792604314,0.32185382216972,0.934,500
"Pooled CCW (site FE, shared slopes)","RMST_diff",15,-0.5,"moderate","s1:N(-0.750,0.850^2),Bern(0.200);s2:N(-0.375,0.925^2),Bern(0.300);s3:N(0.000,1.000^2),Bern(0.400);s4:N(0.375,1.075^2),Bern(0.500);s5:N(0.750,1.150^2),Bern(0.600)",25,"600/800/1000/1200/1400","-3.75/-3.375/-3/-2.625/-2.25",0.728707535759633,0.727611237452829,0.262481035359837,0.00109629830680487,0.262741619029675,0.94,500
"Federated landmark IPW","RMST_diff",5,-1,"high","s1:N(-1.500,0.700^2),Bern(0.100);s2:N(-0.750,0.850^2),Bern(0.250);s3:N(0.000,1.000^2),Bern(0.400);s4:N(0.750,1.150^2),Bern(0.550);s5:N(1.500,1.300^2),Bern(0.700)",25,"400/600/800/1200/2000","-4.5/-3.75/-3/-2.25/-1.5",2.40573065866746,1.93077403175927,0.962435745490707,0.474956626908182,0.837915850607717,NA,500
"Federated landmark IPW","RMST_diff",10,-1,"high","s1:N(-1.500,0.700^2),Bern(0.100);s2:N(-0.750,0.850^2),Bern(0.250);s3:N(0.000,1.000^2),Bern(0.400);s4:N(0.750,1.150^2),Bern(0.550);s5:N(1.500,1.300^2),Bern(0.700)",25,"400/600/800/1200/2000","-4.5/-3.75/-3/-2.25/-1.5",1.52226179854278,1.73980567501512,0.598731227591382,-0.217543876472339,0.558370217061292,NA,500
"Federated landmark IPW","RMST_diff",15,-1,"high","s1:N(-1.500,0.700^2),Bern(0.100);s2:N(-0.750,0.850^2),Bern(0.250);s3:N(0.000,1.000^2),Bern(0.400);s4:N(0.750,1.150^2),Bern(0.550);s5:N(1.500,1.300^2),Bern(0.700)",25,"400/600/800/1200/2000","-4.5/-3.75/-3/-2.25/-1.5",0.671786205379847,1.72959598557411,1.10581104384176,-1.05780978019426,0.322590549975722,NA,500
"Federated landmark IPW","RMST_diff",5,-0.7,"high","s1:N(-1.500,0.700^2),Bern(0.100);s2:N(-0.750,0.850^2),Bern(0.250);s3:N(0.000,1.000^2),Bern(0.400);s4:N(0.750,1.150^2),Bern(0.550);s5:N(1.500,1.300^2),Bern(0.700)",25,"400/600/800/1200/2000","-4.5/-3.75/-3/-2.25/-1.5",1.65674735809199,1.40468162628584,0.898540700794754,0.252065731806146,0.863324339784933,NA,500
"Federated landmark IPW","RMST_diff",10,-0.7,"high","s1:N(-1.500,0.700^2),Bern(0.100);s2:N(-0.750,0.850^2),Bern(0.250);s3:N(0.000,1.000^2),Bern(0.400);s4:N(0.750,1.150^2),Bern(0.550);s5:N(1.500,1.300^2),Bern(0.700)",25,"400/600/800/1200/2000","-4.5/-3.75/-3/-2.25/-1.5",1.05301925665556,1.20041031709893,0.600856046278858,-0.14739106044337,0.583081324785718,NA,500
"Federated landmark IPW","RMST_diff",15,-0.7,"high","s1:N(-1.500,0.700^2),Bern(0.100);s2:N(-0.750,0.850^2),Bern(0.250);s3:N(0.000,1.000^2),Bern(0.400);s4:N(0.750,1.150^2),Bern(0.550);s5:N(1.500,1.300^2),Bern(0.700)",25,"400/600/800/1200/2000","-4.5/-3.75/-3/-2.25/-1.5",0.492772844014798,1.14136350629262,0.726917088511763,-0.64859066227782,0.328564324611256,NA,500
"Federated landmark IPW","RMST_diff",5,-0.5,"high","s1:N(-1.500,0.700^2),Bern(0.100);s2:N(-0.750,0.850^2),Bern(0.250);s3:N(0.000,1.000^2),Bern(0.400);s4:N(0.750,1.150^2),Bern(0.550);s5:N(1.500,1.300^2),Bern(0.700)",25,"400/600/800/1200/2000","-4.5/-3.75/-3/-2.25/-1.5",1.09283649377255,0.970502621150452,1.00870554325576,0.122333872622102,1.00226261893718,NA,500
"Federated landmark IPW","RMST_diff",10,-0.5,"high","s1:N(-1.500,0.700^2),Bern(0.100);s2:N(-0.750,0.850^2),Bern(0.250);s3:N(0.000,1.000^2),Bern(0.400);s4:N(0.750,1.150^2),Bern(0.550);s5:N(1.500,1.300^2),Bern(0.700)",25,"400/600/800/1200/2000","-4.5/-3.75/-3/-2.25/-1.5",0.732599585977632,0.82672396342548,0.678577042968679,-0.0941243774478477,0.672690441193807,NA,500
"Federated landmark IPW","RMST_diff",15,-0.5,"high","s1:N(-1.500,0.700^2),Bern(0.100);s2:N(-0.750,0.850^2),Bern(0.250);s3:N(0.000,1.000^2),Bern(0.400);s4:N(0.750,1.150^2),Bern(0.550);s5:N(1.500,1.300^2),Bern(0.700)",25,"400/600/800/1200/2000","-4.5/-3.75/-3/-2.25/-1.5",0.344118425300456,0.771349886874094,0.543248192773198,-0.427231461573639,0.335883182397442,NA,500
"Federated landmark IPW","RMST_diff",5,-1,"low","s1:N(-0.250,0.950^2),Bern(0.350);s2:N(-0.125,0.975^2),Bern(0.375);s3:N(0.000,1.000^2),Bern(0.400);s4:N(0.125,1.025^2),Bern(0.425);s5:N(0.250,1.050^2),Bern(0.450)",25,"900/950/1000/1050/1100","-3.25/-3.125/-3/-2.875/-2.75",3.8853988463773,2.37545980047054,1.58048096599777,1.50993904590676,0.467376768372869,NA,500
"Federated landmark IPW","RMST_diff",10,-1,"low","s1:N(-0.250,0.950^2),Bern(0.350);s2:N(-0.125,0.975^2),Bern(0.375);s3:N(0.000,1.000^2),Bern(0.400);s4:N(0.125,1.025^2),Bern(0.425);s5:N(0.250,1.050^2),Bern(0.450)",25,"900/950/1000/1050/1100","-3.25/-3.125/-3/-2.875/-2.75",2.29807349359196,1.58843006841647,0.765594164858009,0.709643425175487,0.28758658950438,NA,500
"Federated landmark IPW","RMST_diff",15,-1,"low","s1:N(-0.250,0.950^2),Bern(0.350);s2:N(-0.125,0.975^2),Bern(0.375);s3:N(0.000,1.000^2),Bern(0.400);s4:N(0.125,1.025^2),Bern(0.425);s5:N(0.250,1.050^2),Bern(0.450)",25,"900/950/1000/1050/1100","-3.25/-3.125/-3/-2.875/-2.75",1.06816115358599,1.33971347240983,0.3229236874738,-0.271552318823843,0.17492926160652,NA,500
"Federated landmark IPW","RMST_diff",5,-0.7,"low","s1:N(-0.250,0.950^2),Bern(0.350);s2:N(-0.125,0.975^2),Bern(0.375);s3:N(0.000,1.000^2),Bern(0.400);s4:N(0.125,1.025^2),Bern(0.425);s5:N(0.250,1.050^2),Bern(0.450)",25,"900/950/1000/1050/1100","-3.25/-3.125/-3/-2.875/-2.75",2.83719178095092,1.64046381697475,1.32157112510321,1.19672796397617,0.561268620066847,NA,500
"Federated landmark IPW","RMST_diff",10,-0.7,"low","s1:N(-0.250,0.950^2),Bern(0.350);s2:N(-0.125,0.975^2),Bern(0.375);s3:N(0.000,1.000^2),Bern(0.400);s4:N(0.125,1.025^2),Bern(0.425);s5:N(0.250,1.050^2),Bern(0.450)",25,"900/950/1000/1050/1100","-3.25/-3.125/-3/-2.875/-2.75",1.69094531222088,1.12432064688054,0.653766087614267,0.566624665340342,0.326434840899554,NA,500
"Federated landmark IPW","RMST_diff",15,-0.7,"low","s1:N(-0.250,0.950^2),Bern(0.350);s2:N(-0.125,0.975^2),Bern(0.375);s3:N(0.000,1.000^2),Bern(0.400);s4:N(0.125,1.025^2),Bern(0.425);s5:N(0.250,1.050^2),Bern(0.450)",25,"900/950/1000/1050/1100","-3.25/-3.125/-3/-2.875/-2.75",0.809126119911292,0.953684183609946,0.245211827444114,-0.144558063698654,0.198268573891487,NA,500
"Federated landmark IPW","RMST_diff",5,-0.5,"low","s1:N(-0.250,0.950^2),Bern(0.350);s2:N(-0.125,0.975^2),Bern(0.375);s3:N(0.000,1.000^2),Bern(0.400);s4:N(0.125,1.025^2),Bern(0.425);s5:N(0.250,1.050^2),Bern(0.450)",25,"900/950/1000/1050/1100","-3.25/-3.125/-3/-2.875/-2.75",2.11252622616231,1.18622120421974,1.10215652804336,0.92630502194257,0.597848529613715,NA,500
"Federated landmark IPW","RMST_diff",10,-0.5,"low","s1:N(-0.250,0.950^2),Bern(0.350);s2:N(-0.125,0.975^2),Bern(0.375);s3:N(0.000,1.000^2),Bern(0.400);s4:N(0.125,1.025^2),Bern(0.425);s5:N(0.250,1.050^2),Bern(0.450)",25,"900/950/1000/1050/1100","-3.25/-3.125/-3/-2.875/-2.75",1.28364162707546,0.810393609763048,0.589028382818072,0.47324801731241,0.351051597808347,NA,500
"Federated landmark IPW","RMST_diff",15,-0.5,"low","s1:N(-0.250,0.950^2),Bern(0.350);s2:N(-0.125,0.975^2),Bern(0.375);s3:N(0.000,1.000^2),Bern(0.400);s4:N(0.125,1.025^2),Bern(0.425);s5:N(0.250,1.050^2),Bern(0.450)",25,"900/950/1000/1050/1100","-3.25/-3.125/-3/-2.875/-2.75",0.58963947569986,0.68544314828566,0.228137445557848,-0.0958036725858007,0.207254092607451,NA,500
"Federated landmark IPW","RMST_diff",5,-1,"moderate","s1:N(-0.750,0.850^2),Bern(0.200);s2:N(-0.375,0.925^2),Bern(0.300);s3:N(0.000,1.000^2),Bern(0.400);s4:N(0.375,1.075^2),Bern(0.500);s5:N(0.750,1.150^2),Bern(0.600)",25,"600/800/1000/1200/1400","-3.75/-3.375/-3/-2.625/-2.25",3.50711772268724,2.23248658292737,1.40938014096963,1.27463113975988,0.601990551888589,NA,500
"Federated landmark IPW","RMST_diff",10,-1,"moderate","s1:N(-0.750,0.850^2),Bern(0.200);s2:N(-0.375,0.925^2),Bern(0.300);s3:N(0.000,1.000^2),Bern(0.400);s4:N(0.375,1.075^2),Bern(0.500);s5:N(0.750,1.150^2),Bern(0.600)",25,"600/800/1000/1200/1400","-3.75/-3.375/-3/-2.625/-2.25",2.10529100510241,1.64101152045532,0.559704616532131,0.464279484647096,0.312905156840795,NA,500
"Federated landmark IPW","RMST_diff",15,-1,"moderate","s1:N(-0.750,0.850^2),Bern(0.200);s2:N(-0.375,0.925^2),Bern(0.300);s3:N(0.000,1.000^2),Bern(0.400);s4:N(0.375,1.075^2),Bern(0.500);s5:N(0.750,1.150^2),Bern(0.600)",25,"600/800/1000/1200/1400","-3.75/-3.375/-3/-2.625/-2.25",0.979200319773885,1.45725736330896,0.528649063623626,-0.478057043535077,0.22590564915752,NA,500
"Federated landmark IPW","RMST_diff",5,-0.7,"moderate","s1:N(-0.750,0.850^2),Bern(0.200);s2:N(-0.375,0.925^2),Bern(0.300);s3:N(0.000,1.000^2),Bern(0.400);s4:N(0.375,1.075^2),Bern(0.500);s5:N(0.750,1.150^2),Bern(0.600)",25,"600/800/1000/1200/1400","-3.75/-3.375/-3/-2.625/-2.25",2.61939371093341,1.56928167073836,1.25346225971096,1.05011204019505,0.685106620695309,NA,500
"Federated landmark IPW","RMST_diff",10,-0.7,"moderate","s1:N(-0.750,0.850^2),Bern(0.200);s2:N(-0.375,0.925^2),Bern(0.300);s3:N(0.000,1.000^2),Bern(0.400);s4:N(0.375,1.075^2),Bern(0.500);s5:N(0.750,1.150^2),Bern(0.600)",25,"600/800/1000/1200/1400","-3.75/-3.375/-3/-2.625/-2.25",1.60656443719935,1.15477034770933,0.595160069161942,0.451794089490024,0.387812332755939,NA,500
"Federated landmark IPW","RMST_diff",15,-0.7,"moderate","s1:N(-0.750,0.850^2),Bern(0.200);s2:N(-0.375,0.925^2),Bern(0.300);s3:N(0.000,1.000^2),Bern(0.400);s4:N(0.375,1.075^2),Bern(0.500);s5:N(0.750,1.150^2),Bern(0.600)",25,"600/800/1000/1200/1400","-3.75/-3.375/-3/-2.625/-2.25",0.731015729809728,1.0304365982005,0.377323317009963,-0.299420868390771,0.229838379067776,NA,500
"Federated landmark IPW","RMST_diff",5,-0.5,"moderate","s1:N(-0.750,0.850^2),Bern(0.200);s2:N(-0.375,0.925^2),Bern(0.300);s3:N(0.000,1.000^2),Bern(0.400);s4:N(0.375,1.075^2),Bern(0.500);s5:N(0.750,1.150^2),Bern(0.600)",25,"600/800/1000/1200/1400","-3.75/-3.375/-3/-2.625/-2.25",1.92398900231491,1.11981562919204,1.06505373679562,0.80417337312287,0.699014944050917,NA,500
"Federated landmark IPW","RMST_diff",10,-0.5,"moderate","s1:N(-0.750,0.850^2),Bern(0.200);s2:N(-0.375,0.925^2),Bern(0.300);s3:N(0.000,1.000^2),Bern(0.400);s4:N(0.375,1.075^2),Bern(0.500);s5:N(0.750,1.150^2),Bern(0.600)",25,"600/800/1000/1200/1400","-3.75/-3.375/-3/-2.625/-2.25",1.16561667657506,0.817083210880934,0.526004270724319,0.348533465694125,0.39435510394501,NA,500
"Federated landmark IPW","RMST_diff",15,-0.5,"moderate","s1:N(-0.750,0.850^2),Bern(0.200);s2:N(-0.375,0.925^2),Bern(0.300);s3:N(0.000,1.000^2),Bern(0.400);s4:N(0.375,1.075^2),Bern(0.500);s5:N(0.750,1.150^2),Bern(0.600)",25,"600/800/1000/1200/1400","-3.75/-3.375/-3/-2.625/-2.25",0.541724767744495,0.727611237452829,0.296576933501921,-0.185886469708334,0.231324707078569,NA,500
"Federated IPW (no cloning)","RMST_diff",5,-1,"high","s1:N(-1.500,0.700^2),Bern(0.100);s2:N(-0.750,0.850^2),Bern(0.250);s3:N(0.000,1.000^2),Bern(0.400);s4:N(0.750,1.150^2),Bern(0.550);s5:N(1.500,1.300^2),Bern(0.700)",25,"400/600/800/1200/2000","-4.5/-3.75/-3/-2.25/-1.5",6.16312002244811,1.93077403175927,4.35611267911109,4.23234599068884,1.03203453371,NA,500
"Federated IPW (no cloning)","RMST_diff",10,-1,"high","s1:N(-1.500,0.700^2),Bern(0.100);s2:N(-0.750,0.850^2),Bern(0.250);s3:N(0.000,1.000^2),Bern(0.400);s4:N(0.750,1.150^2),Bern(0.550);s5:N(1.500,1.300^2),Bern(0.700)",25,"400/600/800/1200/2000","-4.5/-3.75/-3/-2.25/-1.5",7.41092137704519,1.73980567501512,5.74632718400761,5.67111570203007,0.927601038823958,NA,500
"Federated IPW (no cloning)","RMST_diff",15,-1,"high","s1:N(-1.500,0.700^2),Bern(0.100);s2:N(-0.750,0.850^2),Bern(0.250);s3:N(0.000,1.000^2),Bern(0.400);s4:N(0.750,1.150^2),Bern(0.550);s5:N(1.500,1.300^2),Bern(0.700)",25,"400/600/800/1200/2000","-4.5/-3.75/-3/-2.25/-1.5",7.93004601854365,1.72959598557411,6.26275413958927,6.20045003296954,0.882079889496103,NA,500
"Federated IPW (no cloning)","RMST_diff",5,-0.7,"high","s1:N(-1.500,0.700^2),Bern(0.100);s2:N(-0.750,0.850^2),Bern(0.250);s3:N(0.000,1.000^2),Bern(0.400);s4:N(0.750,1.150^2),Bern(0.550);s5:N(1.500,1.300^2),Bern(0.700)",25,"400/600/800/1200/2000","-4.5/-3.75/-3/-2.25/-1.5",5.00444038963349,1.40468162628584,3.74804992975996,3.59975876334764,1.04489172602415,NA,500
"Federated IPW (no cloning)","RMST_diff",10,-0.7,"high","s1:N(-1.500,0.700^2),Bern(0.100);s2:N(-0.750,0.850^2),Bern(0.250);s3:N(0.000,1.000^2),Bern(0.400);s4:N(0.750,1.150^2),Bern(0.550);s5:N(1.500,1.300^2),Bern(0.700)",25,"400/600/800/1200/2000","-4.5/-3.75/-3/-2.25/-1.5",6.35834086077034,1.20041031709893,5.23586195764801,5.15793054367141,0.900902990673501,NA,500
"Federated IPW (no cloning)","RMST_diff",15,-0.7,"high","s1:N(-1.500,0.700^2),Bern(0.100);s2:N(-0.750,0.850^2),Bern(0.250);s3:N(0.000,1.000^2),Bern(0.400);s4:N(0.750,1.150^2),Bern(0.550);s5:N(1.500,1.300^2),Bern(0.700)",25,"400/600/800/1200/2000","-4.5/-3.75/-3/-2.25/-1.5",7.00176027228692,1.14136350629262,5.93272217048963,5.8603967659943,0.924473580013523,NA,500
"Federated IPW (no cloning)","RMST_diff",5,-0.5,"high","s1:N(-1.500,0.700^2),Bern(0.100);s2:N(-0.750,0.850^2),Bern(0.250);s3:N(0.000,1.000^2),Bern(0.400);s4:N(0.750,1.150^2),Bern(0.550);s5:N(1.500,1.300^2),Bern(0.700)",25,"400/600/800/1200/2000","-4.5/-3.75/-3/-2.25/-1.5",4.28728857966505,0.970502621150452,3.47356548566647,3.3167859585146,1.03282212005605,NA,500
"Federated IPW (no cloning)","RMST_diff",10,-0.5,"high","s1:N(-1.500,0.700^2),Bern(0.100);s2:N(-0.750,0.850^2),Bern(0.250);s3:N(0.000,1.000^2),Bern(0.400);s4:N(0.750,1.150^2),Bern(0.550);s5:N(1.500,1.300^2),Bern(0.700)",25,"400/600/800/1200/2000","-4.5/-3.75/-3/-2.25/-1.5",5.69737507849812,0.82672396342548,4.96527720566453,4.87065111507264,0.965712506714412,NA,500
"Federated IPW (no cloning)","RMST_diff",15,-0.5,"high","s1:N(-1.500,0.700^2),Bern(0.100);s2:N(-0.750,0.850^2),Bern(0.250);s3:N(0.000,1.000^2),Bern(0.400);s4:N(0.750,1.150^2),Bern(0.550);s5:N(1.500,1.300^2),Bern(0.700)",25,"400/600/800/1200/2000","-4.5/-3.75/-3/-2.25/-1.5",6.23037293487349,0.771349886874094,5.53615797162921,5.4590230479994,0.921852522039078,NA,500
"Federated IPW (no cloning)","RMST_diff",5,-1,"low","s1:N(-0.250,0.950^2),Bern(0.350);s2:N(-0.125,0.975^2),Bern(0.375);s3:N(0.000,1.000^2),Bern(0.400);s4:N(0.125,1.025^2),Bern(0.425);s5:N(0.250,1.050^2),Bern(0.450)",25,"900/950/1000/1050/1100","-3.25/-3.125/-3/-2.875/-2.75",6.74855081010505,2.37545980047054,4.40294128020333,4.3730910096345,0.512339655128162,NA,500
"Federated IPW (no cloning)","RMST_diff",10,-1,"low","s1:N(-0.250,0.950^2),Bern(0.350);s2:N(-0.125,0.975^2),Bern(0.375);s3:N(0.000,1.000^2),Bern(0.400);s4:N(0.125,1.025^2),Bern(0.425);s5:N(0.250,1.050^2),Bern(0.450)",25,"900/950/1000/1050/1100","-3.25/-3.125/-3/-2.875/-2.75",8.43521762097889,1.58843006841647,6.85965851851355,6.84678755256242,0.420438744846683,NA,500
"Federated IPW (no cloning)","RMST_diff",15,-1,"low","s1:N(-0.250,0.950^2),Bern(0.350);s2:N(-0.125,0.975^2),Bern(0.375);s3:N(0.000,1.000^2),Bern(0.400);s4:N(0.125,1.025^2),Bern(0.425);s5:N(0.250,1.050^2),Bern(0.450)",25,"900/950/1000/1050/1100","-3.25/-3.125/-3/-2.875/-2.75",9.37602130480506,1.33971347240983,8.04551291804418,8.03630783239523,0.385137897120563,NA,500
"Federated IPW (no cloning)","RMST_diff",5,-0.7,"low","s1:N(-0.250,0.950^2),Bern(0.350);s2:N(-0.125,0.975^2),Bern(0.375);s3:N(0.000,1.000^2),Bern(0.400);s4:N(0.125,1.025^2),Bern(0.425);s5:N(0.250,1.050^2),Bern(0.450)",25,"900/950/1000/1050/1100","-3.25/-3.125/-3/-2.875/-2.75",5.4358720721225,1.64046381697475,3.83637311821002,3.79540825514775,0.559697598426315,NA,500
"Federated IPW (no cloning)","RMST_diff",10,-0.7,"low","s1:N(-0.250,0.950^2),Bern(0.350);s2:N(-0.125,0.975^2),Bern(0.375);s3:N(0.000,1.000^2),Bern(0.400);s4:N(0.125,1.025^2),Bern(0.425);s5:N(0.250,1.050^2),Bern(0.450)",25,"900/950/1000/1050/1100","-3.25/-3.125/-3/-2.875/-2.75",7.22503775729453,1.12432064688054,6.11756989680673,6.10071711041399,0.454229931509611,NA,500
"Federated IPW (no cloning)","RMST_diff",15,-0.7,"low","s1:N(-0.250,0.950^2),Bern(0.350);s2:N(-0.125,0.975^2),Bern(0.375);s3:N(0.000,1.000^2),Bern(0.400);s4:N(0.125,1.025^2),Bern(0.425);s5:N(0.250,1.050^2),Bern(0.450)",25,"900/950/1000/1050/1100","-3.25/-3.125/-3/-2.875/-2.75",8.24692730165881,0.953684183609946,7.30473692169303,7.29324311804886,0.41002751285839,NA,500
"Federated IPW (no cloning)","RMST_diff",5,-0.5,"low","s1:N(-0.250,0.950^2),Bern(0.350);s2:N(-0.125,0.975^2),Bern(0.375);s3:N(0.000,1.000^2),Bern(0.400);s4:N(0.125,1.025^2),Bern(0.425);s5:N(0.250,1.050^2),Bern(0.450)",25,"900/950/1000/1050/1100","-3.25/-3.125/-3/-2.875/-2.75",4.55035325107881,1.18622120421974,3.41806837415163,3.36413204685907,0.605425521261682,NA,500
"Federated IPW (no cloning)","RMST_diff",10,-0.5,"low","s1:N(-0.250,0.950^2),Bern(0.350);s2:N(-0.125,0.975^2),Bern(0.375);s3:N(0.000,1.000^2),Bern(0.400);s4:N(0.125,1.025^2),Bern(0.425);s5:N(0.250,1.050^2),Bern(0.450)",25,"900/950/1000/1050/1100","-3.25/-3.125/-3/-2.875/-2.75",6.42052512637669,0.810393609763048,5.62929279318726,5.61013151661365,0.464535579193821,NA,500
"Federated IPW (no cloning)","RMST_diff",15,-0.5,"low","s1:N(-0.250,0.950^2),Bern(0.350);s2:N(-0.125,0.975^2),Bern(0.375);s3:N(0.000,1.000^2),Bern(0.400);s4:N(0.125,1.025^2),Bern(0.425);s5:N(0.250,1.050^2),Bern(0.450)",25,"900/950/1000/1050/1100","-3.25/-3.125/-3/-2.875/-2.75",7.4582639392273,0.68544314828566,6.78640695472722,6.77282079094163,0.429635965771974,NA,500
"Federated IPW (no cloning)","RMST_diff",5,-1,"moderate","s1:N(-0.750,0.850^2),Bern(0.200);s2:N(-0.375,0.925^2),Bern(0.300);s3:N(0.000,1.000^2),Bern(0.400);s4:N(0.375,1.075^2),Bern(0.500);s5:N(0.750,1.150^2),Bern(0.600)",25,"600/800/1000/1200/1400","-3.75/-3.375/-3/-2.625/-2.25",6.64712305250694,2.23248658292737,4.4560591997607,4.41463646957958,0.606782335632505,NA,500
"Federated IPW (no cloning)","RMST_diff",10,-1,"moderate","s1:N(-0.750,0.850^2),Bern(0.200);s2:N(-0.375,0.925^2),Bern(0.300);s3:N(0.000,1.000^2),Bern(0.400);s4:N(0.375,1.075^2),Bern(0.500);s5:N(0.750,1.150^2),Bern(0.600)",25,"600/800/1000/1200/1400","-3.75/-3.375/-3/-2.625/-2.25",8.23391482473012,1.64101152045532,6.61503259520501,6.59290330427481,0.541172793191966,NA,500
"Federated IPW (no cloning)","RMST_diff",15,-1,"moderate","s1:N(-0.750,0.850^2),Bern(0.200);s2:N(-0.375,0.925^2),Bern(0.300);s3:N(0.000,1.000^2),Bern(0.400);s4:N(0.375,1.075^2),Bern(0.500);s5:N(0.750,1.150^2),Bern(0.600)",25,"600/800/1000/1200/1400","-3.75/-3.375/-3/-2.625/-2.25",9.09950143128988,1.45725736330896,7.65986980664459,7.64224406798092,0.519857252793975,NA,500
"Federated IPW (no cloning)","RMST_diff",5,-0.7,"moderate","s1:N(-0.750,0.850^2),Bern(0.200);s2:N(-0.375,0.925^2),Bern(0.300);s3:N(0.000,1.000^2),Bern(0.400);s4:N(0.375,1.075^2),Bern(0.500);s5:N(0.750,1.150^2),Bern(0.600)",25,"600/800/1000/1200/1400","-3.75/-3.375/-3/-2.625/-2.25",5.42182335843636,1.56928167073836,3.91375153565717,3.85254168769801,0.69016395151284,NA,500
"Federated IPW (no cloning)","RMST_diff",10,-0.7,"moderate","s1:N(-0.750,0.850^2),Bern(0.200);s2:N(-0.375,0.925^2),Bern(0.300);s3:N(0.000,1.000^2),Bern(0.400);s4:N(0.375,1.075^2),Bern(0.500);s5:N(0.750,1.150^2),Bern(0.600)",25,"600/800/1000/1200/1400","-3.75/-3.375/-3/-2.625/-2.25",7.11817681521604,1.15477034770933,5.99589461008228,5.96340646750671,0.623950404059815,NA,500
"Federated IPW (no cloning)","RMST_diff",15,-0.7,"moderate","s1:N(-0.750,0.850^2),Bern(0.200);s2:N(-0.375,0.925^2),Bern(0.300);s3:N(0.000,1.000^2),Bern(0.400);s4:N(0.375,1.075^2),Bern(0.500);s5:N(0.750,1.150^2),Bern(0.600)",25,"600/800/1000/1200/1400","-3.75/-3.375/-3/-2.625/-2.25",7.96661982695346,1.0304365982005,6.95681581069644,6.93618322875296,0.535931793137747,NA,500
"Federated IPW (no cloning)","RMST_diff",5,-0.5,"moderate","s1:N(-0.750,0.850^2),Bern(0.200);s2:N(-0.375,0.925^2),Bern(0.300);s3:N(0.000,1.000^2),Bern(0.400);s4:N(0.375,1.075^2),Bern(0.500);s5:N(0.750,1.150^2),Bern(0.600)",25,"600/800/1000/1200/1400","-3.75/-3.375/-3/-2.625/-2.25",4.59104149849063,1.11981562919204,3.54016015643912,3.47122586929859,0.695911980440297,NA,500
"Federated IPW (no cloning)","RMST_diff",10,-0.5,"moderate","s1:N(-0.750,0.850^2),Bern(0.200);s2:N(-0.375,0.925^2),Bern(0.300);s3:N(0.000,1.000^2),Bern(0.400);s4:N(0.375,1.075^2),Bern(0.500);s5:N(0.750,1.150^2),Bern(0.600)",25,"600/800/1000/1200/1400","-3.75/-3.375/-3/-2.625/-2.25",6.29789765183293,0.817083210880934,5.51607245252582,5.480814440952,0.623301994316142,NA,500
"Federated IPW (no cloning)","RMST_diff",15,-0.5,"moderate","s1:N(-0.750,0.850^2),Bern(0.200);s2:N(-0.375,0.925^2),Bern(0.300);s3:N(0.000,1.000^2),Bern(0.400);s4:N(0.375,1.075^2),Bern(0.500);s5:N(0.750,1.150^2),Bern(0.600)",25,"600/800/1000/1200/1400","-3.75/-3.375/-3/-2.625/-2.25",7.21391976512902,0.727611237452829,6.5114984329416,6.48630852767619,0.572773659770325,NA,500
"Federated per-protocol (unweighted)","RMST_diff",5,-1,"high","s1:N(-1.500,0.700^2),Bern(0.100);s2:N(-0.750,0.850^2),Bern(0.250);s3:N(0.000,1.000^2),Bern(0.400);s4:N(0.750,1.150^2),Bern(0.550);s5:N(1.500,1.300^2),Bern(0.700)",25,"400/600/800/1200/2000","-4.5/-3.75/-3/-2.25/-1.5",-3.91182516509928,1.93077403175927,5.84679041740487,-5.84259919685855,0.221564870656511,NA,500
"Federated per-protocol (unweighted)","RMST_diff",10,-1,"high","s1:N(-1.500,0.700^2),Bern(0.100);s2:N(-0.750,0.850^2),Bern(0.250);s3:N(0.000,1.000^2),Bern(0.400);s4:N(0.750,1.150^2),Bern(0.550);s5:N(1.500,1.300^2),Bern(0.700)",25,"400/600/800/1200/2000","-4.5/-3.75/-3/-2.25/-1.5",-2.85045104780848,1.73980567501512,4.59579349023758,-4.5902567228236,0.225749749460774,NA,500
"Federated per-protocol (unweighted)","RMST_diff",15,-1,"high","s1:N(-1.500,0.700^2),Bern(0.100);s2:N(-0.750,0.850^2),Bern(0.250);s3:N(0.000,1.000^2),Bern(0.400);s4:N(0.750,1.150^2),Bern(0.550);s5:N(1.500,1.300^2),Bern(0.700)",25,"400/600/800/1200/2000","-4.5/-3.75/-3/-2.25/-1.5",-2.16967295159467,1.72959598557411,3.90676613805365,-3.89926893716878,0.242158407787494,NA,500
"Federated per-protocol (unweighted)","RMST_diff",5,-0.7,"high","s1:N(-1.500,0.700^2),Bern(0.100);s2:N(-0.750,0.850^2),Bern(0.250);s3:N(0.000,1.000^2),Bern(0.400);s4:N(0.750,1.150^2),Bern(0.550);s5:N(1.500,1.300^2),Bern(0.700)",25,"400/600/800/1200/2000","-4.5/-3.75/-3/-2.25/-1.5",-4.78937676694116,1.40468162628584,6.1981916845668,-6.19405839322701,0.226546743036985,NA,500
"Federated per-protocol (unweighted)","RMST_diff",10,-0.7,"high","s1:N(-1.500,0.700^2),Bern(0.100);s2:N(-0.750,0.850^2),Bern(0.250);s3:N(0.000,1.000^2),Bern(0.400);s4:N(0.750,1.150^2),Bern(0.550);s5:N(1.500,1.300^2),Bern(0.700)",25,"400/600/800/1200/2000","-4.5/-3.75/-3/-2.25/-1.5",-3.72843712413066,1.20041031709893,4.93376264707451,-4.92884744122959,0.220394887793087,NA,500
"Federated per-protocol (unweighted)","RMST_diff",15,-0.7,"high","s1:N(-1.500,0.700^2),Bern(0.100);s2:N(-0.750,0.850^2),Bern(0.250);s3:N(0.000,1.000^2),Bern(0.400);s4:N(0.750,1.150^2),Bern(0.550);s5:N(1.500,1.300^2),Bern(0.700)",25,"400/600/800/1200/2000","-4.5/-3.75/-3/-2.25/-1.5",-3.03563016090137,1.14136350629262,4.1840560818207,-4.17699366719399,0.243243777129623,NA,500
"Federated per-protocol (unweighted)","RMST_diff",5,-0.5,"high","s1:N(-1.500,0.700^2),Bern(0.100);s2:N(-0.750,0.850^2),Bern(0.250);s3:N(0.000,1.000^2),Bern(0.400);s4:N(0.750,1.150^2),Bern(0.550);s5:N(1.500,1.300^2),Bern(0.700)",25,"400/600/800/1200/2000","-4.5/-3.75/-3/-2.25/-1.5",-5.31296800050401,0.970502621150452,6.28720493886998,-6.28347062165446,0.216880068435372,NA,500
"Federated per-protocol (unweighted)","RMST_diff",10,-0.5,"high","s1:N(-1.500,0.700^2),Bern(0.100);s2:N(-0.750,0.850^2),Bern(0.250);s3:N(0.000,1.000^2),Bern(0.400);s4:N(0.750,1.150^2),Bern(0.550);s5:N(1.500,1.300^2),Bern(0.700)",25,"400/600/800/1200/2000","-4.5/-3.75/-3/-2.25/-1.5",-4.25556848376631,0.82672396342548,5.08744895072273,-5.08229244719179,0.229227830386198,NA,500
"Federated per-protocol (unweighted)","RMST_diff",15,-0.5,"high","s1:N(-1.500,0.700^2),Bern(0.100);s2:N(-0.750,0.850^2),Bern(0.250);s3:N(0.000,1.000^2),Bern(0.400);s4:N(0.750,1.150^2),Bern(0.550);s5:N(1.500,1.300^2),Bern(0.700)",25,"400/600/800/1200/2000","-4.5/-3.75/-3/-2.25/-1.5",-3.57956246475547,0.771349886874094,4.35684367278209,-4.35091235162957,0.227490662449288,NA,500
"Federated per-protocol (unweighted)","RMST_diff",5,-1,"low","s1:N(-0.250,0.950^2),Bern(0.350);s2:N(-0.125,0.975^2),Bern(0.375);s3:N(0.000,1.000^2),Bern(0.400);s4:N(0.125,1.025^2),Bern(0.425);s5:N(0.250,1.050^2),Bern(0.450)",25,"900/950/1000/1050/1100","-3.25/-3.125/-3/-2.875/-2.75",0.492971959304472,2.37545980047054,1.90342077784115,-1.88248784116607,0.281796031530022,NA,500
"Federated per-protocol (unweighted)","RMST_diff",10,-1,"low","s1:N(-0.250,0.950^2),Bern(0.350);s2:N(-0.125,0.975^2),Bern(0.375);s3:N(0.000,1.000^2),Bern(0.400);s4:N(0.125,1.025^2),Bern(0.425);s5:N(0.250,1.050^2),Bern(0.450)",25,"900/950/1000/1050/1100","-3.25/-3.125/-3/-2.875/-2.75",2.23736470949809,1.58843006841647,0.703304214794674,0.648934641081617,0.271418470492475,NA,500
"Federated per-protocol (unweighted)","RMST_diff",15,-1,"low","s1:N(-0.250,0.950^2),Bern(0.350);s2:N(-0.125,0.975^2),Bern(0.375);s3:N(0.000,1.000^2),Bern(0.400);s4:N(0.125,1.025^2),Bern(0.425);s5:N(0.250,1.050^2),Bern(0.450)",25,"900/950/1000/1050/1100","-3.25/-3.125/-3/-2.875/-2.75",3.34960035808099,1.33971347240983,2.02538710487815,2.00988688567117,0.250345715698327,NA,500
"Federated per-protocol (unweighted)","RMST_diff",5,-0.7,"low","s1:N(-0.250,0.950^2),Bern(0.350);s2:N(-0.125,0.975^2),Bern(0.375);s3:N(0.000,1.000^2),Bern(0.400);s4:N(0.125,1.025^2),Bern(0.425);s5:N(0.250,1.050^2),Bern(0.450)",25,"900/950/1000/1050/1100","-3.25/-3.125/-3/-2.875/-2.75",-0.773341315262584,1.64046381697475,2.42766101957018,-2.41380513223733,0.259262885915513,NA,500
"Federated per-protocol (unweighted)","RMST_diff",10,-0.7,"low","s1:N(-0.250,0.950^2),Bern(0.350);s2:N(-0.125,0.975^2),Bern(0.375);s3:N(0.000,1.000^2),Bern(0.400);s4:N(0.125,1.025^2),Bern(0.425);s5:N(0.250,1.050^2),Bern(0.450)",25,"900/950/1000/1050/1100","-3.25/-3.125/-3/-2.875/-2.75",0.992623678848723,1.12432064688054,0.292401687088653,-0.131696968031816,0.261325922363081,NA,500
"Federated per-protocol (unweighted)","RMST_diff",15,-0.7,"low","s1:N(-0.250,0.950^2),Bern(0.350);s2:N(-0.125,0.975^2),Bern(0.375);s3:N(0.000,1.000^2),Bern(0.400);s4:N(0.125,1.025^2),Bern(0.425);s5:N(0.250,1.050^2),Bern(0.450)",25,"900/950/1000/1050/1100","-3.25/-3.125/-3/-2.875/-2.75",2.16939635663345,0.953684183609946,1.24065790008751,1.2157121730235,0.247787681053358,NA,500
"Federated per-protocol (unweighted)","RMST_diff",5,-0.5,"low","s1:N(-0.250,0.950^2),Bern(0.350);s2:N(-0.125,0.975^2),Bern(0.375);s3:N(0.000,1.000^2),Bern(0.400);s4:N(0.125,1.025^2),Bern(0.425);s5:N(0.250,1.050^2),Bern(0.450)",25,"900/950/1000/1050/1100","-3.25/-3.125/-3/-2.875/-2.75",-1.5662611393025,1.18622120421974,2.76385045649715,-2.75248234352224,0.250671032252662,NA,500
"Federated per-protocol (unweighted)","RMST_diff",10,-0.5,"low","s1:N(-0.250,0.950^2),Bern(0.350);s2:N(-0.125,0.975^2),Bern(0.375);s3:N(0.000,1.000^2),Bern(0.400);s4:N(0.125,1.025^2),Bern(0.425);s5:N(0.250,1.050^2),Bern(0.450)",25,"900/950/1000/1050/1100","-3.25/-3.125/-3/-2.875/-2.75",0.191502270682853,0.810393609763048,0.662984336558948,-0.618891339080195,0.237981114704389,NA,500
"Federated per-protocol (unweighted)","RMST_diff",15,-0.5,"low","s1:N(-0.250,0.950^2),Bern(0.350);s2:N(-0.125,0.975^2),Bern(0.375);s3:N(0.000,1.000^2),Bern(0.400);s4:N(0.125,1.025^2),Bern(0.425);s5:N(0.250,1.050^2),Bern(0.450)",25,"900/950/1000/1050/1100","-3.25/-3.125/-3/-2.875/-2.75",1.39026923562432,0.68544314828566,0.749105418475787,0.704826087338664,0.253984509091345,NA,500
"Federated per-protocol (unweighted)","RMST_diff",5,-1,"moderate","s1:N(-0.750,0.850^2),Bern(0.200);s2:N(-0.375,0.925^2),Bern(0.300);s3:N(0.000,1.000^2),Bern(0.400);s4:N(0.375,1.075^2),Bern(0.500);s5:N(0.750,1.150^2),Bern(0.600)",25,"600/800/1000/1200/1400","-3.75/-3.375/-3/-2.625/-2.25",-1.08265219033872,2.23248658292737,3.32482402976092,-3.31513877326609,0.253847631668407,NA,500
"Federated per-protocol (unweighted)","RMST_diff",10,-1,"moderate","s1:N(-0.750,0.850^2),Bern(0.200);s2:N(-0.375,0.925^2),Bern(0.300);s3:N(0.000,1.000^2),Bern(0.400);s4:N(0.375,1.075^2),Bern(0.500);s5:N(0.750,1.150^2),Bern(0.600)",25,"600/800/1000/1200/1400","-3.75/-3.375/-3/-2.625/-2.25",0.530510714353904,1.64101152045532,1.13702094555582,-1.11050080610141,0.244385020730585,NA,500
"Federated per-protocol (unweighted)","RMST_diff",15,-1,"moderate","s1:N(-0.750,0.850^2),Bern(0.200);s2:N(-0.375,0.925^2),Bern(0.300);s3:N(0.000,1.000^2),Bern(0.400);s4:N(0.375,1.075^2),Bern(0.500);s5:N(0.750,1.150^2),Bern(0.600)",25,"600/800/1000/1200/1400","-3.75/-3.375/-3/-2.625/-2.25",1.52954742464285,1.45725736330896,0.264073972884814,0.0722900613338892,0.254241002125612,NA,500
"Federated per-protocol (unweighted)","RMST_diff",5,-0.7,"moderate","s1:N(-0.750,0.850^2),Bern(0.200);s2:N(-0.375,0.925^2),Bern(0.300);s3:N(0.000,1.000^2),Bern(0.400);s4:N(0.375,1.075^2),Bern(0.500);s5:N(0.750,1.150^2),Bern(0.600)",25,"600/800/1000/1200/1400","-3.75/-3.375/-3/-2.625/-2.25",-2.21583591606524,1.56928167073836,3.79331483340624,-3.7851175868036,0.249493031878376,NA,500
"Federated per-protocol (unweighted)","RMST_diff",10,-0.7,"moderate","s1:N(-0.750,0.850^2),Bern(0.200);s2:N(-0.375,0.925^2),Bern(0.300);s3:N(0.000,1.000^2),Bern(0.400);s4:N(0.375,1.075^2),Bern(0.500);s5:N(0.750,1.150^2),Bern(0.600)",25,"600/800/1000/1200/1400","-3.75/-3.375/-3/-2.625/-2.25",-0.621827644277353,1.15477034770933,1.793640024979,-1.77659799198668,0.246913033612794,NA,500
"Federated per-protocol (unweighted)","RMST_diff",15,-0.7,"moderate","s1:N(-0.750,0.850^2),Bern(0.200);s2:N(-0.375,0.925^2),Bern(0.300);s3:N(0.000,1.000^2),Bern(0.400);s4:N(0.375,1.075^2),Bern(0.500);s5:N(0.750,1.150^2),Bern(0.600)",25,"600/800/1000/1200/1400","-3.75/-3.375/-3/-2.625/-2.25",0.414760368198693,1.0304365982005,0.662901213956469,-0.615676230001805,0.245971142375456,NA,500
"Federated per-protocol (unweighted)","RMST_diff",5,-0.5,"moderate","s1:N(-0.750,0.850^2),Bern(0.200);s2:N(-0.375,0.925^2),Bern(0.300);s3:N(0.000,1.000^2),Bern(0.400);s4:N(0.375,1.075^2),Bern(0.500);s5:N(0.750,1.150^2),Bern(0.600)",25,"600/800/1000/1200/1400","-3.75/-3.375/-3/-2.625/-2.25",-2.90955733796212,1.11981562919204,4.03640881124906,-4.02937296715416,0.238460289599302,NA,500
"Federated per-protocol (unweighted)","RMST_diff",10,-0.5,"moderate","s1:N(-0.750,0.850^2),Bern(0.200);s2:N(-0.375,0.925^2),Bern(0.300);s3:N(0.000,1.000^2),Bern(0.400);s4:N(0.375,1.075^2),Bern(0.500);s5:N(0.750,1.150^2),Bern(0.600)",25,"600/800/1000/1200/1400","-3.75/-3.375/-3/-2.625/-2.25",-1.32845194406003,0.817083210880934,2.15909795629073,-2.14553515494096,0.241867491694,NA,500
"Federated per-protocol (unweighted)","RMST_diff",15,-0.5,"moderate","s1:N(-0.750,0.850^2),Bern(0.200);s2:N(-0.375,0.925^2),Bern(0.300);s3:N(0.000,1.000^2),Bern(0.400);s4:N(0.375,1.075^2),Bern(0.500);s5:N(0.750,1.150^2),Bern(0.600)",25,"600/800/1000/1200/1400","-3.75/-3.375/-3/-2.625/-2.25",-0.26481667837508,0.727611237452829,1.02196087310413,-0.992427915827908,0.244151752395161,NA,500
