"method","estimand","tau","beta_trt","scenario","conf_mult","t_star","site_sizes","init_intercepts","mean_est","truth","rmse","bias","emp_sd","coverage","n_reps"
"Federated CCW","RD",5,-1,"medium",1,25,"1000/1000/1000/1000/1000","-4.5/-3.75/-3/-2.25/-1.5",-0.123412397964859,-0.122091469794383,0.029465388101714,-0.00132092817047526,0.0295840566664122,0.97,100
"Federated CCW","RD",10,-1,"medium",1,25,"1000/1000/1000/1000/1000","-4.5/-3.75/-3/-2.25/-1.5",-0.0942148528408369,-0.0968178705311098,0.0233879347721907,0.00260301769027287,0.0233597208327975,0.92,100
"Federated CCW","RD",15,-1,"medium",1,25,"1000/1000/1000/1000/1000","-4.5/-3.75/-3/-2.25/-1.5",-0.084381647018767,-0.0817086876024627,0.0207489456569566,-0.00267295941630422,0.0206797132288239,0.92,100
"Federated CCW","RD",5,-0.7,"medium",1,25,"1000/1000/1000/1000/1000","-4.5/-3.75/-3/-2.25/-1.5",-0.0841205083962585,-0.081055776303728,0.0304951385269383,-0.00306473209253049,0.0304935974564586,0.92,100
"Federated CCW","RD",10,-0.7,"medium",1,25,"1000/1000/1000/1000/1000","-4.5/-3.75/-3/-2.25/-1.5",-0.0647971314947597,-0.0660312049566955,0.0238979265651517,0.00123407346193573,0.023986274627566,0.9,100
"Federated CCW","RD",15,-0.7,"medium",1,25,"1000/1000/1000/1000/1000","-4.5/-3.75/-3/-2.25/-1.5",-0.0527667401597931,-0.0565820986025233,0.0190716342515674,0.00381535844273016,0.0187802354999446,0.96,100
"Federated CCW","RD",5,-0.5,"medium",1,25,"1000/1000/1000/1000/1000","-4.5/-3.75/-3/-2.25/-1.5",-0.0630875145636122,-0.060919027444341,0.0313975345033413,-0.00216848711927123,0.0314803584186029,0.97,100
"Federated CCW","RD",10,-0.5,"medium",1,25,"1000/1000/1000/1000/1000","-4.5/-3.75/-3/-2.25/-1.5",-0.0423393696738957,-0.0462294986162913,0.0244753036550907,0.0038901289423956,0.0242859103231206,0.9,100
"Federated CCW","RD",15,-0.5,"medium",1,25,"1000/1000/1000/1000/1000","-4.5/-3.75/-3/-2.25/-1.5",-0.041071859427735,-0.0397999434906583,0.0187023467682706,-0.00127191593707669,0.0187530470113997,0.95,100
"Federated CCW","RD",5,-1,"small",0.5,25,"1000/1000/1000/1000/1000","-4.5/-3.75/-3/-2.25/-1.5",-0.11918496484343,-0.120536231260007,0.0211852100784971,0.0013512664165772,0.0212485817742183,0.96,100
"Federated CCW","RD",10,-1,"small",0.5,25,"1000/1000/1000/1000/1000","-4.5/-3.75/-3/-2.25/-1.5",-0.095184618232534,-0.0956199860100375,0.0130843999915711,0.000435367777503562,0.0131430351043924,0.96,100
"Federated CCW","RD",15,-1,"small",0.5,25,"1000/1000/1000/1000/1000","-4.5/-3.75/-3/-2.25/-1.5",-0.081145757594767,-0.0807667930139156,0.0123828747064961,-0.000378964580851404,0.0124394278605659,0.97,100
"Federated CCW","RD",5,-0.7,"small",0.5,25,"1000/1000/1000/1000/1000","-4.5/-3.75/-3/-2.25/-1.5",-0.0784055185461116,-0.0820594317236955,0.0211254198735338,0.0036539131775839,0.020911846802487,0.96,100
"Federated CCW","RD",10,-0.7,"small",0.5,25,"1000/1000/1000/1000/1000","-4.5/-3.75/-3/-2.25/-1.5",-0.0663677268202262,-0.0654681174763394,0.0149664026066408,-0.0008996093438868,0.0150146026568096,0.95,100
"Federated CCW","RD",15,-0.7,"small",0.5,25,"1000/1000/1000/1000/1000","-4.5/-3.75/-3/-2.25/-1.5",-0.0548558644884485,-0.0564066207868443,0.0134342976969066,0.00155075629839587,0.0134117206961829,0.93,100
"Federated CCW","RD",5,-0.5,"small",0.5,25,"1000/1000/1000/1000/1000","-4.5/-3.75/-3/-2.25/-1.5",-0.0533134090487307,-0.0588257092473403,0.0194023496408186,0.00551230019860957,0.0186965593470877,0.98,100
"Federated CCW","RD",10,-0.5,"small",0.5,25,"1000/1000/1000/1000/1000","-4.5/-3.75/-3/-2.25/-1.5",-0.0456052061951974,-0.0464827674473978,0.0131450717796836,0.000877561252200369,0.0131818209047659,0.98,100
"Federated CCW","RD",15,-0.5,"small",0.5,25,"1000/1000/1000/1000/1000","-4.5/-3.75/-3/-2.25/-1.5",-0.0378986965523327,-0.0399201154772763,0.0122813562570119,0.00202141892494358,0.0121748862663065,0.95,100
"Federated CCW","RD",5,-1,"strong",1.5,25,"1000/1000/1000/1000/1000","-4.5/-3.75/-3/-2.25/-1.5",-0.117930160299912,-0.125685136000928,0.0433639738610465,0.00775497570101616,0.0428798483538204,0.9,100
"Federated CCW","RD",10,-1,"strong",1.5,25,"1000/1000/1000/1000/1000","-4.5/-3.75/-3/-2.25/-1.5",-0.0970906872179494,-0.100473676816018,0.0457930344771704,0.00338298959806816,0.0458979697181604,0.84,100
"Federated CCW","RD",15,-1,"strong",1.5,25,"1000/1000/1000/1000/1000","-4.5/-3.75/-3/-2.25/-1.5",-0.0888772997752186,-0.0867020445403086,0.0411192466439122,-0.00217525523491001,0.0412685306920502,0.92,100
"Federated CCW","RD",5,-0.7,"strong",1.5,25,"1000/1000/1000/1000/1000","-4.5/-3.75/-3/-2.25/-1.5",-0.0750809439399946,-0.082664323485726,0.0434550124750014,0.00758337954573145,0.0430037637989592,0.88,100
"Federated CCW","RD",10,-0.7,"strong",1.5,25,"1000/1000/1000/1000/1000","-4.5/-3.75/-3/-2.25/-1.5",-0.0615263753707546,-0.0659481773262258,0.0356644613868282,0.00442180195547124,0.035567569405475,0.91,100
"Federated CCW","RD",15,-0.7,"strong",1.5,25,"1000/1000/1000/1000/1000","-4.5/-3.75/-3/-2.25/-1.5",-0.0542556440961261,-0.0580282965113386,0.0334046629253573,0.00377265241521245,0.0333581513505469,0.9,100
"Federated CCW","RD",5,-0.5,"strong",1.5,25,"1000/1000/1000/1000/1000","-4.5/-3.75/-3/-2.25/-1.5",-0.0561702633132882,-0.0559737956026843,0.0529119995263176,-0.000196467710603837,0.053178193813673,0.84,100
"Federated CCW","RD",10,-0.5,"strong",1.5,25,"1000/1000/1000/1000/1000","-4.5/-3.75/-3/-2.25/-1.5",-0.042117560668286,-0.0467942535063454,0.0368466760427302,0.00467669283805936,0.0367328064568763,0.9,100
"Federated CCW","RD",15,-0.5,"strong",1.5,25,"1000/1000/1000/1000/1000","-4.5/-3.75/-3/-2.25/-1.5",-0.0342614686476795,-0.0387054284387901,0.0283027987863178,0.00444395979111057,0.0280925533918604,0.91,100
"Pooled CCW","RD",5,-1,"medium",1,25,"1000/1000/1000/1000/1000","-4.5/-3.75/-3/-2.25/-1.5",-0.123911239754031,-0.122091469794383,0.0286724670094057,-0.00181976995964746,0.0287588159816443,0.97,100
"Pooled CCW","RD",10,-1,"medium",1,25,"1000/1000/1000/1000/1000","-4.5/-3.75/-3/-2.25/-1.5",-0.0949550226760929,-0.0968178705311098,0.0223893895152706,0.00186284785501691,0.0224241608681794,0.93,100
"Pooled CCW","RD",15,-1,"medium",1,25,"1000/1000/1000/1000/1000","-4.5/-3.75/-3/-2.25/-1.5",-0.0851630153441422,-0.0817086876024627,0.0203671316050179,-0.00345432774167944,0.0201731812585444,0.95,100
"Pooled CCW","RD",5,-0.7,"medium",1,25,"1000/1000/1000/1000/1000","-4.5/-3.75/-3/-2.25/-1.5",-0.0835399728857513,-0.081055776303728,0.0308738284179858,-0.00248419658202336,0.0309287556782216,0.92,100
"Pooled CCW","RD",10,-0.7,"medium",1,25,"1000/1000/1000/1000/1000","-4.5/-3.75/-3/-2.25/-1.5",-0.0654454881624552,-0.0660312049566955,0.0221097320800373,0.00058571679424029,0.0222133181565296,0.92,100
"Pooled CCW","RD",15,-0.7,"medium",1,25,"1000/1000/1000/1000/1000","-4.5/-3.75/-3/-2.25/-1.5",-0.0523447214786947,-0.0565820986025233,0.0165048965879892,0.00423737712382861,0.0160320463948536,0.92,100
"Pooled CCW","RD",5,-0.5,"medium",1,25,"1000/1000/1000/1000/1000","-4.5/-3.75/-3/-2.25/-1.5",-0.0632164876475755,-0.060919027444341,0.0306451896499377,-0.00229746020323456,0.0307128987033596,0.96,100
"Pooled CCW","RD",10,-0.5,"medium",1,25,"1000/1000/1000/1000/1000","-4.5/-3.75/-3/-2.25/-1.5",-0.042418990917432,-0.0462294986162913,0.0229487008742139,0.00381050769885934,0.0227441390583627,0.92,100
"Pooled CCW","RD",15,-0.5,"medium",1,25,"1000/1000/1000/1000/1000","-4.5/-3.75/-3/-2.25/-1.5",-0.0408561144347634,-0.0397999434906583,0.017777887405196,-0.00105617094410513,0.0178358900327757,0.97,100
"Pooled CCW","RD",5,-1,"small",0.5,25,"1000/1000/1000/1000/1000","-4.5/-3.75/-3/-2.25/-1.5",-0.120113177057607,-0.120536231260007,0.0208752754315508,0.000423054202400723,0.0209761324078789,0.93,100
"Pooled CCW","RD",10,-1,"small",0.5,25,"1000/1000/1000/1000/1000","-4.5/-3.75/-3/-2.25/-1.5",-0.0948511059220371,-0.0956199860100375,0.0130845727059432,0.000768880088000432,0.0131277663292482,0.97,100
"Pooled CCW","RD",15,-1,"small",0.5,25,"1000/1000/1000/1000/1000","-4.5/-3.75/-3/-2.25/-1.5",-0.0809656956080815,-0.0807667930139156,0.0117491068448237,-0.000198902594165817,0.011806604443872,0.96,100
"Pooled CCW","RD",5,-0.7,"small",0.5,25,"1000/1000/1000/1000/1000","-4.5/-3.75/-3/-2.25/-1.5",-0.0795418000410282,-0.0820594317236955,0.0195532665082069,0.00251763168266728,0.0194881927955302,0.96,100
"Pooled CCW","RD",10,-0.7,"small",0.5,25,"1000/1000/1000/1000/1000","-4.5/-3.75/-3/-2.25/-1.5",-0.0659684467060728,-0.0654681174763394,0.0144211049050704,-0.000500329229733424,0.0144850301459197,0.96,100
"Pooled CCW","RD",15,-0.7,"small",0.5,25,"1000/1000/1000/1000/1000","-4.5/-3.75/-3/-2.25/-1.5",-0.0548140658638691,-0.0564066207868443,0.0128801285272053,0.00159255492297519,0.0128456839308442,0.94,100
"Pooled CCW","RD",5,-0.5,"small",0.5,25,"1000/1000/1000/1000/1000","-4.5/-3.75/-3/-2.25/-1.5",-0.0540737727159274,-0.0588257092473403,0.0184714915671954,0.00475193653141297,0.0179397166717036,0.96,100
"Pooled CCW","RD",10,-0.5,"small",0.5,25,"1000/1000/1000/1000/1000","-4.5/-3.75/-3/-2.25/-1.5",-0.0454716878940715,-0.0464827674473978,0.0136796350521014,0.00101107955332623,0.0137109457599338,0.96,100
"Pooled CCW","RD",15,-0.5,"small",0.5,25,"1000/1000/1000/1000/1000","-4.5/-3.75/-3/-2.25/-1.5",-0.0390478343686248,-0.0399201154772763,0.0125342930757089,0.000872281108651428,0.012566896894252,0.94,100
"Pooled CCW","RD",5,-1,"strong",1.5,25,"1000/1000/1000/1000/1000","-4.5/-3.75/-3/-2.25/-1.5",-0.117853493103437,-0.125685136000928,0.041460976151716,0.00783164289749076,0.0409197034974909,0.87,100
"Pooled CCW","RD",10,-1,"strong",1.5,25,"1000/1000/1000/1000/1000","-4.5/-3.75/-3/-2.25/-1.5",-0.0978147088967017,-0.100473676816018,0.0427268346824327,0.00265896791931587,0.042858850924985,0.86,100
"Pooled CCW","RD",15,-1,"strong",1.5,25,"1000/1000/1000/1000/1000","-4.5/-3.75/-3/-2.25/-1.5",-0.0886570168294253,-0.0867020445403086,0.0374824844946867,-0.00195497228911666,0.0376200398890774,0.91,100
"Pooled CCW","RD",5,-0.7,"strong",1.5,25,"1000/1000/1000/1000/1000","-4.5/-3.75/-3/-2.25/-1.5",-0.0769233983393775,-0.082664323485726,0.0484917893343758,0.00574092514634857,0.0483933317398412,0.89,100
"Pooled CCW","RD",10,-0.7,"strong",1.5,25,"1000/1000/1000/1000/1000","-4.5/-3.75/-3/-2.25/-1.5",-0.0628158329119669,-0.0659481773262258,0.034211795557135,0.00313234441425895,0.0342397278515343,0.9,100
"Pooled CCW","RD",15,-0.7,"strong",1.5,25,"1000/1000/1000/1000/1000","-4.5/-3.75/-3/-2.25/-1.5",-0.0534881024142633,-0.0580282965113386,0.0304171746599017,0.00454019409707526,0.0302279413161728,0.9,100
"Pooled CCW","RD",5,-0.5,"strong",1.5,25,"1000/1000/1000/1000/1000","-4.5/-3.75/-3/-2.25/-1.5",-0.0575391878651591,-0.0559737956026843,0.0549994412337945,-0.00156539226247478,0.0552541244229941,0.81,100
"Pooled CCW","RD",10,-0.5,"strong",1.5,25,"1000/1000/1000/1000/1000","-4.5/-3.75/-3/-2.25/-1.5",-0.0420840262741123,-0.0467942535063454,0.0344498563070997,0.00471022723223309,0.0342982515530531,0.91,100
"Pooled CCW","RD",15,-0.5,"strong",1.5,25,"1000/1000/1000/1000/1000","-4.5/-3.75/-3/-2.25/-1.5",-0.0355422162996312,-0.0387054284387901,0.0276872198676359,0.00316321213915894,0.0276445006670914,0.93,100
"Federated landmark IPW","RD",5,-1,"medium",1,25,"1000/1000/1000/1000/1000","-4.5/-3.75/-3/-2.25/-1.5",-0.239760809391072,-0.122091469794383,0.134083958732778,-0.117669339596689,0.0646078653961172,NA,100
"Federated landmark IPW","RD",10,-1,"medium",1,25,"1000/1000/1000/1000/1000","-4.5/-3.75/-3/-2.25/-1.5",-0.219825948412349,-0.0968178705311098,0.129986020952966,-0.123008077881239,0.0422280774413405,NA,100
"Federated landmark IPW","RD",15,-1,"medium",1,25,"1000/1000/1000/1000/1000","-4.5/-3.75/-3/-2.25/-1.5",-0.180877850776593,-0.0817086876024627,0.104986343222859,-0.0991691631741302,0.0346353200155055,NA,100
"Federated landmark IPW","RD",5,-0.7,"medium",1,25,"1000/1000/1000/1000/1000","-4.5/-3.75/-3/-2.25/-1.5",-0.167750169709066,-0.081055776303728,0.102512335218326,-0.0866943934053376,0.0549826512950162,NA,100
"Federated landmark IPW","RD",10,-0.7,"medium",1,25,"1000/1000/1000/1000/1000","-4.5/-3.75/-3/-2.25/-1.5",-0.167953194737279,-0.0660312049566955,0.111554084421956,-0.101921989780584,0.0455740240384594,NA,100
"Federated landmark IPW","RD",15,-0.7,"medium",1,25,"1000/1000/1000/1000/1000","-4.5/-3.75/-3/-2.25/-1.5",-0.125089213764897,-0.0565820986025233,0.0804406104040774,-0.0685071151623732,0.0423724106721769,NA,100
"Federated landmark IPW","RD",5,-0.5,"medium",1,25,"1000/1000/1000/1000/1000","-4.5/-3.75/-3/-2.25/-1.5",-0.141668208126033,-0.060919027444341,0.097404717893989,-0.0807491806816924,0.0547468820867931,NA,100
"Federated landmark IPW","RD",10,-0.5,"medium",1,25,"1000/1000/1000/1000/1000","-4.5/-3.75/-3/-2.25/-1.5",-0.114613806227647,-0.0462294986162913,0.0831448600611956,-0.068384307611356,0.0475315336808287,NA,100
"Federated landmark IPW","RD",15,-0.5,"medium",1,25,"1000/1000/1000/1000/1000","-4.5/-3.75/-3/-2.25/-1.5",-0.0953956966818846,-0.0397999434906583,0.0655813581680743,-0.0555957531912263,0.0349606816131792,NA,100
"Federated landmark IPW","RD",5,-1,"small",0.5,25,"1000/1000/1000/1000/1000","-4.5/-3.75/-3/-2.25/-1.5",-0.229566205856925,-0.120536231260007,0.113698823758151,-0.109029974596917,0.0324097373350023,NA,100
"Federated landmark IPW","RD",10,-1,"small",0.5,25,"1000/1000/1000/1000/1000","-4.5/-3.75/-3/-2.25/-1.5",-0.224828719520166,-0.0956199860100375,0.132278454068167,-0.129208733510129,0.0284745606004138,NA,100
"Federated landmark IPW","RD",15,-1,"small",0.5,25,"1000/1000/1000/1000/1000","-4.5/-3.75/-3/-2.25/-1.5",-0.17926607625411,-0.0807667930139156,0.103426313323393,-0.0984992832401945,0.0317008346580469,NA,100
"Federated landmark IPW","RD",5,-0.7,"small",0.5,25,"1000/1000/1000/1000/1000","-4.5/-3.75/-3/-2.25/-1.5",-0.157343646481179,-0.0820594317236955,0.080844715329215,-0.0752842147574839,0.0296129067719754,NA,100
"Federated landmark IPW","RD",10,-0.7,"small",0.5,25,"1000/1000/1000/1000/1000","-4.5/-3.75/-3/-2.25/-1.5",-0.164972805103156,-0.0654681174763394,0.103618364678608,-0.0995046876268161,0.0290520716582343,NA,100
"Federated landmark IPW","RD",15,-0.7,"small",0.5,25,"1000/1000/1000/1000/1000","-4.5/-3.75/-3/-2.25/-1.5",-0.124016959639189,-0.0564066207868443,0.0778988848038506,-0.0676103388523446,0.0388870201651914,NA,100
"Federated landmark IPW","RD",5,-0.5,"small",0.5,25,"1000/1000/1000/1000/1000","-4.5/-3.75/-3/-2.25/-1.5",-0.107842558819827,-0.0588257092473403,0.0588527223418869,-0.0490168495724863,0.032736958773485,NA,100
"Federated landmark IPW","RD",10,-0.5,"small",0.5,25,"1000/1000/1000/1000/1000","-4.5/-3.75/-3/-2.25/-1.5",-0.116729236544476,-0.0464827674473978,0.0779672011612785,-0.0702464690970778,0.033998188251143,NA,100
"Federated landmark IPW","RD",15,-0.5,"small",0.5,25,"1000/1000/1000/1000/1000","-4.5/-3.75/-3/-2.25/-1.5",-0.0922290314411309,-0.0399201154772763,0.0623727513279208,-0.0523089159638546,0.034143745732232,NA,100
"Federated landmark IPW","RD",5,-1,"strong",1.5,25,"1000/1000/1000/1000/1000","-4.5/-3.75/-3/-2.25/-1.5",-0.241517260843921,-0.125685136000928,0.130231482280509,-0.115832124842993,0.0598243036263648,NA,100
"Federated landmark IPW","RD",10,-1,"strong",1.5,25,"1000/1000/1000/1000/1000","-4.5/-3.75/-3/-2.25/-1.5",-0.218005318617027,-0.100473676816018,0.130059302516846,-0.117531641801009,0.0559737975020057,NA,100
"Federated landmark IPW","RD",15,-1,"strong",1.5,25,"1000/1000/1000/1000/1000","-4.5/-3.75/-3/-2.25/-1.5",-0.166261414962578,-0.0867020445403086,0.0976930626625437,-0.0795593704222689,0.056979892522881,NA,100
"Federated landmark IPW","RD",5,-0.7,"strong",1.5,25,"1000/1000/1000/1000/1000","-4.5/-3.75/-3/-2.25/-1.5",-0.170170100496665,-0.082664323485726,0.126617621699221,-0.0875057770109394,0.0919747501279006,NA,100
"Federated landmark IPW","RD",10,-0.7,"strong",1.5,25,"1000/1000/1000/1000/1000","-4.5/-3.75/-3/-2.25/-1.5",-0.168972922059369,-0.0659481773262258,0.125281928657006,-0.103024744733143,0.071643503097282,NA,100
"Federated landmark IPW","RD",15,-0.7,"strong",1.5,25,"1000/1000/1000/1000/1000","-4.5/-3.75/-3/-2.25/-1.5",-0.128829508706907,-0.0580282965113386,0.097986657545682,-0.0708012121955684,0.0680802661199446,NA,100
"Federated landmark IPW","RD",5,-0.5,"strong",1.5,25,"1000/1000/1000/1000/1000","-4.5/-3.75/-3/-2.25/-1.5",-0.140353756021879,-0.0559737956026843,0.118368471452281,-0.0843799604191951,0.0834309568397523,NA,100
"Federated landmark IPW","RD",10,-0.5,"strong",1.5,25,"1000/1000/1000/1000/1000","-4.5/-3.75/-3/-2.25/-1.5",-0.10980710975553,-0.0467942535063454,0.0936679023431976,-0.0630128562491845,0.0696532238494431,NA,100
"Federated landmark IPW","RD",15,-0.5,"strong",1.5,25,"1000/1000/1000/1000/1000","-4.5/-3.75/-3/-2.25/-1.5",-0.0860307103881889,-0.0387054284387901,0.071408267999233,-0.0473252819493988,0.0537432958192494,NA,100
"Federated IPW (no cloning)","RD",5,-1,"medium",1,25,"1000/1000/1000/1000/1000","-4.5/-3.75/-3/-2.25/-1.5",-0.238241209184337,-0.122091469794383,0.12268758594398,-0.116149739389953,0.0397146613693772,NA,100
"Federated IPW (no cloning)","RD",10,-1,"medium",1,25,"1000/1000/1000/1000/1000","-4.5/-3.75/-3/-2.25/-1.5",-0.287793333926486,-0.0968178705311098,0.19429568782353,-0.190975463395376,0.0359459005366949,NA,100
"Federated IPW (no cloning)","RD",15,-1,"medium",1,25,"1000/1000/1000/1000/1000","-4.5/-3.75/-3/-2.25/-1.5",-0.335069076981497,-0.0817086876024627,0.25556059295141,-0.253360389379035,0.0336309405909308,NA,100
"Federated IPW (no cloning)","RD",5,-0.7,"medium",1,25,"1000/1000/1000/1000/1000","-4.5/-3.75/-3/-2.25/-1.5",-0.17676325057059,-0.081055776303728,0.104084473031441,-0.0957074742668619,0.0411164507332502,NA,100
"Federated IPW (no cloning)","RD",10,-0.7,"medium",1,25,"1000/1000/1000/1000/1000","-4.5/-3.75/-3/-2.25/-1.5",-0.230182493802912,-0.0660312049566955,0.168591762605262,-0.164151288846217,0.0386323879989285,NA,100
"Federated IPW (no cloning)","RD",15,-0.7,"medium",1,25,"1000/1000/1000/1000/1000","-4.5/-3.75/-3/-2.25/-1.5",-0.262503010351008,-0.0565820986025233,0.208546979201076,-0.205920911748484,0.0331574243033311,NA,100
"Federated IPW (no cloning)","RD",5,-0.5,"medium",1,25,"1000/1000/1000/1000/1000","-4.5/-3.75/-3/-2.25/-1.5",-0.14123606857746,-0.060919027444341,0.0905997657485217,-0.0803170411331189,0.0421336312957902,NA,100
"Federated IPW (no cloning)","RD",10,-0.5,"medium",1,25,"1000/1000/1000/1000/1000","-4.5/-3.75/-3/-2.25/-1.5",-0.186350367490049,-0.0462294986162913,0.14543676124434,-0.140120868873757,0.0391577182209235,NA,100
"Federated IPW (no cloning)","RD",15,-0.5,"medium",1,25,"1000/1000/1000/1000/1000","-4.5/-3.75/-3/-2.25/-1.5",-0.231897591386372,-0.0397999434906583,0.195045036783025,-0.192097647895713,0.0339497556056463,NA,100
"Federated IPW (no cloning)","RD",5,-1,"small",0.5,25,"1000/1000/1000/1000/1000","-4.5/-3.75/-3/-2.25/-1.5",-0.235314425448141,-0.120536231260007,0.118292719651855,-0.114778194188133,0.0287646960514576,NA,100
"Federated IPW (no cloning)","RD",10,-1,"small",0.5,25,"1000/1000/1000/1000/1000","-4.5/-3.75/-3/-2.25/-1.5",-0.304118398713754,-0.0956199860100375,0.20970934784805,-0.208498412703716,0.0226172025993359,NA,100
"Federated IPW (no cloning)","RD",15,-1,"small",0.5,25,"1000/1000/1000/1000/1000","-4.5/-3.75/-3/-2.25/-1.5",-0.349806931107253,-0.0807667930139156,0.269887345518611,-0.269040138093337,0.0214754585280577,NA,100
"Federated IPW (no cloning)","RD",5,-0.7,"small",0.5,25,"1000/1000/1000/1000/1000","-4.5/-3.75/-3/-2.25/-1.5",-0.171082387192039,-0.0820594317236955,0.0935034826412122,-0.0890229554683433,0.0287415277936994,NA,100
"Federated IPW (no cloning)","RD",10,-0.7,"small",0.5,25,"1000/1000/1000/1000/1000","-4.5/-3.75/-3/-2.25/-1.5",-0.24094107563354,-0.0654681174763394,0.177139553386599,-0.175472958157201,0.0243638731053167,NA,100
"Federated IPW (no cloning)","RD",15,-0.7,"small",0.5,25,"1000/1000/1000/1000/1000","-4.5/-3.75/-3/-2.25/-1.5",-0.287185214838591,-0.0564066207868443,0.232035675429591,-0.230778594051746,0.0242419454407767,NA,100
"Federated IPW (no cloning)","RD",5,-0.5,"small",0.5,25,"1000/1000/1000/1000/1000","-4.5/-3.75/-3/-2.25/-1.5",-0.130811405908685,-0.0588257092473403,0.0760993627990938,-0.0719856966613443,0.0248057604626494,NA,100
"Federated IPW (no cloning)","RD",10,-0.5,"small",0.5,25,"1000/1000/1000/1000/1000","-4.5/-3.75/-3/-2.25/-1.5",-0.198079187944454,-0.0464827674473978,0.152984008079983,-0.151596420497056,0.0206615834583385,NA,100
"Federated IPW (no cloning)","RD",15,-0.5,"small",0.5,25,"1000/1000/1000/1000/1000","-4.5/-3.75/-3/-2.25/-1.5",-0.245954876313343,-0.0399201154772763,0.20721648184498,-0.206034760836067,0.0222099185103941,NA,100
"Federated IPW (no cloning)","RD",5,-1,"strong",1.5,25,"1000/1000/1000/1000/1000","-4.5/-3.75/-3/-2.25/-1.5",-0.227243629643889,-0.125685136000928,0.116837451719985,-0.101558493642961,0.0580565945879005,NA,100
"Federated IPW (no cloning)","RD",10,-1,"strong",1.5,25,"1000/1000/1000/1000/1000","-4.5/-3.75/-3/-2.25/-1.5",-0.281836509483057,-0.100473676816018,0.193544278623479,-0.181362832667039,0.0679193722448293,NA,100
"Federated IPW (no cloning)","RD",15,-1,"strong",1.5,25,"1000/1000/1000/1000/1000","-4.5/-3.75/-3/-2.25/-1.5",-0.322990046205952,-0.0867020445403086,0.244601534198613,-0.236288001665643,0.0635474117217835,NA,100
"Federated IPW (no cloning)","RD",5,-0.7,"strong",1.5,25,"1000/1000/1000/1000/1000","-4.5/-3.75/-3/-2.25/-1.5",-0.163293383242744,-0.082664323485726,0.0973384602321624,-0.0806290597570184,0.0548066441731533,NA,100
"Federated IPW (no cloning)","RD",10,-0.7,"strong",1.5,25,"1000/1000/1000/1000/1000","-4.5/-3.75/-3/-2.25/-1.5",-0.218740436753126,-0.0659481773262258,0.161855381472773,-0.1527922594269,0.0536702424078823,NA,100
"Federated IPW (no cloning)","RD",15,-0.7,"strong",1.5,25,"1000/1000/1000/1000/1000","-4.5/-3.75/-3/-2.25/-1.5",-0.252506250257733,-0.0580282965113386,0.202794682168411,-0.194477953746394,0.0577700826282145,NA,100
"Federated IPW (no cloning)","RD",5,-0.5,"strong",1.5,25,"1000/1000/1000/1000/1000","-4.5/-3.75/-3/-2.25/-1.5",-0.136404196288976,-0.0559737956026843,0.106896013854568,-0.0804304006862915,0.0707657140591519,NA,100
"Federated IPW (no cloning)","RD",10,-0.5,"strong",1.5,25,"1000/1000/1000/1000/1000","-4.5/-3.75/-3/-2.25/-1.5",-0.180171694431814,-0.0467942535063454,0.144045768496491,-0.133377440925469,0.0546766590453492,NA,100
"Federated IPW (no cloning)","RD",15,-0.5,"strong",1.5,25,"1000/1000/1000/1000/1000","-4.5/-3.75/-3/-2.25/-1.5",-0.209341618609049,-0.0387054284387901,0.177019711211463,-0.170636190170259,0.0473464425035983,NA,100
"Federated per-protocol (unweighted)","RD",5,-1,"medium",1,25,"1000/1000/1000/1000/1000","-4.5/-3.75/-3/-2.25/-1.5",-0.0142981339364781,-0.122091469794383,0.108527570652545,0.107793335857905,0.0126662813485217,NA,100
"Federated per-protocol (unweighted)","RD",10,-1,"medium",1,25,"1000/1000/1000/1000/1000","-4.5/-3.75/-3/-2.25/-1.5",-0.0559873556434024,-0.0968178705311098,0.0428119404479096,0.0408305148877074,0.0129385220347808,NA,100
"Federated per-protocol (unweighted)","RD",15,-1,"medium",1,25,"1000/1000/1000/1000/1000","-4.5/-3.75/-3/-2.25/-1.5",-0.0940860669898832,-0.0817086876024627,0.018537266176184,-0.0123773793874204,0.0138691838036836,NA,100
"Federated per-protocol (unweighted)","RD",5,-0.7,"medium",1,25,"1000/1000/1000/1000/1000","-4.5/-3.75/-3/-2.25/-1.5",0.0343725243958166,-0.081055776303728,0.115979269901405,0.115428300699545,0.0113484055071142,NA,100
"Federated per-protocol (unweighted)","RD",10,-0.7,"medium",1,25,"1000/1000/1000/1000/1000","-4.5/-3.75/-3/-2.25/-1.5",-0.00580824160346003,-0.0660312049566955,0.0612513511766903,0.0602229633532354,0.0112331897268539,NA,100
"Federated per-protocol (unweighted)","RD",15,-0.7,"medium",1,25,"1000/1000/1000/1000/1000","-4.5/-3.75/-3/-2.25/-1.5",-0.0387594115023555,-0.0565820986025233,0.0206764831305298,0.0178226871001678,0.0105346364353425,NA,100
"Federated per-protocol (unweighted)","RD",5,-0.5,"medium",1,25,"1000/1000/1000/1000/1000","-4.5/-3.75/-3/-2.25/-1.5",0.0606939381477788,-0.060919027444341,0.122119256825759,0.12161296559212,0.0111644949297285,NA,100
"Federated per-protocol (unweighted)","RD",10,-0.5,"medium",1,25,"1000/1000/1000/1000/1000","-4.5/-3.75/-3/-2.25/-1.5",0.0263273147521732,-0.0462294986162913,0.0733853497599359,0.0725568133684646,0.0110516872518657,NA,100
"Federated per-protocol (unweighted)","RD",15,-0.5,"medium",1,25,"1000/1000/1000/1000/1000","-4.5/-3.75/-3/-2.25/-1.5",-0.00615194401673504,-0.0397999434906583,0.0353285897766147,0.0336479994739233,0.0108209200213415,NA,100
"Federated per-protocol (unweighted)","RD",5,-1,"small",0.5,25,"1000/1000/1000/1000/1000","-4.5/-3.75/-3/-2.25/-1.5",-0.105288799808853,-0.120536231260007,0.0214118111238484,0.015247431451154,0.0151084125922044,NA,100
"Federated per-protocol (unweighted)","RD",10,-1,"small",0.5,25,"1000/1000/1000/1000/1000","-4.5/-3.75/-3/-2.25/-1.5",-0.163073620061262,-0.0956199860100375,0.0687108733912599,-0.0674536340512241,0.0131499270448981,NA,100
"Federated per-protocol (unweighted)","RD",15,-1,"small",0.5,25,"1000/1000/1000/1000/1000","-4.5/-3.75/-3/-2.25/-1.5",-0.206225034479945,-0.0807667930139156,0.126254084574075,-0.12545824146603,0.0142248722239198,NA,100
"Federated per-protocol (unweighted)","RD",5,-0.7,"small",0.5,25,"1000/1000/1000/1000/1000","-4.5/-3.75/-3/-2.25/-1.5",-0.0495138358609637,-0.0820594317236955,0.0354503587971106,0.0325455958627318,0.0141247017947824,NA,100
"Federated per-protocol (unweighted)","RD",10,-0.7,"small",0.5,25,"1000/1000/1000/1000/1000","-4.5/-3.75/-3/-2.25/-1.5",-0.105427388076942,-0.0654681174763394,0.0421693449743253,-0.039959270600603,0.0135404500108529,NA,100
"Federated per-protocol (unweighted)","RD",15,-0.7,"small",0.5,25,"1000/1000/1000/1000/1000","-4.5/-3.75/-3/-2.25/-1.5",-0.146310808786399,-0.0564066207868443,0.0908046100825487,-0.0899041879995544,0.0128202094399948,NA,100
"Federated per-protocol (unweighted)","RD",5,-0.5,"small",0.5,25,"1000/1000/1000/1000/1000","-4.5/-3.75/-3/-2.25/-1.5",-0.0149521260167042,-0.0588257092473403,0.0464225774740934,0.0438735832306362,0.015247599375303,NA,100
"Federated per-protocol (unweighted)","RD",10,-0.5,"small",0.5,25,"1000/1000/1000/1000/1000","-4.5/-3.75/-3/-2.25/-1.5",-0.0673506318828719,-0.0464827674473978,0.0240438404694585,-0.0208678644354741,0.0120033033510287,NA,100
"Federated per-protocol (unweighted)","RD",15,-0.5,"small",0.5,25,"1000/1000/1000/1000/1000","-4.5/-3.75/-3/-2.25/-1.5",-0.109294131230226,-0.0399201154772763,0.0706650793393491,-0.0693740157529496,0.0135139051599724,NA,100
"Federated per-protocol (unweighted)","RD",5,-1,"strong",1.5,25,"1000/1000/1000/1000/1000","-4.5/-3.75/-3/-2.25/-1.5",0.0343916680596195,-0.125685136000928,0.160373082986801,0.160076804060547,0.00979293439646984,NA,100
"Federated per-protocol (unweighted)","RD",10,-1,"strong",1.5,25,"1000/1000/1000/1000/1000","-4.5/-3.75/-3/-2.25/-1.5",0.00950021164481816,-0.100473676816018,0.110675676879138,0.109973888460836,0.0125065360471245,NA,100
"Federated per-protocol (unweighted)","RD",15,-1,"strong",1.5,25,"1000/1000/1000/1000/1000","-4.5/-3.75/-3/-2.25/-1.5",-0.0200654639894013,-0.0867020445403086,0.06750568920973,0.0666365805509073,0.0108518121264317,NA,100
"Federated per-protocol (unweighted)","RD",5,-0.7,"strong",1.5,25,"1000/1000/1000/1000/1000","-4.5/-3.75/-3/-2.25/-1.5",0.0846338762757924,-0.082664323485726,0.167571442879028,0.167298199761518,0.00961379612189044,NA,100
"Federated per-protocol (unweighted)","RD",10,-0.7,"strong",1.5,25,"1000/1000/1000/1000/1000","-4.5/-3.75/-3/-2.25/-1.5",0.0576713944945274,-0.0659481773262258,0.124159109370659,0.123619571820753,0.0116205105404635,NA,100
"Federated per-protocol (unweighted)","RD",15,-0.7,"strong",1.5,25,"1000/1000/1000/1000/1000","-4.5/-3.75/-3/-2.25/-1.5",0.0271980356247458,-0.0580282965113386,0.0860682294705891,0.0852263321360844,0.0120693465478771,NA,100
"Federated per-protocol (unweighted)","RD",5,-0.5,"strong",1.5,25,"1000/1000/1000/1000/1000","-4.5/-3.75/-3/-2.25/-1.5",0.105556316694445,-0.0559737956026843,0.161822539206884,0.16153011229713,0.00977303115826884,NA,100
"Federated per-protocol (unweighted)","RD",10,-0.5,"strong",1.5,25,"1000/1000/1000/1000/1000","-4.5/-3.75/-3/-2.25/-1.5",0.0830983329839475,-0.0467942535063454,0.130272045865002,0.129892586490293,0.00998594510860165,NA,100
"Federated per-protocol (unweighted)","RD",15,-0.5,"strong",1.5,25,"1000/1000/1000/1000/1000","-4.5/-3.75/-3/-2.25/-1.5",0.0603134303998755,-0.0387054284387901,0.0994666729119474,0.0990188588386656,0.00947535956305786,NA,100
"Federated CCW","RR",5,-1,"medium",1,25,"1000/1000/1000/1000/1000","-4.5/-3.75/-3/-2.25/-1.5",0.854669027165055,0.856200541730616,0.0345454280254938,-0.00153151456556058,0.0346853251157299,0.96,100
"Federated CCW","RR",10,-1,"medium",1,25,"1000/1000/1000/1000/1000","-4.5/-3.75/-3/-2.25/-1.5",0.889086673431057,0.88595205733989,0.0264971517150294,0.00313461609116721,0.0264436360939446,0.92,100
"Federated CCW","RR",15,-1,"medium",1,25,"1000/1000/1000/1000/1000","-4.5/-3.75/-3/-2.25/-1.5",0.900873265686198,0.903531358735541,0.0234915524406555,-0.00265809304934291,0.0234582710836808,0.92,100
"Federated CCW","RR",5,-0.7,"medium",1,25,"1000/1000/1000/1000/1000","-4.5/-3.75/-3/-2.25/-1.5",0.900914409950393,0.904496950176821,0.0358911219229908,-0.0035825402264277,0.0358917851440308,0.92,100
"Federated CCW","RR",10,-0.7,"medium",1,25,"1000/1000/1000/1000/1000","-4.5/-3.75/-3/-2.25/-1.5",0.923844019125631,0.92230879822734,0.0277926008221827,0.00153522089829098,0.0278899670106146,0.92,100
"Federated CCW","RR",15,-0.7,"medium",1,25,"1000/1000/1000/1000/1000","-4.5/-3.75/-3/-2.25/-1.5",0.937801280506103,0.933439137750969,0.0218848403980779,0.00436214275513396,0.0215537371629626,0.95,100
"Federated CCW","RR",5,-0.5,"medium",1,25,"1000/1000/1000/1000/1000","-4.5/-3.75/-3/-2.25/-1.5",0.925728283456955,0.928301459002517,0.0369264036464621,-0.00257317554556166,0.0370222162878155,0.96,100
"Federated CCW","RR",10,-0.5,"medium",1,25,"1000/1000/1000/1000/1000","-4.5/-3.75/-3/-2.25/-1.5",0.9499449355248,0.945541148364441,0.0288461599009162,0.00440378716035848,0.0286516451072006,0.9,100
"Federated CCW","RR",15,-0.5,"medium",1,25,"1000/1000/1000/1000/1000","-4.5/-3.75/-3/-2.25/-1.5",0.951526823547004,0.953027924153521,0.0218199646093727,-0.0015011006065166,0.021877933916343,0.95,100
"Federated CCW","RR",5,-1,"small",0.5,25,"1000/1000/1000/1000/1000","-4.5/-3.75/-3/-2.25/-1.5",0.859623583888883,0.857984473991322,0.0248783493602061,0.0016391098975616,0.0249493544709549,0.95,100
"Federated CCW","RR",10,-1,"small",0.5,25,"1000/1000/1000/1000/1000","-4.5/-3.75/-3/-2.25/-1.5",0.887916704836969,0.887402802983313,0.0150827632997905,0.000513901853655404,0.0151499459492424,0.96,100
"Federated CCW","RR",15,-1,"small",0.5,25,"1000/1000/1000/1000/1000","-4.5/-3.75/-3/-2.25/-1.5",0.904340446429016,0.904863540622652,0.0140549792477535,-0.000523094193635697,0.0141159990225063,0.97,100
"Federated CCW","RR",5,-0.7,"small",0.5,25,"1000/1000/1000/1000/1000","-4.5/-3.75/-3/-2.25/-1.5",0.907642775267251,0.903361375310117,0.0248672167741213,0.00428139995713475,0.0246192846415325,0.95,100
"Federated CCW","RR",10,-0.7,"small",0.5,25,"1000/1000/1000/1000/1000","-4.5/-3.75/-3/-2.25/-1.5",0.922040067839004,0.922876534443698,0.0172881793472887,-0.000836466604694271,0.0173549244536288,0.95,100
"Federated CCW","RR",15,-0.7,"small",0.5,25,"1000/1000/1000/1000/1000","-4.5/-3.75/-3/-2.25/-1.5",0.935415453916502,0.933541018546239,0.0155391171438844,0.00187443537026374,0.0155033607843644,0.93,100
"Federated CCW","RR",5,-0.5,"small",0.5,25,"1000/1000/1000/1000/1000","-4.5/-3.75/-3/-2.25/-1.5",0.937223590619631,0.930738267006888,0.0227358233297188,0.00648532361274239,0.0219010225331643,0.98,100
"Federated CCW","RR",10,-0.5,"small",0.5,25,"1000/1000/1000/1000/1000","-4.5/-3.75/-3/-2.25/-1.5",0.946426118434392,0.945263982700829,0.0152237548727096,0.00116213573356322,0.0152558037626858,0.98,100
"Federated CCW","RR",15,-0.5,"small",0.5,25,"1000/1000/1000/1000/1000","-4.5/-3.75/-3/-2.25/-1.5",0.955374140985746,0.953011966048749,0.0142211608121376,0.00236217493699764,0.0140942550231745,0.96,100
"Federated CCW","RR",5,-1,"strong",1.5,25,"1000/1000/1000/1000/1000","-4.5/-3.75/-3/-2.25/-1.5",0.860549099731667,0.8516456735963,0.0514230887315599,0.00890342613536684,0.0509015990475935,0.89,100
"Federated CCW","RR",10,-1,"strong",1.5,25,"1000/1000/1000/1000/1000","-4.5/-3.75/-3/-2.25/-1.5",0.885117300858079,0.88151381376724,0.0533021730382125,0.00360348709083922,0.053448139041993,0.84,100
"Federated CCW","RR",15,-1,"strong",1.5,25,"1000/1000/1000/1000/1000","-4.5/-3.75/-3/-2.25/-1.5",0.895041211476707,0.897455519715916,0.0471100042535179,-0.00241430823920981,0.0472851185987893,0.91,100
"Federated CCW","RR",5,-0.7,"strong",1.5,25,"1000/1000/1000/1000/1000","-4.5/-3.75/-3/-2.25/-1.5",0.91143593849685,0.902758231149322,0.0509410386396634,0.00867770734752775,0.0504493626800835,0.88,100
"Federated CCW","RR",10,-0.7,"strong",1.5,25,"1000/1000/1000/1000/1000","-4.5/-3.75/-3/-2.25/-1.5",0.927093328273405,0.922287407415556,0.0420763895307197,0.00480592085784865,0.04201161071655,0.91,100
"Federated CCW","RR",15,-0.7,"strong",1.5,25,"1000/1000/1000/1000/1000","-4.5/-3.75/-3/-2.25/-1.5",0.935387121285673,0.931382503670617,0.039320581309572,0.00400461761505675,0.0393131837485122,0.9,100
"Federated CCW","RR",5,-0.5,"strong",1.5,25,"1000/1000/1000/1000/1000","-4.5/-3.75/-3/-2.25/-1.5",0.934080797954916,0.934116473579882,0.061979295017859,-3.56756249659434e-05,0.0622915249367848,0.84,100
"Federated CCW","RR",10,-0.5,"strong",1.5,25,"1000/1000/1000/1000/1000","-4.5/-3.75/-3/-2.25/-1.5",0.950187611183688,0.94476424433452,0.043554843508703,0.00542336684916744,0.0434335843278285,0.89,100
"Federated CCW","RR",15,-0.5,"strong",1.5,25,"1000/1000/1000/1000/1000","-4.5/-3.75/-3/-2.25/-1.5",0.959576197128481,0.954256441535915,0.0333927831880985,0.00531975559256562,0.0331323969363858,0.91,100
"Pooled CCW","RR",5,-1,"medium",1,25,"1000/1000/1000/1000/1000","-4.5/-3.75/-3/-2.25/-1.5",0.854122405969266,0.856200541730616,0.0334054176351365,-0.00207813576134969,0.033508679399316,0.97,100
"Pooled CCW","RR",10,-1,"medium",1,25,"1000/1000/1000/1000/1000","-4.5/-3.75/-3/-2.25/-1.5",0.888170522362709,0.88595205733989,0.0254728787392236,0.00221846502281903,0.0255039304597285,0.94,100
"Pooled CCW","RR",15,-1,"medium",1,25,"1000/1000/1000/1000/1000","-4.5/-3.75/-3/-2.25/-1.5",0.899888870759837,0.903531358735541,0.0231330467598149,-0.00364248797570335,0.0229595633501804,0.95,100
"Pooled CCW","RR",5,-0.7,"medium",1,25,"1000/1000/1000/1000/1000","-4.5/-3.75/-3/-2.25/-1.5",0.901591497922535,0.904496950176821,0.0363349797258318,-0.00290545225428566,0.0364010919316001,0.92,100
"Pooled CCW","RR",10,-0.7,"medium",1,25,"1000/1000/1000/1000/1000","-4.5/-3.75/-3/-2.25/-1.5",0.923121222055169,0.92230879822734,0.025652264179052,0.000812423827828519,0.0257685624971112,0.92,100
"Pooled CCW","RR",15,-0.7,"medium",1,25,"1000/1000/1000/1000/1000","-4.5/-3.75/-3/-2.25/-1.5",0.938271908170785,0.933439137750969,0.0192411480380924,0.00483277041981648,0.0187181678043728,0.92,100
"Pooled CCW","RR",5,-0.5,"medium",1,25,"1000/1000/1000/1000/1000","-4.5/-3.75/-3/-2.25/-1.5",0.925538325953141,0.928301459002517,0.0361505857115543,-0.00276313304937609,0.0362264196108042,0.96,100
"Pooled CCW","RR",10,-0.5,"medium",1,25,"1000/1000/1000/1000/1000","-4.5/-3.75/-3/-2.25/-1.5",0.949841754038531,0.945541148364441,0.0271108243301019,0.00430060567408978,0.0269023972251213,0.92,100
"Pooled CCW","RR",15,-0.5,"medium",1,25,"1000/1000/1000/1000/1000","-4.5/-3.75/-3/-2.25/-1.5",0.951867740920188,0.953027924153521,0.0206435086654971,-0.00116018323333279,0.0207147150373431,0.97,100
"Pooled CCW","RR",5,-1,"small",0.5,25,"1000/1000/1000/1000/1000","-4.5/-3.75/-3/-2.25/-1.5",0.858490932746296,0.857984473991322,0.02456517923489,0.000506458754974136,0.024683686396341,0.93,100
"Pooled CCW","RR",10,-1,"small",0.5,25,"1000/1000/1000/1000/1000","-4.5/-3.75/-3/-2.25/-1.5",0.888334120081735,0.887402802983313,0.0151451048016587,0.000931317098421102,0.0151925968120778,0.97,100
"Pooled CCW","RR",15,-1,"small",0.5,25,"1000/1000/1000/1000/1000","-4.5/-3.75/-3/-2.25/-1.5",0.904579209823332,0.904863540622652,0.0132907124235364,-0.00028433079931963,0.0133546115336179,0.96,100
"Pooled CCW","RR",5,-0.7,"small",0.5,25,"1000/1000/1000/1000/1000","-4.5/-3.75/-3/-2.25/-1.5",0.906304385190653,0.903361375310117,0.0230152921598904,0.00294300988053602,0.0229413473939672,0.96,100
"Pooled CCW","RR",10,-0.7,"small",0.5,25,"1000/1000/1000/1000/1000","-4.5/-3.75/-3/-2.25/-1.5",0.922502408151454,0.922876534443698,0.016684834626942,-0.000374126292244716,0.0167646735379546,0.95,100
"Pooled CCW","RR",15,-0.7,"small",0.5,25,"1000/1000/1000/1000/1000","-4.5/-3.75/-3/-2.25/-1.5",0.935510687261993,0.933541018546239,0.0148373889155466,0.00196966871575481,0.014780157151929,0.94,100
"Pooled CCW","RR",5,-0.5,"small",0.5,25,"1000/1000/1000/1000/1000","-4.5/-3.75/-3/-2.25/-1.5",0.936327935821529,0.930738267006888,0.021605746543185,0.00558966881464101,0.0209753074219529,0.97,100
"Pooled CCW","RR",10,-0.5,"small",0.5,25,"1000/1000/1000/1000/1000","-4.5/-3.75/-3/-2.25/-1.5",0.946577466899941,0.945263982700829,0.0158741885017618,0.00131348419911178,0.0158994511006249,0.96,100
"Pooled CCW","RR",15,-0.5,"small",0.5,25,"1000/1000/1000/1000/1000","-4.5/-3.75/-3/-2.25/-1.5",0.954060025574648,0.953011966048749,0.0144655273998359,0.00104805952589894,0.0145001934569323,0.94,100
"Pooled CCW","RR",5,-1,"strong",1.5,25,"1000/1000/1000/1000/1000","-4.5/-3.75/-3/-2.25/-1.5",0.86067059559113,0.8516456735963,0.0492486490940381,0.0090249219948291,0.0486585736377418,0.85,100
"Pooled CCW","RR",10,-1,"strong",1.5,25,"1000/1000/1000/1000/1000","-4.5/-3.75/-3/-2.25/-1.5",0.88436801611733,0.88151381376724,0.0497405826278119,0.0028542023500894,0.0499087965070967,0.87,100
"Pooled CCW","RR",15,-1,"strong",1.5,25,"1000/1000/1000/1000/1000","-4.5/-3.75/-3/-2.25/-1.5",0.895379410163888,0.897455519715916,0.0427527162197435,-0.00207610955202884,0.0429174037982461,0.92,100
"Pooled CCW","RR",5,-0.7,"strong",1.5,25,"1000/1000/1000/1000/1000","-4.5/-3.75/-3/-2.25/-1.5",0.909354701909385,0.902758231149322,0.0568554972137987,0.00659647076006313,0.0567560270188955,0.88,100
"Pooled CCW","RR",10,-0.7,"strong",1.5,25,"1000/1000/1000/1000/1000","-4.5/-3.75/-3/-2.25/-1.5",0.925593407566947,0.922287407415556,0.0404197094377569,0.00330600015139045,0.0404872254953936,0.9,100
"Pooled CCW","RR",15,-0.7,"strong",1.5,25,"1000/1000/1000/1000/1000","-4.5/-3.75/-3/-2.25/-1.5",0.936419745939706,0.931382503670617,0.035899877610598,0.005037242269089,0.0357237917323424,0.9,100
"Pooled CCW","RR",5,-0.5,"strong",1.5,25,"1000/1000/1000/1000/1000","-4.5/-3.75/-3/-2.25/-1.5",0.932443875209705,0.934116473579882,0.0645670340303028,-0.00167259837017619,0.0648705338328579,0.82,100
"Pooled CCW","RR",10,-0.5,"strong",1.5,25,"1000/1000/1000/1000/1000","-4.5/-3.75/-3/-2.25/-1.5",0.950219607727868,0.94476424433452,0.0405946012711634,0.00545536339334796,0.0404290207624344,0.9,100
"Pooled CCW","RR",15,-0.5,"strong",1.5,25,"1000/1000/1000/1000/1000","-4.5/-3.75/-3/-2.25/-1.5",0.95814148960858,0.954256441535915,0.0326225696205628,0.00388504807266497,0.0325535836460993,0.92,100
"Federated landmark IPW","RR",5,-1,"medium",1,25,"1000/1000/1000/1000/1000","-4.5/-3.75/-3/-2.25/-1.5",0.670284031083306,0.856200541730616,0.206053736332797,-0.18591651064731,0.0892912232581915,NA,100
"Federated landmark IPW","RR",10,-1,"medium",1,25,"1000/1000/1000/1000/1000","-4.5/-3.75/-3/-2.25/-1.5",0.62156395780656,0.88595205733989,0.273433282217526,-0.26438809953333,0.0700987229483752,NA,100
"Federated landmark IPW","RR",15,-1,"medium",1,25,"1000/1000/1000/1000/1000","-4.5/-3.75/-3/-2.25/-1.5",0.565703472882365,0.903531358735541,0.345077190241467,-0.337827885853176,0.0707148689586394,NA,100
"Federated landmark IPW","RR",5,-0.7,"medium",1,25,"1000/1000/1000/1000/1000","-4.5/-3.75/-3/-2.25/-1.5",0.767916150326751,0.904496950176821,0.156137240685716,-0.136580799850069,0.076041741868054,NA,100
"Federated landmark IPW","RR",10,-0.7,"medium",1,25,"1000/1000/1000/1000/1000","-4.5/-3.75/-3/-2.25/-1.5",0.708392932987372,0.92230879822734,0.227088806489412,-0.213915865239968,0.0766029289166381,NA,100
"Federated landmark IPW","RR",15,-0.7,"medium",1,25,"1000/1000/1000/1000/1000","-4.5/-3.75/-3/-2.25/-1.5",0.688822326211002,0.933439137750969,0.263152001846386,-0.244616811539966,0.0975020931543296,NA,100
"Federated landmark IPW","RR",5,-0.5,"medium",1,25,"1000/1000/1000/1000/1000","-4.5/-3.75/-3/-2.25/-1.5",0.803344397766448,0.928301459002517,0.14602666064005,-0.124957061236069,0.0759420197823043,NA,100
"Federated landmark IPW","RR",10,-0.5,"medium",1,25,"1000/1000/1000/1000/1000","-4.5/-3.75/-3/-2.25/-1.5",0.797152304304575,0.945541148364441,0.169942865265357,-0.148388844059867,0.08325043399757,NA,100
"Federated landmark IPW","RR",15,-0.5,"medium",1,25,"1000/1000/1000/1000/1000","-4.5/-3.75/-3/-2.25/-1.5",0.760911527019681,0.953027924153521,0.208435351844764,-0.19211639713384,0.0812564580243916,NA,100
"Federated landmark IPW","RR",5,-1,"small",0.5,25,"1000/1000/1000/1000/1000","-4.5/-3.75/-3/-2.25/-1.5",0.684410807449974,0.857984473991322,0.179051432122741,-0.173573666541348,0.0441713562815888,NA,100
"Federated landmark IPW","RR",10,-1,"small",0.5,25,"1000/1000/1000/1000/1000","-4.5/-3.75/-3/-2.25/-1.5",0.615825674287726,0.887402802983313,0.274960154914773,-0.271577128695588,0.0432160412629476,NA,100
"Federated landmark IPW","RR",15,-1,"small",0.5,25,"1000/1000/1000/1000/1000","-4.5/-3.75/-3/-2.25/-1.5",0.564639538487028,0.904863540622652,0.345023654301679,-0.340224002135624,0.0576382869254485,NA,100
"Federated landmark IPW","RR",5,-0.7,"small",0.5,25,"1000/1000/1000/1000/1000","-4.5/-3.75/-3/-2.25/-1.5",0.782228854498859,0.903361375310117,0.12781470287879,-0.121132520811258,0.0409916309997989,NA,100
"Federated landmark IPW","RR",10,-0.7,"small",0.5,25,"1000/1000/1000/1000/1000","-4.5/-3.75/-3/-2.25/-1.5",0.714730891012007,0.922876534443698,0.213084014922151,-0.208145643431692,0.045838854055942,NA,100
"Federated landmark IPW","RR",15,-0.7,"small",0.5,25,"1000/1000/1000/1000/1000","-4.5/-3.75/-3/-2.25/-1.5",0.694153823883674,0.933541018546239,0.252280550170449,-0.239387194662565,0.0800204962752226,NA,100
"Federated landmark IPW","RR",5,-0.5,"small",0.5,25,"1000/1000/1000/1000/1000","-4.5/-3.75/-3/-2.25/-1.5",0.850393254499388,0.930738267006888,0.0919331469822756,-0.0803450125075004,0.0449059902331806,NA,100
"Federated landmark IPW","RR",10,-0.5,"small",0.5,25,"1000/1000/1000/1000/1000","-4.5/-3.75/-3/-2.25/-1.5",0.795762857238303,0.945263982700829,0.1596237579334,-0.149501125462526,0.0562206833342004,NA,100
"Federated landmark IPW","RR",15,-0.5,"small",0.5,25,"1000/1000/1000/1000/1000","-4.5/-3.75/-3/-2.25/-1.5",0.768328872256743,0.953011966048749,0.199741789283753,-0.184683093792006,0.0764683684104879,NA,100
"Federated landmark IPW","RR",5,-1,"strong",1.5,25,"1000/1000/1000/1000/1000","-4.5/-3.75/-3/-2.25/-1.5",0.667872065813421,0.8516456735963,0.201311996341064,-0.183773607782879,0.0825954052167452,NA,100
"Federated landmark IPW","RR",10,-1,"strong",1.5,25,"1000/1000/1000/1000/1000","-4.5/-3.75/-3/-2.25/-1.5",0.62454389611107,0.88151381376724,0.273552880309633,-0.25696991765617,0.0942682597347156,NA,100
"Federated landmark IPW","RR",15,-1,"strong",1.5,25,"1000/1000/1000/1000/1000","-4.5/-3.75/-3/-2.25/-1.5",0.599385292302005,0.897455519715916,0.323172048653133,-0.298070227413912,0.125506298123916,NA,100
"Federated landmark IPW","RR",5,-0.7,"strong",1.5,25,"1000/1000/1000/1000/1000","-4.5/-3.75/-3/-2.25/-1.5",0.763936632927461,0.902758231149322,0.187315825063095,-0.138821598221861,0.126394373141427,NA,100
"Federated landmark IPW","RR",10,-0.7,"strong",1.5,25,"1000/1000/1000/1000/1000","-4.5/-3.75/-3/-2.25/-1.5",0.703995352755427,0.922287407415556,0.249871588670474,-0.218292054660129,0.122203629105817,NA,100
"Federated landmark IPW","RR",15,-0.7,"strong",1.5,25,"1000/1000/1000/1000/1000","-4.5/-3.75/-3/-2.25/-1.5",0.683362166089376,0.931382503670617,0.296388634093354,-0.248020337581241,0.163089287579049,NA,100
"Federated landmark IPW","RR",5,-0.5,"strong",1.5,25,"1000/1000/1000/1000/1000","-4.5/-3.75/-3/-2.25/-1.5",0.804815386212589,0.934116473579882,0.173055234653685,-0.129301087367292,0.11559832513675,NA,100
"Federated landmark IPW","RR",10,-0.5,"strong",1.5,25,"1000/1000/1000/1000/1000","-4.5/-3.75/-3/-2.25/-1.5",0.80488930390801,0.94476424433452,0.185758774225194,-0.13987494042651,0.122850501420711,NA,100
"Federated landmark IPW","RR",15,-0.5,"strong",1.5,25,"1000/1000/1000/1000/1000","-4.5/-3.75/-3/-2.25/-1.5",0.784191048538106,0.954256441535915,0.215464659916191,-0.170065392997809,0.132964572547837,NA,100
"Federated IPW (no cloning)","RR",5,-1,"medium",1,25,"1000/1000/1000/1000/1000","-4.5/-3.75/-3/-2.25/-1.5",0.724094525980754,0.856200541730616,0.139751047948394,-0.132106015749862,0.0458186588670527,NA,100
"Federated IPW (no cloning)","RR",10,-1,"medium",1,25,"1000/1000/1000/1000/1000","-4.5/-3.75/-3/-2.25/-1.5",0.67394015765832,0.88595205733989,0.215801498032067,-0.21201189968157,0.0404674822230234,NA,100
"Federated IPW (no cloning)","RR",15,-1,"medium",1,25,"1000/1000/1000/1000/1000","-4.5/-3.75/-3/-2.25/-1.5",0.627511673667785,0.903531358735541,0.278339923552585,-0.276019685067756,0.0360449564742165,NA,100
"Federated IPW (no cloning)","RR",5,-0.7,"medium",1,25,"1000/1000/1000/1000/1000","-4.5/-3.75/-3/-2.25/-1.5",0.795253483233063,0.904496950176821,0.119033666502666,-0.109243466943758,0.0475126638214512,NA,100
"Federated IPW (no cloning)","RR",10,-0.7,"medium",1,25,"1000/1000/1000/1000/1000","-4.5/-3.75/-3/-2.25/-1.5",0.739844537669884,0.92230879822734,0.187402319501339,-0.182464260557456,0.0429519695777599,NA,100
"Federated IPW (no cloning)","RR",15,-0.7,"medium",1,25,"1000/1000/1000/1000/1000","-4.5/-3.75/-3/-2.25/-1.5",0.707613004215643,0.933439137750969,0.228687902364428,-0.225826133535325,0.0362471050787978,NA,100
"Federated IPW (no cloning)","RR",5,-0.5,"medium",1,25,"1000/1000/1000/1000/1000","-4.5/-3.75/-3/-2.25/-1.5",0.836354316869406,0.928301459002517,0.103995680462051,-0.0919471421331107,0.0488330965794098,NA,100
"Federated IPW (no cloning)","RR",10,-0.5,"medium",1,25,"1000/1000/1000/1000/1000","-4.5/-3.75/-3/-2.25/-1.5",0.788462515078224,0.945541148364441,0.163180927006082,-0.157078633286218,0.0444303779905386,NA,100
"Federated IPW (no cloning)","RR",15,-0.5,"medium",1,25,"1000/1000/1000/1000/1000","-4.5/-3.75/-3/-2.25/-1.5",0.74131547802756,0.953027924153521,0.214931385355939,-0.211712446125961,0.0372453043123339,NA,100
"Federated IPW (no cloning)","RR",5,-1,"small",0.5,25,"1000/1000/1000/1000/1000","-4.5/-3.75/-3/-2.25/-1.5",0.726629211528452,0.857984473991322,0.135484345276776,-0.13135526246287,0.0333606378833964,NA,100
"Federated IPW (no cloning)","RR",10,-1,"small",0.5,25,"1000/1000/1000/1000/1000","-4.5/-3.75/-3/-2.25/-1.5",0.655016640096288,0.887402802983313,0.233713958398818,-0.232386162887026,0.0250027402354585,NA,100
"Federated IPW (no cloning)","RR",15,-1,"small",0.5,25,"1000/1000/1000/1000/1000","-4.5/-3.75/-3/-2.25/-1.5",0.610730479339547,0.904863540622652,0.295051777161852,-0.294133061283104,0.0233829227721943,NA,100
"Federated IPW (no cloning)","RR",5,-0.7,"small",0.5,25,"1000/1000/1000/1000/1000","-4.5/-3.75/-3/-2.25/-1.5",0.801232959201076,0.903361375310117,0.107416733487269,-0.102128416109041,0.0334564583026228,NA,100
"Federated IPW (no cloning)","RR",10,-0.7,"small",0.5,25,"1000/1000/1000/1000/1000","-4.5/-3.75/-3/-2.25/-1.5",0.727211032129355,0.922876534443698,0.197532448291366,-0.195665502314344,0.027230392483485,NA,100
"Federated IPW (no cloning)","RR",15,-0.7,"small",0.5,25,"1000/1000/1000/1000/1000","-4.5/-3.75/-3/-2.25/-1.5",0.680687927798509,0.933541018546239,0.254240806173937,-0.25285309074773,0.026661022571142,NA,100
"Federated IPW (no cloning)","RR",5,-0.5,"small",0.5,25,"1000/1000/1000/1000/1000","-4.5/-3.75/-3/-2.25/-1.5",0.848033801024829,0.930738267006888,0.0874652095889229,-0.082704465982059,0.0286062470230562,NA,100
"Federated IPW (no cloning)","RR",10,-0.5,"small",0.5,25,"1000/1000/1000/1000/1000","-4.5/-3.75/-3/-2.25/-1.5",0.775697627954089,0.945263982700829,0.171092674338457,-0.16956635474674,0.022917386769688,NA,100
"Federated IPW (no cloning)","RR",15,-0.5,"small",0.5,25,"1000/1000/1000/1000/1000","-4.5/-3.75/-3/-2.25/-1.5",0.726336335904442,0.953011966048749,0.227965396585372,-0.226675630144307,0.0243372918948544,NA,100
"Federated IPW (no cloning)","RR",5,-1,"strong",1.5,25,"1000/1000/1000/1000/1000","-4.5/-3.75/-3/-2.25/-1.5",0.736957126487425,0.8516456735963,0.132981593307387,-0.114688547108876,0.0676491343209213,NA,100
"Federated IPW (no cloning)","RR",10,-1,"strong",1.5,25,"1000/1000/1000/1000/1000","-4.5/-3.75/-3/-2.25/-1.5",0.681304229858053,0.88151381376724,0.213613865945876,-0.200209583909187,0.0748534341314123,NA,100
"Federated IPW (no cloning)","RR",15,-1,"strong",1.5,25,"1000/1000/1000/1000/1000","-4.5/-3.75/-3/-2.25/-1.5",0.640898683752838,0.897455519715916,0.265248380183168,-0.256556835963078,0.0676838544405352,NA,100
"Federated IPW (no cloning)","RR",5,-0.7,"strong",1.5,25,"1000/1000/1000/1000/1000","-4.5/-3.75/-3/-2.25/-1.5",0.811283228057084,0.902758231149322,0.110886122138547,-0.091475003092238,0.0629899454234114,NA,100
"Federated IPW (no cloning)","RR",10,-0.7,"strong",1.5,25,"1000/1000/1000/1000/1000","-4.5/-3.75/-3/-2.25/-1.5",0.752372511736855,0.922287407415556,0.18013562900455,-0.169914895678701,0.0601158230852175,NA,100
"Federated IPW (no cloning)","RR",15,-0.7,"strong",1.5,25,"1000/1000/1000/1000/1000","-4.5/-3.75/-3/-2.25/-1.5",0.717857924375586,0.931382503670617,0.222696438375053,-0.213524579295031,0.0635717816013805,NA,100
"Federated IPW (no cloning)","RR",5,-0.5,"strong",1.5,25,"1000/1000/1000/1000/1000","-4.5/-3.75/-3/-2.25/-1.5",0.843037364062192,0.934116473579882,0.121405929686791,-0.0910791095176894,0.0806789094928054,NA,100
"Federated IPW (no cloning)","RR",10,-0.5,"strong",1.5,25,"1000/1000/1000/1000/1000","-4.5/-3.75/-3/-2.25/-1.5",0.796088242300059,0.94476424433452,0.160815456227099,-0.148676002034461,0.0616036318339286,NA,100
"Federated IPW (no cloning)","RR",15,-0.5,"strong",1.5,25,"1000/1000/1000/1000/1000","-4.5/-3.75/-3/-2.25/-1.5",0.766955107693869,0.954256441535915,0.194235721609849,-0.187301333842047,0.0516957483187093,NA,100
"Federated per-protocol (unweighted)","RR",5,-1,"medium",1,25,"1000/1000/1000/1000/1000","-4.5/-3.75/-3/-2.25/-1.5",0.982583451800567,0.856200541730616,0.127314016016187,0.126382910069951,0.0154468367007978,NA,100
"Federated per-protocol (unweighted)","RR",10,-1,"medium",1,25,"1000/1000/1000/1000/1000","-4.5/-3.75/-3/-2.25/-1.5",0.93164664667844,0.88595205733989,0.0482649254632996,0.0456945893385495,0.0156188029378469,NA,100
"Federated per-protocol (unweighted)","RR",15,-1,"medium",1,25,"1000/1000/1000/1000/1000","-4.5/-3.75/-3/-2.25/-1.5",0.886443815542373,0.903531358735541,0.0234766906151382,-0.0170875431931679,0.0161798874357916,NA,100
"Federated per-protocol (unweighted)","RR",5,-0.7,"medium",1,25,"1000/1000/1000/1000/1000","-4.5/-3.75/-3/-2.25/-1.5",1.04205746214504,0.904496950176821,0.138265556426388,0.137560511968224,0.0140154907422573,NA,100
"Federated per-protocol (unweighted)","RR",10,-0.7,"medium",1,25,"1000/1000/1000/1000/1000","-4.5/-3.75/-3/-2.25/-1.5",0.992979144525411,0.92230879822734,0.071966434018047,0.0706703462980706,0.013665180236412,NA,100
"Federated per-protocol (unweighted)","RR",15,-0.7,"medium",1,25,"1000/1000/1000/1000/1000","-4.5/-3.75/-3/-2.25/-1.5",0.953163213757874,0.933439137750969,0.0233506599236884,0.0197240760069056,0.0125615311645331,NA,100
"Federated per-protocol (unweighted)","RR",5,-0.5,"medium",1,25,"1000/1000/1000/1000/1000","-4.5/-3.75/-3/-2.25/-1.5",1.07429418295853,0.928301459002517,0.146666559634329,0.145992723956011,0.0141136894243134,NA,100
"Federated per-protocol (unweighted)","RR",10,-0.5,"medium",1,25,"1000/1000/1000/1000/1000","-4.5/-3.75/-3/-2.25/-1.5",1.0322256468785,0.945541148364441,0.087744813178373,0.0866844985140605,0.0136681431971574,NA,100
"Federated per-protocol (unweighted)","RR",15,-0.5,"medium",1,25,"1000/1000/1000/1000/1000","-4.5/-3.75/-3/-2.25/-1.5",0.992632193288779,0.953027924153521,0.0416758561925363,0.0396042691352583,0.0130414589737745,NA,100
"Federated per-protocol (unweighted)","RR",5,-1,"small",0.5,25,"1000/1000/1000/1000/1000","-4.5/-3.75/-3/-2.25/-1.5",0.874200207542493,0.857984473991322,0.0240228744584899,0.0162157335511714,0.0178135257498959,NA,100
"Federated per-protocol (unweighted)","RR",10,-1,"small",0.5,25,"1000/1000/1000/1000/1000","-4.5/-3.75/-3/-2.25/-1.5",0.80716202191025,0.887402802983313,0.0816069288111149,-0.0802407810730636,0.0149446075801375,NA,100
"Federated per-protocol (unweighted)","RR",15,-1,"small",0.5,25,"1000/1000/1000/1000/1000","-4.5/-3.75/-3/-2.25/-1.5",0.759507135936339,0.904863540622652,0.14622291939156,-0.145356404686312,0.0159752893797645,NA,100
"Federated per-protocol (unweighted)","RR",5,-0.7,"small",0.5,25,"1000/1000/1000/1000/1000","-4.5/-3.75/-3/-2.25/-1.5",0.940854430638767,0.903361375310117,0.0410493399142751,0.0374930553286507,0.0167970388660356,NA,100
"Federated per-protocol (unweighted)","RR",10,-0.7,"small",0.5,25,"1000/1000/1000/1000/1000","-4.5/-3.75/-3/-2.25/-1.5",0.875783074291266,0.922876534443698,0.0495450840158789,-0.0470934601524323,0.0154697933429149,NA,100
"Federated per-protocol (unweighted)","RR",15,-0.7,"small",0.5,25,"1000/1000/1000/1000/1000","-4.5/-3.75/-3/-2.25/-1.5",0.829506751094475,0.933541018546239,0.105014110937342,-0.104034267451763,0.0143841485332138,NA,100
"Federated per-protocol (unweighted)","RR",5,-0.5,"small",0.5,25,"1000/1000/1000/1000/1000","-4.5/-3.75/-3/-2.25/-1.5",0.982203017583359,0.930738267006888,0.0545288744710204,0.0514647505764706,0.0181123764588705,NA,100
"Federated per-protocol (unweighted)","RR",10,-0.5,"small",0.5,25,"1000/1000/1000/1000/1000","-4.5/-3.75/-3/-2.25/-1.5",0.920556475708663,0.945263982700829,0.0282898646988672,-0.0247075069921661,0.0138482228343195,NA,100
"Federated per-protocol (unweighted)","RR",15,-0.5,"small",0.5,25,"1000/1000/1000/1000/1000","-4.5/-3.75/-3/-2.25/-1.5",0.872449413113286,0.953011966048749,0.0819971301765609,-0.0805625529354629,0.0153479647488496,NA,100
"Federated per-protocol (unweighted)","RR",5,-1,"strong",1.5,25,"1000/1000/1000/1000/1000","-4.5/-3.75/-3/-2.25/-1.5",1.04299440352167,0.8516456735963,0.191745953535359,0.19134872992537,0.012398038828784,NA,100
"Federated per-protocol (unweighted)","RR",10,-1,"strong",1.5,25,"1000/1000/1000/1000/1000","-4.5/-3.75/-3/-2.25/-1.5",1.01203505091866,0.88151381376724,0.131462248293612,0.130521237151416,0.0157803540714822,NA,100
"Federated per-protocol (unweighted)","RR",15,-1,"strong",1.5,25,"1000/1000/1000/1000/1000","-4.5/-3.75/-3/-2.25/-1.5",0.975055706567141,0.897455519715916,0.0787337563438121,0.077600186851225,0.0133792915766371,NA,100
"Federated per-protocol (unweighted)","RR",5,-0.7,"strong",1.5,25,"1000/1000/1000/1000/1000","-4.5/-3.75/-3/-2.25/-1.5",1.1060902612325,0.902758231149322,0.203725501898914,0.203332030083178,0.0127194143430555,NA,100
"Federated per-protocol (unweighted)","RR",10,-0.7,"strong",1.5,25,"1000/1000/1000/1000/1000","-4.5/-3.75/-3/-2.25/-1.5",1.07253535140759,0.922287407415556,0.150995566947267,0.15024794399203,0.0150828206473889,NA,100
"Federated per-protocol (unweighted)","RR",15,-0.7,"strong",1.5,25,"1000/1000/1000/1000/1000","-4.5/-3.75/-3/-2.25/-1.5",1.03397090647021,0.931382503670617,0.103700039955634,0.102588402799598,0.0152195348230441,NA,100
"Federated per-protocol (unweighted)","RR",5,-0.5,"strong",1.5,25,"1000/1000/1000/1000/1000","-4.5/-3.75/-3/-2.25/-1.5",1.13174319717783,0.934116473579882,0.198046929857131,0.197626723597951,0.0129593204154596,NA,100
"Federated per-protocol (unweighted)","RR",10,-0.5,"strong",1.5,25,"1000/1000/1000/1000/1000","-4.5/-3.75/-3/-2.25/-1.5",1.10430800353825,0.94476424433452,0.160077477422435,0.159543759203733,0.0131267202651969,NA,100
"Federated per-protocol (unweighted)","RR",15,-0.5,"strong",1.5,25,"1000/1000/1000/1000/1000","-4.5/-3.75/-3/-2.25/-1.5",1.07524773167984,0.954256441535915,0.121601553898469,0.120991290143925,0.0122286969924157,NA,100
"Federated CCW","OR",5,-1,"medium",1,25,"1000/1000/1000/1000/1000","-4.5/-3.75/-3/-2.25/-1.5",0.477436142708327,0.473361645428236,0.072500497702809,0.00407449728009006,0.0727505815108804,0.97,100
"Federated CCW","OR",10,-1,"medium",1,25,"1000/1000/1000/1000/1000","-4.5/-3.75/-3/-2.25/-1.5",0.552927343341972,0.539935068855773,0.078039077364801,0.012992274486199,0.077337633106854,0.96,100
"Federated CCW","OR",15,-1,"medium",1,25,"1000/1000/1000/1000/1000","-4.5/-3.75/-3/-2.25/-1.5",0.580045703588638,0.588990205203247,0.0800809067954875,-0.00894450161460887,0.0799807269969675,0.96,100
"Federated CCW","OR",5,-0.7,"medium",1,25,"1000/1000/1000/1000/1000","-4.5/-3.75/-3/-2.25/-1.5",0.591871258927226,0.588935923139129,0.106557935717814,0.00293533578809719,0.1070541138923,0.93,100
"Federated CCW","OR",10,-0.7,"medium",1,25,"1000/1000/1000/1000/1000","-4.5/-3.75/-3/-2.25/-1.5",0.653858370680794,0.640505760614753,0.0939322097625442,0.0133526100660406,0.0934467267630394,0.93,100
"Federated CCW","OR",15,-0.7,"medium",1,25,"1000/1000/1000/1000/1000","-4.5/-3.75/-3/-2.25/-1.5",0.702380741152313,0.677673687664012,0.087758660339488,0.0247070534883015,0.0846331595144707,0.95,100
"Federated CCW","OR",5,-0.5,"medium",1,25,"1000/1000/1000/1000/1000","-4.5/-3.75/-3/-2.25/-1.5",0.668957881997126,0.660621077461375,0.119392615461187,0.00833680453575097,0.119701203409879,0.98,100
"Federated CCW","OR",10,-0.5,"medium",1,25,"1000/1000/1000/1000/1000","-4.5/-3.75/-3/-2.25/-1.5",0.758421710843811,0.724036661908021,0.116826395325683,0.0343850489357897,0.112214058854144,0.92,100
"Federated CCW","OR",15,-0.5,"medium",1,25,"1000/1000/1000/1000/1000","-4.5/-3.75/-3/-2.25/-1.5",0.758725823319361,0.755975553136278,0.0977987572587838,0.00275027018308369,0.0982525756481606,0.95,100
"Federated CCW","OR",5,-1,"small",0.5,25,"1000/1000/1000/1000/1000","-4.5/-3.75/-3/-2.25/-1.5",0.484450271577806,0.477465940317204,0.0543950078779799,0.00698433126060287,0.0542165131846998,0.96,100
"Federated CCW","OR",10,-1,"small",0.5,25,"1000/1000/1000/1000/1000","-4.5/-3.75/-3/-2.25/-1.5",0.546454616525218,0.543027629009476,0.0433585875305627,0.00342698751574202,0.0434406929880874,0.94,100
"Federated CCW","OR",15,-1,"small",0.5,25,"1000/1000/1000/1000/1000","-4.5/-3.75/-3/-2.25/-1.5",0.591580067574662,0.589592022849745,0.0483046332665308,0.00198804472491653,0.0485068491798773,0.96,100
"Federated CCW","OR",5,-0.7,"small",0.5,25,"1000/1000/1000/1000/1000","-4.5/-3.75/-3/-2.25/-1.5",0.603762623915993,0.585103832987106,0.0738831003420875,0.0186587909288865,0.0718483394101143,0.97,100
"Federated CCW","OR",10,-0.7,"small",0.5,25,"1000/1000/1000/1000/1000","-4.5/-3.75/-3/-2.25/-1.5",0.641617141021456,0.643926042685398,0.060649651569763,-0.00230890166394176,0.0609110065242554,0.94,100
"Federated CCW","OR",15,-0.7,"small",0.5,25,"1000/1000/1000/1000/1000","-4.5/-3.75/-3/-2.25/-1.5",0.689396892545175,0.679967516925811,0.0624046753632469,0.00942937561936393,0.0619989441309667,0.94,100
"Federated CCW","OR",5,-0.5,"small",0.5,25,"1000/1000/1000/1000/1000","-4.5/-3.75/-3/-2.25/-1.5",0.699544912662923,0.66939646478247,0.0856130480829109,0.0301484478804531,0.0805327281010672,0.98,100
"Federated CCW","OR",10,-0.5,"small",0.5,25,"1000/1000/1000/1000/1000","-4.5/-3.75/-3/-2.25/-1.5",0.72866725320937,0.722526244689197,0.0646843418044694,0.00614100852017252,0.0647165700061913,0.98,100
"Federated CCW","OR",15,-0.5,"small",0.5,25,"1000/1000/1000/1000/1000","-4.5/-3.75/-3/-2.25/-1.5",0.76740873253586,0.753135867981113,0.0668708982033623,0.0142728645547463,0.0656590701953314,0.96,100
"Federated CCW","OR",5,-1,"strong",1.5,25,"1000/1000/1000/1000/1000","-4.5/-3.75/-3/-2.25/-1.5",0.503821785863115,0.467289360838537,0.118064120005494,0.0365324250245779,0.112835440893863,0.92,100
"Federated CCW","OR",10,-1,"strong",1.5,25,"1000/1000/1000/1000/1000","-4.5/-3.75/-3/-2.25/-1.5",0.565267286820443,0.530739780699513,0.132426765556963,0.0345275061209302,0.128490456969655,0.87,100
"Federated CCW","OR",15,-1,"strong",1.5,25,"1000/1000/1000/1000/1000","-4.5/-3.75/-3/-2.25/-1.5",0.581855453438038,0.574848851075171,0.112385809355952,0.0070066023628671,0.112732263797594,0.94,100
"Federated CCW","OR",5,-0.7,"strong",1.5,25,"1000/1000/1000/1000/1000","-4.5/-3.75/-3/-2.25/-1.5",0.636613518337939,0.581888229755627,0.157452374732035,0.0547252885823119,0.148379778558912,0.89,100
"Federated CCW","OR",10,-0.7,"strong",1.5,25,"1000/1000/1000/1000/1000","-4.5/-3.75/-3/-2.25/-1.5",0.685502580301404,0.642424229488299,0.148168018608239,0.0430783508131042,0.142481674985173,0.93,100
"Federated CCW","OR",15,-0.7,"strong",1.5,25,"1000/1000/1000/1000/1000","-4.5/-3.75/-3/-2.25/-1.5",0.718590931457996,0.676866725514354,0.142923272694738,0.0417242059436418,0.13738595827617,0.91,100
"Federated CCW","OR",5,-0.5,"strong",1.5,25,"1000/1000/1000/1000/1000","-4.5/-3.75/-3/-2.25/-1.5",0.732161331845458,0.680776257059478,0.230427619845195,0.0513850747859801,0.225756779100561,0.86,100
"Federated CCW","OR",10,-0.5,"strong",1.5,25,"1000/1000/1000/1000/1000","-4.5/-3.75/-3/-2.25/-1.5",0.777460265997575,0.723296902632765,0.186691295808288,0.0541633633648096,0.179561671686858,0.91,100
"Federated CCW","OR",15,-0.5,"strong",1.5,25,"1000/1000/1000/1000/1000","-4.5/-3.75/-3/-2.25/-1.5",0.803299619637441,0.762452569014669,0.158359695110716,0.0408470506227716,0.153771808803849,0.91,100
"Pooled CCW","OR",5,-1,"medium",1,25,"1000/1000/1000/1000/1000","-4.5/-3.75/-3/-2.25/-1.5",0.475806638492188,0.473361645428236,0.0710497327723291,0.00244499306395107,0.0713653746782449,0.96,100
"Pooled CCW","OR",10,-1,"medium",1,25,"1000/1000/1000/1000/1000","-4.5/-3.75/-3/-2.25/-1.5",0.550714092923998,0.539935068855773,0.0745798757560714,0.0107790240682247,0.0741685938321475,0.96,100
"Pooled CCW","OR",15,-1,"medium",1,25,"1000/1000/1000/1000/1000","-4.5/-3.75/-3/-2.25/-1.5",0.577873901049396,0.588990205203247,0.0747690315551164,-0.0111163041538509,0.0743105404764907,0.97,100
"Pooled CCW","OR",5,-0.7,"medium",1,25,"1000/1000/1000/1000/1000","-4.5/-3.75/-3/-2.25/-1.5",0.593803611431052,0.588935923139129,0.104863210163433,0.00486768829192308,0.105277883642844,0.93,100
"Pooled CCW","OR",10,-0.7,"medium",1,25,"1000/1000/1000/1000/1000","-4.5/-3.75/-3/-2.25/-1.5",0.649482134042122,0.640505760614753,0.0875199656473858,0.00897637342736904,0.0874970077815191,0.95,100
"Pooled CCW","OR",15,-0.7,"medium",1,25,"1000/1000/1000/1000/1000","-4.5/-3.75/-3/-2.25/-1.5",0.702494321282676,0.677673687664012,0.0770679136270539,0.0248206336186646,0.0733291972497172,0.94,100
"Pooled CCW","OR",5,-0.5,"medium",1,25,"1000/1000/1000/1000/1000","-4.5/-3.75/-3/-2.25/-1.5",0.667832806520727,0.660621077461375,0.115834211664774,0.00721172905935226,0.1161919152422,0.97,100
"Pooled CCW","OR",10,-0.5,"medium",1,25,"1000/1000/1000/1000/1000","-4.5/-3.75/-3/-2.25/-1.5",0.756740082641341,0.724036661908021,0.112079545914816,0.0327034207333204,0.10774226112878,0.94,100
"Pooled CCW","OR",15,-0.5,"medium",1,25,"1000/1000/1000/1000/1000","-4.5/-3.75/-3/-2.25/-1.5",0.75724714592307,0.755975553136278,0.0926761701362993,0.0012715927867922,0.0931342875534991,0.97,100
"Pooled CCW","OR",5,-1,"small",0.5,25,"1000/1000/1000/1000/1000","-4.5/-3.75/-3/-2.25/-1.5",0.482230410265258,0.477465940317204,0.0523056020156131,0.00476446994805419,0.0523505648945413,0.93,100
"Pooled CCW","OR",10,-1,"small",0.5,25,"1000/1000/1000/1000/1000","-4.5/-3.75/-3/-2.25/-1.5",0.547113469388165,0.543027629009476,0.0430174397994273,0.00408584037868891,0.0430386957119179,0.97,100
"Pooled CCW","OR",15,-1,"small",0.5,25,"1000/1000/1000/1000/1000","-4.5/-3.75/-3/-2.25/-1.5",0.591568788947584,0.589592022849745,0.0465252009996035,0.0019767660978394,0.0467173612511521,0.96,100
"Pooled CCW","OR",5,-0.7,"small",0.5,25,"1000/1000/1000/1000/1000","-4.5/-3.75/-3/-2.25/-1.5",0.599009446790135,0.585103832987106,0.0673215011548716,0.0139056138030284,0.0662015473476156,0.97,100
"Pooled CCW","OR",10,-0.7,"small",0.5,25,"1000/1000/1000/1000/1000","-4.5/-3.75/-3/-2.25/-1.5",0.642890716766876,0.643926042685398,0.058094053418895,-0.00103532591852225,0.0583774477598101,0.93,100
"Pooled CCW","OR",15,-0.7,"small",0.5,25,"1000/1000/1000/1000/1000","-4.5/-3.75/-3/-2.25/-1.5",0.688607832611348,0.679967516925811,0.0617125956187345,0.00864031568553677,0.0614125756448058,0.94,100
"Pooled CCW","OR",5,-0.5,"small",0.5,25,"1000/1000/1000/1000/1000","-4.5/-3.75/-3/-2.25/-1.5",0.695933848797108,0.66939646478247,0.0832057717598308,0.0265373840146386,0.0792577160874743,0.97,100
"Pooled CCW","OR",10,-0.5,"small",0.5,25,"1000/1000/1000/1000/1000","-4.5/-3.75/-3/-2.25/-1.5",0.729655692977902,0.722526244689197,0.066602985654123,0.00712944828870514,0.0665539096829242,0.95,100
"Pooled CCW","OR",15,-0.5,"small",0.5,25,"1000/1000/1000/1000/1000","-4.5/-3.75/-3/-2.25/-1.5",0.761329657053676,0.753135867981113,0.0684028031256449,0.00819378907256214,0.0682523932764244,0.94,100
"Pooled CCW","OR",5,-1,"strong",1.5,25,"1000/1000/1000/1000/1000","-4.5/-3.75/-3/-2.25/-1.5",0.502634612884432,0.467289360838537,0.116011512401563,0.0353452520458949,0.111052740985143,0.88,100
"Pooled CCW","OR",10,-1,"strong",1.5,25,"1000/1000/1000/1000/1000","-4.5/-3.75/-3/-2.25/-1.5",0.559808948813895,0.530739780699513,0.125726724422531,0.0290691681143815,0.122936267873822,0.89,100
"Pooled CCW","OR",15,-1,"strong",1.5,25,"1000/1000/1000/1000/1000","-4.5/-3.75/-3/-2.25/-1.5",0.579535018096286,0.574848851075171,0.106899163929372,0.00468616702111537,0.107334420695833,0.93,100
"Pooled CCW","OR",5,-0.7,"strong",1.5,25,"1000/1000/1000/1000/1000","-4.5/-3.75/-3/-2.25/-1.5",0.632438638079578,0.581888229755627,0.160104644737119,0.0505504083239508,0.15268027425356,0.89,100
"Pooled CCW","OR",10,-0.7,"strong",1.5,25,"1000/1000/1000/1000/1000","-4.5/-3.75/-3/-2.25/-1.5",0.678434292255928,0.642424229488299,0.142793820914214,0.0360100627676284,0.138874809806313,0.9,100
"Pooled CCW","OR",15,-0.7,"strong",1.5,25,"1000/1000/1000/1000/1000","-4.5/-3.75/-3/-2.25/-1.5",0.71691335369907,0.676866725514354,0.135485329477611,0.0400466281847164,0.130083664122003,0.9,100
"Pooled CCW","OR",5,-0.5,"strong",1.5,25,"1000/1000/1000/1000/1000","-4.5/-3.75/-3/-2.25/-1.5",0.728785215403786,0.680776257059478,0.235933837081705,0.0480089583443083,0.232161375864339,0.85,100
"Pooled CCW","OR",10,-0.5,"strong",1.5,25,"1000/1000/1000/1000/1000","-4.5/-3.75/-3/-2.25/-1.5",0.774159598255679,0.723296902632765,0.174545406425547,0.0508626956229137,0.167811477612273,0.91,100
"Pooled CCW","OR",15,-0.5,"strong",1.5,25,"1000/1000/1000/1000/1000","-4.5/-3.75/-3/-2.25/-1.5",0.793813231941071,0.762452569014669,0.155941551866673,0.0313606629264021,0.15352516465132,0.92,100
"Federated landmark IPW","OR",5,-1,"medium",1,25,"1000/1000/1000/1000/1000","-4.5/-3.75/-3/-2.25/-1.5",0.366629434013796,0.473361645428236,0.13650018153937,-0.106732211414441,0.0855200053792371,NA,100
"Federated landmark IPW","OR",10,-1,"medium",1,25,"1000/1000/1000/1000/1000","-4.5/-3.75/-3/-2.25/-1.5",0.412306237468808,0.539935068855773,0.146858259280999,-0.127628831386965,0.0730174305870743,NA,100
"Federated landmark IPW","OR",15,-1,"medium",1,25,"1000/1000/1000/1000/1000","-4.5/-3.75/-3/-2.25/-1.5",0.434966169103023,0.588990205203247,0.171864794492807,-0.154024036100224,0.076634406186565,NA,100
"Federated landmark IPW","OR",5,-0.7,"medium",1,25,"1000/1000/1000/1000/1000","-4.5/-3.75/-3/-2.25/-1.5",0.492118164433807,0.588935923139129,0.150553448372635,-0.096817758705322,0.115874638008085,NA,100
"Federated landmark IPW","OR",10,-0.7,"medium",1,25,"1000/1000/1000/1000/1000","-4.5/-3.75/-3/-2.25/-1.5",0.514299143118047,0.640505760614753,0.156426609354821,-0.126206617496706,0.0928840583591108,NA,100
"Federated landmark IPW","OR",15,-0.7,"medium",1,25,"1000/1000/1000/1000/1000","-4.5/-3.75/-3/-2.25/-1.5",0.576482691347189,0.677673687664012,0.155541595899857,-0.101190996316823,0.118720324604616,NA,100
"Federated landmark IPW","OR",5,-0.5,"medium",1,25,"1000/1000/1000/1000/1000","-4.5/-3.75/-3/-2.25/-1.5",0.548864891994049,0.660621077461375,0.167097354250526,-0.111756185467326,0.124851753737914,NA,100
"Federated landmark IPW","OR",10,-0.5,"medium",1,25,"1000/1000/1000/1000/1000","-4.5/-3.75/-3/-2.25/-1.5",0.64130366766459,0.724036661908021,0.148478357476651,-0.0827329942434307,0.123913762381569,NA,100
"Federated landmark IPW","OR",15,-0.5,"medium",1,25,"1000/1000/1000/1000/1000","-4.5/-3.75/-3/-2.25/-1.5",0.661869995107256,0.755975553136278,0.14168455196566,-0.0941055580290218,0.106451754205796,NA,100
"Federated landmark IPW","OR",5,-1,"small",0.5,25,"1000/1000/1000/1000/1000","-4.5/-3.75/-3/-2.25/-1.5",0.37467942885001,0.477465940317204,0.114668379599071,-0.102786511467193,0.0510868772835756,NA,100
"Federated landmark IPW","OR",10,-1,"small",0.5,25,"1000/1000/1000/1000/1000","-4.5/-3.75/-3/-2.25/-1.5",0.401455086225096,0.543027629009476,0.149707316817868,-0.14157254278438,0.0489226955488779,NA,100
"Federated landmark IPW","OR",15,-1,"small",0.5,25,"1000/1000/1000/1000/1000","-4.5/-3.75/-3/-2.25/-1.5",0.435383499653504,0.589592022849745,0.16757600015161,-0.154208523196241,0.0659158263398664,NA,100
"Federated landmark IPW","OR",5,-0.7,"small",0.5,25,"1000/1000/1000/1000/1000","-4.5/-3.75/-3/-2.25/-1.5",0.503003929107599,0.585103832987106,0.10149228315104,-0.0820999038795079,0.0599687572040012,NA,100
"Federated landmark IPW","OR",10,-0.7,"small",0.5,25,"1000/1000/1000/1000/1000","-4.5/-3.75/-3/-2.25/-1.5",0.516773561280516,0.643926042685398,0.141634155105364,-0.127152481404882,0.062704053684559,NA,100
"Federated landmark IPW","OR",15,-0.7,"small",0.5,25,"1000/1000/1000/1000/1000","-4.5/-3.75/-3/-2.25/-1.5",0.579566876227373,0.679967516925811,0.141489106244377,-0.100400640698438,0.100196163826925,NA,100
"Federated landmark IPW","OR",5,-0.5,"small",0.5,25,"1000/1000/1000/1000/1000","-4.5/-3.75/-3/-2.25/-1.5",0.620916884799501,0.66939646478247,0.102637723064667,-0.0484795799829684,0.0909225029128303,NA,100
"Federated landmark IPW","OR",10,-0.5,"small",0.5,25,"1000/1000/1000/1000/1000","-4.5/-3.75/-3/-2.25/-1.5",0.630779079996503,0.722526244689197,0.127144305997201,-0.0917471646926946,0.0884669219605454,NA,100
"Federated landmark IPW","OR",15,-0.5,"small",0.5,25,"1000/1000/1000/1000/1000","-4.5/-3.75/-3/-2.25/-1.5",0.671177403138277,0.753135867981113,0.131563032640132,-0.0819584648428363,0.103434171707625,NA,100
"Federated landmark IPW","OR",5,-1,"strong",1.5,25,"1000/1000/1000/1000/1000","-4.5/-3.75/-3/-2.25/-1.5",0.363958375737729,0.467289360838537,0.136064215285049,-0.103330985100808,0.0889681488757441,NA,100
"Federated landmark IPW","OR",10,-1,"strong",1.5,25,"1000/1000/1000/1000/1000","-4.5/-3.75/-3/-2.25/-1.5",0.419789767714234,0.530739780699513,0.152727444715229,-0.110950012985279,0.105484773125906,NA,100
"Federated landmark IPW","OR",15,-1,"strong",1.5,25,"1000/1000/1000/1000/1000","-4.5/-3.75/-3/-2.25/-1.5",0.476698268221175,0.574848851075171,0.167667057489977,-0.0981505828539959,0.136621223977756,NA,100
"Federated landmark IPW","OR",5,-0.7,"strong",1.5,25,"1000/1000/1000/1000/1000","-4.5/-3.75/-3/-2.25/-1.5",0.517756477196629,0.581888229755627,0.25635486083578,-0.0641317525589982,0.249453813436929,NA,100
"Federated landmark IPW","OR",10,-0.7,"strong",1.5,25,"1000/1000/1000/1000/1000","-4.5/-3.75/-3/-2.25/-1.5",0.522252846540222,0.642424229488299,0.187051644957106,-0.120171382948077,0.144064928549196,NA,100
"Federated landmark IPW","OR",15,-0.7,"strong",1.5,25,"1000/1000/1000/1000/1000","-4.5/-3.75/-3/-2.25/-1.5",0.579925488686154,0.676866725514354,0.226888447996721,-0.0969412368282002,0.206169402829838,NA,100
"Federated landmark IPW","OR",5,-0.5,"strong",1.5,25,"1000/1000/1000/1000/1000","-4.5/-3.75/-3/-2.25/-1.5",0.574503401810502,0.680776257059478,0.224171421184917,-0.106272855248976,0.198374470684841,NA,100
"Federated landmark IPW","OR",10,-0.5,"strong",1.5,25,"1000/1000/1000/1000/1000","-4.5/-3.75/-3/-2.25/-1.5",0.667759788272563,0.723296902632765,0.205552985126338,-0.0555371143602028,0.198905232556293,NA,100
"Federated landmark IPW","OR",15,-0.5,"strong",1.5,25,"1000/1000/1000/1000/1000","-4.5/-3.75/-3/-2.25/-1.5",0.69969978617533,0.762452569014669,0.190263632219156,-0.062752782839339,0.180522076747072,NA,100
"Federated IPW (no cloning)","OR",5,-1,"medium",1,25,"1000/1000/1000/1000/1000","-4.5/-3.75/-3/-2.25/-1.5",0.26842503073739,0.473361645428236,0.210160014520123,-0.204936614690846,0.046798684067594,NA,100
"Federated IPW (no cloning)","OR",10,-1,"medium",1,25,"1000/1000/1000/1000/1000","-4.5/-3.75/-3/-2.25/-1.5",0.197457003094328,0.539935068855773,0.344180454558884,-0.342478065761445,0.0343622968837997,NA,100
"Federated IPW (no cloning)","OR",15,-1,"medium",1,25,"1000/1000/1000/1000/1000","-4.5/-3.75/-3/-2.25/-1.5",0.146584123138991,0.588990205203247,0.443327220418344,-0.442406082064256,0.0287075627316142,NA,100
"Federated IPW (no cloning)","OR",5,-0.7,"medium",1,25,"1000/1000/1000/1000/1000","-4.5/-3.75/-3/-2.25/-1.5",0.355925565300298,0.588935923139129,0.244129495960694,-0.233010357838831,0.0732050112669084,NA,100
"Federated IPW (no cloning)","OR",10,-0.7,"medium",1,25,"1000/1000/1000/1000/1000","-4.5/-3.75/-3/-2.25/-1.5",0.2517170998656,0.640505760614753,0.391491145201862,-0.388788660749153,0.0461518578627889,NA,100
"Federated IPW (no cloning)","OR",15,-0.7,"medium",1,25,"1000/1000/1000/1000/1000","-4.5/-3.75/-3/-2.25/-1.5",0.200897934863497,0.677673687664012,0.477983974479153,-0.476775752800515,0.034135224266828,NA,100
"Federated IPW (no cloning)","OR",5,-0.5,"medium",1,25,"1000/1000/1000/1000/1000","-4.5/-3.75/-3/-2.25/-1.5",0.423710773955714,0.660621077461375,0.251685890966536,-0.236910303505661,0.0853944845075961,NA,100
"Federated IPW (no cloning)","OR",10,-0.5,"medium",1,25,"1000/1000/1000/1000/1000","-4.5/-3.75/-3/-2.25/-1.5",0.313960757528539,0.724036661908021,0.413883608304811,-0.410075904379482,0.0562946242365991,NA,100
"Federated IPW (no cloning)","OR",15,-0.5,"medium",1,25,"1000/1000/1000/1000/1000","-4.5/-3.75/-3/-2.25/-1.5",0.232819222757218,0.755975553136278,0.52468171478745,-0.52315633037906,0.0401808514701153,NA,100
"Federated IPW (no cloning)","OR",5,-1,"small",0.5,25,"1000/1000/1000/1000/1000","-4.5/-3.75/-3/-2.25/-1.5",0.272625833440228,0.477465940317204,0.207735751939671,-0.204840106876976,0.0347381728811509,NA,100
"Federated IPW (no cloning)","OR",10,-1,"small",0.5,25,"1000/1000/1000/1000/1000","-4.5/-3.75/-3/-2.25/-1.5",0.18466225365564,0.543027629009476,0.358911474281044,-0.358365375353836,0.0198912223191482,NA,100
"Federated IPW (no cloning)","OR",15,-1,"small",0.5,25,"1000/1000/1000/1000/1000","-4.5/-3.75/-3/-2.25/-1.5",0.13783434076052,0.589592022849745,0.451988795162587,-0.451757682089226,0.0145250610978554,NA,100
"Federated IPW (no cloning)","OR",5,-0.7,"small",0.5,25,"1000/1000/1000/1000/1000","-4.5/-3.75/-3/-2.25/-1.5",0.36381141184707,0.585103832987106,0.226597893737438,-0.221292421140036,0.0489925761457566,NA,100
"Federated IPW (no cloning)","OR",10,-0.7,"small",0.5,25,"1000/1000/1000/1000/1000","-4.5/-3.75/-3/-2.25/-1.5",0.239151785423486,0.643926042685398,0.405742448619033,-0.404774257261913,0.0281542516916859,NA,100
"Federated IPW (no cloning)","OR",15,-0.7,"small",0.5,25,"1000/1000/1000/1000/1000","-4.5/-3.75/-3/-2.25/-1.5",0.177678225317233,0.679967516925811,0.502728835938924,-0.502289291608579,0.0211237340749772,NA,100
"Federated IPW (no cloning)","OR",5,-0.5,"small",0.5,25,"1000/1000/1000/1000/1000","-4.5/-3.75/-3/-2.25/-1.5",0.442320069371373,0.66939646478247,0.234083700992617,-0.227076395411097,0.0571325741392918,NA,100
"Federated IPW (no cloning)","OR",10,-0.5,"small",0.5,25,"1000/1000/1000/1000/1000","-4.5/-3.75/-3/-2.25/-1.5",0.289955199458165,0.722526244689197,0.433698413725583,-0.432571045231032,0.0314081134698834,NA,100
"Federated IPW (no cloning)","OR",15,-0.5,"small",0.5,25,"1000/1000/1000/1000/1000","-4.5/-3.75/-3/-2.25/-1.5",0.213193904145551,0.753135867981113,0.540496699714647,-0.539941963835563,0.0246051257660091,NA,100
"Federated IPW (no cloning)","OR",5,-1,"strong",1.5,25,"1000/1000/1000/1000/1000","-4.5/-3.75/-3/-2.25/-1.5",0.286025225130076,0.467289360838537,0.19492506108768,-0.181264135708461,0.0720486125585815,NA,100
"Federated IPW (no cloning)","OR",10,-1,"strong",1.5,25,"1000/1000/1000/1000/1000","-4.5/-3.75/-3/-2.25/-1.5",0.208320914842638,0.530739780699513,0.327592398302771,-0.322418865856875,0.0582822665245628,NA,100
"Federated IPW (no cloning)","OR",15,-1,"strong",1.5,25,"1000/1000/1000/1000/1000","-4.5/-3.75/-3/-2.25/-1.5",0.158826289365378,0.574848851075171,0.418211230266679,-0.416022561709794,0.0429453642750533,NA,100
"Federated IPW (no cloning)","OR",5,-0.7,"strong",1.5,25,"1000/1000/1000/1000/1000","-4.5/-3.75/-3/-2.25/-1.5",0.383732534055558,0.581888229755627,0.221601288415258,-0.19815569570007,0.0997038609473156,NA,100
"Federated IPW (no cloning)","OR",10,-0.7,"strong",1.5,25,"1000/1000/1000/1000/1000","-4.5/-3.75/-3/-2.25/-1.5",0.27142324900047,0.642424229488299,0.377149561167116,-0.371000980487829,0.0681654550208491,NA,100
"Federated IPW (no cloning)","OR",15,-0.7,"strong",1.5,25,"1000/1000/1000/1000/1000","-4.5/-3.75/-3/-2.25/-1.5",0.21959044320869,0.676866725514354,0.46070858579548,-0.457276282305664,0.0564147937684929,NA,100
"Federated IPW (no cloning)","OR",5,-0.5,"strong",1.5,25,"1000/1000/1000/1000/1000","-4.5/-3.75/-3/-2.25/-1.5",0.453503573122434,0.680776257059478,0.275855073951619,-0.227272683937044,0.157130676366711,NA,100
"Federated IPW (no cloning)","OR",10,-0.5,"strong",1.5,25,"1000/1000/1000/1000/1000","-4.5/-3.75/-3/-2.25/-1.5",0.327108593201445,0.723296902632765,0.40595280497364,-0.396188309431321,0.0889472851256872,NA,100
"Federated IPW (no cloning)","OR",15,-0.5,"strong",1.5,25,"1000/1000/1000/1000/1000","-4.5/-3.75/-3/-2.25/-1.5",0.26022353187449,0.762452569014669,0.506920896814378,-0.502229037140179,0.0691564605857563,NA,100
"Federated per-protocol (unweighted)","OR",5,-1,"medium",1,25,"1000/1000/1000/1000/1000","-4.5/-3.75/-3/-2.25/-1.5",0.914734303517016,0.473361645428236,0.447795644374705,0.441372658088779,0.0759526421601889,NA,100
"Federated per-protocol (unweighted)","OR",10,-1,"medium",1,25,"1000/1000/1000/1000/1000","-4.5/-3.75/-3/-2.25/-1.5",0.714320770044387,0.539935068855773,0.182398554401582,0.174385701188614,0.0537376705966475,NA,100
"Federated per-protocol (unweighted)","OR",15,-1,"medium",1,25,"1000/1000/1000/1000/1000","-4.5/-3.75/-3/-2.25/-1.5",0.574781716864203,0.588990205203247,0.0485418548222784,-0.0142084883390439,0.0466496779542882,NA,100
"Federated per-protocol (unweighted)","OR",5,-0.7,"medium",1,25,"1000/1000/1000/1000/1000","-4.5/-3.75/-3/-2.25/-1.5",1.29192983574016,0.588935923139129,0.711851212309151,0.702993912601027,0.112509067252591,NA,100
"Federated per-protocol (unweighted)","OR",10,-0.7,"medium",1,25,"1000/1000/1000/1000/1000","-4.5/-3.75/-3/-2.25/-1.5",0.965082017277839,0.640505760614753,0.332561774369554,0.324576256663086,0.0728051736867649,NA,100
"Federated per-protocol (unweighted)","OR",15,-0.7,"medium",1,25,"1000/1000/1000/1000/1000","-4.5/-3.75/-3/-2.25/-1.5",0.780772364060912,0.677673687664012,0.114878857484069,0.1030986763969,0.050928894995938,NA,100
"Federated per-protocol (unweighted)","OR",5,-0.5,"medium",1,25,"1000/1000/1000/1000/1000","-4.5/-3.75/-3/-2.25/-1.5",1.62067157683448,0.660621077461375,0.972045622425997,0.960050499373105,0.153002709195641,NA,100
"Federated per-protocol (unweighted)","OR",10,-0.5,"medium",1,25,"1000/1000/1000/1000/1000","-4.5/-3.75/-3/-2.25/-1.5",1.21250604694656,0.724036661908021,0.498358954989607,0.488469385038536,0.099286891209608,NA,100
"Federated per-protocol (unweighted)","OR",15,-0.5,"medium",1,25,"1000/1000/1000/1000/1000","-4.5/-3.75/-3/-2.25/-1.5",0.961297780681619,0.755975553136278,0.217148942866628,0.205322227545341,0.0710416456600914,NA,100
"Federated per-protocol (unweighted)","OR",5,-1,"small",0.5,25,"1000/1000/1000/1000/1000","-4.5/-3.75/-3/-2.25/-1.5",0.53354692734398,0.477465940317204,0.0706757264302065,0.0560809870267766,0.0432280913218851,NA,100
"Federated per-protocol (unweighted)","OR",10,-1,"small",0.5,25,"1000/1000/1000/1000/1000","-4.5/-3.75/-3/-2.25/-1.5",0.393655408669603,0.543027629009476,0.151925714555245,-0.149372220339873,0.0278771209522062,NA,100
"Federated per-protocol (unweighted)","OR",15,-1,"small",0.5,25,"1000/1000/1000/1000/1000","-4.5/-3.75/-3/-2.25/-1.5",0.311264800650143,0.589592022849745,0.279284813544787,-0.278327222199603,0.0232240831852966,NA,100
"Federated per-protocol (unweighted)","OR",5,-0.7,"small",0.5,25,"1000/1000/1000/1000/1000","-4.5/-3.75/-3/-2.25/-1.5",0.725566177905786,0.585103832987106,0.15410765543346,0.140462344918679,0.0637189149655578,NA,100
"Federated per-protocol (unweighted)","OR",10,-0.7,"small",0.5,25,"1000/1000/1000/1000/1000","-4.5/-3.75/-3/-2.25/-1.5",0.518332031616826,0.643926042685398,0.132442335534425,-0.125594011068573,0.0422488613858958,NA,100
"Federated per-protocol (unweighted)","OR",15,-0.7,"small",0.5,25,"1000/1000/1000/1000/1000","-4.5/-3.75/-3/-2.25/-1.5",0.409617004085325,0.679967516925811,0.272117782687536,-0.270350512840486,0.0311186692749147,NA,100
"Federated per-protocol (unweighted)","OR",5,-0.5,"small",0.5,25,"1000/1000/1000/1000/1000","-4.5/-3.75/-3/-2.25/-1.5",0.906571001427622,0.66939646478247,0.256561247213628,0.237174536645152,0.0983290329772035,NA,100
"Federated per-protocol (unweighted)","OR",10,-0.5,"small",0.5,25,"1000/1000/1000/1000/1000","-4.5/-3.75/-3/-2.25/-1.5",0.64088947092913,0.722526244689197,0.0957077864307421,-0.0816367737600673,0.0502058143190056,NA,100
"Federated per-protocol (unweighted)","OR",15,-0.5,"small",0.5,25,"1000/1000/1000/1000/1000","-4.5/-3.75/-3/-2.25/-1.5",0.496900299923418,0.753135867981113,0.259503524230712,-0.256235568057696,0.0412606001110607,NA,100
"Federated per-protocol (unweighted)","OR",5,-1,"strong",1.5,25,"1000/1000/1000/1000/1000","-4.5/-3.75/-3/-2.25/-1.5",1.26475320669174,0.467289360838537,0.802072587186461,0.797463845853201,0.0862920204944554,NA,100
"Federated per-protocol (unweighted)","OR",10,-1,"strong",1.5,25,"1000/1000/1000/1000/1000","-4.5/-3.75/-3/-2.25/-1.5",1.06509766137108,0.530739780699513,0.540836108436789,0.534357880671569,0.0838791311330534,NA,100
"Federated per-protocol (unweighted)","OR",15,-1,"strong",1.5,25,"1000/1000/1000/1000/1000","-4.5/-3.75/-3/-2.25/-1.5",0.887212981732136,0.574848851075171,0.31761789202216,0.312364130656965,0.0578204746120504,NA,100
"Federated per-protocol (unweighted)","OR",5,-0.7,"strong",1.5,25,"1000/1000/1000/1000/1000","-4.5/-3.75/-3/-2.25/-1.5",1.91404937296335,0.581888229755627,1.34029425382887,1.33216114320772,0.148171942757029,NA,100
"Federated per-protocol (unweighted)","OR",10,-0.7,"strong",1.5,25,"1000/1000/1000/1000/1000","-4.5/-3.75/-3/-2.25/-1.5",1.50225250663182,0.642424229488299,0.869070593542369,0.859828277143516,0.127045010652979,NA,100
"Federated per-protocol (unweighted)","OR",15,-0.7,"strong",1.5,25,"1000/1000/1000/1000/1000","-4.5/-3.75/-3/-2.25/-1.5",1.20419111180558,0.676866725514354,0.53638120388217,0.527324386291221,0.0986463303196262,NA,100
"Federated per-protocol (unweighted)","OR",5,-0.5,"strong",1.5,25,"1000/1000/1000/1000/1000","-4.5/-3.75/-3/-2.25/-1.5",2.43694539966363,0.680776257059478,1.77115518544955,1.75616914260415,0.231072671042837,NA,100
"Federated per-protocol (unweighted)","OR",10,-0.5,"strong",1.5,25,"1000/1000/1000/1000/1000","-4.5/-3.75/-3/-2.25/-1.5",1.87980895238781,0.723296902632765,1.16634045712411,1.15651204975504,0.151856992454901,NA,100
"Federated per-protocol (unweighted)","OR",15,-0.5,"strong",1.5,25,"1000/1000/1000/1000/1000","-4.5/-3.75/-3/-2.25/-1.5",1.55222927336925,0.762452569014669,0.797619952784579,0.789776704354584,0.112143245061911,NA,100
"Federated CCW","RMST_diff",5,-1,"medium",1,25,"1000/1000/1000/1000/1000","-4.5/-3.75/-3/-2.25/-1.5",2.46168569239273,2.44557630057947,0.44966498334567,0.016109391813267,0.451640203566337,0.95,100
"Federated CCW","RMST_diff",10,-1,"medium",1,25,"1000/1000/1000/1000/1000","-4.5/-3.75/-3/-2.25/-1.5",1.69651130929474,1.70296127211957,0.380331957074562,-0.00644996282482945,0.382193028008502,0.91,100
"Federated CCW","RMST_diff",15,-1,"medium",1,25,"1000/1000/1000/1000/1000","-4.5/-3.75/-3/-2.25/-1.5",1.45491225406781,1.45550837014069,0.235938326416187,-0.000596116072885788,0.237126183255992,0.93,100
"Federated CCW","RMST_diff",5,-0.7,"medium",1,25,"1000/1000/1000/1000/1000","-4.5/-3.75/-3/-2.25/-1.5",1.72743533520726,1.68007300726624,0.439519108863888,0.0473623279410128,0.439161111400106,0.96,100
"Federated CCW","RMST_diff",10,-0.7,"medium",1,25,"1000/1000/1000/1000/1000","-4.5/-3.75/-3/-2.25/-1.5",1.20123236041871,1.21322224235686,0.322732184185951,-0.0119898819381436,0.324134130860094,0.91,100
"Federated CCW","RMST_diff",15,-0.7,"medium",1,25,"1000/1000/1000/1000/1000","-4.5/-3.75/-3/-2.25/-1.5",0.972039283775856,1.03848729405872,0.251033637886351,-0.0664480102828658,0.243299186645013,0.91,100
"Federated CCW","RMST_diff",5,-0.5,"medium",1,25,"1000/1000/1000/1000/1000","-4.5/-3.75/-3/-2.25/-1.5",1.27587549787101,1.26365032502189,0.499550660807415,0.0122251728491248,0.501916939345499,0.97,100
"Federated CCW","RMST_diff",10,-0.5,"medium",1,25,"1000/1000/1000/1000/1000","-4.5/-3.75/-3/-2.25/-1.5",0.798244967523875,0.859375948155673,0.31618336711758,-0.061130980631798,0.311780363071141,0.92,100
"Federated CCW","RMST_diff",15,-0.5,"medium",1,25,"1000/1000/1000/1000/1000","-4.5/-3.75/-3/-2.25/-1.5",0.735460489408571,0.731081732343199,0.241717641840248,0.00437875706537232,0.242895506616981,0.94,100
"Federated CCW","RMST_diff",5,-1,"small",0.5,25,"1000/1000/1000/1000/1000","-4.5/-3.75/-3/-2.25/-1.5",2.36875565040794,2.36730705181046,0.334012092778417,0.00144859859748179,0.335691626895878,0.95,100
"Federated CCW","RMST_diff",10,-1,"small",0.5,25,"1000/1000/1000/1000/1000","-4.5/-3.75/-3/-2.25/-1.5",1.60888066848959,1.60748618309906,0.178457437496085,0.0013944853905248,0.179350997238006,0.93,100
"Federated CCW","RMST_diff",15,-1,"small",0.5,25,"1000/1000/1000/1000/1000","-4.5/-3.75/-3/-2.25/-1.5",1.35893579670254,1.34954821916763,0.141230653428409,0.00938757753491113,0.141628233131823,0.98,100
"Federated CCW","RMST_diff",5,-0.7,"small",0.5,25,"1000/1000/1000/1000/1000","-4.5/-3.75/-3/-2.25/-1.5",1.62653593824854,1.67721031916654,0.326669456999142,-0.0506743809180048,0.324340887598796,0.96,100
"Federated CCW","RMST_diff",10,-0.7,"small",0.5,25,"1000/1000/1000/1000/1000","-4.5/-3.75/-3/-2.25/-1.5",1.13416510871113,1.13138566901934,0.190051373971317,0.00277943969179258,0.190988389999315,0.95,100
"Federated CCW","RMST_diff",15,-0.7,"small",0.5,25,"1000/1000/1000/1000/1000","-4.5/-3.75/-3/-2.25/-1.5",0.972873708432447,0.957337853124102,0.137174479810419,0.0155358553083454,0.136978487992917,0.99,100
"Federated CCW","RMST_diff",5,-0.5,"small",0.5,25,"1000/1000/1000/1000/1000","-4.5/-3.75/-3/-2.25/-1.5",1.15061681218623,1.21089641955664,0.316385058854433,-0.0602796073704065,0.312154252210868,0.97,100
"Federated CCW","RMST_diff",10,-0.5,"small",0.5,25,"1000/1000/1000/1000/1000","-4.5/-3.75/-3/-2.25/-1.5",0.809534060566666,0.819333063244267,0.160413965750205,-0.00979900267760105,0.160921023211219,0.98,100
"Federated CCW","RMST_diff",15,-0.5,"small",0.5,25,"1000/1000/1000/1000/1000","-4.5/-3.75/-3/-2.25/-1.5",0.690482431155453,0.693631158297448,0.144395470063426,-0.00314872714199447,0.145088399706931,0.96,100
"Federated CCW","RMST_diff",5,-1,"strong",1.5,25,"1000/1000/1000/1000/1000","-4.5/-3.75/-3/-2.25/-1.5",2.36671968320203,2.53877832726178,0.669474591880778,-0.172058644059744,0.650246303123295,0.91,100
"Federated CCW","RMST_diff",10,-1,"strong",1.5,25,"1000/1000/1000/1000/1000","-4.5/-3.75/-3/-2.25/-1.5",1.78655085447419,1.85709019064385,0.65408376767085,-0.0705393361696564,0.653544938817352,0.82,100
"Federated CCW","RMST_diff",15,-1,"strong",1.5,25,"1000/1000/1000/1000/1000","-4.5/-3.75/-3/-2.25/-1.5",1.63630223688145,1.6212334623437,0.589577362185737,0.0150687745377451,0.592353973852809,0.84,100
"Federated CCW","RMST_diff",5,-0.7,"strong",1.5,25,"1000/1000/1000/1000/1000","-4.5/-3.75/-3/-2.25/-1.5",1.63470861974024,1.76500706845806,0.751494992935214,-0.130298448717817,0.743841407195793,0.87,100
"Federated CCW","RMST_diff",10,-0.7,"strong",1.5,25,"1000/1000/1000/1000/1000","-4.5/-3.75/-3/-2.25/-1.5",1.16968557739436,1.2621597357296,0.500690840668241,-0.0924741583352392,0.4945560686307,0.9,100
"Federated CCW","RMST_diff",15,-0.7,"strong",1.5,25,"1000/1000/1000/1000/1000","-4.5/-3.75/-3/-2.25/-1.5",1.0415054157151,1.1057927419765,0.519219339307383,-0.0642873262614036,0.517819692881912,0.86,100
"Federated CCW","RMST_diff",5,-0.5,"strong",1.5,25,"1000/1000/1000/1000/1000","-4.5/-3.75/-3/-2.25/-1.5",1.19981834919332,1.24608529640619,0.887343527849702,-0.0462669472128756,0.890600697300807,0.83,100
"Federated CCW","RMST_diff",10,-0.5,"strong",1.5,25,"1000/1000/1000/1000/1000","-4.5/-3.75/-3/-2.25/-1.5",0.854866574369245,0.918579728099795,0.550071275362164,-0.0637131537305498,0.549121467326725,0.89,100
"Federated CCW","RMST_diff",15,-0.5,"strong",1.5,25,"1000/1000/1000/1000/1000","-4.5/-3.75/-3/-2.25/-1.5",0.678875349534837,0.783479808949572,0.43717683734241,-0.104604459414735,0.426616349044411,0.82,100
"Pooled CCW","RMST_diff",5,-1,"medium",1,25,"1000/1000/1000/1000/1000","-4.5/-3.75/-3/-2.25/-1.5",2.46342048494488,2.44557630057947,0.465601407048572,0.0178441843654116,0.467603232625223,0.92,100
"Pooled CCW","RMST_diff",10,-1,"medium",1,25,"1000/1000/1000/1000/1000","-4.5/-3.75/-3/-2.25/-1.5",1.70131992776097,1.70296127211957,0.349347559427406,-0.00164134435859931,0.351103632671801,0.92,100
"Pooled CCW","RMST_diff",15,-1,"medium",1,25,"1000/1000/1000/1000/1000","-4.5/-3.75/-3/-2.25/-1.5",1.46675817791431,1.45550837014069,0.23376203926359,0.0112498077736178,0.234667469062266,0.94,100
"Pooled CCW","RMST_diff",5,-0.7,"medium",1,25,"1000/1000/1000/1000/1000","-4.5/-3.75/-3/-2.25/-1.5",1.71587988785452,1.68007300726624,0.436395349976842,0.0358068805882796,0.437114931589083,0.96,100
"Pooled CCW","RMST_diff",10,-0.7,"medium",1,25,"1000/1000/1000/1000/1000","-4.5/-3.75/-3/-2.25/-1.5",1.19718812630448,1.21322224235686,0.283586951201462,-0.016034116052377,0.284559674049417,0.95,100
"Pooled CCW","RMST_diff",15,-0.7,"medium",1,25,"1000/1000/1000/1000/1000","-4.5/-3.75/-3/-2.25/-1.5",0.972941204060936,1.03848729405872,0.219682279697623,-0.0655460899977858,0.210732282884335,0.93,100
"Pooled CCW","RMST_diff",5,-0.5,"medium",1,25,"1000/1000/1000/1000/1000","-4.5/-3.75/-3/-2.25/-1.5",1.27297801315428,1.26365032502189,0.486322122978935,0.00932768813239829,0.488682212259285,0.94,100
"Pooled CCW","RMST_diff",10,-0.5,"medium",1,25,"1000/1000/1000/1000/1000","-4.5/-3.75/-3/-2.25/-1.5",0.799908395635248,0.859375948155673,0.291877667692917,-0.0594675525204253,0.287195043525024,0.91,100
"Pooled CCW","RMST_diff",15,-0.5,"medium",1,25,"1000/1000/1000/1000/1000","-4.5/-3.75/-3/-2.25/-1.5",0.728975658097464,0.731081732343199,0.229344730886256,-0.00210607424573489,0.230490408303161,0.95,100
"Pooled CCW","RMST_diff",5,-1,"small",0.5,25,"1000/1000/1000/1000/1000","-4.5/-3.75/-3/-2.25/-1.5",2.37965236373949,2.36730705181046,0.327077314604849,0.0123453119290359,0.328490829788359,0.93,100
"Pooled CCW","RMST_diff",10,-1,"small",0.5,25,"1000/1000/1000/1000/1000","-4.5/-3.75/-3/-2.25/-1.5",1.60252134622918,1.60748618309906,0.173344083615561,-0.00496483686988241,0.174145886013795,0.94,100
"Pooled CCW","RMST_diff",15,-1,"small",0.5,25,"1000/1000/1000/1000/1000","-4.5/-3.75/-3/-2.25/-1.5",1.35445095673341,1.34954821916763,0.133186367059436,0.00490273756577704,0.133766612429487,0.99,100
"Pooled CCW","RMST_diff",5,-0.7,"small",0.5,25,"1000/1000/1000/1000/1000","-4.5/-3.75/-3/-2.25/-1.5",1.64771391145282,1.67721031916654,0.300255775380849,-0.0294964077137182,0.300308751191104,0.98,100
"Pooled CCW","RMST_diff",10,-0.7,"small",0.5,25,"1000/1000/1000/1000/1000","-4.5/-3.75/-3/-2.25/-1.5",1.13467157715482,1.13138566901934,0.198956717302971,0.00328590813548384,0.199931751405069,0.94,100
"Pooled CCW","RMST_diff",15,-0.7,"small",0.5,25,"1000/1000/1000/1000/1000","-4.5/-3.75/-3/-2.25/-1.5",0.963524891242032,0.957337853124102,0.131880807035601,0.00618703811793039,0.132399257770848,0.99,100
"Pooled CCW","RMST_diff",5,-0.5,"small",0.5,25,"1000/1000/1000/1000/1000","-4.5/-3.75/-3/-2.25/-1.5",1.17292528043601,1.21089641955664,0.306452347995073,-0.0379711391206255,0.30562278556439,0.97,100
"Pooled CCW","RMST_diff",10,-0.5,"small",0.5,25,"1000/1000/1000/1000/1000","-4.5/-3.75/-3/-2.25/-1.5",0.802107795605643,0.819333063244267,0.166370977597433,-0.0172252676386236,0.166310505330652,0.96,100
"Pooled CCW","RMST_diff",15,-0.5,"small",0.5,25,"1000/1000/1000/1000/1000","-4.5/-3.75/-3/-2.25/-1.5",0.707487587144804,0.693631158297448,0.152442479497771,0.013856428847356,0.152576223490996,0.95,100
"Pooled CCW","RMST_diff",5,-1,"strong",1.5,25,"1000/1000/1000/1000/1000","-4.5/-3.75/-3/-2.25/-1.5",2.36683977355321,2.53877832726178,0.644057412102796,-0.171938553708566,0.623809641251513,0.89,100
"Pooled CCW","RMST_diff",10,-1,"strong",1.5,25,"1000/1000/1000/1000/1000","-4.5/-3.75/-3/-2.25/-1.5",1.79840635907376,1.85709019064385,0.604382102396925,-0.0586838315700846,0.604556715146118,0.83,100
"Pooled CCW","RMST_diff",15,-1,"strong",1.5,25,"1000/1000/1000/1000/1000","-4.5/-3.75/-3/-2.25/-1.5",1.63851768543039,1.6212334623437,0.548952427482428,0.0172842230866876,0.551444405717486,0.86,100
"Pooled CCW","RMST_diff",5,-0.7,"strong",1.5,25,"1000/1000/1000/1000/1000","-4.5/-3.75/-3/-2.25/-1.5",1.65347181766571,1.76500706845806,0.830735116693427,-0.111535250792345,0.827360853410342,0.86,100
"Pooled CCW","RMST_diff",10,-0.7,"strong",1.5,25,"1000/1000/1000/1000/1000","-4.5/-3.75/-3/-2.25/-1.5",1.19542742897475,1.2621597357296,0.48557473046468,-0.066732306754849,0.483390402170052,0.92,100
"Pooled CCW","RMST_diff",15,-0.7,"strong",1.5,25,"1000/1000/1000/1000/1000","-4.5/-3.75/-3/-2.25/-1.5",1.0225797786775,1.1057927419765,0.457759037765499,-0.0832129632989963,0.452399818024367,0.88,100
"Pooled CCW","RMST_diff",5,-0.5,"strong",1.5,25,"1000/1000/1000/1000/1000","-4.5/-3.75/-3/-2.25/-1.5",1.2026216314563,1.24608529640619,0.929650152378597,-0.043463664949888,0.933311858869119,0.84,100
"Pooled CCW","RMST_diff",10,-0.5,"strong",1.5,25,"1000/1000/1000/1000/1000","-4.5/-3.75/-3/-2.25/-1.5",0.855722232199872,0.918579728099795,0.525752718916341,-0.0628574958999226,0.52461131033021,0.89,100
"Pooled CCW","RMST_diff",15,-0.5,"strong",1.5,25,"1000/1000/1000/1000/1000","-4.5/-3.75/-3/-2.25/-1.5",0.707119565912041,0.783479808949572,0.446506160640039,-0.0763602430375311,0.442144526822107,0.85,100
"Federated landmark IPW","RMST_diff",5,-1,"medium",1,25,"1000/1000/1000/1000/1000","-4.5/-3.75/-3/-2.25/-1.5",3.7808673881181,2.44557630057947,1.53305426872735,1.33529108753864,0.756956360512434,NA,100
"Federated landmark IPW","RMST_diff",10,-1,"medium",1,25,"1000/1000/1000/1000/1000","-4.5/-3.75/-3/-2.25/-1.5",2.17880995705464,1.70296127211957,0.61393350258284,0.475848684935068,0.389874849952462,NA,100
"Federated landmark IPW","RMST_diff",15,-1,"medium",1,25,"1000/1000/1000/1000/1000","-4.5/-3.75/-3/-2.25/-1.5",0.993902584191182,1.45550837014069,0.522379060499838,-0.461605785949511,0.245772295918474,NA,100
"Federated landmark IPW","RMST_diff",5,-0.7,"medium",1,25,"1000/1000/1000/1000/1000","-4.5/-3.75/-3/-2.25/-1.5",2.70453419161644,1.68007300726624,1.20739760452573,1.0244611843502,0.642193413999322,NA,100
"Federated landmark IPW","RMST_diff",10,-0.7,"medium",1,25,"1000/1000/1000/1000/1000","-4.5/-3.75/-3/-2.25/-1.5",1.67585610330547,1.21322224235686,0.626091502909531,0.462633860948614,0.423978845383375,NA,100
"Federated landmark IPW","RMST_diff",15,-0.7,"medium",1,25,"1000/1000/1000/1000/1000","-4.5/-3.75/-3/-2.25/-1.5",0.687893290966835,1.03848729405872,0.425324394403748,-0.350594003091888,0.242013200806416,NA,100
"Federated landmark IPW","RMST_diff",5,-0.5,"medium",1,25,"1000/1000/1000/1000/1000","-4.5/-3.75/-3/-2.25/-1.5",2.17437742813863,1.26365032502189,1.14361105782244,0.910727103116748,0.695165408136093,NA,100
"Federated landmark IPW","RMST_diff",10,-0.5,"medium",1,25,"1000/1000/1000/1000/1000","-4.5/-3.75/-3/-2.25/-1.5",1.14586764044814,0.859375948155673,0.518572287007792,0.286491692292468,0.434427205721045,NA,100
"Federated landmark IPW","RMST_diff",15,-0.5,"medium",1,25,"1000/1000/1000/1000/1000","-4.5/-3.75/-3/-2.25/-1.5",0.529917437885286,0.731081732343199,0.288973102364485,-0.201164294457913,0.208502066277107,NA,100
"Federated landmark IPW","RMST_diff",5,-1,"small",0.5,25,"1000/1000/1000/1000/1000","-4.5/-3.75/-3/-2.25/-1.5",3.69549674618171,2.36730705181046,1.39566923807295,1.32818969437126,0.430884406291257,NA,100
"Federated landmark IPW","RMST_diff",10,-1,"small",0.5,25,"1000/1000/1000/1000/1000","-4.5/-3.75/-3/-2.25/-1.5",2.20832462718743,1.60748618309906,0.669488989362856,0.600838444088364,0.296798865648225,NA,100
"Federated landmark IPW","RMST_diff",15,-1,"small",0.5,25,"1000/1000/1000/1000/1000","-4.5/-3.75/-3/-2.25/-1.5",1.0210433163651,1.34954821916763,0.401396136902418,-0.328504902802532,0.231820610623782,NA,100
"Federated landmark IPW","RMST_diff",5,-0.7,"small",0.5,25,"1000/1000/1000/1000/1000","-4.5/-3.75/-3/-2.25/-1.5",2.6195200383869,1.67721031916654,1.00550428429384,0.94230971922036,0.352611124107791,NA,100
"Federated landmark IPW","RMST_diff",10,-0.7,"small",0.5,25,"1000/1000/1000/1000/1000","-4.5/-3.75/-3/-2.25/-1.5",1.64943605009922,1.13138566901934,0.585518664117552,0.518050381079876,0.274240749303939,NA,100
"Federated landmark IPW","RMST_diff",15,-0.7,"small",0.5,25,"1000/1000/1000/1000/1000","-4.5/-3.75/-3/-2.25/-1.5",0.699588522490329,0.957337853124102,0.345163396974918,-0.257749330633773,0.230727994056904,NA,100
"Federated landmark IPW","RMST_diff",5,-0.5,"small",0.5,25,"1000/1000/1000/1000/1000","-4.5/-3.75/-3/-2.25/-1.5",1.89868908527985,1.21089641955664,0.806529841478872,0.687792665723212,0.423348406046739,NA,100
"Federated landmark IPW","RMST_diff",10,-0.5,"small",0.5,25,"1000/1000/1000/1000/1000","-4.5/-3.75/-3/-2.25/-1.5",1.2075947023349,0.819333063244267,0.494815328508143,0.388261639090635,0.308294606801849,NA,100
"Federated landmark IPW","RMST_diff",15,-0.5,"small",0.5,25,"1000/1000/1000/1000/1000","-4.5/-3.75/-3/-2.25/-1.5",0.551047321173198,0.693631158297448,0.256321354035207,-0.14258383712425,0.214076560281566,NA,100
"Federated landmark IPW","RMST_diff",5,-1,"strong",1.5,25,"1000/1000/1000/1000/1000","-4.5/-3.75/-3/-2.25/-1.5",3.67604742194757,2.53877832726178,1.39261964842432,1.13726909468579,0.807795660886788,NA,100
"Federated landmark IPW","RMST_diff",10,-1,"strong",1.5,25,"1000/1000/1000/1000/1000","-4.5/-3.75/-3/-2.25/-1.5",2.12369917351621,1.85709019064385,0.546629758405653,0.26660898287236,0.479608155534221,NA,100
"Federated landmark IPW","RMST_diff",15,-1,"strong",1.5,25,"1000/1000/1000/1000/1000","-4.5/-3.75/-3/-2.25/-1.5",0.932782463337966,1.6212334623437,0.74916642292993,-0.688450999005737,0.296929660775259,NA,100
"Federated landmark IPW","RMST_diff",5,-0.7,"strong",1.5,25,"1000/1000/1000/1000/1000","-4.5/-3.75/-3/-2.25/-1.5",2.71068381228073,1.76500706845806,1.43494706987587,0.945676743822674,1.08468148727014,NA,100
"Federated landmark IPW","RMST_diff",10,-0.7,"strong",1.5,25,"1000/1000/1000/1000/1000","-4.5/-3.75/-3/-2.25/-1.5",1.60188433444171,1.2621597357296,0.712092691063843,0.339724598712103,0.628982822986902,NA,100
"Federated landmark IPW","RMST_diff",15,-0.7,"strong",1.5,25,"1000/1000/1000/1000/1000","-4.5/-3.75/-3/-2.25/-1.5",0.68425420261369,1.1057927419765,0.56344007961703,-0.421538539362811,0.37574166812098,NA,100
"Federated landmark IPW","RMST_diff",5,-0.5,"strong",1.5,25,"1000/1000/1000/1000/1000","-4.5/-3.75/-3/-2.25/-1.5",2.14153296405312,1.24608529640619,1.37311929904648,0.895447667646933,1.04621978682444,NA,100
"Federated landmark IPW","RMST_diff",10,-0.5,"strong",1.5,25,"1000/1000/1000/1000/1000","-4.5/-3.75/-3/-2.25/-1.5",1.10126943976165,0.918579728099795,0.662921909924939,0.182689711661854,0.640462213073644,NA,100
"Federated landmark IPW","RMST_diff",15,-0.5,"strong",1.5,25,"1000/1000/1000/1000/1000","-4.5/-3.75/-3/-2.25/-1.5",0.452917034356515,0.783479808949572,0.448640473298194,-0.330562774593057,0.304853875137633,NA,100
"Federated IPW (no cloning)","RMST_diff",5,-1,"medium",1,25,"1000/1000/1000/1000/1000","-4.5/-3.75/-3/-2.25/-1.5",6.82395428667855,2.44557630057947,4.42090699006182,4.37837798609909,0.61482101002162,NA,100
"Federated IPW (no cloning)","RMST_diff",10,-1,"medium",1,25,"1000/1000/1000/1000/1000","-4.5/-3.75/-3/-2.25/-1.5",8.51705113360996,1.70296127211957,6.8395449656943,6.81408986149039,0.59250767994699,NA,100
"Federated IPW (no cloning)","RMST_diff",15,-1,"medium",1,25,"1000/1000/1000/1000/1000","-4.5/-3.75/-3/-2.25/-1.5",9.5857458303452,1.45550837014069,8.14635102944022,8.1302374602045,0.514706875047638,NA,100
"Federated IPW (no cloning)","RMST_diff",5,-0.7,"medium",1,25,"1000/1000/1000/1000/1000","-4.5/-3.75/-3/-2.25/-1.5",5.52514398540638,1.68007300726624,3.89611167937036,3.84507097814013,0.631748728331244,NA,100
"Federated IPW (no cloning)","RMST_diff",10,-0.7,"medium",1,25,"1000/1000/1000/1000/1000","-4.5/-3.75/-3/-2.25/-1.5",7.4149838545482,1.21322224235686,6.23260711949901,6.20176161219134,0.622429592448126,NA,100
"Federated IPW (no cloning)","RMST_diff",15,-0.7,"medium",1,25,"1000/1000/1000/1000/1000","-4.5/-3.75/-3/-2.25/-1.5",8.34718725040239,1.03848729405872,7.33333806528217,7.30869995634367,0.603652291262058,NA,100
"Federated IPW (no cloning)","RMST_diff",5,-0.5,"medium",1,25,"1000/1000/1000/1000/1000","-4.5/-3.75/-3/-2.25/-1.5",4.65479218072741,1.26365032502189,3.46413541138857,3.39114185570552,0.710946916513018,NA,100
"Federated IPW (no cloning)","RMST_diff",10,-0.5,"medium",1,25,"1000/1000/1000/1000/1000","-4.5/-3.75/-3/-2.25/-1.5",6.48536529078409,0.859375948155673,5.65429644067525,5.62598934262842,0.567923877798705,NA,100
"Federated IPW (no cloning)","RMST_diff",15,-0.5,"medium",1,25,"1000/1000/1000/1000/1000","-4.5/-3.75/-3/-2.25/-1.5",7.63851777321468,0.731081732343199,6.92645528950537,6.90743604087148,0.515526815756786,NA,100
"Federated IPW (no cloning)","RMST_diff",5,-1,"small",0.5,25,"1000/1000/1000/1000/1000","-4.5/-3.75/-3/-2.25/-1.5",6.76110319352149,2.36730705181046,4.41865178887352,4.39379614171103,0.470373907148031,NA,100
"Federated IPW (no cloning)","RMST_diff",10,-1,"small",0.5,25,"1000/1000/1000/1000/1000","-4.5/-3.75/-3/-2.25/-1.5",8.78135516382942,1.60748618309906,7.18399766387553,7.17386898073036,0.383269140717268,NA,100
"Federated IPW (no cloning)","RMST_diff",15,-1,"small",0.5,25,"1000/1000/1000/1000/1000","-4.5/-3.75/-3/-2.25/-1.5",9.93059277610824,1.34954821916763,8.58675466997609,8.58104455694061,0.314674874950933,NA,100
"Federated IPW (no cloning)","RMST_diff",5,-0.7,"small",0.5,25,"1000/1000/1000/1000/1000","-4.5/-3.75/-3/-2.25/-1.5",5.44106320399042,1.67721031916654,3.79510693855998,3.76385288482388,0.488502283845547,NA,100
"Federated IPW (no cloning)","RMST_diff",10,-0.7,"small",0.5,25,"1000/1000/1000/1000/1000","-4.5/-3.75/-3/-2.25/-1.5",7.55614867205709,1.13138566901934,6.43750339614853,6.42476300303775,0.406848357600295,NA,100
"Federated IPW (no cloning)","RMST_diff",15,-0.7,"small",0.5,25,"1000/1000/1000/1000/1000","-4.5/-3.75/-3/-2.25/-1.5",8.89191313847512,0.957337853124102,7.94110744809826,7.93457528535102,0.323651114282436,NA,100
"Federated IPW (no cloning)","RMST_diff",5,-0.5,"small",0.5,25,"1000/1000/1000/1000/1000","-4.5/-3.75/-3/-2.25/-1.5",4.54828087269202,1.21089641955664,3.36970535891027,3.33738445313538,0.467941136157017,NA,100
"Federated IPW (no cloning)","RMST_diff",10,-0.5,"small",0.5,25,"1000/1000/1000/1000/1000","-4.5/-3.75/-3/-2.25/-1.5",6.76907547032833,0.819333063244267,5.96122794981184,5.94974240708406,0.371733529742415,NA,100
"Federated IPW (no cloning)","RMST_diff",15,-0.5,"small",0.5,25,"1000/1000/1000/1000/1000","-4.5/-3.75/-3/-2.25/-1.5",8.09561372408616,0.693631158297448,7.41089465172948,7.40198256578871,0.365167229979759,NA,100
"Federated IPW (no cloning)","RMST_diff",5,-1,"strong",1.5,25,"1000/1000/1000/1000/1000","-4.5/-3.75/-3/-2.25/-1.5",6.6467430895818,2.53877832726178,4.20763655774538,4.10796476232002,0.914987946938561,NA,100
"Federated IPW (no cloning)","RMST_diff",10,-1,"strong",1.5,25,"1000/1000/1000/1000/1000","-4.5/-3.75/-3/-2.25/-1.5",8.4057580249062,1.85709019064385,6.63205079961353,6.54866783426235,1.05363603492524,NA,100
"Federated IPW (no cloning)","RMST_diff",15,-1,"strong",1.5,25,"1000/1000/1000/1000/1000","-4.5/-3.75/-3/-2.25/-1.5",9.42026537332684,1.6212334623437,7.86919062534211,7.79903191098313,1.05373906140669,NA,100
"Federated IPW (no cloning)","RMST_diff",5,-0.7,"strong",1.5,25,"1000/1000/1000/1000/1000","-4.5/-3.75/-3/-2.25/-1.5",5.39079965650304,1.76500706845806,3.75876872251458,3.62579258804498,0.995936399044318,NA,100
"Federated IPW (no cloning)","RMST_diff",10,-0.7,"strong",1.5,25,"1000/1000/1000/1000/1000","-4.5/-3.75/-3/-2.25/-1.5",7.19125905498321,1.2621597357296,5.99490807097858,5.92909931925361,0.890297896978392,NA,100
"Federated IPW (no cloning)","RMST_diff",15,-0.7,"strong",1.5,25,"1000/1000/1000/1000/1000","-4.5/-3.75/-3/-2.25/-1.5",8.12929574092892,1.1057927419765,7.08124182928853,7.02350299895242,0.906982714842012,NA,100
"Federated IPW (no cloning)","RMST_diff",5,-0.5,"strong",1.5,25,"1000/1000/1000/1000/1000","-4.5/-3.75/-3/-2.25/-1.5",4.73724004417829,1.24608529640619,3.72445786905715,3.4911547477721,1.30400507586006,NA,100
"Federated IPW (no cloning)","RMST_diff",10,-0.5,"strong",1.5,25,"1000/1000/1000/1000/1000","-4.5/-3.75/-3/-2.25/-1.5",6.43584797046231,0.918579728099795,5.5950369277601,5.51726824236252,0.934301102600439,NA,100
"Federated IPW (no cloning)","RMST_diff",15,-0.5,"strong",1.5,25,"1000/1000/1000/1000/1000","-4.5/-3.75/-3/-2.25/-1.5",7.2469732884784,0.783479808949572,6.51703423360471,6.46349347952883,0.83785876806071,NA,100
"Federated per-protocol (unweighted)","RMST_diff",5,-1,"medium",1,25,"1000/1000/1000/1000/1000","-4.5/-3.75/-3/-2.25/-1.5",1.37273753633719,2.44557630057947,1.10993472220601,-1.07283876424228,0.285989463494602,NA,100
"Federated per-protocol (unweighted)","RMST_diff",10,-1,"medium",1,25,"1000/1000/1000/1000/1000","-4.5/-3.75/-3/-2.25/-1.5",2.92098953597215,1.70296127211957,1.24677377804286,1.21802826385258,0.267521361502483,NA,100
"Federated per-protocol (unweighted)","RMST_diff",15,-1,"medium",1,25,"1000/1000/1000/1000/1000","-4.5/-3.75/-3/-2.25/-1.5",3.9644846165443,1.45550837014069,2.52437657404791,2.50897624640361,0.279818271806309,NA,100
"Federated per-protocol (unweighted)","RMST_diff",5,-0.7,"medium",1,25,"1000/1000/1000/1000/1000","-4.5/-3.75/-3/-2.25/-1.5",-0.00647674680113808,1.68007300726624,1.70666094920596,-1.68654975406738,0.262546816604074,NA,100
"Federated per-protocol (unweighted)","RMST_diff",10,-0.7,"medium",1,25,"1000/1000/1000/1000/1000","-4.5/-3.75/-3/-2.25/-1.5",1.67837559958766,1.21322224235686,0.526326085321301,0.465153357230799,0.247515946525483,NA,100
"Federated per-protocol (unweighted)","RMST_diff",15,-0.7,"medium",1,25,"1000/1000/1000/1000/1000","-4.5/-3.75/-3/-2.25/-1.5",2.74669566515435,1.03848729405872,1.72855798243937,1.70820837109563,0.265788059360575,NA,100
"Federated per-protocol (unweighted)","RMST_diff",5,-0.5,"medium",1,25,"1000/1000/1000/1000/1000","-4.5/-3.75/-3/-2.25/-1.5",-0.878443322182191,1.26365032502189,2.15972626126531,-2.14209364720408,0.276800497399465,NA,100
"Federated per-protocol (unweighted)","RMST_diff",10,-0.5,"medium",1,25,"1000/1000/1000/1000/1000","-4.5/-3.75/-3/-2.25/-1.5",0.82835765373444,0.859375948155673,0.249026889757379,-0.031018294421233,0.248332331162166,NA,100
"Federated per-protocol (unweighted)","RMST_diff",15,-0.5,"medium",1,25,"1000/1000/1000/1000/1000","-4.5/-3.75/-3/-2.25/-1.5",1.90503271570676,0.731081732343199,1.20335384852657,1.17395098336356,0.265717198767103,NA,100
"Federated per-protocol (unweighted)","RMST_diff",5,-1,"small",0.5,25,"1000/1000/1000/1000/1000","-4.5/-3.75/-3/-2.25/-1.5",3.67600360364129,2.36730705181046,1.34106608406535,1.30869655183084,0.294343263253417,NA,100
"Federated per-protocol (unweighted)","RMST_diff",10,-1,"small",0.5,25,"1000/1000/1000/1000/1000","-4.5/-3.75/-3/-2.25/-1.5",5.53648322983862,1.60748618309906,3.93673988338899,3.92899704673955,0.248028827294523,NA,100
"Federated per-protocol (unweighted)","RMST_diff",15,-1,"small",0.5,25,"1000/1000/1000/1000/1000","-4.5/-3.75/-3/-2.25/-1.5",6.67263965325825,1.34954821916763,5.32948832704079,5.32309143409061,0.26235801812007,NA,100
"Federated per-protocol (unweighted)","RMST_diff",5,-0.7,"small",0.5,25,"1000/1000/1000/1000/1000","-4.5/-3.75/-3/-2.25/-1.5",2.34965367520375,1.67721031916654,0.732523679724678,0.672443356037206,0.291999159883257,NA,100
"Federated per-protocol (unweighted)","RMST_diff",10,-0.7,"small",0.5,25,"1000/1000/1000/1000/1000","-4.5/-3.75/-3/-2.25/-1.5",4.28210360577666,1.13138566901934,3.16352904539484,3.15071793675732,0.285848911232762,NA,100
"Federated per-protocol (unweighted)","RMST_diff",15,-0.7,"small",0.5,25,"1000/1000/1000/1000/1000","-4.5/-3.75/-3/-2.25/-1.5",5.49963375821662,0.957337853124102,4.55004948355508,4.54229590509252,0.266852612025835,NA,100
"Federated per-protocol (unweighted)","RMST_diff",5,-0.5,"small",0.5,25,"1000/1000/1000/1000/1000","-4.5/-3.75/-3/-2.25/-1.5",1.44603756949476,1.21089641955664,0.413534367479134,0.235141149938126,0.341889155485413,NA,100
"Federated per-protocol (unweighted)","RMST_diff",10,-0.5,"small",0.5,25,"1000/1000/1000/1000/1000","-4.5/-3.75/-3/-2.25/-1.5",3.44269110388151,0.819333063244267,2.63679028295314,2.62335804063724,0.267150294210929,NA,100
"Federated per-protocol (unweighted)","RMST_diff",15,-0.5,"small",0.5,25,"1000/1000/1000/1000/1000","-4.5/-3.75/-3/-2.25/-1.5",4.71665698714648,0.693631158297448,4.03350002845901,4.02302582884903,0.291955545240078,NA,100
"Federated per-protocol (unweighted)","RMST_diff",5,-1,"strong",1.5,25,"1000/1000/1000/1000/1000","-4.5/-3.75/-3/-2.25/-1.5",-0.0739266321602787,2.53877832726178,2.62371244353581,-2.61270495942205,0.241292356675376,NA,100
"Federated per-protocol (unweighted)","RMST_diff",10,-1,"strong",1.5,25,"1000/1000/1000/1000/1000","-4.5/-3.75/-3/-2.25/-1.5",1.17885317535574,1.85709019064385,0.723191333681667,-0.678237015288104,0.252263002498679,NA,100
"Federated per-protocol (unweighted)","RMST_diff",15,-1,"strong",1.5,25,"1000/1000/1000/1000/1000","-4.5/-3.75/-3/-2.25/-1.5",2.11422697372057,1.6212334623437,0.553920246405097,0.492993511376871,0.253829333257615,NA,100
"Federated per-protocol (unweighted)","RMST_diff",5,-0.7,"strong",1.5,25,"1000/1000/1000/1000/1000","-4.5/-3.75/-3/-2.25/-1.5",-1.5382123905175,1.76500706845806,3.31062119252808,-3.30321945897556,0.22236989445713,NA,100
"Federated per-protocol (unweighted)","RMST_diff",10,-0.7,"strong",1.5,25,"1000/1000/1000/1000/1000","-4.5/-3.75/-3/-2.25/-1.5",-0.0925675504520421,1.2621597357296,1.37820374951597,-1.35472728618164,0.254573430605991,NA,100
"Federated per-protocol (unweighted)","RMST_diff",15,-0.7,"strong",1.5,25,"1000/1000/1000/1000/1000","-4.5/-3.75/-3/-2.25/-1.5",0.922792220681715,1.1057927419765,0.287819392963988,-0.183000521294786,0.223269579710801,NA,100
"Federated per-protocol (unweighted)","RMST_diff",5,-0.5,"strong",1.5,25,"1000/1000/1000/1000/1000","-4.5/-3.75/-3/-2.25/-1.5",-2.28051964821079,1.24608529640619,3.53446952098647,-3.52660494461698,0.23684022527534,NA,100
"Federated per-protocol (unweighted)","RMST_diff",10,-0.5,"strong",1.5,25,"1000/1000/1000/1000/1000","-4.5/-3.75/-3/-2.25/-1.5",-0.85660816113628,0.918579728099795,1.79206184652827,-1.77518788923607,0.246579877630789,NA,100
"Federated per-protocol (unweighted)","RMST_diff",15,-0.5,"strong",1.5,25,"1000/1000/1000/1000/1000","-4.5/-3.75/-3/-2.25/-1.5",0.0338157720274725,0.783479808949572,0.792750961467898,-0.7496640369221,0.259093054251852,NA,100
