"model","heterogeneity","tau","site","strategy","interval","replicates","mean_risk_n","mean_weight","mean_q95","mean_q99","median_max","max_across_reps","mean_ess","mean_ess_fraction","p10_ess_fraction","mean_design_effect","mean_prop_weight_gt_10"
"Federated: site-specific slopes","low",5,"1","Do not initiate by tau",1,10,851.6,0.966687930765843,1.0972382656298,1.31151793398559,2.05357155960311,2.44139396273901,845.10016407603,0.992365724569122,0.98849999352078,1.00769914506765,0
"Federated: site-specific slopes","low",5,"1","Do not initiate by tau",2,10,733.8,0.93120010647867,1.15500108482283,1.51914746970369,2.47266682925181,10.4893567053772,707.057636541174,0.963554965249171,0.898224672667545,1.03926440822544,0.00013531799729364
"Federated: site-specific slopes","low",5,"1","Do not initiate by tau",3,10,634.6,0.892514759878289,1.1541483728195,1.57335538170849,2.66881385437585,3.4454981913378,614.504283328639,0.968307628977762,0.960972013684154,1.03275534381976,0
"Federated: site-specific slopes","low",5,"1","Do not initiate by tau",4,10,557.9,0.865692760060625,1.1753704129637,1.66551406520819,3.02423050844528,5.26053317022093,527.623987109016,0.945664020145126,0.910174797273819,1.05801544281584,0
"Federated: site-specific slopes","low",5,"1","Do not initiate by tau",5,10,494.8,0.838287982619459,1.13774529844429,1.72949508031343,2.93674976747327,5.50437891155286,465.267314534654,0.94052367687001,0.90410683339083,1.06377185612997,0
"Federated: site-specific slopes","low",5,"1","Initiate by tau",1,10,900,0.997984980372333,1.14304098777823,2.36038996717247,11.4795072314091,19.5051254976857,712.260893804668,0.791400993116297,0.648776906054819,1.28170258631118,0.000777777777777778
"Federated: site-specific slopes","low",5,"1","Initiate by tau",2,10,813.9,1.00331609849506,1.36286529238615,3.9153075740285,13.9284049312231,50.9857705718582,499.195825569871,0.612986814631935,0.319218724532658,1.86373602003454,0.00196640943062714
"Federated: site-specific slopes","low",5,"1","Initiate by tau",3,10,731.3,0.994775813471517,1.49887407861372,4.75876508478521,16.2277963881169,50.9857705718582,400.738191144429,0.547393518241177,0.281800179330059,2.09984002840381,0.00246804579160522
"Federated: site-specific slopes","low",5,"1","Initiate by tau",4,10,661.2,0.990326222533498,1.65769603710397,5.0534944069094,16.2277963881169,50.9857705718582,335.351220439904,0.506551566195281,0.264076581981791,2.25584320835926,0.00257673992389263
"Federated: site-specific slopes","low",5,"1","Initiate by tau",5,10,110,1.63637073651861,5.45322725117769,15.1208110291958,16.2277963881169,50.9857705718582,38.2097482855438,0.348454085068325,0.181796680240186,3.28895214514633,0.0152808508320087
"Federated: site-specific slopes","low",5,"2","Do not initiate by tau",1,10,891.6,0.974236808069244,1.11818994613732,1.3884437658555,1.99014871798023,3.11659306191912,883.016272780681,0.990376807240595,0.983120908219872,1.00973176994238,0
"Federated: site-specific slopes","low",5,"2","Do not initiate by tau",2,10,753.6,0.947260913457804,1.20634837278474,1.65189443665896,2.98118031850445,5.63689991554872,728.633134470577,0.966858895664456,0.950611136451036,1.03437837494597,0
"Federated: site-specific slopes","low",5,"2","Do not initiate by tau",3,10,638.2,0.916473403002074,1.2241042522919,1.79271575330451,4.2493752528876,7.94768419379067,595.917983863812,0.934216762480069,0.877755694312945,1.07164347382186,0
"Federated: site-specific slopes","low",5,"2","Do not initiate by tau",4,10,555.4,0.88602222991771,1.23838058941684,1.83107206825112,3.48238576827998,6.22436149955047,518.32151173626,0.933174849625582,0.904518904069048,1.07208166661235,0
"Federated: site-specific slopes","low",5,"2","Do not initiate by tau",5,10,488.2,0.86095989697536,1.20855557023156,1.89211325144502,3.97911363297212,10.9128932399112,435.189468037369,0.89197899312194,0.774109615720812,1.12742339959838,0.000196463654223969
"Federated: site-specific slopes","low",5,"2","Initiate by tau",1,10,950,1.00110955418729,1.17538657430308,2.45325717809409,9.67173152025251,27.898208825575,742.498934049257,0.781577825315008,0.549257938973006,1.32461900726408,0.000842105263157895
"Federated: site-specific slopes","low",5,"2","Initiate by tau",2,10,853.4,0.992014691852216,1.41751188519978,3.2214794000122,9.67173152025251,28.7355023988676,589.311041826814,0.690823337758884,0.373215502075422,1.58077739358717,0.00128547198760607
"Federated: site-specific slopes","low",5,"2","Initiate by tau",3,10,755.9,1.00095055984801,1.5904483569724,4.24908790710756,12.8080451509427,57.3199728100542,402.301850193549,0.533982644778074,0.168929806825872,2.57896695422846,0.00197521489655085
"Federated: site-specific slopes","low",5,"2","Initiate by tau",4,10,679.6,0.999747063911746,1.70570780896364,4.7564620682232,12.8080451509427,57.3199728100542,336.525603062907,0.496501408492546,0.151609681108868,2.82054584364048,0.00234467917618772
"Federated: site-specific slopes","low",5,"2","Initiate by tau",5,10,125.6,1.60146699098241,5.59211866512665,18.0583832069753,14.3445887227846,57.3199728100542,42.1706629557248,0.329445621496058,0.10645109198307,4.15243261665672,0.0151851335942245
"Federated: site-specific slopes","low",5,"3","Do not initiate by tau",1,10,921.3,0.993092282777283,1.18459808967611,1.49451186265887,2.06457814081576,5.42368131499864,906.66113453948,0.984093132835816,0.970610157553205,1.01622102194798,0
"Federated: site-specific slopes","low",5,"3","Do not initiate by tau",2,10,760.3,0.98058662678085,1.33099210723968,1.92220735682752,3.14996012545981,7.11134214180201,721.40653795529,0.94886239824594,0.92297520203474,1.05412970407414,0
"Federated: site-specific slopes","low",5,"3","Do not initiate by tau",3,10,634.3,0.958573575727697,1.38622531566645,2.17810556791696,4.71821391643821,7.81861690892208,574.524643841115,0.905745749393743,0.849047935579755,1.10545688080262,0
"Federated: site-specific slopes","low",5,"3","Do not initiate by tau",4,10,541.9,0.93548093332423,1.40637898158859,2.24844681300028,5.47294791935455,10.4108200337409,471.419445372969,0.869891357668419,0.762469647018651,1.15533594358396,0.000187265917602996
"Federated: site-specific slopes","low",5,"3","Do not initiate by tau",5,10,468.5,0.902900658782193,1.3786682132323,2.34444578867043,3.83712510687012,7.46474020723689,409.29722232434,0.874110799136807,0.813225198204011,1.14641549145171,0
"Federated: site-specific slopes","low",5,"3","Initiate by tau",1,10,1000,0.997452654994093,1.2380749531079,2.29900153160448,6.92729244238283,17.6098792406603,862.95794247163,0.86295794247163,0.749729575676696,1.16594453219606,1e-04
"Federated: site-specific slopes","low",5,"3","Initiate by tau",2,10,890.4,1.00099214254977,1.539359681171,3.23883460712588,10.0836538796484,44.9764141151335,599.838601858188,0.673297051025799,0.37212439587576,1.61854293747191,0.0005611938140926
"Federated: site-specific slopes","low",5,"3","Initiate by tau",3,10,787,0.997404887394353,1.72011162794826,4.31148400717647,10.3294073175463,44.9764141151335,466.762128167393,0.592451433712807,0.332541271921144,1.85005530307903,0.0010134195493682
"Federated: site-specific slopes","low",5,"3","Initiate by tau",4,10,701.6,1.01093036950762,1.90108735295458,5.05269801533536,10.9726179467735,44.9764141151335,350.456188388021,0.499402640837734,0.250193065556906,2.25657295763256,0.00184161546949129
"Federated: site-specific slopes","low",5,"3","Initiate by tau",5,10,156.3,1.32514233482138,4.61048433407281,11.3385383652541,10.9726179467735,44.9764141151335,48.4169939310346,0.30788346376912,0.131565953516576,3.88278928340702,0.0077329795188768
"Federated: site-specific slopes","low",5,"4","Do not initiate by tau",1,10,943.5,1.01940941041048,1.28289304394109,1.72390613024095,3.95343478770704,5.96832664125216,910.50346595282,0.965018468063838,0.94668903313127,1.03645595006696,0
"Federated: site-specific slopes","low",5,"4","Do not initiate by tau",2,10,752.6,1.01336431364813,1.46651575768312,2.14910414693516,4.51263703155342,8.06703873824197,692.661590864922,0.920189183731219,0.860675839627793,1.08819044957995,0
"Federated: site-specific slopes","low",5,"4","Do not initiate by tau",3,10,616.5,0.999531451287248,1.52908198811088,2.53192750362849,4.96434311775595,16.649428424693,524.316823809375,0.850104595419454,0.659921980010617,1.20008327033019,0.000326797385620915
"Federated: site-specific slopes","low",5,"4","Do not initiate by tau",4,10,514.3,0.978620377719541,1.58893248137284,2.89276151824482,5.70359337518903,9.34911720230692,429.75859507056,0.835560915057999,0.778205120554557,1.19891237140612,0
"Federated: site-specific slopes","low",5,"4","Do not initiate by tau",5,10,438.6,0.954795835223257,1.59830858499313,3.019779642496,6.22948637005993,11.9102730993511,349.131378234998,0.796349210325583,0.701066229549219,1.26350957219942,0.000441014869056996
"Federated: site-specific slopes","low",5,"4","Initiate by tau",1,10,1050,0.993625400545024,1.33316095515733,2.18887341284502,5.60772180708427,10.2795471888085,927.156981316036,0.883006648872415,0.801408607686176,1.13532234117275,9.52380952380952e-05
"Federated: site-specific slopes","low",5,"4","Initiate by tau",2,10,921.1,0.972260199682039,1.57539229770332,2.79658175679277,7.9748273118881,17.4520890307808,706.187833609392,0.7672991079835,0.645808826410872,1.31946037061271,0.00043176491934043
"Federated: site-specific slopes","low",5,"4","Initiate by tau",3,10,805.3,0.96398104025132,1.74523298094467,3.39220104753663,10.0825520871014,17.4520890307808,550.019446053018,0.683494195567233,0.506132089820977,1.50216085581,0.000864565120178834
"Federated: site-specific slopes","low",5,"4","Initiate by tau",4,10,704.2,0.966799269362541,1.89524057157187,3.94654471576646,12.2590345660141,17.4520890307808,437.885266863792,0.62249014674644,0.507966769705087,1.63976155434156,0.00113277289349878
"Federated: site-specific slopes","low",5,"4","Initiate by tau",5,10,187.4,0.986207415765314,2.8993514692509,7.85693576603862,12.6391767591117,17.4520890307808,68.6192069849225,0.364850290363478,0.264337578377514,2.90763651491993,0.00541169848157488
"Federated: site-specific slopes","low",5,"5","Do not initiate by tau",1,10,965.5,1.04386381464781,1.3784869766191,1.91583140984718,3.79213649547101,10.3347094235774,918.891268096857,0.951632323782677,0.908055495136036,1.05146367736324,0.000104602510460251
"Federated: site-specific slopes","low",5,"5","Do not initiate by tau",2,10,750.6,1.06364933528591,1.65888078045438,2.78692162820544,6.05573999959379,12.1096163502523,649.13999384226,0.864608551421063,0.813865298335589,1.15863627823616,0.000261112626124898
"Federated: site-specific slopes","low",5,"5","Do not initiate by tau",3,10,592.9,1.05870289630695,1.68796611071854,3.20958918110812,13.4732224319895,24.8940389916103,414.34698807781,0.696076313098354,0.49343341603232,1.50955346196849,0.00120240927797249
"Federated: site-specific slopes","low",5,"5","Do not initiate by tau",4,10,484,1.0164636269237,1.70141690110499,2.86066254007573,6.03059025295724,46.3996832411121,372.44382290704,0.764422739542218,0.390192802472518,1.57078121385967,0.000656632333720575
"Federated: site-specific slopes","low",5,"5","Do not initiate by tau",5,10,407.2,0.986448938813253,1.68623937300817,3.0389264266537,5.89840888047414,11.1790416159102,328.291045116362,0.806016182839516,0.725456328389074,1.24520906964612,0.000242130750605327
"Federated: site-specific slopes","low",5,"5","Initiate by tau",1,10,1100,1.00417288176264,1.42247386550322,2.31352228264537,6.71267465146555,14.5133432797041,918.876439665558,0.83534221787778,0.708329163435773,1.20577712227198,0.000272727272727273
"Federated: site-specific slopes","low",5,"5","Initiate by tau",2,10,958.8,0.997834351400628,1.76480326382885,3.57040546272425,9.81630555848315,27.7262188770538,661.395856035291,0.689568659233376,0.517680853668131,1.48047942301769,0.000521229891740275
"Federated: site-specific slopes","low",5,"5","Initiate by tau",3,10,823.7,0.990949700303723,1.85984058783198,4.40801663448589,17.0085052978187,27.7262188770538,456.704512583401,0.552271899953079,0.385373158567107,1.90925502557769,0.00148873575960495
"Federated: site-specific slopes","low",5,"5","Initiate by tau",4,10,712.2,0.970615629206063,1.9114606369715,4.52716234225541,9.39535183048488,46.3996832411121,398.572285042904,0.55650549363068,0.272852393154072,2.05056609429632,0.00116559272408003
"Federated: site-specific slopes","low",5,"5","Initiate by tau",5,10,214.5,0.935592630327859,3.23208081644713,7.6064037850521,8.57336243541619,27.7262188770538,76.6612764295919,0.354148356485245,0.19983882918295,3.09217170959736,0.00252020091723084
"Federated: site-specific slopes","low",10,"1","Do not initiate by tau",1,10,854,0.966246754100228,1.09691406305937,1.29451105450747,1.82820704487827,4.02302004980434,847.773941158185,0.992685780114082,0.984188647096051,1.00739007642535,0
"Federated: site-specific slopes","low",10,"1","Do not initiate by tau",2,10,740.5,0.931463804822279,1.15128617414369,1.5417975371149,2.58606813974973,3.88217130897993,721.564246387894,0.974382238453595,0.964277162975943,1.0263302449653,0
"Federated: site-specific slopes","low",10,"1","Do not initiate by tau",3,10,646.1,0.890310495008288,1.1550330052869,1.55323204872051,3.22889986616414,8.09437114985808,617.436050418761,0.955422052557786,0.910238006656495,1.04733476389685,0
"Federated: site-specific slopes","low",10,"1","Do not initiate by tau",4,10,569.7,0.857314092527665,1.14345995107432,1.60287591869613,2.69848121425954,7.13603660242857,539.51546463629,0.946838714408242,0.889931910304968,1.05729706476218,0
"Federated: site-specific slopes","low",10,"1","Do not initiate by tau",5,10,506.4,0.828401607476088,1.12118102031239,1.64942050517882,2.51745892803794,4.54866154649556,480.86204100746,0.949533681634811,0.92660790910443,1.05335428274979,0
"Federated: site-specific slopes","low",10,"1","Do not initiate by tau",6,10,455.3,0.808427270580236,1.10998395454062,1.73326388733704,3.22819294717123,5.12558846223534,421.869330414358,0.926478483548301,0.895011296318074,1.07988797974302,0
"Federated: site-specific slopes","low",10,"1","Do not initiate by tau",7,10,413.2,0.786261889064506,1.08894836165595,1.64235130896679,2.60852642505258,7.32781147218784,382.827227740071,0.925825136197289,0.840300041724949,1.08283733491222,0
"Federated: site-specific slopes","low",10,"1","Do not initiate by tau",8,10,378,0.76686228033372,1.09621513226354,1.63597072997442,2.42959916252393,5.45225534679537,351.252177969083,0.928572613442078,0.874514647111277,1.07820777028388,0
"Federated: site-specific slopes","low",10,"1","Do not initiate by tau",9,10,346.6,0.754760912315324,1.08942652978483,1.84320462682297,2.48105905611318,7.23154978047193,315.706997658474,0.908966333332616,0.80857036048154,1.10434998913359,0
"Federated: site-specific slopes","low",10,"1","Do not initiate by tau",10,10,320.8,0.736428129064658,1.08476570472959,1.71140679454558,2.76751703875935,4.29145779624202,295.232479824533,0.919776432263651,0.877738008815277,1.08798248625472,0
"Federated: site-specific slopes","low",10,"1","Initiate by tau",1,10,900,0.99865081795188,1.14415852018652,2.40299032576759,8.6482827403012,25.3111631482247,729.513628147115,0.810570697941239,0.546859568790383,1.28262820808452,0.000888888888888889
"Federated: site-specific slopes","low",10,"1","Initiate by tau",2,10,820.1,0.997736687443391,1.35255567768726,3.53808210615215,12.1604671849758,40.0968186353402,523.428777098645,0.638322593453348,0.325074474153936,1.79007981404659,0.00195101975083429
"Federated: site-specific slopes","low",10,"1","Initiate by tau",3,10,740,0.987145727018541,1.46082830200246,4.2508737454567,12.1604671849758,40.0968186353402,422.002870284377,0.571600963692531,0.272055684053312,2.05303878614295,0.00254697848034998
"Federated: site-specific slopes","low",10,"1","Initiate by tau",4,10,670.2,0.989957593490226,1.6448094998094,5.00986213910297,16.9194898622429,40.0968186353402,326.431033385887,0.488560232385898,0.251248040360449,2.33177049291706,0.00325623086085956
"Federated: site-specific slopes","low",10,"1","Initiate by tau",5,10,611.3,0.993379651550384,1.87365680114569,5.49484188480029,16.9194898622429,40.0968186353402,276.837903919904,0.453833072363378,0.225912467305321,2.54737485380067,0.00406570382552241
"Federated: site-specific slopes","low",10,"1","Initiate by tau",6,10,563.4,1.00207402047331,2.09129539366241,5.9575344104509,17.7690115802593,40.0968186353402,224.892404566199,0.400798398357999,0.214195530047287,2.79523858203623,0.00475763419059268
"Federated: site-specific slopes","low",10,"1","Initiate by tau",7,10,522.3,0.999671739364172,2.17040717320226,6.47523222855575,17.7690115802593,40.0968186353402,197.976347076637,0.380494890691241,0.204381269077972,2.93801959414465,0.00513297116867547
"Federated: site-specific slopes","low",10,"1","Initiate by tau",8,10,486.1,0.998306852608462,2.24073797689074,6.74391352458393,20.2744598466098,40.0968186353402,168.593861313228,0.346900576886194,0.192104056615633,3.21459628359828,0.00533563024342301
"Federated: site-specific slopes","low",10,"1","Initiate by tau",9,10,452.9,1.00554474161649,2.43674568037993,7.15000802911416,20.2744598466098,40.0968186353402,150.651117708444,0.332359361682803,0.183599838637348,3.3627903648233,0.0057269138028005
"Federated: site-specific slopes","low",10,"1","Initiate by tau",10,10,103.8,1.83233388476526,6.06052211951479,18.7861288944078,20.2744598466098,40.0968186353402,31.0573737834831,0.300839359731313,0.182817743379399,3.62853874211827,0.0230816129882747
"Federated: site-specific slopes","low",10,"2","Do not initiate by tau",1,10,896.7,0.970514210715863,1.10946765814891,1.33304124551292,1.89144644110181,2.86695225879759,890.077748102615,0.992600474644475,0.988819652849314,1.00746217803166,0
"Federated: site-specific slopes","low",10,"2","Do not initiate by tau",2,10,750.8,0.949753156725539,1.23094516252847,1.65899903259084,2.9702783288539,4.2141367179663,726.148978357519,0.96708083497318,0.951539862969046,1.03415831310574,0
"Federated: site-specific slopes","low",10,"2","Do not initiate by tau",3,10,638.2,0.918111108405285,1.25458071671839,1.86316780303561,3.12904346940474,5.36863807857857,603.435835808115,0.945393903727013,0.904647393494932,1.05830965605079,0
"Federated: site-specific slopes","low",10,"2","Do not initiate by tau",4,10,546.9,0.8944153557769,1.25813527985771,2.07505809829493,3.91748350698872,7.91401578957634,497.543185058918,0.909674446240792,0.830385732465575,1.10215567548455,0
"Federated: site-specific slopes","low",10,"2","Do not initiate by tau",5,10,482.9,0.864851233084098,1.26527361011146,1.96718349734943,3.22805539033257,8.01376281930138,443.285621177105,0.918465607748471,0.856167315217937,1.09030617083561,0
"Federated: site-specific slopes","low",10,"2","Do not initiate by tau",6,10,430.7,0.841489967703211,1.27072576286581,1.9989673796526,3.05195524470658,6.98747909872634,392.067630237413,0.91052652763772,0.853734701581226,1.09961223827057,0
"Federated: site-specific slopes","low",10,"2","Do not initiate by tau",7,10,385.8,0.822123183242432,1.25223518944988,1.98372450141066,3.22499300879591,5.39956336560166,348.704635123153,0.904337706213731,0.875938866955635,1.10647726422836,0
"Federated: site-specific slopes","low",10,"2","Do not initiate by tau",8,10,349.8,0.806393353358656,1.21499799716056,2.2225802907432,3.51122736206435,4.33841088093673,309.707830073899,0.886398505001433,0.823819044070298,1.12997817181505,0
"Federated: site-specific slopes","low",10,"2","Do not initiate by tau",9,10,320.6,0.78357498480929,1.15973654982075,1.92674080360919,4.01703547050695,4.92642967695766,285.071448695074,0.88904067636058,0.832695556708418,1.12691665031734,0
"Federated: site-specific slopes","low",10,"2","Do not initiate by tau",10,10,292.2,0.766782933139434,1.1402239186245,1.90772280257657,2.61873712299094,5.9765111435615,260.272662767722,0.890290455463731,0.80286689320209,1.12745064683113,0
"Federated: site-specific slopes","low",10,"2","Initiate by tau",1,10,950,0.996746987390801,1.15907776602034,2.22857700174914,9.17349508785359,22.9149245685393,768.553496656384,0.809003680690931,0.622402254595876,1.26241791894476,0.000842105263157895
"Federated: site-specific slopes","low",10,"2","Initiate by tau",2,10,851,0.994255624906412,1.42114061419104,3.55603976236043,12.9338382633159,22.9149245685393,582.2308005836,0.684899888741926,0.528226572304982,1.49526202835435,0.00128477312983481
"Federated: site-specific slopes","low",10,"2","Initiate by tau",3,10,757.2,0.995029008072744,1.58587779361751,4.19652119716612,16.1650980437286,56.982848224353,425.559528156452,0.562055296957524,0.296900165592622,2.06395300999294,0.00171101722858398
"Federated: site-specific slopes","low",10,"2","Initiate by tau",4,10,677.1,1.00373490210575,1.78527259958089,4.78133185572844,14.8218267001458,56.982848224353,345.189109723717,0.510298538773888,0.23473744248779,2.5027232896217,0.00220460976456365
"Federated: site-specific slopes","low",10,"2","Initiate by tau",5,10,613.9,1.00091269358806,1.9298589722944,5.04520217337539,14.8218267001458,56.982848224353,298.893002256728,0.486858695970942,0.217521776059025,2.65037670633148,0.00244055673715692
"Federated: site-specific slopes","low",10,"2","Initiate by tau",6,10,562,0.99748802529145,2.01871230675795,5.44383610468206,14.8218267001458,56.982848224353,263.080286658903,0.467272346847169,0.20290104906453,2.80034229999536,0.00268698060541852
"Federated: site-specific slopes","low",10,"2","Initiate by tau",7,10,516.9,0.996005118587037,2.10760472952252,5.67824395009805,14.8218267001458,56.982848224353,234.012039677708,0.450330159733915,0.189704323437424,2.92600170612445,0.00315345771590438
"Federated: site-specific slopes","low",10,"2","Initiate by tau",8,10,480,0.99764208088592,2.20593001286716,5.7820233089633,12.9338382633159,56.982848224353,214.270107518931,0.444473561095238,0.182225794904867,2.98635509577012,0.00317575432893894
"Federated: site-specific slopes","low",10,"2","Initiate by tau",9,10,448.7,0.991397908278658,2.21817226311227,6.13250067166691,12.9338382633159,56.982848224353,191.341087082712,0.424461417953175,0.174738593070913,3.10798232734583,0.00339969911430105
"Federated: site-specific slopes","low",10,"2","Initiate by tau",10,10,124.9,1.54724452878698,5.06919224287035,15.9626020513449,14.7051841008158,56.982848224353,42.8277321522266,0.339396326519339,0.167278054401082,3.56639288722543,0.0143533586134498
"Federated: site-specific slopes","low",10,"3","Do not initiate by tau",1,10,916.3,1.00048388067658,1.2077819805318,1.5321871882662,2.46737681272128,6.06302944334268,899.407828647361,0.98155337635262,0.964646120325303,1.01887285423148,0
"Federated: site-specific slopes","low",10,"3","Do not initiate by tau",2,10,757.1,0.987575821675264,1.33544341643716,2.06845820160327,3.86007470698288,14.6997633218926,697.78750851108,0.921697490481558,0.817538647021975,1.08925385350279,0.000131752305665349
"Federated: site-specific slopes","low",10,"3","Do not initiate by tau",3,10,622.4,0.966319639222123,1.38976631146762,2.25705204095103,6.03164884697907,12.4618641634971,544.599369420386,0.874557433135927,0.743377108523238,1.15158976756428,0.000163934426229508
"Federated: site-specific slopes","low",10,"3","Do not initiate by tau",4,10,523.5,0.933775525036978,1.36518785024299,2.30608091849546,4.44166160467499,26.965760426559,441.517637160185,0.843458636665412,0.548742153839833,1.26324429531749,0.00019047619047619
"Federated: site-specific slopes","low",10,"3","Do not initiate by tau",5,10,454,0.906206532506648,1.37102815627173,2.36369258050824,5.05979527282576,12.6982137845267,386.057523799082,0.849248634517307,0.709526566994125,1.18771470051971,0.00045096515684751
"Federated: site-specific slopes","low",10,"3","Do not initiate by tau",6,10,398.6,0.87476240850172,1.33112481947512,2.12293800442068,4.3976146604065,10.3692920524001,345.102632822963,0.865739166737449,0.741749776847874,1.16251678937279,0.000247524752475248
"Federated: site-specific slopes","low",10,"3","Do not initiate by tau",7,10,355.1,0.852688243234557,1.32524539084335,2.0689844387909,3.20272771860342,19.3024555327679,306.71127871307,0.863066135553593,0.59878368106677,1.21704865219868,0.000284090909090909
"Federated: site-specific slopes","low",10,"3","Do not initiate by tau",8,10,321.6,0.825060197723705,1.29979570774801,2.01739879518027,2.68728247454783,4.46697401884418,289.488671987907,0.899635112455842,0.837846778364766,1.11317843495681,0
"Federated: site-specific slopes","low",10,"3","Do not initiate by tau",9,10,294.5,0.806736090907228,1.28270343835525,1.95010448737559,2.77329999706003,4.73777611120779,265.062402015273,0.898395453023963,0.822161374625542,1.11569918918266,0
"Federated: site-specific slopes","low",10,"3","Do not initiate by tau",10,10,266.8,0.792193495455133,1.33048006505568,1.86449332616322,2.87118028758063,4.76070204791265,237.580210945526,0.889092354254243,0.826814970564942,1.12716262204489,0
"Federated: site-specific slopes","low",10,"3","Initiate by tau",1,10,1000,0.998132955658106,1.2801448111799,2.28530223038608,7.49549687242562,10.7273667984067,874.67842952764,0.87467842952764,0.805754371322866,1.14599321933775,1e-04
"Federated: site-specific slopes","low",10,"3","Initiate by tau",2,10,890.1,0.993436583534087,1.52355671616956,3.28845520304045,10.0328726653405,20.619592160762,650.756303368252,0.731457428222694,0.606107404931215,1.38369679006431,0.000667914686919763
"Federated: site-specific slopes","low",10,"3","Initiate by tau",3,10,777.4,1.00094758320712,1.7480874211733,4.09962322105762,12.5686639983931,23.8440028918871,468.360694597074,0.602234463274576,0.485137484848459,1.68745987917495,0.0015472636980709
"Federated: site-specific slopes","low",10,"3","Initiate by tau",4,10,684,0.998967071627685,1.90738699660973,4.58273378321672,13.0552455684586,26.965760426559,363.488553549516,0.531436733092217,0.402729322393122,1.93808548911628,0.0020534497821559
"Federated: site-specific slopes","low",10,"3","Initiate by tau",5,10,615,0.99384254633888,1.99871397218205,4.82132977237683,12.5686639983931,23.8440028918871,315.08290189676,0.511544030482071,0.398111903827509,2.00419272427157,0.00278673013541494
"Federated: site-specific slopes","low",10,"3","Initiate by tau",6,10,557.4,0.984013038049332,2.04117135897498,5.33209877731462,12.5686639983931,23.8440028918871,270.871525221969,0.485589163703501,0.377070542990361,2.10514695912014,0.00287651742985902
"Federated: site-specific slopes","low",10,"3","Initiate by tau",7,10,510.2,0.999105359448405,2.17056766392908,5.87920877924743,19.1187701163657,62.1834615687793,202.536318385733,0.394949433293518,0.199664229086376,3.00412637416639,0.00373506416528824
"Federated: site-specific slopes","low",10,"3","Initiate by tau",8,10,468.5,1.00000349287045,2.3290184235389,6.25281275970229,16.6509296637012,62.1834615687793,183.157808666997,0.389396703348661,0.182852718678355,3.11475257115885,0.00406934150379724
"Federated: site-specific slopes","low",10,"3","Initiate by tau",9,10,432.8,1.01048431364118,2.41112406357325,6.98066892583554,16.6509296637012,62.1834615687793,161.351382263988,0.371879697968781,0.170540534927249,3.28766710133106,0.00463740530092054
"Federated: site-specific slopes","low",10,"3","Initiate by tau",10,10,133.8,1.45487480127539,4.7860710016996,13.8872794197734,15.4151682548309,62.1834615687793,40.7273187444202,0.302230794699385,0.13849042642409,3.95914589856323,0.0146477565501782
"Federated: site-specific slopes","low",10,"4","Do not initiate by tau",1,10,950.5,1.01367617984682,1.23836932137902,1.66496493100296,2.97412166168812,6.24150577043343,925.49184846166,0.973691816900755,0.952468645523076,1.02715179012044,0
"Federated: site-specific slopes","low",10,"4","Do not initiate by tau",2,10,762.9,1.01017549583371,1.42662982812442,2.14683039996423,4.02322496818926,11.4718142648043,707.179312857454,0.926538432107731,0.847371171695853,1.08147374241282,0.000134408602150538
"Federated: site-specific slopes","low",10,"4","Do not initiate by tau",3,10,618.3,0.993077100194843,1.49457321384823,2.46078260277668,5.09764685647153,7.16267726053866,551.976426142251,0.892628009131413,0.852447723991494,1.12126569727807,0
"Federated: site-specific slopes","low",10,"4","Do not initiate by tau",4,10,515.1,0.976606988573848,1.53990646273363,2.60708620113567,6.0580932495333,14.4162680050102,432.622945709998,0.839460195131166,0.721611818528598,1.20023655147279,0.000196463654223969
"Federated: site-specific slopes","low",10,"4","Do not initiate by tau",5,10,437.1,0.94245441108075,1.53326056904372,2.60828376686187,4.49761196662745,5.74784274317476,381.042031860744,0.871749721024919,0.828772340917296,1.14865276775811,0
"Federated: site-specific slopes","low",10,"4","Do not initiate by tau",6,10,380.7,0.921520943365873,1.52754696137404,2.53834644610894,4.38905913717694,7.06113254338975,326.280091993561,0.856703278312593,0.809468190294902,1.16929627907605,0
"Federated: site-specific slopes","low",10,"4","Do not initiate by tau",7,10,337.7,0.90608874905133,1.50826881049056,2.72566844755192,4.86899018027073,13.948989276631,270.848505765532,0.800773930398557,0.60885484151814,1.27713880488164,0.000309597523219814
"Federated: site-specific slopes","low",10,"4","Do not initiate by tau",8,10,299.2,0.88848597351639,1.51880312014778,2.84841472521303,5.50499427163231,7.85051783313395,237.906369185479,0.794477556707799,0.695481097625867,1.26740662432366,0
"Federated: site-specific slopes","low",10,"4","Do not initiate by tau",9,10,266.7,0.865674306296701,1.47054475387826,2.42027428194473,4.95601294221947,9.91561979377545,213.467647667057,0.799417815274873,0.611731735195793,1.27419289208632,0
"Federated: site-specific slopes","low",10,"4","Do not initiate by tau",10,10,242.8,0.85245450042777,1.49311913975246,2.83911983453284,4.69230616423963,13.4682185312741,182.93558199705,0.749969485500524,0.499693360383361,1.39652372477734,0.000849904363203291
"Federated: site-specific slopes","low",10,"4","Initiate by tau",1,10,1050,0.999004104068975,1.29320459108199,2.23033044814632,6.28120953117512,18.7065500517298,911.120092159479,0.867733421104266,0.761091356761035,1.15834930786069,9.52380952380952e-05
"Federated: site-specific slopes","low",10,"4","Initiate by tau",2,10,921.2,0.992186745415419,1.58090205054948,3.18398136784916,8.57790118227691,18.7065500517298,691.211382035953,0.750339800524654,0.616454467838576,1.34808199731812,0.00054230647793834
"Federated: site-specific slopes","low",10,"4","Initiate by tau",3,10,801.8,0.986669982650485,1.7598809566475,3.70171313633382,11.6257031187979,18.7065500517298,528.121523162404,0.658402430692375,0.536077240294971,1.54356560479887,0.000999937643925362
"Federated: site-specific slopes","low",10,"4","Initiate by tau",4,10,703.1,0.989169774466377,1.94113347924145,4.22451424437799,13.4282195179414,18.7065500517298,424.428742642825,0.603254123194881,0.490493247064796,1.69148250308199,0.00128523622053733
"Federated: site-specific slopes","low",10,"4","Initiate by tau",5,10,620.7,0.980505894410405,2.03958642304231,4.4372647415329,11.6257031187979,18.7065500517298,360.962457513354,0.581259541635048,0.466749756490341,1.75787325947837,0.00129040131269199
"Federated: site-specific slopes","low",10,"4","Initiate by tau",6,10,558.2,0.976407021581616,2.17233335974488,4.83258612580473,10.3596983437013,18.7065500517298,313.532585481763,0.561387746086609,0.445958918519918,1.81869229551008,0.00126031002450993
"Federated: site-specific slopes","low",10,"4","Initiate by tau",7,10,506.2,0.988825345975038,2.27679242499129,5.37775213097065,11.6257031187979,22.5185172254604,260.354808901152,0.513270165932932,0.364342279675746,2.01930505105013,0.0018037513903898
"Federated: site-specific slopes","low",10,"4","Initiate by tau",8,10,465.6,0.98876214290179,2.35660098672013,5.83466009951997,10.3596983437013,22.5185172254604,234.736515245397,0.503380946601863,0.350174764955583,2.07391099811169,0.00173732507281913
"Federated: site-specific slopes","low",10,"4","Initiate by tau",9,10,426,0.988444763974273,2.39667858217851,6.06519027809184,10.3596983437013,22.5185172254604,208.03325755558,0.487907039202807,0.335888955849042,2.14998365394838,0.00189450932242622
"Federated: site-specific slopes","low",10,"4","Initiate by tau",10,10,151.2,1.22444142949398,4.08581351759164,8.81105946007783,10.3596983437013,22.5185172254604,57.8837340157172,0.382205473525478,0.268378261562662,2.73338403746427,0.00537700807173805
"Federated: site-specific slopes","low",10,"5","Do not initiate by tau",1,10,966.9,1.04056593491123,1.35019438654842,1.83267879902348,3.47543891619657,5.06890302658733,934.784187931643,0.966763259167843,0.956514030855427,1.03443487301256,0
"Federated: site-specific slopes","low",10,"5","Do not initiate by tau",2,10,748.6,1.06442590846002,1.59581571722334,2.69643401687886,5.17407007099292,10.3121486197067,657.828252003552,0.878730946807113,0.808847193345926,1.14050626820177,0.000131926121372032
"Federated: site-specific slopes","low",10,"5","Do not initiate by tau",3,10,587.6,1.06645740622922,1.74462286692753,3.0799708283086,10.1116273642387,19.0535325780263,444.562245694618,0.75576736684176,0.610737737700315,1.34762873819178,0.000858418975054296
"Federated: site-specific slopes","low",10,"5","Do not initiate by tau",4,10,482.4,1.04466940715611,1.71603762642271,3.17133358164415,8.46708540038503,26.1698817392547,345.023898779885,0.716225349381338,0.409221825027953,1.50723911312665,0.00101296818458158
"Federated: site-specific slopes","low",10,"5","Do not initiate by tau",5,10,403.2,1.00375602513794,1.7239676391869,3.36565741512552,5.97121321943375,10.3424395299104,321.472294035333,0.795834220694638,0.733488227144002,1.26137925038634,0.000253807106598985
"Federated: site-specific slopes","low",10,"5","Do not initiate by tau",6,10,345.9,0.985077645439548,1.70973702120134,3.34680620932353,5.81348841658737,27.7008323997776,262.945152490326,0.757504757292059,0.477887158743431,1.42687702098298,0.000303030303030303
"Federated: site-specific slopes","low",10,"5","Do not initiate by tau",7,10,304.3,0.946039395975039,1.68430063773642,3.18934732521531,4.60665753681537,11.6755743856345,239.514208368575,0.786990140366185,0.66884497757273,1.28108932938433,0.000323624595469256
"Federated: site-specific slopes","low",10,"5","Do not initiate by tau",8,10,271.3,0.932919778823862,1.72320421701523,3.47033156539566,5.28157383235408,7.28209853565462,211.949535006844,0.780949700711535,0.717910453378174,1.28463575685389,0
"Federated: site-specific slopes","low",10,"5","Do not initiate by tau",9,10,242,0.912371207747398,1.71025040040704,3.10941285523143,5.08302069105518,10.1555449282029,186.065357106321,0.766976663044941,0.660156010233134,1.31343574331616,0.0004149377593361
"Federated: site-specific slopes","low",10,"5","Do not initiate by tau",10,10,220,0.903036472476007,1.72252806081419,3.38320647340062,4.23767024345568,13.4306651283266,163.392467442965,0.736784103245755,0.483803504384781,1.41736968777738,0.000986523172387047
"Federated: site-specific slopes","low",10,"5","Initiate by tau",1,10,1100,0.996880990450431,1.39156464815574,2.23947552478193,5.68583010816875,16.7527466842613,941.03996646408,0.855490878603709,0.757748919439037,1.17537965524223,0.000363636363636364
"Federated: site-specific slopes","low",10,"5","Initiate by tau",2,10,956.6,1.0017726749372,1.72350069317403,3.31542161939055,11.8007612765757,19.4061250797826,649.190241505301,0.678758303804462,0.605396273097505,1.48819855561154,0.00114527460812421
"Federated: site-specific slopes","low",10,"5","Initiate by tau",3,10,820.9,0.997571360108712,1.91908375183373,4.20507790495154,15.6202387743678,19.4061250797826,462.129367979325,0.5627060259439,0.485108732204426,1.79482313877959,0.00219185186698481
"Federated: site-specific slopes","low",10,"5","Initiate by tau",4,10,711.4,0.992044299710764,2.00837225419734,4.58251009340261,15.6202387743678,26.1698817392547,364.519438337975,0.512856802668813,0.37938033890654,2.00111519825631,0.00250896111864289
"Federated: site-specific slopes","low",10,"5","Initiate by tau",5,10,624,0.978939713684017,2.05467129309073,4.74619745627683,13.5171601013979,19.4061250797826,327.76952369986,0.52542938114833,0.464083792598291,1.92340381557122,0.00239275565780439
"Federated: site-specific slopes","low",10,"5","Initiate by tau",6,10,555.7,0.978038873173285,2.12903996892649,4.99160295802765,13.5171601013979,27.7008323997776,275.022840962503,0.495078636311042,0.357070795263947,2.10013857383654,0.00267966475313479
"Federated: site-specific slopes","low",10,"5","Initiate by tau",7,10,498.9,0.975478317348172,2.18118353573662,4.99375851262652,12.5572555237821,27.573236019017,241.89691730019,0.485673444105322,0.339006744777584,2.16567442535672,0.00297163293110133
"Federated: site-specific slopes","low",10,"5","Initiate by tau",8,10,457.7,0.979283176614151,2.26099275733885,5.26632286024548,11.8007612765757,27.573236019017,217.683924023898,0.475702716068176,0.321737818598111,2.22539308579878,0.00303958302296351
"Federated: site-specific slopes","low",10,"5","Initiate by tau",9,10,417.8,0.978684451450704,2.29598717430449,5.52269660150232,11.8007612765757,27.573236019017,189.881953121419,0.454851052488276,0.305396718489866,2.33279101533224,0.00355041126961032
"Federated: site-specific slopes","low",10,"5","Initiate by tau",10,10,167.1,1.08410123613033,3.53639930683167,9.64255912008765,11.8007612765757,27.573236019017,56.3081334906461,0.338912896532656,0.204239434947178,3.2161201004904,0.00769347611675756
"Federated: site-specific slopes","low",15,"1","Do not initiate by tau",1,10,857.4,0.962309644692863,1.08520969888927,1.28208531574252,2.00521804826592,2.70776470818795,851.558820098503,0.993175454193673,0.98840549222804,1.00687906953376,0
"Federated: site-specific slopes","low",15,"1","Do not initiate by tau",2,10,735.7,0.924771809485666,1.13961446997542,1.4849826075747,2.61232293133616,3.98950739433967,718.787114353005,0.976943396011841,0.966562309075621,1.02366462886536,0
"Federated: site-specific slopes","low",15,"1","Do not initiate by tau",3,10,635.7,0.885902581138375,1.12923196916831,1.59491226595643,3.13240922461089,3.89973032495865,613.106756298776,0.964404863610492,0.952364119756555,1.03702766460658,0
"Federated: site-specific slopes","low",15,"1","Do not initiate by tau",4,10,554.4,0.856008439837336,1.12007222562178,1.66932556143743,2.641128941372,4.74558994681488,529.170566163076,0.954191889600867,0.91872891840397,1.04848286517791,0
"Federated: site-specific slopes","low",15,"1","Do not initiate by tau",5,10,494.8,0.831325628656679,1.11936065718913,1.73333643021653,3.32051884346013,8.0766028857806,460.230365134198,0.929865276738875,0.855271859842506,1.07771294979589,0
"Federated: site-specific slopes","low",15,"1","Do not initiate by tau",6,10,445.9,0.808789218642453,1.10803170370253,1.72850004187242,2.69097164889131,10.4942294499247,405.93278435453,0.910543265194798,0.749032264910323,1.10791695834822,0.000221238938053097
"Federated: site-specific slopes","low",15,"1","Do not initiate by tau",7,10,402.7,0.790937727119369,1.0854849281239,1.66536072014986,3.7607871172706,15.9078942174227,346.81187698639,0.862729183854012,0.56282991988337,1.20672544467647,0.000483693617817705
"Federated: site-specific slopes","low",15,"1","Do not initiate by tau",8,10,366.6,0.765489887981189,1.08294591484243,1.74940473607151,2.39467797761751,4.62507415739102,340.568434121396,0.929018047650886,0.87441329378454,1.07747591093999,0
"Federated: site-specific slopes","low",15,"1","Do not initiate by tau",9,10,339.1,0.748896878077215,1.06759178489629,1.81063688551384,2.57448317760412,5.17559525765728,312.029365826394,0.919336266905596,0.85203626577238,1.0897047076742,0
"Federated: site-specific slopes","low",15,"1","Do not initiate by tau",10,10,310.1,0.735562364247551,1.07501994074718,1.71578023873557,2.51074662998481,3.62593001256048,285.417698001037,0.920088143592556,0.852714941012544,1.08879106379023,0
"Federated: site-specific slopes","low",15,"1","Do not initiate by tau",11,10,288.9,0.717095385970216,1.04116134253667,1.70911227439451,2.73061378563539,3.92927800613831,264.979265260603,0.917054598605641,0.8561124132138,1.09221227384117,0
"Federated: site-specific slopes","low",15,"1","Do not initiate by tau",12,10,269,0.703126976521925,1.03818032947271,1.70814044842784,2.54899218239485,4.14283763190344,245.072238488879,0.91098670756577,0.831758744527582,1.10074473277165,0
"Federated: site-specific slopes","low",15,"1","Do not initiate by tau",13,10,253,0.68947424039131,1.02356904712202,1.58136182391211,2.04096001523714,5.51014011871933,231.882966390342,0.91582051388663,0.817988714681533,1.09567247895819,0
"Federated: site-specific slopes","low",15,"1","Do not initiate by tau",14,10,236.8,0.677210804473316,1.01178579785099,1.60396723742768,2.02604765234766,3.26877545351786,218.010252426431,0.920643485601591,0.867367645421874,1.08741181480012,0
"Federated: site-specific slopes","low",15,"1","Do not initiate by tau",15,10,222.4,0.670427933183753,1.02746859449439,1.68254771425109,2.07328914193156,3.62008095005393,202.251324554004,0.909707867243803,0.84941324056535,1.10077076493388,0
"Federated: site-specific slopes","low",15,"1","Initiate by tau",1,10,900,1.00737337068995,1.13492524604557,2.37999301005419,15.5052820717295,25.5044369246268,635.940206331232,0.706600229256924,0.478570732991986,1.48311218198242,0.00111111111111111
"Federated: site-specific slopes","low",15,"1","Initiate by tau",2,10,810.8,1.01137318342113,1.3295067304489,4.146071057883,20.0425109231409,33.2366615058934,438.579184010662,0.54047096292153,0.333467605848407,2.03174439497624,0.00197614313687045
"Federated: site-specific slopes","low",15,"1","Initiate by tau",3,10,726.2,1.01297836501059,1.49847103230857,4.9087604994495,21.8855730357212,46.0740194375126,322.151772439906,0.442971155851412,0.232243762969893,2.57550885626064,0.00289325035110366
"Federated: site-specific slopes","low",15,"1","Initiate by tau",4,10,655,1.01475674932461,1.71209645488049,5.85044072828016,21.8855730357212,46.0740194375126,261.878500367303,0.399149441665484,0.200608044502236,2.88329692574878,0.00366599069159166
"Federated: site-specific slopes","low",15,"1","Initiate by tau",5,10,596.5,1.02003914089057,1.85069590044363,6.50357288677868,21.8855730357212,46.0740194375126,219.4372590383,0.366671101925306,0.182971249169521,3.15083542893767,0.00454756012129918
"Federated: site-specific slopes","low",15,"1","Initiate by tau",6,10,549.4,1.04847197939646,1.98052654507162,7.28983725333216,24.2582109106996,139.9614694345,175.858311234217,0.318838296392011,0.0739180966031771,5.49928624959724,0.00532250243869412
"Federated: site-specific slopes","low",15,"1","Initiate by tau",7,10,504.5,1.05165194482675,2.11086323880243,7.70383944146689,24.2582109106996,139.9614694345,157.374733780754,0.311604752020918,0.0695391743113095,5.8097828548654,0.00578890368617646
"Federated: site-specific slopes","low",15,"1","Initiate by tau",8,10,468.9,1.05851167134391,2.25232808678049,8.55486638990993,24.2582109106996,139.9614694345,138.540985662408,0.295096151454678,0.0665334422457869,6.10177636085941,0.00625112843907041
"Federated: site-specific slopes","low",15,"1","Initiate by tau",9,10,442.1,1.06278742134956,2.37793858260583,8.79065260445752,24.2582109106996,139.9614694345,126.359418869779,0.285931830352108,0.0651114279277678,6.24605581360784,0.00661609492869828
"Federated: site-specific slopes","low",15,"1","Initiate by tau",10,10,413.2,1.06608426076363,2.47242228014224,9.01347113885304,24.2582109106996,139.9614694345,112.180377496045,0.271752267241885,0.0633839053891428,6.58643964417994,0.00708960074574726
"Federated: site-specific slopes","low",15,"1","Initiate by tau",11,10,388.6,1.06925110797421,2.54221506723933,9.4119028943518,24.2582109106996,139.9614694345,101.323302767515,0.261366319014104,0.0606646007364687,6.82893071289269,0.00724067835096316
"Federated: site-specific slopes","low",15,"1","Initiate by tau",12,10,366.5,1.07338842806218,2.65739846684262,9.6742860408076,24.2582109106996,139.9614694345,91.7304450523529,0.252174401606047,0.0588394793857239,7.07370851685038,0.0076666611956784
"Federated: site-specific slopes","low",15,"1","Initiate by tau",13,10,346.3,1.08186722058866,2.69218105324836,9.99243187489367,24.2582109106996,139.9614694345,83.7231925998697,0.244407437714726,0.0585418393707397,7.22467718839587,0.00810088672045776
"Federated: site-specific slopes","low",15,"1","Initiate by tau",14,10,328.6,1.08596803225461,2.80762512634161,10.319119802069,24.2582109106996,139.9614694345,77.3066743279561,0.238079395376721,0.0561595901742754,7.51004814756153,0.00852330158816454
"Federated: site-specific slopes","low",15,"1","Initiate by tau",15,10,88.6,2.19477738565447,8.44788188496456,31.9103136643717,24.2582109106996,139.9614694345,23.0655160352744,0.258356602628697,0.0900410605166095,5.7928305463795,0.0326302959351246
"Federated: site-specific slopes","low",15,"2","Do not initiate by tau",1,10,891.9,0.976432970029258,1.11885537962898,1.38980279348438,2.20536078497863,4.49161942348817,881.808006852826,0.98864351502231,0.973812659511219,1.01154543910649,0
"Federated: site-specific slopes","low",15,"2","Do not initiate by tau",2,10,752.2,0.948825960532197,1.2010230076256,1.70935582603558,2.85565861135331,15.0932807869332,711.766725135329,0.945876577164047,0.816117067752797,1.06348760497834,0.000134589502018842
"Federated: site-specific slopes","low",15,"2","Do not initiate by tau",3,10,636.6,0.919646712847309,1.23527910283442,1.81175543812389,4.00610198728012,5.92970516132864,597.531349081993,0.938615825098352,0.905284606831332,1.065991743581,0
"Federated: site-specific slopes","low",15,"2","Do not initiate by tau",4,10,554.6,0.896010232058264,1.23237821627766,1.92010190256521,3.66652435805888,19.197645470489,486.811986797264,0.876685882101863,0.598360839454038,1.17841608907909,0.000365972891888996
"Federated: site-specific slopes","low",15,"2","Do not initiate by tau",5,10,487.4,0.871814882041392,1.24272626440856,1.93949380069906,5.03846249314054,11.6289652542207,431.058326973429,0.884692736441445,0.769170002389981,1.13714473285605,0.000204081632653061
"Federated: site-specific slopes","low",15,"2","Do not initiate by tau",6,10,433,0.849683631408313,1.24856042289247,1.9959702716597,4.18315369257805,8.06636401432117,385.044690337519,0.889665330209009,0.827232468237968,1.12663710685473,0
"Federated: site-specific slopes","low",15,"2","Do not initiate by tau",7,10,387.4,0.825666368016506,1.23061597911669,1.86499064593857,3.17617803659871,5.66077833717137,351.345308789703,0.907449425011807,0.845132706653838,1.10398539857516,0
"Federated: site-specific slopes","low",15,"2","Do not initiate by tau",8,10,350.9,0.808845192663755,1.23406115468948,2.00152179270186,2.55990574760328,8.35677568075475,311.28872321974,0.888615252394925,0.739309557868702,1.13417686000503,0
"Federated: site-specific slopes","low",15,"2","Do not initiate by tau",9,10,321.4,0.792775358582643,1.2325634852441,1.98584822467447,2.95585376303065,7.95145691137876,281.317110969174,0.876368186217566,0.773948421863734,1.1468372557273,0
"Federated: site-specific slopes","low",15,"2","Do not initiate by tau",10,10,291.5,0.781801111771527,1.21770255119128,2.12668375175092,3.14421350374465,8.96952461363491,251.92004125917,0.865586001288796,0.724372818952438,1.1647161468889,0
"Federated: site-specific slopes","low",15,"2","Do not initiate by tau",11,10,269.6,0.762043561916624,1.2128114873445,2.18166491949448,2.92201701641384,5.43542145292562,236.73861220166,0.879150734308407,0.781763642900259,1.14207506609958,0
"Federated: site-specific slopes","low",15,"2","Do not initiate by tau",12,10,249.6,0.74423335487024,1.16241752599816,1.87388549551583,3.05728347777367,4.98816228839146,219.944850887062,0.882312572353006,0.801248046995659,1.13640609210175,0
"Federated: site-specific slopes","low",15,"2","Do not initiate by tau",13,10,232.8,0.739312466389944,1.18758503564486,1.97726242448991,3.45105812886595,4.55719467862248,201.760853507422,0.867410959127355,0.816710237454421,1.15510402831576,0
"Federated: site-specific slopes","low",15,"2","Do not initiate by tau",14,10,216.5,0.726227349116,1.17578327466151,1.83890777677565,2.64743651247505,7.21386735113549,185.688461370216,0.858151870593502,0.720928171538032,1.1760705773076,0
"Federated: site-specific slopes","low",15,"2","Do not initiate by tau",15,10,202.3,0.709705692634754,1.15462140119062,1.90789814319882,2.31926013640438,3.10768386269124,180.992080283703,0.894380079888468,0.845592669207387,1.11950972658201,0
"Federated: site-specific slopes","low",15,"2","Initiate by tau",1,10,950,1.00020989097184,1.17849607178105,2.13646258647971,10.2267881970287,17.2275961719818,768.515627564152,0.808963818488581,0.695960634933088,1.24860062955002,0.000631578947368421
"Federated: site-specific slopes","low",15,"2","Initiate by tau",2,10,848.2,0.994248354758112,1.40928858547867,3.40244131444245,11.5622572507855,19.3575139095373,579.025225948703,0.682587075454176,0.539320706755753,1.49208854782143,0.00129640773982089
"Federated: site-specific slopes","low",15,"2","Initiate by tau",3,10,756.8,0.984875208704611,1.60092385583538,4.24252245398153,11.5622572507855,19.3575139095373,469.823490443988,0.620053027468374,0.492475383184863,1.64013021410255,0.00159510376015482
"Federated: site-specific slopes","low",15,"2","Initiate by tau",4,10,682.2,0.982560831536327,1.72351132475622,4.56858551511288,12.7671997146162,19.3575139095373,377.052316099879,0.551807416551003,0.418585182359679,1.85512106562043,0.00235989269986739
"Federated: site-specific slopes","low",15,"2","Initiate by tau",5,10,619.3,0.975259579632956,1.83471420452065,4.92555696399428,12.5704478395763,19.3575139095373,325.208948954461,0.524243506045841,0.427797557809859,1.93676878722123,0.00243930530364189
"Federated: site-specific slopes","low",15,"2","Initiate by tau",6,10,567.2,0.974113274379477,1.94553201221463,5.51723770789308,12.5704478395763,19.3575139095373,288.410912749515,0.506747425521579,0.399031780112346,2.01786939269979,0.00249984500443894
"Federated: site-specific slopes","low",15,"2","Initiate by tau",7,10,519.6,0.975010212846628,2.04204254339164,5.65510371674902,12.5704478395763,19.3575139095373,251.4758340556,0.482365805501485,0.379748844835563,2.1229658869446,0.00311196390334267
"Federated: site-specific slopes","low",15,"2","Initiate by tau",8,10,480.9,0.986915338226993,2.18507266118055,6.28605649507631,13.3596648543981,19.3575139095373,215.855536893405,0.447205116159603,0.359782396830121,2.28379528416411,0.00378428873819098
"Federated: site-specific slopes","low",15,"2","Initiate by tau",9,10,449,0.984157836512868,2.22259742506249,6.28860444699583,12.999663947407,19.3575139095373,202.657744162964,0.449582625609843,0.35458361012721,2.27704803040764,0.00381948788269369
"Federated: site-specific slopes","low",15,"2","Initiate by tau",10,10,417,0.994304777188111,2.41595892219333,6.75258599253417,12.999663947407,19.3575139095373,179.541035602534,0.429421113028748,0.344972079217418,2.37130785188079,0.00410771483940908
"Federated: site-specific slopes","low",15,"2","Initiate by tau",11,10,390.2,0.996274261105779,2.48667689364881,7.06650010112437,12.999663947407,19.3575139095373,163.42128600609,0.418175405759842,0.33839822022196,2.43824413643944,0.00437573408759877
"Federated: site-specific slopes","low",15,"2","Initiate by tau",12,10,366.1,0.996701211576624,2.50178344489987,7.53259278553435,12.999663947407,19.3575139095373,148.730921622887,0.405361943621018,0.320867225025023,2.51909056128332,0.00467932856666676
"Federated: site-specific slopes","low",15,"2","Initiate by tau",13,10,345.5,1.00260507554023,2.54374941324629,7.80650979317319,12.999663947407,19.3575139095373,137.030639302707,0.395889231375812,0.314663679038748,2.58076777854938,0.00494725746345864
"Federated: site-specific slopes","low",15,"2","Initiate by tau",14,10,326.7,1.00399484337549,2.62056694902898,7.99904395473604,12.999663947407,19.3575139095373,126.046420917841,0.385611395065823,0.307938884708671,2.64781708272993,0.00520840508757459
"Federated: site-specific slopes","low",15,"2","Initiate by tau",15,10,107.1,1.53176576910867,5.33384920033976,12.1637216225156,12.999663947407,19.3575139095373,38.4862035489147,0.359932619416472,0.299116584037485,2.82036784008486,0.0160133077730502
"Federated: site-specific slopes","low",15,"3","Do not initiate by tau",1,10,919,0.997613005036691,1.20126237992421,1.51420345512799,2.93432225851679,3.89099535895501,902.997651711601,0.982576333376247,0.975627108035609,1.01775405362494,0
"Federated: site-specific slopes","low",15,"3","Do not initiate by tau",2,10,751.1,0.984613853635822,1.34868451747034,1.99527883754057,3.38424137822217,5.83526496924134,709.772318195621,0.944909211212241,0.911026623961675,1.05873792037393,0
"Federated: site-specific slopes","low",15,"3","Do not initiate by tau",3,10,623.9,0.957844453874165,1.37538349691678,2.151458807554,5.23204233472008,8.61323213276953,561.821673511687,0.900276738544205,0.815490640137593,1.11392818989366,0
"Federated: site-specific slopes","low",15,"3","Do not initiate by tau",4,10,530,0.931318561785122,1.35990081811926,2.25172895594592,3.85434614258134,25.6170623704183,456.022885327789,0.859461153670733,0.583262656639835,1.22573226615255,0.000192307692307692
"Federated: site-specific slopes","low",15,"3","Do not initiate by tau",5,10,460.4,0.909876702322354,1.35338185331523,2.40071301073803,4.89842307859683,9.6325378486636,394.196682430806,0.856366371359638,0.735035823382423,1.17733603333113,0
"Federated: site-specific slopes","low",15,"3","Do not initiate by tau",6,10,405.1,0.882659796655586,1.35350924061716,2.17956011073262,3.57431434040788,15.636550666836,340.907028226924,0.840838562694705,0.592174745883669,1.23040993383011,0.000489632026848855
"Federated: site-specific slopes","low",15,"3","Do not initiate by tau",7,10,364,0.858131563653077,1.30980510691345,2.16899076233197,4.06573445549883,13.5421835365216,299.841823460837,0.823399308842676,0.613166259012082,1.24616409787588,0.000543622773067037
"Federated: site-specific slopes","low",15,"3","Do not initiate by tau",8,10,325.5,0.842240173009504,1.33299280616188,2.23766157170269,5.0735105211362,17.1831677028727,262.894720544265,0.805111475412519,0.56243765115168,1.29193142048253,0.000324675324675325
"Federated: site-specific slopes","low",15,"3","Do not initiate by tau",9,10,293.7,0.820746193269649,1.33522764512412,2.37696042103964,3.29306780441443,12.9874829142196,245.138269252293,0.834776351886445,0.615245915397533,1.22564676442228,0.000335570469798658
"Federated: site-specific slopes","low",15,"3","Do not initiate by tau",10,10,267.5,0.804867751584402,1.28190849724847,2.23936771500245,3.12797296996799,26.4424833728073,217.242776702411,0.812837534213127,0.4391199226325,1.46733165388041,0.0003690036900369
"Federated: site-specific slopes","low",15,"3","Do not initiate by tau",11,10,243.1,0.783111599480593,1.30550698317173,2.15973146007446,3.00694811883277,3.58549558461376,214.290135331613,0.881136016499909,0.852443516058121,1.13566063909759,0
"Federated: site-specific slopes","low",15,"3","Do not initiate by tau",12,10,224.9,0.777304722124796,1.34662113763223,2.24717253572037,2.77586588714318,4.68355749281391,194.198820135071,0.863538878371475,0.805127364380976,1.15975338839043,0
"Federated: site-specific slopes","low",15,"3","Do not initiate by tau",13,10,210.3,0.765641830972732,1.31986822154037,2.27868563184385,3.21754504681848,5.12981106279805,178.250862393016,0.848124408519563,0.771781877769518,1.18327453477356,0
"Federated: site-specific slopes","low",15,"3","Do not initiate by tau",14,10,196.7,0.753648505520672,1.28799819658965,2.26064282301888,3.23568292560129,5.4304001500755,165.883304590035,0.842540133265114,0.766582251055982,1.19053478248526,0
"Federated: site-specific slopes","low",15,"3","Do not initiate by tau",15,10,184,0.744407817851987,1.2760832670699,2.27441907445527,3.60909526582847,5.40762456433882,153.518832231307,0.833694620866838,0.766447150185944,1.20360179749837,0
"Federated: site-specific slopes","low",15,"3","Initiate by tau",1,10,1000,0.997338594700009,1.25267968246378,2.03170296137039,6.97169703345826,20.2356394144639,846.811846104298,0.846811846104298,0.668061249158475,1.1986643020051,5e-04
"Federated: site-specific slopes","low",15,"3","Initiate by tau",2,10,886.6,0.986897417679543,1.48892535473103,2.98447396691499,9.59203554324717,33.9444467689469,628.393936396999,0.708292169178123,0.451617731785838,1.48584177517236,0.000788414504199794
"Federated: site-specific slopes","low",15,"3","Initiate by tau",3,10,779.3,0.980004752034861,1.65205649931218,3.8682188998314,11.1537382937405,33.9444467689469,489.715951679676,0.628412788769646,0.403715976813853,1.68365998717427,0.00128067564314678
"Federated: site-specific slopes","low",15,"3","Initiate by tau",4,10,689,0.978561503958805,1.80723996867314,4.23288884929891,11.1537382937405,33.9444467689469,398.48168401998,0.578641837881557,0.346607211159989,1.86125380578773,0.00159514756769498
"Federated: site-specific slopes","low",15,"3","Initiate by tau",5,10,618.3,0.973995412736927,1.94479399073652,4.6549663254528,11.1537382937405,33.9444467689469,335.377388263966,0.542269833382256,0.347221480413233,1.94148190116409,0.00178940236997692
"Federated: site-specific slopes","low",15,"3","Initiate by tau",6,10,561.3,0.96928106220942,1.97948830573458,4.71577779871216,12.7215899658087,33.9444467689469,283.79728433223,0.505409448698838,0.313136749765644,2.10251810716511,0.00251079013158232
"Federated: site-specific slopes","low",15,"3","Initiate by tau",7,10,515.6,0.9705607591059,2.1188818971322,5.24095431331229,13.8901512346978,33.9444467689469,246.4444343987,0.477755061097207,0.307353553129766,2.20567329701484,0.00252903037444241
"Federated: site-specific slopes","low",15,"3","Initiate by tau",8,10,474.9,0.972389954851351,2.19237558528633,5.93010178551462,14.411113552589,33.9444467689469,218.638492469465,0.460121225396403,0.28998412584889,2.30775928629338,0.00254629186240202
"Federated: site-specific slopes","low",15,"3","Initiate by tau",9,10,437.5,0.977671333380668,2.30843502434514,6.12365823973276,12.7215899658087,33.9444467689469,199.472224794816,0.455922660922288,0.2719545647333,2.35335342072266,0.00275825201899621
"Federated: site-specific slopes","low",15,"3","Initiate by tau",10,10,406.8,0.979984481319033,2.438903166586,6.165631218954,12.7215899658087,33.9444467689469,179.613426529968,0.441399010573604,0.248850945821761,2.49420734531025,0.00272220837325318
"Federated: site-specific slopes","low",15,"3","Initiate by tau",11,10,377.6,0.978458401350364,2.48534335065013,6.31339345339755,12.7215899658087,33.9444467689469,165.198018119079,0.437292450640631,0.263843299864268,2.46293114504846,0.00267782737499527
"Federated: site-specific slopes","low",15,"3","Initiate by tau",12,10,355.2,0.988396920978648,2.61489292991506,6.46127000614851,12.7215899658087,33.9444467689469,151.537056853609,0.426780322528321,0.256956199555686,2.52341012526287,0.00286813147989449
"Federated: site-specific slopes","low",15,"3","Initiate by tau",13,10,336.8,0.995194820322712,2.74813802682621,6.38496223874951,12.7215899658087,33.9444467689469,139.751819024541,0.41571721683119,0.253155712979192,2.58438027763952,0.00301971348686929
"Federated: site-specific slopes","low",15,"3","Initiate by tau",14,10,317.2,1.00496368885793,2.84479879556068,6.67751516625494,12.7215899658087,33.9444467689469,128.57983722206,0.40577307153409,0.240754704514666,2.66187410457481,0.00320560693153182
"Federated: site-specific slopes","low",15,"3","Initiate by tau",15,10,118.1,1.41957689688678,4.74305020714802,11.367301527084,12.7215899658087,33.9444467689469,43.4601049762409,0.366873226003837,0.215400606662321,2.94195342254178,0.00836324226088796
"Federated: site-specific slopes","low",15,"4","Do not initiate by tau",1,10,946.8,1.0174684403833,1.2605492535083,1.65936296105399,3.31266849150892,5.09908977861513,920.407950411942,0.972081698298384,0.947612324509641,1.02889974111301,0
"Federated: site-specific slopes","low",15,"4","Do not initiate by tau",2,10,761.7,1.01859716122029,1.45056015729004,2.18550230304458,6.36887806634866,17.2125373934836,671.622348143366,0.881925394410822,0.749178215218199,1.14180148205981,0.000392942100081488
"Federated: site-specific slopes","low",15,"4","Do not initiate by tau",3,10,621.8,0.997694173009962,1.50838339832473,2.55081442415517,5.12702628998672,17.6731388393084,531.1712548153,0.854271404530357,0.653480338251411,1.1934806373942,0.000319488817891374
"Federated: site-specific slopes","low",15,"4","Do not initiate by tau",4,10,518.8,0.965034967175785,1.49688946003472,2.63276678813167,5.06692595453461,15.5425070138887,435.881151826697,0.839801116202189,0.677567163613418,1.20576015962207,0.000391052056176941
"Federated: site-specific slopes","low",15,"4","Do not initiate by tau",5,10,442.2,0.936814369495648,1.46480931806768,2.47134518045704,5.13672184419169,10.6299352688617,373.155295658941,0.844682146895322,0.718749401585107,1.19223170901864,0.000227272727272727
"Federated: site-specific slopes","low",15,"4","Do not initiate by tau",6,10,383.8,0.922385568887632,1.48667306039702,2.78326101567877,4.3560512299191,13.4435149177065,309.257537596153,0.807554653346793,0.625248093411162,1.25986415291356,0.000510227265350635
"Federated: site-specific slopes","low",15,"4","Do not initiate by tau",7,10,339,0.917009599246388,1.52090959507063,2.78356309122849,5.21539995028325,26.5363924407303,252.148064909712,0.745914327434727,0.399355340885903,1.46829624554073,0.000576065513983058
"Federated: site-specific slopes","low",15,"4","Do not initiate by tau",8,10,299.5,0.886013503578017,1.467650831873,2.76558500315863,4.26720212496601,16.2709755305312,238.74845040784,0.794651595817176,0.557848994582936,1.30362081959611,0.000346020761245675
"Federated: site-specific slopes","low",15,"4","Do not initiate by tau",9,10,270,0.873483155133488,1.48853792608215,2.99297504587517,4.20228311786803,11.0178554189521,209.707230472707,0.775612642773756,0.588503110688196,1.31800411016288,0.000759081612076167
"Federated: site-specific slopes","low",15,"4","Do not initiate by tau",10,10,246.9,0.854121791590874,1.44324094492205,2.82397748953862,4.7605916252742,13.7894042913358,184.951648799525,0.746521346540594,0.467875761581873,1.41410679464313,0.000838607594936709
"Federated: site-specific slopes","low",15,"4","Do not initiate by tau",11,10,224.8,0.839191829983138,1.39655760092007,2.92018326343014,5.45274724942405,14.1605187191576,168.375663022869,0.748598982562179,0.499173258678297,1.39213001426959,0.000462962962962963
"Federated: site-specific slopes","low",15,"4","Do not initiate by tau",12,10,206.7,0.824464269818512,1.40212229377566,2.4620962668676,3.53931024658862,18.6712222062741,152.363614116333,0.737133823645246,0.337943896297528,1.54884311431317,0.000990706000637583
"Federated: site-specific slopes","low",15,"4","Do not initiate by tau",13,10,190.3,0.843926863127203,1.39912548981386,2.65120022969209,3.93324510054623,58.1760398835281,130.226279218959,0.68313431260897,0.10599419815465,3.20052151742493,0.00107257878997009
"Federated: site-specific slopes","low",15,"4","Do not initiate by tau",14,10,176,0.795757106236697,1.42930591102448,2.60123097330624,4.4160788132711,7.075992264961,139.092791619961,0.791100609207008,0.689055319377939,1.27395696401979,0
"Federated: site-specific slopes","low",15,"4","Do not initiate by tau",15,10,165.2,0.793866669411498,1.39146738509945,2.9144348302088,4.30529559237434,14.6223723099777,122.052320501089,0.739556381680112,0.477300391168412,1.43736743782667,0.000636942675159236
"Federated: site-specific slopes","low",15,"4","Initiate by tau",1,10,1050,0.993814026348394,1.30703891908747,2.07696737956688,5.3353540586224,13.2575877300174,944.516161825712,0.899539201738773,0.822347563252831,1.11385368928987,9.52380952380952e-05
"Federated: site-specific slopes","low",15,"4","Initiate by tau",2,10,930.9,0.984742096533023,1.60579697199151,2.84844341957664,10.0086158322347,25.9566057191051,682.186068063938,0.733268902199331,0.573871837513839,1.38519451556485,0.000640803720190693
"Federated: site-specific slopes","low",15,"4","Initiate by tau",3,10,811.2,0.977453182745216,1.76950932329103,3.50459909830944,10.0177008635305,25.9566057191051,533.840993615165,0.6585601317376,0.493845926277547,1.5536478979371,0.000736513565799081
"Federated: site-specific slopes","low",15,"4","Initiate by tau",4,10,708.4,0.963593836954989,1.84697900853701,3.92413502728715,10.7474254613577,25.9566057191051,437.901778136046,0.617781245239747,0.490024694766998,1.6506060635746,0.000997344935149137
"Federated: site-specific slopes","low",15,"4","Initiate by tau",5,10,625,0.958465980313712,1.9226216466935,4.20613527304275,10.3465192943576,25.9566057191051,375.652934496711,0.601219411359637,0.461263635366986,1.7042948782093,0.000960620989623063
"Federated: site-specific slopes","low",15,"4","Initiate by tau",6,10,558.6,0.960304059287292,2.03844370160982,4.41699451974987,10.7474254613577,25.9566057191051,317.798323452436,0.56928719334054,0.423218429347424,1.80606811378285,0.00124316830329133
"Federated: site-specific slopes","low",15,"4","Initiate by tau",7,10,508.2,0.973410508136608,2.1580477921339,4.47102920734965,10.7474254613577,40.1443673631426,251.006127159672,0.495775708232477,0.26424392884759,2.2525186195573,0.00156228752204455
"Federated: site-specific slopes","low",15,"4","Initiate by tau",8,10,461,0.971569960267175,2.20604895085975,4.73818631623809,12.3446676664396,40.1443673631426,218.915234550469,0.475481117880754,0.259901228374733,2.330871109208,0.00172739747522901
"Federated: site-specific slopes","low",15,"4","Initiate by tau",9,10,423.2,0.975461442361626,2.32422732133749,4.86290476159674,11.224801510907,40.1443673631426,197.419716472068,0.466563981825629,0.244990098379368,2.40207738986932,0.00213349097943664
"Federated: site-specific slopes","low",15,"4","Initiate by tau",10,10,391.1,0.978276517188312,2.35690484192135,5.08265305723451,13.1959602545048,40.1443673631426,173.146320425158,0.44241923153954,0.231177150073272,2.54128676806995,0.00231240997983105
"Federated: site-specific slopes","low",15,"4","Initiate by tau",11,10,363.2,0.979262103732605,2.42379660719329,5.38037407719934,12.3446676664396,40.1443673631426,155.212644658494,0.427746362389032,0.223610385853856,2.63126581783775,0.00248859394897805
"Federated: site-specific slopes","low",15,"4","Initiate by tau",12,10,338.7,0.98253698878168,2.49176887411307,5.64984114011399,14.3878276943285,40.1443673631426,138.717640964843,0.40883647600211,0.212419141789527,2.79216380567474,0.00299291870056311
"Federated: site-specific slopes","low",15,"4","Initiate by tau",13,10,319.5,1.00184417723358,2.52129880360771,6.0469107244799,17.2280686453985,58.1760398835281,115.762083597947,0.360209058028314,0.122064211068114,3.74938579976371,0.0034887122168075
"Federated: site-specific slopes","low",15,"4","Initiate by tau",14,10,301.3,0.984129169482875,2.61008971215205,6.09350841307029,10.9811816547145,40.1443673631426,122.256807805733,0.406074215272272,0.20240221649315,2.82200654287175,0.00301388598272703
"Federated: site-specific slopes","low",15,"4","Initiate by tau",15,10,121.5,1.26654132352064,3.84901528911334,11.5566114428927,10.9811816547145,40.1443673631426,42.3786216397271,0.348273526855506,0.163554474410197,3.37002706817648,0.00755550553504299
"Federated: site-specific slopes","low",15,"5","Do not initiate by tau",1,10,967.9,1.04000211743924,1.3590938837122,1.85946160058452,3.06077781666351,5.165662895354,934.139986222243,0.965039617718339,0.945226647115612,1.03636019614235,0
"Federated: site-specific slopes","low",15,"5","Do not initiate by tau",2,10,750.7,1.06796146572858,1.65874453413227,2.80740632825735,7.19820923980227,14.5898246494074,640.208244165432,0.85249936450743,0.776945597709069,1.17623234131988,0.000134589502018842
"Federated: site-specific slopes","low",15,"5","Do not initiate by tau",3,10,590.1,1.06218133433714,1.6945964157769,3.62109211682865,5.81811548443379,20.0851503832234,450.01653064692,0.762866818702667,0.49535824615909,1.37450104292932,0.000845236046578329
"Federated: site-specific slopes","low",15,"5","Do not initiate by tau",4,10,481.6,1.03327354539563,1.67840556074904,3.51010328479086,6.62281895198505,24.4689161712632,348.452389089884,0.724307557553539,0.466319934176826,1.4486789564318,0.00061631706659776
"Federated: site-specific slopes","low",15,"5","Do not initiate by tau",5,10,404.3,0.993678641260517,1.67747298830361,3.41662363933581,4.75975420171939,14.0337752035592,313.999300888145,0.778379487145553,0.538556946274193,1.33540753139433,0.00072289156626506
"Federated: site-specific slopes","low",15,"5","Do not initiate by tau",6,10,348.2,0.968314456371194,1.61589693602363,3.04772427702551,6.3245937920597,34.057956742778,252.534351411849,0.723500101273322,0.373886280956093,1.60074472645209,0.000584920343084856
"Federated: site-specific slopes","low",15,"5","Do not initiate by tau",7,10,300.1,0.952218296466098,1.63529300708901,3.19117126416303,4.78705243285222,19.1304470527494,219.582787058608,0.726020070531003,0.432007321698091,1.48058146366999,0.00104720676149248
"Federated: site-specific slopes","low",15,"5","Do not initiate by tau",8,10,265.8,0.952366647039627,1.69493953119475,3.59620091212476,9.90862823520981,25.2790124737679,160.425147050484,0.598464626375595,0.288511322708149,1.96906384173671,0.0019119904784715
"Federated: site-specific slopes","low",15,"5","Do not initiate by tau",9,10,239.1,0.91503977837565,1.61744172759677,3.30235973024424,5.73584490180028,21.0386041928694,164.937599636439,0.687873540449012,0.35154846119929,1.61636803290656,0.00124907926886647
"Federated: site-specific slopes","low",15,"5","Do not initiate by tau",10,10,214.8,0.900890210613513,1.58637811216073,3.75711565310505,5.19672047309237,21.0660267072051,148.489067779955,0.688100906747669,0.357924504511813,1.5990019556739,0.00097793679189028
"Federated: site-specific slopes","low",15,"5","Do not initiate by tau",11,10,195,0.886095592859502,1.61754159430985,3.45685642366209,4.9741648397263,23.6941934138246,135.321912303331,0.686990714723616,0.35055693861588,1.67437614549618,0.000591715976331361
"Federated: site-specific slopes","low",15,"5","Do not initiate by tau",12,10,179.2,0.900186496957896,1.6330063061193,4.22063659343762,5.24227915938142,41.4399807920132,115.00350818073,0.631824722645745,0.174435602709724,2.41561958651561,0.00121987393400074
"Federated: site-specific slopes","low",15,"5","Do not initiate by tau",13,10,164.3,0.864534501416177,1.63944246139373,3.85702535119946,5.48151890760042,13.3493360757985,112.146825799171,0.682344387542974,0.446887731859892,1.54810738128807,0.00122404940843813
"Federated: site-specific slopes","low",15,"5","Do not initiate by tau",14,10,152.5,0.865536694153519,1.63520469199204,3.99010101849673,5.64798044992012,21.8721066208623,96.264551896497,0.631125434748069,0.280017966214348,1.8658912293607,0.001323440076369
"Federated: site-specific slopes","low",15,"5","Do not initiate by tau",15,10,141.8,0.874075866903322,1.67130964856644,4.86538161783664,6.3255408147151,34.1380535590422,84.1908033340235,0.59102856402798,0.19881394492633,2.35955426703399,0.00144186046511628
"Federated: site-specific slopes","low",15,"5","Initiate by tau",1,10,1100,0.993240740659451,1.38787615677262,2.18113936355602,5.14581449858438,13.2487252427885,955.14487556718,0.868313523242891,0.770263068471333,1.15556715171751,0.000272727272727273
"Federated: site-specific slopes","low",15,"5","Initiate by tau",2,10,957.8,0.995009463751817,1.72267470790745,3.30464411595795,13.4750313434055,18.4170885597026,651.168194774902,0.679527427782585,0.5423899655372,1.49737206121794,0.00104772535206674
"Federated: site-specific slopes","low",15,"5","Initiate by tau",3,10,817.2,0.979702128285655,1.8181598780611,4.09625815331826,13.4750313434055,20.0851503832234,481.280333467831,0.589140881413837,0.415886904047253,1.75710849968529,0.0018408456906477
"Federated: site-specific slopes","low",15,"5","Initiate by tau",4,10,706.9,0.960264329243368,1.88672911881318,4.22914516719108,14.9284945360409,24.4689161712632,393.894836877822,0.557128551124507,0.401913559868776,1.87570753907835,0.00184377673455624
"Federated: site-specific slopes","low",15,"5","Initiate by tau",5,10,618.1,0.948786372587592,1.9173841790196,4.37652906983739,13.5645979238177,18.4170885597026,340.931311920195,0.552155565557383,0.392845237076986,1.89065830263486,0.00225185092230758
"Federated: site-specific slopes","low",15,"5","Initiate by tau",6,10,551.3,0.944420622549853,1.96717930514019,4.76963320390432,14.5488838367115,34.057956742778,283.766852870278,0.514441725837965,0.291966469374605,2.13000882002558,0.00237233379491581
"Federated: site-specific slopes","low",15,"5","Initiate by tau",7,10,494.9,0.94104607591297,2.05047861356391,4.85697546282781,14.2728401918085,19.1304470527494,250.384524115724,0.504956800988538,0.332988991610677,2.09844120487851,0.00285058519323037
"Federated: site-specific slopes","low",15,"5","Initiate by tau",8,10,451.1,0.952977693396979,2.14094320463017,5.07307419658276,16.1794968544689,25.2790124737679,203.665540186765,0.450740828386382,0.267221671424178,2.4158336981393,0.0035638261085645
"Federated: site-specific slopes","low",15,"5","Initiate by tau",9,10,414.8,0.947057863075018,2.17468308505606,5.40576694398698,16.1794968544689,21.0386041928694,184.991454349459,0.444965927311776,0.334176586415843,2.33955934035831,0.00365927309979873
"Federated: site-specific slopes","low",15,"5","Initiate by tau",10,10,378.9,0.947273551784045,2.31542240704729,5.68417959705075,14.9284945360409,21.0660267072051,170.687025399032,0.449464051338966,0.300022447736375,2.3697855259771,0.00401027094300811
"Federated: site-specific slopes","low",15,"5","Initiate by tau",11,10,349.7,0.949863762604254,2.3100792966891,5.87855028597317,13.4750313434055,23.6941934138246,153.162788256452,0.436516804833163,0.275774125253431,2.46313671587739,0.00407024314750921
"Federated: site-specific slopes","low",15,"5","Initiate by tau",12,10,325.9,0.961952300992263,2.37846439174045,6.48796092709177,14.9284945360409,41.4399807920132,131.1766009448,0.400129551552585,0.210270263889226,2.89434064984649,0.00434935572561478
"Federated: site-specific slopes","low",15,"5","Initiate by tau",13,10,301.9,0.948827505230413,2.39874990143365,6.60416941554873,13.4750313434055,18.4170885597026,126.313230413922,0.417137284541345,0.297679420438195,2.50310526059646,0.00436776238715329
"Federated: site-specific slopes","low",15,"5","Initiate by tau",14,10,285.2,0.957963203343741,2.40623692863129,6.6978484642256,13.9855209002294,21.8721066208623,113.696873107104,0.397345745424618,0.262682543457817,2.66606915339369,0.00461535483389931
"Federated: site-specific slopes","low",15,"5","Initiate by tau",15,10,127.5,1.06813804905851,3.27766051946465,9.90006479893951,13.4750313434055,18.4170885597026,42.6922825615667,0.334852090646541,0.239248337945766,3.14687387835659,0.00772789116435434
"Federated: site-specific slopes","moderate",5,"1","Do not initiate by tau",1,10,588.2,0.889566461079705,0.933150287307687,0.992246231715175,1.10333966692507,1.21697435774822,587.733552116368,0.999204898286017,0.998622435351333,1.00079590576247,0
"Federated: site-specific slopes","moderate",5,"1","Do not initiate by tau",2,10,539.2,0.814954927160622,0.891299476886912,1.01151889031814,1.26068537776945,1.50792439240677,537.561140458666,0.99695358463683,0.995458575309215,1.0030569087046,0
"Federated: site-specific slopes","moderate",5,"1","Do not initiate by tau",3,10,495.8,0.760521885851324,0.847595062072785,0.984959372850743,1.31828446948082,2.0306079072546,493.260910715353,0.994854977944912,0.990753976890107,1.00517844027861,0
"Federated: site-specific slopes","moderate",5,"1","Do not initiate by tau",4,10,457.7,0.724209444675947,0.832397542628559,1.01701047112718,1.38800515900622,1.66286226357787,454.069443857266,0.992034629588776,0.987799796138007,1.00803737404556,0
"Federated: site-specific slopes","moderate",5,"1","Do not initiate by tau",5,10,427.9,0.692641459677744,0.80496373327311,0.986236395187675,1.31526272752496,1.74087165970788,423.792046069164,0.99035595397808,0.983998880004308,1.00975386760729,0
"Federated: site-specific slopes","moderate",5,"1","Initiate by tau",1,10,600,0.986619162457779,0.947911183677589,3.65602489657697,16.2956291979615,42.8413615229356,313.590274905811,0.522650458176352,0.242163848141703,2.2995732670438,0.0035
"Federated: site-specific slopes","moderate",5,"1","Initiate by tau",2,10,560.9,0.970455602909926,0.965069556324639,6.14755832113502,22.5909550781513,42.8413615229356,209.409396312424,0.373490811792578,0.2279183210191,2.98517686761391,0.00498808024444816
"Federated: site-specific slopes","moderate",5,"1","Initiate by tau",3,10,522.2,0.973235527722442,1.05133638716172,7.11226084195359,24.5170222831692,68.0677417094815,150.006605273973,0.287655536002032,0.126042209626931,4.24713014030419,0.00592769974402504
"Federated: site-specific slopes","moderate",5,"1","Initiate by tau",4,10,490,0.974420656892595,1.31522250838216,7.9226546780544,24.5170222831692,68.0677417094815,125.050845777093,0.255478691788027,0.116459283450773,4.69904986516489,0.0067184418350784
"Federated: site-specific slopes","moderate",5,"1","Initiate by tau",5,10,34.9,4.5951169164225,19.6032250398844,29.1778410139544,24.5170222831692,68.0677417094815,13.360405313269,0.383663998321735,0.236807089989502,2.78086903724531,0.101107944129744
"Federated: site-specific slopes","moderate",5,"2","Do not initiate by tau",1,10,768.1,0.908270318041298,0.993801076654679,1.13769531152211,1.44731264841946,2.30754115957351,765.051513625205,0.996015008843648,0.991145129299601,1.0040077385287,0
"Federated: site-specific slopes","moderate",5,"2","Do not initiate by tau",2,10,674.9,0.844594503678107,0.989059998334589,1.29161749228094,1.97264199716475,3.13821167147464,665.416812141709,0.985925351179579,0.971420783199752,1.01433676198117,0
"Federated: site-specific slopes","moderate",5,"2","Do not initiate by tau",3,10,593.3,0.797475980109117,0.960990783788846,1.31555781555632,2.26604269239217,2.73412862695872,581.037328955724,0.979254308618174,0.965920413541337,1.02125304116946,0
"Federated: site-specific slopes","moderate",5,"2","Do not initiate by tau",4,10,527.1,0.763263016257735,0.954484143647562,1.29390728444636,2.15167151547386,7.36404221107432,506.607591423961,0.961316296713331,0.87975398107871,1.04261045447449,0
"Federated: site-specific slopes","moderate",5,"2","Do not initiate by tau",5,10,473.3,0.735645589045149,0.933622986114066,1.32882958154302,2.0921719329395,3.81325126898104,456.068666906313,0.963540870246822,0.932354634714371,1.03823946756214,0
"Federated: site-specific slopes","moderate",5,"2","Initiate by tau",1,10,800,1.01304209881695,1.05528273883666,3.89489463693707,18.7182173709898,161.327959518245,421.085429694218,0.526356787117773,0.157019151598001,4.14739996652847,0.00225
"Federated: site-specific slopes","moderate",5,"2","Initiate by tau",2,10,729.3,1.00402177370796,1.28552319411682,5.45707244125313,18.7182173709898,161.327959518245,315.986647477088,0.432369071371905,0.115753659928006,4.82039943596505,0.00288389017436605
"Federated: site-specific slopes","moderate",5,"2","Initiate by tau",3,10,661.7,1.01488840876313,1.5628859936386,6.99253523526387,23.859991764784,161.327959518245,220.215084525096,0.333316091803603,0.0454536483480624,6.61497453856551,0.00407006963240391
"Federated: site-specific slopes","moderate",5,"2","Initiate by tau",4,10,600.8,1.02557067733444,1.87273628216651,7.5718188353086,23.859991764784,161.327959518245,182.608942008949,0.304819336634437,0.042657897113252,7.16836268920537,0.00478976054588327
"Federated: site-specific slopes","moderate",5,"2","Initiate by tau",5,10,78.9,2.82700970712249,9.07799539643366,39.1816032024091,23.859991764784,161.327959518245,25.6266386099819,0.323159530619935,0.060819689194283,5.41546733719985,0.0386292335626418
"Federated: site-specific slopes","moderate",5,"3","Do not initiate by tau",1,10,921.8,0.945748244961334,1.13750484087584,1.46585758021073,2.37032447464733,3.88616208686409,906.731486818786,0.983619590001069,0.97283031452135,1.01668698389242,0
"Federated: site-specific slopes","moderate",5,"3","Do not initiate by tau",2,10,761.1,0.915380501092766,1.23746594694357,1.84491269382656,4.25488664002292,14.323932602457,687.96903248939,0.90371277705136,0.770080809046825,1.11425674899583,0.000132100396301189
"Federated: site-specific slopes","moderate",5,"3","Do not initiate by tau",3,10,631.8,0.873597465646416,1.23699146905679,1.99252904906496,3.60019544401648,9.7048900491549,571.433221414914,0.903787140671711,0.784173641717575,1.11228039841299,0
"Federated: site-specific slopes","moderate",5,"3","Do not initiate by tau",4,10,540.6,0.848522666050242,1.23047054020612,2.1149640807806,6.27660620376442,16.3834510780157,454.433445101059,0.838698189955942,0.651511979979914,1.21433959439591,0.000191938579654511
"Federated: site-specific slopes","moderate",5,"3","Do not initiate by tau",5,10,468.7,0.811945674362783,1.22249342131022,1.93366950796872,3.82308997089408,10.0490327427222,417.30808149075,0.889299084306041,0.775662530939179,1.13039104837691,0.000222222222222222
"Federated: site-specific slopes","moderate",5,"3","Initiate by tau",1,10,1000,1.00350662371062,1.25758068848273,3.37007947381711,16.2883080853479,33.4181291615955,660.082832525822,0.660082832525822,0.466916030777647,1.57485920604721,0.0011
"Federated: site-specific slopes","moderate",5,"3","Initiate by tau",2,10,889.6,1.00665613306702,1.61860566904273,4.75660953147744,16.4912033218493,33.4181291615955,464.747453599854,0.522456764573622,0.364178012896499,1.99597678991601,0.00225110483352619
"Federated: site-specific slopes","moderate",5,"3","Initiate by tau",3,10,780.9,1.00522574429881,1.81347769531758,5.39192269875119,19.31817735203,55.6162989002404,342.877439563235,0.439980479849992,0.229686548680152,2.58740692412169,0.00267663910772897
"Federated: site-specific slopes","moderate",5,"3","Initiate by tau",4,10,695.2,1.00404991151682,1.93985107035237,6.06727285337835,19.31817735203,55.6162989002404,277.056504251828,0.400022783653604,0.214431045276433,2.82307098785226,0.00329233430159012
"Federated: site-specific slopes","moderate",5,"3","Initiate by tau",5,10,152.6,1.59160799810365,5.55022739880278,13.9740743761515,19.31817735203,55.6162989002404,44.9193269105835,0.294012039190041,0.165196083751861,3.80534273067881,0.0157775236568664
"Federated: site-specific slopes","moderate",5,"4","Do not initiate by tau",1,10,1025.5,1.02202318384402,1.40322132355358,2.04741693967304,4.52282030823945,6.3523580969382,963.566100665271,0.939471891874076,0.908062820363039,1.06474651421493,0
"Federated: site-specific slopes","moderate",5,"4","Do not initiate by tau",2,10,771.3,1.03206581520869,1.60305927060166,3.09158205273361,9.36593747803776,13.5392406688826,612.042042150615,0.793145295097355,0.700722323146024,1.26939144927732,0.000650684885236061
"Federated: site-specific slopes","moderate",5,"4","Do not initiate by tau",3,10,595.4,1.00597211925173,1.66588586602776,3.18780547393809,5.7603814098583,36.120301847421,439.259497035385,0.73751423207433,0.407181004790539,1.47557108196011,0.000671221348155081
"Federated: site-specific slopes","moderate",5,"4","Do not initiate by tau",4,10,477.5,1.01843430724079,1.74058835324696,3.49854006718642,8.84708311222222,141.375936518469,303.168475001538,0.632928710100411,0.223108027226003,3.98897281999047,0.00126897488680605
"Federated: site-specific slopes","moderate",5,"4","Do not initiate by tau",5,10,393.7,0.950628223955851,1.67888549855339,3.27252046840053,7.72995967585366,15.3427095779394,284.544535991103,0.721748202766415,0.565526564583831,1.41327477795386,0.000501901811128744
"Federated: site-specific slopes","moderate",5,"4","Initiate by tau",1,10,1200,0.995686075884647,1.50121513362755,2.81415723447008,7.2702489640982,25.5377145926316,967.831802079119,0.806526501732599,0.627433627870193,1.26609349477475,0.00025
"Federated: site-specific slopes","moderate",5,"4","Initiate by tau",2,10,1031,0.987686269609927,1.81417227164208,3.91698969342853,10.9126492058674,25.5377145926316,671.331695536801,0.651238163627174,0.477627187046505,1.57763315517806,0.00106770995018279
"Federated: site-specific slopes","moderate",5,"4","Initiate by tau",3,10,874.5,0.965308128933137,1.95385391279399,4.12505454481981,11.1237793446223,36.120301847421,502.145231308204,0.573480972473263,0.362320821563149,1.84465316459258,0.00125592919185899
"Federated: site-specific slopes","moderate",5,"4","Initiate by tau",4,10,746.6,0.984723550759669,2.11708719259595,4.7490699584063,12.843538296889,141.375936518469,369.89901411434,0.4962546456534,0.150279833407564,3.9315260296365,0.00172830626027017
"Federated: site-specific slopes","moderate",5,"4","Initiate by tau",5,10,255.7,0.961285139526105,3.07395559312069,6.75541094998054,8.4423306464007,25.5377145926316,104.329825775864,0.408180477112719,0.259258464454514,2.62290561190706,0.00307212984683033
"Federated: site-specific slopes","moderate",5,"5","Do not initiate by tau",1,10,1056.9,1.15856913947209,1.87354434252252,3.11473617644541,7.48253220614319,14.0767693399247,892.859652583955,0.844855304293252,0.795138798600781,1.18483125860427,0.000187712288416276
"Federated: site-specific slopes","moderate",5,"5","Do not initiate by tau",2,10,707.1,1.22797604762232,2.28158155307831,4.50299119758729,10.8617955631671,41.869433828873,459.810218733624,0.648523208282508,0.383791954288521,1.66699507904887,0.00185186489674596
"Federated: site-specific slopes","moderate",5,"5","Do not initiate by tau",3,10,497.4,1.23501408011416,2.42829300584587,5.54638286452731,16.0375479571784,48.1899776980885,270.115969712509,0.540386028116618,0.321194922620683,2.0294839695302,0.00406490292240553
"Federated: site-specific slopes","moderate",5,"5","Do not initiate by tau",4,10,382.8,1.22706644654304,2.52017739902387,6.83568235007359,13.5286201754169,53.0821499674871,195.117204524945,0.506059708515612,0.223845596742801,2.32951195115422,0.00449101964145702
"Federated: site-specific slopes","moderate",5,"5","Do not initiate by tau",5,10,302.1,1.25901972593262,2.4910752446574,6.85517542646513,14.5503704058854,122.381392619634,133.214946552351,0.436722779260627,0.076089680320265,5.01451330890075,0.00527502516755694
"Federated: site-specific slopes","moderate",5,"5","Initiate by tau",1,10,1400,0.999965399851251,1.81040709008656,3.10943833638741,7.78686730250032,14.0767693399247,1032.87728310624,0.737769487933032,0.696766487123714,1.35680437223005,0.000142857142857143
"Federated: site-specific slopes","moderate",5,"5","Initiate by tau",2,10,1155.9,0.97264182904094,2.08203786890937,4.32714071191322,12.5848123022612,41.869433828873,619.540724341627,0.535445510090182,0.338844439438335,1.98174335049367,0.0013879224671329
"Federated: site-specific slopes","moderate",5,"5","Initiate by tau",3,10,930.8,0.946661799525155,2.15226425896446,4.84858661974469,16.0375479571784,48.1899776980885,425.625412190036,0.456809602432544,0.287570444172369,2.35478825373475,0.00248526963889071
"Federated: site-specific slopes","moderate",5,"5","Initiate by tau",4,10,771.1,0.941628514544032,2.1923520989471,5.0953592606713,14.0164009497798,53.0821499674871,333.575557637128,0.432484026459004,0.218345699464648,2.60747452452602,0.00259413629682197
"Federated: site-specific slopes","moderate",5,"5","Initiate by tau",5,10,347.4,0.703126681880935,1.94296827072456,4.59828185933058,7.89648030629302,12.7741175357089,144.637386803257,0.415111685151192,0.351198728601928,2.44389291684421,0.000921690250048459
"Federated: site-specific slopes","moderate",10,"1","Do not initiate by tau",1,10,590.5,0.887331821989194,0.920668162314209,0.970724846030598,1.09429435790629,1.49809969734186,590.125570949042,0.99936350806679,0.998311129738977,1.00063717035401,0
"Federated: site-specific slopes","moderate",10,"1","Do not initiate by tau",2,10,544.1,0.808247890359001,0.872023512113286,0.968904983521794,1.24838254398223,1.70246307573309,542.537620095797,0.997133126362077,0.995081280486135,1.00287661329457,0
"Federated: site-specific slopes","moderate",10,"1","Do not initiate by tau",3,10,498.1,0.75425671335259,0.836938343771502,0.96198862072696,1.31276098237214,1.60639860388871,495.717153010292,0.995223840547197,0.992661342298248,1.00480351816927,0
"Federated: site-specific slopes","moderate",10,"1","Do not initiate by tau",4,10,463.6,0.712965618296096,0.80924907327865,0.943525726240487,1.16599269053871,2.46501290330549,460.277517390019,0.992830846730709,0.981358873746732,1.0072597703315,0
"Federated: site-specific slopes","moderate",10,"1","Do not initiate by tau",5,10,432.4,0.682930345511096,0.786230101106944,0.936744755267291,1.14776577338727,1.5106808622618,429.148195656918,0.992501575491644,0.988074131000391,1.00756399494735,0
"Federated: site-specific slopes","moderate",10,"1","Do not initiate by tau",6,10,406.8,0.66262233742156,0.779038535061076,0.950856812039528,1.16941186868739,1.84676419867909,402.501556401893,0.989409381401208,0.979986213342239,1.01073551003842,0
"Federated: site-specific slopes","moderate",10,"1","Do not initiate by tau",7,10,384.5,0.643077065240954,0.76130490816978,0.938085378331462,1.22971480483871,1.86596440835833,379.656716897964,0.987381925954753,0.979731682805595,1.01280848754397,0
"Federated: site-specific slopes","moderate",10,"1","Do not initiate by tau",8,10,362,0.626185699910952,0.750115069145817,0.933196979238822,1.30669477779904,1.72701219396157,356.383698246655,0.984475275689972,0.96781025811,1.0158609831876,0
"Federated: site-specific slopes","moderate",10,"1","Do not initiate by tau",9,10,341.8,0.61024869604579,0.731094615458564,0.92164657624187,1.19972293716845,2.23278738166749,335.908366048586,0.982864092752139,0.965039579099402,1.01754745279675,0
"Federated: site-specific slopes","moderate",10,"1","Do not initiate by tau",10,10,324.1,0.59868760901422,0.719748537708679,0.969508324457509,1.23817361667711,2.21319926911379,317.899921364391,0.980938448207968,0.96147585780094,1.01954772223816,0
"Federated: site-specific slopes","moderate",10,"1","Initiate by tau",1,10,600,0.980462184720087,0.930060233289437,3.44004656496494,13.7123822628155,52.759921128957,304.260026527459,0.507100044212431,0.207051813257928,2.46846524198184,0.00316666666666667
"Federated: site-specific slopes","moderate",10,"1","Initiate by tau",2,10,562.8,0.96661741131149,0.920785291046126,6.55790925826066,16.349330624043,52.759921128957,220.880989669219,0.391721955951822,0.164422283426332,3.2527303973525,0.00480357988394467
"Federated: site-specific slopes","moderate",10,"1","Initiate by tau",3,10,523.1,0.96210783302292,0.956742279088725,7.62765374758162,28.4886538299217,52.759921128957,163.22151699077,0.310885827151591,0.145267016869595,4.09936652600862,0.00612097568001689
"Federated: site-specific slopes","moderate",10,"1","Initiate by tau",4,10,492.7,0.980072261241582,1.15980615954107,8.53543737021197,31.0987078593651,58.1653312693051,112.406495022732,0.22772329924786,0.108485817209294,5.39088096633596,0.00789640753522389
"Federated: site-specific slopes","moderate",10,"1","Initiate by tau",5,10,465.6,0.993334056147647,1.4569567690124,9.56857109243956,31.0987078593651,58.1653312693051,97.8896835596424,0.209213545878858,0.102350982893007,5.91706242763498,0.00900699762744774
"Federated: site-specific slopes","moderate",10,"1","Initiate by tau",6,10,443.3,1.0043752547625,1.70194924832332,10.2268828101961,33.4660248475987,58.1653312693051,78.7290781366856,0.176421593640566,0.0975056531674857,6.69354234934395,0.00990784645204421
"Federated: site-specific slopes","moderate",10,"1","Initiate by tau",7,10,424.4,0.999692957746192,2.00228690123949,10.2254030926032,33.4660248475987,58.1653312693051,72.7165591623333,0.170384634755012,0.0948383699057886,6.88795824172921,0.00987915935221747
"Federated: site-specific slopes","moderate",10,"1","Initiate by tau",8,10,403.3,1.00787564192186,2.13404554110769,10.7657564284054,33.4660248475987,58.1653312693051,66.507987068198,0.164036617572851,0.0919651870384506,7.17392431896174,0.0106436990056802
"Federated: site-specific slopes","moderate",10,"1","Initiate by tau",9,10,383.7,1.00547225950217,2.17112773434453,10.9982032473959,33.4660248475987,58.1653312693051,62.0276678644716,0.160584749655224,0.0908735885858686,7.35467000695771,0.0109333556143481
"Federated: site-specific slopes","moderate",10,"1","Initiate by tau",10,10,43.4,4.17353680313271,18.8371397470537,35.8106625305049,33.4660248475987,58.1653312693051,12.7851194990231,0.293462699497989,0.186631033280702,3.6401513216375,0.0994627684053473
"Federated: site-specific slopes","moderate",10,"2","Do not initiate by tau",1,10,769.5,0.908398539149546,0.995622325880432,1.1413412415214,1.57138795955797,3.0908089988459,765.747007770162,0.995102816697046,0.987849282960938,1.00493491373557,0
"Federated: site-specific slopes","moderate",10,"2","Do not initiate by tau",2,10,672.2,0.846752756077271,1.00796652465417,1.28398102338744,2.09141207591789,4.49926535829599,660.778644099138,0.982925301199092,0.967986346880239,1.01743004654743,0
"Federated: site-specific slopes","moderate",10,"2","Do not initiate by tau",3,10,591.4,0.797253796565236,0.999498868596119,1.36525775368438,2.10725432550912,2.57545024406209,577.273173492639,0.975989447705,0.964994386266503,1.02463888114436,0
"Federated: site-specific slopes","moderate",10,"2","Do not initiate by tau",4,10,526.7,0.761863162757483,0.983642839703306,1.38441476081768,2.11158774028697,3.19100226407578,508.602661623211,0.965161601999383,0.930864876146451,1.03646555818338,0
"Federated: site-specific slopes","moderate",10,"2","Do not initiate by tau",5,10,474.9,0.737013836423225,0.969951872942445,1.41095215471868,2.62556959716883,4.58372318415427,449.82011680834,0.946319456985295,0.889628000586154,1.05789211306034,0
"Federated: site-specific slopes","moderate",10,"2","Do not initiate by tau",6,10,433.2,0.713587000835486,0.950397139018392,1.34132773240387,1.98264315206314,4.12107792472556,412.591548226984,0.95165608379402,0.895236178968623,1.05176474056276,0
"Federated: site-specific slopes","moderate",10,"2","Do not initiate by tau",7,10,395.6,0.695807618467079,0.938029799141388,1.34624765655939,1.99842030503053,6.76791639356332,368.891762130611,0.931383339470163,0.81597504044456,1.07803136151023,0
"Federated: site-specific slopes","moderate",10,"2","Do not initiate by tau",8,10,366.3,0.680584868434303,0.926464929215263,1.39114786365052,2.05087297222043,6.11195856895602,340.332292389062,0.92675538521222,0.798884079342403,1.08467907617673,0
"Federated: site-specific slopes","moderate",10,"2","Do not initiate by tau",9,10,341.2,0.666861841779149,0.91281574462301,1.40585415529995,2.22812511134767,6.43330856962262,311.668187745698,0.910961540900828,0.756369545765509,1.10653157214676,0
"Federated: site-specific slopes","moderate",10,"2","Do not initiate by tau",10,10,317.5,0.648826074898439,0.879700930173545,1.34275149486411,2.16732884207992,6.40792848250243,294.809389820973,0.92574205323208,0.781045728024349,1.08922420993053,0
"Federated: site-specific slopes","moderate",10,"2","Initiate by tau",1,10,800,1.02842642026476,1.05861979317852,3.91909963864413,21.775595814808,88.0103949605982,360.152371429961,0.450190464287452,0.121672479946065,3.52828936571988,0.002875
"Federated: site-specific slopes","moderate",10,"2","Initiate by tau",2,10,730.6,1.02165189977742,1.32161997196153,5.89285197615526,25.818343227111,88.0103949605982,267.075106606227,0.365278490344177,0.106423695711288,4.15127092026517,0.00397288630354879
"Federated: site-specific slopes","moderate",10,"2","Initiate by tau",3,10,661.7,1.03740220778055,1.63857782755165,7.3494370576107,29.5717239631191,101.497850586429,187.057703045826,0.283171716319569,0.0803197499676247,5.75098756958298,0.00529528552100744
"Federated: site-specific slopes","moderate",10,"2","Initiate by tau",4,10,606.1,1.06187719136595,2.01288023078759,8.50899073066097,29.5717239631191,101.497850586429,149.513153973546,0.246760179151904,0.0714617767087544,6.75235883337837,0.00679512652411932
"Federated: site-specific slopes","moderate",10,"2","Initiate by tau",5,10,559.5,1.05672292195426,2.16995910657713,8.83322683843492,29.5717239631191,101.497850586429,130.47126798433,0.233634967646335,0.0672895719057456,7.19313926966397,0.0071853349917294
"Federated: site-specific slopes","moderate",10,"2","Initiate by tau",6,10,518,1.06237131293332,2.31985940178783,9.3827425579611,29.3905904862644,101.497850586429,116.521064465202,0.225276782142836,0.0658642667144118,7.41810878189278,0.00835007864754489
"Federated: site-specific slopes","moderate",10,"2","Initiate by tau",7,10,481.6,1.07629701707152,2.51040043465917,10.0230509153179,29.3905904862644,101.497850586429,102.867728867493,0.214686572521647,0.0642994705544674,7.66659415118143,0.00917973432183873
"Federated: site-specific slopes","moderate",10,"2","Initiate by tau",8,10,452.9,1.08938451899021,2.69372780868139,10.4085601091487,29.3905904862644,101.497850586429,92.9273481819566,0.205485696084108,0.0634767784549135,7.85834802974935,0.00974366060939444
"Federated: site-specific slopes","moderate",10,"2","Initiate by tau",9,10,427.2,1.1026226815221,2.9242306733283,10.8294837366351,29.3905904862644,101.497850586429,84.9178486190698,0.199143671861721,0.0619720219249004,8.0932260452664,0.0103494436550392
"Federated: site-specific slopes","moderate",10,"2","Initiate by tau",10,10,85.3,2.79229579551921,10.1442801177155,39.1477239963333,29.3905904862644,101.497850586429,21.4216543356574,0.257923452967883,0.0901435949403567,5.52764274243953,0.0495550739512777
"Federated: site-specific slopes","moderate",10,"3","Do not initiate by tau",1,10,919.5,0.949856940415873,1.14026818262167,1.497319455694,2.62826816085872,5.10188071058258,901.738701043584,0.980667542667263,0.969942866788804,1.01975658603634,0
"Federated: site-specific slopes","moderate",10,"3","Do not initiate by tau",2,10,756.9,0.917747265220661,1.22089720269292,1.87291339653921,4.0305457842718,22.6780965110499,645.453942866738,0.851793041613377,0.59650043364203,1.21244000997109,0.000533422794639956
"Federated: site-specific slopes","moderate",10,"3","Do not initiate by tau",3,10,629.3,0.871152505469874,1.25000744084372,1.89677279970051,3.24806464758204,15.0183976479035,570.559818978854,0.906006104178773,0.755519563944656,1.11546525711161,0.000162866449511401
"Federated: site-specific slopes","moderate",10,"3","Do not initiate by tau",4,10,534.9,0.8471257963868,1.24390736748564,2.07007086874011,3.90227335598687,36.4357466102817,442.898626301738,0.826006421759947,0.44362178441,1.41224959925344,0.000378235378235378
"Federated: site-specific slopes","moderate",10,"3","Do not initiate by tau",5,10,460.4,0.810890523263904,1.21796003550064,2.02684448435859,3.20911596713988,4.86680853718767,415.896934624631,0.903098017100901,0.871748021591826,1.10791899056783,0
"Federated: site-specific slopes","moderate",10,"3","Do not initiate by tau",6,10,411.1,0.787773974022562,1.20528819238756,1.98466640583927,3.17721285561488,4.68517599714541,368.772755865066,0.897333010308502,0.841080401019562,1.1161123267703,0
"Federated: site-specific slopes","moderate",10,"3","Do not initiate by tau",7,10,364.9,0.777525512395412,1.22562350503817,2.15548644872403,3.94501261472405,7.42261021397107,310.659809056149,0.851524400832349,0.782121381859847,1.1783773025168,0
"Federated: site-specific slopes","moderate",10,"3","Do not initiate by tau",8,10,326.1,0.76327231804036,1.25453812783579,2.11739357298589,4.29495679434293,8.812644964714,269.671595259407,0.826617442210694,0.726631123667935,1.21623004568025,0
"Federated: site-specific slopes","moderate",10,"3","Do not initiate by tau",9,10,295.1,0.741822592623566,1.19650098016259,2.00463490380442,4.02808538187723,6.30076117542918,249.001360921285,0.844448453834222,0.75388381848172,1.18905424479527,0
"Federated: site-specific slopes","moderate",10,"3","Do not initiate by tau",10,10,271.9,0.72476199240917,1.15001638478787,1.96675596349441,2.74029416705348,9.26480902844402,226.471985926589,0.832782000857327,0.659944457268308,1.21804821876788,0
"Federated: site-specific slopes","moderate",10,"3","Initiate by tau",1,10,1000,0.989462321226996,1.2709922305408,2.80614715832014,10.4591120899295,19.1398138903487,774.435843790189,0.774435843790189,0.671381149572014,1.30054189304232,5e-04
"Federated: site-specific slopes","moderate",10,"3","Initiate by tau",2,10,889.5,0.987858129222099,1.6109830387446,4.24420233463564,13.4259265933805,22.6780965110499,538.425130084491,0.605915470129898,0.462967013987125,1.702842231334,0.00145502930679996
"Federated: site-specific slopes","moderate",10,"3","Initiate by tau",3,10,783.3,0.982616959090497,1.85623116757743,4.92638697669932,15.0145477222181,33.7526397660489,410.91406781939,0.524329116358084,0.38098841017168,1.98139269374559,0.00178736882763577
"Federated: site-specific slopes","moderate",10,"3","Initiate by tau",4,10,696.2,0.984307566719925,2.06222283980186,5.52838161431756,15.0145477222181,36.4357466102817,324.671919682953,0.466096403448689,0.289190398491741,2.28137652163254,0.00229571613652586
"Federated: site-specific slopes","moderate",10,"3","Initiate by tau",5,10,622.9,0.979459414292238,2.20790695422864,5.85553738189625,15.0145477222181,33.7526397660489,270.348355975078,0.433536400152698,0.313067554717508,2.39010613749576,0.00289544919150495
"Federated: site-specific slopes","moderate",10,"3","Initiate by tau",6,10,567.1,0.980780525858965,2.27837489652155,6.11186980162871,15.5286660448265,33.7526397660489,228.073392261448,0.401652600060754,0.297838347375037,2.58329360978182,0.00336966323056499
"Federated: site-specific slopes","moderate",10,"3","Initiate by tau",7,10,516.8,1.00233110322307,2.47155253909346,6.55772929693353,18.8029431192088,47.4712305520228,179.6018731882,0.346724514259418,0.207366920739931,3.12651384384897,0.00409570979745669
"Federated: site-specific slopes","moderate",10,"3","Initiate by tau",8,10,470.7,1.01050072092998,2.58911351371846,6.87571578594093,18.8029431192088,47.4712305520228,156.471087359891,0.332221173939007,0.196456844468138,3.28199930894624,0.00449209850877356
"Federated: site-specific slopes","moderate",10,"3","Initiate by tau",9,10,435.6,1.01141520236859,2.66144339601546,7.21349906783098,18.8029431192088,47.4712305520228,138.46079565777,0.318099670651867,0.18609002240686,3.44533335076777,0.00486516719105054
"Federated: site-specific slopes","moderate",10,"3","Initiate by tau",10,10,134.3,1.60588095169855,5.66340253157624,15.4266580870041,18.8029431192088,47.4712305520228,39.3462440575017,0.290420808376448,0.171429556423927,3.79715115347378,0.0158328179973716
"Federated: site-specific slopes","moderate",10,"4","Do not initiate by tau",1,10,1025.9,1.02124034921801,1.38468139583712,2.06008017970467,3.88275323935187,5.97699593419941,973.426805085293,0.948802881425738,0.93406248268626,1.05404165743335,0
"Federated: site-specific slopes","moderate",10,"4","Do not initiate by tau",2,10,769.8,1.02648451009894,1.61918023539407,2.87286330012143,6.57625915833923,23.4394755576572,616.938622671214,0.80087830025075,0.598161762562864,1.274040433713,0.000392252766427984
"Federated: site-specific slopes","moderate",10,"4","Do not initiate by tau",3,10,598.1,1.00554567481527,1.71939526278031,3.26476773678515,6.5681057662847,18.3944236246911,455.0693732697,0.759990315168323,0.576174776577635,1.34660269818719,0.000669800689454075
"Federated: site-specific slopes","moderate",10,"4","Do not initiate by tau",4,10,476.6,0.992899172060609,1.71708785945207,3.57120822474494,6.67508966989329,54.6786447547128,325.672807710627,0.682922836754492,0.256939584044528,1.8959936408862,0.000420360813373914
"Federated: site-specific slopes","moderate",10,"4","Do not initiate by tau",5,10,393.7,0.9436096847637,1.62771335396338,3.10456082752354,6.44185812667153,29.4419522091539,280.995433188969,0.715486021233574,0.344026069586382,1.57495657440827,0.000750642285972726
"Federated: site-specific slopes","moderate",10,"4","Do not initiate by tau",6,10,334.3,0.931026861744423,1.59449748221105,2.94708457345596,6.93253948656266,65.6057069717461,225.522357484693,0.677271763547533,0.214308269916643,2.37697566773988,0.000873793009655923
"Federated: site-specific slopes","moderate",10,"4","Do not initiate by tau",7,10,289.1,0.885664555927706,1.60355928558422,2.73892298172155,5.32651897092966,9.83684099130727,224.479389648559,0.775749105119443,0.629943286261231,1.30761636195915,0
"Federated: site-specific slopes","moderate",10,"4","Do not initiate by tau",8,10,252.1,0.871267739131543,1.66482239057829,2.96617835829314,3.90581917687938,8.43238503890143,200.839238661598,0.795901552639119,0.661751828064712,1.27056128199341,0
"Federated: site-specific slopes","moderate",10,"4","Do not initiate by tau",9,10,222.4,0.862670916157871,1.67459332903132,3.19771577361082,4.44684009629674,9.6331977506062,167.242043996518,0.752212761075424,0.606426070514386,1.34829274274565,0
"Federated: site-specific slopes","moderate",10,"4","Do not initiate by tau",10,10,199.5,0.862058012974656,1.69608791261462,3.50625076091147,4.85430938802859,9.78449994937535,143.336808524418,0.719881802760342,0.574874729903594,1.41056963573321,0
"Federated: site-specific slopes","moderate",10,"4","Initiate by tau",1,10,1200,1.0055892366513,1.47099824574852,2.7423897097176,13.723362447513,56.6225341384348,839.880058471478,0.699900048726232,0.395827830229341,1.58281668235926,0.000916666666666667
"Federated: site-specific slopes","moderate",10,"4","Initiate by tau",2,10,1026.2,0.997141369845881,1.81953284049379,3.92810615763789,15.2130321714407,56.6225341384348,581.560758665922,0.566561559512522,0.303369952112428,1.9462627968967,0.0014616917349618
"Federated: site-specific slopes","moderate",10,"4","Initiate by tau",3,10,877.2,0.982168137260375,1.99527089339785,4.20139000897598,15.1239378519015,56.6225341384348,443.934179640917,0.506054792076704,0.287660639754104,2.20513866837642,0.00193840257764935
"Federated: site-specific slopes","moderate",10,"4","Initiate by tau",4,10,754,0.985017821356687,2.11661346755145,4.93864135683512,18.9922119124027,56.6225341384348,318.477710001055,0.421514104874982,0.180976107486172,2.79625988471482,0.00226213043927403
"Federated: site-specific slopes","moderate",10,"4","Initiate by tau",5,10,646.6,0.989430762936847,2.1673441498335,5.56720179387758,21.522858847214,56.6225341384348,245.089303440123,0.378508164625599,0.199176040946511,2.95937140934333,0.00309845645532531
"Federated: site-specific slopes","moderate",10,"4","Initiate by tau",6,10,569,0.992804948190332,2.21954388377164,5.48497200452138,20.5863899772572,65.6057069717461,201.304491496165,0.353717482105921,0.13394766749709,3.55857675029096,0.00335344039712122
"Federated: site-specific slopes","moderate",10,"4","Initiate by tau",7,10,507.2,0.98692687700315,2.31296967370002,5.85762807336182,16.896029875947,56.6225341384348,198.608774429512,0.390382248650176,0.175802315240344,3.02686494101416,0.00336986941091785
"Federated: site-specific slopes","moderate",10,"4","Initiate by tau",8,10,457.3,0.993688866500294,2.43567302885157,6.14532504249715,16.896029875947,56.6225341384348,172.742093573671,0.377074024433639,0.167321446219154,3.14461906698704,0.00373904403876207
"Federated: site-specific slopes","moderate",10,"4","Initiate by tau",9,10,416,1.00014313857047,2.53841252636542,6.51953744502273,16.896029875947,56.6225341384348,148.249536452766,0.356298105733765,0.157812225562203,3.32698006684019,0.00410549922109353
"Federated: site-specific slopes","moderate",10,"4","Initiate by tau",10,10,181.6,1.18498423970944,3.82243280866423,10.0803222069143,16.896029875947,56.6225341384348,50.8059882010363,0.279572616230012,0.119779978028606,4.28038411685902,0.00899270773471982
"Federated: site-specific slopes","moderate",10,"5","Do not initiate by tau",1,10,1060.7,1.15506704418428,1.90280294282504,3.30643991146404,7.5175301877114,11.1176457907809,899.447208661223,0.847748889721754,0.815834790953734,1.1805503782836,9.72762645914397e-05
"Federated: site-specific slopes","moderate",10,"5","Do not initiate by tau",2,10,704.4,1.2419461124357,2.41534436004534,5.09488272387611,16.1020103642768,39.71809987199,430.553984932573,0.609293382771221,0.39806680606601,1.7252490411722,0.00216028001782277
"Federated: site-specific slopes","moderate",10,"5","Do not initiate by tau",3,10,497.4,1.26645681256899,2.55240175444119,5.97381448755634,17.7902410878885,68.9693026752941,237.611993990897,0.47412210434145,0.180726863283002,2.69915852336392,0.00366378654199976
"Federated: site-specific slopes","moderate",10,"5","Do not initiate by tau",4,10,377,1.22263357852889,2.4954616691625,6.44191224179867,18.1147823066081,39.2145974345831,170.338594068032,0.449073557696874,0.274243133132451,2.41962855781188,0.00505873137193614
"Federated: site-specific slopes","moderate",10,"5","Do not initiate by tau",5,10,299.1,1.20304232292164,2.4216069965515,6.07527106902207,12.533464168931,119.616616069626,144.72676679796,0.477018249310085,0.0952495810342525,4.16727201665076,0.00338874672336675
"Federated: site-specific slopes","moderate",10,"5","Do not initiate by tau",6,10,246.6,1.13261278998701,2.22769690695866,5.79803522770744,10.9262633020534,56.2078658790514,123.465979285823,0.495693778505903,0.160956550512474,2.85265041048179,0.00365180540764819
"Federated: site-specific slopes","moderate",10,"5","Do not initiate by tau",7,10,205.1,1.11060666716165,2.23621792065261,5.82223976821591,8.93822764262529,72.2209366507994,107.757091561917,0.518908928237553,0.168415550921913,3.18691294960936,0.00197844197467937
"Federated: site-specific slopes","moderate",10,"5","Do not initiate by tau",8,10,178.4,1.11087924802609,2.17541292483894,7.23925600014716,6.36644948287452,134.557289085315,109.457422742927,0.609009457279794,0.162076531650904,4.5629948879195,0.00232962913375285
"Federated: site-specific slopes","moderate",10,"5","Do not initiate by tau",9,10,155.8,1.14256281548025,2.07087679694013,10.5820512396233,7.70923893901033,169.819489040402,87.6015398765065,0.559035136673767,0.138270551029929,5.69389083395319,0.00205903145987982
"Federated: site-specific slopes","moderate",10,"5","Do not initiate by tau",10,10,137.8,1.20115939234678,2.25235434935738,14.4726143750942,9.98481612003894,208.42178206754,67.4576591443199,0.488133018426754,0.146668276751701,6.47831768466599,0.00434842264711929
"Federated: site-specific slopes","moderate",10,"5","Initiate by tau",1,10,1400,1.00386094059643,1.86336546968428,3.34092398083729,9.50074040591602,27.34959007077,973.914481653694,0.69565320118121,0.591987750429804,1.44721088515657,0.000285714285714286
"Federated: site-specific slopes","moderate",10,"5","Initiate by tau",2,10,1160.4,0.975244417236349,2.136933364598,4.31845799763986,18.0598240487568,39.71809987199,569.360304500579,0.491073468753586,0.348558805022131,2.12393956081479,0.00154655443393675
"Federated: site-specific slopes","moderate",10,"5","Initiate by tau",3,10,938.3,0.957115311853173,2.20228919946211,5.06233672275874,18.8578141617986,68.9693026752941,363.999112861857,0.387537088974117,0.175440369753535,3.08766484684919,0.00224269109005213
"Federated: site-specific slopes","moderate",10,"5","Initiate by tau",4,10,768.3,0.934685116637542,2.15243605211852,5.09747022236032,23.6270146118929,39.2145974345831,292.379135015849,0.37981835101922,0.25339458487694,2.79463161713107,0.00285639088728443
"Federated: site-specific slopes","moderate",10,"5","Initiate by tau",5,10,642.6,0.929074390001442,2.14388506393627,4.7878594485235,20.3763284490914,119.616616069626,235.518509147173,0.364567252053899,0.0990506059712568,4.63252255583434,0.00201839822460188
"Federated: site-specific slopes","moderate",10,"5","Initiate by tau",6,10,544.2,0.914283042872873,2.13843007052655,5.01813121953065,18.4134651436107,56.2078658790514,210.407585971772,0.385569912063109,0.174588945438075,3.13967745369606,0.00219364830220907
"Federated: site-specific slopes","moderate",10,"5","Initiate by tau",7,10,471.9,0.912609031504152,2.16686346500375,4.93391609870419,19.2333380072849,72.2209366507994,180.23980458929,0.380113257243183,0.147270149304994,3.52945878332465,0.00147874467932132
"Federated: site-specific slopes","moderate",10,"5","Initiate by tau",8,10,419.7,0.923087782370642,2.19978421432624,5.16285720560952,10.9139716378755,134.557289085315,171.838427529619,0.406280152174321,0.117007692527493,5.25505200920296,0.00165793859314316
"Federated: site-specific slopes","moderate",10,"5","Initiate by tau",9,10,377.6,0.954634802132174,2.22035260400274,5.38378729560094,14.5588286798569,169.819489040402,138.39302657915,0.363739100079243,0.103758468896561,6.75034977573694,0.00186263077901267
"Federated: site-specific slopes","moderate",10,"5","Initiate by tau",10,10,203.3,0.84008132371323,2.5877558657391,6.15205668520943,8.32464362397109,27.5212893741669,76.5203533754993,0.377248699016827,0.194137250603287,2.93338043596056,0.00141136281912981
"Federated: site-specific slopes","moderate",15,"1","Do not initiate by tau",1,10,589.2,0.889274384006927,0.92669357789146,0.991717638611708,1.08329276751564,1.390375535802,588.731803654771,0.999203937875697,0.998290229213848,1.00079694284559,0
"Federated: site-specific slopes","moderate",15,"1","Do not initiate by tau",2,10,542.9,0.808258249081632,0.872267645026776,0.990054443408645,1.16772752750857,1.55081185047124,541.431481541284,0.997285059961317,0.994852217580464,1.0027245003224,0
"Federated: site-specific slopes","moderate",15,"1","Do not initiate by tau",3,10,501.3,0.753484925883303,0.831630887045005,0.978745027368876,1.3630532314971,2.12908360130594,498.171640245116,0.993732520486672,0.986866466780191,1.00632146300235,0
"Federated: site-specific slopes","moderate",15,"1","Do not initiate by tau",4,10,464.8,0.713347734096282,0.798351256642539,0.960396131831334,1.39036168461661,1.97791807404661,461.427251049739,0.992731155229828,0.989141109152261,1.0073309931133,0
"Federated: site-specific slopes","moderate",15,"1","Do not initiate by tau",5,10,433.1,0.682518472011958,0.782147130381968,0.960466645440508,1.20898793924024,2.23737744911886,428.856948246644,0.990173730205698,0.980989339635568,1.00995328822401,0
"Federated: site-specific slopes","moderate",15,"1","Do not initiate by tau",6,10,407,0.658879084638808,0.760563400692314,0.951870989212704,1.24508630718036,1.75283392539026,402.93630152198,0.989958684939465,0.980693229510511,1.01016667451553,0
"Federated: site-specific slopes","moderate",15,"1","Do not initiate by tau",7,10,385.4,0.637961647183104,0.742998855700021,0.943250568683603,1.26850988193965,2.11345509920558,380.625045402866,0.987635961414103,0.976974472018556,1.01255676539843,0
"Federated: site-specific slopes","moderate",15,"1","Do not initiate by tau",8,10,363.9,0.619722182045701,0.730568836746087,0.918700800859087,1.33550133854895,2.04820726221321,358.802762077927,0.985954921331169,0.975353024131464,1.01429209871144,0
"Federated: site-specific slopes","moderate",15,"1","Do not initiate by tau",9,10,345.3,0.603836936655128,0.717455282842575,0.887840494635537,1.04670234255755,2.24849542364342,340.477023376771,0.985889125533918,0.966678395113256,1.01441363169687,0
"Federated: site-specific slopes","moderate",15,"1","Do not initiate by tau",10,10,328,0.591840022167615,0.705332963836924,0.881113745857923,1.08167077287956,1.37728028927956,324.03929766642,0.987844149206669,0.983314113253526,1.01231949541795,0
"Federated: site-specific slopes","moderate",15,"1","Do not initiate by tau",11,10,311.6,0.58164723794229,0.70285220046873,0.891907432067295,1.15795853854939,1.27259968253945,306.943422281935,0.984995374437605,0.974892436296146,1.0152664760783,0
"Federated: site-specific slopes","moderate",15,"1","Do not initiate by tau",12,10,296.9,0.571700365432599,0.69526963501673,0.898817088671197,1.14138860016381,1.41164571766115,292.065892357348,0.983620304759378,0.969498926436128,1.01671977716218,0
"Federated: site-specific slopes","moderate",15,"1","Do not initiate by tau",13,10,283.7,0.560450846570598,0.684648134286579,0.878319214767748,0.937305077051736,1.36271081391612,279.469222637583,0.985005917496339,0.974310259588739,1.01526930553309,0
"Federated: site-specific slopes","moderate",15,"1","Do not initiate by tau",14,10,270.1,0.550639855173628,0.675268049482574,0.878837809955152,0.956970004449096,1.36496103940307,265.634610971858,0.983364124782976,0.968712494717228,1.01699275969003,0
"Federated: site-specific slopes","moderate",15,"1","Do not initiate by tau",15,10,260,0.540093366142713,0.661627176928814,0.853226442405557,0.974766408564862,1.24515061354255,255.586414242804,0.982928184652036,0.967594242119124,1.01745041136508,0
"Federated: site-specific slopes","moderate",15,"1","Initiate by tau",1,10,600,0.989186373664555,0.938208028588622,3.35130326720328,19.1510309719259,49.4492619122558,299.663062099953,0.499438436833255,0.178047451638685,2.64527179141858,0.003
"Federated: site-specific slopes","moderate",15,"1","Initiate by tau",2,10,561.7,1.00864398471505,0.923157772561171,6.60489390711131,25.3588086341624,120.404510668201,163.311365851627,0.29124244198811,0.0555760531687352,6.45134359457909,0.00568997794751959
"Federated: site-specific slopes","moderate",15,"1","Initiate by tau",3,10,526.4,1.02678936662595,0.985265966838074,8.98793385129704,26.0212539076873,120.404510668201,117.572048798248,0.225034620712858,0.0520234763088839,7.67033946785952,0.00813786592569338
"Federated: site-specific slopes","moderate",15,"1","Initiate by tau",4,10,494,1.02495569309384,1.11092279738929,10.0678217173229,26.0212539076873,120.404510668201,97.1841565101519,0.197244125174093,0.0492662928007211,8.29241459526206,0.00949726193417147
"Federated: site-specific slopes","moderate",15,"1","Initiate by tau",5,10,466,1.02054423563494,1.25944159100307,10.458949383981,26.0212539076873,120.404510668201,84.9923093188384,0.183092539495717,0.0463662560270832,8.81381095793678,0.009857607168687
"Federated: site-specific slopes","moderate",15,"1","Initiate by tau",6,10,442.1,1.00130106721993,1.4085166327555,10.7400002523287,26.0212539076873,120.404510668201,78.616703810977,0.179277309920253,0.0435634567501997,9.1684095725711,0.00948757469540307
"Federated: site-specific slopes","moderate",15,"1","Initiate by tau",7,10,421.9,1.02178662692335,1.61131879496013,13.1326150328393,26.0212539076873,120.404510668201,69.1218715056724,0.165082633958096,0.0435391413537548,9.48359218103939,0.0108975621412553
"Federated: site-specific slopes","moderate",15,"1","Initiate by tau",8,10,402,1.03171843923511,1.83706195185636,13.8165525235161,26.0212539076873,120.404510668201,63.7340682077774,0.159656937809639,0.0428135680827092,9.71491139806029,0.0119409915821879
"Federated: site-specific slopes","moderate",15,"1","Initiate by tau",9,10,384.4,1.04064366683092,1.95632154300493,14.5494675555097,26.0212539076873,120.404510668201,59.3196636629895,0.15545214223165,0.0421961942655217,9.92198376729208,0.0130030165228139
"Federated: site-specific slopes","moderate",15,"1","Initiate by tau",10,10,367.7,1.05443091612541,2.0936201836604,15.7004216334537,26.0212539076873,120.404510668201,54.513647155029,0.149530323543317,0.042509384157053,10.0666895685015,0.0138611876363342
"Federated: site-specific slopes","moderate",15,"1","Initiate by tau",11,10,352.9,1.06152579226153,2.21409933400221,15.9853636018217,26.0212539076873,120.404510668201,50.5851652461135,0.144774531896714,0.0424799500844671,10.1837100772805,0.014129272657827
"Federated: site-specific slopes","moderate",15,"1","Initiate by tau",12,10,338.9,1.06824148087784,2.32264263652243,16.4131025957891,26.0212539076873,120.404510668201,47.6442524082727,0.142047860706287,0.0421788260975905,10.3534085578536,0.0144189320430671
"Federated: site-specific slopes","moderate",15,"1","Initiate by tau",13,10,325.8,1.0744567513192,2.44526033995591,16.8794112332803,26.0212539076873,120.404510668201,44.6946210448797,0.138414899836146,0.0417476104872587,10.5546057263225,0.0150234446918231
"Federated: site-specific slopes","moderate",15,"1","Initiate by tau",14,10,311.8,1.08441052273754,2.57095326505573,17.3358184764002,26.0212539076873,120.404510668201,41.8340692194235,0.13562338412695,0.0419128621173131,10.6570345508056,0.0153771558382562
"Federated: site-specific slopes","moderate",15,"1","Initiate by tau",15,10,41.8,4.63843145312445,21.0154145056847,43.2516168198477,26.0212539076873,120.404510668201,12.137205045542,0.295859388247294,0.132743626061145,4.06723378121407,0.118807810546941
"Federated: site-specific slopes","moderate",15,"2","Do not initiate by tau",1,10,768.7,0.90888218136309,0.992494810309776,1.11199217962245,1.42754470207961,1.90423632865318,766.299839957981,0.99686670787359,0.994703212738172,1.00314525606766,0
"Federated: site-specific slopes","moderate",15,"2","Do not initiate by tau",2,10,675.1,0.843409470869712,0.990687288106988,1.209875568491,1.64107619905046,2.6870160161511,667.207686789423,0.9882605578761,0.978854853415886,1.01191274857264,0
"Federated: site-specific slopes","moderate",15,"2","Do not initiate by tau",3,10,592.4,0.797604375176655,0.985454081206489,1.26634601052641,2.08170235530504,5.16983302124671,575.312829168505,0.971285814151861,0.934651710284614,1.02996164993454,0
"Federated: site-specific slopes","moderate",15,"2","Do not initiate by tau",4,10,529.3,0.762286263909452,0.966838347180037,1.30445764966445,1.89555116847698,8.37137665487962,508.26925972631,0.960314319273868,0.880651967179591,1.04374122249316,0
"Federated: site-specific slopes","moderate",15,"2","Do not initiate by tau",5,10,475.5,0.732454528213988,0.947724819457569,1.31077319211346,1.94082066879321,2.57601512462167,460.888783501164,0.969223722370748,0.959967806049724,1.03178792304637,0
"Federated: site-specific slopes","moderate",15,"2","Do not initiate by tau",6,10,433.4,0.716102421899473,0.950637494015739,1.38486261422825,2.37972049155499,3.62446759600473,413.197696668034,0.9533167144655,0.933304679728326,1.0491633615887,0
"Federated: site-specific slopes","moderate",15,"2","Do not initiate by tau",7,10,396.7,0.692607657795806,0.930420369744222,1.28761990849966,2.01887342928081,3.58896648885148,378.823608072614,0.955060561815743,0.929092937526621,1.04737537545886,0
"Federated: site-specific slopes","moderate",15,"2","Do not initiate by tau",8,10,363.7,0.682379038368182,0.938083048712762,1.35304013031558,2.12105539280435,6.05997106622092,336.953910234702,0.926012668614625,0.827334082014076,1.08323556517036,0
"Federated: site-specific slopes","moderate",15,"2","Do not initiate by tau",9,10,336,0.666322610979956,0.920800825110133,1.28401336299214,1.84215698506917,11.8903473030764,306.474091540148,0.911352862372041,0.685813999903586,1.12943770580963,0.000303951367781155
"Federated: site-specific slopes","moderate",15,"2","Do not initiate by tau",10,10,315.4,0.649921351403993,0.900754895999168,1.2901373787057,1.98559365511974,3.02153885929286,298.66420126864,0.947160175250526,0.920099148181757,1.05621607554425,0
"Federated: site-specific slopes","moderate",15,"2","Do not initiate by tau",11,10,296.6,0.636903962214272,0.8946962712522,1.25092974393687,1.56678959308948,3.01442598193214,280.554063831295,0.946143571748014,0.91266507852763,1.05761321986641,0
"Federated: site-specific slopes","moderate",15,"2","Do not initiate by tau",12,10,278.8,0.627478667847047,0.89892841170332,1.25964732986135,1.5966698072042,3.14244171127699,263.905911832023,0.946671477815517,0.925144739167582,1.05665857475605,0
"Federated: site-specific slopes","moderate",15,"2","Do not initiate by tau",13,10,261.6,0.620267257878186,0.898543738810758,1.29605896507372,1.77546318767589,2.82010865638394,246.221219875624,0.940703469062943,0.901696034416736,1.06373334468011,0
"Federated: site-specific slopes","moderate",15,"2","Do not initiate by tau",14,10,245.7,0.611268324390824,0.904407581839198,1.36706754854665,2.00242321298332,3.0581344943057,228.280778068085,0.928895038107941,0.885804965699501,1.07754291664577,0
"Federated: site-specific slopes","moderate",15,"2","Do not initiate by tau",15,10,231.9,0.604795059897096,0.88377325630746,1.41078406241174,2.23648374084989,4.1126829195958,210.917059586769,0.90929446626686,0.832773007718252,1.10272880264236,0
"Federated: site-specific slopes","moderate",15,"2","Initiate by tau",1,10,800,1.01295622924132,1.04432849853682,4.02285476433939,17.048116733339,149.544225412902,439.897124119452,0.549871405149315,0.168899779239089,3.78882015241588,0.00225
"Federated: site-specific slopes","moderate",15,"2","Initiate by tau",2,10,730,1.00854502496545,1.25662066338542,5.25226526775202,22.673983004386,149.544225412902,299.203482705624,0.410072624709601,0.123842963949864,4.5279105397378,0.00314872330139015
"Federated: site-specific slopes","moderate",15,"2","Initiate by tau",3,10,661.7,1.01890505492792,1.65768223846997,6.18392618917105,24.3760912952834,149.544225412902,211.32853839188,0.319703346382696,0.113953624868858,5.16789948674894,0.00422241837777583
"Federated: site-specific slopes","moderate",15,"2","Initiate by tau",4,10,607.2,1.02021906224574,2.03895983705204,6.89641267733317,24.3760912952834,149.544225412902,188.47388101353,0.310817593799894,0.104118512712304,5.59194863365749,0.0049354513185035
"Federated: site-specific slopes","moderate",15,"2","Initiate by tau",5,10,558.6,1.02187254932527,2.24975214241588,7.47033912161095,23.0465160900895,149.544225412902,163.589565126481,0.29222067363778,0.100223996950165,5.68067535218094,0.00536715308902925
"Federated: site-specific slopes","moderate",15,"2","Initiate by tau",6,10,521.4,1.03163241591012,2.43006424415721,7.56482768194282,27.1473225374018,149.544225412902,135.011611171018,0.257954580109176,0.0953642679302578,6.15920970239615,0.00577451097395449
"Federated: site-specific slopes","moderate",15,"2","Initiate by tau",7,10,483.7,1.03475797994348,2.56865406113912,7.79521112288906,27.1473225374018,149.544225412902,119.904474287925,0.246905537194629,0.0917840817982541,6.43870538662001,0.00601105226093688
"Federated: site-specific slopes","moderate",15,"2","Initiate by tau",8,10,454.1,1.04271384735743,2.66483252154459,8.20998402696364,27.1473225374018,149.544225412902,107.394587101746,0.236236200279324,0.0889027526346856,6.64593096003475,0.00637662958634304
"Federated: site-specific slopes","moderate",15,"2","Initiate by tau",9,10,426.9,1.04698799139376,2.73288026302012,8.88120109238803,27.1473225374018,149.544225412902,95.7051783582022,0.223953151842992,0.0852327123837155,6.96949762744608,0.00724422797801456
"Federated: site-specific slopes","moderate",15,"2","Initiate by tau",10,10,402.3,1.04900406191688,2.79022243298094,9.19038203520073,27.1473225374018,149.544225412902,88.1156258583294,0.218389635065546,0.0830545265235337,7.17334497691594,0.00743743067518193
"Federated: site-specific slopes","moderate",15,"2","Initiate by tau",11,10,382.8,1.05468093051837,2.88152767762266,9.30147020327715,27.1473225374018,149.544225412902,80.9419666719654,0.210609458674171,0.0804071625042323,7.36190611864096,0.00785136314007063
"Federated: site-specific slopes","moderate",15,"2","Initiate by tau",12,10,363.1,1.06328509549959,2.9362553365744,9.48611428453528,27.1473225374018,149.544225412902,74.9814881212797,0.205264701243029,0.0792917494786226,7.5444398500264,0.00830790426795913
"Federated: site-specific slopes","moderate",15,"2","Initiate by tau",13,10,345.2,1.07153976795128,3.00300455459366,9.77149066348269,27.1473225374018,149.544225412902,68.9114521520076,0.19870308838591,0.0789823194872176,7.67488007482784,0.00873461961799135
"Federated: site-specific slopes","moderate",15,"2","Initiate by tau",14,10,326.8,1.08156396524846,3.14768187127158,10.1316488411845,27.1473225374018,149.544225412902,63.6819444975139,0.193410925209705,0.0765700299935521,7.79843011458556,0.00924609246993075
"Federated: site-specific slopes","moderate",15,"2","Initiate by tau",15,10,80.2,2.51635873470994,9.15330450875124,35.2546524717372,27.1473225374018,149.544225412902,20.5325002924177,0.25657687595381,0.100313950318007,5.18694519665968,0.0393605497691302
"Federated: site-specific slopes","moderate",15,"3","Do not initiate by tau",1,10,922.9,0.946566511038672,1.14378649294992,1.47742997975715,2.49224387421661,4.70380257779682,906.563203498126,0.982266406405134,0.971611407788458,1.01809086974197,0
"Federated: site-specific slopes","moderate",15,"3","Do not initiate by tau",2,10,753.7,0.906324748381901,1.22002228717546,1.85832612301046,3.5220750105212,5.44475574199397,711.817132017865,0.944344320152395,0.918151768785112,1.05923517166333,0
"Federated: site-specific slopes","moderate",15,"3","Do not initiate by tau",3,10,627.9,0.872653404206483,1.2612359134322,2.0369427421813,3.4242969939512,6.79377233280866,569.048184751887,0.906135137949007,0.854180261782432,1.10551008485357,0
"Federated: site-specific slopes","moderate",15,"3","Do not initiate by tau",4,10,532.2,0.839613508648565,1.22820967621071,1.94438398317613,4.37890454870057,7.57999416719617,471.791888418836,0.886692555495096,0.841156751157791,1.12885899844962,0
"Federated: site-specific slopes","moderate",15,"3","Do not initiate by tau",5,10,457.2,0.806286114080606,1.21225096439174,1.93059890644683,3.67837694335555,6.69294298711037,406.976527223665,0.889796348634953,0.820806384683889,1.12582740722989,0
"Federated: site-specific slopes","moderate",15,"3","Do not initiate by tau",6,10,401.7,0.790397752961804,1.20945714894635,1.94186781536512,3.80943768433577,13.7877554646384,334.679991296314,0.83046453025031,0.609529006616905,1.23573649998109,0.000515108524151099
"Federated: site-specific slopes","moderate",15,"3","Do not initiate by tau",7,10,357.7,0.774581652957839,1.17804780895262,1.99915240808255,4.2752669802308,20.706939004475,284.959795820002,0.791473768408957,0.405050309890857,1.39234037901308,0.00059954832234012
"Federated: site-specific slopes","moderate",15,"3","Do not initiate by tau",8,10,324.4,0.74646123153402,1.15521993664988,1.87847725651234,2.73056182328783,8.4887695283983,279.619663551,0.858961006485064,0.687278303681475,1.17872536145611,0
"Federated: site-specific slopes","moderate",15,"3","Do not initiate by tau",9,10,297.4,0.735509326331803,1.15282072500661,1.99399200458719,2.6019992207485,14.4455271705066,252.392574903866,0.848167673768117,0.571724979130603,1.24667559116321,0.000337837837837838
"Federated: site-specific slopes","moderate",15,"3","Do not initiate by tau",10,10,272.9,0.729274981981048,1.17300304001617,2.19289198939093,3.5419889713967,10.4045991208402,225.386089612309,0.825658060235094,0.636499224295514,1.23510630540519,0.000363636363636364
"Federated: site-specific slopes","moderate",15,"3","Do not initiate by tau",11,10,248.1,0.723283596033379,1.19072777645171,2.35540545042289,3.11307414856591,11.5639369465568,202.427489453258,0.816378399263572,0.535554964382427,1.28433875202554,0.000393700787401575
"Federated: site-specific slopes","moderate",15,"3","Do not initiate by tau",12,10,232,0.707772277056769,1.15691832717073,2.11092105597208,3.12395181992316,12.3829058221142,188.912544639239,0.814226387558205,0.545361556879308,1.27816043915868,0.000425531914893617
"Federated: site-specific slopes","moderate",15,"3","Do not initiate by tau",13,10,215.9,0.69439148200957,1.13992735175405,2.12931049702322,2.76589875647251,7.20827671796132,183.291567553971,0.847874236289154,0.679868033249806,1.1957933014085,0
"Federated: site-specific slopes","moderate",15,"3","Do not initiate by tau",14,10,198.7,0.68342280734246,1.10535906477885,2.06172416561779,2.86960878922416,8.1905736936558,165.632343915912,0.832650920065566,0.650399850816251,1.22105062074099,0
"Federated: site-specific slopes","moderate",15,"3","Do not initiate by tau",15,10,184.2,0.675191009390489,1.1450443518398,1.95461227091043,2.70642445645048,4.35161357308751,157.058327961826,0.853262338193099,0.790752249128086,1.17529670618848,0
"Federated: site-specific slopes","moderate",15,"3","Initiate by tau",1,10,1000,1.00213486840602,1.26200353907062,3.05814355893156,13.9462408902475,35.4821629538664,662.986134284417,0.662986134284417,0.405296363580128,1.60402007808613,0.0015
"Federated: site-specific slopes","moderate",15,"3","Initiate by tau",2,10,882.7,0.997751515886111,1.63800749794738,4.39266466386839,15.3247606662894,35.4821629538664,482.7987646095,0.546710521851457,0.341269876764233,1.94252555357418,0.00226485533429839
"Federated: site-specific slopes","moderate",15,"3","Initiate by tau",3,10,780.7,0.991308753720173,1.84405593440086,5.22537637516664,15.3247606662894,35.4821629538664,378.346363681692,0.48426831720568,0.303736103877995,2.18899839886596,0.00269532547590587
"Federated: site-specific slopes","moderate",15,"3","Initiate by tau",4,10,691.3,0.987530690497495,2.04088649796865,5.5431768067021,15.3247606662894,35.4821629538664,308.316862881777,0.44541449059091,0.2753166471092,2.39154195559374,0.00318986330415601
"Federated: site-specific slopes","moderate",15,"3","Initiate by tau",5,10,616.9,0.987077027645576,2.1916795003932,5.78109122638936,15.3247606662894,35.4821629538664,257.797618441694,0.417220220853878,0.249552960516411,2.57624087334602,0.0035751957256824
"Federated: site-specific slopes","moderate",15,"3","Initiate by tau",6,10,558.5,0.992174219122666,2.28882229280861,6.43900172082131,15.3551566023691,35.4821629538664,216.34248331628,0.386934100179464,0.229678651349287,2.78299484482952,0.00448508823480122
"Federated: site-specific slopes","moderate",15,"3","Initiate by tau",7,10,511.1,0.993192608406987,2.3727938164373,7.03913852323394,15.3551566023691,35.4821629538664,188.11656430789,0.367705380494435,0.205207022169702,2.96614257111079,0.00490604876564375
"Federated: site-specific slopes","moderate",15,"3","Initiate by tau",8,10,469.4,0.993968345599738,2.4586706964019,7.02844188548182,15.3551566023691,35.4821629538664,170.680853785804,0.362689529098339,0.210227501542025,2.98081602796882,0.00472067335142265
"Federated: site-specific slopes","moderate",15,"3","Initiate by tau",9,10,435.5,1.00875737509903,2.55922951558812,7.30140623550354,15.3551566023691,35.4821629538664,150.030986566885,0.343848105856477,0.196737611695819,3.16921721504749,0.0055389113369932
"Federated: site-specific slopes","moderate",15,"3","Initiate by tau",10,10,405.2,1.020398413755,2.78581220428416,7.73703767190392,15.3551566023691,35.4821629538664,135.71087009802,0.334223158793164,0.194371350081443,3.25675804327786,0.00594653029864877
"Federated: site-specific slopes","moderate",15,"3","Initiate by tau",11,10,379.1,1.0122904762599,2.8003236078044,8.0227870435595,15.3247606662894,35.4821629538664,127.241395971788,0.334360606851557,0.199265947896411,3.22392157765677,0.00611484526290296
"Federated: site-specific slopes","moderate",15,"3","Initiate by tau",12,10,358.9,1.00332533613215,2.85294538164594,8.12272369947056,14.8129789588798,35.4821629538664,118.932607888743,0.330465388845014,0.193300090955436,3.2697632856124,0.0061612660103084
"Federated: site-specific slopes","moderate",15,"3","Initiate by tau",13,10,338.1,1.00197609340192,2.94345366166684,7.6508440045985,14.8129789588798,35.4821629538664,111.603488788718,0.329416723703837,0.189225502916139,3.29364682444198,0.00562372458132778
"Federated: site-specific slopes","moderate",15,"3","Initiate by tau",14,10,317.4,1.01447515050256,3.07338106250349,7.8389133491454,14.8129789588798,35.4821629538664,102.445494500569,0.322713141283329,0.182652343234111,3.3760391704552,0.00597134343798415
"Federated: site-specific slopes","moderate",15,"3","Initiate by tau",15,10,115.3,1.56948405000338,5.59791148555176,14.819568311569,14.8129789588798,35.4821629538664,36.5810876502242,0.318760808031827,0.189737914749252,3.37445262275438,0.0163937350421067
"Federated: site-specific slopes","moderate",15,"4","Do not initiate by tau",1,10,1025.7,1.02080861370736,1.39067008366943,2.05799405416351,3.56128137353498,8.55970391215312,969.161855480693,0.944830700147798,0.893879586591967,1.05916504297918,0
"Federated: site-specific slopes","moderate",15,"4","Do not initiate by tau",2,10,770,1.03512867451837,1.68762464620937,3.05083422549224,6.16290373532014,18.4803248463509,621.993338321373,0.807149690808134,0.652602620668073,1.25530398878273,0.000521660455371536
"Federated: site-specific slopes","moderate",15,"4","Do not initiate by tau",3,10,588.5,1.01634679314669,1.7091770728021,3.41661222159905,7.9785207498042,28.3674731191191,417.136543208092,0.707168340032534,0.468010636839796,1.47480800836441,0.000517036825683176
"Federated: site-specific slopes","moderate",15,"4","Do not initiate by tau",4,10,471.3,0.989059028004288,1.72517892335698,3.24788769780439,8.81661697603181,45.0981135461981,313.129509745202,0.66381898000127,0.297497203469427,1.79348453389233,0.000848911181662944
"Federated: site-specific slopes","moderate",15,"4","Do not initiate by tau",5,10,389.6,0.948058165583123,1.71621001355579,3.15568951345792,5.86427121671832,14.2712587579901,290.228896130471,0.745069623134893,0.611507438121949,1.35999610602818,0.000768372214700243
"Federated: site-specific slopes","moderate",15,"4","Do not initiate by tau",6,10,332.6,0.932852543899944,1.69520213911252,3.05625542569393,6.05767573584979,28.4599219677139,229.418683314595,0.691204467492655,0.361779098864384,1.60204339367492,0.000905715633260576
"Federated: site-specific slopes","moderate",15,"4","Do not initiate by tau",7,10,287.1,0.919012257213869,1.67998251193173,3.40744598307216,5.93694390796597,51.0494472355299,195.643832842359,0.68577371619857,0.274058977755398,2.07209143884902,0.000654708327975655
"Federated: site-specific slopes","moderate",15,"4","Do not initiate by tau",8,10,248.1,0.882554225978742,1.64903184823738,3.40269949594596,4.37016822643318,7.15018882419707,191.168987610362,0.767233236460364,0.639520139322097,1.31652722791468,0
"Federated: site-specific slopes","moderate",15,"4","Do not initiate by tau",9,10,220.2,0.887252795154811,1.62774838351323,3.79841935974084,5.97840032946947,12.7313256115985,150.582920755527,0.680028283638857,0.45045034708525,1.53676877064871,0.000978018102738921
"Federated: site-specific slopes","moderate",15,"4","Do not initiate by tau",10,10,197.1,0.878546654832792,1.68722507164049,4.01186007431992,5.69569908822145,15.8449976300648,132.14942546156,0.660628205475284,0.362317569120674,1.64481760603933,0.00114541182613236
"Federated: site-specific slopes","moderate",15,"4","Do not initiate by tau",11,10,179.1,0.854884291685257,1.6222532544811,3.93460974060551,5.17603949092565,17.7621504961074,121.376982891423,0.67107026311163,0.389966605114619,1.62877954315617,0.000680272108843537
"Federated: site-specific slopes","moderate",15,"4","Do not initiate by tau",12,10,164.6,0.840835915130179,1.64847095189825,3.40611718141395,5.09387933908538,11.0022738818687,113.634421276467,0.689442078497319,0.507448390542922,1.49982457481444,0.000613496932515337
"Federated: site-specific slopes","moderate",15,"4","Do not initiate by tau",13,10,151.1,0.806521833531122,1.57618974125365,3.20142593535349,3.94718902754657,7.16050227441781,113.079916854568,0.753309624928264,0.63455304699736,1.34291400817536,0
"Federated: site-specific slopes","moderate",15,"4","Do not initiate by tau",14,10,138.2,0.80096131327428,1.60073238971237,3.23258156939353,3.74275556637971,8.63898643754235,100.87887060396,0.733164736872166,0.552914213014369,1.40135247077111,0
"Federated: site-specific slopes","moderate",15,"4","Do not initiate by tau",15,10,126.3,0.804769316101364,1.66452614138448,3.43775607954509,3.26739908936595,10.6495924821767,89.8805186966088,0.715278604704032,0.459976443660763,1.46739141351619,0.000746268656716418
"Federated: site-specific slopes","moderate",15,"4","Initiate by tau",1,10,1200,0.995634008955218,1.48315426593062,2.66852015607487,8.50874135529776,18.9397752216681,947.75721355625,0.789797677963542,0.65480579463381,1.27985749451843,0.000416666666666667
"Federated: site-specific slopes","moderate",15,"4","Initiate by tau",2,10,1033.2,0.996157050984586,1.86446476339904,3.89196390271287,17.2803848788909,33.852746062025,601.40067804516,0.582185665242335,0.407778051887834,1.80427294125248,0.00125727911741054
"Federated: site-specific slopes","moderate",15,"4","Initiate by tau",3,10,870.4,0.98454331141901,1.98536534100392,4.65524967240311,11.7456255715105,33.852746062025,450.279315944707,0.517219362726741,0.304019747203416,2.11442364134664,0.00149604388865556
"Federated: site-specific slopes","moderate",15,"4","Initiate by tau",4,10,740.8,0.978803068685678,2.06131982378273,4.64913099171359,21.0114223925354,45.0981135461981,332.513950629286,0.448807477740489,0.263387879942856,2.46886359979953,0.00189812125931383
"Federated: site-specific slopes","moderate",15,"4","Initiate by tau",5,10,642.8,0.973706995262667,2.20743127738043,4.8937688126434,12.6441414760589,33.852746062025,301.62839686255,0.469438962893439,0.278941606623501,2.31983962849228,0.00218789435525114
"Federated: site-specific slopes","moderate",15,"4","Initiate by tau",6,10,567,0.979412125932824,2.24555896122642,5.14634267831603,15.5174110576379,33.852746062025,242.477817227843,0.427388427734537,0.247467734391887,2.57994914540126,0.00248346806935081
"Federated: site-specific slopes","moderate",15,"4","Initiate by tau",7,10,504.3,0.983893363515414,2.30464825813199,5.98391883994653,11.9103125781357,51.0494472355299,214.118566469862,0.425112814114572,0.174418384196061,2.89862690933782,0.00257291309081035
"Federated: site-specific slopes","moderate",15,"4","Initiate by tau",8,10,454,0.973472157979857,2.34864818458547,5.64597539877126,9.89282607140522,33.852746062025,192.276054369438,0.422740615326996,0.224413455765601,2.66795693423249,0.00242883981534036
"Federated: site-specific slopes","moderate",15,"4","Initiate by tau",9,10,414.3,0.983985491145716,2.44235786601651,6.77083936463054,11.7906881833206,33.852746062025,167.296501368326,0.403001137730068,0.214829758387042,2.81225516872315,0.00317561682738005
"Federated: site-specific slopes","moderate",15,"4","Initiate by tau",10,10,380.5,0.991358935162961,2.49579659715986,7.26474863809362,15.7195030125004,33.852746062025,142.706775808506,0.373942138386889,0.203565534267151,3.03079022572419,0.00372745990725053
"Federated: site-specific slopes","moderate",15,"4","Initiate by tau",11,10,350.6,0.993701825081594,2.55072312534022,7.79831448444135,14.306100625575,33.852746062025,130.807910666731,0.372232559342781,0.193191102207336,3.10470948200144,0.0037314328419426
"Federated: site-specific slopes","moderate",15,"4","Initiate by tau",12,10,325.5,1.00089521480773,2.64920968146665,8.32547229343692,10.0240119853027,33.852746062025,121.517532012519,0.374002844348932,0.183987764108989,3.11950601588464,0.00397335407313963
"Federated: site-specific slopes","moderate",15,"4","Initiate by tau",13,10,304,1.00039090399001,2.69523305139951,8.2793721570149,9.89282607140522,33.852746062025,113.002023327933,0.370902050528161,0.178839167581753,3.18397298509704,0.00396817031395414
"Federated: site-specific slopes","moderate",15,"4","Initiate by tau",14,10,284.1,1.00813406976765,2.70382136716194,8.63242091607076,9.89282607140522,33.852746062025,101.519891469734,0.356863880477838,0.173563268167139,3.29781217027775,0.00423787040858972
"Federated: site-specific slopes","moderate",15,"4","Initiate by tau",15,10,141.7,1.2113468596519,3.77655240380077,12.0683506208003,9.89282607140522,33.852746062025,44.9303347769492,0.314322061813224,0.144643049256673,3.79388826102438,0.00805755175931264
"Federated: site-specific slopes","moderate",15,"5","Do not initiate by tau",1,10,1060.2,1.15171342576256,1.88307524448254,3.11507635664682,6.73520411899661,8.69793807988308,912.127573591798,0.860389115927686,0.812604997230348,1.16332058470691,0
"Federated: site-specific slopes","moderate",15,"5","Do not initiate by tau",2,10,703.8,1.24231678190354,2.35985809272739,4.93446065120438,15.2260136655057,59.233512741589,412.0774877281,0.585617420993174,0.301003355231358,1.93971305640114,0.0024735442557037
"Federated: site-specific slopes","moderate",15,"5","Do not initiate by tau",3,10,504.4,1.24882538625971,2.50823928919547,5.82183642848248,12.0199268775515,58.0248853647567,261.739972258254,0.516558942484611,0.253902568778736,2.23418807772601,0.00376360381631161
"Federated: site-specific slopes","moderate",15,"5","Do not initiate by tau",4,10,382.7,1.23452325475575,2.47864857666574,5.55754198348017,16.8062942304815,95.317352893427,178.811771765617,0.468075822242008,0.0876490580891608,3.71610047192291,0.00342714717507917
"Federated: site-specific slopes","moderate",15,"5","Do not initiate by tau",5,10,297.9,1.17849742461586,2.53161168679572,5.26640846386801,8.85107060501695,72.7302972637884,151.462941130584,0.510656752018084,0.0968800337147433,3.36312108241307,0.00134320515851251
"Federated: site-specific slopes","moderate",15,"5","Do not initiate by tau",6,10,248,1.1072650041119,2.22860419570019,5.61254998375181,8.08323016446335,23.5765215260384,147.782707755257,0.59452435388405,0.309808205311067,1.85397485535979,0.00202365228277572
"Federated: site-specific slopes","moderate",15,"5","Do not initiate by tau",7,10,207.4,1.19399687586122,2.33335732903276,8.34652754679117,9.16983787783116,62.9339526921266,95.8729275758134,0.45949568452131,0.0949694382517759,3.83284988231902,0.00400698016262004
"Federated: site-specific slopes","moderate",15,"5","Do not initiate by tau",8,10,177.9,1.12144855627862,2.29012369191502,6.62938109535128,10.328325195045,78.7534181582939,88.2526087422384,0.494800552924586,0.157330318334165,3.3915920647834,0.00346147337690538
"Federated: site-specific slopes","moderate",15,"5","Do not initiate by tau",9,10,154.8,1.06564155598722,2.25266717781867,6.57682301044002,8.69326492290202,13.8811952971988,85.1676239702962,0.551110647568722,0.424270825573212,1.85900711541409,0.00191160509459871
"Federated: site-specific slopes","moderate",15,"5","Do not initiate by tau",10,10,138.4,1.01644247793351,2.10363959259995,5.64178343679857,9.48112368409816,20.2172906970819,74.103351949647,0.539430156712673,0.335541086251685,1.99886776620522,0.00283338830952441
"Federated: site-specific slopes","moderate",15,"5","Do not initiate by tau",11,10,123.7,0.996935574030759,2.07334879105489,5.96049003318008,6.93822749047809,22.5020521594261,73.6179021822041,0.599199452557192,0.300301018655857,1.93612300969069,0.00327164469324944
"Federated: site-specific slopes","moderate",15,"5","Do not initiate by tau",12,10,113.4,1.01596682152224,2.224780627053,6.76147325140027,6.9592754757268,29.23817078055,66.319234617476,0.586071485101441,0.21785923209543,2.23072138312941,0.00447459674597286
"Federated: site-specific slopes","moderate",15,"5","Do not initiate by tau",13,10,101.3,1.01795914685464,2.23942845302423,7.49209697714971,5.73047957608569,41.4094586610719,57.7338269070762,0.575270265336327,0.199990544034468,2.56045283273412,0.00290258895320142
"Federated: site-specific slopes","moderate",15,"5","Do not initiate by tau",14,10,90.8,0.991268930173623,2.44462760253992,5.52988053116215,4.79260939722011,12.4768832712655,57.914322817415,0.627874516455225,0.390527432415673,1.70646035076973,0.00232589587559162
"Federated: site-specific slopes","moderate",15,"5","Do not initiate by tau",15,10,82.5,0.990404678928963,2.40374961913243,6.16417179873083,5.24350066774867,13.0930503355586,49.979873465845,0.595958325954499,0.35371634720498,1.81083353698324,0.00251582278481013
"Federated: site-specific slopes","moderate",15,"5","Initiate by tau",1,10,1400,1.00165974476202,1.83243024178749,3.22474881949128,11.0559648964711,34.7064293672944,974.577142098054,0.696126530070039,0.538081011289998,1.46471635597249,0.000428571428571429
"Federated: site-specific slopes","moderate",15,"5","Initiate by tau",2,10,1154.5,0.9845478080134,2.1745013078676,4.57791456597353,19.7690585760404,59.233512741589,521.953653539624,0.45261574471772,0.272254167523935,2.39959598970303,0.00199546633407403
"Federated: site-specific slopes","moderate",15,"5","Initiate by tau",3,10,945.8,0.962772941979896,2.22711715475958,5.06856472418317,14.9827118710449,58.0248853647567,384.792456707166,0.407132258459471,0.220005948865917,2.71804658667491,0.00274156636716017
"Federated: site-specific slopes","moderate",15,"5","Initiate by tau",4,10,780.4,0.95690624251855,2.24987048998298,5.20487106004243,17.9696449770145,95.317352893427,280.297181617426,0.359023167361406,0.0882063787445304,4.20445034821752,0.00255555611931253
"Federated: site-specific slopes","moderate",15,"5","Initiate by tau",5,10,647.8,0.931988663849805,2.32184907089575,5.16000727467423,14.6005089076005,72.7302972637884,250.711300304638,0.387490100535453,0.106073065412494,3.71506575371041,0.00153575738190544
"Federated: site-specific slopes","moderate",15,"5","Initiate by tau",6,10,557.9,0.917983546897784,2.27047056695864,5.29449769774255,12.8425267724819,34.7064293672944,240.331345024126,0.429110662117259,0.250933827608795,2.51317827649769,0.00217117514646364
"Federated: site-specific slopes","moderate",15,"5","Initiate by tau",7,10,489.4,0.959665392657033,2.37257602645955,5.95931548769818,20.7126436727852,62.9339526921266,164.404377026093,0.332511326370833,0.104278882521724,4.17515520602374,0.00311539315519051
"Federated: site-specific slopes","moderate",15,"5","Initiate by tau",8,10,433.4,0.943355643469556,2.39191726659488,6.06450740446451,13.2333129915288,78.7534181582939,158.780428903377,0.36489350937919,0.123312975760787,3.74669560497597,0.00303389869030279
"Federated: site-specific slopes","moderate",15,"5","Initiate by tau",9,10,390.5,0.927762755183576,2.42599867028219,6.18896336221629,11.344908888929,34.7064293672944,161.509857700412,0.41301856605378,0.259067261877555,2.60305178156303,0.00255621427867834
"Federated: site-specific slopes","moderate",15,"5","Initiate by tau",10,10,353.4,0.922516866704839,2.38846435841442,5.95120181195812,12.4686481373994,34.7064293672944,140.529052566779,0.397404717147623,0.229795481235012,2.72466464803447,0.0031172074440792
"Federated: site-specific slopes","moderate",15,"5","Initiate by tau",11,10,321.6,0.926748033477385,2.41522050788345,5.98629584947862,11.7181310650612,34.7064293672944,129.329956251819,0.402153062431281,0.213205201793408,2.73514253304235,0.00339567272926651
"Federated: site-specific slopes","moderate",15,"5","Initiate by tau",12,10,296.7,0.947761284786652,2.52853034302838,5.92076621813483,12.0487573041918,34.7064293672944,116.988783027875,0.393841875852465,0.188785498374881,2.85725382927832,0.00370100161374605
"Federated: site-specific slopes","moderate",15,"5","Initiate by tau",13,10,272.8,0.95860511139294,2.59027076494385,6.04661643146202,12.0806775545494,41.4094586610719,102.968182219791,0.377187318066395,0.157109423594337,3.12640251441052,0.00332983692751939
"Federated: site-specific slopes","moderate",15,"5","Initiate by tau",14,10,253.2,0.944200363678336,2.69363031838495,6.05649734913244,10.5940133834465,34.7064293672944,105.66664346378,0.414319025956856,0.227211050877283,2.67444953510171,0.00282136784977966
"Federated: site-specific slopes","moderate",15,"5","Initiate by tau",15,10,151.1,0.931602429986994,2.82626945514224,7.35305901927453,9.60995249878013,34.7064293672944,55.2933626561586,0.364451877144473,0.189702515520522,3.21116017384207,0.00340350892689293
"Federated: site-specific slopes","high",5,"1","Do not initiate by tau",1,10,398.4,0.729773295895345,0.736489474108004,0.749421554086246,0.7703390243351,0.846754132493733,398.37926542635,0.999947922634681,0.999884187591621,1.00005208174068,0
"Federated: site-specific slopes","high",5,"1","Do not initiate by tau",2,10,382,0.612270090545701,0.623285151671464,0.644966836476334,0.657502167719123,0.896372841742803,381.902881410538,0.999744937091708,0.999213068734671,1.00025521184797,0
"Federated: site-specific slopes","high",5,"1","Do not initiate by tau",3,10,367.7,0.548863630344078,0.564419941264281,0.592862256759414,0.650863917817882,0.878682207270065,367.526880931122,0.999530761566957,0.998922127378018,1.00046960023399,0
"Federated: site-specific slopes","high",5,"1","Do not initiate by tau",4,10,355.6,0.511961286768,0.529017205827876,0.559852723839604,0.608729743314484,0.672348021711122,355.417503901223,0.999488867008489,0.998905609074258,1.00051150934431,0
"Federated: site-specific slopes","high",5,"1","Do not initiate by tau",5,10,344.1,0.486146829085122,0.505411532451576,0.536091297147392,0.573918199445712,0.672397423282667,343.881723093127,0.99936953695973,0.998626377528448,1.00063104650243,0
"Federated: site-specific slopes","high",5,"1","Initiate by tau",1,10,400,0.892057423628399,0.736949046451586,0.757886404905461,51.0557649388481,170.543700235692,107.951140316767,0.269877850791917,0.032280985112097,12.7896387894462,0.003
"Federated: site-specific slopes","high",5,"1","Initiate by tau",2,10,384.8,0.826594470693313,0.62601973309241,1.25933278450875,57.0472628186871,170.543700235692,57.5311454211479,0.14940836041213,0.0263348015597677,17.7695816195773,0.0044126571818995
"Federated: site-specific slopes","high",5,"1","Initiate by tau",3,10,372.1,0.838285721106055,0.568834139184291,5.73713832592109,57.0472628186871,170.543700235692,49.431848395755,0.131938455843998,0.0172935810047077,22.2954827591488,0.00617158079487291
"Federated: site-specific slopes","high",5,"1","Initiate by tau",4,10,360.9,0.817373461359652,0.535493178621384,6.96092409852019,57.0472628186871,170.543700235692,44.4146353834734,0.12198899026746,0.0167470831546524,23.8015808091368,0.00636814558722318
"Federated: site-specific slopes","high",5,"1","Initiate by tau",5,10,5.9,21.0069020127392,70.8347896656615,70.8347896656615,57.0472628186871,170.543700235692,2.59620178976472,0.510512057895542,0.249922006166584,2.32370167604904,0.463253968253968
"Federated: site-specific slopes","high",5,"2","Do not initiate by tau",1,10,587.8,0.741815579122563,0.773493757704211,0.838538368218651,0.917483817995079,1.44733106710417,587.199216365492,0.998974582076862,0.997510916204572,1.00102711271645,0
"Federated: site-specific slopes","high",5,"2","Do not initiate by tau",2,10,536.2,0.630062322389897,0.678515559006857,0.769141940853945,0.914473049665485,1.884807516698,534.366076415496,0.996581249575647,0.990084503755113,1.0034416977996,0
"Federated: site-specific slopes","high",5,"2","Do not initiate by tau",3,10,493.4,0.571247856273238,0.632555256510948,0.762328042123987,0.924207744140873,2.43832244264209,489.819996528722,0.992731499525887,0.977057879596407,1.0073903007404,0
"Federated: site-specific slopes","high",5,"2","Do not initiate by tau",4,10,455,0.53741852600738,0.607755446171238,0.74587797300389,1.03799155445868,1.33662219845559,451.448135255339,0.992162647722753,0.98753730705998,1.00790771006542,0
"Federated: site-specific slopes","high",5,"2","Do not initiate by tau",5,10,423,0.513999773237049,0.594056806674769,0.711486937006037,0.971043482652783,1.31753520346861,419.231484784553,0.991059211532058,0.98775946041181,1.00902690335278,0
"Federated: site-specific slopes","high",5,"2","Initiate by tau",1,10,600,0.980760006695894,0.788713498426298,6.61755968629707,41.2135340773542,147.735007639199,95.9540689032879,0.159923448172147,0.0370235202175799,10.429825150879,0.00683333333333333
"Federated: site-specific slopes","high",5,"2","Initiate by tau",2,10,556.2,0.948974039867284,0.749174262433622,9.89220940992531,41.2135340773542,147.735007639199,62.7093297014544,0.112674769211756,0.0321253306848782,12.7312657452815,0.00934569820680875
"Federated: site-specific slopes","high",5,"2","Initiate by tau",3,10,520.3,0.964349302988329,1.0254749046372,11.6885263093165,41.2135340773542,147.735007639199,50.7354519654199,0.0973137266461503,0.0310543888831478,13.8839733663011,0.0115188513953547
"Federated: site-specific slopes","high",5,"2","Initiate by tau",4,10,487.1,0.973439113801145,1.14829522462852,13.3541974662465,41.2135340773542,147.735007639199,44.3537098610384,0.0911406184308903,0.02953145002389,14.7419462462138,0.0125193306299709
"Federated: site-specific slopes","high",5,"2","Initiate by tau",5,10,35.5,6.74125864739637,29.3185391530986,58.4705787053582,41.2135340773542,147.735007639199,10.5397559480266,0.297119481213971,0.127864456795413,3.97416700584921,0.177344463558912
"Federated: site-specific slopes","high",5,"3","Do not initiate by tau",1,10,738.3,0.786408511132593,0.934676181407995,1.18625711630893,1.7996419995545,2.6595203427314,727.854258337344,0.985811949760578,0.97947662151793,1.01441771988066,0
"Federated: site-specific slopes","high",5,"3","Do not initiate by tau",2,10,605.8,0.702757035406354,0.941461262733544,1.37271094645335,2.55543689699846,3.82333082663344,574.33268938589,0.948091870739707,0.916962113967092,1.05513747653679,0
"Federated: site-specific slopes","high",5,"3","Do not initiate by tau",3,10,503.1,0.658852234298583,0.958620642246745,1.50452658974398,3.17823855705455,8.42853443170767,446.535982469977,0.888414431279425,0.74304276381876,1.13422432027087,0
"Federated: site-specific slopes","high",5,"3","Do not initiate by tau",4,10,428.9,0.622119925052398,0.90945715892886,1.43185702143425,2.15577200892452,3.29125037068393,394.158001533736,0.918730601950858,0.873817127184427,1.08923424368003,0
"Federated: site-specific slopes","high",5,"3","Do not initiate by tau",5,10,374.4,0.605433129619989,0.912134948907374,1.5986525483495,2.67245131946858,4.78528348590777,331.344813474038,0.884221919178759,0.801802485970225,1.13523531564212,0
"Federated: site-specific slopes","high",5,"3","Initiate by tau",1,10,800,0.978124696676024,1.43523887089093,5.91379734448348,20.4492553093185,69.398803132777,288.488487056734,0.360610608820917,0.150989989314188,3.44121794027646,0.00425
"Federated: site-specific slopes","high",5,"3","Initiate by tau",2,10,707.4,0.980807199640221,2.16032004201064,7.14806278043343,20.4492553093185,69.398803132777,202.230722892368,0.286003098583506,0.115288751438155,4.38379570538273,0.00607849525839611
"Federated: site-specific slopes","high",5,"3","Initiate by tau",3,10,620.1,0.990059627476326,2.50394606613982,8.81894020504801,20.4492553093185,69.398803132777,157.238655264751,0.253433044291085,0.104526334973558,4.94361819883044,0.0076019759500473
"Federated: site-specific slopes","high",5,"3","Initiate by tau",4,10,548.4,1.00471330704592,2.64092381635124,9.64247945879056,20.4492553093185,69.398803132777,125.314467086778,0.228567976621293,0.0925409729530992,5.6842439166588,0.00880660739008232
"Federated: site-specific slopes","high",5,"3","Initiate by tau",5,10,119,2.31134515706912,8.93948850791195,26.4271070604354,20.4492553093185,69.398803132777,33.2139523767873,0.279135642213774,0.139216084804559,4.2734692212299,0.0380974774208934
"Federated: site-specific slopes","high",5,"4","Do not initiate by tau",1,10,911,0.956305871978477,1.52809167166734,2.40484202762686,6.49312657017071,9.3987099198017,779.533590233985,0.855686402474402,0.813630583398668,1.16984547699289,0
"Federated: site-specific slopes","high",5,"4","Do not initiate by tau",2,10,616.4,0.972327389962166,1.8280295970067,3.84298674075867,10.9066269308388,100.883653408669,366.495292949378,0.592599272097825,0.241746541959681,2.81589807215053,0.00130167224582507
"Federated: site-specific slopes","high",5,"4","Do not initiate by tau",3,10,431.7,0.948618879083221,1.94386568335892,4.19990703950548,13.9466320138151,72.6467268177031,216.923425124364,0.501093312824516,0.186195060285534,2.96001608071556,0.00235241349642849
"Federated: site-specific slopes","high",5,"4","Do not initiate by tau",4,10,332.7,0.896668438019437,1.87535838166911,3.93947831142632,9.2501027930472,50.2962774990265,187.788032983156,0.55961016437089,0.224363689991102,2.38926054974197,0.0012375700280112
"Federated: site-specific slopes","high",5,"4","Do not initiate by tau",5,10,262.4,0.873419794672288,1.86569625335557,4.74767987819025,7.02422198968903,21.1286006737175,156.632871610365,0.595105098374763,0.371701997406943,1.80485809237148,8e-04
"Federated: site-specific slopes","high",5,"4","Initiate by tau",1,10,1200,1.00331812425502,1.86909943534101,3.89695040441761,19.9587131713175,28.6697196849106,667.945357394815,0.556621131162346,0.42116212041187,1.84615394598708,0.00175
"Federated: site-specific slopes","high",5,"4","Initiate by tau",2,10,1002.5,1.01310114393622,2.29132537425544,5.46844971104689,20.6250543496275,100.883653408669,382.276131709154,0.381266395281822,0.151886468160479,3.31999713805713,0.00338914543984136
"Federated: site-specific slopes","high",5,"4","Initiate by tau",3,10,817.2,1.00774915777926,2.42629749518133,5.74733176639328,24.7844596648774,72.6467268177031,263.456056072963,0.321999902935114,0.151619604370746,3.561662893753,0.00465807786428993
"Federated: site-specific slopes","high",5,"4","Initiate by tau",4,10,674.6,0.991755720879797,2.59359303178931,5.93241364069369,23.3160537563664,50.2962774990265,210.547457049602,0.311751070246138,0.174481796690057,3.52180496677435,0.00460295427145819
"Federated: site-specific slopes","high",5,"4","Initiate by tau",5,10,305.9,1.11345901683167,3.34050202504998,9.68697767592173,20.6250543496275,50.2090878572555,80.7852270491083,0.2624684812564,0.149101092302824,4.18995637639442,0.00887895886264258
"Federated: site-specific slopes","high",5,"5","Do not initiate by tau",1,10,998.9,1.47327604080586,3.3778447715022,7.51727159808333,23.3727474359263,44.2417053760515,489.225620153696,0.489495750077512,0.374658209084072,2.08391236394143,0.00532258971514985
"Federated: site-specific slopes","high",5,"5","Do not initiate by tau",2,10,491.6,1.69211331250046,4.18176943558363,14.1245692905343,37.3386407920739,170.345223119366,124.375432821312,0.251912160663587,0.0610983350729657,6.07708347789864,0.0120115042828123
"Federated: site-specific slopes","high",5,"5","Do not initiate by tau",3,10,292.4,1.92623813567101,4.62506572371652,14.4105300938847,24.346650005589,471.229121368828,74.4337847496361,0.255100043017775,0.0130734640225498,20.2799284644704,0.0133300373625618
"Federated: site-specific slopes","high",5,"5","Do not initiate by tau",4,10,202.1,1.53424262721054,4.22244159588491,15.0552135264484,23.7453987003616,60.0002929174748,60.1852616199452,0.295512079310125,0.128221534095192,4.30553777707572,0.0145204129351004
"Federated: site-specific slopes","high",5,"5","Do not initiate by tau",5,10,152.2,1.44044818901456,3.72483898416036,15.6369994394667,25.7597032506354,46.5473278278113,45.4515174277758,0.297046992052209,0.136815418445682,4.43954540837637,0.0112126697873584
"Federated: site-specific slopes","high",5,"5","Initiate by tau",1,10,2000,1.01062762389527,2.54552628598757,5.6080103666218,25.0239296928533,44.2417053760515,797.033011991461,0.398516505995731,0.315247380603365,2.54835702853636,0.0028
"Federated: site-specific slopes","high",5,"5","Initiate by tau",2,10,1532.8,0.940138215066322,2.3638593305529,6.14682889298193,37.3386407920739,170.345223119366,328.986317813475,0.215253911024873,0.0483866900973683,7.3423200509384,0.00403853647859305
"Federated: site-specific slopes","high",5,"5","Initiate by tau",3,10,1122.9,0.967150970814526,2.20596690422258,6.01906002874766,26.5456190476042,471.229121368828,244.801625186624,0.218329934706536,0.00887607795903948,28.3720491225631,0.00372832188215885
"Federated: site-specific slopes","high",5,"5","Initiate by tau",4,10,840.9,0.875848993000261,2.20447078640618,5.87094513870383,23.7453987003616,60.0002929174748,238.458366396758,0.284012611846789,0.134657777718354,4.34844045473568,0.00381283075472939
"Federated: site-specific slopes","high",5,"5","Initiate by tau",5,10,507.6,0.705958578084008,1.78678680850833,4.04979365747519,8.83177025944651,24.6108744275467,228.599735750077,0.449391577369209,0.275567796932632,2.3749535781085,0.000604439606109741
"Federated: site-specific slopes","high",10,"1","Do not initiate by tau",1,10,398.6,0.725834241318729,0.732497539768989,0.742792229644299,0.749434357140021,0.843332204075697,398.576622052948,0.999941111180419,0.999753966152639,1.00005890082992,0
"Federated: site-specific slopes","high",10,"1","Do not initiate by tau",2,10,381.5,0.613932636102385,0.623489798320898,0.636137607783744,0.655034305517479,0.736007252383344,381.452301840649,0.999874684767008,0.999611608426284,1.0001253504295,0
"Federated: site-specific slopes","high",10,"1","Do not initiate by tau",3,10,368.2,0.55173189367158,0.564315038393616,0.580898454490968,0.611321158318774,0.694387697885741,368.11280205239,0.99976209672929,0.999406350218008,1.00023800794674,0
"Federated: site-specific slopes","high",10,"1","Do not initiate by tau",4,10,357.2,0.51362241988743,0.52705510751684,0.547016162853906,0.572376900955879,0.71804276370677,357.078554000696,0.999660122478569,0.9988480117714,1.00034017412612,0
"Federated: site-specific slopes","high",10,"1","Do not initiate by tau",5,10,346.8,0.485418629993155,0.502083047816479,0.527246717288906,0.552673675750438,0.789219299662564,346.611572001856,0.999457494784819,0.998062511115651,1.00054336173463,0
"Federated: site-specific slopes","high",10,"1","Do not initiate by tau",6,10,338.2,0.464554937384225,0.481614796773455,0.511026094838867,0.52351248582395,0.811283568033466,337.965710489771,0.999304967945675,0.997507012530969,1.0006963069349,0
"Federated: site-specific slopes","high",10,"1","Do not initiate by tau",7,10,329.5,0.449457013164837,0.468688607354035,0.496799434075613,0.510676692333602,0.585645521947936,329.299066879544,0.999391182976791,0.998467661505922,1.00060942589977,0
"Federated: site-specific slopes","high",10,"1","Do not initiate by tau",8,10,321.3,0.43757480390706,0.455584959638716,0.486984454354763,0.498203441815172,0.566250719539637,321.094513465749,0.999361089254235,0.998561116030841,1.00063952142609,0
"Federated: site-specific slopes","high",10,"1","Do not initiate by tau",9,10,313.4,0.428340773377514,0.448612892174637,0.47903769322694,0.505927059091139,0.598639365574575,313.144265449966,0.999185780505401,0.998392993781182,1.00081516167157,0
"Federated: site-specific slopes","high",10,"1","Do not initiate by tau",10,10,306.1,0.419427962942521,0.441397551394606,0.469387529565328,0.496610199966861,0.626964471105652,305.821998782921,0.999093401108874,0.998078981118986,1.00090774459043,0
"Federated: site-specific slopes","high",10,"1","Initiate by tau",1,10,400,1.08837019536222,0.732966828919454,1.33657282951967,42.1403089620958,716.335267200589,147.379517891992,0.368448794729979,0.0112718518563765,30.3304067065145,0.003
"Federated: site-specific slopes","high",10,"1","Initiate by tau",2,10,384.1,1.03093223709633,0.624613055249971,2.70949383395705,42.1403089620958,716.335267200589,101.494825826288,0.263669214362692,0.00995499889887973,33.0546860399789,0.00415821326699004
"Federated: site-specific slopes","high",10,"1","Initiate by tau",3,10,371.8,0.996658257261998,0.566440399720716,4.49344578048039,42.1403089620958,716.335267200589,89.3697561946913,0.241356833439483,0.00907881748532535,35.2570429181314,0.00481688840220462
"Federated: site-specific slopes","high",10,"1","Initiate by tau",4,10,361.6,0.991343505651329,0.531734061581637,5.82536171925679,43.9289406251864,716.335267200589,34.772152045816,0.0963430813387455,0.00877389182295685,37.8903175385932,0.00550972613961274
"Federated: site-specific slopes","high",10,"1","Initiate by tau",5,10,352.2,1.12325753889136,0.508798741600316,6.83260792396567,49.7386226799213,716.335267200589,26.8478357522275,0.076332100683742,0.00578055373215532,53.8410748013095,0.00650940131110203
"Federated: site-specific slopes","high",10,"1","Initiate by tau",6,10,344.2,1.1242013201325,0.489117488395662,7.9045658846076,49.7386226799213,716.335267200589,24.8376247780307,0.072139176528575,0.00576688375984656,54.7901113961617,0.00696607659742635
"Federated: site-specific slopes","high",10,"1","Initiate by tau",7,10,335.9,1.12564026695938,0.476298401813425,8.66141750842987,49.7386226799213,716.335267200589,23.2728723331692,0.0692613018108693,0.00579312672185867,55.7282274266249,0.00712420083344702
"Federated: site-specific slopes","high",10,"1","Initiate by tau",8,10,328.1,1.13245358998482,0.463781159101039,9.32538846544269,49.7386226799213,716.335267200589,21.9666569350799,0.066843227439391,0.00583623145360346,55.9888088073902,0.00730237825862551
"Federated: site-specific slopes","high",10,"1","Initiate by tau",9,10,321.4,1.13985493754677,0.458310053328746,10.0220573435523,49.7386226799213,716.335267200589,21.0528190614817,0.0653496282443874,0.0058960159021814,56.0758474205343,0.00747192212140234
"Federated: site-specific slopes","high",10,"1","Initiate by tau",10,10,8.9,30.8334400861488,170.51131090526,170.51131090526,49.7386226799213,716.335267200589,3.07777587196131,0.333138935239695,0.175048370172839,3.43566969290631,0.292435064935065
"Federated: site-specific slopes","high",10,"2","Do not initiate by tau",1,10,589.2,0.736493490040914,0.771942849165319,0.833276847032679,0.931424599027994,1.37490217714457,588.517933319899,0.99883716634749,0.996754807757944,1.00116524692435,0
"Federated: site-specific slopes","high",10,"2","Do not initiate by tau",2,10,541.5,0.632110295286842,0.693218288812902,0.783980871466522,1.02638192825871,1.65311451651975,539.259230895502,0.995866277636157,0.992667021957692,1.00415614345474,0
"Federated: site-specific slopes","high",10,"2","Do not initiate by tau",3,10,496.2,0.574038405849732,0.646069567612094,0.765503104147425,0.959532456732699,1.97858702998248,492.801797466975,0.993172228653409,0.984211261437585,1.00689773084292,0
"Federated: site-specific slopes","high",10,"2","Do not initiate by tau",4,10,463.1,0.53784073146392,0.613980965481141,0.730259182389431,0.931038939958863,1.36529017678244,459.864598302318,0.992951305340021,0.987040360559439,1.00710982214713,0
"Federated: site-specific slopes","high",10,"2","Do not initiate by tau",5,10,429.2,0.510992851048304,0.591400793206884,0.707031472968389,0.894576301286505,1.51861414303906,425.520178565319,0.991382465221338,0.984525615554388,1.0087043803012,0
"Federated: site-specific slopes","high",10,"2","Do not initiate by tau",6,10,402.5,0.491232363772608,0.568709110039229,0.703596882773182,0.941695134277857,1.88165415020279,397.907604691786,0.988472864062715,0.977783200269375,1.01169282919533,0
"Federated: site-specific slopes","high",10,"2","Do not initiate by tau",7,10,379.2,0.477276487677494,0.559732654609638,0.693159364514441,0.876595295748045,1.38698486481864,374.746071278575,0.988231512939006,0.979324211278083,1.0119399287965,0
"Federated: site-specific slopes","high",10,"2","Do not initiate by tau",8,10,355,0.467232968384054,0.553110714326375,0.686389288863184,0.866831347290971,1.67291282100682,350.351382243182,0.986819857985119,0.973862792274978,1.01340820936013,0
"Federated: site-specific slopes","high",10,"2","Do not initiate by tau",9,10,337.4,0.457452905852617,0.545410153675606,0.678653047698511,0.80081603458552,1.67681121685765,332.850695961048,0.986421808357104,0.974302293270905,1.01381032903448,0
"Federated: site-specific slopes","high",10,"2","Do not initiate by tau",10,10,317.7,0.450435593122476,0.540356517535996,0.695507339188567,0.799334582566073,1.96804787947131,312.226995328311,0.982587274097136,0.96173877954517,1.01785243678658,0
"Federated: site-specific slopes","high",10,"2","Initiate by tau",1,10,600,0.952724312098505,0.787509821230868,6.28397015519023,35.6211360176434,95.2664080753505,112.575412806437,0.187625688010728,0.0543550831761181,9.03031139063011,0.00616666666666667
"Federated: site-specific slopes","high",10,"2","Initiate by tau",2,10,561.8,1.00826805336109,0.75403628590574,11.0010881185799,59.5457708819904,298.421091631221,59.912212320967,0.106622677804017,0.0234488220283815,19.1400732306244,0.0103291698594909
"Federated: site-specific slopes","high",10,"2","Initiate by tau",3,10,523.4,1.00191085418232,0.885889834998914,11.1520373464203,59.5457708819904,298.421091631221,49.080285561085,0.0940782306620314,0.0215796191617042,20.6927917892473,0.0110983083660142
"Federated: site-specific slopes","high",10,"2","Initiate by tau",4,10,493,1.00343573827128,1.04644613541283,12.1425373142329,59.5457708819904,298.421091631221,42.8595001152281,0.0874497524827104,0.0213086697502458,21.7696620722079,0.0121839824014072
"Federated: site-specific slopes","high",10,"2","Initiate by tau",5,10,462.1,1.01215772198761,1.28616577768046,12.6325565627535,59.5457708819904,298.421091631221,38.3117279013618,0.0836881803149057,0.0205645646763359,22.412521858794,0.0127821269676095
"Federated: site-specific slopes","high",10,"2","Initiate by tau",6,10,436.7,0.997786725858564,1.43852347898923,12.8248176388326,49.9229250549097,298.421091631221,35.6857419600668,0.0825092083478625,0.0203870431902202,22.2985745413903,0.0128414566636481
"Federated: site-specific slopes","high",10,"2","Initiate by tau",7,10,416,1.01189572812933,1.70321661184845,13.3384744042821,49.9229250549097,298.421091631221,33.018626354585,0.0803224547439561,0.0206557446320261,22.5740443499833,0.0136934154839754
"Federated: site-specific slopes","high",10,"2","Initiate by tau",8,10,393.7,1.03658282110499,1.94891174186812,13.96509159768,49.9229250549097,298.421091631221,31.1119688789258,0.0797319883542789,0.0209212036043614,22.5671528666588,0.0147287679774426
"Federated: site-specific slopes","high",10,"2","Initiate by tau",9,10,375.7,1.05098146273535,2.09854923294391,14.6562370067043,49.9229250549097,298.421091631221,28.9369715285523,0.0778187495018628,0.0208136292888677,22.5501302269371,0.0154187792672754
"Federated: site-specific slopes","high",10,"2","Initiate by tau",10,10,40.2,6.20073868422824,29.7844091236797,78.245762899717,49.9229250549097,298.421091631221,9.70665547044518,0.24163130290374,0.0959519654442343,5.45623296999955,0.140938337372422
"Federated: site-specific slopes","high",10,"3","Do not initiate by tau",1,10,738.3,0.784646702450168,0.941715922738356,1.20261059933061,1.79128120477848,2.75028821859803,726.259197397388,0.983662721975315,0.970549489939006,1.01665884677655,0
"Federated: site-specific slopes","high",10,"3","Do not initiate by tau",2,10,602.8,0.709608821104248,0.971308412836024,1.48355535304531,2.58039510207209,5.89415998957906,567.76447350258,0.94182074960129,0.899894155860796,1.06244149446615,0
"Federated: site-specific slopes","high",10,"3","Do not initiate by tau",3,10,504.2,0.664660730974869,0.958311278838684,1.49431256937598,2.81104755292335,6.85459250063153,451.864194930056,0.895749624900016,0.815331624693211,1.12002029666769,0
"Federated: site-specific slopes","high",10,"3","Do not initiate by tau",4,10,429,0.636466791338525,0.964109497384212,1.59527084325037,2.30757710209933,11.4178162311409,375.288637731197,0.875296288241766,0.672553519329358,1.16518013135902,0.00022883295194508
"Federated: site-specific slopes","high",10,"3","Do not initiate by tau",5,10,371.8,0.618119203998124,0.948726984993225,1.67594353128852,3.94951912057583,12.9714468615795,304.659043022007,0.820825954455035,0.572331012481864,1.26646746344143,0.000261780104712042
"Federated: site-specific slopes","high",10,"3","Do not initiate by tau",6,10,328.3,0.594373450479438,0.914255762351303,1.55106061912993,2.47186558602697,9.34347164939981,278.368131337966,0.84765491853919,0.638095133074308,1.20868587390371,0
"Federated: site-specific slopes","high",10,"3","Do not initiate by tau",7,10,290.7,0.575604228432829,0.914810697096342,1.54507905351378,1.95588831030462,3.41775526580288,259.136180044807,0.890988748552165,0.821941167861974,1.12479287740886,0
"Federated: site-specific slopes","high",10,"3","Do not initiate by tau",8,10,263.5,0.566548875112298,0.89838021426285,1.50586066166527,2.27070451635715,3.47666456286851,230.444234821656,0.874424409562949,0.796321633716314,1.14703519765856,0
"Federated: site-specific slopes","high",10,"3","Do not initiate by tau",9,10,238.4,0.558155504309071,0.880635946356528,1.60712320148294,2.23368239398447,4.25566077533093,203.869530989073,0.855389300137069,0.775268994242196,1.17357630732761,0
"Federated: site-specific slopes","high",10,"3","Do not initiate by tau",10,10,218.2,0.547702021405027,0.854751753274566,1.5193067256441,1.86814887184288,9.641116044544,183.058461417572,0.838499312223751,0.563722929376423,1.25095888933581,0
"Federated: site-specific slopes","high",10,"3","Initiate by tau",1,10,800,1.00446506672749,1.54891063437055,7.34188201538841,21.1049932416399,57.082369754601,263.762986633846,0.329703733292307,0.175392630995155,3.39911215574684,0.00525
"Federated: site-specific slopes","high",10,"3","Initiate by tau",2,10,706.2,1.00067251528787,2.25635618735236,8.18853616198724,22.976724540795,57.082369754601,192.881079457329,0.27313613544516,0.153290213923406,4.0562620082833,0.00665731098774225
"Federated: site-specific slopes","high",10,"3","Initiate by tau",3,10,625.4,0.99395367401926,2.5313753895458,8.98711389532394,22.976724540795,57.082369754601,154.341492255834,0.247128485916786,0.137470105109349,4.5032495666622,0.00750483956836726
"Federated: site-specific slopes","high",10,"3","Initiate by tau",4,10,555.3,1.00584328448395,2.69573088542115,9.54247488410238,27.120181411608,57.082369754601,119.69148131318,0.216428769522476,0.130598048562331,5.07829125442495,0.00863544127534073
"Federated: site-specific slopes","high",10,"3","Initiate by tau",5,10,497.6,1.01697782780299,2.91823260721162,10.0731523928646,27.120181411608,57.082369754601,101.61681799497,0.205078916350223,0.122454469435099,5.34317071947882,0.0092318570843477
"Federated: site-specific slopes","high",10,"3","Initiate by tau",6,10,451.6,1.02036470366041,3.06262039989329,10.2741891777559,26.4138128477579,57.082369754601,89.4576267037026,0.19905594982287,0.116156769663228,5.53145057620941,0.00928759733914917
"Federated: site-specific slopes","high",10,"3","Initiate by tau",7,10,410.9,1.03067881796939,3.28527062558156,10.713093076018,26.4138128477579,57.082369754601,78.7412638460273,0.192525722209048,0.112935251975028,5.67514168158857,0.00996942358190518
"Federated: site-specific slopes","high",10,"3","Initiate by tau",8,10,377.4,1.04629498838768,3.40623885608244,11.2662935698425,26.4138128477579,57.082369754601,69.4972833798545,0.185214020998235,0.109083572673497,5.89232439522538,0.0108379562273558
"Federated: site-specific slopes","high",10,"3","Initiate by tau",9,10,349.8,1.0597101109886,3.54934873169063,11.7258841152605,26.4138128477579,57.082369754601,62.5709451404206,0.179480331036834,0.106496105719564,6.07817619328131,0.0114410483712868
"Federated: site-specific slopes","high",10,"3","Initiate by tau",10,10,107.6,2.11545583955559,8.8116043055845,24.4658686783541,26.4138128477579,57.082369754601,24.4460613954593,0.229049506579969,0.14901901553931,4.63815025485157,0.0350275306165339
"Federated: site-specific slopes","high",10,"4","Do not initiate by tau",1,10,904,0.960149562939027,1.58031645044933,2.62874413729822,4.82166381089187,9.93140884525132,767.509953569064,0.848524571993299,0.758172880753504,1.18250829333196,0
"Federated: site-specific slopes","high",10,"4","Do not initiate by tau",2,10,614.4,0.956237372404364,1.7547041799896,3.882541771327,10.0708710782525,39.3106088498892,375.589484761603,0.611831484613533,0.370605101054617,1.78255189005461,0.00114301041810834
"Federated: site-specific slopes","high",10,"4","Do not initiate by tau",3,10,442.6,0.93034785990906,1.85268814397773,4.09103514177109,10.3723333772516,66.6647725035083,241.920194188342,0.540602846711756,0.228625441207439,2.63362334919607,0.00137543753012589
"Federated: site-specific slopes","high",10,"4","Do not initiate by tau",4,10,338.4,0.885614599221442,1.8392882000875,4.08653510418795,8.76869144341401,16.6739954078647,199.267473852774,0.586309101738798,0.427508333053184,1.77472031702476,0.00150791076870574
"Federated: site-specific slopes","high",10,"4","Do not initiate by tau",5,10,263.5,0.885511111708775,1.84516820381746,4.20642331410295,7.57298608866818,56.2716865568909,133.149916783658,0.505031642383805,0.142508370534215,3.10066315565499,0.00231033650870208
"Federated: site-specific slopes","high",10,"4","Do not initiate by tau",6,10,215.7,0.856710183171386,1.91414295622715,4.34124855098962,6.62519607091758,40.714419495952,121.05887916037,0.561316738622331,0.25778775631835,2.37812226554098,0.0004739336492891
"Federated: site-specific slopes","high",10,"4","Do not initiate by tau",7,10,185.7,0.821160180668227,1.83566340394755,4.64547567927022,5.70116348759615,12.2432385350558,107.747330274165,0.583305204356079,0.423442415709849,1.78650388964901,0.00053763440860215
"Federated: site-specific slopes","high",10,"4","Do not initiate by tau",8,10,159.3,0.798749925311676,1.76512344710836,4.36790840839144,5.55733824902285,12.2415479047513,94.2754551509649,0.592365082424143,0.404736694560904,1.77339752555112,0.0013475499092559
"Federated: site-specific slopes","high",10,"4","Do not initiate by tau",9,10,139.2,0.793549477506113,1.79718033229585,4.26316805106744,5.22300191861749,11.54669919374,80.6504265003303,0.584354719020254,0.403402551203746,1.78594228798399,0.0012911824732392
"Federated: site-specific slopes","high",10,"4","Do not initiate by tau",10,10,124,0.7886216188569,1.72649500700851,4.74033265383241,4.84845731022861,17.5931081202907,70.4388663852207,0.573593533312399,0.288396120903787,1.98200515786567,0.000719424460431655
"Federated: site-specific slopes","high",10,"4","Initiate by tau",1,10,1200,1.00103444303889,1.92734695119038,4.08436957317764,13.6964734123067,52.9823757212349,709.036801589162,0.590864001324302,0.341611164167341,1.83298058910367,0.001
"Federated: site-specific slopes","high",10,"4","Initiate by tau",2,10,997.5,0.996405197587315,2.3081605239446,5.16453293401669,16.6385406712012,52.9823757212349,456.576366788829,0.458403916867695,0.256314922796929,2.42708525339102,0.00200530864813565
"Federated: site-specific slopes","high",10,"4","Initiate by tau",3,10,818.6,0.989158112211685,2.42595671633003,5.34418054697634,18.2648893341741,66.6647725035083,311.375191865349,0.378718923898367,0.160629475980255,3.11371313801501,0.0023209820630736
"Federated: site-specific slopes","high",10,"4","Initiate by tau",4,10,676.9,0.981662596685266,2.64119508136996,5.56001278837426,17.1845320242205,52.9823757212349,263.598161973292,0.389693514046336,0.22281825486962,2.80162820004813,0.00266695706867944
"Federated: site-specific slopes","high",10,"4","Initiate by tau",5,10,571.3,0.99318810371046,2.68636300119172,5.83667196369833,19.5724222648391,56.2716865568909,185.80872805361,0.32701239182176,0.145182426234576,3.59770448871961,0.00334494713298283
"Federated: site-specific slopes","high",10,"4","Initiate by tau",6,10,490.1,0.986188844141043,2.80675576639648,6.10313004894344,18.2648893341741,52.9823757212349,165.601975341781,0.337458295396784,0.153757247355824,3.46073793044732,0.00290049414132992
"Federated: site-specific slopes","high",10,"4","Initiate by tau",7,10,434.6,0.987189505630687,2.85193284788585,6.46734162756664,14.7530013816817,52.9823757212349,154.561213610263,0.355667799959841,0.171385907903861,3.29639605868797,0.00304314281366005
"Federated: site-specific slopes","high",10,"4","Initiate by tau",8,10,384,0.990020837716383,2.90004080074618,6.50973400660548,14.9683082726638,52.9823757212349,132.945252482078,0.346845020005303,0.167861926076285,3.3563062796066,0.00343801026313992
"Federated: site-specific slopes","high",10,"4","Initiate by tau",9,10,344.3,0.988175577827166,3.02076040377154,6.65066009035038,14.7530013816817,52.9823757212349,115.91587058861,0.337101555672551,0.156939737347663,3.50373183192583,0.00380760018524669
"Federated: site-specific slopes","high",10,"4","Initiate by tau",10,10,190.3,1.12577805597634,3.83502488113101,8.63312211602566,14.7530013816817,52.9823757212349,58.8209668608319,0.308706231000342,0.138361103562463,3.85365119207771,0.00596388299311255
"Federated: site-specific slopes","high",10,"5","Do not initiate by tau",1,10,986.3,1.45961995702131,3.41457940514113,7.19748302866774,17.2784548983963,36.3795931072668,542.716491877948,0.550305054520007,0.483030635772146,1.83048095214571,0.0042646272805466
"Federated: site-specific slopes","high",10,"5","Do not initiate by tau",2,10,499.5,1.66685833970829,4.06109594315809,13.5910639394292,36.0999600024193,79.5299612468863,129.533749689656,0.259160597553437,0.136832970325987,4.34844380279466,0.014573906518797
"Federated: site-specific slopes","high",10,"5","Do not initiate by tau",3,10,298.5,1.77122862675932,4.12652714780886,14.5281891010024,41.3191719035681,348.065353179066,65.14556688853,0.222931209390593,0.0329475353979642,11.2780654782802,0.0133294200149174
"Federated: site-specific slopes","high",10,"5","Do not initiate by tau",4,10,203.9,1.48983590385929,4.5119074130986,12.3667105568564,18.4046301544642,48.6524090167251,69.2883179143487,0.342109681343251,0.176697617802376,3.31672491306635,0.0097699891657898
"Federated: site-specific slopes","high",10,"5","Do not initiate by tau",5,10,145.8,1.42871143293237,4.06677580383601,14.0439179722747,19.4600859036368,41.0209560953653,46.2282825051848,0.315704059549433,0.167777142687827,3.57218988502269,0.012934416557477
"Federated: site-specific slopes","high",10,"5","Do not initiate by tau",6,10,111.4,1.28245991775429,3.46932291060449,11.0378383808751,12.2150198508853,36.0214472244797,45.617219397568,0.414572512120594,0.178373039741883,2.94240247045295,0.00791457839500231
"Federated: site-specific slopes","high",10,"5","Do not initiate by tau",7,10,88.7,1.37084372088335,4.29956440244884,12.9855389473922,10.690835795517,30.4377288426413,35.1016604512514,0.394577941992597,0.195914063808089,2.90334145223799,0.00942000696118854
"Federated: site-specific slopes","high",10,"5","Do not initiate by tau",8,10,72.4,1.27636691104623,3.86967822672038,10.0559896135959,8.77387791295695,25.8573600276427,32.2925544239455,0.451583077623163,0.211413004452202,2.5735369435644,0.00792979293358894
"Federated: site-specific slopes","high",10,"5","Do not initiate by tau",9,10,61.7,1.31500297096806,3.97617092528877,12.9014395357317,9.72586870686172,40.4907037056979,24.932038422063,0.404253262108412,0.158470728660507,3.17438918925246,0.0112017582383715
"Federated: site-specific slopes","high",10,"5","Do not initiate by tau",10,10,52.6,1.49240601500432,4.73359429084439,17.6350166841033,8.9844656145479,56.8616664001685,19.3822818631635,0.368114537141931,0.0921953921284713,4.11743228368674,0.0115804833561332
"Federated: site-specific slopes","high",10,"5","Initiate by tau",1,10,2000,0.997336838998467,2.54939118106555,5.35781721403756,18.0638806020224,36.3795931072668,889.983568016514,0.444991784008257,0.392129558382375,2.26217575751034,0.00235
"Federated: site-specific slopes","high",10,"5","Initiate by tau",2,10,1525.6,0.94210698479789,2.31718023270578,6.58760946603758,36.0999600024193,79.5299612468863,340.111104033662,0.222740721713381,0.120342507964659,5.04886837719939,0.00510959079814851
"Federated: site-specific slopes","high",10,"5","Initiate by tau",3,10,1115.4,0.94171095352541,2.23313991445175,6.08935442119688,41.3191719035681,348.065353179066,231.993692925054,0.208748020854528,0.0267191932832183,13.8230906606709,0.00403952179893088
"Federated: site-specific slopes","high",10,"5","Initiate by tau",4,10,843.6,0.874437304594244,2.26590533283621,5.82034121644055,20.3806808452296,48.6524090167251,269.026433304003,0.318752866364253,0.185819191181348,3.44712519623168,0.00309051923162156
"Federated: site-specific slopes","high",10,"5","Initiate by tau",5,10,659,0.868014457106897,2.25182771942653,5.8028127068292,20.3934739814029,41.0209560953653,209.15743449338,0.317514547639074,0.206667167661409,3.37516347222648,0.00364791278860335
"Federated: site-specific slopes","high",10,"5","Initiate by tau",6,10,531.7,0.850072556771949,2.2620127406256,5.11474667994226,14.6095423615565,36.0214472244797,203.721978663117,0.381491446205,0.21966158429603,2.89511436947624,0.00267605319083006
"Federated: site-specific slopes","high",10,"5","Initiate by tau",7,10,444,0.872163771565737,2.40024005789162,5.90086010220911,12.5588087057207,30.4377288426413,166.681998799324,0.372149723386401,0.207329110595613,2.97513089239397,0.00299706468552216
"Federated: site-specific slopes","high",10,"5","Initiate by tau",8,10,382,0.86404507463136,2.44043052515372,5.62550330823684,12.5588087057207,25.8573600276427,147.537732675353,0.384102621375184,0.227744852832003,2.79792184271191,0.00291357388217146
"Federated: site-specific slopes","high",10,"5","Initiate by tau",9,10,328.9,0.882756336571127,2.49866408106436,6.1746809171433,12.5588087057207,40.4907037056979,118.322092950006,0.35517688459095,0.172895682558002,3.24634047257038,0.00373084428030361
"Federated: site-specific slopes","high",10,"5","Initiate by tau",10,10,239,0.790574973877797,2.34582964071547,5.25328878183178,7.7221160938152,22.1322404253234,95.0953927406294,0.392921734771691,0.228090785928799,2.76798163241341,0.00221643625192012
"Federated: site-specific slopes","high",15,"1","Do not initiate by tau",1,10,398.6,0.729177251593707,0.734722732301008,0.744747894286727,0.767433780082937,0.83211783664216,398.583732536802,0.999959108148233,0.999857588867685,1.00004089634164,0
"Federated: site-specific slopes","high",15,"1","Do not initiate by tau",2,10,382.9,0.61217113522588,0.621871834502737,0.641828450375596,0.649228314513013,0.803876806736955,382.829164263275,0.999814060430229,0.999296701853422,1.00018603854188,0
"Federated: site-specific slopes","high",15,"1","Do not initiate by tau",3,10,370.9,0.551742290114474,0.563719523321395,0.588733775616411,0.610441959034516,0.867144263727232,370.737300996601,0.999558462983786,0.998165433909062,1.00044220655165,0
"Federated: site-specific slopes","high",15,"1","Do not initiate by tau",4,10,360.5,0.512208852059594,0.525093926530138,0.547194940437703,0.565963583192982,0.808880758042456,360.35989311629,0.999607312014457,0.998698398497353,1.0003930486105,0
"Federated: site-specific slopes","high",15,"1","Do not initiate by tau",5,10,351.6,0.485888355011486,0.500651033331272,0.527299552666934,0.557640618240045,0.766644885226715,351.413993483975,0.999467835202401,0.998538995425906,1.00053267695855,0
"Federated: site-specific slopes","high",15,"1","Do not initiate by tau",6,10,342.4,0.466317605593131,0.48273748255751,0.509702051348213,0.564064353507816,0.765846845445992,342.16114383284,0.99929761572682,0.99820901315686,1.00070321715731,0
"Federated: site-specific slopes","high",15,"1","Do not initiate by tau",7,10,332.6,0.450721464884329,0.470097088613203,0.504177756007448,0.570482234010351,0.827538348329876,332.193275362554,0.998765361282996,0.996420246468553,1.00123757831469,0
"Federated: site-specific slopes","high",15,"1","Do not initiate by tau",8,10,325,0.438691508803822,0.458912077495127,0.493434708051572,0.58819321458638,0.799666966256783,324.553575839424,0.998615348773876,0.996633813165483,1.00138781603105,0
"Federated: site-specific slopes","high",15,"1","Do not initiate by tau",9,10,318.2,0.427706349177724,0.449157226692069,0.486960569229318,0.542523923304333,0.815845552826378,317.679172110653,0.998356372570369,0.996088417072211,1.00164845214317,0
"Federated: site-specific slopes","high",15,"1","Do not initiate by tau",10,10,310.8,0.419389395004195,0.440977066870484,0.483159732735229,0.525761372127532,0.803755434149548,310.222808211977,0.99813619044838,0.995287014789097,1.00187015342968,0
"Federated: site-specific slopes","high",15,"1","Do not initiate by tau",11,10,302.5,0.410945276362269,0.432637563147565,0.474514817516673,0.520077008523552,0.890230836328333,301.913878810511,0.99805503537299,0.994467671513457,1.0019523599584,0
"Federated: site-specific slopes","high",15,"1","Do not initiate by tau",12,10,295.9,0.403677205368252,0.427257968203549,0.467304178855915,0.513334975637008,0.942686769321971,295.25314533831,0.997808314211133,0.993247492622399,1.00220169193552,0
"Federated: site-specific slopes","high",15,"1","Do not initiate by tau",13,10,290,0.397157628011288,0.421149474044184,0.459961780829056,0.510515396550911,0.757572382708183,289.524226791183,0.998360027881356,0.995910871463081,1.00164451988866,0
"Federated: site-specific slopes","high",15,"1","Do not initiate by tau",14,10,285.3,0.391962684318487,0.417094523605674,0.461348551992881,0.504766178933372,0.764242178167072,284.725321480173,0.997988793027774,0.993838902780798,1.00201987078621,0
"Federated: site-specific slopes","high",15,"1","Do not initiate by tau",15,10,279.3,0.387099333493474,0.412959558286489,0.456905328225087,0.509182206232987,0.751931717811093,278.731191019983,0.997955675353666,0.994562809860666,1.00205174937616,0
"Federated: site-specific slopes","high",15,"1","Initiate by tau",1,10,400,0.899787912032187,0.735181738069617,0.754598896675526,31.9384144802776,181.660272883303,133.33448586373,0.333336214659326,0.019628502756197,16.8000827008234,0.00275
"Federated: site-specific slopes","high",15,"1","Initiate by tau",2,10,385.7,0.809314378941792,0.62349076191768,1.97031088240852,31.9384144802776,181.660272883303,112.986559866428,0.293609258125752,0.0173265085786906,19.5390641475828,0.00362516769517828
"Federated: site-specific slopes","high",15,"1","Initiate by tau",3,10,374.7,0.790906749887634,0.5661637737001,2.98944261349903,36.8324490801874,181.660272883303,64.6396691206854,0.172137523644942,0.0161931457524098,21.7796931079955,0.00453521955304776
"Federated: site-specific slopes","high",15,"1","Initiate by tau",4,10,364.9,0.782893465050208,0.528712584040782,3.75704363807526,36.8324490801874,181.660272883303,40.97624403632,0.111820287928891,0.015620465998962,25.1733868776512,0.00548670017564538
"Federated: site-specific slopes","high",15,"1","Initiate by tau",5,10,356.8,1.05357906796355,0.505245654477318,4.50156354539512,60.7199328216442,1012.12964602069,34.269214050351,0.0954937917712842,0.00789145551791831,49.3891777172097,0.00589808658305024
"Federated: site-specific slopes","high",15,"1","Initiate by tau",6,10,348.2,1.02665670558935,0.490955095508684,4.5719040894945,31.9384144802776,1012.12964602069,42.5964026031074,0.122185312844241,0.00738669288603306,46.9173551705773,0.00547051265125595
"Federated: site-specific slopes","high",15,"1","Initiate by tau",7,10,339.3,1.04057148013973,0.48051931043488,5.44639296304569,31.9384144802776,1012.12964602069,39.6088065970819,0.116410572077752,0.00759407540614505,45.8652042927232,0.00561168857631524
"Federated: site-specific slopes","high",15,"1","Initiate by tau",8,10,331.9,1.04076469362089,0.469152667672154,5.85295541474077,31.9384144802776,1012.12964602069,38.1075298392706,0.114943537293742,0.00755408473077193,46.0839835481321,0.00573259897333077
"Federated: site-specific slopes","high",15,"1","Initiate by tau",9,10,325.5,1.04706049427367,0.460591959109648,6.27785738773759,31.9384144802776,1012.12964602069,35.9060925058601,0.109974006118691,0.00743741450044656,46.4091175461183,0.00584708764885607
"Federated: site-specific slopes","high",15,"1","Initiate by tau",10,10,318.6,1.05465604276758,0.453286385851973,6.55461273413354,31.9384144802776,1012.12964602069,34.1249893850472,0.106655461649282,0.00755669568328504,46.2888168822614,0.00597738329054568
"Federated: site-specific slopes","high",15,"1","Initiate by tau",11,10,310.6,1.0833028883259,0.445924054957594,7.35246633569584,43.2484524789956,1012.12964602069,26.9937661561041,0.0867580501921893,0.00755103866809529,47.2317858915715,0.00677494148511104
"Federated: site-specific slopes","high",15,"1","Initiate by tau",12,10,304.7,1.09519020095851,0.44255379477076,7.98626384122146,43.2484524789956,1012.12964602069,25.8202121161932,0.0845342661248142,0.00757446646935655,47.0156522549976,0.00691135135318919
"Federated: site-specific slopes","high",15,"1","Initiate by tau",13,10,299.1,1.09902634005674,0.438012593253067,8.19617319604112,43.2484524789956,1012.12964602069,24.7281145548896,0.0824484732425686,0.00755818695144292,47.1821871367277,0.00703865902109782
"Federated: site-specific slopes","high",15,"1","Initiate by tau",14,10,294.7,1.1064611030107,0.437784703330565,8.46198504172744,43.2484524789956,1012.12964602069,24.0541528508764,0.0811120353007917,0.0075745404711031,47.1820586303881,0.00715201873338521
"Federated: site-specific slopes","high",15,"1","Initiate by tau",15,10,9.8,20.2153376321124,162.897813640377,163.752277637113,43.2484524789956,1012.12964602069,2.76553195566861,0.29951340257974,0.113596424289447,4.28979690318967,0.223815351315351
"Federated: site-specific slopes","high",15,"2","Do not initiate by tau",1,10,590.1,0.738825493385743,0.767237069242649,0.820292215724664,0.987190171329591,1.24798392298073,589.592610949837,0.999138278259015,0.9985669780269,1.00086268801438,0
"Federated: site-specific slopes","high",15,"2","Do not initiate by tau",2,10,537.2,0.628136146522,0.678807119265708,0.756156919508007,0.923486759668418,1.91700550473633,535.475861432242,0.996775393282159,0.991495946479946,1.0032431283271,0
"Federated: site-specific slopes","high",15,"2","Do not initiate by tau",3,10,490.6,0.571949254125196,0.637537065690457,0.734648409446288,0.933899728870909,1.24168946143311,488.140661624608,0.994982497894688,0.991085197755247,1.00504881097338,0
"Federated: site-specific slopes","high",15,"2","Do not initiate by tau",4,10,450.9,0.537328981360463,0.61242215256534,0.722464411666764,0.90009116145994,2.05043676427209,446.867435919458,0.991036608638588,0.97704436388867,1.00909531589732,0
"Federated: site-specific slopes","high",15,"2","Do not initiate by tau",5,10,419.3,0.513534039224193,0.595385024309853,0.713800605602411,1.00002367331498,2.9800628194427,411.862741844207,0.982182403934122,0.94810573491673,1.01848179833401,0
"Federated: site-specific slopes","high",15,"2","Do not initiate by tau",6,10,391.5,0.495420248452161,0.585407348708907,0.72446730883717,0.937313864224109,1.74782618374643,386.84990592895,0.987970911926345,0.97482987017196,1.01222987892432,0
"Federated: site-specific slopes","high",15,"2","Do not initiate by tau",7,10,367.8,0.480602509192321,0.577795837087223,0.722657623713884,0.815807242492748,1.34911088917498,362.859859208858,0.986420185730199,0.973453950977022,1.01382276994555,0
"Federated: site-specific slopes","high",15,"2","Do not initiate by tau",8,10,346.6,0.469985402855956,0.570761705947767,0.726298420047582,0.879495630649521,1.25541982742472,341.664164101832,0.985562381019576,0.973107103999427,1.01470222212328,0
"Federated: site-specific slopes","high",15,"2","Do not initiate by tau",9,10,328.1,0.460036349048549,0.55329147484001,0.7311209612668,0.929113351679362,1.46987599968404,322.300623720987,0.98194511222999,0.959466683212998,1.01854625858639,0
"Federated: site-specific slopes","high",15,"2","Do not initiate by tau",10,10,312.4,0.450683539810111,0.546903165204204,0.709074584005963,0.864734536004946,1.30946819514851,307.477991807633,0.984051405765819,0.968409040406385,1.01628425942829,0
"Federated: site-specific slopes","high",15,"2","Do not initiate by tau",11,10,297.1,0.442497984637074,0.542023195109351,0.689772865383626,0.868695037772245,1.37366040198935,292.103738209328,0.982955156230215,0.966351670749948,1.01743470069998,0
"Federated: site-specific slopes","high",15,"2","Do not initiate by tau",12,10,283.2,0.436590512684611,0.535193922711658,0.688941571325859,0.946302156727818,1.53434293573095,277.135829554135,0.978478596515167,0.961050122149745,1.0220992416418,0
"Federated: site-specific slopes","high",15,"2","Do not initiate by tau",13,10,269.6,0.431899330651094,0.534059113007402,0.712888954408307,0.875324053113585,1.58816236230846,263.493404134839,0.977070708085415,0.952437087900935,1.02365655394859,0
"Federated: site-specific slopes","high",15,"2","Do not initiate by tau",14,10,258.8,0.42707098627653,0.529860482673954,0.706602360734081,0.892603581009762,1.46150089108368,253.251945929707,0.978244771741813,0.952854790435729,1.02242404136507,0
"Federated: site-specific slopes","high",15,"2","Do not initiate by tau",15,10,247.4,0.422818228942112,0.534544325884712,0.692041886254128,0.91532023670691,1.44662701057498,242.12244294507,0.978484590106854,0.962277105716314,1.02208797041198,0
"Federated: site-specific slopes","high",15,"2","Initiate by tau",1,10,600,1.01668577537408,0.77671007560634,6.59830988395865,63.7674647860952,141.032880044024,64.0092154205661,0.106682025700943,0.0340723659399203,14.6767086989906,0.00766666666666667
"Federated: site-specific slopes","high",15,"2","Initiate by tau",2,10,556.3,1.03882227927054,0.721650692264793,11.166621314075,70.5976068274652,141.032880044024,39.5465751916514,0.0710930223259309,0.03130215289215,18.3570299626594,0.0114979041644334
"Federated: site-specific slopes","high",15,"2","Initiate by tau",3,10,515.6,1.05827556367179,0.774802290164741,13.6319951849627,70.5976068274652,141.032880044024,33.8121514048465,0.065517440552449,0.0310422714621391,19.2871919713187,0.0135626898157816
"Federated: site-specific slopes","high",15,"2","Initiate by tau",4,10,481.7,1.04767507971196,1.13185059845157,14.3842009728339,68.5669201999614,134.249634276418,32.2580116499731,0.0667839585902795,0.0293025750204308,18.5293888718005,0.0139163467516949
"Federated: site-specific slopes","high",15,"2","Initiate by tau",5,10,452.9,1.04511989665868,1.33859754758793,14.9282492093102,68.5669201999614,134.249634276418,30.1771677184196,0.0663218128061578,0.0299256514221457,18.7504035122712,0.0143910738160909
"Federated: site-specific slopes","high",15,"2","Initiate by tau",6,10,427.5,1.05485102422164,1.59855427569605,15.8715609721696,68.5669201999614,134.249634276418,27.3741403980065,0.0638749572715731,0.0295406099086442,19.3002994825154,0.014520893233914
"Federated: site-specific slopes","high",15,"2","Initiate by tau",7,10,405.6,1.05582006998321,1.7838210447998,15.7203996948496,68.5669201999614,134.249634276418,26.2946406358718,0.0646872722139442,0.0294931618445685,19.6341161472056,0.0148149460385877
"Federated: site-specific slopes","high",15,"2","Initiate by tau",8,10,385.8,1.05119354843956,1.79755394176541,16.2466062936362,66.9379309488366,134.249634276418,26.3893134998981,0.0684546303991012,0.0293172781113351,19.1625649690467,0.0150284408459069
"Federated: site-specific slopes","high",15,"2","Initiate by tau",9,10,369.4,1.06824185383734,1.98547634791947,16.8719958390891,66.9379309488366,134.249634276418,24.827401934411,0.0672949118099474,0.0297163055117357,19.2720322217471,0.0157067813854882
"Federated: site-specific slopes","high",15,"2","Initiate by tau",10,10,354,1.08318617018898,2.12631735359971,17.7328020270788,66.9379309488366,134.249634276418,23.4213432291017,0.0663737721353381,0.0295125801874905,19.4816885632821,0.0163744796629257
"Federated: site-specific slopes","high",15,"2","Initiate by tau",11,10,338.3,1.10285948234884,2.24736861103584,18.697512986067,66.9379309488366,134.249634276418,22.1074978484058,0.0655014302568207,0.0297776945358985,19.5691217293742,0.0171288411046513
"Federated: site-specific slopes","high",15,"2","Initiate by tau",12,10,326.1,1.10408942627336,2.33110873665881,18.6990238357584,66.9379309488366,134.249634276418,21.0702526397,0.0644993046079668,0.0280093281220724,20.2019025772712,0.016883271082863
"Federated: site-specific slopes","high",15,"2","Initiate by tau",13,10,313.5,1.10856870414262,2.35302932736621,19.1862464627043,66.9379309488366,134.249634276418,19.7403620230799,0.0630419109901804,0.0282204284066051,20.3125754314968,0.0171891624999252
"Federated: site-specific slopes","high",15,"2","Initiate by tau",14,10,302.4,1.10797587691979,2.32173161799435,19.6693918709761,66.9379309488366,134.249634276418,18.6759579452347,0.0619801167328869,0.027876017688494,20.9329984421755,0.0165190607672208
"Federated: site-specific slopes","high",15,"2","Initiate by tau",15,10,44.5,5.15569001483823,28.0324575309208,70.6957542534979,66.9379309488366,134.249634276418,7.70768838504613,0.175235066144256,0.0944870651741766,6.65349716562175,0.114202219078141
"Federated: site-specific slopes","high",15,"3","Do not initiate by tau",1,10,739.4,0.7861088358765,0.935622032382293,1.17445991644288,1.83293863430555,3.39472574995393,727.749928190271,0.984251474636027,0.974756074253217,1.01602747246181,0
"Federated: site-specific slopes","high",15,"3","Do not initiate by tau",2,10,603.8,0.706392054973683,0.95219509872772,1.45795556017222,2.81439044613921,5.00119932578923,567.014721864439,0.939136254116599,0.906809698357435,1.06520469273609,0
"Federated: site-specific slopes","high",15,"3","Do not initiate by tau",3,10,507.3,0.65966936051979,0.937750473741195,1.41746333851209,3.35862488733703,9.55801558378682,442.854127518333,0.872136783880305,0.692711047332715,1.162798247377,0
"Federated: site-specific slopes","high",15,"3","Do not initiate by tau",4,10,435.4,0.628969087181991,0.927934476630846,1.44536718917645,2.18722890797314,26.4901350599995,371.286687091705,0.851367954151812,0.461912175758684,1.41885848908264,0.000233100233100233
"Federated: site-specific slopes","high",15,"3","Do not initiate by tau",5,10,377.1,0.604346673362654,0.894013704237017,1.51066124723883,2.64226043431206,5.95144733959055,333.346512894268,0.883752551120629,0.750605285940728,1.14046391450005,0
"Federated: site-specific slopes","high",15,"3","Do not initiate by tau",6,10,329.9,0.591056926704336,0.897706231436443,1.62414882370659,2.31775519957615,4.09868219738067,291.890244628444,0.884530151642039,0.806720259801936,1.13321758087679,0
"Federated: site-specific slopes","high",15,"3","Do not initiate by tau",7,10,294.8,0.579114635667278,0.908255685341405,1.54509536293192,2.74389260685867,4.11789379269135,256.539867154457,0.86956512239203,0.806375448041964,1.15280041991653,0
"Federated: site-specific slopes","high",15,"3","Do not initiate by tau",8,10,265.4,0.564343790287287,0.866262305708083,1.52043582517479,3.01070695993272,5.45810755494492,224.712741754354,0.84562887740775,0.742244197088587,1.19114243674585,0
"Federated: site-specific slopes","high",15,"3","Do not initiate by tau",9,10,241.1,0.548616969567875,0.85948563027719,1.34799824254718,1.78974794217683,2.82796226532367,218.081266449488,0.904623534634851,0.869379295039107,1.1062773430366,0
"Federated: site-specific slopes","high",15,"3","Do not initiate by tau",10,10,220.2,0.542925163209625,0.863248767321194,1.37658025222316,1.73073324536549,2.63354372544424,198.493488901904,0.901038628215824,0.839093387142027,1.11130074404291,0
"Federated: site-specific slopes","high",15,"3","Do not initiate by tau",11,10,202,0.537918247686417,0.841644582706093,1.40430178268763,1.60101646541281,3.07091131457462,180.463601383943,0.892766427135749,0.820244251183055,1.12238397192053,0
"Federated: site-specific slopes","high",15,"3","Do not initiate by tau",12,10,188,0.533013902996633,0.858714544715699,1.36480100568778,1.61611915341988,3.53092628405284,167.213040568868,0.889859013145687,0.802227213717265,1.12704016746156,0
"Federated: site-specific slopes","high",15,"3","Do not initiate by tau",13,10,174.2,0.524489311705223,0.855163517192824,1.33490204564577,1.44912019743203,2.25897879186602,156.766308747538,0.900275680859496,0.839756313659333,1.11259464951397,0
"Federated: site-specific slopes","high",15,"3","Do not initiate by tau",14,10,163.2,0.518849033291144,0.836588125564323,1.36665803819509,1.42293368973662,2.23999801680634,146.682209244791,0.899189992808211,0.836649171317353,1.11416254814677,0
"Federated: site-specific slopes","high",15,"3","Do not initiate by tau",15,10,152.5,0.516832352177667,0.847135098339799,1.392590524774,1.47600251631872,5.45421158310696,133.385901525441,0.875089005049488,0.690192527650616,1.16030102390636,0
"Federated: site-specific slopes","high",15,"3","Initiate by tau",1,10,800,1.01252853897457,1.48191410907938,7.03558789181505,32.8341740737987,77.1804170589905,232.634278359077,0.290792847948846,0.13257692272487,4.16344901417306,0.00575
"Federated: site-specific slopes","high",15,"3","Initiate by tau",2,10,708.2,1.01161063079979,2.19858355282905,8.28235390758401,32.8341740737987,77.1804170589905,173.097046651995,0.244064481305645,0.113562234528474,4.8942995529496,0.00678565159656875
"Federated: site-specific slopes","high",15,"3","Initiate by tau",3,10,627.9,1.0221355531254,2.55291778666614,9.14827065335082,32.8341740737987,77.1804170589905,133.0928774676,0.211782250179701,0.10437599857925,5.5229412116732,0.00796980799549285
"Federated: site-specific slopes","high",15,"3","Initiate by tau",4,10,558.8,1.02055976668988,2.77929562947779,9.32109960490791,32.8341740737987,77.1804170589905,108.069311809515,0.193349939986245,0.0969596270339425,5.99302729446886,0.00841373148743579
"Federated: site-specific slopes","high",15,"3","Initiate by tau",5,10,500.5,1.03067304374544,2.95255252952761,9.5847895725261,32.8341740737987,77.1804170589905,94.2415572847452,0.18778548252274,0.0914686387389611,6.2562796467795,0.00919685236722232
"Federated: site-specific slopes","high",15,"3","Initiate by tau",6,10,454.1,1.04692364649289,3.08637307279945,10.2100458416551,32.8341740737987,77.1804170589905,82.0605752555696,0.180192296528382,0.0871750877778007,6.55027972949487,0.0101437028282201
"Federated: site-specific slopes","high",15,"3","Initiate by tau",7,10,416.4,1.06745908053342,3.37290628184576,10.954247087382,32.8341740737987,77.1804170589905,72.7161877689551,0.174186059821902,0.0853509940491138,6.74326468715162,0.010840286705874
"Federated: site-specific slopes","high",15,"3","Initiate by tau",8,10,380,1.07828695209124,3.56175626218739,11.6146643744481,32.8341740737987,77.1804170589905,63.465044243496,0.166768733130196,0.0808441897062709,7.05082224227244,0.0113215631299406
"Federated: site-specific slopes","high",15,"3","Initiate by tau",9,10,354.3,1.08434512164611,3.69047438744197,11.6078965112101,32.8341740737987,77.1804170589905,57.4692823875633,0.162686863224372,0.0792316604806319,7.23802898313541,0.011270205770258
"Federated: site-specific slopes","high",15,"3","Initiate by tau",10,10,328.5,1.10231173463511,3.89507379535899,11.649104131691,32.8341740737987,77.1804170589905,52.3321668390172,0.1597801028466,0.0764279283031321,7.40557710583439,0.0115471597364837
"Federated: site-specific slopes","high",15,"3","Initiate by tau",11,10,306.5,1.09891028061916,3.80612960763458,11.6596716113319,32.8341740737987,77.1804170589905,47.2590685632572,0.15450677634823,0.0716915287284489,7.76318964890374,0.0114076059112642
"Federated: site-specific slopes","high",15,"3","Initiate by tau",12,10,288.1,1.10306030449573,3.82156362591443,12.0706203790488,32.8341740737987,77.1804170589905,43.0268973536593,0.149482571175219,0.0699216843656385,7.9614348972072,0.0118274547780699
"Federated: site-specific slopes","high",15,"3","Initiate by tau",13,10,271.3,1.12068168099913,3.9379849141038,12.482813027455,32.8341740737987,77.1804170589905,39.6526505997576,0.14665104516345,0.0687591571644944,8.11262523388276,0.0125466313118137
"Federated: site-specific slopes","high",15,"3","Initiate by tau",14,10,256.8,1.13136998866432,3.98768496356599,13.0712515835457,32.8341740737987,77.1804170589905,36.5806364779834,0.142823907089901,0.0666379079962495,8.31244172782186,0.0132499988519384
"Federated: site-specific slopes","high",15,"3","Initiate by tau",15,10,90.6,2.20737844608043,8.86519319876788,32.5380380507128,32.8341740737987,77.1804170589905,18.0046645200678,0.199723561397263,0.0940594300475387,5.83579929389173,0.0361232045849597
"Federated: site-specific slopes","high",15,"4","Do not initiate by tau",1,10,898.6,0.970857432330583,1.598664529141,2.78329409507261,5.6102138605934,9.40737206158251,759.475112560269,0.84518263095871,0.77751067848883,1.18551599763805,0
"Federated: site-specific slopes","high",15,"4","Do not initiate by tau",2,10,596.5,0.961791217508425,1.86269007807251,3.94589142356612,7.94715904991793,27.6051821050937,386.503044356751,0.647119947092935,0.43804696060737,1.60883120640004,0.000505498565850146
"Federated: site-specific slopes","high",15,"4","Do not initiate by tau",3,10,431.7,0.960248302514145,1.90350371890936,5.22439726808335,15.5021541581307,29.8860253431309,191.315115447364,0.443919938076552,0.290490076715831,2.42225224281539,0.00347163633760744
"Federated: site-specific slopes","high",15,"4","Do not initiate by tau",4,10,328.3,0.908128277289318,1.91896546735183,4.46155722682376,10.2816548630004,32.3326140745235,171.394264592014,0.522419259309547,0.245966382841643,2.20193212621644,0.00212041654651737
"Federated: site-specific slopes","high",15,"4","Do not initiate by tau",5,10,261,0.909174740558298,1.83717339248838,4.75193946586461,7.23366964548281,89.1190911298695,130.343350614233,0.499748176470635,0.101552104964658,4.11632885642808,0.00149815962990684
"Federated: site-specific slopes","high",15,"4","Do not initiate by tau",6,10,217.7,0.819053442455122,1.76788694411948,3.71617861432282,5.28756600062714,10.240042569618,144.156579228926,0.660542145368714,0.507308842435142,1.56042163102859,0.000490196078431373
"Federated: site-specific slopes","high",15,"4","Do not initiate by tau",7,10,180.8,0.8232293365837,1.79150677811288,4.13160601657491,5.32885439835679,15.6874039293519,108.082196899632,0.600562518209349,0.353348763289212,1.80995101258463,0.00106101542271755
"Federated: site-specific slopes","high",15,"4","Do not initiate by tau",8,10,154.4,0.804182594006128,1.81991176124721,4.05231820795061,5.1966668910821,10.7357696981579,98.1646055880178,0.63864841281323,0.458915872754035,1.62418891417796,0.000581395348837209
"Federated: site-specific slopes","high",15,"4","Do not initiate by tau",9,10,134.2,0.8199201919956,1.77209705762654,5.39526103950695,5.91336029637553,15.7774958191199,76.8029581796123,0.57386193494236,0.304224309693822,1.93205117107701,0.00211815410490907
"Federated: site-specific slopes","high",15,"4","Do not initiate by tau",10,10,118.1,0.826624849117638,1.91628351029077,5.35747821691796,6.01849913853536,18.2134872022735,66.3881813713445,0.566450409935146,0.30272649572001,1.99629829303904,0.00178529480855062
"Federated: site-specific slopes","high",15,"4","Do not initiate by tau",11,10,105.1,0.827177027996557,1.87880346949836,6.18304393115559,6.39994680202762,23.3138533987275,55.1975984173667,0.537478354845055,0.226493948964214,2.30462149546072,0.00272086333079939
"Federated: site-specific slopes","high",15,"4","Do not initiate by tau",12,10,94.8,0.815626169067416,1.93230794946016,5.79587815171642,6.51826470425615,12.8666825189088,49.8437203148827,0.536006608629245,0.293843643589827,2.12861105085704,0.00300389752221788
"Federated: site-specific slopes","high",15,"4","Do not initiate by tau",13,10,84.1,0.845654833872848,2.03238985693397,7.52153334199895,7.68574363519425,16.0615626725794,40.4834113185922,0.491140966931015,0.204148013970239,2.60234085678818,0.00356859806859807
"Federated: site-specific slopes","high",15,"4","Do not initiate by tau",14,10,75.8,0.85770339392435,2.01598590693725,7.92460094915744,4.88856690128451,24.6481943029928,38.3265637626259,0.517141849283883,0.13265389947185,2.94901435106143,0.00501582278481013
"Federated: site-specific slopes","high",15,"4","Do not initiate by tau",15,10,68.7,0.896285352213228,1.83373828906877,10.8364291247877,4.02815526968087,43.094350724943,34.6785030193473,0.510356282514155,0.0817398688767697,4.02125353645302,0.00559691615379525
"Federated: site-specific slopes","high",15,"4","Initiate by tau",1,10,1200,1.00779182077303,1.92375617575648,4.29678300940476,14.3932112487651,35.7760783111207,705.016299871155,0.587513583225962,0.394097653307901,1.77605495346012,0.00133333333333333
"Federated: site-specific slopes","high",15,"4","Initiate by tau",2,10,994.5,0.989149705780814,2.32585591876948,5.47076728958192,18.533709394993,35.7760783111207,453.459284649256,0.456222563201931,0.323497592544551,2.30077779025672,0.00200283547869045
"Federated: site-specific slopes","high",15,"4","Initiate by tau",3,10,814.5,0.997063158440494,2.48060545365233,6.26118636862812,21.8177419011671,35.7760783111207,301.52632591984,0.370028388494329,0.249590956121894,2.84951038663769,0.00392833002010832
"Federated: site-specific slopes","high",15,"4","Initiate by tau",4,10,683.6,0.977556187540501,2.57698761254308,6.41885827070433,15.2631195352336,35.7760783111207,259.615316123358,0.379483658857655,0.21593303602971,2.91209095924097,0.00353012689967131
"Federated: site-specific slopes","high",15,"4","Initiate by tau",5,10,573.7,0.986915725918071,2.67010177438673,6.66767812151966,16.5975677127877,89.1190911298695,201.437413492038,0.349740242494203,0.120948247849676,3.91802562023895,0.00334161857240507
"Federated: site-specific slopes","high",15,"4","Initiate by tau",6,10,492.8,0.953780576575477,2.61403403223831,6.19583472719256,14.3932112487651,29.3155241433764,190.181249473508,0.385837362628695,0.252313371311058,2.7444554537475,0.00284222769749777
"Federated: site-specific slopes","high",15,"4","Initiate by tau",7,10,429.9,0.960366141628223,2.74969450949119,6.45630229725537,15.0554527631973,29.3155241433764,160.539020723115,0.373582481794986,0.246697090877504,2.84090956866151,0.00300531447283363
"Federated: site-specific slopes","high",15,"4","Initiate by tau",8,10,381.7,0.961976900480851,2.77878332666967,6.64513963437625,14.3932112487651,29.3155241433764,142.046581836711,0.372861656164915,0.239245899546316,2.88772908063843,0.00308390966660114
"Federated: site-specific slopes","high",15,"4","Initiate by tau",9,10,344.8,0.965040938496287,2.82225827339678,7.19539999590201,14.3932112487651,29.3155241433764,123.298721579614,0.357763292247904,0.227138460573449,3.01586254696038,0.00368910146818209
"Federated: site-specific slopes","high",15,"4","Initiate by tau",10,10,308.8,0.974056340384484,2.95239812380737,7.22663121598469,15.2631195352336,29.3155241433764,105.509921969567,0.342010279266735,0.225993995867732,3.14830052435558,0.0038212476351494
"Federated: site-specific slopes","high",15,"4","Initiate by tau",11,10,281.2,0.981894545920767,3.01522278643839,8.02495978191923,15.2631195352336,29.3155241433764,91.4866236090323,0.325418297126098,0.214886581823232,3.33107373841342,0.00452055238185638
"Federated: site-specific slopes","high",15,"4","Initiate by tau",12,10,259.8,0.9858148648849,3.15122954608672,7.98573927033916,14.3932112487651,29.3155241433764,83.486231751704,0.320333589074659,0.205371678089291,3.36755069380112,0.00496846674932692
"Federated: site-specific slopes","high",15,"4","Initiate by tau",13,10,237.5,0.997483249937556,3.29365827335854,8.49430743953412,15.242532134811,29.3155241433764,73.3057445781631,0.306268114627548,0.19131583089767,3.55218790872951,0.00547419133603282
"Federated: site-specific slopes","high",15,"4","Initiate by tau",14,10,221.6,0.995499520558455,3.24253053721845,8.5806491967321,16.8383790726801,29.3155241433764,64.141326820387,0.285912485627999,0.180439418601083,3.89380134127435,0.00633191333063038
"Federated: site-specific slopes","high",15,"4","Initiate by tau",15,10,135.4,1.05716261870839,3.88681312467465,10.1337008932049,14.3932112487651,29.3155241433764,39.3726687851491,0.290706229586835,0.152836578425972,3.87727336186198,0.00650606676018839
"Federated: site-specific slopes","high",15,"5","Do not initiate by tau",1,10,1006.6,1.45460666473874,3.28761402098313,8.12112544564189,22.4968094921923,50.084013614602,483.564150964241,0.480243325677018,0.37285469693703,2.12851551189217,0.00624936113576364
"Federated: site-specific slopes","high",15,"5","Do not initiate by tau",2,10,513.5,1.5674974049988,4.09460646799951,10.9089342280843,26.5582203543137,116.783221925401,163.966235347287,0.31652159218409,0.100749283614506,4.19410083600332,0.0116111817570076
"Federated: site-specific slopes","high",15,"5","Do not initiate by tau",3,10,313.4,1.52771106927301,4.07756858042198,12.0557758568844,27.6513705640487,79.2320275119417,104.732614575158,0.335113453116539,0.136031550476017,3.81558243908377,0.0130612800901078
"Federated: site-specific slopes","high",15,"5","Do not initiate by tau",4,10,215.9,1.40033106185819,3.71919166152912,11.9096504187455,19.2771839406191,44.8686742122978,78.2207102895466,0.365391059528315,0.163768723084513,3.25195088403785,0.0081947141412156
"Federated: site-specific slopes","high",15,"5","Do not initiate by tau",5,10,160.2,1.36332504060864,3.60164556457915,11.6583242282478,15.9215438828978,32.1569782738593,58.7822424428226,0.362634553154304,0.223292605934521,3.03978580920905,0.0127753314176862
"Federated: site-specific slopes","high",15,"5","Do not initiate by tau",6,10,126.7,1.33531861468456,3.85898027453687,12.8494055347397,16.1910722885783,32.0563069809191,44.5008384330913,0.348371896878293,0.230139421041699,3.11752249142186,0.0110633133634118
"Federated: site-specific slopes","high",15,"5","Do not initiate by tau",7,10,101.6,1.40771098555771,3.96005322373667,17.3541487793444,18.4903888910243,40.8801095813391,29.4575019392639,0.288266961142859,0.133912459256973,4.18133327732302,0.0137719679908269
"Federated: site-specific slopes","high",15,"5","Do not initiate by tau",8,10,82.9,1.28689258844132,3.23376256583575,14.5819505840988,7.83001864390198,48.1611430120419,37.1193200414142,0.445216905609247,0.119734367427222,3.49613805419744,0.00736974817434588
"Federated: site-specific slopes","high",15,"5","Do not initiate by tau",9,10,70.1,1.46537476147536,3.92033509937303,20.363760337178,9.12678933102353,62.9032412659043,30.7355289667009,0.429590823136916,0.0737967775211656,4.8173898297387,0.0120552022178735
"Federated: site-specific slopes","high",15,"5","Do not initiate by tau",10,10,60.3,1.43436977733076,4.14653586481643,21.7856722831493,9.81880017032636,91.6195201360412,24.7715064977487,0.404307718452978,0.0741408108897078,5.06191214213318,0.0116938544176117
"Federated: site-specific slopes","high",15,"5","Do not initiate by tau",11,10,51.6,1.31637769858945,4.33458084473966,12.0687867659556,6.87018796997113,51.308300990733,23.3041660681004,0.45017928877215,0.175389020613585,2.99364249333053,0.0120729029424682
"Federated: site-specific slopes","high",15,"5","Do not initiate by tau",12,10,43.7,1.28126387119112,3.62464615308125,11.8465768032206,7.69883592063915,46.9129839319786,19.801646523424,0.446526329118588,0.150675877869281,3.0818141247857,0.00740430622009569
"Federated: site-specific slopes","high",15,"5","Do not initiate by tau",13,10,39.2,1.41805240004123,4.04002628960873,14.4069722295623,7.18712856872471,68.1058098019478,16.5242039821773,0.415099484282991,0.130212199608477,3.4108031539473,0.00834658187599364
"Federated: site-specific slopes","high",15,"5","Do not initiate by tau",14,10,34.9,1.51920257721537,4.5678871193507,15.5203891923045,6.86231628830368,93.3585170433955,15.7076781424053,0.450215847121626,0.159624542542876,3.34727838941065,0.00876887917329094
"Federated: site-specific slopes","high",15,"5","Do not initiate by tau",15,10,31,1.24349336417671,3.79560080765794,6.97320420499034,5.63330172095878,14.9820734956108,15.0915455291259,0.487965063768756,0.276911745886378,2.24427568919448,0.0032258064516129
"Federated: site-specific slopes","high",15,"5","Initiate by tau",1,10,2000,1.00485571806413,2.47767744479491,5.7242353831759,22.4968094921923,50.084013614602,800.229602622292,0.400114801311146,0.319859986034362,2.54704232002195,0.0033
"Federated: site-specific slopes","high",15,"5","Initiate by tau",2,10,1539,0.920869800723874,2.41648018856829,6.09163297114362,26.5582203543137,116.783221925401,419.571269872733,0.27251657932167,0.0922151360813197,4.73078422426136,0.004155438690933
"Federated: site-specific slopes","high",15,"5","Initiate by tau",3,10,1140.2,0.883331619096568,2.27469755351218,6.14807042393171,27.6513705640487,79.2320275119417,330.977873291602,0.2910531139899,0.130707271851057,4.14450654342222,0.00402082539351734
"Federated: site-specific slopes","high",15,"5","Initiate by tau",4,10,869.6,0.858196636756634,2.22513307628657,5.4967488591462,19.2771839406191,44.8686742122978,290.322731372292,0.334433238720776,0.17849332582277,3.35432093384356,0.00263402360698676
"Federated: site-specific slopes","high",15,"5","Initiate by tau",5,10,683.9,0.861370987601677,2.29930066280906,5.85429819881789,18.2904369714362,32.1569782738593,235.032859525091,0.343884690802096,0.234101446762166,3.06880395319606,0.00366297168320753
"Federated: site-specific slopes","high",15,"5","Initiate by tau",6,10,556.7,0.872105907242626,2.35094969579188,5.96179922750563,16.1910722885783,32.0563069809191,191.016528230438,0.343630556885376,0.254907225604517,3.06752632834502,0.0034227932262806
"Federated: site-specific slopes","high",15,"5","Initiate by tau",7,10,465.6,0.89719306374296,2.43685069563695,6.0027918815901,19.607175081165,40.8801095813391,139.113880332154,0.298636435093626,0.175587073712663,3.67971251598921,0.00389275720274751
"Federated: site-specific slopes","high",15,"5","Initiate by tau",8,10,395.5,0.879167570732133,2.3848894564506,5.9525117174177,9.33281591090864,48.1611430120419,145.407088971025,0.367877734327617,0.139903599660782,3.5096513219446,0.00253596285273533
"Federated: site-specific slopes","high",15,"5","Initiate by tau",9,10,343.7,0.918913893815935,2.46319294267481,6.81742535549775,9.68110685858597,62.9032412659043,114.390585015636,0.332737457458802,0.0688243797694183,5.24573190562494,0.00350251531870957
"Federated: site-specific slopes","high",15,"5","Initiate by tau",10,10,304,0.92924522668746,2.58154901951059,7.00283328627139,9.96880230088977,91.6195201360412,103.800661794928,0.34185740997476,0.077398198470305,5.11676038532134,0.00361405985082345
"Federated: site-specific slopes","high",15,"5","Initiate by tau",11,10,267.5,0.920091288088727,2.6251117368783,7.250929994663,11.2204844420783,51.308300990733,94.1233059842921,0.350564663457927,0.150036956714641,3.51062568270501,0.00381972850566794
"Federated: site-specific slopes","high",15,"5","Initiate by tau",12,10,241,0.909307500332657,2.71550543513956,6.6789221707244,10.0640987102288,46.9129839319786,84.1221487154091,0.348277059466362,0.149727932791588,3.49410635930969,0.00295660223107309
"Federated: site-specific slopes","high",15,"5","Initiate by tau",13,10,218.4,0.940246097822437,2.90918427545381,6.86089993487926,10.4704341413329,68.1058098019478,73.0125293750374,0.33428823061732,0.123292098850384,4.11939995413143,0.00323891224152321
"Federated: site-specific slopes","high",15,"5","Initiate by tau",14,10,200.4,0.962430462896522,3.00174549544032,7.15039370552601,9.98064370491601,93.3585170433955,69.093057971691,0.342182787760702,0.105019230572136,4.7039678410808,0.00359668733956468
"Federated: site-specific slopes","high",15,"5","Initiate by tau",15,10,150.3,0.847837829363425,2.71496765561026,7.24531435395624,8.74572802972395,20.5633185646615,52.722202541458,0.351114786020012,0.193505557907101,3.14606918436625,0.00265105561796135
"Federated: site-specific slopes","high",15,"Overall","Do not initiate by tau",1,1,3662,1.00276218594012,1.87062591232656,4.27382222644139,20.2138041715518,20.2138041715518,2154.51348309019,0.588343386971652,0.588343386971652,1.69968766904519,0.00136537411250683
"Federated: site-specific slopes","high",15,"Overall","Do not initiate by tau",2,1,2627,0.894988093446291,1.67375940005293,4.83490592157019,39.0066940033168,39.0066940033168,978.043252978493,0.37230424551903,0.37230424551903,2.6859752797229,0.00228397411496003
"Federated: site-specific slopes","high",15,"Overall","Do not initiate by tau",3,1,2108,0.86087896329961,1.51722850622104,4.54450679130214,79.2320275119417,79.2320275119417,305.264578718619,0.144812418746973,0.144812418746973,6.90548510033021,0.00284629981024668
"Federated: site-specific slopes","high",15,"Overall","Do not initiate by tau",4,1,1766,0.728788404351547,1.41866153383608,3.3982991446938,23.3132739869229,23.3132739869229,746.546410613516,0.422732961842308,0.422732961842308,2.36555956186125,0.00113250283125708
"Federated: site-specific slopes","high",15,"Overall","Do not initiate by tau",5,1,1561,0.696403647160789,1.23548364560898,3.00427986784046,32.1569782738593,32.1569782738593,429.007489205644,0.274828628575044,0.274828628575044,3.63863111781654,0.0025624599615631
"Federated: site-specific slopes","high",15,"Overall","Do not initiate by tau",6,1,1398,0.646428284386218,1.14854422712849,3.14890444809026,23.70186928366,23.70186928366,532.444818730113,0.380861815972899,0.380861815972899,2.62562419770418,0.000715307582260372
"Federated: site-specific slopes","high",15,"Overall","Do not initiate by tau",7,1,1281,0.631888448121145,1.03482112806402,2.65157349451638,40.8801095813391,40.8801095813391,252.5577721767,0.197156730817096,0.197156730817096,5.0721068251416,0.00156128024980484
"Federated: site-specific slopes","high",15,"Overall","Do not initiate by tau",8,1,1184,0.625760950710332,1.0536511864758,2.999687232821,48.1611430120419,48.1611430120419,181.485078252704,0.15328131609181,0.15328131609181,6.52395233481055,0.000844594594594595
"Federated: site-specific slopes","high",15,"Overall","Do not initiate by tau",9,1,1100,0.610984296384196,0.921059713152531,1.95204207008327,59.9562517834774,59.9562517834774,108.037303695179,0.0982157306319806,0.0982157306319806,10.1816683902404,0.000909090909090909
"Federated: site-specific slopes","high",15,"Overall","Do not initiate by tau",10,1,1038,0.643279776261648,0.902706431169064,2.28861604702868,91.6195201360412,91.6195201360412,49.4536392247335,0.0476431977116893,0.0476431977116893,20.9893552076722,0.00192678227360308
"Federated: site-specific slopes","high",15,"Overall","Do not initiate by tau",11,1,965,0.532916673251409,0.839040577866278,2.35543126477781,9.4047894832874,9.4047894832874,574.660632829464,0.595503246455403,0.595503246455403,1.67925197041708,0
"Federated: site-specific slopes","high",15,"Overall","Do not initiate by tau",12,1,914,0.530711925836075,0.853386664130927,2.24590113529688,12.5159704190574,12.5159704190574,462.046434947358,0.505521263618553,0.505521263618553,1.97815615675973,0.00109409190371991
"Federated: site-specific slopes","high",15,"Overall","Do not initiate by tau",13,1,863,0.530983807090077,0.816339925413179,2.52654052196759,16.0615626725794,16.0615626725794,320.147081512273,0.370969966989887,0.370969966989887,2.69563600556177,0.00115874855156431
"Federated: site-specific slopes","high",15,"Overall","Do not initiate by tau",14,1,826,0.539791882665504,0.799021339119117,2.23090752447885,24.6481943029928,24.6481943029928,187.798269093399,0.22735867928983,0.22735867928983,4.39833659802901,0.00242130750605327
"Federated: site-specific slopes","high",15,"Overall","Do not initiate by tau",15,1,789,0.564306968392635,0.813061787876147,2.25375178518827,43.094350724943,43.094350724943,84.0456431450003,0.106521727686946,0.106521727686946,9.38775611055498,0.00253485424588086
"Federated: site-specific slopes","high",15,"Overall","Initiate by tau",1,1,5000,0.985277656137725,2.00269398786699,5.26202433219252,95.2034752592239,95.2034752592239,1148.20612813248,0.229641225626496,0.229641225626496,4.35461880710595,0.003
"Federated: site-specific slopes","high",15,"Overall","Initiate by tau",2,1,4165,0.931048699741511,2.05031181917289,6.23971311165847,95.2034752592239,95.2034752592239,685.60638753242,0.164611377558804,0.164611377558804,6.0749142302923,0.00432172869147659
"Federated: site-specific slopes","high",15,"Overall","Initiate by tau",3,1,3451,0.951548416937241,2.13427371871223,6.4421995168716,95.2034752592239,95.2034752592239,396.193762350456,0.114805494740787,0.114805494740787,8.71038448340687,0.00521587945523037
"Federated: site-specific slopes","high",15,"Overall","Initiate by tau",4,1,2933,0.916493740477889,2.26490636869572,7.49042418300924,95.2034752592239,95.2034752592239,382.664140365467,0.130468510182566,0.130468510182566,7.66468474730559,0.00545516535969997
"Federated: site-specific slopes","high",15,"Overall","Initiate by tau",5,1,2573,0.927873209987409,2.30655052352597,8.43403378671832,95.2034752592239,95.2034752592239,295.500974040591,0.114846861267233,0.114846861267233,8.70724710249708,0.00699572483482316
"Federated: site-specific slopes","high",15,"Overall","Initiate by tau",6,1,2284,0.90800566606146,2.30488920538112,8.08932199732543,95.2034752592239,95.2034752592239,248.834827228692,0.108946947122895,0.108946947122895,9.17877945558194,0.00612959719789842
"Federated: site-specific slopes","high",15,"Overall","Initiate by tau",7,1,2066,0.914821800507062,2.31345572753745,8.44134362847811,95.2034752592239,95.2034752592239,197.567564735029,0.0956280565029181,0.0956280565029181,10.4571820924697,0.00677637947725073
"Federated: site-specific slopes","high",15,"Overall","Initiate by tau",8,1,1892,0.924399756800366,2.32969713143357,8.54002352212479,95.2034752592239,95.2034752592239,166.66991527502,0.0880919213927165,0.0880919213927165,11.3517787351007,0.00687103594080338
"Federated: site-specific slopes","high",15,"Overall","Initiate by tau",9,1,1738,0.9353530458412,2.33588389357935,8.80590698083391,95.2034752592239,95.2034752592239,135.944229454607,0.0782187741395895,0.0782187741395895,12.784654464354,0.00747986191024166
"Federated: site-specific slopes","high",15,"Overall","Initiate by tau",10,1,1613,0.966344422891322,2.39019631458657,9.34923847558975,95.2034752592239,95.2034752592239,100.81159383073,0.0624994382087602,0.0624994382087602,16.0001438198501,0.00867947923124613
"Federated: site-specific slopes","high",15,"Overall","Initiate by tau",11,1,1498,0.909957915509271,2.43931002553413,8.9150635127196,95.2034752592239,95.2034752592239,120.055235017773,0.0801436815872981,0.0801436815872981,12.4775900007879,0.00801068090787717
"Federated: site-specific slopes","high",15,"Overall","Initiate by tau",12,1,1424,0.923827228505347,2.55967339246205,9.31548301296827,95.2034752592239,95.2034752592239,111.628183986209,0.0783905786420008,0.0783905786420008,12.7566350105268,0.00912921348314607
"Federated: site-specific slopes","high",15,"Overall","Initiate by tau",13,1,1340,0.929330394998009,2.57304675123726,9.99316887234569,95.2034752592239,95.2034752592239,100.066841137443,0.0746767471174949,0.0746767471174949,13.3910492703521,0.00970149253731343
"Federated: site-specific slopes","high",15,"Overall","Initiate by tau",14,1,1273,0.92724328266539,2.40414604179309,10.629113144524,95.2034752592239,95.2034752592239,89.3466319591931,0.070185885278235,0.070185885278235,14.2478789864336,0.0102120974076984
"Federated: site-specific slopes","high",15,"Overall","Initiate by tau",15,1,421,1.70484547234933,5.02456383814377,20.3056848761663,95.2034752592239,95.2034752592239,35.483437365189,0.0842836992047244,0.0842836992047244,11.8646904376018,0.0261282660332542
"Pooled site FE: shared slopes","high",15,"1","Do not initiate by tau",1,1,399,0.734497600520488,0.740209092436163,0.745579531590516,0.750688246553783,0.750688246553783,398.995045178027,0.999987581899816,0.999987581899816,1.00001241825439,0
"Pooled site FE: shared slopes","high",15,"1","Do not initiate by tau",2,1,377,0.615290966323413,0.622989801198289,0.632795250982251,0.640281302092878,0.640281302092878,376.984129522258,0.999957903242065,0.999957903242065,1.00004209853015,0
"Pooled site FE: shared slopes","high",15,"1","Do not initiate by tau",3,1,368,0.553385607365185,0.564419136717159,0.576846058013375,0.595996150333619,0.595996150333619,367.961001746877,0.99989402648608,0.99989402648608,1.0001059847455,0
"Pooled site FE: shared slopes","high",15,"1","Do not initiate by tau",4,1,352,0.51069070798863,0.520849822936195,0.533774917690082,0.54985117097016,0.54985117097016,351.953930794725,0.999869121575924,0.999869121575924,1.00013089555548,0
"Pooled site FE: shared slopes","high",15,"1","Do not initiate by tau",5,1,346,0.485220640571524,0.496943321653713,0.511693756758478,0.536259294271999,0.536259294271999,345.935357091634,0.999813170785071,0.999813170785071,1.00018686412661,0
"Pooled site FE: shared slopes","high",15,"1","Do not initiate by tau",6,1,334,0.464469695490493,0.479219958570699,0.497048004696659,0.500646484514924,0.500646484514924,333.924976866653,0.999775379840278,0.999775379840278,1.00022467062527,0
"Pooled site FE: shared slopes","high",15,"1","Do not initiate by tau",7,1,324,0.44896612967516,0.462205892142939,0.479818671906672,0.485661052221966,0.485661052221966,323.917027943883,0.999743913407046,0.999743913407046,1.0002561521901,0
"Pooled site FE: shared slopes","high",15,"1","Do not initiate by tau",8,1,319,0.439994213515745,0.453360356536347,0.472447014781331,0.478078814023901,0.478078814023901,318.912620180274,0.999726082069824,0.999726082069824,1.00027399298177,0
"Pooled site FE: shared slopes","high",15,"1","Do not initiate by tau",9,1,314,0.430744770672368,0.445002640032314,0.463797362228232,0.469235933551291,0.469235933551291,313.900675974068,0.999683681446076,0.999683681446076,1.00031641864301,0
"Pooled site FE: shared slopes","high",15,"1","Do not initiate by tau",10,1,310,0.423459333455184,0.437954658762633,0.458989851866954,0.463945788381302,0.463945788381302,309.886567001379,0.999634087101223,0.999634087101223,1.00036604684004,0
"Pooled site FE: shared slopes","high",15,"1","Do not initiate by tau",11,1,301,0.415375432148556,0.430024264186517,0.452935728552714,0.47062457386501,0.47062457386501,300.866250708222,0.999555650193428,0.999555650193428,1.0004445473411,0
"Pooled site FE: shared slopes","high",15,"1","Do not initiate by tau",12,1,296,0.40828373632738,0.423894395409881,0.450820240488469,0.463840303381674,0.463840303381674,295.852315225984,0.99950106495265,0.99950106495265,1.0004991841078,0
"Pooled site FE: shared slopes","high",15,"1","Do not initiate by tau",13,1,292,0.402217126924344,0.417759123041528,0.447761428988081,0.464540162262849,0.464540162262849,291.833332056741,0.999429219372401,0.999429219372401,1.00057110660418,0
"Pooled site FE: shared slopes","high",15,"1","Do not initiate by tau",14,1,288,0.399175935540371,0.415927309632337,0.448826643628202,0.464221019683498,0.464221019683498,287.815631465649,0.999359831477947,0.999359831477947,1.00064057860031,0
"Pooled site FE: shared slopes","high",15,"1","Do not initiate by tau",15,1,281,0.394770516809304,0.410801809956898,0.432453656529965,0.478705172666076,0.478705172666076,280.815531176723,0.999343527319298,0.999343527319298,1.00065690392018,0
"Pooled site FE: shared slopes","high",15,"1","Initiate by tau",1,1,400,0.86449980695151,0.740379788594566,0.747924732409804,52.7353801729292,52.7353801729292,39.9087062937343,0.0997717657343358,0.0997717657343358,10.0228756366076,0.0025
"Pooled site FE: shared slopes","high",15,"1","Initiate by tau",2,1,381,0.809529810191136,0.623732445853199,3.91866420623027,52.7353801729292,52.7353801729292,30.3143898551474,0.0795653277037989,0.0795653277037989,12.568288585736,0.005249343832021
"Pooled site FE: shared slopes","high",15,"1","Initiate by tau",3,1,373,0.756859608342618,0.566541747754473,4.32976498485436,52.7353801729292,52.7353801729292,25.6025457086582,0.0686395327309871,0.0686395327309871,14.5688637467742,0.00536193029490617
"Pooled site FE: shared slopes","high",15,"1","Initiate by tau",4,1,358,0.74322569343332,0.525590420523582,7.51479985358233,52.7353801729292,52.7353801729292,22.4711827866531,0.0627686670018244,0.0627686670018244,15.9315156393386,0.00558659217877095
"Pooled site FE: shared slopes","high",15,"1","Initiate by tau",5,1,353,0.723737849888043,0.502410357767596,7.52211651442632,52.7353801729292,52.7353801729292,20.7745123668665,0.0588513098211517,0.0588513098211517,16.9919752515107,0.0056657223796034
"Pooled site FE: shared slopes","high",15,"1","Initiate by tau",6,1,342,0.72932899674086,0.484604405755904,7.5382131682831,52.7353801729292,52.7353801729292,19.5808859106296,0.057254052370262,0.057254052370262,17.4660125982524,0.00584795321637427
"Pooled site FE: shared slopes","high",15,"1","Initiate by tau",7,1,332,0.716637026506018,0.471186409542975,7.2312869987305,52.7353801729292,52.7353801729292,17.7191941223581,0.0533710666336087,0.0533710666336087,18.7367437653997,0.00602409638554217
"Pooled site FE: shared slopes","high",15,"1","Initiate by tau",8,1,326,0.691147286742105,0.459168116438997,6.85976663167595,52.7353801729292,52.7353801729292,16.1941360826343,0.0496752640571604,0.0496752640571604,20.1307435195376,0.00613496932515337
"Pooled site FE: shared slopes","high",15,"1","Initiate by tau",9,1,321,0.686011586783574,0.45176954512453,6.87901217872452,52.7353801729292,52.7353801729292,15.4859853619685,0.0482429450528613,0.0482429450528613,20.7284194384126,0.00623052959501558
"Pooled site FE: shared slopes","high",15,"1","Initiate by tau",10,1,317,0.682108059108867,0.446850395057601,6.89440861636335,52.7353801729292,52.7353801729292,14.9438036576819,0.0471413364595645,0.0471413364595645,21.2128054718548,0.00630914826498423
"Pooled site FE: shared slopes","high",15,"1","Initiate by tau",11,1,308,0.681765800139997,0.438901655424983,6.92905060105077,52.7353801729292,52.7353801729292,14.1096221517121,0.0458104615315329,0.0458104615315329,21.8290749878533,0.00649350649350649
"Pooled site FE: shared slopes","high",15,"1","Initiate by tau",12,1,303,0.67923381953567,0.435034236882861,6.94829614809932,52.7353801729292,52.7353801729292,13.5652402916642,0.0447697699394857,0.0447697699394857,22.3365007537827,0.0066006600660066
"Pooled site FE: shared slopes","high",15,"1","Initiate by tau",13,1,299,0.676933988054556,0.427750393202557,6.96369258573817,52.7353801729292,52.7353801729292,13.1289760750782,0.0439096189801947,0.0439096189801947,22.7740532308205,0.00668896321070234
"Pooled site FE: shared slopes","high",15,"1","Initiate by tau",14,1,295,0.677689934922138,0.427691614659604,6.97908902337703,52.7353801729292,52.7353801729292,12.8141382691503,0.0434377568445774,0.0434377568445774,23.02144660872,0.00677966101694915
"Pooled site FE: shared slopes","high",15,"1","Initiate by tau",15,1,7,12.136551623772,52.7353801729292,52.7353801729292,52.7353801729292,52.7353801729292,2.34861293411797,0.335516133445425,0.335516133445425,2.98048260669605,0.285714285714286
"Pooled site FE: shared slopes","high",15,"2","Do not initiate by tau",1,1,593,0.746565838895361,0.782805780504588,0.824480982054452,0.973606134826838,0.973606134826838,592.516171362814,0.999184100105926,0.999184100105926,1.00081656613029,0
"Pooled site FE: shared slopes","high",15,"2","Do not initiate by tau",2,1,542,0.635961213644544,0.699728870540728,0.792391404739966,1.01074233552777,1.01074233552777,540.028628638782,0.996362783466388,0.996362783466388,1.00365049417137,0
"Pooled site FE: shared slopes","high",15,"2","Do not initiate by tau",3,1,490,0.578078663852869,0.650923637196905,0.756286740183966,1.34914961924126,1.34914961924126,486.133375486457,0.992108929564198,0.992108929564198,1.0079538347057,0
"Pooled site FE: shared slopes","high",15,"2","Do not initiate by tau",4,1,450,0.538454887689421,0.617103229484885,0.7464869048875,0.975732478382302,0.975732478382302,446.759950821369,0.992799890714154,0.992799890714154,1.00725232683161,0
"Pooled site FE: shared slopes","high",15,"2","Do not initiate by tau",5,1,421,0.516073544348973,0.604347466970257,0.736114779546452,1.0459802493741,1.0459802493741,416.708482721047,0.989806372259019,0.989806372259019,1.01029860791633,0
"Pooled site FE: shared slopes","high",15,"2","Do not initiate by tau",6,1,394,0.496778642216803,0.599370258841097,0.730683737324111,0.897363278895124,0.897363278895124,389.856479367372,0.989483450170995,0.989483450170995,1.01062832311868,0
"Pooled site FE: shared slopes","high",15,"2","Do not initiate by tau",7,1,375,0.485261192782976,0.586851678069902,0.760703167442237,0.951355447183022,0.951355447183022,369.389030821267,0.985037415523379,0.985037415523379,1.01518986410143,0
"Pooled site FE: shared slopes","high",15,"2","Do not initiate by tau",8,1,356,0.475723807233277,0.573889447937721,0.757712831146018,0.770710561623997,0.770710561623997,351.497343964746,0.987352089788612,0.987352089788612,1.01280992904375,0
"Pooled site FE: shared slopes","high",15,"2","Do not initiate by tau",9,1,337,0.467667038177481,0.57801012751095,0.776158738225284,0.806884710272905,0.806884710272905,332.006447359307,0.985182336377767,0.985182336377767,1.01504052912349,0
"Pooled site FE: shared slopes","high",15,"2","Do not initiate by tau",10,1,320,0.462918962331497,0.585220620550557,0.793207224150966,1.0120176081351,1.0120176081351,313.253059020121,0.978915809437879,0.978915809437879,1.02153830835997,0
"Pooled site FE: shared slopes","high",15,"2","Do not initiate by tau",11,1,299,0.450395784115599,0.552300623078008,0.679687466865211,0.889231014694617,0.889231014694617,294.559276543916,0.985148082086677,0.985148082086677,1.01507582279596,0
"Pooled site FE: shared slopes","high",15,"2","Do not initiate by tau",12,1,283,0.445106544854312,0.550649011575184,0.693726877421585,1.01652284579447,1.01652284579447,277.661830722877,0.981137211034903,0.981137211034903,1.01922543427458,0
"Pooled site FE: shared slopes","high",15,"2","Do not initiate by tau",13,1,268,0.439120724337103,0.559230976978192,0.712768012611944,0.798577307247883,0.798577307247883,263.57499655401,0.983488793111977,0.983488793111977,1.01678840369475,0
"Pooled site FE: shared slopes","high",15,"2","Do not initiate by tau",14,1,261,0.435987518321616,0.555725495553314,0.736804425403195,0.79902714448574,0.79902714448574,256.483188995129,0.982694210709306,0.982694210709306,1.01761055382447,0
"Pooled site FE: shared slopes","high",15,"2","Do not initiate by tau",15,1,253,0.434308518296769,0.572455346766104,0.787393384159855,0.826074313533698,0.826074313533698,247.414677395038,0.977923626067345,0.977923626067345,1.02257474238702,0
"Pooled site FE: shared slopes","high",15,"2","Initiate by tau",1,1,600,0.973508605988633,0.792993514925531,3.70192503993158,93.2852485519872,93.2852485519872,35.8182177204409,0.0596970295340681,0.0596970295340681,16.75125224496,0.005
"Pooled site FE: shared slopes","high",15,"2","Initiate by tau",2,1,554,0.928540610647965,0.722900412470506,6.07894744913406,93.2852485519872,93.2852485519872,26.6301291016954,0.0480688250933131,0.0480688250933131,20.8035041018532,0.0072202166064982
"Pooled site FE: shared slopes","high",15,"2","Initiate by tau",3,1,514,0.986209885293632,0.779584182143615,10.5368966604653,93.2852485519872,93.2852485519872,24.6086926477431,0.0478768339450256,0.0478768339450256,20.8869283451,0.00972762645914397
"Pooled site FE: shared slopes","high",15,"2","Initiate by tau",4,1,484,1.00826241088975,1.29244322986187,10.8884991620641,93.2852485519872,93.2852485519872,22.7306235287687,0.0469640981999354,0.0469640981999354,21.2928606814253,0.0103305785123967
"Pooled site FE: shared slopes","high",15,"2","Initiate by tau",5,1,458,1.01496124324947,1.51872953561751,11.3375147133247,93.2852485519872,93.2852485519872,20.6573736228359,0.0451034358577203,0.0451034358577203,22.1712599269493,0.0109170305676856
"Pooled site FE: shared slopes","high",15,"2","Initiate by tau",6,1,437,1.01906167743377,1.65280282756833,11.9472557901285,93.2852485519872,93.2852485519872,19.0060534570183,0.0434921131739549,0.0434921131739549,22.9926744649153,0.011441647597254
"Pooled site FE: shared slopes","high",15,"2","Initiate by tau",7,1,418,1.03000558401812,1.64896949809862,12.4989262881892,93.2852485519872,93.2852485519872,17.7846559290761,0.0425470237537706,0.0425470237537706,23.5034066257426,0.0119617224880383
"Pooled site FE: shared slopes","high",15,"2","Initiate by tau",8,1,400,1.04406469448547,1.69144065211961,13.0215614968783,93.2852485519872,93.2852485519872,16.7481730361585,0.0418704325903962,0.0418704325903962,23.8832020147165,0.0125
"Pooled site FE: shared slopes","high",15,"2","Initiate by tau",9,1,384,1.06081954916154,1.76720953694581,13.4861261268241,93.2852485519872,93.2852485519872,15.9381198480203,0.0415055204375529,0.0415055204375529,24.0931806048439,0.0130208333333333
"Pooled site FE: shared slopes","high",15,"2","Initiate by tau",10,1,367,1.08528203937249,2.13787076573495,13.9797260461416,93.2852485519872,93.2852485519872,15.2431444534706,0.041534453551691,0.041534453551691,24.0763971712176,0.0136239782016349
"Pooled site FE: shared slopes","high",15,"2","Initiate by tau",11,1,346,1.11609243155174,2.87797519641419,14.8313572357762,93.2852485519872,93.2852485519872,14.3354192635955,0.0414318475826459,0.0414318475826459,24.1360223679443,0.0144508670520231
"Pooled site FE: shared slopes","high",15,"2","Initiate by tau",12,1,332,1.1377756551467,2.98379654887861,15.4043985777801,93.2852485519872,93.2852485519872,13.7249898339728,0.0413403308252192,0.0413403308252192,24.1894532539628,0.0150602409638554
"Pooled site FE: shared slopes","high",15,"2","Initiate by tau",13,1,319,1.16297479345147,3.01898611895202,15.9365083953551,93.2852485519872,93.2852485519872,13.2429256774381,0.0415138735969846,0.0415138735969846,24.088332727222,0.0156739811912226
"Pooled site FE: shared slopes","high",15,"2","Initiate by tau",14,1,309,1.13223977388963,2.25651268480276,16.3458236396435,93.2852485519872,93.2852485519872,11.9439690299426,0.0386536214561249,0.0386536214561249,25.8707971550631,0.0129449838187702
"Pooled site FE: shared slopes","high",15,"2","Initiate by tau",15,1,48,4.85741504897644,19.4928528009093,93.2852485519872,93.2852485519872,93.2852485519872,5.33629955082785,0.111172907308914,0.111172907308914,8.99499729031394,0.0833333333333333
"Pooled site FE: shared slopes","high",15,"3","Do not initiate by tau",1,1,743,0.785937246700312,0.921410044039259,1.19286610793885,1.642536753607,1.642536753607,734.064050768033,0.987973150428039,0.987973150428039,1.01217325548447,0
"Pooled site FE: shared slopes","high",15,"3","Do not initiate by tau",2,1,612,0.7015221042229,0.928001264278561,1.52062659691212,2.23529656118472,2.23529656118472,581.88670856889,0.950795275439364,0.950795275439364,1.05175112438153,0
"Pooled site FE: shared slopes","high",15,"3","Do not initiate by tau",3,1,508,0.649486080128118,0.894610697507179,1.23897541792118,4.44907400578061,4.44907400578061,461.04444412821,0.907567803401989,0.907567803401989,1.1018460507871,0
"Pooled site FE: shared slopes","high",15,"3","Do not initiate by tau",4,1,426,0.610630991935159,0.855353023108112,1.42229648535929,1.68092140465102,1.68092140465102,401.451032344326,0.942373315362268,0.942373315362268,1.06115059042772,0
"Pooled site FE: shared slopes","high",15,"3","Do not initiate by tau",5,1,375,0.593873802046315,0.84614875804262,1.65862330205773,1.94657350745967,1.94657350745967,344.799790454523,0.919466107878727,0.919466107878727,1.08758766792076,0
"Pooled site FE: shared slopes","high",15,"3","Do not initiate by tau",6,1,334,0.587888817053032,0.880825845336917,1.96455610803011,2.86848005180198,2.86848005180198,290.028860015408,0.868349880285651,0.868349880285651,1.15160953286599,0
"Pooled site FE: shared slopes","high",15,"3","Do not initiate by tau",7,1,303,0.578586903177086,0.940983730787083,1.64647455164209,2.60022140007026,2.60022140007026,262.748284932409,0.867156055882539,0.867156055882539,1.15319496786799,0
"Pooled site FE: shared slopes","high",15,"3","Do not initiate by tau",8,1,268,0.561348517463233,0.916985680136508,1.31393728290929,2.9820550586212,2.9820550586212,234.642501350666,0.875531721457708,0.875531721457708,1.14216307129919,0
"Pooled site FE: shared slopes","high",15,"3","Do not initiate by tau",9,1,238,0.538640270797368,0.812916780879566,1.25648740008745,1.34614916930606,1.34614916930606,221.684444410922,0.931447245424042,0.931447245424042,1.0735981075823,0
"Pooled site FE: shared slopes","high",15,"3","Do not initiate by tau",10,1,217,0.530280969943935,0.780678207342003,1.37011222802415,1.45985942210835,1.45985942210835,200.07050483867,0.921983893265759,0.921983893265759,1.08461764603924,0
"Pooled site FE: shared slopes","high",15,"3","Do not initiate by tau",11,1,202,0.535577826081743,0.795747545092755,1.7385288645372,1.95842316248439,1.95842316248439,177.285165016284,0.87764933176378,0.87764933176378,1.13940723681785,0
"Pooled site FE: shared slopes","high",15,"3","Do not initiate by tau",12,1,188,0.545192298681819,0.838597231173058,2.04142808473097,2.2717053038011,2.2717053038011,155.254602012712,0.825822351131449,0.825822351131449,1.21091418587776,0
"Pooled site FE: shared slopes","high",15,"3","Do not initiate by tau",13,1,173,0.54262436314167,0.869105844845425,2.01209848159062,2.58404848100368,2.58404848100368,141.113938122678,0.815687503599297,0.815687503599297,1.22595969116531,0
"Pooled site FE: shared slopes","high",15,"3","Do not initiate by tau",14,1,162,0.545172679076136,0.896459931616254,2.09252043613078,2.72686007460146,2.72686007460146,128.839727775841,0.795306961579264,0.795306961579264,1.25737614318661,0
"Pooled site FE: shared slopes","high",15,"3","Do not initiate by tau",15,1,151,0.542008064334242,0.897908127420738,2.13682005136042,3.05003404656116,3.05003404656116,119.185785239625,0.789309836024008,0.789309836024008,1.26692960655007,0
"Pooled site FE: shared slopes","high",15,"3","Initiate by tau",1,1,800,0.999379903202185,1.63007366357402,6.38642460817076,34.0320028445494,34.0320028445494,233.029622048451,0.291287027560564,0.291287027560564,3.43303994130697,0.005
"Pooled site FE: shared slopes","high",15,"3","Initiate by tau",2,1,714,1.04903337791713,2.41682067599464,8.7908154706401,34.0320028445494,34.0320028445494,162.578511875091,0.227700997023937,0.227700997023937,4.3917242922519,0.00840336134453781
"Pooled site FE: shared slopes","high",15,"3","Initiate by tau",3,1,624,1.01843825698295,2.70702733159315,8.68439623511644,34.0320028445494,34.0320028445494,127.08803472126,0.203666722309712,0.203666722309712,4.90998229194909,0.00801282051282051
"Pooled site FE: shared slopes","high",15,"3","Initiate by tau",4,1,535,1.04346760928254,3.0199726928481,10.8065124694244,34.0320028445494,34.0320028445494,98.9585329916576,0.184969220545154,0.184969220545154,5.40630488171345,0.011214953271028
"Pooled site FE: shared slopes","high",15,"3","Initiate by tau",5,1,493,1.0463851234941,3.08919449721958,11.0075364307405,34.0320028445494,34.0320028445494,86.9925709600338,0.17645551918871,0.17645551918871,5.66715059181886,0.0121703853955375
"Pooled site FE: shared slopes","high",15,"3","Initiate by tau",6,1,454,1.04566315034545,3.0863656558489,11.2557485780102,34.0320028445494,34.0320028445494,77.203889531396,0.170052620113207,0.170052620113207,5.88053273942079,0.0110132158590308
"Pooled site FE: shared slopes","high",15,"3","Initiate by tau",7,1,423,1.07087242099267,3.30886638422846,11.5588227241954,34.0320028445494,34.0320028445494,70.9680681172982,0.167773210679192,0.167773210679192,5.96042715014946,0.0118203309692671
"Pooled site FE: shared slopes","high",15,"3","Initiate by tau",8,1,383,1.08599990509807,3.49697749889068,11.949886138628,34.0320028445494,34.0320028445494,60.9699317611914,0.15919042235298,0.15919042235298,6.28178495426474,0.0130548302872063
"Pooled site FE: shared slopes","high",15,"3","Initiate by tau",9,1,349,1.11203570482603,3.54492851821546,12.8801998998297,34.0320028445494,34.0320028445494,53.7446474922408,0.153996124619601,0.153996124619601,6.49366990546149,0.0143266475644699
"Pooled site FE: shared slopes","high",15,"3","Initiate by tau",10,1,326,1.13380071006896,3.80452594068284,13.898441752868,34.0320028445494,34.0320028445494,49.0616192307387,0.150495764511468,0.150495764511468,6.64470527291017,0.0153374233128834
"Pooled site FE: shared slopes","high",15,"3","Initiate by tau",11,1,307,1.1484062397976,3.77124159235199,14.7395980662473,34.0320028445494,34.0320028445494,45.2356129759773,0.147347273537385,0.147347273537385,6.7866881822301,0.0162866449511401
"Pooled site FE: shared slopes","high",15,"3","Initiate by tau",12,1,294,1.17005265109166,4.20393812065287,15.3151260701385,34.0320028445494,34.0320028445494,43.2244668378979,0.147021996047272,0.147021996047272,6.80170332933361,0.0170068027210884
"Pooled site FE: shared slopes","high",15,"3","Initiate by tau",13,1,271,1.19492988544188,4.31276292158536,16.3333679231767,34.0320028445494,34.0320028445494,38.8386648791265,0.143316106565043,0.143316106565043,6.97758279908449,0.018450184501845
"Pooled site FE: shared slopes","high",15,"3","Initiate by tau",14,1,255,1.21614997574071,4.17065377232202,17.1007573687358,34.0320028445494,34.0320028445494,36.2642119384065,0.142212595836888,0.142212595836888,7.03172594604037,0.0196078431372549
"Pooled site FE: shared slopes","high",15,"3","Initiate by tau",15,1,91,2.44507637700616,11.2329365455016,30.9378430248918,34.0320028445494,34.0320028445494,19.0824847327108,0.209697634425393,0.209697634425393,4.768771010413,0.0549450549450549
"Pooled site FE: shared slopes","high",15,"4","Do not initiate by tau",1,1,890,0.96445744050133,1.55568105310198,2.58079920677418,7.42588693859989,7.42588693859989,736.187273785577,0.827176712118625,0.827176712118625,1.20893152013277,0
"Pooled site FE: shared slopes","high",15,"4","Do not initiate by tau",2,1,579,0.917145450230979,1.66913510819269,3.17159485995028,5.71477518757912,5.71477518757912,433.58174457322,0.748845845549603,0.748845845549603,1.33538832583903,0
"Pooled site FE: shared slopes","high",15,"4","Do not initiate by tau",3,1,422,0.947262831011311,1.73420969020063,4.39247024804374,20.7797948508721,20.7797948508721,171.985319716115,0.407548150986055,0.407548150986055,2.45369779639662,0.0023696682464455
"Pooled site FE: shared slopes","high",15,"4","Do not initiate by tau",4,1,334,0.98377605828062,2.12263291107306,5.64455607984231,25.351754731969,25.351754731969,100.72845131709,0.301582189572125,0.301582189572125,3.31584567848243,0.0029940119760479
"Pooled site FE: shared slopes","high",15,"4","Do not initiate by tau",5,1,272,0.91900416384204,2.20228614844655,5.02771070162718,6.91305898994243,6.91305898994243,162.444886573371,0.597223847696218,0.597223847696218,1.67441404735843,0
"Pooled site FE: shared slopes","high",15,"4","Do not initiate by tau",6,1,224,0.927296609087531,2.16445506588825,5.2805504151093,8.86270423692584,8.86270423692584,116.091892870264,0.518267378885105,0.518267378885105,1.92950596688373,0
"Pooled site FE: shared slopes","high",15,"4","Do not initiate by tau",7,1,188,0.931062344598904,1.93489509901818,6.08257672417158,15.8972511090903,15.8972511090903,63.7178922492358,0.338924958772531,0.338924958772531,2.95050563293319,0.00531914893617021
"Pooled site FE: shared slopes","high",15,"4","Do not initiate by tau",8,1,160,0.873798543932554,2.29572140425714,4.9266544028202,7.48103325804812,7.48103325804812,84.8983654949261,0.530614784343288,0.530614784343288,1.88460636511974,0
"Pooled site FE: shared slopes","high",15,"4","Do not initiate by tau",9,1,141,0.812361187775769,1.9703664179671,4.49556510277645,5.29979984141516,5.29979984141516,85.9539784707729,0.609602684189878,0.609602684189878,1.64041272444352,0
"Pooled site FE: shared slopes","high",15,"4","Do not initiate by tau",10,1,127,0.82429672176837,2.29686132244353,5.25817629092838,6.41817836575023,6.41817836575023,67.8865638523487,0.534539872853139,0.534539872853139,1.87076783376783,0
"Pooled site FE: shared slopes","high",15,"4","Do not initiate by tau",11,1,111,0.851655716260505,2.14129052534495,7.71279534859078,9.72065378433307,9.72065378433307,43.172249636711,0.388939185916315,0.388939185916315,2.57109603817385,0
"Pooled site FE: shared slopes","high",15,"4","Do not initiate by tau",12,1,103,1.02452504430037,3.16471277100475,14.700584332814,19.506431657393,19.506431657393,21.1154166669867,0.20500404531055,0.20500404531055,4.87795252276681,0.00970873786407767
"Pooled site FE: shared slopes","high",15,"4","Do not initiate by tau",13,1,91,1.11279486116386,2.964220586113,21.9034376967483,25.7325043801392,25.7325043801392,12.0906168464375,0.132863921389424,0.132863921389424,7.52649770940453,0.021978021978022
"Pooled site FE: shared slopes","high",15,"4","Do not initiate by tau",14,1,80,1.22142031713812,2.60825907693054,29.1609552834921,31.9602665630762,31.9602665630762,7.84954710693709,0.0981193388367136,0.0981193388367136,10.1916707945226,0.025
"Pooled site FE: shared slopes","high",15,"4","Do not initiate by tau",15,1,72,1.48278199437016,1.78598876549162,44.6265447294444,46.5423262548858,46.5423262548858,4.78719665247316,0.0664888423954606,0.0664888423954606,15.0401174689165,0.0277777777777778
"Pooled site FE: shared slopes","high",15,"4","Initiate by tau",1,1,1200,0.978974967865862,1.84970083108898,3.43999897524631,16.8013738523529,16.8013738523529,756.932843667642,0.630777369723035,0.630777369723035,1.58534539759897,0.000833333333333333
"Pooled site FE: shared slopes","high",15,"4","Initiate by tau",2,1,976,0.930735264488349,2.0973576293605,4.2411241252026,16.8013738523529,16.8013738523529,529.88915897669,0.542919220263002,0.542919220263002,1.84189463676673,0.00102459016393443
"Pooled site FE: shared slopes","high",15,"4","Initiate by tau",3,1,799,0.951529593984332,2.3805486788345,4.57094269746626,20.7797948508721,20.7797948508721,313.210647401611,0.392003313393756,0.392003313393756,2.550998845756,0.00250312891113892
"Pooled site FE: shared slopes","high",15,"4","Initiate by tau",4,1,686,0.976309274231691,2.4109842164385,5.9876624428611,25.351754731969,25.351754731969,227.412280548122,0.33150478214012,0.33150478214012,3.01654773588551,0.00291545189504373
"Pooled site FE: shared slopes","high",15,"4","Initiate by tau",5,1,579,0.955218476343066,2.62211673909789,5.30761972840392,16.8013738523529,16.8013738523529,249.362487376806,0.430677871117109,0.430677871117109,2.3219210158306,0.00172711571675302
"Pooled site FE: shared slopes","high",15,"4","Initiate by tau",6,1,484,0.937132515354668,2.58482852052404,5.8127850362843,8.86270423692584,8.86270423692584,238.55533452824,0.492882922579008,0.492882922579008,2.02887938329757,0
"Pooled site FE: shared slopes","high",15,"4","Initiate by tau",7,1,420,0.923874411686469,2.5210242253755,6.21062244099884,15.8972511090903,15.8972511090903,164.737905819475,0.392233109093989,0.392233109093989,2.54950430449352,0.00238095238095238
"Pooled site FE: shared slopes","high",15,"4","Initiate by tau",8,1,372,0.905463043428522,2.60785665274488,6.06150702069508,7.67326727976648,7.67326727976648,175.753612808834,0.472455948410843,0.472455948410843,2.11659944882398,0
"Pooled site FE: shared slopes","high",15,"4","Initiate by tau",9,1,330,0.887968669485042,2.61803513296582,5.60509202072027,7.67326727976648,7.67326727976648,156.758026015032,0.475024321257674,0.475024321257674,2.10515536836599,0
"Pooled site FE: shared slopes","high",15,"4","Initiate by tau",10,1,290,0.863249697325993,2.71399529277678,5.75334813801399,6.41817836575023,6.41817836575023,137.435828810932,0.47391665107218,0.47391665107218,2.11007568047592,0
"Pooled site FE: shared slopes","high",15,"4","Initiate by tau",11,1,263,0.862341540633897,2.72801700727518,6.14513044485082,9.72065378433307,9.72065378433307,107.412919404218,0.408414142221363,0.408414142221363,2.44849503633984,0
"Pooled site FE: shared slopes","high",15,"4","Initiate by tau",12,1,241,0.95495523883613,3.16747105738619,6.31952159737071,19.506431657393,19.506431657393,66.8412698131334,0.277349667274412,0.277349667274412,3.60555687636932,0.004149377593361
"Pooled site FE: shared slopes","high",15,"4","Initiate by tau",13,1,221,0.958574595596192,2.8519561227333,7.98476095642862,25.7325043801392,25.7325043801392,42.3774822438617,0.191753313320641,0.191753313320641,5.21503374665472,0.00904977375565611
"Pooled site FE: shared slopes","high",15,"4","Initiate by tau",14,1,203,0.963870898204881,2.72801700727516,9.52043699855072,31.9602665630762,31.9602665630762,27.416596499621,0.135057125613896,0.135057125613896,7.40427426879213,0.00985221674876847
"Pooled site FE: shared slopes","high",15,"4","Initiate by tau",15,1,112,0.821755372680711,2.86624961888884,4.99606641448246,6.14005354592461,6.14005354592461,48.3622249678549,0.431805580070133,0.431805580070133,2.31585705733025,0
"Pooled site FE: shared slopes","high",15,"5","Do not initiate by tau",1,1,1037,1.43229401002417,3.27752137974529,7.48491075380545,21.1106764988067,21.1106764988067,530.927833762546,0.511984410571404,0.511984410571404,1.95318447076141,0.00482160077145612
"Pooled site FE: shared slopes","high",15,"5","Do not initiate by tau",2,1,517,1.58160745565474,4.0504054340603,11.7580683284211,36.9437675267749,36.9437675267749,156.300117906008,0.30232131123019,0.30232131123019,3.30773902749645,0.0174081237911025
"Pooled site FE: shared slopes","high",15,"5","Do not initiate by tau",3,1,320,1.92128300394412,4.77383411431544,21.8449719575161,88.4248762171486,88.4248762171486,34.2590787528487,0.107059621102652,0.107059621102652,9.34058975457394,0.01875
"Pooled site FE: shared slopes","high",15,"5","Do not initiate by tau",4,1,204,1.37834649936866,3.88682831811882,9.16678591271455,14.5876202466099,14.5876202466099,88.4404573684135,0.433531653766733,0.433531653766733,2.30663664650901,0.00980392156862745
"Pooled site FE: shared slopes","high",15,"5","Do not initiate by tau",5,1,147,1.49035018341149,4.089553995008,18.3562665888835,23.3979101790355,23.3979101790355,33.9232732778715,0.230770566516132,0.230770566516132,4.33330825112003,0.0204081632653061
"Pooled site FE: shared slopes","high",15,"5","Do not initiate by tau",6,1,112,1.36981531433869,3.62004021344279,16.304034915121,24.5995697270424,24.5995697270424,26.5285952307115,0.236862457417067,0.236862457417067,4.22185943228311,0.00892857142857143
"Pooled site FE: shared slopes","high",15,"5","Do not initiate by tau",7,1,91,1.51367612202721,3.27069085828383,32.7402792298946,41.1384542033268,41.1384542033268,10.0750842319343,0.110715211339937,0.110715211339937,9.03218255104643,0.010989010989011
"Pooled site FE: shared slopes","high",15,"5","Do not initiate by tau",8,1,81,1.87363001887444,6.21611240704578,46.7803382188657,53.5355541357804,53.5355541357804,7.33471704141841,0.0905520622397335,0.0905520622397335,11.0433707998006,0.0123456790123457
"Pooled site FE: shared slopes","high",15,"5","Do not initiate by tau",9,1,70,2.2205956657639,5.1488197394832,68.023395981433,70.1341814226765,70.1341814226765,4.5804537319558,0.0654350533136543,0.0654350533136543,15.2823288032888,0.0428571428571429
"Pooled site FE: shared slopes","high",15,"5","Do not initiate by tau",10,1,64,3.57356695219191,8.6013876893734,136.439207031041,136.439207031041,136.439207031041,2.72917753244288,0.0426433989444199,0.0426433989444199,23.4502883155109,0.046875
"Pooled site FE: shared slopes","high",15,"5","Do not initiate by tau",11,1,52,1.00705581540727,2.90392467178016,4.23806914975598,4.23806914975598,4.23806914975598,31.4760645480318,0.605308933615996,0.605308933615996,1.65204896948439,0
"Pooled site FE: shared slopes","high",15,"5","Do not initiate by tau",12,1,44,0.927291458320239,2.97815603138385,4.46351314734464,4.46351314734464,4.46351314734464,25.4772522133177,0.579028459393584,0.579028459393584,1.72703082858362,0
"Pooled site FE: shared slopes","high",15,"5","Do not initiate by tau",13,1,39,0.948990389521531,2.57419564001519,5.76923689589848,5.76923689589848,5.76923689589848,19.9220813922415,0.510822599801065,0.510822599801065,1.95762677765126,0
"Pooled site FE: shared slopes","high",15,"5","Do not initiate by tau",14,1,35,0.998833309041661,2.9269673264769,6.71989876342089,6.71989876342089,6.71989876342089,15.6001887353945,0.445719678154127,0.445719678154127,2.24356260002101,0
"Pooled site FE: shared slopes","high",15,"5","Do not initiate by tau",15,1,32,1.07666041483798,3.39918831355995,7.51034903814107,7.51034903814107,7.51034903814107,13.0511176543007,0.407847426696896,0.407847426696896,2.45189728938312,0
"Pooled site FE: shared slopes","high",15,"5","Initiate by tau",1,1,2000,1.00800253300477,2.58876573127187,6.26525594107637,21.1106764988067,21.1106764988067,832.700145572163,0.416350072786082,0.416350072786082,2.4018249674086,0.003
"Pooled site FE: shared slopes","high",15,"5","Initiate by tau",2,1,1540,0.922645363968019,2.33766377751253,8.31741011175709,36.9437675267749,36.9437675267749,397.283864279533,0.25797653524645,0.25797653524645,3.87632153848675,0.00649350649350649
"Pooled site FE: shared slopes","high",15,"5","Initiate by tau",3,1,1141,1.00536415089374,2.55495088022097,7.14932578608994,88.4248762171486,88.4248762171486,110.857775187441,0.0971584357471,0.0971584357471,10.2924670648565,0.00613496932515337
"Pooled site FE: shared slopes","high",15,"5","Initiate by tau",4,1,870,0.859751142007759,2.54606637646547,6.86920068928107,14.5876202466099,14.5876202466099,318.185694913066,0.365730683808122,0.365730683808122,2.73425240012031,0.00344827586206897
"Pooled site FE: shared slopes","high",15,"5","Initiate by tau",5,1,690,0.901388307212272,2.39101743807704,7.14526317489818,23.3979101790355,23.3979101790355,172.821178913126,0.25046547668569,0.25046547668569,3.99256621404516,0.00579710144927536
"Pooled site FE: shared slopes","high",15,"5","Initiate by tau",6,1,567,0.886157747015512,2.36796702480663,6.43243704284046,24.5995697270424,24.5995697270424,152.516721047517,0.26898892600973,0.26898892600973,3.71762516336389,0.00352733686067019
"Pooled site FE: shared slopes","high",15,"5","Initiate by tau",7,1,473,0.942842101778019,2.82083649005626,7.20812268827513,41.1384542033268,41.1384542033268,75.859467015409,0.160379422865558,0.160379422865558,6.23521385806628,0.00422832980972516
"Pooled site FE: shared slopes","high",15,"5","Initiate by tau",8,1,411,1.01255899764745,2.84054657777995,7.36075871557727,53.5355541357804,53.5355541357804,46.1317200772221,0.112242627925115,0.112242627925115,8.90927108965387,0.0048661800486618
"Pooled site FE: shared slopes","high",15,"5","Initiate by tau",9,1,354,1.1000194233198,2.83759854420624,10.7951241622122,70.1341814226765,70.1341814226765,25.8970308145373,0.0731554542783541,0.0731554542783541,13.6695207468063,0.0112994350282486
"Pooled site FE: shared slopes","high",15,"5","Initiate by tau",10,1,313,1.40209702921353,2.88740085696036,13.1720468809435,136.439207031041,136.439207031041,9.7685943966326,0.0312095667624045,0.0312095667624045,32.0414572753575,0.012779552715655
"Pooled site FE: shared slopes","high",15,"5","Initiate by tau",11,1,274,0.887570064481192,2.85810604945779,7.07704001636158,12.9265421865539,12.9265421865539,95.1673510564046,0.347326098746002,0.347326098746002,2.87913866424215,0.00364963503649635
"Pooled site FE: shared slopes","high",15,"5","Initiate by tau",12,1,254,0.877489293281451,2.85810604945779,7.36255865377984,12.9265421865539,12.9265421865539,83.8850755394277,0.330256202911133,0.330256202911133,3.02795221160187,0.00393700787401575
"Pooled site FE: shared slopes","high",15,"5","Initiate by tau",13,1,230,0.870496340621349,2.84157948787864,7.64691413810072,12.9265421865539,12.9265421865539,72.5202931663301,0.315305622462305,0.315305622462305,3.17152606474549,0.00434782608695652
"Pooled site FE: shared slopes","high",15,"5","Initiate by tau",14,1,211,0.89062385233428,2.92522315744586,7.87202889652143,12.9265421865539,12.9265421865539,63.7950647663743,0.302346278513622,0.302346278513622,3.30746587957406,0.004739336492891
"Pooled site FE: shared slopes","high",15,"5","Initiate by tau",15,1,163,0.873909652378259,2.88729614254198,8.55208925251838,12.9265421865539,12.9265421865539,44.3160921711354,0.271877866080586,0.271877866080586,3.67812214512378,0.00613496932515337
"Pooled site FE: shared slopes","high",15,"Overall","Do not initiate by tau",1,1,3662,1.00037833692305,1.83927746341367,4.28200046565045,21.1106764988067,21.1106764988067,2176.32124120468,0.594298536647919,0.594298536647919,1.68265600255454,0.00136537411250683
"Pooled site FE: shared slopes","high",15,"Overall","Do not initiate by tau",2,1,2627,0.896347723692777,1.63834682581193,4.8888455463674,36.9437675267749,36.9437675267749,988.75881420921,0.376383256265402,0.376383256265402,2.6568663280145,0.00342596117244005
"Pooled site FE: shared slopes","high",15,"Overall","Do not initiate by tau",3,1,2108,0.86878503484453,1.54932733153205,4.60347986300546,88.4248762171486,88.4248762171486,268.830693594495,0.127528792027749,0.127528792027749,7.84136651888312,0.00332068311195446
"Pooled site FE: shared slopes","high",15,"Overall","Do not initiate by tau",4,1,1766,0.731574473710956,1.43192422232834,3.39132394605363,25.351754731969,25.351754731969,707.988238769849,0.400899342451783,0.400899342451783,2.49439171908912,0.00169875424688562
"Pooled site FE: shared slopes","high",15,"Overall","Do not initiate by tau",5,1,1561,0.689882504229697,1.26158776092019,3.04889097610795,23.3979101790355,23.3979101790355,542.407870504726,0.347474612751266,0.347474612751266,2.87790809257145,0.00192184497117233
"Pooled site FE: shared slopes","high",15,"Overall","Do not initiate by tau",6,1,1398,0.649751276011801,1.23155870284705,3.04584385972131,24.5995697270424,24.5995697270424,528.177272320062,0.377809207668142,0.377809207668142,2.6468386151096,0.000715307582260372
"Pooled site FE: shared slopes","high",15,"Overall","Do not initiate by tau",7,1,1281,0.636638604886881,1.11564687670692,2.7000750087287,41.1384542033268,41.1384542033268,252.311419812458,0.196964418276704,0.196964418276704,5.07705913966226,0.00156128024980484
"Pooled site FE: shared slopes","high",15,"Overall","Do not initiate by tau",8,1,1184,0.634906275949961,1.06581215032248,2.93290350027745,53.5355541357804,53.5355541357804,156.526105539279,0.132201102651418,0.132201102651418,7.56423342879944,0.000844594594594595
"Pooled site FE: shared slopes","high",15,"Overall","Do not initiate by tau",9,1,1100,0.628216962169604,0.969489196324759,2.17175940444007,70.1341814226765,70.1341814226765,84.7455966332479,0.0770414514847708,0.0770414514847708,12.9800254373151,0.00272727272727273
"Pooled site FE: shared slopes","high",15,"Overall","Do not initiate by tau",10,1,1038,0.701224855876575,0.963622397929796,2.80234048465071,136.439207031041,136.439207031041,27.1422033619053,0.0261485581521246,0.0261485581521246,38.2430264101866,0.00289017341040462
"Pooled site FE: shared slopes","high",15,"Overall","Do not initiate by tau",11,1,965,0.533454665597809,0.832238289334639,2.45909243647491,9.72065378433307,9.72065378433307,559.468743586532,0.57976035604822,0.57976035604822,1.72485060347387,0
"Pooled site FE: shared slopes","high",15,"Overall","Do not initiate by tau",12,1,914,0.542275923444076,0.832992276978478,2.44926611146577,19.506431657393,19.506431657393,320.329716908317,0.350470149790281,0.350470149790281,2.85331004822634,0.00109409190371991
"Pooled site FE: shared slopes","high",15,"Overall","Do not initiate by tau",13,1,863,0.541460866239875,0.823632109098128,2.07289353617846,25.7325043801392,25.7325043801392,202.336124333754,0.234456691000873,0.234456691000873,4.26518004553888,0.00231749710312862
"Pooled site FE: shared slopes","high",15,"Overall","Do not initiate by tau",14,1,826,0.544486896992022,0.800452790626167,2.09908749128012,31.9602665630762,31.9602665630762,139.338353595377,0.168690500720795,0.168690500720795,5.92801607516201,0.00242130750605327
"Pooled site FE: shared slopes","high",15,"Overall","Do not initiate by tau",15,1,789,0.562569359868738,0.798830451248968,1.94121928780219,46.5423262548858,46.5423262548858,75.178912220325,0.0952837924211978,0.0952837924211978,10.4949643017938,0.00253485424588086
"Pooled site FE: shared slopes","high",15,"Overall","Initiate by tau",1,1,5000,0.984036807276821,1.97560883268672,5.43540032122197,93.2852485519872,93.2852485519872,1101.94137455292,0.220388274910583,0.220388274910583,4.53744646989829,0.003
"Pooled site FE: shared slopes","high",15,"Overall","Initiate by tau",2,1,4165,0.936644337686917,2.00609226946627,6.44585348904106,93.2852485519872,93.2852485519872,656.981886013675,0.157738748142539,0.157738748142539,6.33959640085618,0.00552220888355342
"Pooled site FE: shared slopes","high",15,"Overall","Initiate by tau",3,1,3451,0.965551616654108,2.1500561370576,6.89107121232402,93.2852485519872,93.2852485519872,364.654267605216,0.105666261259118,0.105666261259118,9.4637587067434,0.00608519269776876
"Pooled site FE: shared slopes","high",15,"Overall","Initiate by tau",4,1,2933,0.930808261764615,2.27119141586794,7.21071055194996,93.2852485519872,93.2852485519872,363.44181094313,0.123914698582724,0.123914698582724,8.070067646837,0.00613706102966246
"Pooled site FE: shared slopes","high",15,"Overall","Initiate by tau",5,1,2573,0.937127480015712,2.30886254576166,7.48352715957891,93.2852485519872,93.2852485519872,288.874165862511,0.112271343125733,0.112271343125733,8.90699240036789,0.00699572483482316
"Pooled site FE: shared slopes","high",15,"Overall","Initiate by tau",6,1,2284,0.930610823191866,2.31643277698865,7.45204803179455,93.2852485519872,93.2852485519872,237.172008384994,0.103840634144043,0.103840634144043,9.63014149752634,0.00612959719789842
"Pooled site FE: shared slopes","high",15,"Overall","Initiate by tau",7,1,2066,0.946484234292735,2.40806718201659,7.67526295905339,93.2852485519872,93.2852485519872,190.761545322705,0.0923337586266722,0.0923337586266722,10.8302750247961,0.00726040658276864
"Pooled site FE: shared slopes","high",15,"Overall","Initiate by tau",8,1,1892,0.957648973104222,2.44717980844047,7.6239272141921,93.2852485519872,93.2852485519872,157.93737762252,0.0834764152338903,0.0834764152338903,11.9794315220428,0.00739957716701903
"Pooled site FE: shared slopes","high",15,"Overall","Initiate by tau",9,1,1738,0.977043397010999,2.56332225950504,8.9527431570405,93.2852485519872,93.2852485519872,126.757897578902,0.072933197686365,0.072933197686365,13.7111772378376,0.00920598388952819
"Pooled site FE: shared slopes","high",15,"Overall","Initiate by tau",10,1,1613,1.03741139308002,2.70433940937877,10.548616743852,136.439207031041,136.439207031041,76.730416092736,0.0475700037772697,0.0475700037772697,21.0216506326583,0.00991940483570986
"Pooled site FE: shared slopes","high",15,"Overall","Initiate by tau",11,1,1498,0.947064476790686,2.66283539288015,9.3559436365691,93.2852485519872,93.2852485519872,115.834501909244,0.0773261027431537,0.0773261027431537,12.9322436347477,0.00867823765020027
"Pooled site FE: shared slopes","high",15,"Overall","Initiate by tau",12,1,1424,0.969502343610925,2.82966495428869,10.4196958265993,93.2852485519872,93.2852485519872,108.042611327671,0.0758726203143757,0.0758726203143757,13.179985030918,0.0098314606741573
"Pooled site FE: shared slopes","high",15,"Overall","Initiate by tau",13,1,1340,0.977072660047575,2.81235141300442,11.105986372372,93.2852485519872,93.2852485519872,96.1685869336316,0.0717676021892773,0.0717676021892773,13.933863881402,0.0111940298507463
"Pooled site FE: shared slopes","high",15,"Overall","Initiate by tau",14,1,1273,0.97681562445085,2.66572838664002,11.4546790753155,93.2852485519872,93.2852485519872,86.0507062026902,0.067596784134085,0.067596784134085,14.7936031692928,0.0109976433621367
"Pooled site FE: shared slopes","high",15,"Overall","Initiate by tau",15,1,421,1.84108695748867,6.47873294966039,22.4884340586727,93.2852485519872,93.2852485519872,36.4379773006961,0.0865510149660239,0.0865510149660239,11.553879528652,0.0285035629453682
