"method","estimand","tau","beta_trt","scenario","conf_mult","size_scenario","mix_scenario","n_sites","total_n","site_sizes","site_weights","target_x1_mean","target_x2_prob","init_intercept","mean_est","median_est","truth","mean_bias","median_bias","emp_sd","rmse","coverage","mean_observed_x1","mean_observed_x2_prob","mean_observed_death_rate","mean_observed_init_rate","mean_landmark_n","mean_landmark_event_n","mean_landmark_event_rate","mean_landmark_treated_rate","n_reps"
"fed_ccw_tvipcw","OR",4,-0.7,"medium",1,"balanced","heterogeneous",3,1500,"500/500/500","0.333333/0.333333/0.333333",0,0.4,-4,0.95878022366514,0.843883689862713,0.723397415038269,0.23538280862687,0.120486274824444,0.528582943079325,0.576203952636851,0.9,0.002315964578983,0.400173333333333,0.742,0.13106,880.12,493.12,0.560247751116823,0.0813019441163848,100
"fed_ccw_tvipcw","OR",6,-0.7,"medium",1,"balanced","heterogeneous",3,1500,"500/500/500","0.333333/0.333333/0.333333",0,0.4,-4,1.13540241063081,0.91771967680479,0.758487879185869,0.376914531444944,0.159231797618921,0.738951818800269,0.82622869510657,0.8,-0.00059719490699706,0.399593333333333,0.741166666666667,0.14808,757.29,369.04,0.487231878389623,0.0865766343154778,100
"fed_ccw_tvipcw","OR",8,-0.7,"medium",1,"balanced","heterogeneous",3,1500,"500/500/500","0.333333/0.333333/0.333333",0,0.4,-4,0.911500026502099,0.846623853097346,0.787786238479551,0.123713788022548,0.0588376146177952,0.361330473455685,0.380209436079801,0.91,0.000629512632417107,0.398706666666667,0.740053333333333,0.155306666666667,675.47,285.55,0.422654041814747,0.090056323974659,100
"fed_ccw_tvipcw","OR",4,-0.7,"medium",1,"unbalanced","heterogeneous",3,1500,"50/100/1350","0.033333/0.066667/0.9",1.3,0.66,-4,Inf,1.22925370191778,0.643682893591939,Inf,0.585570808325839,NA,Inf,0.737373737373737,1.30758566210706,0.658913333333333,0.946286666666667,0.253093333333333,470.8,390.23,0.828662324082895,0.197502539541769,100
"fed_ccw_tvipcw","OR",6,-0.7,"medium",1,"unbalanced","heterogeneous",3,1500,"50/100/1350","0.033333/0.066667/0.9",1.3,0.66,-4,1.90317665533601,1.13668681391454,0.675061929979149,1.22811472535686,0.461624883935392,2.66839726228692,2.92530447791762,0.8,1.29514130748068,0.66008,0.9454,0.269706666666667,329.44,247.54,0.751241234793407,0.205945915125189,100
"fed_ccw_tvipcw","OR",8,-0.7,"medium",1,"unbalanced","heterogeneous",3,1500,"50/100/1350","0.033333/0.066667/0.9",1.3,0.66,-4,1.94831686181387,1.11472512453169,0.685021427973437,1.26329543384043,0.429703696558257,3.55074539960729,3.75201683325996,0.74,1.3008207448564,0.657966666666667,0.944613333333333,0.27816,251.49,168.41,0.669430456037592,0.205637808900159,100
"fed_ccw_tvipcw","OR",4,-0.7,"medium",1,"balanced","homogeneous",3,1500,"500/500/500","0.333333/0.333333/0.333333",0,0.4,-4,0.744914427059673,0.665371609433435,0.56961968058731,0.175294746472363,0.0957519288461246,0.302937965859629,0.348686026660645,0.94,0.00837865474872389,0.400793333333333,0.846813333333333,0.102986666666667,902.53,672.75,0.745459400814235,0.100894500068961,100
"fed_ccw_tvipcw","OR",6,-0.7,"medium",1,"balanced","homogeneous",3,1500,"500/500/500","0.333333/0.333333/0.333333",0,0.4,-4,0.696339858881956,0.645155562460525,0.619746164789471,0.0765936940924848,0.0254093976710539,0.264545487660909,0.274136947283768,0.91,0.0039790996438321,0.403026666666667,0.839473333333333,0.123053333333333,740.02,499.23,0.674766652024102,0.126716394636133,100
"fed_ccw_tvipcw","OR",8,-0.7,"medium",1,"balanced","homogeneous",3,1500,"500/500/500","0.333333/0.333333/0.333333",0,0.4,-4,0.744765865002712,0.70379992523537,0.657770757524032,0.0869951074786796,0.0460291677113374,0.23363206366595,0.248206064563921,0.96,0.00311513275491135,0.40034,0.839973333333333,0.13768,618.72,378.68,0.612044913688802,0.143696992164304,100
"fed_ccw_tvipcw","OR",4,-0.7,"medium",1,"unbalanced","homogeneous",3,1500,"50/100/1350","0.033333/0.066667/0.9",0,0.4,-4,0.674790401305651,0.627548763619457,0.56961968058731,0.105170720718341,0.057929083032147,0.273158145279539,0.291427691041273,0.96,-0.00744047411081942,0.39922,0.840746666666667,0.101406666666667,902.77,663.89,0.735438538219244,0.101184524913118,100
"fed_ccw_tvipcw","OR",6,-0.7,"medium",1,"unbalanced","homogeneous",3,1500,"50/100/1350","0.033333/0.066667/0.9",0,0.4,-4,0.708982142408434,0.666745624331632,0.619746164789471,0.0892359776189637,0.0469994595421612,0.314475975232146,0.325375548113006,0.85,-0.00151292443829804,0.39976,0.83948,0.12238,739.4,498.62,0.674294179887054,0.123280491071856,100
"fed_ccw_tvipcw","OR",8,-0.7,"medium",1,"unbalanced","homogeneous",3,1500,"50/100/1350","0.033333/0.066667/0.9",0,0.4,-4,0.75187261338734,0.70372652357026,0.657770757524032,0.0941018558633074,0.045955766046228,0.244405598449228,0.260752593208026,0.9,0.000778507190898364,0.40026,0.838873333333333,0.137606666666667,620.07,378.38,0.610223960406362,0.145113728076799,100
"fed_ipw_no_clone","OR",4,-0.7,"medium",1,"balanced","heterogeneous",3,1500,"500/500/500","0.333333/0.333333/0.333333",0,0.4,-4,0.662860647638485,0.56166655280089,0.723397415038269,-0.0605367673997844,-0.161730862237379,0.405855974538933,0.408333909387248,NA,0.002315964578983,0.400173333333333,0.742,0.13106,880.12,493.12,0.560247751116823,0.0813019441163848,100
"fed_ipw_no_clone","OR",6,-0.7,"medium",1,"balanced","heterogeneous",3,1500,"500/500/500","0.333333/0.333333/0.333333",0,0.4,-4,0.709299207370833,0.541800632633047,0.758487879185869,-0.049188671815036,-0.216687246552822,0.5230982577387,0.522795366096236,NA,-0.00059719490699706,0.399593333333333,0.741166666666667,0.14808,757.29,369.04,0.487231878389623,0.0865766343154778,100
"fed_ipw_no_clone","OR",8,-0.7,"medium",1,"balanced","heterogeneous",3,1500,"500/500/500","0.333333/0.333333/0.333333",0,0.4,-4,0.498786606984524,0.443512707189263,0.787786238479551,-0.288999631495027,-0.344273531290288,0.247525011203587,0.379706112492128,NA,0.000629512632417107,0.398706666666667,0.740053333333333,0.155306666666667,675.47,285.55,0.422654041814747,0.090056323974659,100
"fed_ipw_no_clone","OR",4,-0.7,"medium",1,"unbalanced","heterogeneous",3,1500,"50/100/1350","0.033333/0.066667/0.9",1.3,0.66,-4,Inf,0.67348687601059,0.643682893591939,Inf,0.0298039824186518,NA,Inf,NA,1.30758566210706,0.658913333333333,0.946286666666667,0.253093333333333,470.8,390.23,0.828662324082895,0.197502539541769,100
"fed_ipw_no_clone","OR",6,-0.7,"medium",1,"unbalanced","heterogeneous",3,1500,"50/100/1350","0.033333/0.066667/0.9",1.3,0.66,-4,0.870938385019001,0.518561824993372,0.675061929979149,0.195876455039852,-0.156500104985777,1.2572329713408,1.26617375680557,NA,1.29514130748068,0.66008,0.9454,0.269706666666667,329.44,247.54,0.751241234793407,0.205945915125189,100
"fed_ipw_no_clone","OR",8,-0.7,"medium",1,"unbalanced","heterogeneous",3,1500,"50/100/1350","0.033333/0.066667/0.9",1.3,0.66,-4,0.828203949557908,0.433714132506237,0.685021427973437,0.143182521584471,-0.2513072954672,1.58320712923679,1.58176502692809,NA,1.3008207448564,0.657966666666667,0.944613333333333,0.27816,251.49,168.41,0.669430456037592,0.205637808900159,100
"fed_ipw_no_clone","OR",4,-0.7,"medium",1,"balanced","homogeneous",3,1500,"500/500/500","0.333333/0.333333/0.333333",0,0.4,-4,0.539795239265897,0.481063858515413,0.56961968058731,-0.0298244413214135,-0.0885558220718966,0.252559839182517,0.253057513115802,NA,0.00837865474872389,0.400793333333333,0.846813333333333,0.102986666666667,902.53,672.75,0.745459400814235,0.100894500068961,100
"fed_ipw_no_clone","OR",6,-0.7,"medium",1,"balanced","homogeneous",3,1500,"500/500/500","0.333333/0.333333/0.333333",0,0.4,-4,0.395593585970655,0.365727393792989,0.619746164789471,-0.224152578818816,-0.254018770996481,0.174447994616485,0.283499841955127,NA,0.0039790996438321,0.403026666666667,0.839473333333333,0.123053333333333,740.02,499.23,0.674766652024102,0.126716394636133,100
"fed_ipw_no_clone","OR",8,-0.7,"medium",1,"balanced","homogeneous",3,1500,"500/500/500","0.333333/0.333333/0.333333",0,0.4,-4,0.374517893175446,0.345281213858995,0.657770757524032,-0.283252864348586,-0.312489543665037,0.146323541154559,0.318478661876629,NA,0.00311513275491135,0.40034,0.839973333333333,0.13768,618.72,378.68,0.612044913688802,0.143696992164304,100
"fed_ipw_no_clone","OR",4,-0.7,"medium",1,"unbalanced","homogeneous",3,1500,"50/100/1350","0.033333/0.066667/0.9",0,0.4,-4,0.469651860141791,0.432610303976723,0.56961968058731,-0.0999678204455195,-0.137009376610587,0.210749545005762,0.232303211638501,NA,-0.00744047411081942,0.39922,0.840746666666667,0.101406666666667,902.77,663.89,0.735438538219244,0.101184524913118,100
"fed_ipw_no_clone","OR",6,-0.7,"medium",1,"unbalanced","homogeneous",3,1500,"50/100/1350","0.033333/0.066667/0.9",0,0.4,-4,0.40862261167709,0.381470250495673,0.619746164789471,-0.211123553112381,-0.238275914293797,0.205811578291305,0.29412238333722,NA,-0.00151292443829804,0.39976,0.83948,0.12238,739.4,498.62,0.674294179887054,0.123280491071856,100
"fed_ipw_no_clone","OR",8,-0.7,"medium",1,"unbalanced","homogeneous",3,1500,"50/100/1350","0.033333/0.066667/0.9",0,0.4,-4,0.370490582206456,0.341043224487629,0.657770757524032,-0.287280175317576,-0.316727533036403,0.158108005926738,0.3275332948774,NA,0.000778507190898364,0.40026,0.838873333333333,0.137606666666667,620.07,378.38,0.610223960406362,0.145113728076799,100
"fed_landmark_ipw","OR",4,-0.7,"medium",1,"balanced","heterogeneous",3,1500,"500/500/500","0.333333/0.333333/0.333333",0,0.4,-4,0.768215957762686,0.628121726059805,0.723397415038269,0.0448185427244168,-0.0952756889784643,0.488842384724829,0.488452566893003,NA,0.002315964578983,0.400173333333333,0.742,0.13106,880.12,493.12,0.560247751116823,0.0813019441163848,100
"fed_landmark_ipw","OR",6,-0.7,"medium",1,"balanced","heterogeneous",3,1500,"500/500/500","0.333333/0.333333/0.333333",0,0.4,-4,0.70706197858079,0.651884958550311,0.758487879185869,-0.0514259006050797,-0.106602920635558,0.375719563164529,0.377356809261662,NA,-0.00059719490699706,0.399593333333333,0.741166666666667,0.14808,757.29,369.04,0.487231878389623,0.0865766343154778,100
"fed_landmark_ipw","OR",8,-0.7,"medium",1,"balanced","heterogeneous",3,1500,"500/500/500","0.333333/0.333333/0.333333",0,0.4,-4,0.645834791078562,0.578322022407489,0.787786238479551,-0.141951447400989,-0.209464216072062,0.352831574800723,0.378675893600095,NA,0.000629512632417107,0.398706666666667,0.740053333333333,0.155306666666667,675.47,285.55,0.422654041814747,0.090056323974659,100
"fed_landmark_ipw","OR",4,-0.7,"medium",1,"unbalanced","heterogeneous",3,1500,"50/100/1350","0.033333/0.066667/0.9",1.3,0.66,-4,Inf,0.902978073896282,0.643682893591939,Inf,0.259295180304343,NA,Inf,NA,1.30758566210706,0.658913333333333,0.946286666666667,0.253093333333333,470.8,390.23,0.828662324082895,0.197502539541769,100
"fed_landmark_ipw","OR",6,-0.7,"medium",1,"unbalanced","heterogeneous",3,1500,"50/100/1350","0.033333/0.066667/0.9",1.3,0.66,-4,1.37773367091013,0.732097151999532,0.675061929979149,0.702671740930977,0.0570352220203833,1.8077658122071,1.9310837980186,NA,1.29514130748068,0.66008,0.9454,0.269706666666667,329.44,247.54,0.751241234793407,0.205945915125189,100
"fed_landmark_ipw","OR",8,-0.7,"medium",1,"unbalanced","heterogeneous",3,1500,"50/100/1350","0.033333/0.066667/0.9",1.3,0.66,-4,1.30730263112656,0.962602554612242,0.685021427973437,0.622281203153124,0.277581126638806,1.1036966636371,1.26221977399664,NA,1.3008207448564,0.657966666666667,0.944613333333333,0.27816,251.49,168.41,0.669430456037592,0.205637808900159,100
"fed_landmark_ipw","OR",4,-0.7,"medium",1,"balanced","homogeneous",3,1500,"500/500/500","0.333333/0.333333/0.333333",0,0.4,-4,0.552231673553344,0.483043762951841,0.56961968058731,-0.0173880070339656,-0.0865759176354692,0.33730957916244,0.336068917725826,NA,0.00837865474872389,0.400793333333333,0.846813333333333,0.102986666666667,902.53,672.75,0.745459400814235,0.100894500068961,100
"fed_landmark_ipw","OR",6,-0.7,"medium",1,"balanced","homogeneous",3,1500,"500/500/500","0.333333/0.333333/0.333333",0,0.4,-4,0.551728367657168,0.475940800200083,0.619746164789471,-0.0680177971323032,-0.143805364589388,0.342673486446926,0.347674111571866,NA,0.0039790996438321,0.403026666666667,0.839473333333333,0.123053333333333,740.02,499.23,0.674766652024102,0.126716394636133,100
"fed_landmark_ipw","OR",8,-0.7,"medium",1,"balanced","homogeneous",3,1500,"500/500/500","0.333333/0.333333/0.333333",0,0.4,-4,0.57117747782016,0.532792637336684,0.657770757524032,-0.0865932797038724,-0.124978120187349,0.223948979335513,0.239060682634843,NA,0.00311513275491135,0.40034,0.839973333333333,0.13768,618.72,378.68,0.612044913688802,0.143696992164304,100
"fed_landmark_ipw","OR",4,-0.7,"medium",1,"unbalanced","homogeneous",3,1500,"50/100/1350","0.033333/0.066667/0.9",0,0.4,-4,0.541078773063721,0.456937167644176,0.56961968058731,-0.0285409075235887,-0.112682512943134,0.333364061761429,0.33291870644289,NA,-0.00744047411081942,0.39922,0.840746666666667,0.101406666666667,902.77,663.89,0.735438538219244,0.101184524913118,100
"fed_landmark_ipw","OR",6,-0.7,"medium",1,"unbalanced","homogeneous",3,1500,"50/100/1350","0.033333/0.066667/0.9",0,0.4,-4,0.567355990331567,0.517034867060183,0.619746164789471,-0.0523901744579034,-0.102711297729288,0.270243746064767,0.273945424937115,NA,-0.00151292443829804,0.39976,0.83948,0.12238,739.4,498.62,0.674294179887054,0.123280491071856,100
"fed_landmark_ipw","OR",8,-0.7,"medium",1,"unbalanced","homogeneous",3,1500,"50/100/1350","0.033333/0.066667/0.9",0,0.4,-4,0.565734774785227,0.51145115921816,0.657770757524032,-0.0920359827388049,-0.146319598305872,0.260496849602576,0.275046622747919,NA,0.000778507190898364,0.40026,0.838873333333333,0.137606666666667,620.07,378.38,0.610223960406362,0.145113728076799,100
"fed_perprotocol_naive","OR",4,-0.7,"medium",1,"balanced","heterogeneous",3,1500,"500/500/500","0.333333/0.333333/0.333333",0,0.4,-4,6.6002247488034,6.1829359528649,0.723397415038269,5.87682733376513,5.45953853782663,2.68555032575693,6.45578486766252,NA,0.002315964578983,0.400173333333333,0.742,0.13106,880.12,493.12,0.560247751116823,0.0813019441163848,100
"fed_perprotocol_naive","OR",6,-0.7,"medium",1,"balanced","heterogeneous",3,1500,"500/500/500","0.333333/0.333333/0.333333",0,0.4,-4,5.2951170765829,5.11866496865555,0.758487879185869,4.53662919739703,4.36017708946968,1.41873397859026,4.75117696109729,NA,-0.00059719490699706,0.399593333333333,0.741166666666667,0.14808,757.29,369.04,0.487231878389623,0.0865766343154778,100
"fed_perprotocol_naive","OR",8,-0.7,"medium",1,"balanced","heterogeneous",3,1500,"500/500/500","0.333333/0.333333/0.333333",0,0.4,-4,4.20091684466628,4.0854801051454,0.787786238479551,3.41313060618673,3.29769386666585,0.935840771960379,3.53786666026963,NA,0.000629512632417107,0.398706666666667,0.740053333333333,0.155306666666667,675.47,285.55,0.422654041814747,0.090056323974659,100
"fed_perprotocol_naive","OR",4,-0.7,"medium",1,"unbalanced","heterogeneous",3,1500,"50/100/1350","0.033333/0.066667/0.9",1.3,0.66,-4,Inf,5.43331882323068,0.643682893591939,Inf,4.78963592963874,NA,Inf,NA,1.30758566210706,0.658913333333333,0.946286666666667,0.253093333333333,470.8,390.23,0.828662324082895,0.197502539541769,100
"fed_perprotocol_naive","OR",6,-0.7,"medium",1,"unbalanced","heterogeneous",3,1500,"50/100/1350","0.033333/0.066667/0.9",1.3,0.66,-4,4.88225507433725,4.4162225172514,0.675061929979149,4.2071931443581,3.74116058727225,2.31296439121909,4.79549584362564,NA,1.29514130748068,0.66008,0.9454,0.269706666666667,329.44,247.54,0.751241234793407,0.205945915125189,100
"fed_perprotocol_naive","OR",8,-0.7,"medium",1,"unbalanced","heterogeneous",3,1500,"50/100/1350","0.033333/0.066667/0.9",1.3,0.66,-4,4.15498597487296,3.45776728345852,0.685021427973437,3.46996454689952,2.77274585548508,2.45143119208335,4.24147069981199,NA,1.3008207448564,0.657966666666667,0.944613333333333,0.27816,251.49,168.41,0.669430456037592,0.205637808900159,100
"fed_perprotocol_naive","OR",4,-0.7,"medium",1,"balanced","homogeneous",3,1500,"500/500/500","0.333333/0.333333/0.333333",0,0.4,-4,1.84614586818618,1.69660324483776,0.56961968058731,1.27652618759887,1.12698356425045,0.561890269321216,1.39358622827438,NA,0.00837865474872389,0.400793333333333,0.846813333333333,0.102986666666667,902.53,672.75,0.745459400814235,0.100894500068961,100
"fed_perprotocol_naive","OR",6,-0.7,"medium",1,"balanced","homogeneous",3,1500,"500/500/500","0.333333/0.333333/0.333333",0,0.4,-4,1.64655754760767,1.56913026929198,0.619746164789471,1.0268113828182,0.949384104502508,0.414457944790706,1.10652575659365,NA,0.0039790996438321,0.403026666666667,0.839473333333333,0.123053333333333,740.02,499.23,0.674766652024102,0.126716394636133,100
"fed_perprotocol_naive","OR",8,-0.7,"medium",1,"balanced","homogeneous",3,1500,"500/500/500","0.333333/0.333333/0.333333",0,0.4,-4,1.39239543099219,1.33519027771447,0.657770757524032,0.734624673468156,0.67741952019044,0.339092194599948,0.808397855107507,NA,0.00311513275491135,0.40034,0.839973333333333,0.13768,618.72,378.68,0.612044913688802,0.143696992164304,100
"fed_perprotocol_naive","OR",4,-0.7,"medium",1,"unbalanced","homogeneous",3,1500,"50/100/1350","0.033333/0.066667/0.9",0,0.4,-4,1.83813875946923,1.78468822720103,0.56961968058731,1.26851907888192,1.21506854661372,0.570443556743931,1.38970948273508,NA,-0.00744047411081942,0.39922,0.840746666666667,0.101406666666667,902.77,663.89,0.735438538219244,0.101184524913118,100
"fed_perprotocol_naive","OR",6,-0.7,"medium",1,"unbalanced","homogeneous",3,1500,"50/100/1350","0.033333/0.066667/0.9",0,0.4,-4,1.61469931505578,1.54706641706395,0.619746164789471,0.994953150266309,0.927320252274482,0.387586796127972,1.06707687657088,NA,-0.00151292443829804,0.39976,0.83948,0.12238,739.4,498.62,0.674294179887054,0.123280491071856,100
"fed_perprotocol_naive","OR",8,-0.7,"medium",1,"unbalanced","homogeneous",3,1500,"50/100/1350","0.033333/0.066667/0.9",0,0.4,-4,1.38263705690282,1.29792704053518,0.657770757524032,0.724866299378789,0.640156283011152,0.39404271617237,0.82410443362593,NA,0.000778507190898364,0.40026,0.838873333333333,0.137606666666667,620.07,378.38,0.610223960406362,0.145113728076799,100
"local_ccw_meta","OR",4,-0.7,"medium",1,"balanced","heterogeneous",3,1500,"500/500/500","0.333333/0.333333/0.333333",0,0.4,-4,0.80621329808569,0.715950102244901,0.723397415038269,0.0828158830474213,-0.00744731279336858,0.365877399211993,0.373344450911642,NA,0.002315964578983,0.400173333333333,0.742,0.13106,880.12,493.12,0.560247751116823,0.0813019441163848,100
"local_ccw_meta","OR",6,-0.7,"medium",1,"balanced","heterogeneous",3,1500,"500/500/500","0.333333/0.333333/0.333333",0,0.4,-4,1.00680879720015,0.798190326929835,0.758487879185869,0.248320918014285,0.0397024477439655,0.654069683374289,0.696557504823332,NA,-0.00059719490699706,0.399593333333333,0.741166666666667,0.14808,757.29,369.04,0.487231878389623,0.0865766343154778,100
"local_ccw_meta","OR",8,-0.7,"medium",1,"balanced","heterogeneous",3,1500,"500/500/500","0.333333/0.333333/0.333333",0,0.4,-4,0.836676378116317,0.736346415842352,0.787786238479551,0.0488901396367666,-0.0514398226371983,0.315328616412465,0.317534345731318,NA,0.000629512632417107,0.398706666666667,0.740053333333333,0.155306666666667,675.47,285.55,0.422654041814747,0.090056323974659,100
"local_ccw_meta","OR",4,-0.7,"medium",1,"unbalanced","heterogeneous",3,1500,"50/100/1350","0.033333/0.066667/0.9",1.3,0.66,-4,Inf,0.82905634332484,0.643682893591939,Inf,0.185373449732901,NA,Inf,NA,1.30758566210706,0.658913333333333,0.946286666666667,0.253093333333333,470.8,390.23,0.828662324082895,0.197502539541769,100
"local_ccw_meta","OR",6,-0.7,"medium",1,"unbalanced","heterogeneous",3,1500,"50/100/1350","0.033333/0.066667/0.9",1.3,0.66,-4,0.961675045729264,0.785949824096745,0.675061929979149,0.286613115750115,0.110887894117596,0.692552909743069,0.746311138591435,NA,1.29514130748068,0.66008,0.9454,0.269706666666667,329.44,247.54,0.751241234793407,0.205945915125189,100
"local_ccw_meta","OR",8,-0.7,"medium",1,"unbalanced","heterogeneous",3,1500,"50/100/1350","0.033333/0.066667/0.9",1.3,0.66,-4,1.08792592158077,0.818461449327642,0.685021427973437,0.402904493607337,0.133440021354206,0.971839117475819,1.04754884779785,NA,1.3008207448564,0.657966666666667,0.944613333333333,0.27816,251.49,168.41,0.669430456037592,0.205637808900159,100
"local_ccw_meta","OR",4,-0.7,"medium",1,"balanced","homogeneous",3,1500,"500/500/500","0.333333/0.333333/0.333333",0,0.4,-4,0.774722758060581,0.716241483764837,0.56961968058731,0.205103077473271,0.146621803177527,0.307834184033458,0.368621131244474,NA,0.00837865474872389,0.400793333333333,0.846813333333333,0.102986666666667,902.53,672.75,0.745459400814235,0.100894500068961,100
"local_ccw_meta","OR",6,-0.7,"medium",1,"balanced","homogeneous",3,1500,"500/500/500","0.333333/0.333333/0.333333",0,0.4,-4,0.719324743716556,0.672239659247276,0.619746164789471,0.099578578927085,0.0524934944578052,0.258370883817126,0.275687961016683,NA,0.0039790996438321,0.403026666666667,0.839473333333333,0.123053333333333,740.02,499.23,0.674766652024102,0.126716394636133,100
"local_ccw_meta","OR",8,-0.7,"medium",1,"balanced","homogeneous",3,1500,"500/500/500","0.333333/0.333333/0.333333",0,0.4,-4,0.766479969719309,0.733962535130844,0.657770757524032,0.108709212195277,0.0761917776068115,0.218082136331424,0.24269716277931,NA,0.00311513275491135,0.40034,0.839973333333333,0.13768,618.72,378.68,0.612044913688802,0.143696992164304,100
"local_ccw_meta","OR",4,-0.7,"medium",1,"unbalanced","homogeneous",3,1500,"50/100/1350","0.033333/0.066667/0.9",0,0.4,-4,0.691935272186092,0.639316670978678,0.56961968058731,0.122315591598782,0.0696969903913679,0.275906513369628,0.300539954127145,NA,-0.00744047411081942,0.39922,0.840746666666667,0.101406666666667,902.77,663.89,0.735438538219244,0.101184524913118,100
"local_ccw_meta","OR",6,-0.7,"medium",1,"unbalanced","homogeneous",3,1500,"50/100/1350","0.033333/0.066667/0.9",0,0.4,-4,0.742968330579908,0.701984073107426,0.619746164789471,0.123222165790437,0.082237908317955,0.302076293889828,0.324840404812883,NA,-0.00151292443829804,0.39976,0.83948,0.12238,739.4,498.62,0.674294179887054,0.123280491071856,100
"local_ccw_meta","OR",8,-0.7,"medium",1,"unbalanced","homogeneous",3,1500,"50/100/1350","0.033333/0.066667/0.9",0,0.4,-4,0.765531054433612,0.723357002300047,0.657770757524032,0.10776029690958,0.0655862447760144,0.242041472083805,0.263838047022129,NA,0.000778507190898364,0.40026,0.838873333333333,0.137606666666667,620.07,378.38,0.610223960406362,0.145113728076799,100
"pooled_ccw_tvipcw","OR",4,-0.7,"medium",1,"balanced","heterogeneous",3,1500,"500/500/500","0.333333/0.333333/0.333333",0,0.4,-4,0.882225584298205,0.785473802078458,0.723397415038269,0.158828169259936,0.0620763870401888,0.453653380940386,0.478507851020983,0.92,0.002315964578983,0.400173333333333,0.742,0.13106,880.12,493.12,0.560247751116823,0.0813019441163848,100
"pooled_ccw_tvipcw","OR",6,-0.7,"medium",1,"balanced","heterogeneous",3,1500,"500/500/500","0.333333/0.333333/0.333333",0,0.4,-4,1.01497623146745,0.856400607494861,0.758487879185869,0.256488352281577,0.0979127283089921,0.531784445877659,0.58800767406961,0.85,-0.00059719490699706,0.399593333333333,0.741166666666667,0.14808,757.29,369.04,0.487231878389623,0.0865766343154778,100
"pooled_ccw_tvipcw","OR",8,-0.7,"medium",1,"balanced","heterogeneous",3,1500,"500/500/500","0.333333/0.333333/0.333333",0,0.4,-4,0.86266277329344,0.829904526233503,0.787786238479551,0.0748765348138889,0.0421182877539518,0.254792079109951,0.264341273748795,0.92,0.000629512632417107,0.398706666666667,0.740053333333333,0.155306666666667,675.47,285.55,0.422654041814747,0.090056323974659,100
"pooled_ccw_tvipcw","OR",4,-0.7,"medium",1,"unbalanced","heterogeneous",3,1500,"50/100/1350","0.033333/0.066667/0.9",1.3,0.66,-4,Inf,0.89711745234235,0.643682893591939,Inf,0.253434558750412,NA,Inf,0.848484848484849,1.30758566210706,0.658913333333333,0.946286666666667,0.253093333333333,470.8,390.23,0.828662324082895,0.197502539541769,100
"pooled_ccw_tvipcw","OR",6,-0.7,"medium",1,"unbalanced","heterogeneous",3,1500,"50/100/1350","0.033333/0.066667/0.9",1.3,0.66,-4,1.33485806837596,0.921945577084868,0.675061929979149,0.659796138396807,0.246883647105719,1.54593163434658,1.67371936600378,0.83,1.29514130748068,0.66008,0.9454,0.269706666666667,329.44,247.54,0.751241234793407,0.205945915125189,100
"pooled_ccw_tvipcw","OR",8,-0.7,"medium",1,"unbalanced","heterogeneous",3,1500,"50/100/1350","0.033333/0.066667/0.9",1.3,0.66,-4,1.56805327480742,0.945751672685578,0.685021427973437,0.883031846833981,0.260730244712141,3.20712837509353,3.31097582786552,0.81,1.3008207448564,0.657966666666667,0.944613333333333,0.27816,251.49,168.41,0.669430456037592,0.205637808900159,100
"pooled_ccw_tvipcw","OR",4,-0.7,"medium",1,"balanced","homogeneous",3,1500,"500/500/500","0.333333/0.333333/0.333333",0,0.4,-4,0.715939188335705,0.673367889061263,0.56961968058731,0.146319507748395,0.103748208473953,0.26468218408473,0.30127311584985,0.95,0.00837865474872389,0.400793333333333,0.846813333333333,0.102986666666667,902.53,672.75,0.745459400814235,0.100894500068961,100
"pooled_ccw_tvipcw","OR",6,-0.7,"medium",1,"balanced","homogeneous",3,1500,"500/500/500","0.333333/0.333333/0.333333",0,0.4,-4,0.687210317372214,0.641026857466939,0.619746164789471,0.0674641525827432,0.0212806926774679,0.244944978686893,0.252882332403414,0.91,0.0039790996438321,0.403026666666667,0.839473333333333,0.123053333333333,740.02,499.23,0.674766652024102,0.126716394636133,100
"pooled_ccw_tvipcw","OR",8,-0.7,"medium",1,"balanced","homogeneous",3,1500,"500/500/500","0.333333/0.333333/0.333333",0,0.4,-4,0.726000724127093,0.685888791557109,0.657770757524032,0.0682299666030606,0.0281180340330763,0.214136932693666,0.22372172006015,0.94,0.00311513275491135,0.40034,0.839973333333333,0.13768,618.72,378.68,0.612044913688802,0.143696992164304,100
"pooled_ccw_tvipcw","OR",4,-0.7,"medium",1,"unbalanced","homogeneous",3,1500,"50/100/1350","0.033333/0.066667/0.9",0,0.4,-4,0.670235949783675,0.602470444128316,0.56961968058731,0.100616269196365,0.0328507635410057,0.281491274430143,0.297604767823868,0.95,-0.00744047411081942,0.39922,0.840746666666667,0.101406666666667,902.77,663.89,0.735438538219244,0.101184524913118,100
"pooled_ccw_tvipcw","OR",6,-0.7,"medium",1,"unbalanced","homogeneous",3,1500,"50/100/1350","0.033333/0.066667/0.9",0,0.4,-4,0.716022422703372,0.684858317510382,0.619746164789471,0.0962762579139014,0.0651121527209116,0.293873408838331,0.307842626119162,0.84,-0.00151292443829804,0.39976,0.83948,0.12238,739.4,498.62,0.674294179887054,0.123280491071856,100
"pooled_ccw_tvipcw","OR",8,-0.7,"medium",1,"unbalanced","homogeneous",3,1500,"50/100/1350","0.033333/0.066667/0.9",0,0.4,-4,0.743950209621633,0.695537471685236,0.657770757524032,0.086179452097601,0.0377667141612041,0.242743503624327,0.256441148083022,0.9,0.000778507190898364,0.40026,0.838873333333333,0.137606666666667,620.07,378.38,0.610223960406362,0.145113728076799,100
"fed_ccw_tvipcw","RD",4,-0.7,"medium",1,"balanced","heterogeneous",3,1500,"500/500/500","0.333333/0.333333/0.333333",0,0.4,-4,-0.0391882800138474,-0.0328626214564269,-0.0658737476061313,0.0266854675922839,0.0330111261497044,0.0889705224948752,0.0924592370447638,0.88,0.002315964578983,0.400173333333333,0.742,0.13106,880.12,493.12,0.560247751116823,0.0813019441163848,100
"fed_ccw_tvipcw","RD",6,-0.7,"medium",1,"balanced","heterogeneous",3,1500,"500/500/500","0.333333/0.333333/0.333333",0,0.4,-4,-0.0144101770417779,-0.0163022254141321,-0.0556502870711465,0.0412401100293686,0.0393480616570144,0.0900438024609569,0.0986283639388081,0.76,-0.00059719490699706,0.399593333333333,0.741166666666667,0.14808,757.29,369.04,0.487231878389623,0.0865766343154778,100
"fed_ccw_tvipcw","RD",8,-0.7,"medium",1,"balanced","heterogeneous",3,1500,"500/500/500","0.333333/0.333333/0.333333",0,0.4,-4,-0.0370198516581679,-0.0333083144345981,-0.0476801462017897,0.0106602945436218,0.0143718317671916,0.0712193834307844,0.0716597547459887,0.88,0.000629512632417107,0.398706666666667,0.740053333333333,0.155306666666667,675.47,285.55,0.422654041814747,0.090056323974659,100
"fed_ccw_tvipcw","RD",4,-0.7,"medium",1,"unbalanced","heterogeneous",3,1500,"50/100/1350","0.033333/0.066667/0.9",1.3,0.66,-4,-0.0064155647359168,0.00891817159186287,-0.0263364588996008,0.019920894163684,0.0352546304914637,0.0600048656805424,0.0629398132390559,0.58,1.30758566210706,0.658913333333333,0.946286666666667,0.253093333333333,470.8,390.23,0.828662324082895,0.197502539541769,100
"fed_ccw_tvipcw","RD",6,-0.7,"medium",1,"unbalanced","heterogeneous",3,1500,"50/100/1350","0.033333/0.066667/0.9",1.3,0.66,-4,-0.00491085235159697,0.0056342758419145,-0.0229893735208352,0.0180785211692382,0.0286236493627497,0.0398007257597491,0.0435326282339962,0.67,1.29514130748068,0.66008,0.9454,0.269706666666667,329.44,247.54,0.751241234793407,0.205945915125189,100
"fed_ccw_tvipcw","RD",8,-0.7,"medium",1,"unbalanced","heterogeneous",3,1500,"50/100/1350","0.033333/0.066667/0.9",1.3,0.66,-4,0.00351554830900495,0.00539429191200885,-0.0220320883905185,0.0255476366995235,0.0274263803025274,0.0276755669001819,0.0375627391725473,0.63,1.3008207448564,0.657966666666667,0.944613333333333,0.27816,251.49,168.41,0.669430456037592,0.205637808900159,100
"fed_ccw_tvipcw","RD",4,-0.7,"medium",1,"balanced","homogeneous",3,1500,"500/500/500","0.333333/0.333333/0.333333",0,0.4,-4,-0.0578672869607955,-0.05727880347059,-0.0870393718294709,0.0291720848686754,0.0297605683588808,0.0579757378398969,0.064641974381085,0.89,0.00837865474872389,0.400793333333333,0.846813333333333,0.102986666666667,902.53,672.75,0.745459400814235,0.100894500068961,100
"fed_ccw_tvipcw","RD",6,-0.7,"medium",1,"balanced","homogeneous",3,1500,"500/500/500","0.333333/0.333333/0.333333",0,0.4,-4,-0.0685996621709639,-0.0645664604744103,-0.07202358214009,0.00342391996912609,0.00745712166567963,0.0584803816245681,0.0582878950774562,0.9,0.0039790996438321,0.403026666666667,0.839473333333333,0.123053333333333,740.02,499.23,0.674766652024102,0.126716394636133,100
"fed_ccw_tvipcw","RD",8,-0.7,"medium",1,"balanced","homogeneous",3,1500,"500/500/500","0.333333/0.333333/0.333333",0,0.4,-4,-0.0530109268648516,-0.0496830051791809,-0.0618570011329952,0.00884607426814358,0.0121739959538143,0.0483259066379817,0.0488906161734193,0.91,0.00311513275491135,0.40034,0.839973333333333,0.13768,618.72,378.68,0.612044913688802,0.143696992164304,100
"fed_ccw_tvipcw","RD",4,-0.7,"medium",1,"unbalanced","homogeneous",3,1500,"50/100/1350","0.033333/0.066667/0.9",0,0.4,-4,-0.0753670586017265,-0.071179411264323,-0.0870393718294709,0.0116723132277444,0.0158599605651478,0.0609520388607087,0.0617595533253856,0.94,-0.00744047411081942,0.39922,0.840746666666667,0.101406666666667,902.77,663.89,0.735438538219244,0.101184524913118,100
"fed_ccw_tvipcw","RD",6,-0.7,"medium",1,"unbalanced","homogeneous",3,1500,"50/100/1350","0.033333/0.066667/0.9",0,0.4,-4,-0.0686948680831785,-0.0594268267221246,-0.07202358214009,0.0033287140569115,0.0125967554179653,0.0680865549377077,0.0678269969180806,0.86,-0.00151292443829804,0.39976,0.83948,0.12238,739.4,498.62,0.674294179887054,0.123280491071856,100
"fed_ccw_tvipcw","RD",8,-0.7,"medium",1,"unbalanced","homogeneous",3,1500,"50/100/1350","0.033333/0.066667/0.9",0,0.4,-4,-0.0518564021329784,-0.0505316901004209,-0.0618570011329952,0.0100005990000168,0.0113253110325743,0.0488915239835757,0.0496637623083605,0.89,0.000778507190898364,0.40026,0.838873333333333,0.137606666666667,620.07,378.38,0.610223960406362,0.145113728076799,100
"fed_ipw_no_clone","RD",4,-0.7,"medium",1,"balanced","heterogeneous",3,1500,"500/500/500","0.333333/0.333333/0.333333",0,0.4,-4,-0.125341704573082,-0.120235693033399,-0.0658737476061313,-0.0594679569669512,-0.0543619454272677,0.117780179664358,0.131414941769854,NA,0.002315964578983,0.400173333333333,0.742,0.13106,880.12,493.12,0.560247751116823,0.0813019441163848,100
"fed_ipw_no_clone","RD",6,-0.7,"medium",1,"balanced","heterogeneous",3,1500,"500/500/500","0.333333/0.333333/0.333333",0,0.4,-4,-0.123127054242055,-0.128913143511944,-0.0556502870711465,-0.0674767671709081,-0.0732628564407975,0.13017157742991,0.146042142146443,NA,-0.00059719490699706,0.399593333333333,0.741166666666667,0.14808,757.29,369.04,0.487231878389623,0.0865766343154778,100
"fed_ipw_no_clone","RD",8,-0.7,"medium",1,"balanced","heterogeneous",3,1500,"500/500/500","0.333333/0.333333/0.333333",0,0.4,-4,-0.179636139806349,-0.17507313102906,-0.0476801462017897,-0.131955993604559,-0.12739298482727,0.114222522383308,0.174151373872202,NA,0.000629512632417107,0.398706666666667,0.740053333333333,0.155306666666667,675.47,285.55,0.422654041814747,0.090056323974659,100
"fed_ipw_no_clone","RD",4,-0.7,"medium",1,"unbalanced","heterogeneous",3,1500,"50/100/1350","0.033333/0.066667/0.9",1.3,0.66,-4,-0.0444280045885427,-0.0205500988987446,-0.0263364588996008,-0.0180915456889419,0.0057863600008562,0.0845080855435531,0.0860087459647517,NA,1.30758566210706,0.658913333333333,0.946286666666667,0.253093333333333,470.8,390.23,0.828662324082895,0.197502539541769,100
"fed_ipw_no_clone","RD",6,-0.7,"medium",1,"unbalanced","heterogeneous",3,1500,"50/100/1350","0.033333/0.066667/0.9",1.3,0.66,-4,-0.0603498364372516,-0.0351627161980198,-0.0229893735208352,-0.0373604629164164,-0.0121733426771846,0.0798364142381894,0.0877833623037793,NA,1.29514130748068,0.66008,0.9454,0.269706666666667,329.44,247.54,0.751241234793407,0.205945915125189,100
"fed_ipw_no_clone","RD",8,-0.7,"medium",1,"unbalanced","heterogeneous",3,1500,"50/100/1350","0.033333/0.066667/0.9",1.3,0.66,-4,-0.0496916027151359,-0.0427832172759511,-0.0220320883905185,-0.0276595143246174,-0.0207511288854326,0.0528709004843456,0.0594342286020357,NA,1.3008207448564,0.657966666666667,0.944613333333333,0.27816,251.49,168.41,0.669430456037592,0.205637808900159,100
"fed_ipw_no_clone","RD",4,-0.7,"medium",1,"balanced","homogeneous",3,1500,"500/500/500","0.333333/0.333333/0.333333",0,0.4,-4,-0.118036968045116,-0.118841510434633,-0.0870393718294709,-0.0309975962156449,-0.0318021386051623,0.0773496087071604,0.0829697735240218,NA,0.00837865474872389,0.400793333333333,0.846813333333333,0.102986666666667,902.53,672.75,0.745459400814235,0.100894500068961,100
"fed_ipw_no_clone","RD",6,-0.7,"medium",1,"balanced","homogeneous",3,1500,"500/500/500","0.333333/0.333333/0.333333",0,0.4,-4,-0.181090753158735,-0.169270771504103,-0.07202358214009,-0.109067171018645,-0.0972471893640134,0.0914803260213427,0.142058478601215,NA,0.0039790996438321,0.403026666666667,0.839473333333333,0.123053333333333,740.02,499.23,0.674766652024102,0.126716394636133,100
"fed_ipw_no_clone","RD",8,-0.7,"medium",1,"balanced","homogeneous",3,1500,"500/500/500","0.333333/0.333333/0.333333",0,0.4,-4,-0.184141207220083,-0.1734118535387,-0.0618570011329952,-0.122284206087088,-0.111554852405704,0.0822693420690191,0.147152945116209,NA,0.00311513275491135,0.40034,0.839973333333333,0.13768,618.72,378.68,0.612044913688802,0.143696992164304,100
"fed_ipw_no_clone","RD",4,-0.7,"medium",1,"unbalanced","homogeneous",3,1500,"50/100/1350","0.033333/0.066667/0.9",0,0.4,-4,-0.146206665383112,-0.142665174888818,-0.0870393718294709,-0.0591672935536414,-0.0556258030593468,0.0805422669225866,0.0996140292322405,NA,-0.00744047411081942,0.39922,0.840746666666667,0.101406666666667,902.77,663.89,0.735438538219244,0.101184524913118,100
"fed_ipw_no_clone","RD",6,-0.7,"medium",1,"unbalanced","homogeneous",3,1500,"50/100/1350","0.033333/0.066667/0.9",0,0.4,-4,-0.176821419422988,-0.158194710052888,-0.07202358214009,-0.104797837282898,-0.0861711279127983,0.102964542916356,0.146554654740704,NA,-0.00151292443829804,0.39976,0.83948,0.12238,739.4,498.62,0.674294179887054,0.123280491071856,100
"fed_ipw_no_clone","RD",8,-0.7,"medium",1,"unbalanced","homogeneous",3,1500,"50/100/1350","0.033333/0.066667/0.9",0,0.4,-4,-0.188465807746593,-0.179601636548883,-0.0618570011329952,-0.126608806613598,-0.117744635415888,0.0841341149978917,0.151781269350118,NA,0.000778507190898364,0.40026,0.838873333333333,0.137606666666667,620.07,378.38,0.610223960406362,0.145113728076799,100
"fed_landmark_ipw","RD",4,-0.7,"medium",1,"balanced","heterogeneous",3,1500,"500/500/500","0.333333/0.333333/0.333333",0,0.4,-4,-0.102577158585997,-0.115661203484551,-0.0658737476061313,-0.0367034109798658,-0.0497874558784194,0.128212399152548,0.132744775720345,NA,0.002315964578983,0.400173333333333,0.742,0.13106,880.12,493.12,0.560247751116823,0.0813019441163848,100
"fed_landmark_ipw","RD",6,-0.7,"medium",1,"balanced","heterogeneous",3,1500,"500/500/500","0.333333/0.333333/0.333333",0,0.4,-4,-0.111726617576073,-0.104977271686777,-0.0556502870711465,-0.0560763305049261,-0.0493269846156303,0.125650593459747,0.137020968334472,NA,-0.00059719490699706,0.399593333333333,0.741166666666667,0.14808,757.29,369.04,0.487231878389623,0.0865766343154778,100
"fed_landmark_ipw","RD",8,-0.7,"medium",1,"balanced","heterogeneous",3,1500,"500/500/500","0.333333/0.333333/0.333333",0,0.4,-4,-0.121698370532059,-0.126577256361636,-0.0476801462017897,-0.074018224330269,-0.078897110159846,0.108356685846107,0.130776363257595,NA,0.000629512632417107,0.398706666666667,0.740053333333333,0.155306666666667,675.47,285.55,0.422654041814747,0.090056323974659,100
"fed_landmark_ipw","RD",4,-0.7,"medium",1,"unbalanced","heterogeneous",3,1500,"50/100/1350","0.033333/0.066667/0.9",1.3,0.66,-4,-0.044921703383996,-0.0152567527289932,-0.0263364588996008,-0.0185852444843952,0.0110797061706076,0.153585444517999,0.15394159669387,NA,1.30758566210706,0.658913333333333,0.946286666666667,0.253093333333333,470.8,390.23,0.828662324082895,0.197502539541769,100
"fed_landmark_ipw","RD",6,-0.7,"medium",1,"unbalanced","heterogeneous",3,1500,"50/100/1350","0.033333/0.066667/0.9",1.3,0.66,-4,-0.0554740129879867,-0.0591527648108542,-0.0229893735208352,-0.0324846394671516,-0.036163391290019,0.161293656589716,0.163739851657534,NA,1.29514130748068,0.66008,0.9454,0.269706666666667,329.44,247.54,0.751241234793407,0.205945915125189,100
"fed_landmark_ipw","RD",8,-0.7,"medium",1,"unbalanced","heterogeneous",3,1500,"50/100/1350","0.033333/0.066667/0.9",1.3,0.66,-4,-0.0193124135428451,-0.00794032509744025,-0.0220320883905185,0.00271967484767341,0.0140917632930783,0.15364578907824,0.152899819645862,NA,1.3008207448564,0.657966666666667,0.944613333333333,0.27816,251.49,168.41,0.669430456037592,0.205637808900159,100
"fed_landmark_ipw","RD",4,-0.7,"medium",1,"balanced","homogeneous",3,1500,"500/500/500","0.333333/0.333333/0.333333",0,0.4,-4,-0.160993744766266,-0.157505574389259,-0.0870393718294709,-0.0739543729367954,-0.0704662025597885,0.109083427234614,0.131337166989209,NA,0.00837865474872389,0.400793333333333,0.846813333333333,0.102986666666667,902.53,672.75,0.745459400814235,0.100894500068961,100
"fed_landmark_ipw","RD",6,-0.7,"medium",1,"balanced","homogeneous",3,1500,"500/500/500","0.333333/0.333333/0.333333",0,0.4,-4,-0.180058612995738,-0.17727363301138,-0.07202358214009,-0.108035030855648,-0.10525005087129,0.131791332345551,0.169902423821976,NA,0.0039790996438321,0.403026666666667,0.839473333333333,0.123053333333333,740.02,499.23,0.674766652024102,0.126716394636133,100
"fed_landmark_ipw","RD",8,-0.7,"medium",1,"balanced","homogeneous",3,1500,"500/500/500","0.333333/0.333333/0.333333",0,0.4,-4,-0.154398176800323,-0.152913391563659,-0.0618570011329952,-0.0925411756673279,-0.0910563904306642,0.0954542008529393,0.132605650745961,NA,0.00311513275491135,0.40034,0.839973333333333,0.13768,618.72,378.68,0.612044913688802,0.143696992164304,100
"fed_landmark_ipw","RD",4,-0.7,"medium",1,"unbalanced","homogeneous",3,1500,"50/100/1350","0.033333/0.066667/0.9",0,0.4,-4,-0.173901431639918,-0.174370975486042,-0.0870393718294709,-0.0868620598104475,-0.0873316036565708,0.12624346453374,0.152718877839711,NA,-0.00744047411081942,0.39922,0.840746666666667,0.101406666666667,902.77,663.89,0.735438538219244,0.101184524913118,100
"fed_landmark_ipw","RD",6,-0.7,"medium",1,"unbalanced","homogeneous",3,1500,"50/100/1350","0.033333/0.066667/0.9",0,0.4,-4,-0.159257092506453,-0.155514165377216,-0.07202358214009,-0.0872335103663631,-0.0834905832371257,0.109415744695099,0.139505456761195,NA,-0.00151292443829804,0.39976,0.83948,0.12238,739.4,498.62,0.674294179887054,0.123280491071856,100
"fed_landmark_ipw","RD",8,-0.7,"medium",1,"unbalanced","homogeneous",3,1500,"50/100/1350","0.033333/0.066667/0.9",0,0.4,-4,-0.161041652347984,-0.163599173760553,-0.0618570011329952,-0.0991846512149888,-0.101742172627557,0.103634320739314,0.143074339933431,NA,0.000778507190898364,0.40026,0.838873333333333,0.137606666666667,620.07,378.38,0.610223960406362,0.145113728076799,100
"fed_perprotocol_naive","RD",4,-0.7,"medium",1,"balanced","heterogeneous",3,1500,"500/500/500","0.333333/0.333333/0.333333",0,0.4,-4,0.223092870544379,0.224500687446692,-0.0658737476061313,0.28896661815051,0.290374435052823,0.0229411378278092,0.289866761206125,NA,0.002315964578983,0.400173333333333,0.742,0.13106,880.12,493.12,0.560247751116823,0.0813019441163848,100
"fed_perprotocol_naive","RD",6,-0.7,"medium",1,"balanced","heterogeneous",3,1500,"500/500/500","0.333333/0.333333/0.333333",0,0.4,-4,0.214874210158817,0.213349507667571,-0.0556502870711465,0.270524497229964,0.268999794738717,0.0225781119196696,0.271455663098052,NA,-0.00059719490699706,0.399593333333333,0.741166666666667,0.14808,757.29,369.04,0.487231878389623,0.0865766343154778,100
"fed_perprotocol_naive","RD",8,-0.7,"medium",1,"balanced","heterogeneous",3,1500,"500/500/500","0.333333/0.333333/0.333333",0,0.4,-4,0.198276798746614,0.200619612947762,-0.0476801462017897,0.245956944948404,0.248299759149552,0.0209152155041736,0.246835756213605,NA,0.000629512632417107,0.398706666666667,0.740053333333333,0.155306666666667,675.47,285.55,0.422654041814747,0.090056323974659,100
"fed_perprotocol_naive","RD",4,-0.7,"medium",1,"unbalanced","heterogeneous",3,1500,"50/100/1350","0.033333/0.066667/0.9",1.3,0.66,-4,0.0545867726274465,0.0541834218843931,-0.0263364588996008,0.0809232315270473,0.0805198807839939,0.00855159579908689,0.0813693301778007,NA,1.30758566210706,0.658913333333333,0.946286666666667,0.253093333333333,470.8,390.23,0.828662324082895,0.197502539541769,100
"fed_perprotocol_naive","RD",6,-0.7,"medium",1,"unbalanced","heterogeneous",3,1500,"50/100/1350","0.033333/0.066667/0.9",1.3,0.66,-4,0.0509064197377866,0.0518538642893981,-0.0229893735208352,0.0738957932586218,0.0748432378102333,0.00906408846785067,0.0744441024129948,NA,1.29514130748068,0.66008,0.9454,0.269706666666667,329.44,247.54,0.751241234793407,0.205945915125189,100
"fed_perprotocol_naive","RD",8,-0.7,"medium",1,"unbalanced","heterogeneous",3,1500,"50/100/1350","0.033333/0.066667/0.9",1.3,0.66,-4,0.0474948880543824,0.0481302617324834,-0.0220320883905185,0.0695269764449009,0.0701623501230019,0.0101336229125133,0.0702542800387954,NA,1.3008207448564,0.657966666666667,0.944613333333333,0.27816,251.49,168.41,0.669430456037592,0.205637808900159,100
"fed_perprotocol_naive","RD",4,-0.7,"medium",1,"balanced","homogeneous",3,1500,"500/500/500","0.333333/0.333333/0.333333",0,0.4,-4,0.061254213357122,0.0591996774611067,-0.0870393718294709,0.148293585186593,0.146239049290578,0.0250149933423609,0.150367815041958,NA,0.00837865474872389,0.400793333333333,0.846813333333333,0.102986666666667,902.53,672.75,0.745459400814235,0.100894500068961,100
"fed_perprotocol_naive","RD",6,-0.7,"medium",1,"balanced","homogeneous",3,1500,"500/500/500","0.333333/0.333333/0.333333",0,0.4,-4,0.0538395703258929,0.0540156299352781,-0.07202358214009,0.125863152465983,0.126039212075368,0.023576515498606,0.128030569439102,NA,0.0039790996438321,0.403026666666667,0.839473333333333,0.123053333333333,740.02,499.23,0.674766652024102,0.126716394636133,100
"fed_perprotocol_naive","RD",8,-0.7,"medium",1,"balanced","homogeneous",3,1500,"500/500/500","0.333333/0.333333/0.333333",0,0.4,-4,0.0359428105828174,0.0368423427576168,-0.0618570011329952,0.0977998117158125,0.098699343890612,0.0272201782182822,0.101480697144142,NA,0.00311513275491135,0.40034,0.839973333333333,0.13768,618.72,378.68,0.612044913688802,0.143696992164304,100
"fed_perprotocol_naive","RD",4,-0.7,"medium",1,"unbalanced","homogeneous",3,1500,"50/100/1350","0.033333/0.066667/0.9",0,0.4,-4,0.0627690715483348,0.0637666023492547,-0.0870393718294709,0.149808443377806,0.150805974178726,0.0243421251147274,0.151753693107717,NA,-0.00744047411081942,0.39922,0.840746666666667,0.101406666666667,902.77,663.89,0.735438538219244,0.101184524913118,100
"fed_perprotocol_naive","RD",6,-0.7,"medium",1,"unbalanced","homogeneous",3,1500,"50/100/1350","0.033333/0.066667/0.9",0,0.4,-4,0.0524309817907837,0.0519595877991915,-0.07202358214009,0.124454563930874,0.123983169939281,0.023834518056357,0.126693890506579,NA,-0.00151292443829804,0.39976,0.83948,0.12238,739.4,498.62,0.674294179887054,0.123280491071856,100
"fed_perprotocol_naive","RD",8,-0.7,"medium",1,"unbalanced","homogeneous",3,1500,"50/100/1350","0.033333/0.066667/0.9",0,0.4,-4,0.0345029951716677,0.0326112993695671,-0.0618570011329952,0.0963599963046629,0.0944683005025623,0.0273803639394033,0.100137087904504,NA,0.000778507190898364,0.40026,0.838873333333333,0.137606666666667,620.07,378.38,0.610223960406362,0.145113728076799,100
"local_ccw_meta","RD",4,-0.7,"medium",1,"balanced","heterogeneous",3,1500,"500/500/500","0.333333/0.333333/0.333333",0,0.4,-4,-0.0621157720290846,-0.068362945002322,-0.0658737476061313,0.00375797557704666,-0.00248919739619075,0.0671714973802746,0.0669403640574417,NA,0.002315964578983,0.400173333333333,0.742,0.13106,880.12,493.12,0.560247751116823,0.0813019441163848,100
"local_ccw_meta","RD",6,-0.7,"medium",1,"balanced","heterogeneous",3,1500,"500/500/500","0.333333/0.333333/0.333333",0,0.4,-4,-0.0312227860124804,-0.0449031279744782,-0.0556502870711465,0.0244275010586661,0.0107471590966683,0.0794370124125345,0.0827275006245807,NA,-0.00059719490699706,0.399593333333333,0.741166666666667,0.14808,757.29,369.04,0.487231878389623,0.0865766343154778,100
"local_ccw_meta","RD",8,-0.7,"medium",1,"balanced","heterogeneous",3,1500,"500/500/500","0.333333/0.333333/0.333333",0,0.4,-4,-0.0505866253983721,-0.061637535094765,-0.0476801462017897,-0.00290647919658235,-0.0139573888929753,0.0616716879483563,0.0614313498531133,NA,0.000629512632417107,0.398706666666667,0.740053333333333,0.155306666666667,675.47,285.55,0.422654041814747,0.090056323974659,100
"local_ccw_meta","RD",4,-0.7,"medium",1,"unbalanced","heterogeneous",3,1500,"50/100/1350","0.033333/0.066667/0.9",1.3,0.66,-4,-0.016910812159405,-0.0107967597332134,-0.0263364588996008,0.00942564674019575,0.0155396991663874,0.0378505016808194,0.038822373564554,NA,1.30758566210706,0.658913333333333,0.946286666666667,0.253093333333333,470.8,390.23,0.828662324082895,0.197502539541769,100
"local_ccw_meta","RD",6,-0.7,"medium",1,"unbalanced","heterogeneous",3,1500,"50/100/1350","0.033333/0.066667/0.9",1.3,0.66,-4,-0.0187276732291346,-0.0135002322179479,-0.0229893735208352,0.00426170029170062,0.00948914130288725,0.0363431634845524,0.0364112532896155,NA,1.29514130748068,0.66008,0.9454,0.269706666666667,329.44,247.54,0.751241234793407,0.205945915125189,100
"local_ccw_meta","RD",8,-0.7,"medium",1,"unbalanced","heterogeneous",3,1500,"50/100/1350","0.033333/0.066667/0.9",1.3,0.66,-4,-0.0115241698315341,-0.0103402071307624,-0.0220320883905185,0.0105079185589844,0.0116918812597561,0.0279736230234249,0.0297508773256919,NA,1.3008207448564,0.657966666666667,0.944613333333333,0.27816,251.49,168.41,0.669430456037592,0.205637808900159,100
"local_ccw_meta","RD",4,-0.7,"medium",1,"balanced","homogeneous",3,1500,"500/500/500","0.333333/0.333333/0.333333",0,0.4,-4,-0.0509761628916332,-0.0480783520217244,-0.0870393718294709,0.0360632089378377,0.0389610198077465,0.0553221012071649,0.0658064174078044,NA,0.00837865474872389,0.400793333333333,0.846813333333333,0.102986666666667,902.53,672.75,0.745459400814235,0.100894500068961,100
"local_ccw_meta","RD",6,-0.7,"medium",1,"balanced","homogeneous",3,1500,"500/500/500","0.333333/0.333333/0.333333",0,0.4,-4,-0.0610759499397836,-0.0594825708697817,-0.07202358214009,0.0109476322003064,0.0125410112703083,0.0523923701088624,0.0532668892649173,NA,0.0039790996438321,0.403026666666667,0.839473333333333,0.123053333333333,740.02,499.23,0.674766652024102,0.126716394636133,100
"local_ccw_meta","RD",8,-0.7,"medium",1,"balanced","homogeneous",3,1500,"500/500/500","0.333333/0.333333/0.333333",0,0.4,-4,-0.0467285676570501,-0.0438179497530903,-0.0618570011329952,0.0151284334759451,0.0180390513799049,0.0441925990348538,0.0465008112918141,NA,0.00311513275491135,0.40034,0.839973333333333,0.13768,618.72,378.68,0.612044913688802,0.143696992164304,100
"local_ccw_meta","RD",4,-0.7,"medium",1,"unbalanced","homogeneous",3,1500,"50/100/1350","0.033333/0.066667/0.9",0,0.4,-4,-0.070220916060031,-0.0681584793459737,-0.0870393718294709,0.0168184557694398,0.0188808924834971,0.0577729479051939,0.0598932118777102,NA,-0.00744047411081942,0.39922,0.840746666666667,0.101406666666667,902.77,663.89,0.735438538219244,0.101184524913118,100
"local_ccw_meta","RD",6,-0.7,"medium",1,"unbalanced","homogeneous",3,1500,"50/100/1350","0.033333/0.066667/0.9",0,0.4,-4,-0.0611411256279398,-0.051615867743032,-0.07202358214009,0.0108824565121502,0.020407714397058,0.0635263456207071,0.0641378864773478,NA,-0.00151292443829804,0.39976,0.83948,0.12238,739.4,498.62,0.674294179887054,0.123280491071856,100
"local_ccw_meta","RD",8,-0.7,"medium",1,"unbalanced","homogeneous",3,1500,"50/100/1350","0.033333/0.066667/0.9",0,0.4,-4,-0.0485294606821512,-0.0451019263999889,-0.0618570011329952,0.013327540450844,0.0167550747330063,0.0477163775505314,0.0493123462648888,NA,0.000778507190898364,0.40026,0.838873333333333,0.137606666666667,620.07,378.38,0.610223960406362,0.145113728076799,100
"pooled_ccw_tvipcw","RD",4,-0.7,"medium",1,"balanced","heterogeneous",3,1500,"500/500/500","0.333333/0.333333/0.333333",0,0.4,-4,-0.0544262592901587,-0.0473168852051283,-0.0658737476061313,0.0114474883159726,0.018556862401003,0.0915032523346138,0.0917614392033942,0.89,0.002315964578983,0.400173333333333,0.742,0.13106,880.12,493.12,0.560247751116823,0.0813019441163848,100
"pooled_ccw_tvipcw","RD",6,-0.7,"medium",1,"balanced","heterogeneous",3,1500,"500/500/500","0.333333/0.333333/0.333333",0,0.4,-4,-0.0247232056939587,-0.0296438073903403,-0.0556502870711465,0.0309270813771879,0.0260064796808062,0.0797402628592012,0.0851552041167019,0.82,-0.00059719490699706,0.399593333333333,0.741166666666667,0.14808,757.29,369.04,0.487231878389623,0.0865766343154778,100
"pooled_ccw_tvipcw","RD",8,-0.7,"medium",1,"balanced","heterogeneous",3,1500,"500/500/500","0.333333/0.333333/0.333333",0,0.4,-4,-0.04065057434508,-0.0375701469426423,-0.0476801462017897,0.00702957185670975,0.0101099992591475,0.0586455783033189,0.0587735118609909,0.92,0.000629512632417107,0.398706666666667,0.740053333333333,0.155306666666667,675.47,285.55,0.422654041814747,0.090056323974659,100
"pooled_ccw_tvipcw","RD",4,-0.7,"medium",1,"unbalanced","heterogeneous",3,1500,"50/100/1350","0.033333/0.066667/0.9",1.3,0.66,-4,-0.0154609239264869,-0.00550487071261047,-0.0263364588996008,0.0108755349731139,0.0208315881869903,0.0456330400476312,0.0466886266825257,0.68,1.30758566210706,0.658913333333333,0.946286666666667,0.253093333333333,470.8,390.23,0.828662324082895,0.197502539541769,100
"pooled_ccw_tvipcw","RD",6,-0.7,"medium",1,"unbalanced","heterogeneous",3,1500,"50/100/1350","0.033333/0.066667/0.9",1.3,0.66,-4,-0.0176256348152554,-0.00453514785334108,-0.0229893735208352,0.00536373870557975,0.0184542256674941,0.044360037790394,0.0444623944040271,0.76,1.29514130748068,0.66008,0.9454,0.269706666666667,329.44,247.54,0.751241234793407,0.205945915125189,100
"pooled_ccw_tvipcw","RD",8,-0.7,"medium",1,"unbalanced","heterogeneous",3,1500,"50/100/1350","0.033333/0.066667/0.9",1.3,0.66,-4,-0.0108985180990827,-0.00299838861884488,-0.0220320883905185,0.0111335702914358,0.0190336997716736,0.0371483239017883,0.0386025177476728,0.73,1.3008207448564,0.657966666666667,0.944613333333333,0.27816,251.49,168.41,0.669430456037592,0.205637808900159,100
"pooled_ccw_tvipcw","RD",4,-0.7,"medium",1,"balanced","homogeneous",3,1500,"500/500/500","0.333333/0.333333/0.333333",0,0.4,-4,-0.0614545317650225,-0.0581052334064677,-0.0870393718294709,0.0255848400644484,0.0289341384230031,0.0541802279723327,0.0596718205958726,0.91,0.00837865474872389,0.400793333333333,0.846813333333333,0.102986666666667,902.53,672.75,0.745459400814235,0.100894500068961,100
"pooled_ccw_tvipcw","RD",6,-0.7,"medium",1,"balanced","homogeneous",3,1500,"500/500/500","0.333333/0.333333/0.333333",0,0.4,-4,-0.0692068327764253,-0.0681377989890096,-0.07202358214009,0.00281674936366469,0.00388578315108035,0.0571319214687258,0.0569152876051705,0.9,0.0039790996438321,0.403026666666667,0.839473333333333,0.123053333333333,740.02,499.23,0.674766652024102,0.126716394636133,100
"pooled_ccw_tvipcw","RD",8,-0.7,"medium",1,"balanced","homogeneous",3,1500,"500/500/500","0.333333/0.333333/0.333333",0,0.4,-4,-0.0559770411627915,-0.0549147239888137,-0.0618570011329952,0.00587995997020369,0.0069422771441815,0.0469175297592095,0.0470512059566005,0.92,0.00311513275491135,0.40034,0.839973333333333,0.13768,618.72,378.68,0.612044913688802,0.143696992164304,100
"pooled_ccw_tvipcw","RD",4,-0.7,"medium",1,"unbalanced","homogeneous",3,1500,"50/100/1350","0.033333/0.066667/0.9",0,0.4,-4,-0.0769940802088637,-0.0808442383912817,-0.0870393718294709,0.0100452916206071,0.00619513343818917,0.0604409125598582,0.060971146911476,0.93,-0.00744047411081942,0.39922,0.840746666666667,0.101406666666667,902.77,663.89,0.735438538219244,0.101184524913118,100
"pooled_ccw_tvipcw","RD",6,-0.7,"medium",1,"unbalanced","homogeneous",3,1500,"50/100/1350","0.033333/0.066667/0.9",0,0.4,-4,-0.0674568563545217,-0.056499200997149,-0.07202358214009,0.00456672578556823,0.015524381142941,0.0653703013968797,0.0652027493751013,0.85,-0.00151292443829804,0.39976,0.83948,0.12238,739.4,498.62,0.674294179887054,0.123280491071856,100
"pooled_ccw_tvipcw","RD",8,-0.7,"medium",1,"unbalanced","homogeneous",3,1500,"50/100/1350","0.033333/0.066667/0.9",0,0.4,-4,-0.0533171265085579,-0.0525858067879,-0.0618570011329952,0.0085398746244373,0.00927119434509521,0.0482799068875764,0.0487910788319281,0.88,0.000778507190898364,0.40026,0.838873333333333,0.137606666666667,620.07,378.38,0.610223960406362,0.145113728076799,100
"fed_ccw_tvipcw","RMST0",4,-0.7,"medium",1,"balanced","heterogeneous",3,1500,"500/500/500","0.333333/0.333333/0.333333",0,0.4,-4,10.8745876575809,10.8700868633737,10.8671193684868,0.00746828909402502,0.00296749488683901,0.257138113544194,0.255958169794769,NA,0.002315964578983,0.400173333333333,0.742,0.13106,880.12,493.12,0.560247751116823,0.0813019441163848,100
"fed_ccw_tvipcw","RMST0",6,-0.7,"medium",1,"balanced","heterogeneous",3,1500,"500/500/500","0.333333/0.333333/0.333333",0,0.4,-4,10.8848397888504,10.867532746016,10.8670596454588,0.0177801433916473,0.000473100557251804,0.217768276995288,0.217404980945399,NA,-0.00059719490699706,0.399593333333333,0.741166666666667,0.14808,757.29,369.04,0.487231878389623,0.0865766343154778,100
"fed_ccw_tvipcw","RMST0",8,-0.7,"medium",1,"balanced","heterogeneous",3,1500,"500/500/500","0.333333/0.333333/0.333333",0,0.4,-4,10.8917514077741,10.8699135732691,10.8736313744087,0.0181200333653237,-0.00371780113969056,0.199877640604945,0.199699514548288,NA,0.000629512632417107,0.398706666666667,0.740053333333333,0.155306666666667,675.47,285.55,0.422654041814747,0.090056323974659,100
"fed_ccw_tvipcw","RMST0",4,-0.7,"medium",1,"unbalanced","heterogeneous",3,1500,"50/100/1350","0.033333/0.066667/0.9",1.3,0.66,-4,4.96872250892736,4.97861342043008,4.99437145223151,-0.025648943304151,-0.0157580318014321,0.151117537602731,0.152532007664035,NA,1.30758566210706,0.658913333333333,0.946286666666667,0.253093333333333,470.8,390.23,0.828662324082895,0.197502539541769,100
"fed_ccw_tvipcw","RMST0",6,-0.7,"medium",1,"unbalanced","heterogeneous",3,1500,"50/100/1350","0.033333/0.066667/0.9",1.3,0.66,-4,5.08711054980982,5.00934245412011,4.99200442863671,0.0951061211731068,0.0173380254833968,0.784801046071853,0.786637609945592,NA,1.29514130748068,0.66008,0.9454,0.269706666666667,329.44,247.54,0.751241234793407,0.205945915125189,100
"fed_ccw_tvipcw","RMST0",8,-0.7,"medium",1,"unbalanced","heterogeneous",3,1500,"50/100/1350","0.033333/0.066667/0.9",1.3,0.66,-4,4.98923827949053,5.01082291533717,4.99600881981045,-0.00677054031991445,0.0148140955267251,0.175672320517032,0.174922830900098,NA,1.3008207448564,0.657966666666667,0.944613333333333,0.27816,251.49,168.41,0.669430456037592,0.205637808900159,100
"fed_ccw_tvipcw","RMST0",4,-0.7,"medium",1,"balanced","homogeneous",3,1500,"500/500/500","0.333333/0.333333/0.333333",0,0.4,-4,9.47213577141817,9.43623019784495,9.54616119454829,-0.0740254231301202,-0.109930996703341,0.253314256630315,0.262690301982469,NA,0.00837865474872389,0.400793333333333,0.846813333333333,0.102986666666667,902.53,672.75,0.745459400814235,0.100894500068961,100
"fed_ccw_tvipcw","RMST0",6,-0.7,"medium",1,"balanced","homogeneous",3,1500,"500/500/500","0.333333/0.333333/0.333333",0,0.4,-4,9.55415447994974,9.53652498496617,9.54370578171391,0.0104486982358331,-0.00718079674774064,0.26318273751911,0.262071892978998,NA,0.0039790996438321,0.403026666666667,0.839473333333333,0.123053333333333,740.02,499.23,0.674766652024102,0.126716394636133,100
"fed_ccw_tvipcw","RMST0",8,-0.7,"medium",1,"balanced","homogeneous",3,1500,"500/500/500","0.333333/0.333333/0.333333",0,0.4,-4,9.51401968473339,9.55583297757043,9.53895574219077,-0.0249360574573797,0.0168772353796562,0.218785080844337,0.219111956418586,NA,0.00311513275491135,0.40034,0.839973333333333,0.13768,618.72,378.68,0.612044913688802,0.143696992164304,100
"fed_ccw_tvipcw","RMST0",4,-0.7,"medium",1,"unbalanced","homogeneous",3,1500,"50/100/1350","0.033333/0.066667/0.9",0,0.4,-4,9.5786485042678,9.5811717839081,9.54616119454829,0.0324873097195092,0.0350105893598185,0.245873498120176,0.2467887043604,NA,-0.00744047411081942,0.39922,0.840746666666667,0.101406666666667,902.77,663.89,0.735438538219244,0.101184524913118,100
"fed_ccw_tvipcw","RMST0",6,-0.7,"medium",1,"unbalanced","homogeneous",3,1500,"50/100/1350","0.033333/0.066667/0.9",0,0.4,-4,9.50049297890049,9.60532754540972,9.54370578171391,-0.043212802813414,0.0616217636958147,0.791456208020347,0.788673726105287,NA,-0.00151292443829804,0.39976,0.83948,0.12238,739.4,498.62,0.674294179887054,0.123280491071856,100
"fed_ccw_tvipcw","RMST0",8,-0.7,"medium",1,"unbalanced","homogeneous",3,1500,"50/100/1350","0.033333/0.066667/0.9",0,0.4,-4,9.50895100829769,9.51580718475794,9.53895574219077,-0.0300047338930815,-0.0231485574328358,0.22550966274524,0.226376557901987,NA,0.000778507190898364,0.40026,0.838873333333333,0.137606666666667,620.07,378.38,0.610223960406362,0.145113728076799,100
"fed_ipw_no_clone","RMST0",4,-0.7,"medium",1,"balanced","heterogeneous",3,1500,"500/500/500","0.333333/0.333333/0.333333",0,0.4,-4,10.6073437747498,10.6108522688128,10.8671193684868,-0.259775593737021,-0.256267099674002,0.265225012895096,0.370302880750304,NA,0.002315964578983,0.400173333333333,0.742,0.13106,880.12,493.12,0.560247751116823,0.0813019441163848,100
"fed_ipw_no_clone","RMST0",6,-0.7,"medium",1,"balanced","heterogeneous",3,1500,"500/500/500","0.333333/0.333333/0.333333",0,0.4,-4,10.4799654592254,10.4441848429875,10.8670596454588,-0.387094186233342,-0.422874802471241,0.215341267093527,0.442436494557088,NA,-0.00059719490699706,0.399593333333333,0.741166666666667,0.14808,757.29,369.04,0.487231878389623,0.0865766343154778,100
"fed_ipw_no_clone","RMST0",8,-0.7,"medium",1,"balanced","heterogeneous",3,1500,"500/500/500","0.333333/0.333333/0.333333",0,0.4,-4,10.3882241479088,10.3597067360748,10.8736313744087,-0.485407226499966,-0.513924638333905,0.21164114199351,0.529116460519669,NA,0.000629512632417107,0.398706666666667,0.740053333333333,0.155306666666667,675.47,285.55,0.422654041814747,0.090056323974659,100
"fed_ipw_no_clone","RMST0",4,-0.7,"medium",1,"unbalanced","heterogeneous",3,1500,"50/100/1350","0.033333/0.066667/0.9",1.3,0.66,-4,4.50417600357892,4.50582391713792,4.99437145223151,-0.490195448652587,-0.488547535093588,0.143262140542834,0.510500125742881,NA,1.30758566210706,0.658913333333333,0.946286666666667,0.253093333333333,470.8,390.23,0.828662324082895,0.197502539541769,100
"fed_ipw_no_clone","RMST0",6,-0.7,"medium",1,"unbalanced","heterogeneous",3,1500,"50/100/1350","0.033333/0.066667/0.9",1.3,0.66,-4,4.42851283162655,4.37194084825267,4.99200442863671,-0.56349159701016,-0.620063580384041,0.702592685562502,0.897899157416316,NA,1.29514130748068,0.66008,0.9454,0.269706666666667,329.44,247.54,0.751241234793407,0.205945915125189,100
"fed_ipw_no_clone","RMST0",8,-0.7,"medium",1,"unbalanced","heterogeneous",3,1500,"50/100/1350","0.033333/0.066667/0.9",1.3,0.66,-4,4.2429497392578,4.27152677808168,4.99600881981045,-0.753059080552647,-0.724482041728769,0.154968880318186,0.768682755843528,NA,1.3008207448564,0.657966666666667,0.944613333333333,0.27816,251.49,168.41,0.669430456037592,0.205637808900159,100
"fed_ipw_no_clone","RMST0",4,-0.7,"medium",1,"balanced","homogeneous",3,1500,"500/500/500","0.333333/0.333333/0.333333",0,0.4,-4,9.29972547384618,9.27492122875272,9.54616119454829,-0.246435720702112,-0.27123996579557,0.259130035055215,0.356661542298871,NA,0.00837865474872389,0.400793333333333,0.846813333333333,0.102986666666667,902.53,672.75,0.745459400814235,0.100894500068961,100
"fed_ipw_no_clone","RMST0",6,-0.7,"medium",1,"balanced","homogeneous",3,1500,"500/500/500","0.333333/0.333333/0.333333",0,0.4,-4,9.22147180429232,9.21768656665866,9.54370578171391,-0.322233977421588,-0.326019215055245,0.271066952385763,0.420210966008605,NA,0.0039790996438321,0.403026666666667,0.839473333333333,0.123053333333333,740.02,499.23,0.674766652024102,0.126716394636133,100
"fed_ipw_no_clone","RMST0",8,-0.7,"medium",1,"balanced","homogeneous",3,1500,"500/500/500","0.333333/0.333333/0.333333",0,0.4,-4,9.04585600711827,9.0753664382292,9.53895574219077,-0.493099735072499,-0.463589303961568,0.228097919263699,0.542821999271652,NA,0.00311513275491135,0.40034,0.839973333333333,0.13768,618.72,378.68,0.612044913688802,0.143696992164304,100
"fed_ipw_no_clone","RMST0",4,-0.7,"medium",1,"unbalanced","homogeneous",3,1500,"50/100/1350","0.033333/0.066667/0.9",0,0.4,-4,9.39851341369459,9.4065001600729,9.54616119454829,-0.147647780853695,-0.139661034475385,0.247318742764654,0.28697519423895,NA,-0.00744047411081942,0.39922,0.840746666666667,0.101406666666667,902.77,663.89,0.735438538219244,0.101184524913118,100
"fed_ipw_no_clone","RMST0",6,-0.7,"medium",1,"unbalanced","homogeneous",3,1500,"50/100/1350","0.033333/0.066667/0.9",0,0.4,-4,9.17913706663397,9.27477370471209,9.54370578171391,-0.364568715079933,-0.26893207700182,0.762768167656661,0.841966432127451,NA,-0.00151292443829804,0.39976,0.83948,0.12238,739.4,498.62,0.674294179887054,0.123280491071856,100
"fed_ipw_no_clone","RMST0",8,-0.7,"medium",1,"unbalanced","homogeneous",3,1500,"50/100/1350","0.033333/0.066667/0.9",0,0.4,-4,9.04775350545358,9.05953585556059,9.53895574219077,-0.491202236737188,-0.479419886630185,0.218040090610649,0.53697830838683,NA,0.000778507190898364,0.40026,0.838873333333333,0.137606666666667,620.07,378.38,0.610223960406362,0.145113728076799,100
"fed_landmark_ipw","RMST0",4,-0.7,"medium",1,"balanced","heterogeneous",3,1500,"500/500/500","0.333333/0.333333/0.333333",0,0.4,-4,17.2008008866822,17.2162521590049,10.8671193684868,6.33368151819537,6.3491327905181,0.265586734109255,6.33919178792779,NA,0.002315964578983,0.400173333333333,0.742,0.13106,880.12,493.12,0.560247751116823,0.0813019441163848,100
"fed_landmark_ipw","RMST0",6,-0.7,"medium",1,"balanced","heterogeneous",3,1500,"500/500/500","0.333333/0.333333/0.333333",0,0.4,-4,19.200511760712,19.182205395409,10.8670596454588,8.33345211525318,8.31514574995019,0.255551737722655,8.33733037494402,NA,-0.00059719490699706,0.399593333333333,0.741166666666667,0.14808,757.29,369.04,0.487231878389623,0.0865766343154778,100
"fed_landmark_ipw","RMST0",8,-0.7,"medium",1,"balanced","heterogeneous",3,1500,"500/500/500","0.333333/0.333333/0.333333",0,0.4,-4,20.6628325066463,20.6918696952775,10.8736313744087,9.78920113223761,9.81823832086881,0.233365886236103,9.79195454686613,NA,0.000629512632417107,0.398706666666667,0.740053333333333,0.155306666666667,675.47,285.55,0.422654041814747,0.090056323974659,100
"fed_landmark_ipw","RMST0",4,-0.7,"medium",1,"unbalanced","heterogeneous",3,1500,"50/100/1350","0.033333/0.066667/0.9",1.3,0.66,-4,11.8229637996673,11.8249337166817,4.99437145223151,6.82859234743577,6.83056226445022,0.313659320057826,6.83572028354196,NA,1.30758566210706,0.658913333333333,0.946286666666667,0.253093333333333,470.8,390.23,0.828662324082895,0.197502539541769,100
"fed_landmark_ipw","RMST0",6,-0.7,"medium",1,"unbalanced","heterogeneous",3,1500,"50/100/1350","0.033333/0.066667/0.9",1.3,0.66,-4,14.8585344169544,14.8435271438769,4.99200442863671,9.86652998831765,9.85152271524022,0.42325781904755,9.87551364334749,NA,1.29514130748068,0.66008,0.9454,0.269706666666667,329.44,247.54,0.751241234793407,0.205945915125189,100
"fed_landmark_ipw","RMST0",8,-0.7,"medium",1,"unbalanced","heterogeneous",3,1500,"50/100/1350","0.033333/0.066667/0.9",1.3,0.66,-4,17.2528913235885,17.2793788673138,4.99600881981045,12.2568825037781,12.2833700475033,0.490406473100076,12.266591304645,NA,1.3008207448564,0.657966666666667,0.944613333333333,0.27816,251.49,168.41,0.669430456037592,0.205637808900159,100
"fed_landmark_ipw","RMST0",4,-0.7,"medium",1,"balanced","homogeneous",3,1500,"500/500/500","0.333333/0.333333/0.333333",0,0.4,-4,14.3741612125051,14.3772053364332,9.54616119454829,4.82800001795686,4.83104414188494,0.264193587099704,4.83515092239543,NA,0.00837865474872389,0.400793333333333,0.846813333333333,0.102986666666667,902.53,672.75,0.745459400814235,0.100894500068961,100
"fed_landmark_ipw","RMST0",6,-0.7,"medium",1,"balanced","homogeneous",3,1500,"500/500/500","0.333333/0.333333/0.333333",0,0.4,-4,16.614529906073,16.6251057497325,9.54370578171391,7.07082412435907,7.08139996801863,0.261502794296625,7.07560977385899,NA,0.0039790996438321,0.403026666666667,0.839473333333333,0.123053333333333,740.02,499.23,0.674766652024102,0.126716394636133,100
"fed_landmark_ipw","RMST0",8,-0.7,"medium",1,"balanced","homogeneous",3,1500,"500/500/500","0.333333/0.333333/0.333333",0,0.4,-4,18.4743857841558,18.5104208077815,9.53895574219077,8.93543004196501,8.97146506559074,0.241305948020994,8.93865517344727,NA,0.00311513275491135,0.40034,0.839973333333333,0.13768,618.72,378.68,0.612044913688802,0.143696992164304,100
"fed_landmark_ipw","RMST0",4,-0.7,"medium",1,"unbalanced","homogeneous",3,1500,"50/100/1350","0.033333/0.066667/0.9",0,0.4,-4,14.565584318952,14.5766347159449,9.54616119454829,5.01942312440371,5.03047352139664,0.261567342321107,5.02616571569442,NA,-0.00744047411081942,0.39922,0.840746666666667,0.101406666666667,902.77,663.89,0.735438538219244,0.101184524913118,100
"fed_landmark_ipw","RMST0",6,-0.7,"medium",1,"unbalanced","homogeneous",3,1500,"50/100/1350","0.033333/0.066667/0.9",0,0.4,-4,16.6663597297816,16.679216472411,9.54370578171391,7.1226539480677,7.13551069069714,0.265746554071373,7.12756019144105,NA,-0.00151292443829804,0.39976,0.83948,0.12238,739.4,498.62,0.674294179887054,0.123280491071856,100
"fed_landmark_ipw","RMST0",8,-0.7,"medium",1,"unbalanced","homogeneous",3,1500,"50/100/1350","0.033333/0.066667/0.9",0,0.4,-4,18.4523453515467,18.4747603314075,9.53895574219077,8.91338960935592,8.93580458921677,0.258821087036771,8.91710899337437,NA,0.000778507190898364,0.40026,0.838873333333333,0.137606666666667,620.07,378.38,0.610223960406362,0.145113728076799,100
"fed_perprotocol_naive","RMST0",4,-0.7,"medium",1,"balanced","heterogeneous",3,1500,"500/500/500","0.333333/0.333333/0.333333",0,0.4,-4,11.8477219082231,11.8319969497688,10.8671193684868,0.980602539736227,0.964877581281934,0.210276394394764,1.0026740952854,NA,0.002315964578983,0.400173333333333,0.742,0.13106,880.12,493.12,0.560247751116823,0.0813019441163848,100
"fed_perprotocol_naive","RMST0",6,-0.7,"medium",1,"balanced","heterogeneous",3,1500,"500/500/500","0.333333/0.333333/0.333333",0,0.4,-4,11.8978599326349,11.8598130841122,10.8670596454588,1.0308002871761,0.992753438653371,0.227967795831694,1.05546144165447,NA,-0.00059719490699706,0.399593333333333,0.741166666666667,0.14808,757.29,369.04,0.487231878389623,0.0865766343154778,100
"fed_perprotocol_naive","RMST0",8,-0.7,"medium",1,"balanced","heterogeneous",3,1500,"500/500/500","0.333333/0.333333/0.333333",0,0.4,-4,11.8365583383442,11.8569110756331,10.8736313744087,0.962926963935482,0.983279701224347,0.234587001286819,0.99081233764776,NA,0.000629512632417107,0.398706666666667,0.740053333333333,0.155306666666667,675.47,285.55,0.422654041814747,0.090056323974659,100
"fed_perprotocol_naive","RMST0",4,-0.7,"medium",1,"unbalanced","heterogeneous",3,1500,"50/100/1350","0.033333/0.066667/0.9",1.3,0.66,-4,5.61768005853411,5.6248322434771,4.99437145223151,0.623308606302598,0.630460791245591,0.166650582518905,0.644987062799122,NA,1.30758566210706,0.658913333333333,0.946286666666667,0.253093333333333,470.8,390.23,0.828662324082895,0.197502539541769,100
"fed_perprotocol_naive","RMST0",6,-0.7,"medium",1,"unbalanced","heterogeneous",3,1500,"50/100/1350","0.033333/0.066667/0.9",1.3,0.66,-4,5.57196244718778,5.58525719692275,4.99200442863671,0.579958018551071,0.593252768286039,0.180034482393433,0.606992251996555,NA,1.29514130748068,0.66008,0.9454,0.269706666666667,329.44,247.54,0.751241234793407,0.205945915125189,100
"fed_perprotocol_naive","RMST0",8,-0.7,"medium",1,"unbalanced","heterogeneous",3,1500,"50/100/1350","0.033333/0.066667/0.9",1.3,0.66,-4,5.49535109510696,5.51945089072418,4.99600881981045,0.499342275296511,0.523442070913736,0.183894389602707,0.531809818412913,NA,1.3008207448564,0.657966666666667,0.944613333333333,0.27816,251.49,168.41,0.669430456037592,0.205637808900159,100
"fed_perprotocol_naive","RMST0",4,-0.7,"medium",1,"balanced","homogeneous",3,1500,"500/500/500","0.333333/0.333333/0.333333",0,0.4,-4,9.83792088398438,9.80420563026375,9.54616119454829,0.291759689436094,0.258044435715465,0.261160549301054,0.390700013521835,NA,0.00837865474872389,0.400793333333333,0.846813333333333,0.102986666666667,902.53,672.75,0.745459400814235,0.100894500068961,100
"fed_perprotocol_naive","RMST0",6,-0.7,"medium",1,"balanced","homogeneous",3,1500,"500/500/500","0.333333/0.333333/0.333333",0,0.4,-4,9.89727566959512,9.8963829951519,9.54370578171391,0.35356988788121,0.352677213437994,0.264627200124362,0.440838910614222,NA,0.0039790996438321,0.403026666666667,0.839473333333333,0.123053333333333,740.02,499.23,0.674766652024102,0.126716394636133,100
"fed_perprotocol_naive","RMST0",8,-0.7,"medium",1,"balanced","homogeneous",3,1500,"500/500/500","0.333333/0.333333/0.333333",0,0.4,-4,9.79730618419208,9.82991646708336,9.53895574219077,0.258350442001307,0.290960724892584,0.241285892526693,0.352677818972713,NA,0.00311513275491135,0.40034,0.839973333333333,0.13768,618.72,378.68,0.612044913688802,0.143696992164304,100
"fed_perprotocol_naive","RMST0",4,-0.7,"medium",1,"unbalanced","homogeneous",3,1500,"50/100/1350","0.033333/0.066667/0.9",0,0.4,-4,9.93842835968848,9.92400008932515,9.54616119454829,0.392267165140192,0.377838894776868,0.26631736843614,0.473380629272646,NA,-0.00744047411081942,0.39922,0.840746666666667,0.101406666666667,902.77,663.89,0.735438538219244,0.101184524913118,100
"fed_perprotocol_naive","RMST0",6,-0.7,"medium",1,"unbalanced","homogeneous",3,1500,"50/100/1350","0.033333/0.066667/0.9",0,0.4,-4,9.92704490996715,9.96015870491809,9.54370578171391,0.383339128253243,0.416452923204182,0.240355795665175,0.451820856838966,NA,-0.00151292443829804,0.39976,0.83948,0.12238,739.4,498.62,0.674294179887054,0.123280491071856,100
"fed_perprotocol_naive","RMST0",8,-0.7,"medium",1,"unbalanced","homogeneous",3,1500,"50/100/1350","0.033333/0.066667/0.9",0,0.4,-4,9.80547927615912,9.82526895186663,9.53895574219077,0.266523533968343,0.286313209675855,0.246704871518191,0.362338867434165,NA,0.000778507190898364,0.40026,0.838873333333333,0.137606666666667,620.07,378.38,0.610223960406362,0.145113728076799,100
"local_ccw_meta","RMST0",4,-0.7,"medium",1,"balanced","heterogeneous",3,1500,"500/500/500","0.333333/0.333333/0.333333",0,0.4,-4,10.8824946086003,10.861794297014,10.8671193684868,0.0153752401135124,-0.00532507147277972,0.19992331834659,0.199514505475349,NA,0.002315964578983,0.400173333333333,0.742,0.13106,880.12,493.12,0.560247751116823,0.0813019441163848,100
"local_ccw_meta","RMST0",6,-0.7,"medium",1,"balanced","heterogeneous",3,1500,"500/500/500","0.333333/0.333333/0.333333",0,0.4,-4,10.891070608193,10.8673270375304,10.8670596454588,0.0240109627342458,0.00026739207163029,0.191050620328796,0.191603398884683,NA,-0.00059719490699706,0.399593333333333,0.741166666666667,0.14808,757.29,369.04,0.487231878389623,0.0865766343154778,100
"local_ccw_meta","RMST0",8,-0.7,"medium",1,"balanced","heterogeneous",3,1500,"500/500/500","0.333333/0.333333/0.333333",0,0.4,-4,10.886109019614,10.889769803861,10.8736313744087,0.012477645205225,0.0161384294522895,0.193138207402368,0.19257475202342,NA,0.000629512632417107,0.398706666666667,0.740053333333333,0.155306666666667,675.47,285.55,0.422654041814747,0.090056323974659,100
"local_ccw_meta","RMST0",4,-0.7,"medium",1,"unbalanced","heterogeneous",3,1500,"50/100/1350","0.033333/0.066667/0.9",1.3,0.66,-4,4.97192326388728,4.98845995599473,4.99437145223151,-0.022448188344229,-0.00591149623677811,0.140179090805807,0.141271359036746,NA,1.30758566210706,0.658913333333333,0.946286666666667,0.253093333333333,470.8,390.23,0.828662324082895,0.197502539541769,100
"local_ccw_meta","RMST0",6,-0.7,"medium",1,"unbalanced","heterogeneous",3,1500,"50/100/1350","0.033333/0.066667/0.9",1.3,0.66,-4,5.01072571903536,5.00784726288245,4.99200442863671,0.0187212903986497,0.0158428342457415,0.148067754665329,0.148510289495732,NA,1.29514130748068,0.66008,0.9454,0.269706666666667,329.44,247.54,0.751241234793407,0.205945915125189,100
"local_ccw_meta","RMST0",8,-0.7,"medium",1,"unbalanced","heterogeneous",3,1500,"50/100/1350","0.033333/0.066667/0.9",1.3,0.66,-4,4.98940348464615,5.00860944020075,4.99600881981045,-0.00660533516430194,0.0126006203903044,0.163678733892674,0.162992181107115,NA,1.3008207448564,0.657966666666667,0.944613333333333,0.27816,251.49,168.41,0.669430456037592,0.205637808900159,100
"local_ccw_meta","RMST0",4,-0.7,"medium",1,"balanced","homogeneous",3,1500,"500/500/500","0.333333/0.333333/0.333333",0,0.4,-4,9.47229681036404,9.43598461597301,9.54616119454829,-0.0738643841842516,-0.110176578575277,0.253342344810871,0.262671786624385,NA,0.00837865474872389,0.400793333333333,0.846813333333333,0.102986666666667,902.53,672.75,0.745459400814235,0.100894500068961,100
"local_ccw_meta","RMST0",6,-0.7,"medium",1,"balanced","homogeneous",3,1500,"500/500/500","0.333333/0.333333/0.333333",0,0.4,-4,9.55431032900845,9.53684586001927,9.54370578171391,0.0106045472945459,-0.006859921694641,0.263424322294016,0.262318330018364,NA,0.0039790996438321,0.403026666666667,0.839473333333333,0.123053333333333,740.02,499.23,0.674766652024102,0.126716394636133,100
"local_ccw_meta","RMST0",8,-0.7,"medium",1,"balanced","homogeneous",3,1500,"500/500/500","0.333333/0.333333/0.333333",0,0.4,-4,9.51447722267172,9.55521559136976,9.53895574219077,-0.0244785195190485,0.0162598491789874,0.218814463978148,0.219089410669317,NA,0.00311513275491135,0.40034,0.839973333333333,0.13768,618.72,378.68,0.612044913688802,0.143696992164304,100
"local_ccw_meta","RMST0",4,-0.7,"medium",1,"unbalanced","homogeneous",3,1500,"50/100/1350","0.033333/0.066667/0.9",0,0.4,-4,9.57927259592739,9.58355093942104,9.54616119454829,0.0331114013790998,0.0373897448727591,0.246051162891427,0.247046813203306,NA,-0.00744047411081942,0.39922,0.840746666666667,0.101406666666667,902.77,663.89,0.735438538219244,0.101184524913118,100
"local_ccw_meta","RMST0",6,-0.7,"medium",1,"unbalanced","homogeneous",3,1500,"50/100/1350","0.033333/0.066667/0.9",0,0.4,-4,9.57743371846623,9.6054444685258,9.54370578171391,0.033727936752327,0.0617386868118954,0.229694409267281,0.23101839785984,NA,-0.00151292443829804,0.39976,0.83948,0.12238,739.4,498.62,0.674294179887054,0.123280491071856,100
"local_ccw_meta","RMST0",8,-0.7,"medium",1,"unbalanced","homogeneous",3,1500,"50/100/1350","0.033333/0.066667/0.9",0,0.4,-4,9.51066010709907,9.51542597249435,9.53895574219077,-0.028295635091707,-0.023529769696423,0.224929705388329,0.22558386823455,NA,0.000778507190898364,0.40026,0.838873333333333,0.137606666666667,620.07,378.38,0.610223960406362,0.145113728076799,100
"pooled_ccw_tvipcw","RMST0",4,-0.7,"medium",1,"balanced","heterogeneous",3,1500,"500/500/500","0.333333/0.333333/0.333333",0,0.4,-4,10.8761046844324,10.871632012986,10.8671193684868,0.00898531594560496,0.00451264449915456,0.252945021863165,0.25183746374824,NA,0.002315964578983,0.400173333333333,0.742,0.13106,880.12,493.12,0.560247751116823,0.0813019441163848,100
"pooled_ccw_tvipcw","RMST0",6,-0.7,"medium",1,"balanced","heterogeneous",3,1500,"500/500/500","0.333333/0.333333/0.333333",0,0.4,-4,10.8869960002703,10.8985289728105,10.8670596454588,0.0199363548115282,0.0314693273516813,0.234975558097598,0.2346461932728,NA,-0.00059719490699706,0.399593333333333,0.741166666666667,0.14808,757.29,369.04,0.487231878389623,0.0865766343154778,100
"pooled_ccw_tvipcw","RMST0",8,-0.7,"medium",1,"balanced","heterogeneous",3,1500,"500/500/500","0.333333/0.333333/0.333333",0,0.4,-4,10.8824061011527,10.8700018833365,10.8736313744087,0.00877472674397249,-0.0036294910722523,0.204304785958597,0.203469990267272,NA,0.000629512632417107,0.398706666666667,0.740053333333333,0.155306666666667,675.47,285.55,0.422654041814747,0.090056323974659,100
"pooled_ccw_tvipcw","RMST0",4,-0.7,"medium",1,"unbalanced","heterogeneous",3,1500,"50/100/1350","0.033333/0.066667/0.9",1.3,0.66,-4,4.96668637451833,4.98931499933397,4.99437145223151,-0.0276850777131776,-0.00505645289754364,0.15680934619331,0.1584605404226,NA,1.30758566210706,0.658913333333333,0.946286666666667,0.253093333333333,470.8,390.23,0.828662324082895,0.197502539541769,100
"pooled_ccw_tvipcw","RMST0",6,-0.7,"medium",1,"unbalanced","heterogeneous",3,1500,"50/100/1350","0.033333/0.066667/0.9",1.3,0.66,-4,5.01182636965654,5.01063792936292,4.99200442863671,0.0198219410198319,0.0186335007262053,0.156116759656561,0.156593829907189,NA,1.29514130748068,0.66008,0.9454,0.269706666666667,329.44,247.54,0.751241234793407,0.205945915125189,100
"pooled_ccw_tvipcw","RMST0",8,-0.7,"medium",1,"unbalanced","heterogeneous",3,1500,"50/100/1350","0.033333/0.066667/0.9",1.3,0.66,-4,4.99050715511442,5.00710113209895,4.99600881981045,-0.00550166469603201,0.0110923122885067,0.175847866639424,0.175052894274982,NA,1.3008207448564,0.657966666666667,0.944613333333333,0.27816,251.49,168.41,0.669430456037592,0.205637808900159,100
"pooled_ccw_tvipcw","RMST0",4,-0.7,"medium",1,"balanced","homogeneous",3,1500,"500/500/500","0.333333/0.333333/0.333333",0,0.4,-4,9.47350755773355,9.43950923754934,9.54616119454829,-0.0726536368147344,-0.106651956998943,0.251847134969752,0.260904696279992,NA,0.00837865474872389,0.400793333333333,0.846813333333333,0.102986666666667,902.53,672.75,0.745459400814235,0.100894500068961,100
"pooled_ccw_tvipcw","RMST0",6,-0.7,"medium",1,"balanced","homogeneous",3,1500,"500/500/500","0.333333/0.333333/0.333333",0,0.4,-4,9.55008108214934,9.53032202852743,9.54370578171391,0.00637530043543302,-0.0133837531864742,0.262410505608819,0.261172979412074,NA,0.0039790996438321,0.403026666666667,0.839473333333333,0.123053333333333,740.02,499.23,0.674766652024102,0.126716394636133,100
"pooled_ccw_tvipcw","RMST0",8,-0.7,"medium",1,"balanced","homogeneous",3,1500,"500/500/500","0.333333/0.333333/0.333333",0,0.4,-4,9.51196960817223,9.54493092169549,9.53895574219077,-0.0269861340185424,0.00597517950471271,0.221800199605896,0.222332243925684,NA,0.00311513275491135,0.40034,0.839973333333333,0.13768,618.72,378.68,0.612044913688802,0.143696992164304,100
"pooled_ccw_tvipcw","RMST0",4,-0.7,"medium",1,"unbalanced","homogeneous",3,1500,"50/100/1350","0.033333/0.066667/0.9",0,0.4,-4,9.57697921330259,9.58672591439446,9.54616119454829,0.0308180187543033,0.0405647198461718,0.24656614598165,0.2472582981029,NA,-0.00744047411081942,0.39922,0.840746666666667,0.101406666666667,902.77,663.89,0.735438538219244,0.101184524913118,100
"pooled_ccw_tvipcw","RMST0",6,-0.7,"medium",1,"unbalanced","homogeneous",3,1500,"50/100/1350","0.033333/0.066667/0.9",0,0.4,-4,9.57894759168797,9.60064807004732,9.54370578171391,0.0352418099740578,0.0569422883334108,0.230892809966199,0.232422804318755,NA,-0.00151292443829804,0.39976,0.83948,0.12238,739.4,498.62,0.674294179887054,0.123280491071856,100
"pooled_ccw_tvipcw","RMST0",8,-0.7,"medium",1,"unbalanced","homogeneous",3,1500,"50/100/1350","0.033333/0.066667/0.9",0,0.4,-4,9.5054650025804,9.50065730569782,9.53895574219077,-0.0334907396103687,-0.0382984364929504,0.221608790038066,0.223026861394685,NA,0.000778507190898364,0.40026,0.838873333333333,0.137606666666667,620.07,378.38,0.610223960406362,0.145113728076799,100
"fed_ccw_tvipcw","RMST1",4,-0.7,"medium",1,"balanced","heterogeneous",3,1500,"500/500/500","0.333333/0.333333/0.333333",0,0.4,-4,11.6003329637472,11.6033278719899,12.0280597637675,-0.427726800020298,-0.424731891777653,1.45341763328954,1.5080612733059,NA,0.002315964578983,0.400173333333333,0.742,0.13106,880.12,493.12,0.560247751116823,0.0813019441163848,100
"fed_ccw_tvipcw","RMST1",6,-0.7,"medium",1,"balanced","heterogeneous",3,1500,"500/500/500","0.333333/0.333333/0.333333",0,0.4,-4,11.2675271851553,11.2844982464742,11.7570508767232,-0.489523691567899,-0.472552630248975,1.21348771029605,1.30286620319026,NA,-0.00059719490699706,0.399593333333333,0.741166666666667,0.14808,757.29,369.04,0.487231878389623,0.0865766343154778,100
"fed_ccw_tvipcw","RMST1",8,-0.7,"medium",1,"balanced","heterogeneous",3,1500,"500/500/500","0.333333/0.333333/0.333333",0,0.4,-4,11.4760149419441,11.4513151403745,11.5874667422916,-0.111451800347455,-0.136151601917032,0.846781066863747,0.849876048166793,NA,0.000629512632417107,0.398706666666667,0.740053333333333,0.155306666666667,675.47,285.55,0.422654041814747,0.090056323974659,100
"fed_ccw_tvipcw","RMST1",4,-0.7,"medium",1,"unbalanced","heterogeneous",3,1500,"50/100/1350","0.033333/0.066667/0.9",1.3,0.66,-4,5.43720993982703,5.29300302548438,5.83693511227221,-0.399725172445183,-0.543932086787829,1.18585330896109,1.24577919518531,NA,1.30758566210706,0.658913333333333,0.946286666666667,0.253093333333333,470.8,390.23,0.828662324082895,0.197502539541769,100
"fed_ccw_tvipcw","RMST1",6,-0.7,"medium",1,"unbalanced","heterogeneous",3,1500,"50/100/1350","0.033333/0.066667/0.9",1.3,0.66,-4,5.4457634453735,5.25402144212448,5.67773169452126,-0.231968249147762,-0.423710252396778,1.1087719512532,1.12733790679621,NA,1.29514130748068,0.66008,0.9454,0.269706666666667,329.44,247.54,0.751241234793407,0.205945915125189,100
"fed_ccw_tvipcw","RMST1",8,-0.7,"medium",1,"unbalanced","heterogeneous",3,1500,"50/100/1350","0.033333/0.066667/0.9",1.3,0.66,-4,5.24365782332111,5.24324427463293,5.62989414251203,-0.386236319190913,-0.386649867879092,0.478647650538804,0.613181075943149,NA,1.3008207448564,0.657966666666667,0.944613333333333,0.27816,251.49,168.41,0.669430456037592,0.205637808900159,100
"fed_ccw_tvipcw","RMST1",4,-0.7,"medium",1,"balanced","homogeneous",3,1500,"500/500/500","0.333333/0.333333/0.333333",0,0.4,-4,10.8193139836023,10.7343544722793,11.3629405363727,-0.543626552770432,-0.628586064093464,0.981716846054097,1.11788197724322,NA,0.00837865474872389,0.400793333333333,0.846813333333333,0.102986666666667,902.53,672.75,0.745459400814235,0.100894500068961,100
"fed_ccw_tvipcw","RMST1",6,-0.7,"medium",1,"balanced","homogeneous",3,1500,"500/500/500","0.333333/0.333333/0.333333",0,0.4,-4,10.7704479569755,10.7788701918454,10.8639581582683,-0.0935102012928342,-0.0850879664229023,0.81547416478606,0.816757179365455,NA,0.0039790996438321,0.403026666666667,0.839473333333333,0.123053333333333,740.02,499.23,0.674766652024102,0.126716394636133,100
"fed_ccw_tvipcw","RMST1",8,-0.7,"medium",1,"balanced","homogeneous",3,1500,"500/500/500","0.333333/0.333333/0.333333",0,0.4,-4,10.3668114821142,10.402944742118,10.5426436887162,-0.175832206602011,-0.139698946598252,0.621131223946633,0.642544101417452,NA,0.00311513275491135,0.40034,0.839973333333333,0.13768,618.72,378.68,0.612044913688802,0.143696992164304,100
"fed_ccw_tvipcw","RMST1",4,-0.7,"medium",1,"unbalanced","homogeneous",3,1500,"50/100/1350","0.033333/0.066667/0.9",0,0.4,-4,11.0839561996918,11.1554520401659,11.3629405363727,-0.27898433668091,-0.207488496206781,1.0283001828337,1.06049965274344,NA,-0.00744047411081942,0.39922,0.840746666666667,0.101406666666667,902.77,663.89,0.735438538219244,0.101184524913118,100
"fed_ccw_tvipcw","RMST1",6,-0.7,"medium",1,"unbalanced","homogeneous",3,1500,"50/100/1350","0.033333/0.066667/0.9",0,0.4,-4,10.8036400012589,10.890831317839,10.8639581582683,-0.060318157009415,0.0268731595706839,1.31606313688744,1.31085477400675,NA,-0.00151292443829804,0.39976,0.83948,0.12238,739.4,498.62,0.674294179887054,0.123280491071856,100
"fed_ccw_tvipcw","RMST1",8,-0.7,"medium",1,"unbalanced","homogeneous",3,1500,"50/100/1350","0.033333/0.066667/0.9",0,0.4,-4,10.362968145575,10.3352864273144,10.5426436887162,-0.179675543141237,-0.207357261401834,0.590746152643283,0.614633636809206,NA,0.000778507190898364,0.40026,0.838873333333333,0.137606666666667,620.07,378.38,0.610223960406362,0.145113728076799,100
"fed_ipw_no_clone","RMST1",4,-0.7,"medium",1,"balanced","heterogeneous",3,1500,"500/500/500","0.333333/0.333333/0.333333",0,0.4,-4,14.2861595954173,14.3450817177666,12.0280597637675,2.25809983164978,2.3170219539991,2.04793443654058,3.04156373457829,NA,0.002315964578983,0.400173333333333,0.742,0.13106,880.12,493.12,0.560247751116823,0.0813019441163848,100
"fed_ipw_no_clone","RMST1",6,-0.7,"medium",1,"balanced","heterogeneous",3,1500,"500/500/500","0.333333/0.333333/0.333333",0,0.4,-4,14.6359804876796,14.595889735688,11.7570508767232,2.87892961095642,2.83883885896481,1.95452748518673,3.47422100884336,NA,-0.00059719490699706,0.399593333333333,0.741166666666667,0.14808,757.29,369.04,0.487231878389623,0.0865766343154778,100
"fed_ipw_no_clone","RMST1",8,-0.7,"medium",1,"balanced","heterogeneous",3,1500,"500/500/500","0.333333/0.333333/0.333333",0,0.4,-4,15.5255671161965,15.4661684368544,11.5874667422916,3.93810037390497,3.87870169456286,1.64009883498033,4.26282294982671,NA,0.000629512632417107,0.398706666666667,0.740053333333333,0.155306666666667,675.47,285.55,0.422654041814747,0.090056323974659,100
"fed_ipw_no_clone","RMST1",4,-0.7,"medium",1,"unbalanced","heterogeneous",3,1500,"50/100/1350","0.033333/0.066667/0.9",1.3,0.66,-4,7.5697141021414,7.27425954982538,5.83693511227221,1.73277898986918,1.43732443755316,1.68611222914703,2.41185980780775,NA,1.30758566210706,0.658913333333333,0.946286666666667,0.253093333333333,470.8,390.23,0.828662324082895,0.197502539541769,100
"fed_ipw_no_clone","RMST1",6,-0.7,"medium",1,"unbalanced","heterogeneous",3,1500,"50/100/1350","0.033333/0.066667/0.9",1.3,0.66,-4,8.13873588525428,7.71694760347423,5.67773169452126,2.46100419073303,2.03921590895297,1.89735476336879,3.10169263046856,NA,1.29514130748068,0.66008,0.9454,0.269706666666667,329.44,247.54,0.751241234793407,0.205945915125189,100
"fed_ipw_no_clone","RMST1",8,-0.7,"medium",1,"unbalanced","heterogeneous",3,1500,"50/100/1350","0.033333/0.066667/0.9",1.3,0.66,-4,8.05326413273975,8.10803736805241,5.62989414251203,2.42336999022773,2.47814322554038,1.07955365303014,2.65075533356237,NA,1.3008207448564,0.657966666666667,0.944613333333333,0.27816,251.49,168.41,0.669430456037592,0.205637808900159,100
"fed_ipw_no_clone","RMST1",4,-0.7,"medium",1,"balanced","homogeneous",3,1500,"500/500/500","0.333333/0.333333/0.333333",0,0.4,-4,13.3276166235217,13.195338537999,11.3629405363727,1.96467608714893,1.8323980016263,1.45476059379994,2.44031088774264,NA,0.00837865474872389,0.400793333333333,0.846813333333333,0.102986666666667,902.53,672.75,0.745459400814235,0.100894500068961,100
"fed_ipw_no_clone","RMST1",6,-0.7,"medium",1,"balanced","homogeneous",3,1500,"500/500/500","0.333333/0.333333/0.333333",0,0.4,-4,14.7786204469109,14.6048721789167,10.8639581582683,3.91466228864257,3.74091402064838,1.38480326103918,4.15007037352226,NA,0.0039790996438321,0.403026666666667,0.839473333333333,0.123053333333333,740.02,499.23,0.674766652024102,0.126716394636133,100
"fed_ipw_no_clone","RMST1",8,-0.7,"medium",1,"balanced","homogeneous",3,1500,"500/500/500","0.333333/0.333333/0.333333",0,0.4,-4,14.913643776585,14.9036093798569,10.5426436887162,4.37100008786873,4.36096569114066,1.23453035034636,4.54031566107638,NA,0.00311513275491135,0.40034,0.839973333333333,0.13768,618.72,378.68,0.612044913688802,0.143696992164304,100
"fed_ipw_no_clone","RMST1",4,-0.7,"medium",1,"unbalanced","homogeneous",3,1500,"50/100/1350","0.033333/0.066667/0.9",0,0.4,-4,13.8356490505311,13.9681291447858,11.3629405363727,2.47270851415837,2.60518860841304,1.47334298623207,2.87459902517199,NA,-0.00744047411081942,0.39922,0.840746666666667,0.101406666666667,902.77,663.89,0.735438538219244,0.101184524913118,100
"fed_ipw_no_clone","RMST1",6,-0.7,"medium",1,"unbalanced","homogeneous",3,1500,"50/100/1350","0.033333/0.066667/0.9",0,0.4,-4,14.7316373328036,14.867785009137,10.8639581582683,3.86767917453529,4.00382685086873,1.97912378650971,4.34012716977731,NA,-0.00151292443829804,0.39976,0.83948,0.12238,739.4,498.62,0.674294179887054,0.123280491071856,100
"fed_ipw_no_clone","RMST1",8,-0.7,"medium",1,"unbalanced","homogeneous",3,1500,"50/100/1350","0.033333/0.066667/0.9",0,0.4,-4,15.0661311581072,14.9711842631171,10.5426436887162,4.52348746939094,4.42854057440085,1.16213816966251,4.66893974686646,NA,0.000778507190898364,0.40026,0.838873333333333,0.137606666666667,620.07,378.38,0.610223960406362,0.145113728076799,100
"fed_landmark_ipw","RMST1",4,-0.7,"medium",1,"balanced","heterogeneous",3,1500,"500/500/500","0.333333/0.333333/0.333333",0,0.4,-4,18.9137653344359,18.9570880882807,12.0280597637675,6.88570557066833,6.92902832451321,1.59194573683963,7.06554240824329,NA,0.002315964578983,0.400173333333333,0.742,0.13106,880.12,493.12,0.560247751116823,0.0813019441163848,100
"fed_landmark_ipw","RMST1",6,-0.7,"medium",1,"balanced","heterogeneous",3,1500,"500/500/500","0.333333/0.333333/0.333333",0,0.4,-4,20.8719483336131,20.9628125283889,11.7570508767232,9.1148974568899,9.20576165166566,1.33298814963938,9.21088727987842,NA,-0.00059719490699706,0.399593333333333,0.741166666666667,0.14808,757.29,369.04,0.487231878389623,0.0865766343154778,100
"fed_landmark_ipw","RMST1",8,-0.7,"medium",1,"balanced","heterogeneous",3,1500,"500/500/500","0.333333/0.333333/0.333333",0,0.4,-4,22.0696103266792,22.0872515226672,11.5874667422916,10.4821435843876,10.4997847803756,0.98062571018114,10.527456703276,NA,0.000629512632417107,0.398706666666667,0.740053333333333,0.155306666666667,675.47,285.55,0.422654041814747,0.090056323974659,100
"fed_landmark_ipw","RMST1",4,-0.7,"medium",1,"unbalanced","heterogeneous",3,1500,"50/100/1350","0.033333/0.066667/0.9",1.3,0.66,-4,13.1837530249982,13.0910509620302,5.83693511227221,7.34681791272595,7.25411584975802,2.31826359064831,7.70041142132804,NA,1.30758566210706,0.658913333333333,0.946286666666667,0.253093333333333,470.8,390.23,0.828662324082895,0.197502539541769,100
"fed_landmark_ipw","RMST1",6,-0.7,"medium",1,"unbalanced","heterogeneous",3,1500,"50/100/1350","0.033333/0.066667/0.9",1.3,0.66,-4,16.2063935401607,16.2416024506328,5.67773169452126,10.5286618456394,10.5638707561115,2.08376853716787,10.7308615992915,NA,1.29514130748068,0.66008,0.9454,0.269706666666667,329.44,247.54,0.751241234793407,0.205945915125189,100
"fed_landmark_ipw","RMST1",8,-0.7,"medium",1,"unbalanced","heterogeneous",3,1500,"50/100/1350","0.033333/0.066667/0.9",1.3,0.66,-4,18.1084361893423,17.9540891605222,5.62989414251203,12.4785420468303,12.3241950180102,1.69687910975937,12.5922442932354,NA,1.3008207448564,0.657966666666667,0.944613333333333,0.27816,251.49,168.41,0.669430456037592,0.205637808900159,100
"fed_landmark_ipw","RMST1",4,-0.7,"medium",1,"balanced","homogeneous",3,1500,"500/500/500","0.333333/0.333333/0.333333",0,0.4,-4,17.4277175551453,17.3633023217451,11.3629405363727,6.06477701877261,6.0003617853724,1.32686274668621,6.20680911487462,NA,0.00837865474872389,0.400793333333333,0.846813333333333,0.102986666666667,902.53,672.75,0.745459400814235,0.100894500068961,100
"fed_landmark_ipw","RMST1",6,-0.7,"medium",1,"balanced","homogeneous",3,1500,"500/500/500","0.333333/0.333333/0.333333",0,0.4,-4,19.2019912861294,19.2851523641128,10.8639581582683,8.33803312786111,8.42119420584453,1.52932675562104,8.475744708491,NA,0.0039790996438321,0.403026666666667,0.839473333333333,0.123053333333333,740.02,499.23,0.674766652024102,0.126716394636133,100
"fed_landmark_ipw","RMST1",8,-0.7,"medium",1,"balanced","homogeneous",3,1500,"500/500/500","0.333333/0.333333/0.333333",0,0.4,-4,20.4241051899523,20.5102768210353,10.5426436887162,9.88146150123602,9.96763313231904,0.991850230818561,9.9306198503407,NA,0.00311513275491135,0.40034,0.839973333333333,0.13768,618.72,378.68,0.612044913688802,0.143696992164304,100
"fed_landmark_ipw","RMST1",4,-0.7,"medium",1,"unbalanced","homogeneous",3,1500,"50/100/1350","0.033333/0.066667/0.9",0,0.4,-4,17.469406990308,17.6766805050169,11.3629405363727,6.1064664539353,6.31373996864416,1.74830025152392,6.34940318335676,NA,-0.00744047411081942,0.39922,0.840746666666667,0.101406666666667,902.77,663.89,0.735438538219244,0.101184524913118,100
"fed_landmark_ipw","RMST1",6,-0.7,"medium",1,"unbalanced","homogeneous",3,1500,"50/100/1350","0.033333/0.066667/0.9",0,0.4,-4,19.1281133066991,19.0939096488552,10.8639581582683,8.26415514843078,8.22995149058695,1.27760193339357,8.36135182554495,NA,-0.00151292443829804,0.39976,0.83948,0.12238,739.4,498.62,0.674294179887054,0.123280491071856,100
"fed_landmark_ipw","RMST1",8,-0.7,"medium",1,"unbalanced","homogeneous",3,1500,"50/100/1350","0.033333/0.066667/0.9",0,0.4,-4,20.458365211808,20.5682815545719,10.5426436887162,9.91572152309177,10.0256378658557,1.05249491327303,9.9708676357951,NA,0.000778507190898364,0.40026,0.838873333333333,0.137606666666667,620.07,378.38,0.610223960406362,0.145113728076799,100
"fed_perprotocol_naive","RMST1",4,-0.7,"medium",1,"balanced","heterogeneous",3,1500,"500/500/500","0.333333/0.333333/0.333333",0,0.4,-4,5.91154824313179,5.95435828629592,12.0280597637675,-6.11651152063573,-6.0737014774716,0.525061142433813,6.1387820855061,NA,0.002315964578983,0.400173333333333,0.742,0.13106,880.12,493.12,0.560247751116823,0.0813019441163848,100
"fed_perprotocol_naive","RMST1",6,-0.7,"medium",1,"balanced","heterogeneous",3,1500,"500/500/500","0.333333/0.333333/0.333333",0,0.4,-4,6.62357980143083,6.60523882896764,11.7570508767232,-5.13347107529237,-5.15181204775556,0.43253711316668,5.15147966623059,NA,-0.00059719490699706,0.399593333333333,0.741166666666667,0.14808,757.29,369.04,0.487231878389623,0.0865766343154778,100
"fed_perprotocol_naive","RMST1",8,-0.7,"medium",1,"balanced","heterogeneous",3,1500,"500/500/500","0.333333/0.333333/0.333333",0,0.4,-4,7.23557612642501,7.2171499241713,11.5874667422916,-4.35189061586656,-4.37031681812027,0.466489379958305,4.37657264885037,NA,0.000629512632417107,0.398706666666667,0.740053333333333,0.155306666666667,675.47,285.55,0.422654041814747,0.090056323974659,100
"fed_perprotocol_naive","RMST1",4,-0.7,"medium",1,"unbalanced","heterogeneous",3,1500,"50/100/1350","0.033333/0.066667/0.9",1.3,0.66,-4,3.98238831321362,3.97945810534643,5.83693511227221,-1.8545467990586,-1.85747700692578,0.202696216359093,1.86548083036613,NA,1.30758566210706,0.658913333333333,0.946286666666667,0.253093333333333,470.8,390.23,0.828662324082895,0.197502539541769,100
"fed_perprotocol_naive","RMST1",6,-0.7,"medium",1,"unbalanced","heterogeneous",3,1500,"50/100/1350","0.033333/0.066667/0.9",1.3,0.66,-4,4.43051882175455,4.43380724416381,5.67773169452126,-1.24721287276671,-1.24392445035745,0.230731642624695,1.26816586848653,NA,1.29514130748068,0.66008,0.9454,0.269706666666667,329.44,247.54,0.751241234793407,0.205945915125189,100
"fed_perprotocol_naive","RMST1",8,-0.7,"medium",1,"unbalanced","heterogeneous",3,1500,"50/100/1350","0.033333/0.066667/0.9",1.3,0.66,-4,4.66919279766346,4.71308540185512,5.62989414251203,-0.960701344848564,-0.916808740656907,0.25441101483566,0.993491212250441,NA,1.3008207448564,0.657966666666667,0.944613333333333,0.27816,251.49,168.41,0.669430456037592,0.205637808900159,100
"fed_perprotocol_naive","RMST1",4,-0.7,"medium",1,"balanced","homogeneous",3,1500,"500/500/500","0.333333/0.333333/0.333333",0,0.4,-4,8.57861528759637,8.58668113724513,11.3629405363727,-2.78432524877635,-2.77625939912759,0.598298612019115,2.8472528352477,NA,0.00837865474872389,0.400793333333333,0.846813333333333,0.102986666666667,902.53,672.75,0.745459400814235,0.100894500068961,100
"fed_perprotocol_naive","RMST1",6,-0.7,"medium",1,"balanced","homogeneous",3,1500,"500/500/500","0.333333/0.333333/0.333333",0,0.4,-4,9.53505605154399,9.56618727050184,10.8639581582683,-1.32890210672431,-1.29777088776646,0.541154407628967,1.43384114225517,NA,0.0039790996438321,0.403026666666667,0.839473333333333,0.123053333333333,740.02,499.23,0.674766652024102,0.126716394636133,100
"fed_perprotocol_naive","RMST1",8,-0.7,"medium",1,"balanced","homogeneous",3,1500,"500/500/500","0.333333/0.333333/0.333333",0,0.4,-4,10.1318333789928,10.1077407740774,10.5426436887162,-0.410810309723438,-0.434902914638822,0.570578764573927,0.700763609137881,NA,0.00311513275491135,0.40034,0.839973333333333,0.13768,618.72,378.68,0.612044913688802,0.143696992164304,100
"fed_perprotocol_naive","RMST1",4,-0.7,"medium",1,"unbalanced","homogeneous",3,1500,"50/100/1350","0.033333/0.066667/0.9",0,0.4,-4,8.76807025838971,8.75225679329148,11.3629405363727,-2.59487027798301,-2.61068374308124,0.649338787525753,2.67409353088765,NA,-0.00744047411081942,0.39922,0.840746666666667,0.101406666666667,902.77,663.89,0.735438538219244,0.101184524913118,100
"fed_perprotocol_naive","RMST1",6,-0.7,"medium",1,"unbalanced","homogeneous",3,1500,"50/100/1350","0.033333/0.066667/0.9",0,0.4,-4,9.4899038848181,9.47069175578719,10.8639581582683,-1.37405427345019,-1.3932664024811,0.536156252161883,1.47397898148233,NA,-0.00151292443829804,0.39976,0.83948,0.12238,739.4,498.62,0.674294179887054,0.123280491071856,100
"fed_perprotocol_naive","RMST1",8,-0.7,"medium",1,"unbalanced","homogeneous",3,1500,"50/100/1350","0.033333/0.066667/0.9",0,0.4,-4,10.1686582221491,10.1626605396489,10.5426436887162,-0.373985466567138,-0.379983149067355,0.521870783357025,0.639914644761236,NA,0.000778507190898364,0.40026,0.838873333333333,0.137606666666667,620.07,378.38,0.610223960406362,0.145113728076799,100
"local_ccw_meta","RMST1",4,-0.7,"medium",1,"balanced","heterogeneous",3,1500,"500/500/500","0.333333/0.333333/0.333333",0,0.4,-4,12.0192383781506,12.138816997983,12.0280597637675,-0.0088213856168916,0.11075723421551,1.01860844051239,1.01354099097,NA,0.002315964578983,0.400173333333333,0.742,0.13106,880.12,493.12,0.560247751116823,0.0813019441163848,100
"local_ccw_meta","RMST1",6,-0.7,"medium",1,"balanced","heterogeneous",3,1500,"500/500/500","0.333333/0.333333/0.333333",0,0.4,-4,11.5837146369734,11.6894176646952,11.7570508767232,-0.173336239749824,-0.0676332120280421,1.01033699714934,1.02010709797613,NA,-0.00059719490699706,0.399593333333333,0.741166666666667,0.14808,757.29,369.04,0.487231878389623,0.0865766343154778,100
"local_ccw_meta","RMST1",8,-0.7,"medium",1,"balanced","heterogeneous",3,1500,"500/500/500","0.333333/0.333333/0.333333",0,0.4,-4,11.6385703281631,11.6843269086536,11.5874667422916,0.0511035858715446,0.096860166362001,0.679210619363309,0.677735472946681,NA,0.000629512632417107,0.398706666666667,0.740053333333333,0.155306666666667,675.47,285.55,0.422654041814747,0.090056323974659,100
"local_ccw_meta","RMST1",4,-0.7,"medium",1,"unbalanced","heterogeneous",3,1500,"50/100/1350","0.033333/0.066667/0.9",1.3,0.66,-4,5.6586464607598,5.59226765125463,5.83693511227221,-0.178288651512418,-0.244667461017586,0.743090522215761,0.7605580400094,NA,1.30758566210706,0.658913333333333,0.946286666666667,0.253093333333333,470.8,390.23,0.828662324082895,0.197502539541769,100
"local_ccw_meta","RMST1",6,-0.7,"medium",1,"unbalanced","heterogeneous",3,1500,"50/100/1350","0.033333/0.066667/0.9",1.3,0.66,-4,5.63891804780416,5.49392069449078,5.67773169452126,-0.0388136467170959,-0.183811000030478,0.65259801811733,0.650485842036274,NA,1.29514130748068,0.66008,0.9454,0.269706666666667,329.44,247.54,0.751241234793407,0.205945915125189,100
"local_ccw_meta","RMST1",8,-0.7,"medium",1,"unbalanced","heterogeneous",3,1500,"50/100/1350","0.033333/0.066667/0.9",1.3,0.66,-4,5.50656681033463,5.52698207343203,5.62989414251203,-0.123327332177396,-0.102912069079994,0.47561602749282,0.489037964184749,NA,1.3008207448564,0.657966666666667,0.944613333333333,0.27816,251.49,168.41,0.669430456037592,0.205637808900159,100
"local_ccw_meta","RMST1",4,-0.7,"medium",1,"balanced","homogeneous",3,1500,"500/500/500","0.333333/0.333333/0.333333",0,0.4,-4,10.7047399631678,10.5200025330259,11.3629405363727,-0.658200573204876,-0.842938003346815,0.953589369186803,1.15475856902777,NA,0.00837865474872389,0.400793333333333,0.846813333333333,0.102986666666667,902.53,672.75,0.745459400814235,0.100894500068961,100
"local_ccw_meta","RMST1",6,-0.7,"medium",1,"balanced","homogeneous",3,1500,"500/500/500","0.333333/0.333333/0.333333",0,0.4,-4,10.6600450015584,10.6390074834836,10.8639581582683,-0.203913156709891,-0.224950674784735,0.779063197946467,0.801530191078304,NA,0.0039790996438321,0.403026666666667,0.839473333333333,0.123053333333333,740.02,499.23,0.674766652024102,0.126716394636133,100
"local_ccw_meta","RMST1",8,-0.7,"medium",1,"balanced","homogeneous",3,1500,"500/500/500","0.333333/0.333333/0.333333",0,0.4,-4,10.3023506304708,10.305370971594,10.5426436887162,-0.240293058245423,-0.23727271712225,0.59079426298772,0.635049790495477,NA,0.00311513275491135,0.40034,0.839973333333333,0.13768,618.72,378.68,0.612044913688802,0.143696992164304,100
"local_ccw_meta","RMST1",4,-0.7,"medium",1,"unbalanced","homogeneous",3,1500,"50/100/1350","0.033333/0.066667/0.9",0,0.4,-4,10.9836441541342,11.0270273610744,11.3629405363727,-0.379296382238507,-0.3359131752983,1.00385059863148,1.06841219092084,NA,-0.00744047411081942,0.39922,0.840746666666667,0.101406666666667,902.77,663.89,0.735438538219244,0.101184524913118,100
"local_ccw_meta","RMST1",6,-0.7,"medium",1,"unbalanced","homogeneous",3,1500,"50/100/1350","0.033333/0.066667/0.9",0,0.4,-4,10.7593946565544,10.763681774244,10.8639581582683,-0.104563501713901,-0.100276384024327,0.933418678634455,0.934607538605445,NA,-0.00151292443829804,0.39976,0.83948,0.12238,739.4,498.62,0.674294179887054,0.123280491071856,100
"local_ccw_meta","RMST1",8,-0.7,"medium",1,"unbalanced","homogeneous",3,1500,"50/100/1350","0.033333/0.066667/0.9",0,0.4,-4,10.3250938303213,10.2852163565692,10.5426436887162,-0.217549858394931,-0.257427332147039,0.583712832119479,0.620194650545124,NA,0.000778507190898364,0.40026,0.838873333333333,0.137606666666667,620.07,378.38,0.610223960406362,0.145113728076799,100
"pooled_ccw_tvipcw","RMST1",4,-0.7,"medium",1,"balanced","heterogeneous",3,1500,"500/500/500","0.333333/0.333333/0.333333",0,0.4,-4,11.8549447095282,11.9011817852122,12.0280597637675,-0.173115054239308,-0.12687797855536,1.4782191676393,1.48096232582221,NA,0.002315964578983,0.400173333333333,0.742,0.13106,880.12,493.12,0.560247751116823,0.0813019441163848,100
"pooled_ccw_tvipcw","RMST1",6,-0.7,"medium",1,"balanced","heterogeneous",3,1500,"500/500/500","0.333333/0.333333/0.333333",0,0.4,-4,11.402105376638,11.5253628665716,11.7570508767232,-0.354945500085228,-0.231688010151565,1.08165563880785,1.1332543579382,NA,-0.00059719490699706,0.399593333333333,0.741166666666667,0.14808,757.29,369.04,0.487231878389623,0.0865766343154778,100
"pooled_ccw_tvipcw","RMST1",8,-0.7,"medium",1,"balanced","heterogeneous",3,1500,"500/500/500","0.333333/0.333333/0.333333",0,0.4,-4,11.4874584103864,11.4308979225548,11.5874667422916,-0.100008331905209,-0.156568819736729,0.725454935447558,0.728713716888897,NA,0.000629512632417107,0.398706666666667,0.740053333333333,0.155306666666667,675.47,285.55,0.422654041814747,0.090056323974659,100
"pooled_ccw_tvipcw","RMST1",4,-0.7,"medium",1,"unbalanced","heterogeneous",3,1500,"50/100/1350","0.033333/0.066667/0.9",1.3,0.66,-4,5.60855985405426,5.52186467293445,5.83693511227221,-0.228375258217955,-0.315070439337759,0.873388165994919,0.898517711667993,NA,1.30758566210706,0.658913333333333,0.946286666666667,0.253093333333333,470.8,390.23,0.828662324082895,0.197502539541769,100
"pooled_ccw_tvipcw","RMST1",6,-0.7,"medium",1,"unbalanced","heterogeneous",3,1500,"50/100/1350","0.033333/0.066667/0.9",1.3,0.66,-4,5.62717312431743,5.51463047697096,5.67773169452126,-0.0505585702038252,-0.163101217550299,0.772206155576606,0.769997072893367,NA,1.29514130748068,0.66008,0.9454,0.269706666666667,329.44,247.54,0.751241234793407,0.205945915125189,100
"pooled_ccw_tvipcw","RMST1",8,-0.7,"medium",1,"unbalanced","heterogeneous",3,1500,"50/100/1350","0.033333/0.066667/0.9",1.3,0.66,-4,5.52154967085653,5.5171124860285,5.62989414251203,-0.108344471655495,-0.112781656483529,0.642624185607968,0.64851731667499,NA,1.3008207448564,0.657966666666667,0.944613333333333,0.27816,251.49,168.41,0.669430456037592,0.205637808900159,100
"pooled_ccw_tvipcw","RMST1",4,-0.7,"medium",1,"balanced","homogeneous",3,1500,"500/500/500","0.333333/0.333333/0.333333",0,0.4,-4,10.8913786643142,10.7802927298153,11.3629405363727,-0.471561872058558,-0.582647806557445,0.905659433071155,1.01704838518284,NA,0.00837865474872389,0.400793333333333,0.846813333333333,0.102986666666667,902.53,672.75,0.745459400814235,0.100894500068961,100
"pooled_ccw_tvipcw","RMST1",6,-0.7,"medium",1,"balanced","homogeneous",3,1500,"500/500/500","0.333333/0.333333/0.333333",0,0.4,-4,10.793201322729,10.7562396150592,10.8639581582683,-0.070756835539261,-0.107718543209107,0.757665333738665,0.757180771114375,NA,0.0039790996438321,0.403026666666667,0.839473333333333,0.123053333333333,740.02,499.23,0.674766652024102,0.126716394636133,100
"pooled_ccw_tvipcw","RMST1",8,-0.7,"medium",1,"balanced","homogeneous",3,1500,"500/500/500","0.333333/0.333333/0.333333",0,0.4,-4,10.3921864905778,10.3464211298617,10.5426436887162,-0.150457198138409,-0.196222558854497,0.638122787714671,0.652507512409165,NA,0.00311513275491135,0.40034,0.839973333333333,0.13768,618.72,378.68,0.612044913688802,0.143696992164304,100
"pooled_ccw_tvipcw","RMST1",4,-0.7,"medium",1,"unbalanced","homogeneous",3,1500,"50/100/1350","0.033333/0.066667/0.9",0,0.4,-4,11.1100828161638,11.2233750605664,11.3629405363727,-0.252857720208923,-0.139565475806342,1.0390339410987,1.06429913187825,NA,-0.00744047411081942,0.39922,0.840746666666667,0.101406666666667,902.77,663.89,0.735438538219244,0.101184524913118,100
"pooled_ccw_tvipcw","RMST1",6,-0.7,"medium",1,"unbalanced","homogeneous",3,1500,"50/100/1350","0.033333/0.066667/0.9",0,0.4,-4,10.859821764221,10.8841242812697,10.8639581582683,-0.00413639404731343,0.020166123001399,0.96353058598019,0.958709751683923,NA,-0.00151292443829804,0.39976,0.83948,0.12238,739.4,498.62,0.674294179887054,0.123280491071856,100
"pooled_ccw_tvipcw","RMST1",8,-0.7,"medium",1,"unbalanced","homogeneous",3,1500,"50/100/1350","0.033333/0.066667/0.9",0,0.4,-4,10.3868816234418,10.365872017219,10.5426436887162,-0.155762065274394,-0.1767716714972,0.583656266593462,0.601256943525,NA,0.000778507190898364,0.40026,0.838873333333333,0.137606666666667,620.07,378.38,0.610223960406362,0.145113728076799,100
"fed_ccw_tvipcw","RMST_diff",4,-0.7,"medium",1,"balanced","heterogeneous",3,1500,"500/500/500","0.333333/0.333333/0.333333",0,0.4,-4,0.725745306166373,0.749600567847691,1.1609403952807,-0.435195089114323,-0.411339827433005,1.43510365102433,1.49275652062912,0.9,0.002315964578983,0.400173333333333,0.742,0.13106,880.12,493.12,0.560247751116823,0.0813019441163848,100
"fed_ccw_tvipcw","RMST_diff",6,-0.7,"medium",1,"balanced","heterogeneous",3,1500,"500/500/500","0.333333/0.333333/0.333333",0,0.4,-4,0.382687396304873,0.391041533891378,0.889991231264419,-0.507303834959546,-0.498949697373042,1.19396730651889,1.29176605107514,0.83,-0.00059719490699706,0.399593333333333,0.741166666666667,0.14808,757.29,369.04,0.487231878389623,0.0865766343154778,100
"fed_ccw_tvipcw","RMST_diff",8,-0.7,"medium",1,"balanced","heterogeneous",3,1500,"500/500/500","0.333333/0.333333/0.333333",0,0.4,-4,0.584263534170045,0.587112902438407,0.713835367882824,-0.129571833712779,-0.126722465444417,0.830239428631475,0.836177848222175,0.9,0.000629512632417107,0.398706666666667,0.740053333333333,0.155306666666667,675.47,285.55,0.422654041814747,0.090056323974659,100
"fed_ccw_tvipcw","RMST_diff",4,-0.7,"medium",1,"unbalanced","heterogeneous",3,1500,"50/100/1350","0.033333/0.066667/0.9",1.3,0.66,-4,0.46848743089967,0.365148243014774,0.842563660040701,-0.374076229141032,-0.477415417025927,1.19948026044861,1.25071914971435,0.7,1.30758566210706,0.658913333333333,0.946286666666667,0.253093333333333,470.8,390.23,0.828662324082895,0.197502539541769,100
"fed_ccw_tvipcw","RMST_diff",6,-0.7,"medium",1,"unbalanced","heterogeneous",3,1500,"50/100/1350","0.033333/0.066667/0.9",1.3,0.66,-4,0.35865289556368,0.179547719049136,0.685727265884548,-0.327074370320869,-0.506179546835412,0.69694791198227,0.766718117574558,0.72,1.29514130748068,0.66008,0.9454,0.269706666666667,329.44,247.54,0.751241234793407,0.205945915125189,100
"fed_ccw_tvipcw","RMST_diff",8,-0.7,"medium",1,"unbalanced","heterogeneous",3,1500,"50/100/1350","0.033333/0.066667/0.9",1.3,0.66,-4,0.25441954383058,0.237041826085017,0.633885322701578,-0.379465778870998,-0.39684349661656,0.473145325873098,0.6046669428171,0.71,1.3008207448564,0.657966666666667,0.944613333333333,0.27816,251.49,168.41,0.669430456037592,0.205637808900159,100
"fed_ccw_tvipcw","RMST_diff",4,-0.7,"medium",1,"balanced","homogeneous",3,1500,"500/500/500","0.333333/0.333333/0.333333",0,0.4,-4,1.34717821218412,1.27537836908479,1.81677934182444,-0.469601129640312,-0.541400972739648,0.959087185460577,1.06356709613498,0.91,0.00837865474872389,0.400793333333333,0.846813333333333,0.102986666666667,902.53,672.75,0.745459400814235,0.100894500068961,100
"fed_ccw_tvipcw","RMST_diff",6,-0.7,"medium",1,"balanced","homogeneous",3,1500,"500/500/500","0.333333/0.333333/0.333333",0,0.4,-4,1.21629347702572,1.17970838938947,1.32025237655439,-0.103958899528667,-0.140543987164919,0.789790779121746,0.792678517956106,0.91,0.0039790996438321,0.403026666666667,0.839473333333333,0.123053333333333,740.02,499.23,0.674766652024102,0.126716394636133,100
"fed_ccw_tvipcw","RMST_diff",8,-0.7,"medium",1,"balanced","homogeneous",3,1500,"500/500/500","0.333333/0.333333/0.333333",0,0.4,-4,0.852791797380825,0.871494092570098,1.00368794652546,-0.150896149144631,-0.132193853955358,0.560731910957062,0.577966885757811,0.91,0.00311513275491135,0.40034,0.839973333333333,0.13768,618.72,378.68,0.612044913688802,0.143696992164304,100
"fed_ccw_tvipcw","RMST_diff",4,-0.7,"medium",1,"unbalanced","homogeneous",3,1500,"50/100/1350","0.033333/0.066667/0.9",0,0.4,-4,1.50530769542402,1.62490583995429,1.81677934182444,-0.311471646400419,-0.191873501870141,1.04340774679241,1.08389451300259,0.9,-0.00744047411081942,0.39922,0.840746666666667,0.101406666666667,902.77,663.89,0.735438538219244,0.101184524913118,100
"fed_ccw_tvipcw","RMST_diff",6,-0.7,"medium",1,"unbalanced","homogeneous",3,1500,"50/100/1350","0.033333/0.066667/0.9",0,0.4,-4,1.30314702235839,1.31242095431081,1.32025237655439,-0.0171053541960007,-0.00783142224358002,0.956791206323527,0.952148891463525,0.85,-0.00151292443829804,0.39976,0.83948,0.12238,739.4,498.62,0.674294179887054,0.123280491071856,100
"fed_ccw_tvipcw","RMST_diff",8,-0.7,"medium",1,"unbalanced","homogeneous",3,1500,"50/100/1350","0.033333/0.066667/0.9",0,0.4,-4,0.854017137277301,0.848140863530896,1.00368794652546,-0.149670809248155,-0.15554708299456,0.582555230100348,0.598647008926875,0.92,0.000778507190898364,0.40026,0.838873333333333,0.137606666666667,620.07,378.38,0.610223960406362,0.145113728076799,100
"fed_ipw_no_clone","RMST_diff",4,-0.7,"medium",1,"balanced","heterogeneous",3,1500,"500/500/500","0.333333/0.333333/0.333333",0,0.4,-4,3.67881582066749,3.87437853924607,1.1609403952807,2.5178754253868,2.71343814396537,2.05547311359873,3.2438274740323,NA,0.002315964578983,0.400173333333333,0.742,0.13106,880.12,493.12,0.560247751116823,0.0813019441163848,100
"fed_ipw_no_clone","RMST_diff",6,-0.7,"medium",1,"balanced","heterogeneous",3,1500,"500/500/500","0.333333/0.333333/0.333333",0,0.4,-4,4.15601502845418,4.01194643377353,0.889991231264419,3.26602379718976,3.12195520250911,1.95428175292512,3.80104412522767,NA,-0.00059719490699706,0.399593333333333,0.741166666666667,0.14808,757.29,369.04,0.487231878389623,0.0865766343154778,100
"fed_ipw_no_clone","RMST_diff",8,-0.7,"medium",1,"balanced","heterogeneous",3,1500,"500/500/500","0.333333/0.333333/0.333333",0,0.4,-4,5.13734296828776,4.93001888676153,0.713835367882824,4.42350760040494,4.21618351887871,1.64508333109654,4.71663605395089,NA,0.000629512632417107,0.398706666666667,0.740053333333333,0.155306666666667,675.47,285.55,0.422654041814747,0.090056323974659,100
"fed_ipw_no_clone","RMST_diff",4,-0.7,"medium",1,"unbalanced","heterogeneous",3,1500,"50/100/1350","0.033333/0.066667/0.9",1.3,0.66,-4,3.06553809856247,2.82252904901219,0.842563660040701,2.22297443852177,1.97996538897149,1.70699935215548,2.79755673306151,NA,1.30758566210706,0.658913333333333,0.946286666666667,0.253093333333333,470.8,390.23,0.828662324082895,0.197502539541769,100
"fed_ipw_no_clone","RMST_diff",6,-0.7,"medium",1,"unbalanced","heterogeneous",3,1500,"50/100/1350","0.033333/0.066667/0.9",1.3,0.66,-4,3.71022305362773,3.36621191160881,0.685727265884548,3.02449578774319,2.68048464572426,1.52318775452066,3.38296832622517,NA,1.29514130748068,0.66008,0.9454,0.269706666666667,329.44,247.54,0.751241234793407,0.205945915125189,100
"fed_ipw_no_clone","RMST_diff",8,-0.7,"medium",1,"unbalanced","heterogeneous",3,1500,"50/100/1350","0.033333/0.066667/0.9",1.3,0.66,-4,3.81031439348195,3.90929777073483,0.633885322701578,3.17642907078037,3.27541244803326,1.09280348277932,3.35737678838011,NA,1.3008207448564,0.657966666666667,0.944613333333333,0.27816,251.49,168.41,0.669430456037592,0.205637808900159,100
"fed_ipw_no_clone","RMST_diff",4,-0.7,"medium",1,"balanced","homogeneous",3,1500,"500/500/500","0.333333/0.333333/0.333333",0,0.4,-4,4.02789114967548,3.97674553835215,1.81677934182444,2.21111180785104,2.15996619652771,1.45333907312572,2.64198560625858,NA,0.00837865474872389,0.400793333333333,0.846813333333333,0.102986666666667,902.53,672.75,0.745459400814235,0.100894500068961,100
"fed_ipw_no_clone","RMST_diff",6,-0.7,"medium",1,"balanced","homogeneous",3,1500,"500/500/500","0.333333/0.333333/0.333333",0,0.4,-4,5.55714864261855,5.45321444416511,1.32025237655439,4.23689626606416,4.13296206761072,1.36309141322226,4.44867710540793,NA,0.0039790996438321,0.403026666666667,0.839473333333333,0.123053333333333,740.02,499.23,0.674766652024102,0.126716394636133,100
"fed_ipw_no_clone","RMST_diff",8,-0.7,"medium",1,"balanced","homogeneous",3,1500,"500/500/500","0.333333/0.333333/0.333333",0,0.4,-4,5.86778776946668,5.91938496508985,1.00368794652546,4.86409982294123,4.91569701856439,1.22626142872887,5.01479281807426,NA,0.00311513275491135,0.40034,0.839973333333333,0.13768,618.72,378.68,0.612044913688802,0.143696992164304,100
"fed_ipw_no_clone","RMST_diff",4,-0.7,"medium",1,"unbalanced","homogeneous",3,1500,"50/100/1350","0.033333/0.066667/0.9",0,0.4,-4,4.4371356368365,4.66489553777626,1.81677934182444,2.62035629501207,2.84811619595182,1.50740395373528,3.01924015701778,NA,-0.00744047411081942,0.39922,0.840746666666667,0.101406666666667,902.77,663.89,0.735438538219244,0.101184524913118,100
"fed_ipw_no_clone","RMST_diff",6,-0.7,"medium",1,"unbalanced","homogeneous",3,1500,"50/100/1350","0.033333/0.066667/0.9",0,0.4,-4,5.55250026616961,5.53120171628426,1.32025237655439,4.23224788961522,4.21094933972987,1.64852396374533,4.53898415348684,NA,-0.00151292443829804,0.39976,0.83948,0.12238,739.4,498.62,0.674294179887054,0.123280491071856,100
"fed_ipw_no_clone","RMST_diff",8,-0.7,"medium",1,"unbalanced","homogeneous",3,1500,"50/100/1350","0.033333/0.066667/0.9",0,0.4,-4,6.01837765265358,6.1085862528825,1.00368794652546,5.01468970612812,5.10489830635705,1.21826029928602,5.15911130176464,NA,0.000778507190898364,0.40026,0.838873333333333,0.137606666666667,620.07,378.38,0.610223960406362,0.145113728076799,100
"fed_landmark_ipw","RMST_diff",4,-0.7,"medium",1,"balanced","heterogeneous",3,1500,"500/500/500","0.333333/0.333333/0.333333",0,0.4,-4,1.71296444775365,1.74211136147252,1.1609403952807,0.552024052472957,0.581170966191822,1.63931910486543,1.72198258144782,NA,0.002315964578983,0.400173333333333,0.742,0.13106,880.12,493.12,0.560247751116823,0.0813019441163848,100
"fed_landmark_ipw","RMST_diff",6,-0.7,"medium",1,"balanced","heterogeneous",3,1500,"500/500/500","0.333333/0.333333/0.333333",0,0.4,-4,1.67143657290114,1.82436069113201,0.889991231264419,0.781445341636723,0.934369459867588,1.34707586440284,1.55149091927018,NA,-0.00059719490699706,0.399593333333333,0.741166666666667,0.14808,757.29,369.04,0.487231878389623,0.0865766343154778,100
"fed_landmark_ipw","RMST_diff",8,-0.7,"medium",1,"balanced","heterogeneous",3,1500,"500/500/500","0.333333/0.333333/0.333333",0,0.4,-4,1.4067778200328,1.49983308360301,0.713835367882824,0.692942452149977,0.785997715720185,0.99426340514536,1.20782588298759,NA,0.000629512632417107,0.398706666666667,0.740053333333333,0.155306666666667,675.47,285.55,0.422654041814747,0.090056323974659,100
"fed_landmark_ipw","RMST_diff",4,-0.7,"medium",1,"unbalanced","heterogeneous",3,1500,"50/100/1350","0.033333/0.066667/0.9",1.3,0.66,-4,1.36078922533088,1.09734097135038,0.842563660040701,0.518225565290181,0.254777311309681,2.40737803405108,2.45072888042795,NA,1.30758566210706,0.658913333333333,0.946286666666667,0.253093333333333,470.8,390.23,0.828662324082895,0.197502539541769,100
"fed_landmark_ipw","RMST_diff",6,-0.7,"medium",1,"unbalanced","heterogeneous",3,1500,"50/100/1350","0.033333/0.066667/0.9",1.3,0.66,-4,1.34785912320633,1.37355947707318,0.685727265884548,0.662131857321784,0.68783221118863,2.06808138850576,2.16162198815368,NA,1.29514130748068,0.66008,0.9454,0.269706666666667,329.44,247.54,0.751241234793407,0.205945915125189,100
"fed_landmark_ipw","RMST_diff",8,-0.7,"medium",1,"unbalanced","heterogeneous",3,1500,"50/100/1350","0.033333/0.066667/0.9",1.3,0.66,-4,0.855544865753799,0.846173587534061,0.633885322701578,0.221659543052221,0.212288264832483,1.72315209417423,1.72878383879726,NA,1.3008207448564,0.657966666666667,0.944613333333333,0.27816,251.49,168.41,0.669430456037592,0.205637808900159,100
"fed_landmark_ipw","RMST_diff",4,-0.7,"medium",1,"balanced","homogeneous",3,1500,"500/500/500","0.333333/0.333333/0.333333",0,0.4,-4,3.05355634264019,3.11135423753732,1.81677934182444,1.23677700081575,1.29457489571289,1.33203895436675,1.81278841786287,NA,0.00837865474872389,0.400793333333333,0.846813333333333,0.102986666666667,902.53,672.75,0.745459400814235,0.100894500068961,100
"fed_landmark_ipw","RMST_diff",6,-0.7,"medium",1,"balanced","homogeneous",3,1500,"500/500/500","0.333333/0.333333/0.333333",0,0.4,-4,2.58746138005644,2.72734560617859,1.32025237655439,1.26720900350205,1.40709322962419,1.52533553529744,1.97716986342736,NA,0.0039790996438321,0.403026666666667,0.839473333333333,0.123053333333333,740.02,499.23,0.674766652024102,0.126716394636133,100
"fed_landmark_ipw","RMST_diff",8,-0.7,"medium",1,"balanced","homogeneous",3,1500,"500/500/500","0.333333/0.333333/0.333333",0,0.4,-4,1.94971940579647,2.01781007107071,1.00368794652546,0.946031459271015,1.01412212454525,1.02659327462468,1.39223932422555,NA,0.00311513275491135,0.40034,0.839973333333333,0.13768,618.72,378.68,0.612044913688802,0.143696992164304,100
"fed_landmark_ipw","RMST_diff",4,-0.7,"medium",1,"unbalanced","homogeneous",3,1500,"50/100/1350","0.033333/0.066667/0.9",0,0.4,-4,2.90382267135602,2.99835330915155,1.81677934182444,1.08704332953159,1.18157396732712,1.79525640587756,2.09102350715985,NA,-0.00744047411081942,0.39922,0.840746666666667,0.101406666666667,902.77,663.89,0.735438538219244,0.101184524913118,100
"fed_landmark_ipw","RMST_diff",6,-0.7,"medium",1,"unbalanced","homogeneous",3,1500,"50/100/1350","0.033333/0.066667/0.9",0,0.4,-4,2.46175357691747,2.56027433803084,1.32025237655439,1.14150120036307,1.24002196147645,1.28756837388668,1.71589014353752,NA,-0.00151292443829804,0.39976,0.83948,0.12238,739.4,498.62,0.674294179887054,0.123280491071856,100
"fed_landmark_ipw","RMST_diff",8,-0.7,"medium",1,"unbalanced","homogeneous",3,1500,"50/100/1350","0.033333/0.066667/0.9",0,0.4,-4,2.0060198602613,2.07607280279072,1.00368794652546,1.00233191373584,1.07238485626526,1.0800615329552,1.46953627077157,NA,0.000778507190898364,0.40026,0.838873333333333,0.137606666666667,620.07,378.38,0.610223960406362,0.145113728076799,100
"fed_perprotocol_naive","RMST_diff",4,-0.7,"medium",1,"balanced","heterogeneous",3,1500,"500/500/500","0.333333/0.333333/0.333333",0,0.4,-4,-5.93617366509126,-5.89687060671265,1.1609403952807,-7.09711406037196,-7.05781100199334,0.594098851642982,7.12168883741754,NA,0.002315964578983,0.400173333333333,0.742,0.13106,880.12,493.12,0.560247751116823,0.0813019441163848,100
"fed_perprotocol_naive","RMST_diff",6,-0.7,"medium",1,"balanced","heterogeneous",3,1500,"500/500/500","0.333333/0.333333/0.333333",0,0.4,-4,-5.27428013120405,-5.26735785296104,0.889991231264419,-6.16427136246847,-6.15734908422546,0.539311926470515,6.18758355181099,NA,-0.00059719490699706,0.399593333333333,0.741166666666667,0.14808,757.29,369.04,0.487231878389623,0.0865766343154778,100
"fed_perprotocol_naive","RMST_diff",8,-0.7,"medium",1,"balanced","heterogeneous",3,1500,"500/500/500","0.333333/0.333333/0.333333",0,0.4,-4,-4.60098221191922,-4.58740381705995,0.713835367882824,-5.31481757980204,-5.30123918494278,0.529573508213739,5.34087347970055,NA,0.000629512632417107,0.398706666666667,0.740053333333333,0.155306666666667,675.47,285.55,0.422654041814747,0.090056323974659,100
"fed_perprotocol_naive","RMST_diff",4,-0.7,"medium",1,"unbalanced","heterogeneous",3,1500,"50/100/1350","0.033333/0.066667/0.9",1.3,0.66,-4,-1.63529174532049,-1.62156912908182,0.842563660040701,-2.4778554053612,-2.46413278912252,0.259527234166522,2.49127442312144,NA,1.30758566210706,0.658913333333333,0.946286666666667,0.253093333333333,470.8,390.23,0.828662324082895,0.197502539541769,100
"fed_perprotocol_naive","RMST_diff",6,-0.7,"medium",1,"unbalanced","heterogeneous",3,1500,"50/100/1350","0.033333/0.066667/0.9",1.3,0.66,-4,-1.14144362543323,-1.16022568025741,0.685727265884548,-1.82717089131778,-1.84595294614196,0.292612628780794,1.85022144488053,NA,1.29514130748068,0.66008,0.9454,0.269706666666667,329.44,247.54,0.751241234793407,0.205945915125189,100
"fed_perprotocol_naive","RMST_diff",8,-0.7,"medium",1,"unbalanced","heterogeneous",3,1500,"50/100/1350","0.033333/0.066667/0.9",1.3,0.66,-4,-0.826158297443497,-0.879612117761255,0.633885322701578,-1.46004362014507,-1.51349744046283,0.337790085274276,1.49822845154497,NA,1.3008207448564,0.657966666666667,0.944613333333333,0.27816,251.49,168.41,0.669430456037592,0.205637808900159,100
"fed_perprotocol_naive","RMST_diff",4,-0.7,"medium",1,"balanced","homogeneous",3,1500,"500/500/500","0.333333/0.333333/0.333333",0,0.4,-4,-1.25930559638801,-1.3051485627147,1.81677934182444,-3.07608493821244,-3.12192790453914,0.696415866116175,3.15316407043624,NA,0.00837865474872389,0.400793333333333,0.846813333333333,0.102986666666667,902.53,672.75,0.745459400814235,0.100894500068961,100
"fed_perprotocol_naive","RMST_diff",6,-0.7,"medium",1,"balanced","homogeneous",3,1500,"500/500/500","0.333333/0.333333/0.333333",0,0.4,-4,-0.36221961805113,-0.332601651685103,1.32025237655439,-1.68247199460552,-1.65285402823949,0.477302001191512,1.74821367142861,NA,0.0039790996438321,0.403026666666667,0.839473333333333,0.123053333333333,740.02,499.23,0.674766652024102,0.126716394636133,100
"fed_perprotocol_naive","RMST_diff",8,-0.7,"medium",1,"balanced","homogeneous",3,1500,"500/500/500","0.333333/0.333333/0.333333",0,0.4,-4,0.334527194800711,0.275618782000286,1.00368794652546,-0.669160751724745,-0.728069164525171,0.645564996305358,0.927557402244743,NA,0.00311513275491135,0.40034,0.839973333333333,0.13768,618.72,378.68,0.612044913688802,0.143696992164304,100
"fed_perprotocol_naive","RMST_diff",4,-0.7,"medium",1,"unbalanced","homogeneous",3,1500,"50/100/1350","0.033333/0.066667/0.9",0,0.4,-4,-1.17035810129877,-1.20858668000993,1.81677934182444,-2.9871374431232,-3.02536602183436,0.679161574787145,3.06261945796883,NA,-0.00744047411081942,0.39922,0.840746666666667,0.101406666666667,902.77,663.89,0.735438538219244,0.101184524913118,100
"fed_perprotocol_naive","RMST_diff",6,-0.7,"medium",1,"unbalanced","homogeneous",3,1500,"50/100/1350","0.033333/0.066667/0.9",0,0.4,-4,-0.437141025149046,-0.385322958872111,1.32025237655439,-1.75739340170344,-1.7055753354265,0.609028327815146,1.85893461891248,NA,-0.00151292443829804,0.39976,0.83948,0.12238,739.4,498.62,0.674294179887054,0.123280491071856,100
"fed_perprotocol_naive","RMST_diff",8,-0.7,"medium",1,"unbalanced","homogeneous",3,1500,"50/100/1350","0.033333/0.066667/0.9",0,0.4,-4,0.363178945989976,0.359841706336033,1.00368794652546,-0.640509000535481,-0.643846240189424,0.595831675429933,0.872764006681156,NA,0.000778507190898364,0.40026,0.838873333333333,0.137606666666667,620.07,378.38,0.610223960406362,0.145113728076799,100
"local_ccw_meta","RMST_diff",4,-0.7,"medium",1,"balanced","heterogeneous",3,1500,"500/500/500","0.333333/0.333333/0.333333",0,0.4,-4,1.13674376955029,1.27428128249063,1.1609403952807,-0.024196625730404,0.113340887209939,0.997942247819388,0.993234775558993,NA,0.002315964578983,0.400173333333333,0.742,0.13106,880.12,493.12,0.560247751116823,0.0813019441163848,100
"local_ccw_meta","RMST_diff",6,-0.7,"medium",1,"balanced","heterogeneous",3,1500,"500/500/500","0.333333/0.333333/0.333333",0,0.4,-4,0.692644028780349,0.872917368496856,0.889991231264419,-0.19734720248407,-0.0170738627675631,1.00292823928437,1.01722776257375,NA,-0.00059719490699706,0.399593333333333,0.741166666666667,0.14808,757.29,369.04,0.487231878389623,0.0865766343154778,100
"local_ccw_meta","RMST_diff",8,-0.7,"medium",1,"balanced","heterogeneous",3,1500,"500/500/500","0.333333/0.333333/0.333333",0,0.4,-4,0.752461308549144,0.857538720232898,0.713835367882824,0.0386259406663195,0.143703352350074,0.660624246058594,0.658446743349862,NA,0.000629512632417107,0.398706666666667,0.740053333333333,0.155306666666667,675.47,285.55,0.422654041814747,0.090056323974659,100
"local_ccw_meta","RMST_diff",4,-0.7,"medium",1,"unbalanced","heterogeneous",3,1500,"50/100/1350","0.033333/0.066667/0.9",1.3,0.66,-4,0.686723196872513,0.633783697832965,0.842563660040701,-0.155840463168189,-0.208779962207737,0.762266428464727,0.774290550662478,NA,1.30758566210706,0.658913333333333,0.946286666666667,0.253093333333333,470.8,390.23,0.828662324082895,0.197502539541769,100
"local_ccw_meta","RMST_diff",6,-0.7,"medium",1,"unbalanced","heterogeneous",3,1500,"50/100/1350","0.033333/0.066667/0.9",1.3,0.66,-4,0.628192328768802,0.492710363777478,0.685727265884548,-0.0575349371157457,-0.19301690210707,0.627470048141958,0.626970289320819,NA,1.29514130748068,0.66008,0.9454,0.269706666666667,329.44,247.54,0.751241234793407,0.205945915125189,100
"local_ccw_meta","RMST_diff",8,-0.7,"medium",1,"unbalanced","heterogeneous",3,1500,"50/100/1350","0.033333/0.066667/0.9",1.3,0.66,-4,0.517163325688484,0.547945312102041,0.633885322701578,-0.116721997013094,-0.0859400105995372,0.479130597589474,0.490810037425588,NA,1.3008207448564,0.657966666666667,0.944613333333333,0.27816,251.49,168.41,0.669430456037592,0.205637808900159,100
"local_ccw_meta","RMST_diff",4,-0.7,"medium",1,"balanced","homogeneous",3,1500,"500/500/500","0.333333/0.333333/0.333333",0,0.4,-4,1.23244315280381,1.16952524050174,1.81677934182444,-0.584336189020625,-0.647254101322701,0.927867427319054,1.0926011920422,NA,0.00837865474872389,0.400793333333333,0.846813333333333,0.102986666666667,902.53,672.75,0.745459400814235,0.100894500068961,100
"local_ccw_meta","RMST_diff",6,-0.7,"medium",1,"balanced","homogeneous",3,1500,"500/500/500","0.333333/0.333333/0.333333",0,0.4,-4,1.10573467254995,1.09315769649632,1.32025237655439,-0.214517704004437,-0.22709468005807,0.745604921645851,0.772259851035923,NA,0.0039790996438321,0.403026666666667,0.839473333333333,0.123053333333333,740.02,499.23,0.674766652024102,0.126716394636133,100
"local_ccw_meta","RMST_diff",8,-0.7,"medium",1,"balanced","homogeneous",3,1500,"500/500/500","0.333333/0.333333/0.333333",0,0.4,-4,0.787873407799082,0.796450326595775,1.00368794652546,-0.215814538726375,-0.207237619929682,0.530777031289753,0.570511112513151,NA,0.00311513275491135,0.40034,0.839973333333333,0.13768,618.72,378.68,0.612044913688802,0.143696992164304,100
"local_ccw_meta","RMST_diff",4,-0.7,"medium",1,"unbalanced","homogeneous",3,1500,"50/100/1350","0.033333/0.066667/0.9",0,0.4,-4,1.40437155820683,1.53153496935662,1.81677934182444,-0.412407783617607,-0.285244372467815,1.01065922161959,1.086875301776,NA,-0.00744047411081942,0.39922,0.840746666666667,0.101406666666667,902.77,663.89,0.735438538219244,0.101184524913118,100
"local_ccw_meta","RMST_diff",6,-0.7,"medium",1,"unbalanced","homogeneous",3,1500,"50/100/1350","0.033333/0.066667/0.9",0,0.4,-4,1.18196093808816,1.29576433690884,1.32025237655439,-0.138291438466228,-0.0244880396455462,0.908251862174909,0.914219203826854,NA,-0.00151292443829804,0.39976,0.83948,0.12238,739.4,498.62,0.674294179887054,0.123280491071856,100
"local_ccw_meta","RMST_diff",8,-0.7,"medium",1,"unbalanced","homogeneous",3,1500,"50/100/1350","0.033333/0.066667/0.9",0,0.4,-4,0.814433723222232,0.801921263053722,1.00368794652546,-0.189254223303224,-0.201766683471734,0.569815356718822,0.597712143412846,NA,0.000778507190898364,0.40026,0.838873333333333,0.137606666666667,620.07,378.38,0.610223960406362,0.145113728076799,100
"pooled_ccw_tvipcw","RMST_diff",4,-0.7,"medium",1,"balanced","heterogeneous",3,1500,"500/500/500","0.333333/0.333333/0.333333",0,0.4,-4,0.978840025095782,0.987113734176909,1.1609403952807,-0.182100370184913,-0.173826661103787,1.46618964187467,1.47016172243146,0.9,0.002315964578983,0.400173333333333,0.742,0.13106,880.12,493.12,0.560247751116823,0.0813019441163848,100
"pooled_ccw_tvipcw","RMST_diff",6,-0.7,"medium",1,"balanced","heterogeneous",3,1500,"500/500/500","0.333333/0.333333/0.333333",0,0.4,-4,0.515109376367664,0.587451103909189,0.889991231264419,-0.374881854896756,-0.30254012735523,1.04569326721092,1.10592769661049,0.83,-0.00059719490699706,0.399593333333333,0.741166666666667,0.14808,757.29,369.04,0.487231878389623,0.0865766343154778,100
"pooled_ccw_tvipcw","RMST_diff",8,-0.7,"medium",1,"balanced","heterogeneous",3,1500,"500/500/500","0.333333/0.333333/0.333333",0,0.4,-4,0.605052309233643,0.557623103379748,0.713835367882824,-0.108783058649182,-0.156212264503076,0.711499941407489,0.716242695464116,0.93,0.000629512632417107,0.398706666666667,0.740053333333333,0.155306666666667,675.47,285.55,0.422654041814747,0.090056323974659,100
"pooled_ccw_tvipcw","RMST_diff",4,-0.7,"medium",1,"unbalanced","heterogeneous",3,1500,"50/100/1350","0.033333/0.066667/0.9",1.3,0.66,-4,0.641873479535924,0.499104065826157,0.842563660040701,-0.200690180504777,-0.343459594214544,0.889324851189684,0.907340207741924,0.81,1.30758566210706,0.658913333333333,0.946286666666667,0.253093333333333,470.8,390.23,0.828662324082895,0.197502539541769,100
"pooled_ccw_tvipcw","RMST_diff",6,-0.7,"medium",1,"unbalanced","heterogeneous",3,1500,"50/100/1350","0.033333/0.066667/0.9",1.3,0.66,-4,0.615346754660891,0.440224116001682,0.685727265884548,-0.070380511223657,-0.245503149882866,0.754316893480176,0.753828529834067,0.82,1.29514130748068,0.66008,0.9454,0.269706666666667,329.44,247.54,0.751241234793407,0.205945915125189,100
"pooled_ccw_tvipcw","RMST_diff",8,-0.7,"medium",1,"unbalanced","heterogeneous",3,1500,"50/100/1350","0.033333/0.066667/0.9",1.3,0.66,-4,0.531042515742115,0.475509192701726,0.633885322701578,-0.102842806959463,-0.158376129999851,0.624925901851535,0.630240987178878,0.78,1.3008207448564,0.657966666666667,0.944613333333333,0.27816,251.49,168.41,0.669430456037592,0.205637808900159,100
"pooled_ccw_tvipcw","RMST_diff",4,-0.7,"medium",1,"balanced","homogeneous",3,1500,"500/500/500","0.333333/0.333333/0.333333",0,0.4,-4,1.41787110658061,1.30031973436081,1.81677934182444,-0.398908235243824,-0.516459607463624,0.905775316385079,0.98557212555962,0.93,0.00837865474872389,0.400793333333333,0.846813333333333,0.102986666666667,902.53,672.75,0.745459400814235,0.100894500068961,100
"pooled_ccw_tvipcw","RMST_diff",6,-0.7,"medium",1,"balanced","homogeneous",3,1500,"500/500/500","0.333333/0.333333/0.333333",0,0.4,-4,1.2431202405797,1.19690401543289,1.32025237655439,-0.0771321359746942,-0.123348361121499,0.739854312625294,0.740175605022999,0.93,0.0039790996438321,0.403026666666667,0.839473333333333,0.123053333333333,740.02,499.23,0.674766652024102,0.126716394636133,100
"pooled_ccw_tvipcw","RMST_diff",8,-0.7,"medium",1,"balanced","homogeneous",3,1500,"500/500/500","0.333333/0.333333/0.333333",0,0.4,-4,0.88021688240559,0.839217776910665,1.00368794652546,-0.123471064119867,-0.164470169614791,0.575404815147878,0.585683274438756,0.95,0.00311513275491135,0.40034,0.839973333333333,0.13768,618.72,378.68,0.612044913688802,0.143696992164304,100
"pooled_ccw_tvipcw","RMST_diff",4,-0.7,"medium",1,"unbalanced","homogeneous",3,1500,"50/100/1350","0.033333/0.066667/0.9",0,0.4,-4,1.53310360286121,1.64377431723044,1.81677934182444,-0.283675738963226,-0.173005024594,1.03931849000646,1.07231199718596,0.9,-0.00744047411081942,0.39922,0.840746666666667,0.101406666666667,902.77,663.89,0.735438538219244,0.101184524913118,100
"pooled_ccw_tvipcw","RMST_diff",6,-0.7,"medium",1,"unbalanced","homogeneous",3,1500,"50/100/1350","0.033333/0.066667/0.9",0,0.4,-4,1.28087417253302,1.27013498670701,1.32025237655439,-0.0393782040213711,-0.050117389847383,0.939939622344681,0.936056767332449,0.85,-0.00151292443829804,0.39976,0.83948,0.12238,739.4,498.62,0.674294179887054,0.123280491071856,100
"pooled_ccw_tvipcw","RMST_diff",8,-0.7,"medium",1,"unbalanced","homogeneous",3,1500,"50/100/1350","0.033333/0.066667/0.9",0,0.4,-4,0.881416620861431,0.876180628097506,1.00368794652546,-0.122271325664025,-0.12750731842795,0.554978492794537,0.56557174016166,0.93,0.000778507190898364,0.40026,0.838873333333333,0.137606666666667,620.07,378.38,0.610223960406362,0.145113728076799,100
"fed_ccw_tvipcw","RR",4,-0.7,"medium",1,"balanced","heterogeneous",3,1500,"500/500/500","0.333333/0.333333/0.333333",0,0.4,-4,0.947655388352936,0.956387197230819,0.911828180239853,0.0358272081130828,0.0445590169909656,0.119191568431978,0.123887660913427,0.89,0.002315964578983,0.400173333333333,0.742,0.13106,880.12,493.12,0.560247751116823,0.0813019441163848,100
"fed_ccw_tvipcw","RR",6,-0.7,"medium",1,"balanced","heterogeneous",3,1500,"500/500/500","0.333333/0.333333/0.333333",0,0.4,-4,0.980782602292325,0.978365182197613,0.925532839033584,0.0552497632587405,0.0528323431640291,0.120938408695116,0.132409871425346,0.76,-0.00059719490699706,0.399593333333333,0.741166666666667,0.14808,757.29,369.04,0.487231878389623,0.0865766343154778,100
"fed_ccw_tvipcw","RR",8,-0.7,"medium",1,"balanced","heterogeneous",3,1500,"500/500/500","0.333333/0.333333/0.333333",0,0.4,-4,0.950485734364216,0.95545491763371,0.936157415117948,0.0143283192462688,0.0192975025157623,0.0953812536030973,0.0959786874047169,0.87,0.000629512632417107,0.398706666666667,0.740053333333333,0.155306666666667,675.47,285.55,0.422654041814747,0.090056323974659,100
"fed_ccw_tvipcw","RR",4,-0.7,"medium",1,"unbalanced","heterogeneous",3,1500,"50/100/1350","0.033333/0.066667/0.9",1.3,0.66,-4,0.993336315209941,1.00938703719185,0.972230708113655,0.0211056070962861,0.0371563290781991,0.0631234258929188,0.0662583419532742,0.57,1.30758566210706,0.658913333333333,0.946286666666667,0.253093333333333,470.8,390.23,0.828662324082895,0.197502539541769,100
"fed_ccw_tvipcw","RR",6,-0.7,"medium",1,"unbalanced","heterogeneous",3,1500,"50/100/1350","0.033333/0.066667/0.9",1.3,0.66,-4,0.994442914667843,1.00592448699239,0.975759557379665,0.0186833572881774,0.0301649296127265,0.0425843684506602,0.0463072563594072,0.67,1.29514130748068,0.66008,0.9454,0.269706666666667,329.44,247.54,0.751241234793407,0.205945915125189,100
"fed_ccw_tvipcw","RR",8,-0.7,"medium",1,"unbalanced","heterogeneous",3,1500,"50/100/1350","0.033333/0.066667/0.9",1.3,0.66,-4,1.00373807129828,1.00570341701462,0.976765975107078,0.0269720961912033,0.0289374419075376,0.0292123132187493,0.0396524857241249,0.63,1.3008207448564,0.657966666666667,0.944613333333333,0.27816,251.49,168.41,0.669430456037592,0.205637808900159,100
"fed_ccw_tvipcw","RR",4,-0.7,"medium",1,"balanced","homogeneous",3,1500,"500/500/500","0.333333/0.333333/0.333333",0,0.4,-4,0.932190905603593,0.93291729400085,0.897451876190698,0.034739029412895,0.0354654178101522,0.0681270395984633,0.0761687649483439,0.83,0.00837865474872389,0.400793333333333,0.846813333333333,0.102986666666667,902.53,672.75,0.745459400814235,0.100894500068961,100
"fed_ccw_tvipcw","RR",6,-0.7,"medium",1,"balanced","homogeneous",3,1500,"500/500/500","0.333333/0.333333/0.333333",0,0.4,-4,0.919165033094233,0.923492813764884,0.91515663876999,0.00400839432424285,0.00833617499489403,0.0688545299975827,0.068626555087916,0.9,0.0039790996438321,0.403026666666667,0.839473333333333,0.123053333333333,740.02,499.23,0.674766652024102,0.126716394636133,100
"fed_ccw_tvipcw","RR",8,-0.7,"medium",1,"balanced","homogeneous",3,1500,"500/500/500","0.333333/0.333333/0.333333",0,0.4,-4,0.937687012603953,0.941257636609593,0.927137067734805,0.0105499448691473,0.0141205688747874,0.0568380507131148,0.0575287728490709,0.91,0.00311513275491135,0.40034,0.839973333333333,0.13768,618.72,378.68,0.612044913688802,0.143696992164304,100
"fed_ccw_tvipcw","RR",4,-0.7,"medium",1,"unbalanced","homogeneous",3,1500,"50/100/1350","0.033333/0.066667/0.9",0,0.4,-4,0.911107535099929,0.915062595938285,0.897451876190698,0.0136556589092313,0.0176107197475868,0.0717089501349452,0.0726445374023867,0.94,-0.00744047411081942,0.39922,0.840746666666667,0.101406666666667,902.77,663.89,0.735438538219244,0.101184524913118,100
"fed_ccw_tvipcw","RR",6,-0.7,"medium",1,"unbalanced","homogeneous",3,1500,"50/100/1350","0.033333/0.066667/0.9",0,0.4,-4,0.919008077456491,0.930093667606952,0.91515663876999,0.003851438686501,0.0149370288369615,0.0803111966650214,0.0800013937792708,0.84,-0.00151292443829804,0.39976,0.83948,0.12238,739.4,498.62,0.674294179887054,0.123280491071856,100
"fed_ccw_tvipcw","RR",8,-0.7,"medium",1,"unbalanced","homogeneous",3,1500,"50/100/1350","0.033333/0.066667/0.9",0,0.4,-4,0.939002648735753,0.940730996322477,0.927137067734805,0.0118655810009478,0.0135939285876716,0.0576411362435929,0.0585667789285698,0.89,0.000778507190898364,0.40026,0.838873333333333,0.137606666666667,620.07,378.38,0.610223960406362,0.145113728076799,100
"fed_ipw_no_clone","RR",4,-0.7,"medium",1,"balanced","heterogeneous",3,1500,"500/500/500","0.333333/0.333333/0.333333",0,0.4,-4,0.833855416309045,0.841370624260143,0.911828180239853,-0.0779727639308081,-0.0704575559797102,0.156060429338275,0.173755750823401,NA,0.002315964578983,0.400173333333333,0.742,0.13106,880.12,493.12,0.560247751116823,0.0813019441163848,100
"fed_ipw_no_clone","RR",6,-0.7,"medium",1,"balanced","heterogeneous",3,1500,"500/500/500","0.333333/0.333333/0.333333",0,0.4,-4,0.837526603706172,0.830025214266068,0.925532839033584,-0.0880062353274121,-0.095507624767516,0.172100887160139,0.192529544912457,NA,-0.00059719490699706,0.399593333333333,0.741166666666667,0.14808,757.29,369.04,0.487231878389623,0.0865766343154778,100
"fed_ipw_no_clone","RR",8,-0.7,"medium",1,"balanced","heterogeneous",3,1500,"500/500/500","0.333333/0.333333/0.333333",0,0.4,-4,0.763830727608608,0.769783329227677,0.936157415117948,-0.17232668750934,-0.166374085890271,0.14998396843501,0.227962115509531,NA,0.000629512632417107,0.398706666666667,0.740053333333333,0.155306666666667,675.47,285.55,0.422654041814747,0.090056323974659,100
"fed_ipw_no_clone","RR",4,-0.7,"medium",1,"unbalanced","heterogeneous",3,1500,"50/100/1350","0.033333/0.066667/0.9",1.3,0.66,-4,0.953598302244728,0.978472888577329,0.972230708113655,-0.018632405868927,0.00624218046367431,0.0883082233298104,0.0898194045463196,NA,1.30758566210706,0.658913333333333,0.946286666666667,0.253093333333333,470.8,390.23,0.828662324082895,0.197502539541769,100
"fed_ipw_no_clone","RR",6,-0.7,"medium",1,"unbalanced","heterogeneous",3,1500,"50/100/1350","0.033333/0.066667/0.9",1.3,0.66,-4,0.934445544573127,0.963415906818319,0.975759557379665,-0.0413140128065387,-0.012343650561346,0.0966123329410305,0.104630067866385,NA,1.29514130748068,0.66008,0.9454,0.269706666666667,329.44,247.54,0.751241234793407,0.205945915125189,100
"fed_ipw_no_clone","RR",8,-0.7,"medium",1,"unbalanced","heterogeneous",3,1500,"50/100/1350","0.033333/0.066667/0.9",1.3,0.66,-4,0.94826487004622,0.955520746204814,0.976765975107078,-0.0285011050608576,-0.0212452289022633,0.055020297023304,0.0617193141842755,NA,1.3008207448564,0.657966666666667,0.944613333333333,0.27816,251.49,168.41,0.669430456037592,0.205637808900159,100
"fed_ipw_no_clone","RR",4,-0.7,"medium",1,"balanced","homogeneous",3,1500,"500/500/500","0.333333/0.333333/0.333333",0,0.4,-4,0.862136752359989,0.861370834262982,0.897451876190698,-0.0353151238307091,-0.0360810419277162,0.0904686310799056,0.0966948056958369,NA,0.00837865474872389,0.400793333333333,0.846813333333333,0.102986666666667,902.53,672.75,0.745459400814235,0.100894500068961,100
"fed_ipw_no_clone","RR",6,-0.7,"medium",1,"balanced","homogeneous",3,1500,"500/500/500","0.333333/0.333333/0.333333",0,0.4,-4,0.788069040659958,0.802306800988021,0.91515663876999,-0.127087598110032,-0.112849837781969,0.106677388410209,0.165582372671185,NA,0.0039790996438321,0.403026666666667,0.839473333333333,0.123053333333333,740.02,499.23,0.674766652024102,0.126716394636133,100
"fed_ipw_no_clone","RR",8,-0.7,"medium",1,"balanced","homogeneous",3,1500,"500/500/500","0.333333/0.333333/0.333333",0,0.4,-4,0.785821073456822,0.799004956616289,0.927137067734805,-0.141315994277983,-0.128132111118516,0.095647575148223,0.170373660770063,NA,0.00311513275491135,0.40034,0.839973333333333,0.13768,618.72,378.68,0.612044913688802,0.143696992164304,100
"fed_ipw_no_clone","RR",4,-0.7,"medium",1,"unbalanced","homogeneous",3,1500,"50/100/1350","0.033333/0.066667/0.9",0,0.4,-4,0.82815301007965,0.831858510197444,0.897451876190698,-0.0692988661110484,-0.0655933659932545,0.0942856406173399,0.116632830072124,NA,-0.00744047411081942,0.39922,0.840746666666667,0.101406666666667,902.77,663.89,0.735438538219244,0.101184524913118,100
"fed_ipw_no_clone","RR",6,-0.7,"medium",1,"unbalanced","homogeneous",3,1500,"50/100/1350","0.033333/0.066667/0.9",0,0.4,-4,0.793017337892888,0.815758661388857,0.91515663876999,-0.122139300877102,-0.0993979773811327,0.120425994079871,0.171100568872143,NA,-0.00151292443829804,0.39976,0.83948,0.12238,739.4,498.62,0.674294179887054,0.123280491071856,100
"fed_ipw_no_clone","RR",8,-0.7,"medium",1,"unbalanced","homogeneous",3,1500,"50/100/1350","0.033333/0.066667/0.9",0,0.4,-4,0.78068112428549,0.790472971570287,0.927137067734805,-0.146455943449315,-0.136664096164518,0.09785782740375,0.175868519672991,NA,0.000778507190898364,0.40026,0.838873333333333,0.137606666666667,620.07,378.38,0.610223960406362,0.145113728076799,100
"fed_landmark_ipw","RR",4,-0.7,"medium",1,"balanced","heterogeneous",3,1500,"500/500/500","0.333333/0.333333/0.333333",0,0.4,-4,0.819148988152681,0.794209025798432,0.911828180239853,-0.0926791920871724,-0.117619154441421,0.225576431543408,0.242827741102845,NA,0.002315964578983,0.400173333333333,0.742,0.13106,880.12,493.12,0.560247751116823,0.0813019441163848,100
"fed_landmark_ipw","RR",6,-0.7,"medium",1,"balanced","heterogeneous",3,1500,"500/500/500","0.333333/0.333333/0.333333",0,0.4,-4,0.774007607140159,0.787515017826464,0.925532839033584,-0.151525231893425,-0.13801782120712,0.253666475185729,0.294385987654264,NA,-0.00059719490699706,0.399593333333333,0.741166666666667,0.14808,757.29,369.04,0.487231878389623,0.0865766343154778,100
"fed_landmark_ipw","RR",8,-0.7,"medium",1,"balanced","heterogeneous",3,1500,"500/500/500","0.333333/0.333333/0.333333",0,0.4,-4,0.720300709674513,0.707196780824751,0.936157415117948,-0.215856705443435,-0.228960634293197,0.248922972403421,0.328537877592747,NA,0.000629512632417107,0.398706666666667,0.740053333333333,0.155306666666667,675.47,285.55,0.422654041814747,0.090056323974659,100
"fed_landmark_ipw","RR",4,-0.7,"medium",1,"unbalanced","heterogeneous",3,1500,"50/100/1350","0.033333/0.066667/0.9",1.3,0.66,-4,0.947174748811235,0.98153058948197,0.972230708113655,-0.0250559593024198,0.00929988136831494,0.182788499510306,0.183590087679758,NA,1.30758566210706,0.658913333333333,0.946286666666667,0.253093333333333,470.8,390.23,0.828662324082895,0.197502539541769,100
"fed_landmark_ipw","RR",6,-0.7,"medium",1,"unbalanced","heterogeneous",3,1500,"50/100/1350","0.033333/0.066667/0.9",1.3,0.66,-4,0.927426459572924,0.92345051640525,0.975759557379665,-0.0483330978067417,-0.0523090409744152,0.212055932510384,0.216458147620541,NA,1.29514130748068,0.66008,0.9454,0.269706666666667,329.44,247.54,0.751241234793407,0.205945915125189,100
"fed_landmark_ipw","RR",8,-0.7,"medium",1,"unbalanced","heterogeneous",3,1500,"50/100/1350","0.033333/0.066667/0.9",1.3,0.66,-4,0.972514388910346,0.988791887315712,0.976765975107078,-0.00425158619673182,0.0120259122086345,0.222811619574161,0.221735526301665,NA,1.3008207448564,0.657966666666667,0.944613333333333,0.27816,251.49,168.41,0.669430456037592,0.205637808900159,100
"fed_landmark_ipw","RR",4,-0.7,"medium",1,"balanced","homogeneous",3,1500,"500/500/500","0.333333/0.333333/0.333333",0,0.4,-4,0.786595631160277,0.786659185165669,0.897451876190698,-0.110856245030421,-0.110792691025029,0.144360705288434,0.181440679455587,NA,0.00837865474872389,0.400793333333333,0.846813333333333,0.102986666666667,902.53,672.75,0.745459400814235,0.100894500068961,100
"fed_landmark_ipw","RR",6,-0.7,"medium",1,"balanced","homogeneous",3,1500,"500/500/500","0.333333/0.333333/0.333333",0,0.4,-4,0.738327891358037,0.74631718736168,0.91515663876999,-0.176828747411953,-0.168839451408309,0.191898100554814,0.260240346790924,NA,0.0039790996438321,0.403026666666667,0.839473333333333,0.123053333333333,740.02,499.23,0.674766652024102,0.126716394636133,100
"fed_landmark_ipw","RR",8,-0.7,"medium",1,"balanced","homogeneous",3,1500,"500/500/500","0.333333/0.333333/0.333333",0,0.4,-4,0.756315912771718,0.753329497080278,0.927137067734805,-0.170821154963088,-0.173807570654527,0.149410850888002,0.226451392847051,NA,0.00311513275491135,0.40034,0.839973333333333,0.13768,618.72,378.68,0.612044913688802,0.143696992164304,100
"fed_landmark_ipw","RR",4,-0.7,"medium",1,"unbalanced","homogeneous",3,1500,"50/100/1350","0.033333/0.066667/0.9",0,0.4,-4,0.766694790410482,0.76410103931477,0.897451876190698,-0.130757085780216,-0.133350836875928,0.168934571080987,0.212957544818184,NA,-0.00744047411081942,0.39922,0.840746666666667,0.101406666666667,902.77,663.89,0.735438538219244,0.101184524913118,100
"fed_landmark_ipw","RR",6,-0.7,"medium",1,"unbalanced","homogeneous",3,1500,"50/100/1350","0.033333/0.066667/0.9",0,0.4,-4,0.768439359222786,0.776296148306562,0.91515663876999,-0.146717279547204,-0.138860490463428,0.159001855912981,0.215765461554131,NA,-0.00151292443829804,0.39976,0.83948,0.12238,739.4,498.62,0.674294179887054,0.123280491071856,100
"fed_landmark_ipw","RR",8,-0.7,"medium",1,"unbalanced","homogeneous",3,1500,"50/100/1350","0.033333/0.066667/0.9",0,0.4,-4,0.744603152115566,0.744735705245157,0.927137067734805,-0.182533915619239,-0.182401362489648,0.164684202344291,0.24529229092666,NA,0.000778507190898364,0.40026,0.838873333333333,0.137606666666667,620.07,378.38,0.610223960406362,0.145113728076799,100
"fed_perprotocol_naive","RR",4,-0.7,"medium",1,"balanced","heterogeneous",3,1500,"500/500/500","0.333333/0.333333/0.333333",0,0.4,-4,1.31327954958846,1.31301022830751,0.911828180239853,0.401451369348604,0.401182048067655,0.0345179132092261,0.40291782465022,NA,0.002315964578983,0.400173333333333,0.742,0.13106,880.12,493.12,0.560247751116823,0.0813019441163848,100
"fed_perprotocol_naive","RR",6,-0.7,"medium",1,"balanced","heterogeneous",3,1500,"500/500/500","0.333333/0.333333/0.333333",0,0.4,-4,1.30334331506847,1.29828654684219,0.925532839033584,0.37781047603489,0.37275370780861,0.0353002426323022,0.379439589210602,NA,-0.00059719490699706,0.399593333333333,0.741166666666667,0.14808,757.29,369.04,0.487231878389623,0.0865766343154778,100
"fed_perprotocol_naive","RR",8,-0.7,"medium",1,"balanced","heterogeneous",3,1500,"500/500/500","0.333333/0.333333/0.333333",0,0.4,-4,1.27981496285871,1.28183556995568,0.936157415117948,0.343657547740765,0.345678154837733,0.0315085697817396,0.345084587006128,NA,0.000629512632417107,0.398706666666667,0.740053333333333,0.155306666666667,675.47,285.55,0.422654041814747,0.090056323974659,100
"fed_perprotocol_naive","RR",4,-0.7,"medium",1,"unbalanced","heterogeneous",3,1500,"50/100/1350","0.033333/0.066667/0.9",1.3,0.66,-4,1.05859003720456,1.05812867309644,0.972230708113655,0.0863593290909098,0.0858979649827887,0.00948927803411496,0.0868739296605414,NA,1.30758566210706,0.658913333333333,0.946286666666667,0.253093333333333,470.8,390.23,0.828662324082895,0.197502539541769,100
"fed_perprotocol_naive","RR",6,-0.7,"medium",1,"unbalanced","heterogeneous",3,1500,"50/100/1350","0.033333/0.066667/0.9",1.3,0.66,-4,1.05469000447638,1.05551085601563,0.975759557379665,0.0789304470967101,0.0797512986359671,0.00997616887888501,0.0795521475821463,NA,1.29514130748068,0.66008,0.9454,0.269706666666667,329.44,247.54,0.751241234793407,0.205945915125189,100
"fed_perprotocol_naive","RR",8,-0.7,"medium",1,"unbalanced","heterogeneous",3,1500,"50/100/1350","0.033333/0.066667/0.9",1.3,0.66,-4,1.05104518575124,1.05158531807491,0.976765975107078,0.0742792106441581,0.0748193429678361,0.0111017266481861,0.0750960517280672,NA,1.3008207448564,0.657966666666667,0.944613333333333,0.27816,251.49,168.41,0.669430456037592,0.205637808900159,100
"fed_perprotocol_naive","RR",4,-0.7,"medium",1,"balanced","homogeneous",3,1500,"500/500/500","0.333333/0.333333/0.333333",0,0.4,-4,1.07313412162123,1.07064848396381,0.897451876190698,0.175682245430535,0.173196607773116,0.0304463519700461,0.1782749615182,NA,0.00837865474872389,0.400793333333333,0.846813333333333,0.102986666666667,902.53,672.75,0.745459400814235,0.100894500068961,100
"fed_perprotocol_naive","RR",6,-0.7,"medium",1,"balanced","homogeneous",3,1500,"500/500/500","0.333333/0.333333/0.333333",0,0.4,-4,1.0647434994878,1.0648192899757,0.91515663876999,0.149586860717807,0.149662651205711,0.0286355593201193,0.15227614456772,NA,0.0039790996438321,0.403026666666667,0.839473333333333,0.123053333333333,740.02,499.23,0.674766652024102,0.126716394636133,100
"fed_perprotocol_naive","RR",8,-0.7,"medium",1,"balanced","homogeneous",3,1500,"500/500/500","0.333333/0.333333/0.333333",0,0.4,-4,1.04324414799403,1.04468032789481,0.927137067734805,0.116107080259224,0.117543260160003,0.0328871283592923,0.12063001975431,NA,0.00311513275491135,0.40034,0.839973333333333,0.13768,618.72,378.68,0.612044913688802,0.143696992164304,100
"fed_perprotocol_naive","RR",4,-0.7,"medium",1,"unbalanced","homogeneous",3,1500,"50/100/1350","0.033333/0.066667/0.9",0,0.4,-4,1.0753993925228,1.07597465642023,0.897451876190698,0.177947516332103,0.178522780229529,0.029615215983327,0.180370754215659,NA,-0.00744047411081942,0.39922,0.840746666666667,0.101406666666667,902.77,663.89,0.735438538219244,0.101184524913118,100
"fed_perprotocol_naive","RR",6,-0.7,"medium",1,"unbalanced","homogeneous",3,1500,"50/100/1350","0.033333/0.066667/0.9",0,0.4,-4,1.06311420762912,1.06228007071696,0.91515663876999,0.147957568859125,0.147123431946975,0.0290685997984876,0.150758004238598,NA,-0.00151292443829804,0.39976,0.83948,0.12238,739.4,498.62,0.674294179887054,0.123280491071856,100
"fed_perprotocol_naive","RR",8,-0.7,"medium",1,"unbalanced","homogeneous",3,1500,"50/100/1350","0.033333/0.066667/0.9",0,0.4,-4,1.04152960110175,1.03909833226997,0.927137067734805,0.114392533366943,0.111961264535162,0.0331289877390999,0.119047075648411,NA,0.000778507190898364,0.40026,0.838873333333333,0.137606666666667,620.07,378.38,0.610223960406362,0.145113728076799,100
"local_ccw_meta","RR",4,-0.7,"medium",1,"balanced","heterogeneous",3,1500,"500/500/500","0.333333/0.333333/0.333333",0,0.4,-4,0.916868839707099,0.907330311713333,0.911828180239853,0.00504065946724575,-0.00449786852652051,0.0899540736061557,0.0896450012695799,NA,0.002315964578983,0.400173333333333,0.742,0.13106,880.12,493.12,0.560247751116823,0.0813019441163848,100
"local_ccw_meta","RR",6,-0.7,"medium",1,"balanced","heterogeneous",3,1500,"500/500/500","0.333333/0.333333/0.333333",0,0.4,-4,0.958345534509804,0.940679811260823,0.925532839033584,0.0328126954762196,0.0151469722272389,0.106687025216671,0.111107934552407,NA,-0.00059719490699706,0.399593333333333,0.741166666666667,0.14808,757.29,369.04,0.487231878389623,0.0865766343154778,100
"local_ccw_meta","RR",8,-0.7,"medium",1,"balanced","heterogeneous",3,1500,"500/500/500","0.333333/0.333333/0.333333",0,0.4,-4,0.932360533414366,0.918019725644409,0.936157415117948,-0.00379688170358161,-0.0181376894735388,0.0826248662852181,0.0822983362774404,NA,0.000629512632417107,0.398706666666667,0.740053333333333,0.155306666666667,675.47,285.55,0.422654041814747,0.090056323974659,100
"local_ccw_meta","RR",4,-0.7,"medium",1,"unbalanced","heterogeneous",3,1500,"50/100/1350","0.033333/0.066667/0.9",1.3,0.66,-4,0.982222904010132,0.988553917476537,0.972230708113655,0.00999219589647668,0.0163232093628824,0.0398554486814626,0.0408951855422892,NA,1.30758566210706,0.658913333333333,0.946286666666667,0.253093333333333,470.8,390.23,0.828662324082895,0.197502539541769,100
"local_ccw_meta","RR",6,-0.7,"medium",1,"unbalanced","heterogeneous",3,1500,"50/100/1350","0.033333/0.066667/0.9",1.3,0.66,-4,0.980261858886256,0.98570372640647,0.975759557379665,0.00450230150659022,0.00994416902680478,0.0383270895320908,0.0383998288139041,NA,1.29514130748068,0.66008,0.9454,0.269706666666667,329.44,247.54,0.751241234793407,0.205945915125189,100
"local_ccw_meta","RR",8,-0.7,"medium",1,"unbalanced","heterogeneous",3,1500,"50/100/1350","0.033333/0.066667/0.9",1.3,0.66,-4,0.987869354204238,0.989168405746343,0.976765975107078,0.0111033790971608,0.0124024306392652,0.0294923266256728,0.031374900539646,NA,1.3008207448564,0.657966666666667,0.944613333333333,0.27816,251.49,168.41,0.669430456037592,0.205637808900159,100
"local_ccw_meta","RR",4,-0.7,"medium",1,"balanced","homogeneous",3,1500,"500/500/500","0.333333/0.333333/0.333333",0,0.4,-4,0.940257982077354,0.943559085203393,0.897451876190698,0.0428061058866555,0.0461072090126947,0.0649862516872882,0.0775457508859093,NA,0.00837865474872389,0.400793333333333,0.846813333333333,0.102986666666667,902.53,672.75,0.745459400814235,0.100894500068961,100
"local_ccw_meta","RR",6,-0.7,"medium",1,"balanced","homogeneous",3,1500,"500/500/500","0.333333/0.333333/0.333333",0,0.4,-4,0.928043345001728,0.929908833550556,0.91515663876999,0.0128867062317382,0.0147521947805657,0.0616206226459003,0.0626513952072807,NA,0.0039790996438321,0.403026666666667,0.839473333333333,0.123053333333333,740.02,499.23,0.674766652024102,0.126716394636133,100
"local_ccw_meta","RR",8,-0.7,"medium",1,"balanced","homogeneous",3,1500,"500/500/500","0.333333/0.333333/0.333333",0,0.4,-4,0.945065282299563,0.948396509102557,0.927137067734805,0.0179282145647577,0.0212594413677518,0.0519908153351541,0.0547488384160061,NA,0.00311513275491135,0.40034,0.839973333333333,0.13768,618.72,378.68,0.612044913688802,0.143696992164304,100
"local_ccw_meta","RR",4,-0.7,"medium",1,"unbalanced","homogeneous",3,1500,"50/100/1350","0.033333/0.066667/0.9",0,0.4,-4,0.917157605145282,0.919342377424619,0.897451876190698,0.0197057289545839,0.0218905012339212,0.0680957790799861,0.0705618914914892,NA,-0.00744047411081942,0.39922,0.840746666666667,0.101406666666667,902.77,663.89,0.735438538219244,0.101184524913118,100
"local_ccw_meta","RR",6,-0.7,"medium",1,"unbalanced","homogeneous",3,1500,"50/100/1350","0.033333/0.066667/0.9",0,0.4,-4,0.927953253795424,0.938845195336039,0.91515663876999,0.0127966150254342,0.0236885565660491,0.0748999507158669,0.0756151833111318,NA,-0.00151292443829804,0.39976,0.83948,0.12238,739.4,498.62,0.674294179887054,0.123280491071856,100
"local_ccw_meta","RR",8,-0.7,"medium",1,"unbalanced","homogeneous",3,1500,"50/100/1350","0.033333/0.066667/0.9",0,0.4,-4,0.942914274502423,0.946809441121172,0.927137067734805,0.0157772067676174,0.0196723733863665,0.0562774888968745,0.0581756345247786,NA,0.000778507190898364,0.40026,0.838873333333333,0.137606666666667,620.07,378.38,0.610223960406362,0.145113728076799,100
"pooled_ccw_tvipcw","RR",4,-0.7,"medium",1,"balanced","heterogeneous",3,1500,"500/500/500","0.333333/0.333333/0.333333",0,0.4,-4,0.927276782987433,0.937820446700804,0.911828180239853,0.0154486027475798,0.0259922664609513,0.122677369010597,0.123036168769761,0.87,0.002315964578983,0.400173333333333,0.742,0.13106,880.12,493.12,0.560247751116823,0.0813019441163848,100
"pooled_ccw_tvipcw","RR",6,-0.7,"medium",1,"balanced","heterogeneous",3,1500,"500/500/500","0.333333/0.333333/0.333333",0,0.4,-4,0.96702001458085,0.960838094623591,0.925532839033584,0.0414871755472656,0.0353052555900073,0.107000346741696,0.114261844881414,0.81,-0.00059719490699706,0.399593333333333,0.741166666666667,0.14808,757.29,369.04,0.487231878389623,0.0865766343154778,100
"pooled_ccw_tvipcw","RR",8,-0.7,"medium",1,"balanced","heterogeneous",3,1500,"500/500/500","0.333333/0.333333/0.333333",0,0.4,-4,0.945591127835302,0.949300164320731,0.936157415117948,0.00943371271735385,0.0131427492027834,0.0785491011998808,0.0787226563445974,0.92,0.000629512632417107,0.398706666666667,0.740053333333333,0.155306666666667,675.47,285.55,0.422654041814747,0.090056323974659,100
"pooled_ccw_tvipcw","RR",4,-0.7,"medium",1,"unbalanced","heterogeneous",3,1500,"50/100/1350","0.033333/0.066667/0.9",1.3,0.66,-4,0.983777190128404,0.994196441169674,0.972230708113655,0.0115464820147495,0.0219657330560188,0.0480661665130728,0.0491993297367632,0.68,1.30758566210706,0.658913333333333,0.946286666666667,0.253093333333333,470.8,390.23,0.828662324082895,0.197502539541769,100
"pooled_ccw_tvipcw","RR",6,-0.7,"medium",1,"unbalanced","heterogeneous",3,1500,"50/100/1350","0.033333/0.066667/0.9",1.3,0.66,-4,0.98144915737847,0.995181127869543,0.975759557379665,0.00568959999880424,0.0194215704898781,0.0467538672967084,0.0468661542509371,0.75,1.29514130748068,0.66008,0.9454,0.269706666666667,329.44,247.54,0.751241234793407,0.205945915125189,100
"pooled_ccw_tvipcw","RR",8,-0.7,"medium",1,"unbalanced","heterogeneous",3,1500,"50/100/1350","0.033333/0.066667/0.9",1.3,0.66,-4,0.98850899710673,0.996826451937863,0.976765975107078,0.0117430219996526,0.0200604768307852,0.0392292086389069,0.0407607662834602,0.72,1.3008207448564,0.657966666666667,0.944613333333333,0.27816,251.49,168.41,0.669430456037592,0.205637808900159,100
"pooled_ccw_tvipcw","RR",4,-0.7,"medium",1,"balanced","homogeneous",3,1500,"500/500/500","0.333333/0.333333/0.333333",0,0.4,-4,0.927987024185413,0.930904639645734,0.897451876190698,0.0305351479947146,0.0334527634550355,0.06361565795214,0.0702771490626645,0.9,0.00837865474872389,0.400793333333333,0.846813333333333,0.102986666666667,902.53,672.75,0.745459400814235,0.100894500068961,100
"pooled_ccw_tvipcw","RR",6,-0.7,"medium",1,"balanced","homogeneous",3,1500,"500/500/500","0.333333/0.333333/0.333333",0,0.4,-4,0.918504376850072,0.919467961832705,0.91515663876999,0.00334773808008219,0.0043113230627147,0.0671624900086946,0.0669096361802928,0.92,0.0039790996438321,0.403026666666667,0.839473333333333,0.123053333333333,740.02,499.23,0.674766652024102,0.126716394636133,100
"pooled_ccw_tvipcw","RR",8,-0.7,"medium",1,"balanced","homogeneous",3,1500,"500/500/500","0.333333/0.333333/0.333333",0,0.4,-4,0.93418100078681,0.935581272550701,0.927137067734805,0.00704393305200445,0.00844420481589625,0.0551653805262619,0.0553389917631531,0.91,0.00311513275491135,0.40034,0.839973333333333,0.13768,618.72,378.68,0.612044913688802,0.143696992164304,100
"pooled_ccw_tvipcw","RR",4,-0.7,"medium",1,"unbalanced","homogeneous",3,1500,"50/100/1350","0.033333/0.066667/0.9",0,0.4,-4,0.909146098174961,0.904588466413594,0.897451876190698,0.0116942219842633,0.00713659022289631,0.0712180294816514,0.0718195131829373,0.93,-0.00744047411081942,0.39922,0.840746666666667,0.101406666666667,902.77,663.89,0.735438538219244,0.101184524913118,100
"pooled_ccw_tvipcw","RR",6,-0.7,"medium",1,"unbalanced","homogeneous",3,1500,"50/100/1350","0.033333/0.066667/0.9",0,0.4,-4,0.920489832500685,0.93345184988896,0.91515663876999,0.00533319373069498,0.0182952111189696,0.0770478908454299,0.0768469691286593,0.87,-0.00151292443829804,0.39976,0.83948,0.12238,739.4,498.62,0.674294179887054,0.123280491071856,100
"pooled_ccw_tvipcw","RR",8,-0.7,"medium",1,"unbalanced","homogeneous",3,1500,"50/100/1350","0.033333/0.066667/0.9",0,0.4,-4,0.937261936072241,0.937757274094874,0.927137067734805,0.0101248683374358,0.0106202063600691,0.0569428160429767,0.0575549512619519,0.89,0.000778507190898364,0.40026,0.838873333333333,0.137606666666667,620.07,378.38,0.610223960406362,0.145113728076799,100
"fed_ccw_tvipcw","psi0",4,-0.7,"medium",1,"balanced","heterogeneous",3,1500,"500/500/500","0.333333/0.333333/0.333333",0,0.4,-4,0.74614861726861,0.746809671193934,0.747106590125134,-0.000957972856524401,-0.000296918931199597,0.00991132195630617,0.00990806095490831,NA,0.002315964578983,0.400173333333333,0.742,0.13106,880.12,493.12,0.560247751116823,0.0813019441163848,100
"fed_ccw_tvipcw","psi0",6,-0.7,"medium",1,"balanced","heterogeneous",3,1500,"500/500/500","0.333333/0.333333/0.333333",0,0.4,-4,0.746375226716412,0.748029144426641,0.747313129021317,-0.000937902304905547,0.000716015405323955,0.00933859243715678,0.00933899760969001,NA,-0.00059719490699706,0.399593333333333,0.741166666666667,0.14808,757.29,369.04,0.487231878389623,0.0865766343154778,100
"fed_ccw_tvipcw","psi0",8,-0.7,"medium",1,"balanced","heterogeneous",3,1500,"500/500/500","0.333333/0.333333/0.333333",0,0.4,-4,0.746090691304049,0.747552817514222,0.746839218522835,-0.000748527218786021,0.000713598991386677,0.00897874411154156,0.00896504101271157,NA,0.000629512632417107,0.398706666666667,0.740053333333333,0.155306666666667,675.47,285.55,0.422654041814747,0.090056323974659,100
"fed_ccw_tvipcw","psi0",4,-0.7,"medium",1,"unbalanced","heterogeneous",3,1500,"50/100/1350","0.033333/0.066667/0.9",1.3,0.66,-4,0.948426264545224,0.949023162129568,0.948402249772568,2.40147726559502e-05,0.000620912357000292,0.00507236863196461,0.00504700019937179,NA,1.30758566210706,0.658913333333333,0.946286666666667,0.253093333333333,470.8,390.23,0.828662324082895,0.197502539541769,100
"fed_ccw_tvipcw","psi0",6,-0.7,"medium",1,"unbalanced","heterogeneous",3,1500,"50/100/1350","0.033333/0.066667/0.9",1.3,0.66,-4,0.943707792866567,0.948086312426526,0.948389180878652,-0.00468138801208519,-0.000302868452125848,0.0429424335610121,0.0429828741228435,NA,1.29514130748068,0.66008,0.9454,0.269706666666667,329.44,247.54,0.751241234793407,0.205945915125189,100
"fed_ccw_tvipcw","psi0",8,-0.7,"medium",1,"unbalanced","heterogeneous",3,1500,"50/100/1350","0.033333/0.066667/0.9",1.3,0.66,-4,0.947844615528058,0.947681231238912,0.948268261399256,-0.000423645871198372,-0.000587030160343671,0.00595282600031053,0.00593811854380298,NA,1.3008207448564,0.657966666666667,0.944613333333333,0.27816,251.49,168.41,0.669430456037592,0.205637808900159,100
"fed_ccw_tvipcw","psi0",4,-0.7,"medium",1,"balanced","homogeneous",3,1500,"500/500/500","0.333333/0.333333/0.333333",0,0.4,-4,0.85255114617615,0.85279182398184,0.848766107036038,0.00378503914011199,0.00402571694580112,0.0109896775632709,0.0115711626082859,NA,0.00837865474872389,0.400793333333333,0.846813333333333,0.102986666666667,902.53,672.75,0.745459400814235,0.100894500068961,100
"fed_ccw_tvipcw","psi0",6,-0.7,"medium",1,"balanced","homogeneous",3,1500,"500/500/500","0.333333/0.333333/0.333333",0,0.4,-4,0.846937097268189,0.84726951078757,0.84890062222823,-0.00196352496004034,-0.00163111144065931,0.0101465637932063,0.0102848752792735,NA,0.0039790996438321,0.403026666666667,0.839473333333333,0.123053333333333,740.02,499.23,0.674766652024102,0.126716394636133,100
"fed_ccw_tvipcw","psi0",8,-0.7,"medium",1,"balanced","homogeneous",3,1500,"500/500/500","0.333333/0.333333/0.333333",0,0.4,-4,0.849638473104874,0.849009077990224,0.84895020293526,0.000688270169614351,5.88750549643247e-05,0.00918988362093146,0.00916968577340481,NA,0.00311513275491135,0.40034,0.839973333333333,0.13768,618.72,378.68,0.612044913688802,0.143696992164304,100
"fed_ccw_tvipcw","psi0",4,-0.7,"medium",1,"unbalanced","homogeneous",3,1500,"50/100/1350","0.033333/0.066667/0.9",0,0.4,-4,0.846657108938159,0.846446132600351,0.848766107036038,-0.00210899809787917,-0.00231997443568732,0.0106946813143709,0.0108480560151878,NA,-0.00744047411081942,0.39922,0.840746666666667,0.101406666666667,902.77,663.89,0.735438538219244,0.101184524913118,100
"fed_ccw_tvipcw","psi0",6,-0.7,"medium",1,"unbalanced","homogeneous",3,1500,"50/100/1350","0.033333/0.066667/0.9",0,0.4,-4,0.848951684718643,0.848162354784118,0.84890062222823,5.10624904133752e-05,-0.000738267444112151,0.0177358855339634,0.0176470571681241,NA,-0.00151292443829804,0.39976,0.83948,0.12238,739.4,498.62,0.674294179887054,0.123280491071856,100
"fed_ccw_tvipcw","psi0",8,-0.7,"medium",1,"unbalanced","homogeneous",3,1500,"50/100/1350","0.033333/0.066667/0.9",0,0.4,-4,0.849015229019457,0.849702001322578,0.84895020293526,6.50260841977742e-05,0.000751798387318259,0.00916181962803697,0.00911612735208009,NA,0.000778507190898364,0.40026,0.838873333333333,0.137606666666667,620.07,378.38,0.610223960406362,0.145113728076799,100
"fed_ipw_no_clone","psi0",4,-0.7,"medium",1,"balanced","heterogeneous",3,1500,"500/500/500","0.333333/0.333333/0.333333",0,0.4,-4,0.753354566295425,0.753840941182121,0.747106590125134,0.0062479761702913,0.00673435105698655,0.00992530476969617,0.0116860499848395,NA,0.002315964578983,0.400173333333333,0.742,0.13106,880.12,493.12,0.560247751116823,0.0813019441163848,100
"fed_ipw_no_clone","psi0",6,-0.7,"medium",1,"balanced","heterogeneous",3,1500,"500/500/500","0.333333/0.333333/0.333333",0,0.4,-4,0.757621152898498,0.759239620987437,0.747313129021317,0.0103080238771808,0.0119264919661194,0.00903982709634302,0.013680520656941,NA,-0.00059719490699706,0.399593333333333,0.741166666666667,0.14808,757.29,369.04,0.487231878389623,0.0865766343154778,100
"fed_ipw_no_clone","psi0",8,-0.7,"medium",1,"balanced","heterogeneous",3,1500,"500/500/500","0.333333/0.333333/0.333333",0,0.4,-4,0.760430551341973,0.761009387816511,0.746839218522835,0.0135913328191379,0.0141701692936758,0.00892144351448572,0.0162333163783286,NA,0.000629512632417107,0.398706666666667,0.740053333333333,0.155306666666667,675.47,285.55,0.422654041814747,0.090056323974659,100
"fed_ipw_no_clone","psi0",4,-0.7,"medium",1,"unbalanced","heterogeneous",3,1500,"50/100/1350","0.033333/0.066667/0.9",1.3,0.66,-4,0.955164879760639,0.955220633796923,0.948402249772568,0.0067626299880711,0.00681838402435536,0.00447882170464917,0.0080989141111,NA,1.30758566210706,0.658913333333333,0.946286666666667,0.253093333333333,470.8,390.23,0.828662324082895,0.197502539541769,100
"fed_ipw_no_clone","psi0",6,-0.7,"medium",1,"unbalanced","heterogeneous",3,1500,"50/100/1350","0.033333/0.066667/0.9",1.3,0.66,-4,0.954262221616745,0.958246528703042,0.948389180878652,0.00587304073809307,0.00985734782439007,0.0376979373242955,0.0379659813679661,NA,1.29514130748068,0.66008,0.9454,0.269706666666667,329.44,247.54,0.751241234793407,0.205945915125189,100
"fed_ipw_no_clone","psi0",8,-0.7,"medium",1,"unbalanced","heterogeneous",3,1500,"50/100/1350","0.033333/0.066667/0.9",1.3,0.66,-4,0.959928336898139,0.95950977989357,0.948268261399256,0.0116600754988829,0.0112415184943143,0.00482730244902783,0.0126105979669759,NA,1.3008207448564,0.657966666666667,0.944613333333333,0.27816,251.49,168.41,0.669430456037592,0.205637808900159,100
"fed_ipw_no_clone","psi0",4,-0.7,"medium",1,"balanced","homogeneous",3,1500,"500/500/500","0.333333/0.333333/0.333333",0,0.4,-4,0.855770578195658,0.856133567238941,0.848766107036038,0.00700447115961929,0.00736746020290291,0.01089182284508,0.0129038018841603,NA,0.00837865474872389,0.400793333333333,0.846813333333333,0.102986666666667,902.53,672.75,0.745459400814235,0.100894500068961,100
"fed_ipw_no_clone","psi0",6,-0.7,"medium",1,"balanced","homogeneous",3,1500,"500/500/500","0.333333/0.333333/0.333333",0,0.4,-4,0.853704283212793,0.853725303946371,0.84890062222823,0.00480366098456326,0.0048246817181416,0.00999061754225378,0.0110403565767347,NA,0.0039790996438321,0.403026666666667,0.839473333333333,0.123053333333333,740.02,499.23,0.674766652024102,0.126716394636133,100
"fed_ipw_no_clone","psi0",8,-0.7,"medium",1,"balanced","homogeneous",3,1500,"500/500/500","0.333333/0.333333/0.333333",0,0.4,-4,0.859498907062955,0.85915459138108,0.84895020293526,0.0105487041276958,0.0102043884458201,0.00899350081045528,0.0138329094926935,NA,0.00311513275491135,0.40034,0.839973333333333,0.13768,618.72,378.68,0.612044913688802,0.143696992164304,100
"fed_ipw_no_clone","psi0",4,-0.7,"medium",1,"unbalanced","homogeneous",3,1500,"50/100/1350","0.033333/0.066667/0.9",0,0.4,-4,0.850116418434232,0.849740865218535,0.848766107036038,0.00135031139819365,0.000974758182496094,0.0105110383490104,0.0105451623398938,NA,-0.00744047411081942,0.39922,0.840746666666667,0.101406666666667,902.77,663.89,0.735438538219244,0.101184524913118,100
"fed_ipw_no_clone","psi0",6,-0.7,"medium",1,"unbalanced","homogeneous",3,1500,"50/100/1350","0.033333/0.066667/0.9",0,0.4,-4,0.855450304765748,0.854498099312243,0.84890062222823,0.00654968253751847,0.00559747708401354,0.0170789576915914,0.0182118705578293,NA,-0.00151292443829804,0.39976,0.83948,0.12238,739.4,498.62,0.674294179887054,0.123280491071856,100
"fed_ipw_no_clone","psi0",8,-0.7,"medium",1,"unbalanced","homogeneous",3,1500,"50/100/1350","0.033333/0.066667/0.9",0,0.4,-4,0.858786124149766,0.859037146440028,0.84895020293526,0.00983592121450631,0.0100869435047689,0.00873899042875879,0.0131282748415309,NA,0.000778507190898364,0.40026,0.838873333333333,0.137606666666667,620.07,378.38,0.610223960406362,0.145113728076799,100
"fed_landmark_ipw","psi0",4,-0.7,"medium",1,"balanced","heterogeneous",3,1500,"500/500/500","0.333333/0.333333/0.333333",0,0.4,-4,0.56523402930028,0.564026717141029,0.747106590125134,-0.181872560824854,-0.183079872984105,0.0148129100169239,0.182468782154998,NA,0.002315964578983,0.400173333333333,0.742,0.13106,880.12,493.12,0.560247751116823,0.0813019441163848,100
"fed_landmark_ipw","psi0",6,-0.7,"medium",1,"balanced","heterogeneous",3,1500,"500/500/500","0.333333/0.333333/0.333333",0,0.4,-4,0.494429085924454,0.496878547278595,0.747313129021317,-0.252884043096864,-0.250434581742723,0.0176887751562809,0.253495765431852,NA,-0.00059719490699706,0.399593333333333,0.741166666666667,0.14808,757.29,369.04,0.487231878389623,0.0865766343154778,100
"fed_landmark_ipw","psi0",8,-0.7,"medium",1,"balanced","heterogeneous",3,1500,"500/500/500","0.333333/0.333333/0.333333",0,0.4,-4,0.433291547400848,0.432899002393625,0.746839218522835,-0.313547671121987,-0.31394021612921,0.0168153996337248,0.313993745406203,NA,0.000629512632417107,0.398706666666667,0.740053333333333,0.155306666666667,675.47,285.55,0.422654041814747,0.090056323974659,100
"fed_landmark_ipw","psi0",4,-0.7,"medium",1,"unbalanced","heterogeneous",3,1500,"50/100/1350","0.033333/0.066667/0.9",1.3,0.66,-4,0.833788944655962,0.835421933625067,0.948402249772568,-0.114613305116606,-0.1129803161475,0.015616175949798,0.115661730972411,NA,1.30758566210706,0.658913333333333,0.946286666666667,0.253093333333333,470.8,390.23,0.828662324082895,0.197502539541769,100
"fed_landmark_ipw","psi0",6,-0.7,"medium",1,"unbalanced","heterogeneous",3,1500,"50/100/1350","0.033333/0.066667/0.9",1.3,0.66,-4,0.760351988713305,0.75972437865699,0.948389180878652,-0.188037192165347,-0.188664802221662,0.0227553710153018,0.1893953919143,NA,1.29514130748068,0.66008,0.9454,0.269706666666667,329.44,247.54,0.751241234793407,0.205945915125189,100
"fed_landmark_ipw","psi0",8,-0.7,"medium",1,"unbalanced","heterogeneous",3,1500,"50/100/1350","0.033333/0.066667/0.9",1.3,0.66,-4,0.685186837704718,0.686192717386574,0.948268261399256,-0.263081423694538,-0.262075544012682,0.0327861773542494,0.265096245888912,NA,1.3008207448564,0.657966666666667,0.944613333333333,0.27816,251.49,168.41,0.669430456037592,0.205637808900159,100
"fed_landmark_ipw","psi0",4,-0.7,"medium",1,"balanced","homogeneous",3,1500,"500/500/500","0.333333/0.333333/0.333333",0,0.4,-4,0.753718539599192,0.753468180180811,0.848766107036038,-0.0950475674368464,-0.0952979268552278,0.0161995847447176,0.0964045764271808,NA,0.00837865474872389,0.400793333333333,0.846813333333333,0.102986666666667,902.53,672.75,0.745459400814235,0.100894500068961,100
"fed_landmark_ipw","psi0",6,-0.7,"medium",1,"balanced","homogeneous",3,1500,"500/500/500","0.333333/0.333333/0.333333",0,0.4,-4,0.687642651300966,0.687586707652017,0.84890062222823,-0.161257970927263,-0.161313914576212,0.0158827487405419,0.162030467129049,NA,0.0039790996438321,0.403026666666667,0.839473333333333,0.123053333333333,740.02,499.23,0.674766652024102,0.126716394636133,100
"fed_landmark_ipw","psi0",8,-0.7,"medium",1,"balanced","homogeneous",3,1500,"500/500/500","0.333333/0.333333/0.333333",0,0.4,-4,0.630306009459576,0.629393097478037,0.84895020293526,-0.218644193475683,-0.219557105457223,0.0202760484241259,0.219572972605766,NA,0.00311513275491135,0.40034,0.839973333333333,0.13768,618.72,378.68,0.612044913688802,0.143696992164304,100
"fed_landmark_ipw","psi0",4,-0.7,"medium",1,"unbalanced","homogeneous",3,1500,"50/100/1350","0.033333/0.066667/0.9",0,0.4,-4,0.743689638943857,0.744956633218385,0.848766107036038,-0.105076468092182,-0.103809473817653,0.0161816920577491,0.106302835488996,NA,-0.00744047411081942,0.39922,0.840746666666667,0.101406666666667,902.77,663.89,0.735438538219244,0.101184524913118,100
"fed_landmark_ipw","psi0",6,-0.7,"medium",1,"unbalanced","homogeneous",3,1500,"50/100/1350","0.033333/0.066667/0.9",0,0.4,-4,0.68679615541703,0.690207664253743,0.84890062222823,-0.162104466811199,-0.158692957974487,0.0180396198988267,0.163095161692113,NA,-0.00151292443829804,0.39976,0.83948,0.12238,739.4,498.62,0.674294179887054,0.123280491071856,100
"fed_landmark_ipw","psi0",8,-0.7,"medium",1,"unbalanced","homogeneous",3,1500,"50/100/1350","0.033333/0.066667/0.9",0,0.4,-4,0.628748210063317,0.630471484319657,0.84895020293526,-0.220201992871943,-0.218478718615602,0.0189128621496834,0.221004608675749,NA,0.000778507190898364,0.40026,0.838873333333333,0.137606666666667,620.07,378.38,0.610223960406362,0.145113728076799,100
"fed_perprotocol_naive","psi0",4,-0.7,"medium",1,"balanced","heterogeneous",3,1500,"500/500/500","0.333333/0.333333/0.333333",0,0.4,-4,0.712759374710834,0.711644417071709,0.747106590125134,-0.0343472154142999,-0.0354621730534251,0.0100345092739751,0.0357689204383096,NA,0.002315964578983,0.400173333333333,0.742,0.13106,880.12,493.12,0.560247751116823,0.0813019441163848,100
"fed_perprotocol_naive","psi0",6,-0.7,"medium",1,"balanced","heterogeneous",3,1500,"500/500/500","0.333333/0.333333/0.333333",0,0.4,-4,0.709303580240241,0.71013540200943,0.747313129021317,-0.0380095487810765,-0.0371777270118873,0.0107037617458466,0.039473416483727,NA,-0.00059719490699706,0.399593333333333,0.741166666666667,0.14808,757.29,369.04,0.487231878389623,0.0865766343154778,100
"fed_perprotocol_naive","psi0",8,-0.7,"medium",1,"balanced","heterogeneous",3,1500,"500/500/500","0.333333/0.333333/0.333333",0,0.4,-4,0.709245255776729,0.709613983705302,0.746839218522835,-0.0375939627461061,-0.0372252348175333,0.0102665883522667,0.0389570897653631,NA,0.000629512632417107,0.398706666666667,0.740053333333333,0.155306666666667,675.47,285.55,0.422654041814747,0.090056323974659,100
"fed_perprotocol_naive","psi0",4,-0.7,"medium",1,"unbalanced","heterogeneous",3,1500,"50/100/1350","0.033333/0.066667/0.9",1.3,0.66,-4,0.932462608936296,0.933040327508154,0.948402249772568,-0.015939640836272,-0.015361922264414,0.00610884172543884,0.0170592179698704,NA,1.30758566210706,0.658913333333333,0.946286666666667,0.253093333333333,470.8,390.23,0.828662324082895,0.197502539541769,100
"fed_perprotocol_naive","psi0",6,-0.7,"medium",1,"unbalanced","heterogeneous",3,1500,"50/100/1350","0.033333/0.066667/0.9",1.3,0.66,-4,0.931659398500161,0.931839717404406,0.948389180878652,-0.0167297823784905,-0.0165494634742456,0.00646195571565614,0.017922748711792,NA,1.29514130748068,0.66008,0.9454,0.269706666666667,329.44,247.54,0.751241234793407,0.205945915125189,100
"fed_perprotocol_naive","psi0",8,-0.7,"medium",1,"unbalanced","heterogeneous",3,1500,"50/100/1350","0.033333/0.066667/0.9",1.3,0.66,-4,0.931405662661891,0.930939620081411,0.948268261399256,-0.0168625987373645,-0.0173286413178448,0.00698977080831893,0.0182404924048301,NA,1.3008207448564,0.657966666666667,0.944613333333333,0.27816,251.49,168.41,0.669430456037592,0.205637808900159,100
"fed_perprotocol_naive","psi0",4,-0.7,"medium",1,"balanced","homogeneous",3,1500,"500/500/500","0.333333/0.333333/0.333333",0,0.4,-4,0.840527197761831,0.841482230962373,0.848766107036038,-0.00823890927420721,-0.00728387607366582,0.0115826623850529,0.0141667255664629,NA,0.00837865474872389,0.400793333333333,0.846813333333333,0.102986666666667,902.53,672.75,0.745459400814235,0.100894500068961,100
"fed_perprotocol_naive","psi0",6,-0.7,"medium",1,"balanced","homogeneous",3,1500,"500/500/500","0.333333/0.333333/0.333333",0,0.4,-4,0.832812169523,0.833269574088243,0.84890062222823,-0.0160884527052302,-0.0156310481399869,0.0105223070379051,0.0191950531750859,NA,0.0039790996438321,0.403026666666667,0.839473333333333,0.123053333333333,740.02,499.23,0.674766652024102,0.126716394636133,100
"fed_perprotocol_naive","psi0",8,-0.7,"medium",1,"balanced","homogeneous",3,1500,"500/500/500","0.333333/0.333333/0.333333",0,0.4,-4,0.835019819379632,0.834606904962942,0.84895020293526,-0.0139303835556277,-0.0143432979723174,0.0102466860196337,0.0172626827187436,NA,0.00311513275491135,0.40034,0.839973333333333,0.13768,618.72,378.68,0.612044913688802,0.143696992164304,100
"fed_perprotocol_naive","psi0",4,-0.7,"medium",1,"unbalanced","homogeneous",3,1500,"50/100/1350","0.033333/0.066667/0.9",0,0.4,-4,0.834388046238652,0.834315079523882,0.848766107036038,-0.0143780607973866,-0.0144510275121568,0.0114654830580156,0.0183540557106448,NA,-0.00744047411081942,0.39922,0.840746666666667,0.101406666666667,902.77,663.89,0.735438538219244,0.101184524913118,100
"fed_perprotocol_naive","psi0",6,-0.7,"medium",1,"unbalanced","homogeneous",3,1500,"50/100/1350","0.033333/0.066667/0.9",0,0.4,-4,0.833069716319166,0.832952797977428,0.84890062222823,-0.0158309059090638,-0.0159478242508012,0.00996114610330656,0.0186775204263343,NA,-0.00151292443829804,0.39976,0.83948,0.12238,739.4,498.62,0.674294179887054,0.123280491071856,100
"fed_perprotocol_naive","psi0",8,-0.7,"medium",1,"unbalanced","homogeneous",3,1500,"50/100/1350","0.033333/0.066667/0.9",0,0.4,-4,0.834150380389414,0.834366786022327,0.84895020293526,-0.0147998225458455,-0.0145834169129329,0.0100144491665248,0.0178415539563216,NA,0.000778507190898364,0.40026,0.838873333333333,0.137606666666667,620.07,378.38,0.610223960406362,0.145113728076799,100
"local_ccw_meta","psi0",4,-0.7,"medium",1,"balanced","heterogeneous",3,1500,"500/500/500","0.333333/0.333333/0.333333",0,0.4,-4,0.745947760244098,0.745551785029539,0.747106590125134,-0.00115882988103603,-0.00155480509559558,0.00900625652146199,0.00903573000140304,NA,0.002315964578983,0.400173333333333,0.742,0.13106,880.12,493.12,0.560247751116823,0.0813019441163848,100
"local_ccw_meta","psi0",6,-0.7,"medium",1,"balanced","heterogeneous",3,1500,"500/500/500","0.333333/0.333333/0.333333",0,0.4,-4,0.746198402650867,0.746428737252934,0.747313129021317,-0.00111472637045014,-0.000884391768383175,0.00887136854888216,0.00889700977923322,NA,-0.00059719490699706,0.399593333333333,0.741166666666667,0.14808,757.29,369.04,0.487231878389623,0.0865766343154778,100
"local_ccw_meta","psi0",8,-0.7,"medium",1,"balanced","heterogeneous",3,1500,"500/500/500","0.333333/0.333333/0.333333",0,0.4,-4,0.746449925261776,0.747510135278553,0.746839218522835,-0.000389293261059337,0.000670916755717399,0.00871836823220553,0.00868339763163668,NA,0.000629512632417107,0.398706666666667,0.740053333333333,0.155306666666667,675.47,285.55,0.422654041814747,0.090056323974659,100
"local_ccw_meta","psi0",4,-0.7,"medium",1,"unbalanced","heterogeneous",3,1500,"50/100/1350","0.033333/0.066667/0.9",1.3,0.66,-4,0.948323688266539,0.948973814554864,0.948402249772568,-7.8561506028568e-05,0.000571564782295642,0.00478598218826613,0.00476264014613388,NA,1.30758566210706,0.658913333333333,0.946286666666667,0.253093333333333,470.8,390.23,0.828662324082895,0.197502539541769,100
"local_ccw_meta","psi0",6,-0.7,"medium",1,"unbalanced","heterogeneous",3,1500,"50/100/1350","0.033333/0.066667/0.9",1.3,0.66,-4,0.947912049318086,0.948286016083216,0.948389180878652,-0.00047713156056569,-0.000103164795436317,0.00504188522970027,0.00503925144529055,NA,1.29514130748068,0.66008,0.9454,0.269706666666667,329.44,247.54,0.751241234793407,0.205945915125189,100
"local_ccw_meta","psi0",8,-0.7,"medium",1,"unbalanced","heterogeneous",3,1500,"50/100/1350","0.033333/0.066667/0.9",1.3,0.66,-4,0.947860595549518,0.947699415572602,0.948268261399256,-0.000407665849737868,-0.000568845826654008,0.00560694944841969,0.00559371922257499,NA,1.3008207448564,0.657966666666667,0.944613333333333,0.27816,251.49,168.41,0.669430456037592,0.205637808900159,100
"local_ccw_meta","psi0",4,-0.7,"medium",1,"balanced","homogeneous",3,1500,"500/500/500","0.333333/0.333333/0.333333",0,0.4,-4,0.852544432941647,0.852762810198358,0.848766107036038,0.00377832590560817,0.00399670316231998,0.0109918918974486,0.0115710508277915,NA,0.00837865474872389,0.400793333333333,0.846813333333333,0.102986666666667,902.53,672.75,0.745459400814235,0.100894500068961,100
"local_ccw_meta","psi0",6,-0.7,"medium",1,"balanced","homogeneous",3,1500,"500/500/500","0.333333/0.333333/0.333333",0,0.4,-4,0.84693829330484,0.847264314238123,0.84890062222823,-0.00196232892339006,-0.00163630799010717,0.0101494975616532,0.0102875124568594,NA,0.0039790996438321,0.403026666666667,0.839473333333333,0.123053333333333,740.02,499.23,0.674766652024102,0.126716394636133,100
"local_ccw_meta","psi0",8,-0.7,"medium",1,"balanced","homogeneous",3,1500,"500/500/500","0.333333/0.333333/0.333333",0,0.4,-4,0.849631294939229,0.849013290150684,0.84895020293526,0.000681092003969109,6.30872154249174e-05,0.0092015490869503,0.00918072474597899,NA,0.00311513275491135,0.40034,0.839973333333333,0.13768,618.72,378.68,0.612044913688802,0.143696992164304,100
"local_ccw_meta","psi0",4,-0.7,"medium",1,"unbalanced","homogeneous",3,1500,"50/100/1350","0.033333/0.066667/0.9",0,0.4,-4,0.846632745578145,0.846504110153906,0.848766107036038,-0.00213336145789328,-0.00226199688213219,0.0106967826636728,0.010854868901573,NA,-0.00744047411081942,0.39922,0.840746666666667,0.101406666666667,902.77,663.89,0.735438538219244,0.101184524913118,100
"local_ccw_meta","psi0",6,-0.7,"medium",1,"unbalanced","homogeneous",3,1500,"50/100/1350","0.033333/0.066667/0.9",0,0.4,-4,0.847349999964653,0.84771772502497,0.84890062222823,-0.00155062226357681,-0.00118289720325965,0.00904678417084838,0.00913401829425986,NA,-0.00151292443829804,0.39976,0.83948,0.12238,739.4,498.62,0.674294179887054,0.123280491071856,100
"local_ccw_meta","psi0",8,-0.7,"medium",1,"unbalanced","homogeneous",3,1500,"50/100/1350","0.033333/0.066667/0.9",0,0.4,-4,0.848959821942348,0.849692847418572,0.84895020293526,9.61900708885506e-06,0.000742644483312571,0.00915053553068426,0.0091046729770283,NA,0.000778507190898364,0.40026,0.838873333333333,0.137606666666667,620.07,378.38,0.610223960406362,0.145113728076799,100
"pooled_ccw_tvipcw","psi0",4,-0.7,"medium",1,"balanced","heterogeneous",3,1500,"500/500/500","0.333333/0.333333/0.333333",0,0.4,-4,0.746134297305061,0.746966962259269,0.747106590125134,-0.000972292820073049,-0.000139627865865355,0.0098494828485462,0.0098482253522111,NA,0.002315964578983,0.400173333333333,0.742,0.13106,880.12,493.12,0.560247751116823,0.0813019441163848,100
"pooled_ccw_tvipcw","psi0",6,-0.7,"medium",1,"balanced","heterogeneous",3,1500,"500/500/500","0.333333/0.333333/0.333333",0,0.4,-4,0.746344058364989,0.74794470003304,0.747313129021317,-0.000969070656328241,0.000631571011722509,0.00976352354850679,0.00976279806706974,NA,-0.00059719490699706,0.399593333333333,0.741166666666667,0.14808,757.29,369.04,0.487231878389623,0.0865766343154778,100
"pooled_ccw_tvipcw","psi0",8,-0.7,"medium",1,"balanced","heterogeneous",3,1500,"500/500/500","0.333333/0.333333/0.333333",0,0.4,-4,0.746373235304363,0.747547975925128,0.746839218522835,-0.000465983218472375,0.000708757402292426,0.00919171901395599,0.00915750849342237,NA,0.000629512632417107,0.398706666666667,0.740053333333333,0.155306666666667,675.47,285.55,0.422654041814747,0.090056323974659,100
"pooled_ccw_tvipcw","psi0",4,-0.7,"medium",1,"unbalanced","heterogeneous",3,1500,"50/100/1350","0.033333/0.066667/0.9",1.3,0.66,-4,0.948438437730679,0.94890792401524,0.948402249772568,3.61879581114623e-05,0.000505674242671561,0.00520382658511329,0.00517786853685615,NA,1.30758566210706,0.658913333333333,0.946286666666667,0.253093333333333,470.8,390.23,0.828662324082895,0.197502539541769,100
"pooled_ccw_tvipcw","psi0",6,-0.7,"medium",1,"unbalanced","heterogeneous",3,1500,"50/100/1350","0.033333/0.066667/0.9",1.3,0.66,-4,0.947902933038666,0.948244107757696,0.948389180878652,-0.000486247839986219,-0.000145073120955574,0.00522985633596424,0.00522631038915298,NA,1.29514130748068,0.66008,0.9454,0.269706666666667,329.44,247.54,0.751241234793407,0.205945915125189,100
"pooled_ccw_tvipcw","psi0",8,-0.7,"medium",1,"unbalanced","heterogeneous",3,1500,"50/100/1350","0.033333/0.066667/0.9",1.3,0.66,-4,0.947791719808777,0.947536401249862,0.948268261399256,-0.000476541590478824,-0.000731860149393415,0.00592732152063427,0.00591683199798173,NA,1.3008207448564,0.657966666666667,0.944613333333333,0.27816,251.49,168.41,0.669430456037592,0.205637808900159,100
"pooled_ccw_tvipcw","psi0",4,-0.7,"medium",1,"balanced","homogeneous",3,1500,"500/500/500","0.333333/0.333333/0.333333",0,0.4,-4,0.852548974267624,0.853038728972228,0.848766107036038,0.00378286723158522,0.00427262193618988,0.0109838404501068,0.0115649638138158,NA,0.00837865474872389,0.400793333333333,0.846813333333333,0.102986666666667,902.53,672.75,0.745459400814235,0.100894500068961,100
"pooled_ccw_tvipcw","psi0",6,-0.7,"medium",1,"balanced","homogeneous",3,1500,"500/500/500","0.333333/0.333333/0.333333",0,0.4,-4,0.847055970391509,0.847335808992935,0.84890062222823,-0.00184465183672061,-0.00156481323529484,0.0101552052657773,0.0102713023735496,NA,0.0039790996438321,0.403026666666667,0.839473333333333,0.123053333333333,740.02,499.23,0.674766652024102,0.126716394636133,100
"pooled_ccw_tvipcw","psi0",8,-0.7,"medium",1,"balanced","homogeneous",3,1500,"500/500/500","0.333333/0.333333/0.333333",0,0.4,-4,0.849750637182467,0.849089774535395,0.84895020293526,0.000800434247207384,0.000139571600135668,0.0093074609989103,0.00929533414826365,NA,0.00311513275491135,0.40034,0.839973333333333,0.13768,618.72,378.68,0.612044913688802,0.143696992164304,100
"pooled_ccw_tvipcw","psi0",4,-0.7,"medium",1,"unbalanced","homogeneous",3,1500,"50/100/1350","0.033333/0.066667/0.9",0,0.4,-4,0.846725315642166,0.846592660798354,0.848766107036038,-0.00204079139387258,-0.00217344623768462,0.0106964892600801,0.0108367690378361,NA,-0.00744047411081942,0.39922,0.840746666666667,0.101406666666667,902.77,663.89,0.735438538219244,0.101184524913118,100
"pooled_ccw_tvipcw","psi0",6,-0.7,"medium",1,"unbalanced","homogeneous",3,1500,"50/100/1350","0.033333/0.066667/0.9",0,0.4,-4,0.847343396419332,0.847694288777633,0.84890062222823,-0.00155722580889725,-0.00120633345059645,0.00910549379034397,0.00919270739304958,NA,-0.00151292443829804,0.39976,0.83948,0.12238,739.4,498.62,0.674294179887054,0.123280491071856,100
"pooled_ccw_tvipcw","psi0",8,-0.7,"medium",1,"unbalanced","homogeneous",3,1500,"50/100/1350","0.033333/0.066667/0.9",0,0.4,-4,0.849121144303686,0.849904615863605,0.84895020293526,0.000170941368426838,0.000954412928345916,0.00908997840341667,0.00904602958497678,NA,0.000778507190898364,0.40026,0.838873333333333,0.137606666666667,620.07,378.38,0.610223960406362,0.145113728076799,100
"fed_ccw_tvipcw","psi1",4,-0.7,"medium",1,"balanced","heterogeneous",3,1500,"500/500/500","0.333333/0.333333/0.333333",0,0.4,-4,0.706960337254762,0.712543671090929,0.681232842519003,0.0257274947357594,0.0313108285719257,0.0883502249880654,0.0915948067210466,NA,0.002315964578983,0.400173333333333,0.742,0.13106,880.12,493.12,0.560247751116823,0.0813019441163848,100
"fed_ccw_tvipcw","psi1",6,-0.7,"medium",1,"balanced","heterogeneous",3,1500,"500/500/500","0.333333/0.333333/0.333333",0,0.4,-4,0.731965049674634,0.733817573164965,0.691662841950171,0.0403022077244631,0.0421547312147941,0.0899661945766041,0.098169470572043,NA,-0.00059719490699706,0.399593333333333,0.741166666666667,0.14808,757.29,369.04,0.487231878389623,0.0865766343154778,100
"fed_ccw_tvipcw","psi1",8,-0.7,"medium",1,"balanced","heterogeneous",3,1500,"500/500/500","0.333333/0.333333/0.333333",0,0.4,-4,0.709070839645881,0.7125737477511,0.699159072321045,0.00991176732483582,0.013414675430054,0.0708961728517125,0.0712337545217952,NA,0.000629512632417107,0.398706666666667,0.740053333333333,0.155306666666667,675.47,285.55,0.422654041814747,0.090056323974659,100
"fed_ccw_tvipcw","psi1",4,-0.7,"medium",1,"unbalanced","heterogeneous",3,1500,"50/100/1350","0.033333/0.066667/0.9",1.3,0.66,-4,0.942010699809307,0.957983613364889,0.922065790872967,0.01994490893634,0.0359178224919215,0.0586786431139866,0.0616972504946575,NA,1.30758566210706,0.658913333333333,0.946286666666667,0.253093333333333,470.8,390.23,0.828662324082895,0.197502539541769,100
"fed_ccw_tvipcw","psi1",6,-0.7,"medium",1,"unbalanced","heterogeneous",3,1500,"50/100/1350","0.033333/0.066667/0.9",1.3,0.66,-4,0.93879694051497,0.954608425181055,0.925399807357817,0.013397133157153,0.0292086178232384,0.0611903727675385,0.0623402139799544,NA,1.29514130748068,0.66008,0.9454,0.269706666666667,329.44,247.54,0.751241234793407,0.205945915125189,100
"fed_ccw_tvipcw","psi1",8,-0.7,"medium",1,"unbalanced","heterogeneous",3,1500,"50/100/1350","0.033333/0.066667/0.9",1.3,0.66,-4,0.951360163837062,0.953595636345643,0.926236173008737,0.0251239908283251,0.0273594633369053,0.0273650795299088,0.0370482660463781,NA,1.3008207448564,0.657966666666667,0.944613333333333,0.27816,251.49,168.41,0.669430456037592,0.205637808900159,100
"fed_ccw_tvipcw","psi1",4,-0.7,"medium",1,"balanced","homogeneous",3,1500,"500/500/500","0.333333/0.333333/0.333333",0,0.4,-4,0.794683859215355,0.79882848158235,0.761726735206568,0.0329571240087874,0.0371017463757821,0.0580422991674651,0.0664935442779948,NA,0.00837865474872389,0.400793333333333,0.846813333333333,0.102986666666667,902.53,672.75,0.745459400814235,0.100894500068961,100
"fed_ccw_tvipcw","psi1",6,-0.7,"medium",1,"balanced","homogeneous",3,1500,"500/500/500","0.333333/0.333333/0.333333",0,0.4,-4,0.778337435097226,0.783619597263695,0.77687704008814,0.00146039500908575,0.00674255717555572,0.057189541069327,0.0569216121102135,NA,0.0039790996438321,0.403026666666667,0.839473333333333,0.123053333333333,740.02,499.23,0.674766652024102,0.126716394636133,100
"fed_ccw_tvipcw","psi1",8,-0.7,"medium",1,"balanced","homogeneous",3,1500,"500/500/500","0.333333/0.333333/0.333333",0,0.4,-4,0.796627546240022,0.797633588443238,0.787093201802264,0.00953434443775794,0.0105403866409732,0.0479214349298577,0.0486251273554839,NA,0.00311513275491135,0.40034,0.839973333333333,0.13768,618.72,378.68,0.612044913688802,0.143696992164304,100
"fed_ccw_tvipcw","psi1",4,-0.7,"medium",1,"unbalanced","homogeneous",3,1500,"50/100/1350","0.033333/0.066667/0.9",0,0.4,-4,0.771290050336433,0.774706245042647,0.761726735206568,0.00956331512986515,0.0129795098360798,0.0602087400985428,0.0606654634589108,NA,-0.00744047411081942,0.39922,0.840746666666667,0.101406666666667,902.77,663.89,0.735438538219244,0.101184524913118,100
"fed_ccw_tvipcw","psi1",6,-0.7,"medium",1,"unbalanced","homogeneous",3,1500,"50/100/1350","0.033333/0.066667/0.9",0,0.4,-4,0.780256816635465,0.789727011016261,0.77687704008814,0.00337977654732487,0.012849970928121,0.0710348992746877,0.0707595946520698,NA,-0.00151292443829804,0.39976,0.83948,0.12238,739.4,498.62,0.674294179887054,0.123280491071856,100
"fed_ccw_tvipcw","psi1",8,-0.7,"medium",1,"unbalanced","homogeneous",3,1500,"50/100/1350","0.033333/0.066667/0.9",0,0.4,-4,0.797158826886479,0.801215416156928,0.787093201802264,0.0100656250842146,0.0141222143546634,0.0484717170279731,0.0492679316235162,NA,0.000778507190898364,0.40026,0.838873333333333,0.137606666666667,620.07,378.38,0.610223960406362,0.145113728076799,100
"fed_ipw_no_clone","psi1",4,-0.7,"medium",1,"balanced","heterogeneous",3,1500,"500/500/500","0.333333/0.333333/0.333333",0,0.4,-4,0.628012861722343,0.635892611979307,0.681232842519003,-0.0532199807966599,-0.0453402305396957,0.116912036339722,0.127922266844699,NA,0.002315964578983,0.400173333333333,0.742,0.13106,880.12,493.12,0.560247751116823,0.0813019441163848,100
"fed_ipw_no_clone","psi1",6,-0.7,"medium",1,"balanced","heterogeneous",3,1500,"500/500/500","0.333333/0.333333/0.333333",0,0.4,-4,0.634494098656444,0.633965443692405,0.691662841950171,-0.0571687432937273,-0.0576973982577657,0.13019804842624,0.141599017318785,NA,-0.00059719490699706,0.399593333333333,0.741166666666667,0.14808,757.29,369.04,0.487231878389623,0.0865766343154778,100
"fed_ipw_no_clone","psi1",8,-0.7,"medium",1,"balanced","heterogeneous",3,1500,"500/500/500","0.333333/0.333333/0.333333",0,0.4,-4,0.580794411535624,0.584260671489781,0.699159072321045,-0.118364660785421,-0.114898400831265,0.114088112920418,0.164000394687002,NA,0.000629512632417107,0.398706666666667,0.740053333333333,0.155306666666667,675.47,285.55,0.422654041814747,0.090056323974659,100
"fed_ipw_no_clone","psi1",4,-0.7,"medium",1,"unbalanced","heterogeneous",3,1500,"50/100/1350","0.033333/0.066667/0.9",1.3,0.66,-4,0.910736875172096,0.934833428599563,0.922065790872967,-0.0113289157008708,0.012767637726596,0.0833916435876471,0.083743470724613,NA,1.30758566210706,0.658913333333333,0.946286666666667,0.253093333333333,470.8,390.23,0.828662324082895,0.197502539541769,100
"fed_ipw_no_clone","psi1",6,-0.7,"medium",1,"unbalanced","heterogeneous",3,1500,"50/100/1350","0.033333/0.066667/0.9",1.3,0.66,-4,0.893912385179493,0.922548160913076,0.925399807357817,-0.0314874221783233,-0.00285164644474062,0.10113327986193,0.105437747738233,NA,1.29514130748068,0.66008,0.9454,0.269706666666667,329.44,247.54,0.751241234793407,0.205945915125189,100
"fed_ipw_no_clone","psi1",8,-0.7,"medium",1,"unbalanced","heterogeneous",3,1500,"50/100/1350","0.033333/0.066667/0.9",1.3,0.66,-4,0.910236734183003,0.920206407604988,0.926236173008737,-0.0159994388257345,-0.00602976540374922,0.0525242097824866,0.0546551619692078,NA,1.3008207448564,0.657966666666667,0.944613333333333,0.27816,251.49,168.41,0.669430456037592,0.205637808900159,100
"fed_ipw_no_clone","psi1",4,-0.7,"medium",1,"balanced","homogeneous",3,1500,"500/500/500","0.333333/0.333333/0.333333",0,0.4,-4,0.737733610150542,0.740101583175182,0.761726735206568,-0.0239931250560256,-0.021625152031385,0.0772668466491997,0.0805365381994652,NA,0.00837865474872389,0.400793333333333,0.846813333333333,0.102986666666667,902.53,672.75,0.745459400814235,0.100894500068961,100
"fed_ipw_no_clone","psi1",6,-0.7,"medium",1,"balanced","homogeneous",3,1500,"500/500/500","0.333333/0.333333/0.333333",0,0.4,-4,0.672613530054058,0.685748619072721,0.77687704008814,-0.104263510034082,-0.0911284210154183,0.0902397058291153,0.137595973733504,NA,0.0039790996438321,0.403026666666667,0.839473333333333,0.123053333333333,740.02,499.23,0.674766652024102,0.126716394636133,100
"fed_ipw_no_clone","psi1",8,-0.7,"medium",1,"balanced","homogeneous",3,1500,"500/500/500","0.333333/0.333333/0.333333",0,0.4,-4,0.675357699842872,0.684061268266171,0.787093201802264,-0.111735501959392,-0.103031933536094,0.0820008363293413,0.138353598381978,NA,0.00311513275491135,0.40034,0.839973333333333,0.13768,618.72,378.68,0.612044913688802,0.143696992164304,100
"fed_ipw_no_clone","psi1",4,-0.7,"medium",1,"unbalanced","homogeneous",3,1500,"50/100/1350","0.033333/0.066667/0.9",0,0.4,-4,0.70390975305112,0.709811927763627,0.761726735206568,-0.0578169821554478,-0.0519148074429403,0.0797161863260547,0.098152570441685,NA,-0.00744047411081942,0.39922,0.840746666666667,0.101406666666667,902.77,663.89,0.735438538219244,0.101184524913118,100
"fed_ipw_no_clone","psi1",6,-0.7,"medium",1,"unbalanced","homogeneous",3,1500,"50/100/1350","0.033333/0.066667/0.9",0,0.4,-4,0.67862888534276,0.695387663995126,0.77687704008814,-0.0982481547453796,-0.0814893760930139,0.106199292680924,0.144285157861581,NA,-0.00151292443829804,0.39976,0.83948,0.12238,739.4,498.62,0.674294179887054,0.123280491071856,100
"fed_ipw_no_clone","psi1",8,-0.7,"medium",1,"unbalanced","homogeneous",3,1500,"50/100/1350","0.033333/0.066667/0.9",0,0.4,-4,0.670320316403172,0.680408610601472,0.787093201802264,-0.116772885399092,-0.106684591200793,0.0831975481966783,0.143138116761779,NA,0.000778507190898364,0.40026,0.838873333333333,0.137606666666667,620.07,378.38,0.610223960406362,0.145113728076799,100
"fed_landmark_ipw","psi1",4,-0.7,"medium",1,"balanced","heterogeneous",3,1500,"500/500/500","0.333333/0.333333/0.333333",0,0.4,-4,0.462656870714283,0.448674184314731,0.681232842519003,-0.21857597180472,-0.232558658204272,0.127225162300232,0.252586292093365,NA,0.002315964578983,0.400173333333333,0.742,0.13106,880.12,493.12,0.560247751116823,0.0813019441163848,100
"fed_landmark_ipw","psi1",6,-0.7,"medium",1,"balanced","heterogeneous",3,1500,"500/500/500","0.333333/0.333333/0.333333",0,0.4,-4,0.382702468348381,0.391839400094196,0.691662841950171,-0.30896037360179,-0.299823441855975,0.126562471337475,0.333638113853463,NA,-0.00059719490699706,0.399593333333333,0.741166666666667,0.14808,757.29,369.04,0.487231878389623,0.0865766343154778,100
"fed_landmark_ipw","psi1",8,-0.7,"medium",1,"balanced","heterogeneous",3,1500,"500/500/500","0.333333/0.333333/0.333333",0,0.4,-4,0.311593176868789,0.30728086237155,0.699159072321045,-0.387565895452256,-0.391878209949496,0.106887482311381,0.401893030362342,NA,0.000629512632417107,0.398706666666667,0.740053333333333,0.155306666666667,675.47,285.55,0.422654041814747,0.090056323974659,100
"fed_landmark_ipw","psi1",4,-0.7,"medium",1,"unbalanced","heterogeneous",3,1500,"50/100/1350","0.033333/0.066667/0.9",1.3,0.66,-4,0.788867241271966,0.810425647283983,0.922065790872967,-0.133198549601002,-0.111640143588984,0.149421897882688,0.199613346615416,NA,1.30758566210706,0.658913333333333,0.946286666666667,0.253093333333333,470.8,390.23,0.828662324082895,0.197502539541769,100
"fed_landmark_ipw","psi1",6,-0.7,"medium",1,"unbalanced","heterogeneous",3,1500,"50/100/1350","0.033333/0.066667/0.9",1.3,0.66,-4,0.704877975725318,0.706463861982563,0.925399807357817,-0.220521831632498,-0.218935945375254,0.161213432133805,0.272689844365186,NA,1.29514130748068,0.66008,0.9454,0.269706666666667,329.44,247.54,0.751241234793407,0.205945915125189,100
"fed_landmark_ipw","psi1",8,-0.7,"medium",1,"unbalanced","heterogeneous",3,1500,"50/100/1350","0.033333/0.066667/0.9",1.3,0.66,-4,0.665874424161873,0.688657668223252,0.926236173008737,-0.260361748846865,-0.237578504785486,0.154500965384789,0.302357541801724,NA,1.3008207448564,0.657966666666667,0.944613333333333,0.27816,251.49,168.41,0.669430456037592,0.205637808900159,100
"fed_landmark_ipw","psi1",4,-0.7,"medium",1,"balanced","homogeneous",3,1500,"500/500/500","0.333333/0.333333/0.333333",0,0.4,-4,0.592724794832926,0.590964744667728,0.761726735206568,-0.169001940373642,-0.170761990538839,0.108725592098404,0.200660653052443,NA,0.00837865474872389,0.400793333333333,0.846813333333333,0.102986666666667,902.53,672.75,0.745459400814235,0.100894500068961,100
"fed_landmark_ipw","psi1",6,-0.7,"medium",1,"balanced","homogeneous",3,1500,"500/500/500","0.333333/0.333333/0.333333",0,0.4,-4,0.507584038305228,0.513271334927913,0.77687704008814,-0.269293001782912,-0.263605705160227,0.131609949885399,0.29944396458937,NA,0.0039790996438321,0.403026666666667,0.839473333333333,0.123053333333333,740.02,499.23,0.674766652024102,0.126716394636133,100
"fed_landmark_ipw","psi1",8,-0.7,"medium",1,"balanced","homogeneous",3,1500,"500/500/500","0.333333/0.333333/0.333333",0,0.4,-4,0.475907832659253,0.476051648966659,0.787093201802264,-0.311185369143011,-0.311041552835605,0.0910490030824573,0.324103927346396,NA,0.00311513275491135,0.40034,0.839973333333333,0.13768,618.72,378.68,0.612044913688802,0.143696992164304,100
"fed_landmark_ipw","psi1",4,-0.7,"medium",1,"unbalanced","homogeneous",3,1500,"50/100/1350","0.033333/0.066667/0.9",0,0.4,-4,0.569788207303938,0.573364452046852,0.761726735206568,-0.191938527902629,-0.188362283159715,0.124371062278451,0.228372235646928,NA,-0.00744047411081942,0.39922,0.840746666666667,0.101406666666667,902.77,663.89,0.735438538219244,0.101184524913118,100
"fed_landmark_ipw","psi1",6,-0.7,"medium",1,"unbalanced","homogeneous",3,1500,"50/100/1350","0.033333/0.066667/0.9",0,0.4,-4,0.527539062910577,0.532878150070191,0.77687704008814,-0.249337977177563,-0.243998890017949,0.108841485661136,0.271840819550547,NA,-0.00151292443829804,0.39976,0.83948,0.12238,739.4,498.62,0.674294179887054,0.123280491071856,100
"fed_landmark_ipw","psi1",8,-0.7,"medium",1,"unbalanced","homogeneous",3,1500,"50/100/1350","0.033333/0.066667/0.9",0,0.4,-4,0.467706557715333,0.470457341583506,0.787093201802264,-0.319386644086931,-0.316635860218759,0.101771166808827,0.335054659885228,NA,0.000778507190898364,0.40026,0.838873333333333,0.137606666666667,620.07,378.38,0.610223960406362,0.145113728076799,100
"fed_perprotocol_naive","psi1",4,-0.7,"medium",1,"balanced","heterogeneous",3,1500,"500/500/500","0.333333/0.333333/0.333333",0,0.4,-4,0.935852245255213,0.937238378497466,0.681232842519003,0.25461940273621,0.256005535978464,0.0200500681038884,0.255399736547251,NA,0.002315964578983,0.400173333333333,0.742,0.13106,880.12,493.12,0.560247751116823,0.0813019441163848,100
"fed_perprotocol_naive","psi1",6,-0.7,"medium",1,"balanced","heterogeneous",3,1500,"500/500/500","0.333333/0.333333/0.333333",0,0.4,-4,0.924177790399058,0.926015736622864,0.691662841950171,0.232514948448887,0.234352894672693,0.0168070587451753,0.233115537241978,NA,-0.00059719490699706,0.399593333333333,0.741166666666667,0.14808,757.29,369.04,0.487231878389623,0.0865766343154778,100
"fed_perprotocol_naive","psi1",8,-0.7,"medium",1,"balanced","heterogeneous",3,1500,"500/500/500","0.333333/0.333333/0.333333",0,0.4,-4,0.907522054523343,0.908693926161175,0.699159072321045,0.208362982202298,0.20953485384013,0.0185092696514568,0.209175284115105,NA,0.000629512632417107,0.398706666666667,0.740053333333333,0.155306666666667,675.47,285.55,0.422654041814747,0.090056323974659,100
"fed_perprotocol_naive","psi1",4,-0.7,"medium",1,"unbalanced","heterogeneous",3,1500,"50/100/1350","0.033333/0.066667/0.9",1.3,0.66,-4,0.987049381563742,0.98702980956867,0.922065790872967,0.0649835906907753,0.0649640186957025,0.00527490549094718,0.065195194920525,NA,1.30758566210706,0.658913333333333,0.946286666666667,0.253093333333333,470.8,390.23,0.828662324082895,0.197502539541769,100
"fed_perprotocol_naive","psi1",6,-0.7,"medium",1,"unbalanced","heterogeneous",3,1500,"50/100/1350","0.033333/0.066667/0.9",1.3,0.66,-4,0.982565818237948,0.983149875441747,0.925399807357817,0.0571660108801312,0.0577500680839305,0.00645325004695406,0.0575254795004275,NA,1.29514130748068,0.66008,0.9454,0.269706666666667,329.44,247.54,0.751241234793407,0.205945915125189,100
"fed_perprotocol_naive","psi1",8,-0.7,"medium",1,"unbalanced","heterogeneous",3,1500,"50/100/1350","0.033333/0.066667/0.9",1.3,0.66,-4,0.978900550716274,0.979980294798718,0.926236173008737,0.0526643777075364,0.0537441217899801,0.00801843632614604,0.053265270554343,NA,1.3008207448564,0.657966666666667,0.944613333333333,0.27816,251.49,168.41,0.669430456037592,0.205637808900159,100
"fed_perprotocol_naive","psi1",4,-0.7,"medium",1,"balanced","homogeneous",3,1500,"500/500/500","0.333333/0.333333/0.333333",0,0.4,-4,0.901781411118953,0.90153752934939,0.761726735206568,0.140054675912386,0.139810794142823,0.0202936521795869,0.141502742872785,NA,0.00837865474872389,0.400793333333333,0.846813333333333,0.102986666666667,902.53,672.75,0.745459400814235,0.100894500068961,100
"fed_perprotocol_naive","psi1",6,-0.7,"medium",1,"balanced","homogeneous",3,1500,"500/500/500","0.333333/0.333333/0.333333",0,0.4,-4,0.886651739848892,0.888888888888889,0.77687704008814,0.109774699760753,0.112011848800749,0.0233969831502766,0.112215994135829,NA,0.0039790996438321,0.403026666666667,0.839473333333333,0.123053333333333,740.02,499.23,0.674766652024102,0.126716394636133,100
"fed_perprotocol_naive","psi1",8,-0.7,"medium",1,"balanced","homogeneous",3,1500,"500/500/500","0.333333/0.333333/0.333333",0,0.4,-4,0.870962629962449,0.872273937425653,0.787093201802264,0.0838694281601849,0.0851807356233884,0.0239607948208878,0.0871920837661344,NA,0.00311513275491135,0.40034,0.839973333333333,0.13768,618.72,378.68,0.612044913688802,0.143696992164304,100
"fed_perprotocol_naive","psi1",4,-0.7,"medium",1,"unbalanced","homogeneous",3,1500,"50/100/1350","0.033333/0.066667/0.9",0,0.4,-4,0.897157117786987,0.900980392156863,0.761726735206568,0.135430382580419,0.139253656950295,0.0224065572040234,0.137253130359779,NA,-0.00744047411081942,0.39922,0.840746666666667,0.101406666666667,902.77,663.89,0.735438538219244,0.101184524913118,100
"fed_perprotocol_naive","psi1",6,-0.7,"medium",1,"unbalanced","homogeneous",3,1500,"50/100/1350","0.033333/0.066667/0.9",0,0.4,-4,0.88550069810995,0.886746068102,0.77687704008814,0.10862365802181,0.109869028013861,0.0208029664097349,0.110578184373633,NA,-0.00151292443829804,0.39976,0.83948,0.12238,739.4,498.62,0.674294179887054,0.123280491071856,100
"fed_perprotocol_naive","psi1",8,-0.7,"medium",1,"unbalanced","homogeneous",3,1500,"50/100/1350","0.033333/0.066667/0.9",0,0.4,-4,0.868653375561082,0.867785793562708,0.787093201802264,0.0815601737588174,0.0806925917604437,0.0250134329697678,0.0852729561714159,NA,0.000778507190898364,0.40026,0.838873333333333,0.137606666666667,620.07,378.38,0.610223960406362,0.145113728076799,100
"local_ccw_meta","psi1",4,-0.7,"medium",1,"balanced","heterogeneous",3,1500,"500/500/500","0.333333/0.333333/0.333333",0,0.4,-4,0.683831988215013,0.672539877964995,0.681232842519003,0.00259914569601064,-0.00869296455400803,0.0664847984551199,0.0662025807632212,NA,0.002315964578983,0.400173333333333,0.742,0.13106,880.12,493.12,0.560247751116823,0.0813019441163848,100
"local_ccw_meta","psi1",6,-0.7,"medium",1,"balanced","heterogeneous",3,1500,"500/500/500","0.333333/0.333333/0.333333",0,0.4,-4,0.714975616638387,0.705046665415563,0.691662841950171,0.023312774688216,0.0133838234653925,0.0785842881120816,0.0815917943077939,NA,-0.00059719490699706,0.399593333333333,0.741166666666667,0.14808,757.29,369.04,0.487231878389623,0.0865766343154778,100
"local_ccw_meta","psi1",8,-0.7,"medium",1,"balanced","heterogeneous",3,1500,"500/500/500","0.333333/0.333333/0.333333",0,0.4,-4,0.695863299863404,0.688107017348956,0.699159072321045,-0.00329577245764169,-0.0110520549720892,0.061007126478084,0.0607907303985925,NA,0.000629512632417107,0.398706666666667,0.740053333333333,0.155306666666667,675.47,285.55,0.422654041814747,0.090056323974659,100
"local_ccw_meta","psi1",4,-0.7,"medium",1,"unbalanced","heterogeneous",3,1500,"50/100/1350","0.033333/0.066667/0.9",1.3,0.66,-4,0.931412876107134,0.938491386700822,0.922065790872967,0.00934708523416718,0.0164255958278545,0.036804828401074,0.0377944101960986,NA,1.30758566210706,0.658913333333333,0.946286666666667,0.253093333333333,470.8,390.23,0.828662324082895,0.197502539541769,100
"local_ccw_meta","psi1",6,-0.7,"medium",1,"unbalanced","heterogeneous",3,1500,"50/100/1350","0.033333/0.066667/0.9",1.3,0.66,-4,0.929184376088952,0.932938340712712,0.925399807357817,0.00378456873113493,0.00753853335489529,0.0362127584104396,0.0362294520170623,NA,1.29514130748068,0.66008,0.9454,0.269706666666667,329.44,247.54,0.751241234793407,0.205945915125189,100
"local_ccw_meta","psi1",8,-0.7,"medium",1,"unbalanced","heterogeneous",3,1500,"50/100/1350","0.033333/0.066667/0.9",1.3,0.66,-4,0.936336425717984,0.94101707196028,0.926236173008737,0.0101002527092465,0.0147808989515426,0.02762636593476,0.0292847919337717,NA,1.3008207448564,0.657966666666667,0.944613333333333,0.27816,251.49,168.41,0.669430456037592,0.205637808900159,100
"local_ccw_meta","psi1",4,-0.7,"medium",1,"balanced","homogeneous",3,1500,"500/500/500","0.333333/0.333333/0.333333",0,0.4,-4,0.801568270050013,0.805331194452062,0.761726735206568,0.0398415348434458,0.043604459245495,0.0556181018586777,0.068189349758596,NA,0.00837865474872389,0.400793333333333,0.846813333333333,0.102986666666667,902.53,672.75,0.745459400814235,0.100894500068961,100
"local_ccw_meta","psi1",6,-0.7,"medium",1,"balanced","homogeneous",3,1500,"500/500/500","0.333333/0.333333/0.333333",0,0.4,-4,0.785862343365056,0.789419018238877,0.77687704008814,0.00898530327691634,0.0125419781507371,0.0510345875369245,0.0515676207400684,NA,0.0039790996438321,0.403026666666667,0.839473333333333,0.123053333333333,740.02,499.23,0.674766652024102,0.126716394636133,100
"local_ccw_meta","psi1",8,-0.7,"medium",1,"balanced","homogeneous",3,1500,"500/500/500","0.333333/0.333333/0.333333",0,0.4,-4,0.802902727282179,0.807525935690372,0.787093201802264,0.0158095254799142,0.0204327338881077,0.0440161635848202,0.0465616744335774,NA,0.00311513275491135,0.40034,0.839973333333333,0.13768,618.72,378.68,0.612044913688802,0.143696992164304,100
"local_ccw_meta","psi1",4,-0.7,"medium",1,"unbalanced","homogeneous",3,1500,"50/100/1350","0.033333/0.066667/0.9",0,0.4,-4,0.776411829518114,0.778730241716403,0.761726735206568,0.0146850943115466,0.0170035065098358,0.0573263607338569,0.0588990705663292,NA,-0.00744047411081942,0.39922,0.840746666666667,0.101406666666667,902.77,663.89,0.735438538219244,0.101184524913118,100
"local_ccw_meta","psi1",6,-0.7,"medium",1,"unbalanced","homogeneous",3,1500,"50/100/1350","0.033333/0.066667/0.9",0,0.4,-4,0.786208874336713,0.796431588354569,0.77687704008814,0.00933183424857339,0.0195545482664289,0.0628329306898907,0.0632106046303359,NA,-0.00151292443829804,0.39976,0.83948,0.12238,739.4,498.62,0.674294179887054,0.123280491071856,100
"local_ccw_meta","psi1",8,-0.7,"medium",1,"unbalanced","homogeneous",3,1500,"50/100/1350","0.033333/0.066667/0.9",0,0.4,-4,0.800430361260197,0.803623128679147,0.787093201802264,0.0133371594579329,0.0165299268768825,0.0473432033767538,0.0489575830624763,NA,0.000778507190898364,0.40026,0.838873333333333,0.137606666666667,620.07,378.38,0.610223960406362,0.145113728076799,100
"pooled_ccw_tvipcw","psi1",4,-0.7,"medium",1,"balanced","heterogeneous",3,1500,"500/500/500","0.333333/0.333333/0.333333",0,0.4,-4,0.691708038014902,0.695825091115998,0.681232842519003,0.0104751954958996,0.0145922485969955,0.0905961658732867,0.0907486547498528,NA,0.002315964578983,0.400173333333333,0.742,0.13106,880.12,493.12,0.560247751116823,0.0813019441163848,100
"pooled_ccw_tvipcw","psi1",6,-0.7,"medium",1,"balanced","heterogeneous",3,1500,"500/500/500","0.333333/0.333333/0.333333",0,0.4,-4,0.72162085267103,0.722776779638743,0.691662841950171,0.0299580107208596,0.0311139376885718,0.0792941753094753,0.0843929676097532,NA,-0.00059719490699706,0.399593333333333,0.741166666666667,0.14808,757.29,369.04,0.487231878389623,0.0865766343154778,100
"pooled_ccw_tvipcw","psi1",8,-0.7,"medium",1,"balanced","heterogeneous",3,1500,"500/500/500","0.333333/0.333333/0.333333",0,0.4,-4,0.705722660959283,0.707310768525144,0.699159072321045,0.00656358863823737,0.00815169620409839,0.0587577645132297,0.0588305264084746,NA,0.000629512632417107,0.398706666666667,0.740053333333333,0.155306666666667,675.47,285.55,0.422654041814747,0.090056323974659,100
"pooled_ccw_tvipcw","psi1",4,-0.7,"medium",1,"unbalanced","heterogeneous",3,1500,"50/100/1350","0.033333/0.066667/0.9",1.3,0.66,-4,0.932977513804192,0.940786914274072,0.922065790872967,0.0109117229312254,0.0187211234011053,0.0443381391290193,0.0454453250944237,NA,1.30758566210706,0.658913333333333,0.946286666666667,0.253093333333333,470.8,390.23,0.828662324082895,0.197502539541769,100
"pooled_ccw_tvipcw","psi1",6,-0.7,"medium",1,"unbalanced","heterogeneous",3,1500,"50/100/1350","0.033333/0.066667/0.9",1.3,0.66,-4,0.93027729822341,0.937565291718246,0.925399807357817,0.00487749086559354,0.0121654843604296,0.0437622393866695,0.0438152048645074,NA,1.29514130748068,0.66008,0.9454,0.269706666666667,329.44,247.54,0.751241234793407,0.205945915125189,100
"pooled_ccw_tvipcw","psi1",8,-0.7,"medium",1,"unbalanced","heterogeneous",3,1500,"50/100/1350","0.033333/0.066667/0.9",1.3,0.66,-4,0.936893201709694,0.94573634804853,0.926236173008737,0.010657028700957,0.0195001750397925,0.0374140845684178,0.0387219298019199,NA,1.3008207448564,0.657966666666667,0.944613333333333,0.27816,251.49,168.41,0.669430456037592,0.205637808900159,100
"pooled_ccw_tvipcw","psi1",4,-0.7,"medium",1,"balanced","homogeneous",3,1500,"500/500/500","0.333333/0.333333/0.333333",0,0.4,-4,0.791094442502601,0.796440295953182,0.761726735206568,0.0293677072960336,0.0347135607466144,0.0541766698263584,0.0613858507293416,NA,0.00837865474872389,0.400793333333333,0.846813333333333,0.102986666666667,902.53,672.75,0.745459400814235,0.100894500068961,100
"pooled_ccw_tvipcw","psi1",6,-0.7,"medium",1,"balanced","homogeneous",3,1500,"500/500/500","0.333333/0.333333/0.333333",0,0.4,-4,0.777849137615084,0.781287387258155,0.77687704008814,0.000972097526944089,0.00441034717001526,0.0552329647880345,0.0549647029363881,NA,0.0039790996438321,0.403026666666667,0.839473333333333,0.123053333333333,740.02,499.23,0.674766652024102,0.126716394636133,100
"pooled_ccw_tvipcw","psi1",8,-0.7,"medium",1,"balanced","homogeneous",3,1500,"500/500/500","0.333333/0.333333/0.333333",0,0.4,-4,0.793773596019675,0.798286379934524,0.787093201802264,0.00668039421741108,0.0111931781322593,0.0468823544088266,0.0471232773718647,NA,0.00311513275491135,0.40034,0.839973333333333,0.13768,618.72,378.68,0.612044913688802,0.143696992164304,100
"pooled_ccw_tvipcw","psi1",4,-0.7,"medium",1,"unbalanced","homogeneous",3,1500,"50/100/1350","0.033333/0.066667/0.9",0,0.4,-4,0.769731235433302,0.766455315539584,0.761726735206568,0.00800450022673455,0.00472858033301643,0.0602542692865209,0.0604842394468166,NA,-0.00744047411081942,0.39922,0.840746666666667,0.101406666666667,902.77,663.89,0.735438538219244,0.101184524913118,100
"pooled_ccw_tvipcw","psi1",6,-0.7,"medium",1,"unbalanced","homogeneous",3,1500,"50/100/1350","0.033333/0.066667/0.9",0,0.4,-4,0.779886540064811,0.789560343565061,0.77687704008814,0.00300949997667097,0.0126833034769209,0.0647994664781247,0.0645448544610698,NA,-0.00151292443829804,0.39976,0.83948,0.12238,739.4,498.62,0.674294179887054,0.123280491071856,100
"pooled_ccw_tvipcw","psi1",8,-0.7,"medium",1,"unbalanced","homogeneous",3,1500,"50/100/1350","0.033333/0.066667/0.9",0,0.4,-4,0.795804017795129,0.800324874373022,0.787093201802264,0.00871081599286413,0.0132316725707571,0.0482616415701316,0.0488034066621885,NA,0.000778507190898364,0.40026,0.838873333333333,0.137606666666667,620.07,378.38,0.610223960406362,0.145113728076799,100
