"method","estimand","tau","beta_trt","scenario","conf_mult","t_star","site_sizes","init_intercepts","mean_est","truth","rmse","bias","emp_sd","coverage","n_reps"
"Federated CCW","RD",3,-1,"medium",1,25,"100/100/100/100/100/100/100/100/100/100","-4.5/-4.16666666666667/-3.83333333333333/-3.5/-3.16666666666667/-2.83333333333333/-2.5/-2.16666666666667/-1.83333333333333/-1.5",-0.143937781371942,-0.144325121699538,0.084780936942146,0.000387340327595767,0.085207158353068,0.89,100
"Federated CCW","RD",6,-1,"medium",1,25,"100/100/100/100/100/100/100/100/100/100","-4.5/-4.16666666666667/-3.83333333333333/-3.5/-3.16666666666667/-2.83333333333333/-2.5/-2.16666666666667/-1.83333333333333/-1.5",-0.0955944517474133,-0.11753671793992,0.05329174236545,0.0219422661925069,0.0488095325045818,0.9,100
"Federated CCW","RD",9,-1,"medium",1,25,"100/100/100/100/100/100/100/100/100/100","-4.5/-4.16666666666667/-3.83333333333333/-3.5/-3.16666666666667/-2.83333333333333/-2.5/-2.16666666666667/-1.83333333333333/-1.5",-0.117432498431299,-0.104305359560479,0.0688479668650854,-0.0131271388708198,0.067925395546315,0.93,100
"Federated CCW","RD",3,-0.7,"medium",1,25,"100/100/100/100/100/100/100/100/100/100","-4.5/-4.16666666666667/-3.83333333333333/-3.5/-3.16666666666667/-2.83333333333333/-2.5/-2.16666666666667/-1.83333333333333/-1.5",-0.105848494209622,-0.0957341062643613,0.0895131490912019,-0.0101143879452612,0.0893879469916968,0.9,100
"Federated CCW","RD",6,-0.7,"medium",1,25,"100/100/100/100/100/100/100/100/100/100","-4.5/-4.16666666666667/-3.83333333333333/-3.5/-3.16666666666667/-2.83333333333333/-2.5/-2.16666666666667/-1.83333333333333/-1.5",-0.0919551788467218,-0.0793266057246547,0.05951373475898,-0.0126285731220672,0.0584514282158058,0.96,100
"Federated CCW","RD",9,-0.7,"medium",1,25,"100/100/100/100/100/100/100/100/100/100","-4.5/-4.16666666666667/-3.83333333333333/-3.5/-3.16666666666667/-2.83333333333333/-2.5/-2.16666666666667/-1.83333333333333/-1.5",-0.0701155501078197,-0.0709487004451346,0.0472911742477083,0.000833150337314899,0.0475220419059583,0.97,100
"Federated CCW","RD",3,-0.5,"medium",1,25,"100/100/100/100/100/100/100/100/100/100","-4.5/-4.16666666666667/-3.83333333333333/-3.5/-3.16666666666667/-2.83333333333333/-2.5/-2.16666666666667/-1.83333333333333/-1.5",-0.0453760887446872,-0.0662533898107849,0.0831961752347484,0.0208773010660977,0.0809398197308787,0.81,100
"Federated CCW","RD",6,-0.5,"medium",1,25,"100/100/100/100/100/100/100/100/100/100","-4.5/-4.16666666666667/-3.83333333333333/-3.5/-3.16666666666667/-2.83333333333333/-2.5/-2.16666666666667/-1.83333333333333/-1.5",-0.0751549804498201,-0.0551771959607568,0.0882537332267933,-0.0199777844890633,0.0863959031212469,0.94,100
"Federated CCW","RD",9,-0.5,"medium",1,25,"100/100/100/100/100/100/100/100/100/100","-4.5/-4.16666666666667/-3.83333333333333/-3.5/-3.16666666666667/-2.83333333333333/-2.5/-2.16666666666667/-1.83333333333333/-1.5",-0.0467001449564924,-0.0497459016528424,0.0412653006166688,0.00304575669635007,0.0413600646836663,0.96,100
"Federated CCW","RD",3,-1,"small",0.5,25,"100/100/100/100/100/100/100/100/100/100","-4.5/-4.16666666666667/-3.83333333333333/-3.5/-3.16666666666667/-2.83333333333333/-2.5/-2.16666666666667/-1.83333333333333/-1.5",-0.109971420873887,-0.142331830961643,0.0667038060151487,0.0323604100877564,0.0586222420975543,0.76,100
"Federated CCW","RD",6,-1,"small",0.5,25,"100/100/100/100/100/100/100/100/100/100","-4.5/-4.16666666666667/-3.83333333333333/-3.5/-3.16666666666667/-2.83333333333333/-2.5/-2.16666666666667/-1.83333333333333/-1.5",-0.1261818716421,-0.114197883183271,0.041934651810929,-0.0119839884588283,0.0403882551575234,0.91,100
"Federated CCW","RD",9,-1,"small",0.5,25,"100/100/100/100/100/100/100/100/100/100","-4.5/-4.16666666666667/-3.83333333333333/-3.5/-3.16666666666667/-2.83333333333333/-2.5/-2.16666666666667/-1.83333333333333/-1.5",-0.0944428533242574,-0.0997926805482521,0.0320202414278805,0.00534982722399472,0.0317292079342442,0.94,100
"Federated CCW","RD",3,-0.7,"small",0.5,25,"100/100/100/100/100/100/100/100/100/100","-4.5/-4.16666666666667/-3.83333333333333/-3.5/-3.16666666666667/-2.83333333333333/-2.5/-2.16666666666667/-1.83333333333333/-1.5",-0.079150300520118,-0.0945497549345045,0.0508645161268389,0.0153994544143865,0.0487215942060238,0.92,100
"Federated CCW","RD",6,-0.7,"small",0.5,25,"100/100/100/100/100/100/100/100/100/100","-4.5/-4.16666666666667/-3.83333333333333/-3.5/-3.16666666666667/-2.83333333333333/-2.5/-2.16666666666667/-1.83333333333333/-1.5",-0.0817724184218538,-0.0771062167818387,0.0369540966219045,-0.00466620164001509,0.0368429895390908,0.97,100
"Federated CCW","RD",9,-0.7,"small",0.5,25,"100/100/100/100/100/100/100/100/100/100","-4.5/-4.16666666666667/-3.83333333333333/-3.5/-3.16666666666667/-2.83333333333333/-2.5/-2.16666666666667/-1.83333333333333/-1.5",-0.062746285407168,-0.0680797510179275,0.0330282300815424,0.00533346561075953,0.0327589624855465,0.93,100
"Federated CCW","RD",3,-0.5,"small",0.5,25,"100/100/100/100/100/100/100/100/100/100","-4.5/-4.16666666666667/-3.83333333333333/-3.5/-3.16666666666667/-2.83333333333333/-2.5/-2.16666666666667/-1.83333333333333/-1.5",-0.0780969046336905,-0.0652419226450364,0.0550631037932244,-0.0128549819886541,0.0538112567305766,0.97,100
"Federated CCW","RD",6,-0.5,"small",0.5,25,"100/100/100/100/100/100/100/100/100/100","-4.5/-4.16666666666667/-3.83333333333333/-3.5/-3.16666666666667/-2.83333333333333/-2.5/-2.16666666666667/-1.83333333333333/-1.5",-0.026230294792264,-0.0537208970116081,0.0411426555751881,0.0274906022193441,0.0307644176169393,0.86,100
"Federated CCW","RD",9,-0.5,"small",0.5,25,"100/100/100/100/100/100/100/100/100/100","-4.5/-4.16666666666667/-3.83333333333333/-3.5/-3.16666666666667/-2.83333333333333/-2.5/-2.16666666666667/-1.83333333333333/-1.5",-0.0591044393605964,-0.0477480204468972,0.0408776002664424,-0.0113564189136992,0.0394662616814759,0.96,100
"Federated CCW","RD",3,-1,"strong",1.5,25,"100/100/100/100/100/100/100/100/100/100","-4.5/-4.16666666666667/-3.83333333333333/-3.5/-3.16666666666667/-2.83333333333333/-2.5/-2.16666666666667/-1.83333333333333/-1.5",-0.156886633282407,-0.146989280744022,0.115518810681147,-0.00989735253838556,0.115673862469024,0.84,100
"Federated CCW","RD",6,-1,"strong",1.5,25,"100/100/100/100/100/100/100/100/100/100","-4.5/-4.16666666666667/-3.83333333333333/-3.5/-3.16666666666667/-2.83333333333333/-2.5/-2.16666666666667/-1.83333333333333/-1.5",-0.121193738850727,-0.124887284393515,0.0832992853357823,0.00369354554278731,0.0836365915930852,0.84,100
"Federated CCW","RD",9,-1,"strong",1.5,25,"100/100/100/100/100/100/100/100/100/100","-4.5/-4.16666666666667/-3.83333333333333/-3.5/-3.16666666666667/-2.83333333333333/-2.5/-2.16666666666667/-1.83333333333333/-1.5",-0.0869007081643157,-0.108579816052468,0.0641547553412925,0.0216791078881524,0.0606850531085108,0.82,100
"Federated CCW","RD",3,-0.7,"strong",1.5,25,"100/100/100/100/100/100/100/100/100/100","-4.5/-4.16666666666667/-3.83333333333333/-3.5/-3.16666666666667/-2.83333333333333/-2.5/-2.16666666666667/-1.83333333333333/-1.5",-0.124705673087166,-0.0973733428414895,0.178789722135672,-0.0273323302456765,0.17757828964779,0.76,100
"Federated CCW","RD",6,-0.7,"strong",1.5,25,"100/100/100/100/100/100/100/100/100/100","-4.5/-4.16666666666667/-3.83333333333333/-3.5/-3.16666666666667/-2.83333333333333/-2.5/-2.16666666666667/-1.83333333333333/-1.5",-0.0815063758790909,-0.0850755560904202,0.0816469895708392,0.00356918021132929,0.0819798685475312,0.86,100
"Federated CCW","RD",9,-0.7,"strong",1.5,25,"100/100/100/100/100/100/100/100/100/100","-4.5/-4.16666666666667/-3.83333333333333/-3.5/-3.16666666666667/-2.83333333333333/-2.5/-2.16666666666667/-1.83333333333333/-1.5",-0.0830977935384735,-0.0732213723376015,0.0757768921950587,-0.00987642120087203,0.0755090047142316,0.89,100
"Federated CCW","RD",3,-0.5,"strong",1.5,25,"100/100/100/100/100/100/100/100/100/100","-4.5/-4.16666666666667/-3.83333333333333/-3.5/-3.16666666666667/-2.83333333333333/-2.5/-2.16666666666667/-1.83333333333333/-1.5",-0.0554427050448375,-0.0665056112907388,0.108909182008432,0.0110629062459013,0.108891670898424,0.69,100
"Federated CCW","RD",6,-0.5,"strong",1.5,25,"100/100/100/100/100/100/100/100/100/100","-4.5/-4.16666666666667/-3.83333333333333/-3.5/-3.16666666666667/-2.83333333333333/-2.5/-2.16666666666667/-1.83333333333333/-1.5",-0.0660679557611281,-0.0595574571296151,0.0933932000299435,-0.00651049863151299,0.0936353512808976,0.86,100
"Federated CCW","RD",9,-0.5,"strong",1.5,25,"100/100/100/100/100/100/100/100/100/100","-4.5/-4.16666666666667/-3.83333333333333/-3.5/-3.16666666666667/-2.83333333333333/-2.5/-2.16666666666667/-1.83333333333333/-1.5",-0.0325987532860943,-0.0503766543423977,0.0693056012149921,0.0177779010563034,0.0673241262367303,0.78,100
"Pooled CCW","RD",3,-1,"medium",1,25,"100/100/100/100/100/100/100/100/100/100","-4.5/-4.16666666666667/-3.83333333333333/-3.5/-3.16666666666667/-2.83333333333333/-2.5/-2.16666666666667/-1.83333333333333/-1.5",-0.125425997279783,-0.144325121699538,0.0682363459950424,0.0188991244197552,0.0658972417911291,0.87,100
"Pooled CCW","RD",6,-1,"medium",1,25,"100/100/100/100/100/100/100/100/100/100","-4.5/-4.16666666666667/-3.83333333333333/-3.5/-3.16666666666667/-2.83333333333333/-2.5/-2.16666666666667/-1.83333333333333/-1.5",-0.100532560990361,-0.11753671793992,0.0450466441764751,0.0170041569495592,0.0419241594965437,0.94,100
"Pooled CCW","RD",9,-1,"medium",1,25,"100/100/100/100/100/100/100/100/100/100","-4.5/-4.16666666666667/-3.83333333333333/-3.5/-3.16666666666667/-2.83333333333333/-2.5/-2.16666666666667/-1.83333333333333/-1.5",-0.100106242643998,-0.104305359560479,0.0413950015893624,0.00419911691648125,0.0413889358868221,0.94,100
"Pooled CCW","RD",3,-0.7,"medium",1,25,"100/100/100/100/100/100/100/100/100/100","-4.5/-4.16666666666667/-3.83333333333333/-3.5/-3.16666666666667/-2.83333333333333/-2.5/-2.16666666666667/-1.83333333333333/-1.5",-0.110205639016067,-0.0957341062643613,0.106995833550021,-0.0144715327517054,0.106546727724355,0.88,100
"Pooled CCW","RD",6,-0.7,"medium",1,25,"100/100/100/100/100/100/100/100/100/100","-4.5/-4.16666666666667/-3.83333333333333/-3.5/-3.16666666666667/-2.83333333333333/-2.5/-2.16666666666667/-1.83333333333333/-1.5",-0.076387800374798,-0.0793266057246547,0.0505881900988954,0.00293880534985669,0.050757179922992,0.89,100
"Pooled CCW","RD",9,-0.7,"medium",1,25,"100/100/100/100/100/100/100/100/100/100","-4.5/-4.16666666666667/-3.83333333333333/-3.5/-3.16666666666667/-2.83333333333333/-2.5/-2.16666666666667/-1.83333333333333/-1.5",-0.0660360725309323,-0.0709487004451346,0.0414057622212286,0.00491262791420228,0.0413204187069627,0.92,100
"Pooled CCW","RD",3,-0.5,"medium",1,25,"100/100/100/100/100/100/100/100/100/100","-4.5/-4.16666666666667/-3.83333333333333/-3.5/-3.16666666666667/-2.83333333333333/-2.5/-2.16666666666667/-1.83333333333333/-1.5",-0.0368921579887788,-0.0662533898107849,0.0758043932807959,0.0293612318220061,0.0702393031258141,0.8,100
"Pooled CCW","RD",6,-0.5,"medium",1,25,"100/100/100/100/100/100/100/100/100/100","-4.5/-4.16666666666667/-3.83333333333333/-3.5/-3.16666666666667/-2.83333333333333/-2.5/-2.16666666666667/-1.83333333333333/-1.5",-0.062402554875217,-0.0551771959607568,0.049846279702672,-0.00722535891446027,0.0495682957971787,0.96,100
"Pooled CCW","RD",9,-0.5,"medium",1,25,"100/100/100/100/100/100/100/100/100/100","-4.5/-4.16666666666667/-3.83333333333333/-3.5/-3.16666666666667/-2.83333333333333/-2.5/-2.16666666666667/-1.83333333333333/-1.5",-0.0527269958199156,-0.0497459016528424,0.0387573122918031,-0.00298109416707313,0.0388371676303366,0.98,100
"Pooled CCW","RD",3,-1,"small",0.5,25,"100/100/100/100/100/100/100/100/100/100","-4.5/-4.16666666666667/-3.83333333333333/-3.5/-3.16666666666667/-2.83333333333333/-2.5/-2.16666666666667/-1.83333333333333/-1.5",-0.119914968690631,-0.142331830961643,0.0640713999190179,0.0224168622710119,0.0603242800298219,0.78,100
"Pooled CCW","RD",6,-1,"small",0.5,25,"100/100/100/100/100/100/100/100/100/100","-4.5/-4.16666666666667/-3.83333333333333/-3.5/-3.16666666666667/-2.83333333333333/-2.5/-2.16666666666667/-1.83333333333333/-1.5",-0.131819572647239,-0.114197883183271,0.0404488626432167,-0.0176216894639676,0.0365920252608711,0.93,100
"Pooled CCW","RD",9,-1,"small",0.5,25,"100/100/100/100/100/100/100/100/100/100","-4.5/-4.16666666666667/-3.83333333333333/-3.5/-3.16666666666667/-2.83333333333333/-2.5/-2.16666666666667/-1.83333333333333/-1.5",-0.0998224094079345,-0.0997926805482521,0.0256285431323488,-2.97288596824052e-05,0.0257576376685481,0.98,100
"Pooled CCW","RD",3,-0.7,"small",0.5,25,"100/100/100/100/100/100/100/100/100/100","-4.5/-4.16666666666667/-3.83333333333333/-3.5/-3.16666666666667/-2.83333333333333/-2.5/-2.16666666666667/-1.83333333333333/-1.5",-0.0875980087198757,-0.0945497549345045,0.0445622881582319,0.00695174621462874,0.044238457953296,0.98,100
"Pooled CCW","RD",6,-0.7,"small",0.5,25,"100/100/100/100/100/100/100/100/100/100","-4.5/-4.16666666666667/-3.83333333333333/-3.5/-3.16666666666667/-2.83333333333333/-2.5/-2.16666666666667/-1.83333333333333/-1.5",-0.0858800694806355,-0.0771062167818387,0.0347246947756171,-0.00877385269879681,0.0337672355703008,0.97,100
"Pooled CCW","RD",9,-0.7,"small",0.5,25,"100/100/100/100/100/100/100/100/100/100","-4.5/-4.16666666666667/-3.83333333333333/-3.5/-3.16666666666667/-2.83333333333333/-2.5/-2.16666666666667/-1.83333333333333/-1.5",-0.0636850444210951,-0.0680797510179275,0.0273179663177996,0.00439470659683242,0.0270979860161136,0.96,100
"Pooled CCW","RD",3,-0.5,"small",0.5,25,"100/100/100/100/100/100/100/100/100/100","-4.5/-4.16666666666667/-3.83333333333333/-3.5/-3.16666666666667/-2.83333333333333/-2.5/-2.16666666666667/-1.83333333333333/-1.5",-0.0798524214554301,-0.0652419226450364,0.0529045076393576,-0.0146104988103937,0.0511031859003525,0.95,100
"Pooled CCW","RD",6,-0.5,"small",0.5,25,"100/100/100/100/100/100/100/100/100/100","-4.5/-4.16666666666667/-3.83333333333333/-3.5/-3.16666666666667/-2.83333333333333/-2.5/-2.16666666666667/-1.83333333333333/-1.5",-0.0363052007251745,-0.0537208970116081,0.034424537063581,0.0174156962864336,0.0298437390842003,0.93,100
"Pooled CCW","RD",9,-0.5,"small",0.5,25,"100/100/100/100/100/100/100/100/100/100","-4.5/-4.16666666666667/-3.83333333333333/-3.5/-3.16666666666667/-2.83333333333333/-2.5/-2.16666666666667/-1.83333333333333/-1.5",-0.0529947246327313,-0.0477480204468972,0.0309023139595162,-0.00524670418583413,0.0306070748941255,0.96,100
"Pooled CCW","RD",3,-1,"strong",1.5,25,"100/100/100/100/100/100/100/100/100/100","-4.5/-4.16666666666667/-3.83333333333333/-3.5/-3.16666666666667/-2.83333333333333/-2.5/-2.16666666666667/-1.83333333333333/-1.5",-0.139161821892459,-0.146989280744022,0.093482719457198,0.00782745885156311,0.0936237350390751,0.87,100
"Pooled CCW","RD",6,-1,"strong",1.5,25,"100/100/100/100/100/100/100/100/100/100","-4.5/-4.16666666666667/-3.83333333333333/-3.5/-3.16666666666667/-2.83333333333333/-2.5/-2.16666666666667/-1.83333333333333/-1.5",-0.124891695836277,-0.124887284393515,0.0795678212738634,-4.41144276207492e-06,0.0799686691351122,0.86,100
"Pooled CCW","RD",9,-1,"strong",1.5,25,"100/100/100/100/100/100/100/100/100/100","-4.5/-4.16666666666667/-3.83333333333333/-3.5/-3.16666666666667/-2.83333333333333/-2.5/-2.16666666666667/-1.83333333333333/-1.5",-0.0907704131362492,-0.108579816052468,0.0588536822775817,0.0178094029162188,0.0563769876166292,0.86,100
"Pooled CCW","RD",3,-0.7,"strong",1.5,25,"100/100/100/100/100/100/100/100/100/100","-4.5/-4.16666666666667/-3.83333333333333/-3.5/-3.16666666666667/-2.83333333333333/-2.5/-2.16666666666667/-1.83333333333333/-1.5",-0.130505966063233,-0.0973733428414895,0.155475789680842,-0.0331326232217438,0.15266967859715,0.83,100
"Pooled CCW","RD",6,-0.7,"strong",1.5,25,"100/100/100/100/100/100/100/100/100/100","-4.5/-4.16666666666667/-3.83333333333333/-3.5/-3.16666666666667/-2.83333333333333/-2.5/-2.16666666666667/-1.83333333333333/-1.5",-0.0740078188018682,-0.0850755560904202,0.0653827053631312,0.011067737288552,0.064763777068009,0.89,100
"Pooled CCW","RD",9,-0.7,"strong",1.5,25,"100/100/100/100/100/100/100/100/100/100","-4.5/-4.16666666666667/-3.83333333333333/-3.5/-3.16666666666667/-2.83333333333333/-2.5/-2.16666666666667/-1.83333333333333/-1.5",-0.0884979418301277,-0.0732213723376015,0.0723516333206891,-0.0152765694925262,0.0710767494461428,0.91,100
"Pooled CCW","RD",3,-0.5,"strong",1.5,25,"100/100/100/100/100/100/100/100/100/100","-4.5/-4.16666666666667/-3.83333333333333/-3.5/-3.16666666666667/-2.83333333333333/-2.5/-2.16666666666667/-1.83333333333333/-1.5",-0.0667216495014825,-0.0665056112907388,0.134010739780149,-0.000216038210743681,0.134685686115332,0.69,100
"Pooled CCW","RD",6,-0.5,"strong",1.5,25,"100/100/100/100/100/100/100/100/100/100","-4.5/-4.16666666666667/-3.83333333333333/-3.5/-3.16666666666667/-2.83333333333333/-2.5/-2.16666666666667/-1.83333333333333/-1.5",-0.0633501588864568,-0.0595574571296151,0.0692366580349577,-0.00379270175684167,0.0694809779159366,0.87,100
"Pooled CCW","RD",9,-0.5,"strong",1.5,25,"100/100/100/100/100/100/100/100/100/100","-4.5/-4.16666666666667/-3.83333333333333/-3.5/-3.16666666666667/-2.83333333333333/-2.5/-2.16666666666667/-1.83333333333333/-1.5",-0.0365109116999682,-0.0503766543423977,0.06591557647807,0.0138657426424295,0.064765344918672,0.83,100
"Federated IPW (no cloning)","RD",3,-1,"medium",1,25,"100/100/100/100/100/100/100/100/100/100","-4.5/-4.16666666666667/-3.83333333333333/-3.5/-3.16666666666667/-2.83333333333333/-2.5/-2.16666666666667/-1.83333333333333/-1.5",-0.134485092722689,-0.144325121699538,0.0868915531987978,0.00984002897684867,0.0867675161894773,NA,100
"Federated IPW (no cloning)","RD",6,-1,"medium",1,25,"100/100/100/100/100/100/100/100/100/100","-4.5/-4.16666666666667/-3.83333333333333/-3.5/-3.16666666666667/-2.83333333333333/-2.5/-2.16666666666667/-1.83333333333333/-1.5",-0.0617603475564431,-0.11753671793992,0.0765704367619499,0.055776370383477,0.0527240605259534,NA,100
"Federated IPW (no cloning)","RD",9,-1,"medium",1,25,"100/100/100/100/100/100/100/100/100/100","-4.5/-4.16666666666667/-3.83333333333333/-3.5/-3.16666666666667/-2.83333333333333/-2.5/-2.16666666666667/-1.83333333333333/-1.5",-0.0589489187479253,-0.104305359560479,0.0878936565314266,0.0453564408125537,0.075665986749593,NA,100
"Federated IPW (no cloning)","RD",3,-0.7,"medium",1,25,"100/100/100/100/100/100/100/100/100/100","-4.5/-4.16666666666667/-3.83333333333333/-3.5/-3.16666666666667/-2.83333333333333/-2.5/-2.16666666666667/-1.83333333333333/-1.5",-0.0835246720457372,-0.0957341062643613,0.0880969564894497,0.0122094342186241,0.0876863295080311,NA,100
"Federated IPW (no cloning)","RD",6,-0.7,"medium",1,25,"100/100/100/100/100/100/100/100/100/100","-4.5/-4.16666666666667/-3.83333333333333/-3.5/-3.16666666666667/-2.83333333333333/-2.5/-2.16666666666667/-1.83333333333333/-1.5",-0.0407318481283432,-0.0793266057246547,0.0815026371155862,0.0385947575963114,0.0721469078057837,NA,100
"Federated IPW (no cloning)","RD",9,-0.7,"medium",1,25,"100/100/100/100/100/100/100/100/100/100","-4.5/-4.16666666666667/-3.83333333333333/-3.5/-3.16666666666667/-2.83333333333333/-2.5/-2.16666666666667/-1.83333333333333/-1.5",-0.00797761459336788,-0.0709487004451346,0.0815726236853729,0.0629710858517667,0.0521142420438303,NA,100
"Federated IPW (no cloning)","RD",3,-0.5,"medium",1,25,"100/100/100/100/100/100/100/100/100/100","-4.5/-4.16666666666667/-3.83333333333333/-3.5/-3.16666666666667/-2.83333333333333/-2.5/-2.16666666666667/-1.83333333333333/-1.5",-0.0263903552084229,-0.0662533898107849,0.0892022417427834,0.039863034602362,0.0802016297740451,NA,100
"Federated IPW (no cloning)","RD",6,-0.5,"medium",1,25,"100/100/100/100/100/100/100/100/100/100","-4.5/-4.16666666666667/-3.83333333333333/-3.5/-3.16666666666667/-2.83333333333333/-2.5/-2.16666666666667/-1.83333333333333/-1.5",-0.0306026790291506,-0.0551771959607568,0.0981430231041867,0.0245745169316062,0.0954952328473671,NA,100
"Federated IPW (no cloning)","RD",9,-0.5,"medium",1,25,"100/100/100/100/100/100/100/100/100/100","-4.5/-4.16666666666667/-3.83333333333333/-3.5/-3.16666666666667/-2.83333333333333/-2.5/-2.16666666666667/-1.83333333333333/-1.5",0.011370150578885,-0.0497459016528424,0.076331467912045,0.0611160522317274,0.045961349080607,NA,100
"Federated IPW (no cloning)","RD",3,-1,"small",0.5,25,"100/100/100/100/100/100/100/100/100/100","-4.5/-4.16666666666667/-3.83333333333333/-3.5/-3.16666666666667/-2.83333333333333/-2.5/-2.16666666666667/-1.83333333333333/-1.5",-0.110702761134994,-0.142331830961643,0.068642662301552,0.0316290698266492,0.0612283111856957,NA,100
"Federated IPW (no cloning)","RD",6,-1,"small",0.5,25,"100/100/100/100/100/100/100/100/100/100","-4.5/-4.16666666666667/-3.83333333333333/-3.5/-3.16666666666667/-2.83333333333333/-2.5/-2.16666666666667/-1.83333333333333/-1.5",-0.114773569959546,-0.114197883183271,0.0461874659271377,-0.00057568677627471,0.0464165439148165,NA,100
"Federated IPW (no cloning)","RD",9,-1,"small",0.5,25,"100/100/100/100/100/100/100/100/100/100","-4.5/-4.16666666666667/-3.83333333333333/-3.5/-3.16666666666667/-2.83333333333333/-2.5/-2.16666666666667/-1.83333333333333/-1.5",-0.070829235376408,-0.0997926805482521,0.0470954440197803,0.028963445171844,0.0373233169896371,NA,100
"Federated IPW (no cloning)","RD",3,-0.7,"small",0.5,25,"100/100/100/100/100/100/100/100/100/100","-4.5/-4.16666666666667/-3.83333333333333/-3.5/-3.16666666666667/-2.83333333333333/-2.5/-2.16666666666667/-1.83333333333333/-1.5",-0.0741756851705588,-0.0945497549345045,0.0532085877259496,0.0203740697639457,0.0494009680623663,NA,100
"Federated IPW (no cloning)","RD",6,-0.7,"small",0.5,25,"100/100/100/100/100/100/100/100/100/100","-4.5/-4.16666666666667/-3.83333333333333/-3.5/-3.16666666666667/-2.83333333333333/-2.5/-2.16666666666667/-1.83333333333333/-1.5",-0.0617783460801752,-0.0771062167818387,0.0433431072462648,0.0153278707016635,0.0407465847303324,NA,100
"Federated IPW (no cloning)","RD",9,-0.7,"small",0.5,25,"100/100/100/100/100/100/100/100/100/100","-4.5/-4.16666666666667/-3.83333333333333/-3.5/-3.16666666666667/-2.83333333333333/-2.5/-2.16666666666667/-1.83333333333333/-1.5",-0.035308563935133,-0.0680797510179275,0.0507526676025212,0.0327711870827945,0.0389493658090314,NA,100
"Federated IPW (no cloning)","RD",3,-0.5,"small",0.5,25,"100/100/100/100/100/100/100/100/100/100","-4.5/-4.16666666666667/-3.83333333333333/-3.5/-3.16666666666667/-2.83333333333333/-2.5/-2.16666666666667/-1.83333333333333/-1.5",-0.0726603711321864,-0.0652419226450364,0.0540568597439522,-0.00741844848715006,0.053815159775264,NA,100
"Federated IPW (no cloning)","RD",6,-0.5,"small",0.5,25,"100/100/100/100/100/100/100/100/100/100","-4.5/-4.16666666666667/-3.83333333333333/-3.5/-3.16666666666667/-2.83333333333333/-2.5/-2.16666666666667/-1.83333333333333/-1.5",-0.00727112900725148,-0.0537208970116081,0.0558539248047794,0.0464497680043566,0.0311736739560576,NA,100
"Federated IPW (no cloning)","RD",9,-0.5,"small",0.5,25,"100/100/100/100/100/100/100/100/100/100","-4.5/-4.16666666666667/-3.83333333333333/-3.5/-3.16666666666667/-2.83333333333333/-2.5/-2.16666666666667/-1.83333333333333/-1.5",-0.0222331884440064,-0.0477480204468972,0.0476011570519327,0.0255148320028908,0.040387810699242,NA,100
"Federated IPW (no cloning)","RD",3,-1,"strong",1.5,25,"100/100/100/100/100/100/100/100/100/100","-4.5/-4.16666666666667/-3.83333333333333/-3.5/-3.16666666666667/-2.83333333333333/-2.5/-2.16666666666667/-1.83333333333333/-1.5",-0.138035372226794,-0.146989280744022,0.114378265331919,0.00895390851722796,0.114601704213729,NA,100
"Federated IPW (no cloning)","RD",6,-1,"strong",1.5,25,"100/100/100/100/100/100/100/100/100/100","-4.5/-4.16666666666667/-3.83333333333333/-3.5/-3.16666666666667/-2.83333333333333/-2.5/-2.16666666666667/-1.83333333333333/-1.5",-0.0689124201960389,-0.124887284393515,0.10715563677272,0.0559748641974757,0.0918339799253549,NA,100
"Federated IPW (no cloning)","RD",9,-1,"strong",1.5,25,"100/100/100/100/100/100/100/100/100/100","-4.5/-4.16666666666667/-3.83333333333333/-3.5/-3.16666666666667/-2.83333333333333/-2.5/-2.16666666666667/-1.83333333333333/-1.5",-0.0117761506878951,-0.108579816052468,0.116705340450664,0.0968036653645729,0.0655141812213213,NA,100
"Federated IPW (no cloning)","RD",3,-0.7,"strong",1.5,25,"100/100/100/100/100/100/100/100/100/100","-4.5/-4.16666666666667/-3.83333333333333/-3.5/-3.16666666666667/-2.83333333333333/-2.5/-2.16666666666667/-1.83333333333333/-1.5",-0.106016855082484,-0.0973733428414895,0.182767516894521,-0.00864351224099481,0.183482735069583,NA,100
"Federated IPW (no cloning)","RD",6,-0.7,"strong",1.5,25,"100/100/100/100/100/100/100/100/100/100","-4.5/-4.16666666666667/-3.83333333333333/-3.5/-3.16666666666667/-2.83333333333333/-2.5/-2.16666666666667/-1.83333333333333/-1.5",-0.0333698192579649,-0.0850755560904202,0.0994704641686593,0.0517057368324553,0.0854039126947776,NA,100
"Federated IPW (no cloning)","RD",9,-0.7,"strong",1.5,25,"100/100/100/100/100/100/100/100/100/100","-4.5/-4.16666666666667/-3.83333333333333/-3.5/-3.16666666666667/-2.83333333333333/-2.5/-2.16666666666667/-1.83333333333333/-1.5",-0.0130116253847781,-0.0732213723376015,0.0993322027833262,0.0602097469528234,0.0794022674895983,NA,100
"Federated IPW (no cloning)","RD",3,-0.5,"strong",1.5,25,"100/100/100/100/100/100/100/100/100/100","-4.5/-4.16666666666667/-3.83333333333333/-3.5/-3.16666666666667/-2.83333333333333/-2.5/-2.16666666666667/-1.83333333333333/-1.5",-0.0354594104544005,-0.0665056112907388,0.112836910680667,0.0310462008363383,0.109028315410258,NA,100
"Federated IPW (no cloning)","RD",6,-0.5,"strong",1.5,25,"100/100/100/100/100/100/100/100/100/100","-4.5/-4.16666666666667/-3.83333333333333/-3.5/-3.16666666666667/-2.83333333333333/-2.5/-2.16666666666667/-1.83333333333333/-1.5",-0.010960954456621,-0.0595574571296151,0.106502361460848,0.0485965026729941,0.0952462673236151,NA,100
"Federated IPW (no cloning)","RD",9,-0.5,"strong",1.5,25,"100/100/100/100/100/100/100/100/100/100","-4.5/-4.16666666666667/-3.83333333333333/-3.5/-3.16666666666667/-2.83333333333333/-2.5/-2.16666666666667/-1.83333333333333/-1.5",0.0468294214680199,-0.0503766543423977,0.119918649500302,0.0972060758104176,0.0705781415464957,NA,100
"Federated per-protocol (unweighted)","RD",3,-1,"medium",1,25,"100/100/100/100/100/100/100/100/100/100","-4.5/-4.16666666666667/-3.83333333333333/-3.5/-3.16666666666667/-2.83333333333333/-2.5/-2.16666666666667/-1.83333333333333/-1.5",0.0413011502968075,-0.144325121699538,0.187072549442657,0.185626271996345,0.023333893926471,NA,100
"Federated per-protocol (unweighted)","RD",6,-1,"medium",1,25,"100/100/100/100/100/100/100/100/100/100","-4.5/-4.16666666666667/-3.83333333333333/-3.5/-3.16666666666667/-2.83333333333333/-2.5/-2.16666666666667/-1.83333333333333/-1.5",0.0660930527580041,-0.11753671793992,0.184659992789893,0.183629770697924,0.0195768429113268,NA,100
"Federated per-protocol (unweighted)","RD",9,-1,"medium",1,25,"100/100/100/100/100/100/100/100/100/100","-4.5/-4.16666666666667/-3.83333333333333/-3.5/-3.16666666666667/-2.83333333333333/-2.5/-2.16666666666667/-1.83333333333333/-1.5",0.0807674672903415,-0.104305359560479,0.186391489811259,0.185072826850821,0.0222437424070116,NA,100
"Federated per-protocol (unweighted)","RD",3,-0.7,"medium",1,25,"100/100/100/100/100/100/100/100/100/100","-4.5/-4.16666666666667/-3.83333333333333/-3.5/-3.16666666666667/-2.83333333333333/-2.5/-2.16666666666667/-1.83333333333333/-1.5",0.0775224815771028,-0.0957341062643613,0.174158214527857,0.173256587841464,0.01778770591962,NA,100
"Federated per-protocol (unweighted)","RD",6,-0.7,"medium",1,25,"100/100/100/100/100/100/100/100/100/100","-4.5/-4.16666666666667/-3.83333333333333/-3.5/-3.16666666666667/-2.83333333333333/-2.5/-2.16666666666667/-1.83333333333333/-1.5",0.100690725377395,-0.0793266057246547,0.181899610020539,0.18001733110205,0.0262318456418341,NA,100
"Federated per-protocol (unweighted)","RD",9,-0.7,"medium",1,25,"100/100/100/100/100/100/100/100/100/100","-4.5/-4.16666666666667/-3.83333333333333/-3.5/-3.16666666666667/-2.83333333333333/-2.5/-2.16666666666667/-1.83333333333333/-1.5",0.112744116820452,-0.0709487004451346,0.184922861644714,0.183692817265586,0.0214007845580225,NA,100
"Federated per-protocol (unweighted)","RD",3,-0.5,"medium",1,25,"100/100/100/100/100/100/100/100/100/100","-4.5/-4.16666666666667/-3.83333333333333/-3.5/-3.16666666666667/-2.83333333333333/-2.5/-2.16666666666667/-1.83333333333333/-1.5",0.113308575609185,-0.0662533898107849,0.180543489333264,0.17956196541997,0.0188950347587283,NA,100
"Federated per-protocol (unweighted)","RD",6,-0.5,"medium",1,25,"100/100/100/100/100/100/100/100/100/100","-4.5/-4.16666666666667/-3.83333333333333/-3.5/-3.16666666666667/-2.83333333333333/-2.5/-2.16666666666667/-1.83333333333333/-1.5",0.124378504696699,-0.0551771959607568,0.180800593868429,0.179555700657456,0.021287002355413,NA,100
"Federated per-protocol (unweighted)","RD",9,-0.5,"medium",1,25,"100/100/100/100/100/100/100/100/100/100","-4.5/-4.16666666666667/-3.83333333333333/-3.5/-3.16666666666667/-2.83333333333333/-2.5/-2.16666666666667/-1.83333333333333/-1.5",0.129248961783843,-0.0497459016528424,0.180157207704755,0.178994863436686,0.0205347291747232,NA,100
"Federated per-protocol (unweighted)","RD",3,-1,"small",0.5,25,"100/100/100/100/100/100/100/100/100/100","-4.5/-4.16666666666667/-3.83333333333333/-3.5/-3.16666666666667/-2.83333333333333/-2.5/-2.16666666666667/-1.83333333333333/-1.5",-0.0307409695072078,-0.142331830961643,0.116535946503067,0.111590861454435,0.0337565028112072,NA,100
"Federated per-protocol (unweighted)","RD",6,-1,"small",0.5,25,"100/100/100/100/100/100/100/100/100/100","-4.5/-4.16666666666667/-3.83333333333333/-3.5/-3.16666666666667/-2.83333333333333/-2.5/-2.16666666666667/-1.83333333333333/-1.5",-0.0252128792311719,-0.114197883183271,0.0919857288283414,0.0889850039520994,0.0234206888538725,NA,100
"Federated per-protocol (unweighted)","RD",9,-1,"small",0.5,25,"100/100/100/100/100/100/100/100/100/100","-4.5/-4.16666666666667/-3.83333333333333/-3.5/-3.16666666666667/-2.83333333333333/-2.5/-2.16666666666667/-1.83333333333333/-1.5",-0.00553986804344208,-0.0997926805482521,0.0985385415018814,0.09425281250481,0.0288894006680779,NA,100
"Federated per-protocol (unweighted)","RD",3,-0.7,"small",0.5,25,"100/100/100/100/100/100/100/100/100/100","-4.5/-4.16666666666667/-3.83333333333333/-3.5/-3.16666666666667/-2.83333333333333/-2.5/-2.16666666666667/-1.83333333333333/-1.5",0.0184543032424295,-0.0945497549345045,0.115722796805565,0.113004058176934,0.025062518516506,NA,100
"Federated per-protocol (unweighted)","RD",6,-0.7,"small",0.5,25,"100/100/100/100/100/100/100/100/100/100","-4.5/-4.16666666666667/-3.83333333333333/-3.5/-3.16666666666667/-2.83333333333333/-2.5/-2.16666666666667/-1.83333333333333/-1.5",0.0290119982812019,-0.0771062167818387,0.108970546612725,0.106118215063041,0.0248938039613657,NA,100
"Federated per-protocol (unweighted)","RD",9,-0.7,"small",0.5,25,"100/100/100/100/100/100/100/100/100/100","-4.5/-4.16666666666667/-3.83333333333333/-3.5/-3.16666666666667/-2.83333333333333/-2.5/-2.16666666666667/-1.83333333333333/-1.5",0.0363548396596617,-0.0680797510179275,0.106341318014224,0.104434590677589,0.020148243200019,NA,100
"Federated per-protocol (unweighted)","RD",3,-0.5,"small",0.5,25,"100/100/100/100/100/100/100/100/100/100","-4.5/-4.16666666666667/-3.83333333333333/-3.5/-3.16666666666667/-2.83333333333333/-2.5/-2.16666666666667/-1.83333333333333/-1.5",0.0230719708557973,-0.0652419226450364,0.0913762612432219,0.0883138935008337,0.0235761678484249,NA,100
"Federated per-protocol (unweighted)","RD",6,-0.5,"small",0.5,25,"100/100/100/100/100/100/100/100/100/100","-4.5/-4.16666666666667/-3.83333333333333/-3.5/-3.16666666666667/-2.83333333333333/-2.5/-2.16666666666667/-1.83333333333333/-1.5",0.0519525993368595,-0.0537208970116081,0.10760559550672,0.105673496348468,0.0204019298415349,NA,100
"Federated per-protocol (unweighted)","RD",9,-0.5,"small",0.5,25,"100/100/100/100/100/100/100/100/100/100","-4.5/-4.16666666666667/-3.83333333333333/-3.5/-3.16666666666667/-2.83333333333333/-2.5/-2.16666666666667/-1.83333333333333/-1.5",0.0601710647306635,-0.0477480204468972,0.1097002171838,0.107919085177561,0.0197869639927846,NA,100
"Federated per-protocol (unweighted)","RD",3,-1,"strong",1.5,25,"100/100/100/100/100/100/100/100/100/100","-4.5/-4.16666666666667/-3.83333333333333/-3.5/-3.16666666666667/-2.83333333333333/-2.5/-2.16666666666667/-1.83333333333333/-1.5",0.0753106147883787,-0.146989280744022,0.224193838328525,0.2222998955324,0.0292262783159712,NA,100
"Federated per-protocol (unweighted)","RD",6,-1,"strong",1.5,25,"100/100/100/100/100/100/100/100/100/100","-4.5/-4.16666666666667/-3.83333333333333/-3.5/-3.16666666666667/-2.83333333333333/-2.5/-2.16666666666667/-1.83333333333333/-1.5",0.104077074512004,-0.124887284393515,0.229671283430275,0.228964358905519,0.0180968433961197,NA,100
"Federated per-protocol (unweighted)","RD",9,-1,"strong",1.5,25,"100/100/100/100/100/100/100/100/100/100","-4.5/-4.16666666666667/-3.83333333333333/-3.5/-3.16666666666667/-2.83333333333333/-2.5/-2.16666666666667/-1.83333333333333/-1.5",0.138568734974297,-0.108579816052468,0.247878107110734,0.247148551026765,0.0190996776685317,NA,100
"Federated per-protocol (unweighted)","RD",3,-0.7,"strong",1.5,25,"100/100/100/100/100/100/100/100/100/100","-4.5/-4.16666666666667/-3.83333333333333/-3.5/-3.16666666666667/-2.83333333333333/-2.5/-2.16666666666667/-1.83333333333333/-1.5",0.119119262439708,-0.0973733428414895,0.217574988633249,0.216492605281197,0.0217847026607753,NA,100
"Federated per-protocol (unweighted)","RD",6,-0.7,"strong",1.5,25,"100/100/100/100/100/100/100/100/100/100","-4.5/-4.16666666666667/-3.83333333333333/-3.5/-3.16666666666667/-2.83333333333333/-2.5/-2.16666666666667/-1.83333333333333/-1.5",0.137283839471283,-0.0850755560904202,0.223460787722873,0.222359395561703,0.0222706686469207,NA,100
"Federated per-protocol (unweighted)","RD",9,-0.7,"strong",1.5,25,"100/100/100/100/100/100/100/100/100/100","-4.5/-4.16666666666667/-3.83333333333333/-3.5/-3.16666666666667/-2.83333333333333/-2.5/-2.16666666666667/-1.83333333333333/-1.5",0.153912587842389,-0.0732213723376015,0.228058534054401,0.227133960179991,0.020618200452406,NA,100
"Federated per-protocol (unweighted)","RD",3,-0.5,"strong",1.5,25,"100/100/100/100/100/100/100/100/100/100","-4.5/-4.16666666666667/-3.83333333333333/-3.5/-3.16666666666667/-2.83333333333333/-2.5/-2.16666666666667/-1.83333333333333/-1.5",0.135027753239305,-0.0665056112907388,0.202521370470466,0.201533364530044,0.0200808587293784,NA,100
"Federated per-protocol (unweighted)","RD",6,-0.5,"strong",1.5,25,"100/100/100/100/100/100/100/100/100/100","-4.5/-4.16666666666667/-3.83333333333333/-3.5/-3.16666666666667/-2.83333333333333/-2.5/-2.16666666666667/-1.83333333333333/-1.5",0.156778296889411,-0.0595574571296151,0.217400507968921,0.216335754019026,0.0215983163897774,NA,100
"Federated per-protocol (unweighted)","RD",9,-0.5,"strong",1.5,25,"100/100/100/100/100/100/100/100/100/100","-4.5/-4.16666666666667/-3.83333333333333/-3.5/-3.16666666666667/-2.83333333333333/-2.5/-2.16666666666667/-1.83333333333333/-1.5",0.200631476407316,-0.0503766543423977,0.25187385689834,0.251008130749713,0.0209703515184682,NA,100
"Federated landmark IPW","RD",3,-1,"medium",1,25,"100/100/100/100/100/100/100/100/100/100","-4.5/-4.16666666666667/-3.83333333333333/-3.5/-3.16666666666667/-2.83333333333333/-2.5/-2.16666666666667/-1.83333333333333/-1.5",-0.171864996328211,-0.144325121699538,0.115945116044401,-0.0275398746286733,0.113194323125611,NA,100
"Federated landmark IPW","RD",6,-1,"medium",1,25,"100/100/100/100/100/100/100/100/100/100","-4.5/-4.16666666666667/-3.83333333333333/-3.5/-3.16666666666667/-2.83333333333333/-2.5/-2.16666666666667/-1.83333333333333/-1.5",-0.182718249174918,-0.11753671793992,0.0995251351081509,-0.0651815312349978,0.0755894045816394,NA,100
"Federated landmark IPW","RD",9,-1,"medium",1,25,"100/100/100/100/100/100/100/100/100/100","-4.5/-4.16666666666667/-3.83333333333333/-3.5/-3.16666666666667/-2.83333333333333/-2.5/-2.16666666666667/-1.83333333333333/-1.5",-0.198469554273262,-0.104305359560479,0.117906503312992,-0.0941641947127828,0.0713155454853177,NA,100
"Federated landmark IPW","RD",3,-0.7,"medium",1,25,"100/100/100/100/100/100/100/100/100/100","-4.5/-4.16666666666667/-3.83333333333333/-3.5/-3.16666666666667/-2.83333333333333/-2.5/-2.16666666666667/-1.83333333333333/-1.5",-0.134559144121463,-0.0957341062643613,0.114951161542738,-0.038825037857102,0.108741125147771,NA,100
"Federated landmark IPW","RD",6,-0.7,"medium",1,25,"100/100/100/100/100/100/100/100/100/100","-4.5/-4.16666666666667/-3.83333333333333/-3.5/-3.16666666666667/-2.83333333333333/-2.5/-2.16666666666667/-1.83333333333333/-1.5",-0.137810252462418,-0.0793266057246547,0.102088800299955,-0.0584836467377637,0.0840982242629317,NA,100
"Federated landmark IPW","RD",9,-0.7,"medium",1,25,"100/100/100/100/100/100/100/100/100/100","-4.5/-4.16666666666667/-3.83333333333333/-3.5/-3.16666666666667/-2.83333333333333/-2.5/-2.16666666666667/-1.83333333333333/-1.5",-0.117694869804302,-0.0709487004451346,0.0975347126803236,-0.0467461693591679,0.0860339129039996,NA,100
"Federated landmark IPW","RD",3,-0.5,"medium",1,25,"100/100/100/100/100/100/100/100/100/100","-4.5/-4.16666666666667/-3.83333333333333/-3.5/-3.16666666666667/-2.83333333333333/-2.5/-2.16666666666667/-1.83333333333333/-1.5",-0.0329075800257052,-0.0662533898107849,0.0947885518794239,0.0333458097850796,0.0891765162341075,NA,100
"Federated landmark IPW","RD",6,-0.5,"medium",1,25,"100/100/100/100/100/100/100/100/100/100","-4.5/-4.16666666666667/-3.83333333333333/-3.5/-3.16666666666667/-2.83333333333333/-2.5/-2.16666666666667/-1.83333333333333/-1.5",-0.0958893727351724,-0.0551771959607568,0.115934109835291,-0.0407121767744156,0.109097475114476,NA,100
"Federated landmark IPW","RD",9,-0.5,"medium",1,25,"100/100/100/100/100/100/100/100/100/100","-4.5/-4.16666666666667/-3.83333333333333/-3.5/-3.16666666666667/-2.83333333333333/-2.5/-2.16666666666667/-1.83333333333333/-1.5",-0.0911925921659435,-0.0497459016528424,0.107442368463744,-0.0414466905131011,0.0996257359280332,NA,100
"Federated landmark IPW","RD",3,-1,"small",0.5,25,"100/100/100/100/100/100/100/100/100/100","-4.5/-4.16666666666667/-3.83333333333333/-3.5/-3.16666666666667/-2.83333333333333/-2.5/-2.16666666666667/-1.83333333333333/-1.5",-0.189242386945175,-0.142331830961643,0.126008344204858,-0.0469105559835322,0.117540032065443,NA,100
"Federated landmark IPW","RD",6,-1,"small",0.5,25,"100/100/100/100/100/100/100/100/100/100","-4.5/-4.16666666666667/-3.83333333333333/-3.5/-3.16666666666667/-2.83333333333333/-2.5/-2.16666666666667/-1.83333333333333/-1.5",-0.214266999939053,-0.114197883183271,0.125860658072696,-0.100069116755782,0.0767198571888704,NA,100
"Federated landmark IPW","RD",9,-1,"small",0.5,25,"100/100/100/100/100/100/100/100/100/100","-4.5/-4.16666666666667/-3.83333333333333/-3.5/-3.16666666666667/-2.83333333333333/-2.5/-2.16666666666667/-1.83333333333333/-1.5",-0.188692421948215,-0.0997926805482521,0.117756232943326,-0.0888997413999628,0.0776118702262929,NA,100
"Federated landmark IPW","RD",3,-0.7,"small",0.5,25,"100/100/100/100/100/100/100/100/100/100","-4.5/-4.16666666666667/-3.83333333333333/-3.5/-3.16666666666667/-2.83333333333333/-2.5/-2.16666666666667/-1.83333333333333/-1.5",-0.109150055855971,-0.0945497549345045,0.0698385426013975,-0.0146003009214667,0.0686393976870297,NA,100
"Federated landmark IPW","RD",6,-0.7,"small",0.5,25,"100/100/100/100/100/100/100/100/100/100","-4.5/-4.16666666666667/-3.83333333333333/-3.5/-3.16666666666667/-2.83333333333333/-2.5/-2.16666666666667/-1.83333333333333/-1.5",-0.139367396193504,-0.0771062167818387,0.0884188878196013,-0.0622611794116654,0.0630972094464002,NA,100
"Federated landmark IPW","RD",9,-0.7,"small",0.5,25,"100/100/100/100/100/100/100/100/100/100","-4.5/-4.16666666666667/-3.83333333333333/-3.5/-3.16666666666667/-2.83333333333333/-2.5/-2.16666666666667/-1.83333333333333/-1.5",-0.16135399243697,-0.0680797510179275,0.119159703876304,-0.0932742414190426,0.0745284903532472,NA,100
"Federated landmark IPW","RD",3,-0.5,"small",0.5,25,"100/100/100/100/100/100/100/100/100/100","-4.5/-4.16666666666667/-3.83333333333333/-3.5/-3.16666666666667/-2.83333333333333/-2.5/-2.16666666666667/-1.83333333333333/-1.5",-0.100231789610949,-0.0652419226450364,0.0916390362225987,-0.0349898669659129,0.0851227406707958,NA,100
"Federated landmark IPW","RD",6,-0.5,"small",0.5,25,"100/100/100/100/100/100/100/100/100/100","-4.5/-4.16666666666667/-3.83333333333333/-3.5/-3.16666666666667/-2.83333333333333/-2.5/-2.16666666666667/-1.83333333333333/-1.5",-0.0648953426419888,-0.0537208970116081,0.0740394024632081,-0.0111744456303807,0.073560013854988,NA,100
"Federated landmark IPW","RD",9,-0.5,"small",0.5,25,"100/100/100/100/100/100/100/100/100/100","-4.5/-4.16666666666667/-3.83333333333333/-3.5/-3.16666666666667/-2.83333333333333/-2.5/-2.16666666666667/-1.83333333333333/-1.5",-0.0974312562781164,-0.0477480204468972,0.127376939991099,-0.0496832358312192,0.117878815185473,NA,100
"Federated landmark IPW","RD",3,-1,"strong",1.5,25,"100/100/100/100/100/100/100/100/100/100","-4.5/-4.16666666666667/-3.83333333333333/-3.5/-3.16666666666667/-2.83333333333333/-2.5/-2.16666666666667/-1.83333333333333/-1.5",-0.177677249284828,-0.146989280744022,0.130650566495308,-0.0306879685408067,0.127635129866917,NA,100
"Federated landmark IPW","RD",6,-1,"strong",1.5,25,"100/100/100/100/100/100/100/100/100/100","-4.5/-4.16666666666667/-3.83333333333333/-3.5/-3.16666666666667/-2.83333333333333/-2.5/-2.16666666666667/-1.83333333333333/-1.5",-0.200818077747995,-0.124887284393515,0.145273266011793,-0.0759307933544807,0.124473989974184,NA,100
"Federated landmark IPW","RD",9,-1,"strong",1.5,25,"100/100/100/100/100/100/100/100/100/100","-4.5/-4.16666666666667/-3.83333333333333/-3.5/-3.16666666666667/-2.83333333333333/-2.5/-2.16666666666667/-1.83333333333333/-1.5",-0.122357621862378,-0.108579816052468,0.101105081687198,-0.0137778058099097,0.100666514198356,NA,100
"Federated landmark IPW","RD",3,-0.7,"strong",1.5,25,"100/100/100/100/100/100/100/100/100/100","-4.5/-4.16666666666667/-3.83333333333333/-3.5/-3.16666666666667/-2.83333333333333/-2.5/-2.16666666666667/-1.83333333333333/-1.5",-0.0769089803641065,-0.0973733428414895,0.106033152470774,0.020464362477383,0.104563736743202,NA,100
"Federated landmark IPW","RD",6,-0.7,"strong",1.5,25,"100/100/100/100/100/100/100/100/100/100","-4.5/-4.16666666666667/-3.83333333333333/-3.5/-3.16666666666667/-2.83333333333333/-2.5/-2.16666666666667/-1.83333333333333/-1.5",-0.14399675164171,-0.0850755560904202,0.123447053705837,-0.0589211955512894,0.109024451818858,NA,100
"Federated landmark IPW","RD",9,-0.7,"strong",1.5,25,"100/100/100/100/100/100/100/100/100/100","-4.5/-4.16666666666667/-3.83333333333333/-3.5/-3.16666666666667/-2.83333333333333/-2.5/-2.16666666666667/-1.83333333333333/-1.5",-0.0887249550884235,-0.0732213723376015,0.0953157364345902,-0.015503582750822,0.0945202053860383,NA,100
"Federated landmark IPW","RD",3,-0.5,"strong",1.5,25,"100/100/100/100/100/100/100/100/100/100","-4.5/-4.16666666666667/-3.83333333333333/-3.5/-3.16666666666667/-2.83333333333333/-2.5/-2.16666666666667/-1.83333333333333/-1.5",-0.103570704317959,-0.0665056112907388,0.182116933585203,-0.0370650930272201,0.179203502562499,NA,100
"Federated landmark IPW","RD",6,-0.5,"strong",1.5,25,"100/100/100/100/100/100/100/100/100/100","-4.5/-4.16666666666667/-3.83333333333333/-3.5/-3.16666666666667/-2.83333333333333/-2.5/-2.16666666666667/-1.83333333333333/-1.5",-0.0523093846471615,-0.0595574571296151,0.113123440818,0.0072480724824536,0.113459725902237,NA,100
"Federated landmark IPW","RD",9,-0.5,"strong",1.5,25,"100/100/100/100/100/100/100/100/100/100","-4.5/-4.16666666666667/-3.83333333333333/-3.5/-3.16666666666667/-2.83333333333333/-2.5/-2.16666666666667/-1.83333333333333/-1.5",-0.0614477502407678,-0.0503766543423977,0.117729412412913,-0.0110710958983702,0.117798172640638,NA,100
"Local CCW + curve meta-analysis","RD",3,-1,"medium",1,25,"100/100/100/100/100/100/100/100/100/100","-4.5/-4.16666666666667/-3.83333333333333/-3.5/-3.16666666666667/-2.83333333333333/-2.5/-2.16666666666667/-1.83333333333333/-1.5",-0.0958455561778619,-0.144325121699538,0.0692696608717944,0.048479565521676,0.0497267040439408,NA,100
"Local CCW + curve meta-analysis","RD",6,-1,"medium",1,25,"100/100/100/100/100/100/100/100/100/100","-4.5/-4.16666666666667/-3.83333333333333/-3.5/-3.16666666666667/-2.83333333333333/-2.5/-2.16666666666667/-1.83333333333333/-1.5",-0.0753770607776189,-0.11753671793992,0.0556855809203684,0.0421596571623012,0.0365624860237718,NA,100
"Local CCW + curve meta-analysis","RD",9,-1,"medium",1,25,"100/100/100/100/100/100/100/100/100/100","-4.5/-4.16666666666667/-3.83333333333333/-3.5/-3.16666666666667/-2.83333333333333/-2.5/-2.16666666666667/-1.83333333333333/-1.5",-0.0882013038215455,-0.104305359560479,0.0387145214192208,0.0161040557389335,0.0353835200679728,NA,100
"Local CCW + curve meta-analysis","RD",3,-0.7,"medium",1,25,"100/100/100/100/100/100/100/100/100/100","-4.5/-4.16666666666667/-3.83333333333333/-3.5/-3.16666666666667/-2.83333333333333/-2.5/-2.16666666666667/-1.83333333333333/-1.5",-0.0627310897856422,-0.0957341062643613,0.0611532226151297,0.0330030164787191,0.0517425399836596,NA,100
"Local CCW + curve meta-analysis","RD",6,-0.7,"medium",1,25,"100/100/100/100/100/100/100/100/100/100","-4.5/-4.16666666666667/-3.83333333333333/-3.5/-3.16666666666667/-2.83333333333333/-2.5/-2.16666666666667/-1.83333333333333/-1.5",-0.0622665623764085,-0.0793266057246547,0.0432493954650428,0.0170600433482461,0.0399427004879531,NA,100
"Local CCW + curve meta-analysis","RD",9,-0.7,"medium",1,25,"100/100/100/100/100/100/100/100/100/100","-4.5/-4.16666666666667/-3.83333333333333/-3.5/-3.16666666666667/-2.83333333333333/-2.5/-2.16666666666667/-1.83333333333333/-1.5",-0.0511131342883922,-0.0709487004451346,0.0426242196282655,0.0198355661567424,0.0379176994752459,NA,100
"Local CCW + curve meta-analysis","RD",3,-0.5,"medium",1,25,"100/100/100/100/100/100/100/100/100/100","-4.5/-4.16666666666667/-3.83333333333333/-3.5/-3.16666666666667/-2.83333333333333/-2.5/-2.16666666666667/-1.83333333333333/-1.5",-0.0105094256175413,-0.0662533898107849,0.0755888211353218,0.0557439641932436,0.0513089310028635,NA,100
"Local CCW + curve meta-analysis","RD",6,-0.5,"medium",1,25,"100/100/100/100/100/100/100/100/100/100","-4.5/-4.16666666666667/-3.83333333333333/-3.5/-3.16666666666667/-2.83333333333333/-2.5/-2.16666666666667/-1.83333333333333/-1.5",-0.038452569773088,-0.0551771959607568,0.0430590100953621,0.0167246261876688,0.0398781633022238,NA,100
"Local CCW + curve meta-analysis","RD",9,-0.5,"medium",1,25,"100/100/100/100/100/100/100/100/100/100","-4.5/-4.16666666666667/-3.83333333333333/-3.5/-3.16666666666667/-2.83333333333333/-2.5/-2.16666666666667/-1.83333333333333/-1.5",-0.0301767276992351,-0.0497459016528424,0.038642423956482,0.0195691739536073,0.0334887944474172,NA,100
"Local CCW + curve meta-analysis","RD",3,-1,"small",0.5,25,"100/100/100/100/100/100/100/100/100/100","-4.5/-4.16666666666667/-3.83333333333333/-3.5/-3.16666666666667/-2.83333333333333/-2.5/-2.16666666666667/-1.83333333333333/-1.5",-0.105827694655353,-0.142331830961643,0.065560636192608,0.0365041363062905,0.054732084384961,NA,100
"Local CCW + curve meta-analysis","RD",6,-1,"small",0.5,25,"100/100/100/100/100/100/100/100/100/100","-4.5/-4.16666666666667/-3.83333333333333/-3.5/-3.16666666666667/-2.83333333333333/-2.5/-2.16666666666667/-1.83333333333333/-1.5",-0.115236733773392,-0.114197883183271,0.0387339041528761,-0.00103885059012088,0.0389150346212272,NA,100
"Local CCW + curve meta-analysis","RD",9,-1,"small",0.5,25,"100/100/100/100/100/100/100/100/100/100","-4.5/-4.16666666666667/-3.83333333333333/-3.5/-3.16666666666667/-2.83333333333333/-2.5/-2.16666666666667/-1.83333333333333/-1.5",-0.0888928860342833,-0.0997926805482521,0.0324588186826028,0.0108997945139688,0.0307280247473225,NA,100
"Local CCW + curve meta-analysis","RD",3,-0.7,"small",0.5,25,"100/100/100/100/100/100/100/100/100/100","-4.5/-4.16666666666667/-3.83333333333333/-3.5/-3.16666666666667/-2.83333333333333/-2.5/-2.16666666666667/-1.83333333333333/-1.5",-0.0701802688445227,-0.0945497549345045,0.0566468285395028,0.0243694860899818,0.0513946046306951,NA,100
"Local CCW + curve meta-analysis","RD",6,-0.7,"small",0.5,25,"100/100/100/100/100/100/100/100/100/100","-4.5/-4.16666666666667/-3.83333333333333/-3.5/-3.16666666666667/-2.83333333333333/-2.5/-2.16666666666667/-1.83333333333333/-1.5",-0.0704454315848781,-0.0771062167818387,0.0363655989091385,0.00666078519696059,0.0359304986313755,NA,100
"Local CCW + curve meta-analysis","RD",9,-0.7,"small",0.5,25,"100/100/100/100/100/100/100/100/100/100","-4.5/-4.16666666666667/-3.83333333333333/-3.5/-3.16666666666667/-2.83333333333333/-2.5/-2.16666666666667/-1.83333333333333/-1.5",-0.0546757785798023,-0.0680797510179275,0.0359832965925357,0.0134039724381252,0.0335618102554165,NA,100
"Local CCW + curve meta-analysis","RD",3,-0.5,"small",0.5,25,"100/100/100/100/100/100/100/100/100/100","-4.5/-4.16666666666667/-3.83333333333333/-3.5/-3.16666666666667/-2.83333333333333/-2.5/-2.16666666666667/-1.83333333333333/-1.5",-0.066171935477493,-0.0652419226450364,0.0476293486052521,-0.000930012832456699,0.0478601701159468,NA,100
"Local CCW + curve meta-analysis","RD",6,-0.5,"small",0.5,25,"100/100/100/100/100/100/100/100/100/100","-4.5/-4.16666666666667/-3.83333333333333/-3.5/-3.16666666666667/-2.83333333333333/-2.5/-2.16666666666667/-1.83333333333333/-1.5",-0.025151710909919,-0.0537208970116081,0.0401749911368801,0.0285691861016891,0.0283882092172271,NA,100
"Local CCW + curve meta-analysis","RD",9,-0.5,"small",0.5,25,"100/100/100/100/100/100/100/100/100/100","-4.5/-4.16666666666667/-3.83333333333333/-3.5/-3.16666666666667/-2.83333333333333/-2.5/-2.16666666666667/-1.83333333333333/-1.5",-0.0447934784261,-0.0477480204468972,0.0332859967290693,0.00295454202079714,0.0333216382467827,NA,100
"Local CCW + curve meta-analysis","RD",3,-1,"strong",1.5,25,"100/100/100/100/100/100/100/100/100/100","-4.5/-4.16666666666667/-3.83333333333333/-3.5/-3.16666666666667/-2.83333333333333/-2.5/-2.16666666666667/-1.83333333333333/-1.5",-0.106275483604887,-0.146989280744022,0.0721419738274702,0.040713797139135,0.0598554750138033,NA,100
"Local CCW + curve meta-analysis","RD",6,-1,"strong",1.5,25,"100/100/100/100/100/100/100/100/100/100","-4.5/-4.16666666666667/-3.83333333333333/-3.5/-3.16666666666667/-2.83333333333333/-2.5/-2.16666666666667/-1.83333333333333/-1.5",-0.080225911250055,-0.124887284393515,0.0681032803954521,0.0446613731434596,0.0516732014397459,NA,100
"Local CCW + curve meta-analysis","RD",9,-1,"strong",1.5,25,"100/100/100/100/100/100/100/100/100/100","-4.5/-4.16666666666667/-3.83333333333333/-3.5/-3.16666666666667/-2.83333333333333/-2.5/-2.16666666666667/-1.83333333333333/-1.5",-0.0615806563141984,-0.108579816052468,0.0649501291598194,0.0469991597382697,0.0450543808537526,NA,100
"Local CCW + curve meta-analysis","RD",3,-0.7,"strong",1.5,25,"100/100/100/100/100/100/100/100/100/100","-4.5/-4.16666666666667/-3.83333333333333/-3.5/-3.16666666666667/-2.83333333333333/-2.5/-2.16666666666667/-1.83333333333333/-1.5",-0.0417780188514906,-0.0973733428414895,0.0864564944513207,0.0555953239899989,0.0665444742544132,NA,100
"Local CCW + curve meta-analysis","RD",6,-0.7,"strong",1.5,25,"100/100/100/100/100/100/100/100/100/100","-4.5/-4.16666666666667/-3.83333333333333/-3.5/-3.16666666666667/-2.83333333333333/-2.5/-2.16666666666667/-1.83333333333333/-1.5",-0.047855567812144,-0.0850755560904202,0.0608764516053685,0.0372199882782761,0.048415445742972,NA,100
"Local CCW + curve meta-analysis","RD",9,-0.7,"strong",1.5,25,"100/100/100/100/100/100/100/100/100/100","-4.5/-4.16666666666667/-3.83333333333333/-3.5/-3.16666666666667/-2.83333333333333/-2.5/-2.16666666666667/-1.83333333333333/-1.5",-0.0430702770416787,-0.0732213723376015,0.0542927542611923,0.0301510952959229,0.0453784826164128,NA,100
"Local CCW + curve meta-analysis","RD",3,-0.5,"strong",1.5,25,"100/100/100/100/100/100/100/100/100/100","-4.5/-4.16666666666667/-3.83333333333333/-3.5/-3.16666666666667/-2.83333333333333/-2.5/-2.16666666666667/-1.83333333333333/-1.5",-0.0199860199504166,-0.0665056112907388,0.0856646671680877,0.0465195913403223,0.0722954294107554,NA,100
"Local CCW + curve meta-analysis","RD",6,-0.5,"strong",1.5,25,"100/100/100/100/100/100/100/100/100/100","-4.5/-4.16666666666667/-3.83333333333333/-3.5/-3.16666666666667/-2.83333333333333/-2.5/-2.16666666666667/-1.83333333333333/-1.5",-0.0179735279707937,-0.0595574571296151,0.0587790078184661,0.0415839291588215,0.0417514119502056,NA,100
"Local CCW + curve meta-analysis","RD",9,-0.5,"strong",1.5,25,"100/100/100/100/100/100/100/100/100/100","-4.5/-4.16666666666667/-3.83333333333333/-3.5/-3.16666666666667/-2.83333333333333/-2.5/-2.16666666666667/-1.83333333333333/-1.5",-0.00300512530324251,-0.0503766543423977,0.0673842338218638,0.0473715290391552,0.048164000180487,NA,100
"Federated CCW","RR",3,-1,"medium",1,25,"100/100/100/100/100/100/100/100/100/100","-4.5/-4.16666666666667/-3.83333333333333/-3.5/-3.16666666666667/-2.83333333333333/-2.5/-2.16666666666667/-1.83333333333333/-1.5",0.832066630834675,0.829987773390293,0.0991579570804312,0.00207885744438229,0.0996355926226326,0.89,100
"Federated CCW","RR",6,-1,"medium",1,25,"100/100/100/100/100/100/100/100/100/100","-4.5/-4.16666666666667/-3.83333333333333/-3.5/-3.16666666666667/-2.83333333333333/-2.5/-2.16666666666667/-1.83333333333333/-1.5",0.88757089768936,0.861546250131635,0.0622473861900374,0.0260246475577257,0.0568309099899934,0.89,100
"Federated CCW","RR",9,-1,"medium",1,25,"100/100/100/100/100/100/100/100/100/100","-4.5/-4.16666666666667/-3.83333333333333/-3.5/-3.16666666666667/-2.83333333333333/-2.5/-2.16666666666667/-1.83333333333333/-1.5",0.862405272487735,0.877120616840684,0.0800258524909034,-0.0147153443529485,0.0790575529232477,0.93,100
"Federated CCW","RR",3,-0.7,"medium",1,25,"100/100/100/100/100/100/100/100/100/100","-4.5/-4.16666666666667/-3.83333333333333/-3.5/-3.16666666666667/-2.83333333333333/-2.5/-2.16666666666667/-1.83333333333333/-1.5",0.875173550092584,0.887227058069777,0.105565092854221,-0.0120535079771925,0.105403034930162,0.92,100
"Federated CCW","RR",6,-0.7,"medium",1,25,"100/100/100/100/100/100/100/100/100/100","-4.5/-4.16666666666667/-3.83333333333333/-3.5/-3.16666666666667/-2.83333333333333/-2.5/-2.16666666666667/-1.83333333333333/-1.5",0.892451855360198,0.906556298155936,0.0692464025963219,-0.0141044427957376,0.068136293640499,0.96,100
"Federated CCW","RR",9,-0.7,"medium",1,25,"100/100/100/100/100/100/100/100/100/100","-4.5/-4.16666666666667/-3.83333333333333/-3.5/-3.16666666666667/-2.83333333333333/-2.5/-2.16666666666667/-1.83333333333333/-1.5",0.917750111873591,0.916417214001374,0.0554060831000428,0.00133289787221698,0.055669092922548,0.95,100
"Federated CCW","RR",3,-0.5,"medium",1,25,"100/100/100/100/100/100/100/100/100/100","-4.5/-4.16666666666667/-3.83333333333333/-3.5/-3.16666666666667/-2.83333333333333/-2.5/-2.16666666666667/-1.83333333333333/-1.5",0.946165293674253,0.921954776898632,0.0986769288338124,0.024210516775621,0.0961427135839398,0.79,100
"Federated CCW","RR",6,-0.5,"medium",1,25,"100/100/100/100/100/100/100/100/100/100","-4.5/-4.16666666666667/-3.83333333333333/-3.5/-3.16666666666667/-2.83333333333333/-2.5/-2.16666666666667/-1.83333333333333/-1.5",0.911508857480473,0.935003377481636,0.103758161747173,-0.0234945200011635,0.101572304241643,0.95,100
"Federated CCW","RR",9,-0.5,"medium",1,25,"100/100/100/100/100/100/100/100/100/100","-4.5/-4.16666666666667/-3.83333333333333/-3.5/-3.16666666666667/-2.83333333333333/-2.5/-2.16666666666667/-1.83333333333333/-1.5",0.945505321958709,0.941395670025365,0.0481305916940369,0.00410965193334393,0.0481964060209705,0.96,100
"Federated CCW","RR",3,-1,"small",0.5,25,"100/100/100/100/100/100/100/100/100/100","-4.5/-4.16666666666667/-3.83333333333333/-3.5/-3.16666666666667/-2.83333333333333/-2.5/-2.16666666666667/-1.83333333333333/-1.5",0.869894176715594,0.832354176434642,0.0783026522380315,0.0375400002809516,0.0690633856598726,0.78,100
"Federated CCW","RR",6,-1,"small",0.5,25,"100/100/100/100/100/100/100/100/100/100","-4.5/-4.16666666666667/-3.83333333333333/-3.5/-3.16666666666667/-2.83333333333333/-2.5/-2.16666666666667/-1.83333333333333/-1.5",0.851564101471831,0.865506219238952,0.0488537451358177,-0.013942117767121,0.0470579458609241,0.91,100
"Federated CCW","RR",9,-1,"small",0.5,25,"100/100/100/100/100/100/100/100/100/100","-4.5/-4.16666666666667/-3.83333333333333/-3.5/-3.16666666666667/-2.83333333333333/-2.5/-2.16666666666667/-1.83333333333333/-1.5",0.88846801676948,0.882500029239267,0.0370319040944129,0.00596798753021376,0.0367319672750585,0.94,100
"Federated CCW","RR",3,-0.7,"small",0.5,25,"100/100/100/100/100/100/100/100/100/100","-4.5/-4.16666666666667/-3.83333333333333/-3.5/-3.16666666666667/-2.83333333333333/-2.5/-2.16666666666667/-1.83333333333333/-1.5",0.905924162587806,0.888634387495729,0.0597865982646652,0.0172897750920771,0.0575203170897634,0.93,100
"Federated CCW","RR",6,-0.7,"small",0.5,25,"100/100/100/100/100/100/100/100/100/100","-4.5/-4.16666666666667/-3.83333333333333/-3.5/-3.16666666666667/-2.83333333333333/-2.5/-2.16666666666667/-1.83333333333333/-1.5",0.903944599931771,0.90919002764239,0.0428064607554414,-0.00524542771061924,0.0426978883226317,0.97,100
"Federated CCW","RR",9,-0.7,"small",0.5,25,"100/100/100/100/100/100/100/100/100/100","-4.5/-4.16666666666667/-3.83333333333333/-3.5/-3.16666666666667/-2.83333333333333/-2.5/-2.16666666666667/-1.83333333333333/-1.5",0.926246070798883,0.919840125447511,0.038657169607377,0.00640594535137168,0.0383147600090917,0.93,100
"Federated CCW","RR",3,-0.5,"small",0.5,25,"100/100/100/100/100/100/100/100/100/100","-4.5/-4.16666666666667/-3.83333333333333/-3.5/-3.16666666666667/-2.83333333333333/-2.5/-2.16666666666667/-1.83333333333333/-1.5",0.908314501874746,0.923154674685791,0.0645875694252186,-0.0148401728110444,0.0631762277500248,0.96,100
"Federated CCW","RR",6,-0.5,"small",0.5,25,"100/100/100/100/100/100/100/100/100/100","-4.5/-4.16666666666667/-3.83333333333333/-3.5/-3.16666666666667/-2.83333333333333/-2.5/-2.16666666666667/-1.83333333333333/-1.5",0.969379138650572,0.936731519503118,0.0484454678052463,0.0326476191474545,0.0359727213550603,0.85,100
"Federated CCW","RR",9,-0.5,"small",0.5,25,"100/100/100/100/100/100/100/100/100/100","-4.5/-4.16666666666667/-3.83333333333333/-3.5/-3.16666666666667/-2.83333333333333/-2.5/-2.16666666666667/-1.83333333333333/-1.5",0.930777083708254,0.943779533974132,0.0475777093961884,-0.013002450265878,0.0459970872866982,0.96,100
"Federated CCW","RR",3,-1,"strong",1.5,25,"100/100/100/100/100/100/100/100/100/100","-4.5/-4.16666666666667/-3.83333333333333/-3.5/-3.16666666666667/-2.83333333333333/-2.5/-2.16666666666667/-1.83333333333333/-1.5",0.815092213024791,0.826804695212482,0.136013717543505,-0.0117124821876913,0.13619115028209,0.85,100
"Federated CCW","RR",6,-1,"strong",1.5,25,"100/100/100/100/100/100/100/100/100/100","-4.5/-4.16666666666667/-3.83333333333333/-3.5/-3.16666666666667/-2.83333333333333/-2.5/-2.16666666666667/-1.83333333333333/-1.5",0.8567362491971,0.853061199876405,0.0989333288644917,0.00367504932069523,0.0993631111188264,0.81,100
"Federated CCW","RR",9,-1,"strong",1.5,25,"100/100/100/100/100/100/100/100/100/100","-4.5/-4.16666666666667/-3.83333333333333/-3.5/-3.16666666666667/-2.83333333333333/-2.5/-2.16666666666667/-1.83333333333333/-1.5",0.89620591392464,0.871705363209443,0.0754003467779121,0.0245005507151968,0.0716679725665479,0.8,100
"Federated CCW","RR",3,-0.7,"strong",1.5,25,"100/100/100/100/100/100/100/100/100/100","-4.5/-4.16666666666667/-3.83333333333333/-3.5/-3.16666666666667/-2.83333333333333/-2.5/-2.16666666666667/-1.83333333333333/-1.5",0.853236850873902,0.885266424148435,0.208847085003396,-0.0320295732745324,0.207416068823827,0.77,100
"Federated CCW","RR",6,-0.7,"strong",1.5,25,"100/100/100/100/100/100/100/100/100/100","-4.5/-4.16666666666667/-3.83333333333333/-3.5/-3.16666666666667/-2.83333333333333/-2.5/-2.16666666666667/-1.83333333333333/-1.5",0.903234984043396,0.899902538577233,0.0966631294273014,0.00333244546616267,0.0970923511113911,0.85,100
"Federated CCW","RR",9,-0.7,"strong",1.5,25,"100/100/100/100/100/100/100/100/100/100","-4.5/-4.16666666666667/-3.83333333333333/-3.5/-3.16666666666667/-2.83333333333333/-2.5/-2.16666666666667/-1.83333333333333/-1.5",0.902214928750406,0.913483834188673,0.0894133488610083,-0.0112689054382672,0.0891472435643129,0.89,100
"Federated CCW","RR",3,-0.5,"strong",1.5,25,"100/100/100/100/100/100/100/100/100/100","-4.5/-4.16666666666667/-3.83333333333333/-3.5/-3.16666666666667/-2.83333333333333/-2.5/-2.16666666666667/-1.83333333333333/-1.5",0.934704451962516,0.921637417645176,0.128317607918142,0.0130670343173397,0.1282936228053,0.72,100
"Federated CCW","RR",6,-0.5,"strong",1.5,25,"100/100/100/100/100/100/100/100/100/100","-4.5/-4.16666666666667/-3.83333333333333/-3.5/-3.16666666666667/-2.83333333333333/-2.5/-2.16666666666667/-1.83333333333333/-1.5",0.922815726370003,0.929926402583444,0.109738516341315,-0.00711067621344094,0.110059580983406,0.86,100
"Federated CCW","RR",9,-0.5,"strong",1.5,25,"100/100/100/100/100/100/100/100/100/100","-4.5/-4.16666666666667/-3.83333333333333/-3.5/-3.16666666666667/-2.83333333333333/-2.5/-2.16666666666667/-1.83333333333333/-1.5",0.960828546160153,0.940476464166616,0.0837632464174127,0.0203520819935367,0.0816624872703765,0.79,100
"Pooled CCW","RR",3,-1,"medium",1,25,"100/100/100/100/100/100/100/100/100/100","-4.5/-4.16666666666667/-3.83333333333333/-3.5/-3.16666666666667/-2.83333333333333/-2.5/-2.16666666666667/-1.83333333333333/-1.5",0.853786080808607,0.829987773390293,0.0799244563203933,0.0237983074183139,0.076683524379402,0.85,100
"Pooled CCW","RR",6,-1,"medium",1,25,"100/100/100/100/100/100/100/100/100/100","-4.5/-4.16666666666667/-3.83333333333333/-3.5/-3.16666666666667/-2.83333333333333/-2.5/-2.16666666666667/-1.83333333333333/-1.5",0.881867447807423,0.861546250131635,0.0526988862309102,0.0203211976757883,0.0488682162617586,0.94,100
"Pooled CCW","RR",9,-1,"medium",1,25,"100/100/100/100/100/100/100/100/100/100","-4.5/-4.16666666666667/-3.83333333333333/-3.5/-3.16666666666667/-2.83333333333333/-2.5/-2.16666666666667/-1.83333333333333/-1.5",0.882287409406324,0.877120616840684,0.0485627841705864,0.00516679256564033,0.0485304055579467,0.92,100
"Pooled CCW","RR",3,-0.7,"medium",1,25,"100/100/100/100/100/100/100/100/100/100","-4.5/-4.16666666666667/-3.83333333333333/-3.5/-3.16666666666667/-2.83333333333333/-2.5/-2.16666666666667/-1.83333333333333/-1.5",0.870213550346999,0.887227058069777,0.126235398264048,-0.0170135077227779,0.125713785595444,0.88,100
"Pooled CCW","RR",6,-0.7,"medium",1,25,"100/100/100/100/100/100/100/100/100/100","-4.5/-4.16666666666667/-3.83333333333333/-3.5/-3.16666666666667/-2.83333333333333/-2.5/-2.16666666666667/-1.83333333333333/-1.5",0.910752826686257,0.906556298155936,0.0589729303380016,0.00419652853032136,0.059119769386117,0.87,100
"Pooled CCW","RR",9,-0.7,"medium",1,25,"100/100/100/100/100/100/100/100/100/100","-4.5/-4.16666666666667/-3.83333333333333/-3.5/-3.16666666666667/-2.83333333333333/-2.5/-2.16666666666667/-1.83333333333333/-1.5",0.922612064812599,0.916417214001374,0.0484266133021775,0.00619485081122478,0.048270708638573,0.91,100
"Pooled CCW","RR",3,-0.5,"medium",1,25,"100/100/100/100/100/100/100/100/100/100","-4.5/-4.16666666666667/-3.83333333333333/-3.5/-3.16666666666667/-2.83333333333333/-2.5/-2.16666666666667/-1.83333333333333/-1.5",0.956184959670875,0.921954776898632,0.0896837023673,0.0342301827722421,0.0833118824372474,0.78,100
"Pooled CCW","RR",6,-0.5,"medium",1,25,"100/100/100/100/100/100/100/100/100/100","-4.5/-4.16666666666667/-3.83333333333333/-3.5/-3.16666666666667/-2.83333333333333/-2.5/-2.16666666666667/-1.83333333333333/-1.5",0.926582008355641,0.935003377481636,0.0583921323266858,-0.00842136912599502,0.0580727657418692,0.97,100
"Pooled CCW","RR",9,-0.5,"medium",1,25,"100/100/100/100/100/100/100/100/100/100","-4.5/-4.16666666666667/-3.83333333333333/-3.5/-3.16666666666667/-2.83333333333333/-2.5/-2.16666666666667/-1.83333333333333/-1.5",0.938219125334765,0.941395670025365,0.0455105675910238,-0.00317654469060014,0.0456282887430811,0.98,100
"Pooled CCW","RR",3,-1,"small",0.5,25,"100/100/100/100/100/100/100/100/100/100","-4.5/-4.16666666666667/-3.83333333333333/-3.5/-3.16666666666667/-2.83333333333333/-2.5/-2.16666666666667/-1.83333333333333/-1.5",0.858173401202832,0.832354176434642,0.0749481530770671,0.0258192247681895,0.070714915504305,0.8,100
"Pooled CCW","RR",6,-1,"small",0.5,25,"100/100/100/100/100/100/100/100/100/100","-4.5/-4.16666666666667/-3.83333333333333/-3.5/-3.16666666666667/-2.83333333333333/-2.5/-2.16666666666667/-1.83333333333333/-1.5",0.844878510630189,0.865506219238952,0.0471160188677464,-0.0206277086087635,0.0425739626349509,0.92,100
"Pooled CCW","RR",9,-1,"small",0.5,25,"100/100/100/100/100/100/100/100/100/100","-4.5/-4.16666666666667/-3.83333333333333/-3.5/-3.16666666666667/-2.83333333333333/-2.5/-2.16666666666667/-1.83333333333333/-1.5",0.882011022524023,0.882500029239267,0.0295088844828471,-0.000489006715243309,0.0296534723102542,0.98,100
"Pooled CCW","RR",3,-0.7,"small",0.5,25,"100/100/100/100/100/100/100/100/100/100","-4.5/-4.16666666666667/-3.83333333333333/-3.5/-3.16666666666667/-2.83333333333333/-2.5/-2.16666666666667/-1.83333333333333/-1.5",0.895666983997789,0.888634387495729,0.0527803233578761,0.00703259650205969,0.0525732305062165,0.98,100
"Pooled CCW","RR",6,-0.7,"small",0.5,25,"100/100/100/100/100/100/100/100/100/100","-4.5/-4.16666666666667/-3.83333333333333/-3.5/-3.16666666666667/-2.83333333333333/-2.5/-2.16666666666667/-1.83333333333333/-1.5",0.898985906251124,0.90919002764239,0.0405506597992686,-0.0102041213912661,0.0394435015552334,0.96,100
"Pooled CCW","RR",9,-0.7,"small",0.5,25,"100/100/100/100/100/100/100/100/100/100","-4.5/-4.16666666666667/-3.83333333333333/-3.5/-3.16666666666667/-2.83333333333333/-2.5/-2.16666666666667/-1.83333333333333/-1.5",0.925067021000982,0.919840125447511,0.0320685936541237,0.00522689555347086,0.0317991528669708,0.96,100
"Pooled CCW","RR",3,-0.5,"small",0.5,25,"100/100/100/100/100/100/100/100/100/100","-4.5/-4.16666666666667/-3.83333333333333/-3.5/-3.16666666666667/-2.83333333333333/-2.5/-2.16666666666667/-1.83333333333333/-1.5",0.906351723805328,0.923154674685791,0.0618587366330616,-0.0168029508804632,0.0598327985081797,0.94,100
"Pooled CCW","RR",6,-0.5,"small",0.5,25,"100/100/100/100/100/100/100/100/100/100","-4.5/-4.16666666666667/-3.83333333333333/-3.5/-3.16666666666667/-2.83333333333333/-2.5/-2.16666666666667/-1.83333333333333/-1.5",0.957486200702708,0.936731519503118,0.0405055478744999,0.0207546811995907,0.0349594659500381,0.93,100
"Pooled CCW","RR",9,-0.5,"small",0.5,25,"100/100/100/100/100/100/100/100/100/100","-4.5/-4.16666666666667/-3.83333333333333/-3.5/-3.16666666666667/-2.83333333333333/-2.5/-2.16666666666667/-1.83333333333333/-1.5",0.937901504045089,0.943779533974132,0.0358631619370703,-0.00587802992904266,0.0355564020330114,0.96,100
"Pooled CCW","RR",3,-1,"strong",1.5,25,"100/100/100/100/100/100/100/100/100/100","-4.5/-4.16666666666667/-3.83333333333333/-3.5/-3.16666666666667/-2.83333333333333/-2.5/-2.16666666666667/-1.83333333333333/-1.5",0.835882006772774,0.826804695212482,0.110000232448338,0.00907731156029156,0.110177329761891,0.86,100
"Pooled CCW","RR",6,-1,"strong",1.5,25,"100/100/100/100/100/100/100/100/100/100","-4.5/-4.16666666666667/-3.83333333333333/-3.5/-3.16666666666667/-2.83333333333333/-2.5/-2.16666666666667/-1.83333333333333/-1.5",0.853056792524962,0.853061199876405,0.093646910375657,-4.40735144264251e-06,0.0941186861054903,0.86,100
"Pooled CCW","RR",9,-1,"strong",1.5,25,"100/100/100/100/100/100/100/100/100/100","-4.5/-4.16666666666667/-3.83333333333333/-3.5/-3.16666666666667/-2.83333333333333/-2.5/-2.16666666666667/-1.83333333333333/-1.5",0.891489702471276,0.871705363209443,0.069639174837539,0.0197843392618329,0.0671060866139008,0.85,100
"Pooled CCW","RR",3,-0.7,"strong",1.5,25,"100/100/100/100/100/100/100/100/100/100","-4.5/-4.16666666666667/-3.83333333333333/-3.5/-3.16666666666667/-2.83333333333333/-2.5/-2.16666666666667/-1.83333333333333/-1.5",0.846185263047732,0.885266424148435,0.182178387771644,-0.0390811611007031,0.178833560162799,0.8,100
"Pooled CCW","RR",6,-0.7,"strong",1.5,25,"100/100/100/100/100/100/100/100/100/100","-4.5/-4.16666666666667/-3.83333333333333/-3.5/-3.16666666666667/-2.83333333333333/-2.5/-2.16666666666667/-1.83333333333333/-1.5",0.912967799727051,0.899902538577233,0.0764193490590563,0.0130652611498181,0.0756735136516122,0.88,100
"Pooled CCW","RR",9,-0.7,"strong",1.5,25,"100/100/100/100/100/100/100/100/100/100","-4.5/-4.16666666666667/-3.83333333333333/-3.5/-3.16666666666667/-2.83333333333333/-2.5/-2.16666666666667/-1.83333333333333/-1.5",0.895807057358665,0.913483834188673,0.0855226775296125,-0.0176767768300084,0.0840974658978531,0.92,100
"Pooled CCW","RR",3,-0.5,"strong",1.5,25,"100/100/100/100/100/100/100/100/100/100","-4.5/-4.16666666666667/-3.83333333333333/-3.5/-3.16666666666667/-2.83333333333333/-2.5/-2.16666666666667/-1.83333333333333/-1.5",0.921376671933659,0.921637417645176,0.157925056590375,-0.000260745711517608,0.158720437510684,0.71,100
"Pooled CCW","RR",6,-0.5,"strong",1.5,25,"100/100/100/100/100/100/100/100/100/100","-4.5/-4.16666666666667/-3.83333333333333/-3.5/-3.16666666666667/-2.83333333333333/-2.5/-2.16666666666667/-1.83333333333333/-1.5",0.925787775076882,0.929926402583444,0.0813205752399889,-0.00413862750656213,0.0816243410400776,0.87,100
"Pooled CCW","RR",9,-0.5,"strong",1.5,25,"100/100/100/100/100/100/100/100/100/100","-4.5/-4.16666666666667/-3.83333333333333/-3.5/-3.16666666666667/-2.83333333333333/-2.5/-2.16666666666667/-1.83333333333333/-1.5",0.956304140180637,0.940476464166616,0.0792424949014639,0.0158276760140211,0.0780368837308871,0.83,100
"Federated IPW (no cloning)","RR",3,-1,"medium",1,25,"100/100/100/100/100/100/100/100/100/100","-4.5/-4.16666666666667/-3.83333333333333/-3.5/-3.16666666666667/-2.83333333333333/-2.5/-2.16666666666667/-1.83333333333333/-1.5",0.84214819661471,0.829987773390293,0.102612181088172,0.0121604232244172,0.102402374374081,NA,100
"Federated IPW (no cloning)","RR",6,-1,"medium",1,25,"100/100/100/100/100/100/100/100/100/100","-4.5/-4.16666666666667/-3.83333333333333/-3.5/-3.16666666666667/-2.83333333333333/-2.5/-2.16666666666667/-1.83333333333333/-1.5",0.925850497840247,0.861546250131635,0.0895271960765458,0.0643042477086122,0.0626041158162066,NA,100
"Federated IPW (no cloning)","RR",9,-1,"medium",1,25,"100/100/100/100/100/100/100/100/100/100","-4.5/-4.16666666666667/-3.83333333333333/-3.5/-3.16666666666667/-2.83333333333333/-2.5/-2.16666666666667/-1.83333333333333/-1.5",0.928599776417844,0.877120616840684,0.106496727612278,0.05147915957716,0.0936976068889718,NA,100
"Federated IPW (no cloning)","RR",3,-0.7,"medium",1,25,"100/100/100/100/100/100/100/100/100/100","-4.5/-4.16666666666667/-3.83333333333333/-3.5/-3.16666666666667/-2.83333333333333/-2.5/-2.16666666666667/-1.83333333333333/-1.5",0.900964945204605,0.887227058069777,0.104269082228504,0.0137378871348283,0.103880817324108,NA,100
"Federated IPW (no cloning)","RR",6,-0.7,"medium",1,25,"100/100/100/100/100/100/100/100/100/100","-4.5/-4.16666666666667/-3.83333333333333/-3.5/-3.16666666666667/-2.83333333333333/-2.5/-2.16666666666667/-1.83333333333333/-1.5",0.951419117300579,0.906556298155936,0.0969837414235207,0.0448628191446434,0.086416734951607,NA,100
"Federated IPW (no cloning)","RR",9,-0.7,"medium",1,25,"100/100/100/100/100/100/100/100/100/100","-4.5/-4.16666666666667/-3.83333333333333/-3.5/-3.16666666666667/-2.83333333333333/-2.5/-2.16666666666667/-1.83333333333333/-1.5",0.990683750545755,0.916417214001374,0.0978840094324852,0.0742665365443807,0.0640845468402345,NA,100
"Federated IPW (no cloning)","RR",3,-0.5,"medium",1,25,"100/100/100/100/100/100/100/100/100/100","-4.5/-4.16666666666667/-3.83333333333333/-3.5/-3.16666666666667/-2.83333333333333/-2.5/-2.16666666666667/-1.83333333333333/-1.5",0.968403608953853,0.921954776898632,0.106095176037755,0.0464488320552207,0.0958676085172478,NA,100
"Federated IPW (no cloning)","RR",6,-0.5,"medium",1,25,"100/100/100/100/100/100/100/100/100/100","-4.5/-4.16666666666667/-3.83333333333333/-3.5/-3.16666666666667/-2.83333333333333/-2.5/-2.16666666666667/-1.83333333333333/-1.5",0.963250798331194,0.935003377481636,0.118534420938833,0.0282474208495581,0.115699419704037,NA,100
"Federated IPW (no cloning)","RR",9,-0.5,"medium",1,25,"100/100/100/100/100/100/100/100/100/100","-4.5/-4.16666666666667/-3.83333333333333/-3.5/-3.16666666666667/-2.83333333333333/-2.5/-2.16666666666667/-1.83333333333333/-1.5",1.01448214083388,0.941395670025365,0.0919874021939407,0.0730864708085132,0.0561388065706596,NA,100
"Federated IPW (no cloning)","RR",3,-1,"small",0.5,25,"100/100/100/100/100/100/100/100/100/100","-4.5/-4.16666666666667/-3.83333333333333/-3.5/-3.16666666666667/-2.83333333333333/-2.5/-2.16666666666667/-1.83333333333333/-1.5",0.868732880433863,0.832354176434642,0.0805700266769164,0.0363787039992207,0.0722517980207302,NA,100
"Federated IPW (no cloning)","RR",6,-1,"small",0.5,25,"100/100/100/100/100/100/100/100/100/100","-4.5/-4.16666666666667/-3.83333333333333/-3.5/-3.16666666666667/-2.83333333333333/-2.5/-2.16666666666667/-1.83333333333333/-1.5",0.863439748765347,0.865506219238952,0.0544616155459595,-0.00206647047360547,0.0546965667274955,NA,100
"Federated IPW (no cloning)","RR",9,-1,"small",0.5,25,"100/100/100/100/100/100/100/100/100/100","-4.5/-4.16666666666667/-3.83333333333333/-3.5/-3.16666666666667/-2.83333333333333/-2.5/-2.16666666666667/-1.83333333333333/-1.5",0.914628005598457,0.882500029239267,0.0547586242311228,0.0321279763591908,0.044566373865775,NA,100
"Federated IPW (no cloning)","RR",3,-0.7,"small",0.5,25,"100/100/100/100/100/100/100/100/100/100","-4.5/-4.16666666666667/-3.83333333333333/-3.5/-3.16666666666667/-2.83333333333333/-2.5/-2.16666666666667/-1.83333333333333/-1.5",0.911597505334387,0.888634387495729,0.0625850419283709,0.0229631178386582,0.058513424966558,NA,100
"Federated IPW (no cloning)","RR",6,-0.7,"small",0.5,25,"100/100/100/100/100/100/100/100/100/100","-4.5/-4.16666666666667/-3.83333333333333/-3.5/-3.16666666666667/-2.83333333333333/-2.5/-2.16666666666667/-1.83333333333333/-1.5",0.926615800314725,0.90919002764239,0.0507740654425416,0.0174257726723348,0.0479303805759685,NA,100
"Federated IPW (no cloning)","RR",9,-0.7,"small",0.5,25,"100/100/100/100/100/100/100/100/100/100","-4.5/-4.16666666666667/-3.83333333333333/-3.5/-3.16666666666667/-2.83333333333333/-2.5/-2.16666666666667/-1.83333333333333/-1.5",0.957830051043542,0.919840125447511,0.0597165400060192,0.0379899255960307,0.0463063001963806,NA,100
"Federated IPW (no cloning)","RR",3,-0.5,"small",0.5,25,"100/100/100/100/100/100/100/100/100/100","-4.5/-4.16666666666667/-3.83333333333333/-3.5/-3.16666666666667/-2.83333333333333/-2.5/-2.16666666666667/-1.83333333333333/-1.5",0.914556390370889,0.923154674685791,0.063495361413149,-0.00859828431490214,0.0632274268245599,NA,100
"Federated IPW (no cloning)","RR",6,-0.5,"small",0.5,25,"100/100/100/100/100/100/100/100/100/100","-4.5/-4.16666666666667/-3.83333333333333/-3.5/-3.16666666666667/-2.83333333333333/-2.5/-2.16666666666667/-1.83333333333333/-1.5",0.991645084775286,0.936731519503118,0.0660658663537123,0.0549135652721684,0.0369164911571979,NA,100
"Federated IPW (no cloning)","RR",9,-0.5,"small",0.5,25,"100/100/100/100/100/100/100/100/100/100","-4.5/-4.16666666666667/-3.83333333333333/-3.5/-3.16666666666667/-2.83333333333333/-2.5/-2.16666666666667/-1.83333333333333/-1.5",0.97348460169386,0.943779533974132,0.0565555357446311,0.029705067719728,0.0483687182398947,NA,100
"Federated IPW (no cloning)","RR",3,-1,"strong",1.5,25,"100/100/100/100/100/100/100/100/100/100","-4.5/-4.16666666666667/-3.83333333333333/-3.5/-3.16666666666667/-2.83333333333333/-2.5/-2.16666666666667/-1.83333333333333/-1.5",0.835969483645283,0.826804695212482,0.135874061279229,0.00916478843280018,0.136247573165279,NA,100
"Federated IPW (no cloning)","RR",6,-1,"strong",1.5,25,"100/100/100/100/100/100/100/100/100/100","-4.5/-4.16666666666667/-3.83333333333333/-3.5/-3.16666666666667/-2.83333333333333/-2.5/-2.16666666666667/-1.83333333333333/-1.5",0.915791868112816,0.853061199876405,0.128805294024097,0.0627306682364118,0.113064150161601,NA,100
"Federated IPW (no cloning)","RR",9,-1,"strong",1.5,25,"100/100/100/100/100/100/100/100/100/100","-4.5/-4.16666666666667/-3.83333333333333/-3.5/-3.16666666666667/-2.83333333333333/-2.5/-2.16666666666667/-1.83333333333333/-1.5",0.985991844906731,0.871705363209443,0.140856624866581,0.114286481697288,0.0827506225071057,NA,100
"Federated IPW (no cloning)","RR",3,-0.7,"strong",1.5,25,"100/100/100/100/100/100/100/100/100/100","-4.5/-4.16666666666667/-3.83333333333333/-3.5/-3.16666666666667/-2.83333333333333/-2.5/-2.16666666666667/-1.83333333333333/-1.5",0.874192747605843,0.885266424148435,0.21599394915454,-0.0110736765425923,0.216796603833039,NA,100
"Federated IPW (no cloning)","RR",6,-0.7,"strong",1.5,25,"100/100/100/100/100/100/100/100/100/100","-4.5/-4.16666666666667/-3.83333333333333/-3.5/-3.16666666666667/-2.83333333333333/-2.5/-2.16666666666667/-1.83333333333333/-1.5",0.959407951216077,0.899902538577233,0.119450568172356,0.0595054126388439,0.104095644167884,NA,100
"Federated IPW (no cloning)","RR",9,-0.7,"strong",1.5,25,"100/100/100/100/100/100/100/100/100/100","-4.5/-4.16666666666667/-3.83333333333333/-3.5/-3.16666666666667/-2.83333333333333/-2.5/-2.16666666666667/-1.83333333333333/-1.5",0.984983980149956,0.913483834188673,0.121655953805944,0.0715001459612832,0.0989229892490558,NA,100
"Federated IPW (no cloning)","RR",3,-0.5,"strong",1.5,25,"100/100/100/100/100/100/100/100/100/100","-4.5/-4.16666666666667/-3.83333333333333/-3.5/-3.16666666666667/-2.83333333333333/-2.5/-2.16666666666667/-1.83333333333333/-1.5",0.958052340792037,0.921637417645176,0.133775491851238,0.036414923146861,0.129372360529358,NA,100
"Federated IPW (no cloning)","RR",6,-0.5,"strong",1.5,25,"100/100/100/100/100/100/100/100/100/100","-4.5/-4.16666666666667/-3.83333333333333/-3.5/-3.16666666666667/-2.83333333333333/-2.5/-2.16666666666667/-1.83333333333333/-1.5",0.986735589377578,0.929926402583444,0.129601852615043,0.056809186794134,0.117074423782829,NA,100
"Federated IPW (no cloning)","RR",9,-0.5,"strong",1.5,25,"100/100/100/100/100/100/100/100/100/100","-4.5/-4.16666666666667/-3.83333333333333/-3.5/-3.16666666666667/-2.83333333333333/-2.5/-2.16666666666667/-1.83333333333333/-1.5",1.06189750789593,0.940476464166616,0.151749193656509,0.121421043729313,0.0914791355307827,NA,100
"Federated per-protocol (unweighted)","RR",3,-1,"medium",1,25,"100/100/100/100/100/100/100/100/100/100","-4.5/-4.16666666666667/-3.83333333333333/-3.5/-3.16666666666667/-2.83333333333333/-2.5/-2.16666666666667/-1.83333333333333/-1.5",1.05046374096615,0.829987773390293,0.222315190492605,0.220475967575858,0.0286813148842167,NA,100
"Federated per-protocol (unweighted)","RR",6,-1,"medium",1,25,"100/100/100/100/100/100/100/100/100/100","-4.5/-4.16666666666667/-3.83333333333333/-3.5/-3.16666666666667/-2.83333333333333/-2.5/-2.16666666666667/-1.83333333333333/-1.5",1.08412928417315,0.861546250131635,0.224072181950703,0.222583034041511,0.0259201509111537,NA,100
"Federated per-protocol (unweighted)","RR",9,-1,"medium",1,25,"100/100/100/100/100/100/100/100/100/100","-4.5/-4.16666666666667/-3.83333333333333/-3.5/-3.16666666666667/-2.83333333333333/-2.5/-2.16666666666667/-1.83333333333333/-1.5",1.10565219374624,0.877120616840684,0.230569537342046,0.228531576905559,0.0307421650884743,NA,100
"Federated per-protocol (unweighted)","RR",3,-0.7,"medium",1,25,"100/100/100/100/100/100/100/100/100/100","-4.5/-4.16666666666667/-3.83333333333333/-3.5/-3.16666666666667/-2.83333333333333/-2.5/-2.16666666666667/-1.83333333333333/-1.5",1.09545993978583,0.887227058069777,0.209467617856518,0.208232881716051,0.022824537184574,NA,100
"Federated per-protocol (unweighted)","RR",6,-0.7,"medium",1,25,"100/100/100/100/100/100/100/100/100/100","-4.5/-4.16666666666667/-3.83333333333333/-3.5/-3.16666666666667/-2.83333333333333/-2.5/-2.16666666666667/-1.83333333333333/-1.5",1.12796856504622,0.906556298155936,0.22411003485558,0.22141226689028,0.0348433115109215,NA,100
"Federated per-protocol (unweighted)","RR",9,-0.7,"medium",1,25,"100/100/100/100/100/100/100/100/100/100","-4.5/-4.16666666666667/-3.83333333333333/-3.5/-3.16666666666667/-2.83333333333333/-2.5/-2.16666666666667/-1.83333333333333/-1.5",1.1470216310822,0.916417214001374,0.232492928836464,0.230604417080821,0.0297220249893333,NA,100
"Federated per-protocol (unweighted)","RR",3,-0.5,"medium",1,25,"100/100/100/100/100/100/100/100/100/100","-4.5/-4.16666666666667/-3.83333333333333/-3.5/-3.16666666666667/-2.83333333333333/-2.5/-2.16666666666667/-1.83333333333333/-1.5",1.14014413778799,0.921954776898632,0.21952869275107,0.218189360889361,0.0243345731457948,NA,100
"Federated per-protocol (unweighted)","RR",6,-0.5,"medium",1,25,"100/100/100/100/100/100/100/100/100/100","-4.5/-4.16666666666667/-3.83333333333333/-3.5/-3.16666666666667/-2.83333333333333/-2.5/-2.16666666666667/-1.83333333333333/-1.5",1.15940670721958,0.935003377481636,0.226293073335197,0.224403329737939,0.0293309338208379,NA,100
"Federated per-protocol (unweighted)","RR",9,-0.5,"medium",1,25,"100/100/100/100/100/100/100/100/100/100","-4.5/-4.16666666666667/-3.83333333333333/-3.5/-3.16666666666667/-2.83333333333333/-2.5/-2.16666666666667/-1.83333333333333/-1.5",1.16765563028485,0.941395670025365,0.228056998039399,0.226259960259488,0.0287170933878067,NA,100
"Federated per-protocol (unweighted)","RR",3,-1,"small",0.5,25,"100/100/100/100/100/100/100/100/100/100","-4.5/-4.16666666666667/-3.83333333333333/-3.5/-3.16666666666667/-2.83333333333333/-2.5/-2.16666666666667/-1.83333333333333/-1.5",0.963007945872044,0.832354176434642,0.136736470366992,0.130653769437402,0.0405325017386455,NA,100
"Federated per-protocol (unweighted)","RR",6,-1,"small",0.5,25,"100/100/100/100/100/100/100/100/100/100","-4.5/-4.16666666666667/-3.83333333333333/-3.5/-3.16666666666667/-2.83333333333333/-2.5/-2.16666666666667/-1.83333333333333/-1.5",0.969381350911924,0.865506219238952,0.107665896444393,0.103875131672972,0.0284605393500972,NA,100
"Federated per-protocol (unweighted)","RR",9,-1,"small",0.5,25,"100/100/100/100/100/100/100/100/100/100","-4.5/-4.16666666666667/-3.83333333333333/-3.5/-3.16666666666667/-2.83333333333333/-2.5/-2.16666666666667/-1.83333333333333/-1.5",0.993743713797579,0.882500029239267,0.116925934315901,0.111243684558312,0.036188574031614,NA,100
"Federated per-protocol (unweighted)","RR",3,-0.7,"small",0.5,25,"100/100/100/100/100/100/100/100/100/100","-4.5/-4.16666666666667/-3.83333333333333/-3.5/-3.16666666666667/-2.83333333333333/-2.5/-2.16666666666667/-1.83333333333333/-1.5",1.0227000365932,0.888634387495729,0.137524122724893,0.134065649097471,0.0308021720230642,NA,100
"Federated per-protocol (unweighted)","RR",6,-0.7,"small",0.5,25,"100/100/100/100/100/100/100/100/100/100","-4.5/-4.16666666666667/-3.83333333333333/-3.5/-3.16666666666667/-2.83333333333333/-2.5/-2.16666666666667/-1.83333333333333/-1.5",1.03593531880943,0.90919002764239,0.13045726416827,0.12674529116704,0.0310543502255503,NA,100
"Federated per-protocol (unweighted)","RR",9,-0.7,"small",0.5,25,"100/100/100/100/100/100/100/100/100/100","-4.5/-4.16666666666667/-3.83333333333333/-3.5/-3.16666666666667/-2.83333333333333/-2.5/-2.16666666666667/-1.83333333333333/-1.5",1.04561253062361,0.919840125447511,0.12829726648491,0.125772405176095,0.0254552624735276,NA,100
"Federated per-protocol (unweighted)","RR",3,-0.5,"small",0.5,25,"100/100/100/100/100/100/100/100/100/100","-4.5/-4.16666666666667/-3.83333333333333/-3.5/-3.16666666666667/-2.83333333333333/-2.5/-2.16666666666667/-1.83333333333333/-1.5",1.02799178777055,0.923154674685791,0.108630186388633,0.104837113084761,0.0285985292212418,NA,100
"Federated per-protocol (unweighted)","RR",6,-0.5,"small",0.5,25,"100/100/100/100/100/100/100/100/100/100","-4.5/-4.16666666666667/-3.83333333333333/-3.5/-3.16666666666667/-2.83333333333333/-2.5/-2.16666666666667/-1.83333333333333/-1.5",1.06382872651925,0.936731519503118,0.12962302320131,0.127097207016129,0.0255925358544477,NA,100
"Federated per-protocol (unweighted)","RR",9,-0.5,"small",0.5,25,"100/100/100/100/100/100/100/100/100/100","-4.5/-4.16666666666667/-3.83333333333333/-3.5/-3.16666666666667/-2.83333333333333/-2.5/-2.16666666666667/-1.83333333333333/-1.5",1.07540471601201,0.943779533974132,0.134090771522997,0.131625182037875,0.0257247760369331,NA,100
"Federated per-protocol (unweighted)","RR",3,-1,"strong",1.5,25,"100/100/100/100/100/100/100/100/100/100","-4.5/-4.16666666666667/-3.83333333333333/-3.5/-3.16666666666667/-2.83333333333333/-2.5/-2.16666666666667/-1.83333333333333/-1.5",1.09525231869018,0.826804695212482,0.271049414597474,0.268447623477697,0.0376541760304937,NA,100
"Federated per-protocol (unweighted)","RR",6,-1,"strong",1.5,25,"100/100/100/100/100/100/100/100/100/100","-4.5/-4.16666666666667/-3.83333333333333/-3.5/-3.16666666666667/-2.83333333333333/-2.5/-2.16666666666667/-1.83333333333333/-1.5",1.13661673713697,0.853061199876405,0.284700073197496,0.283555537260562,0.0256312027237233,NA,100
"Federated per-protocol (unweighted)","RR",9,-1,"strong",1.5,25,"100/100/100/100/100/100/100/100/100/100","-4.5/-4.16666666666667/-3.83333333333333/-3.5/-3.16666666666667/-2.83333333333333/-2.5/-2.16666666666667/-1.83333333333333/-1.5",1.19115062912132,0.871705363209443,0.320812690041467,0.31944526591188,0.0297379833660218,NA,100
"Federated per-protocol (unweighted)","RR",3,-0.7,"strong",1.5,25,"100/100/100/100/100/100/100/100/100/100","-4.5/-4.16666666666667/-3.83333333333333/-3.5/-3.16666666666667/-2.83333333333333/-2.5/-2.16666666666667/-1.83333333333333/-1.5",1.14990518555003,0.885266424148435,0.266335072881923,0.264638761401593,0.0301628075691664,NA,100
"Federated per-protocol (unweighted)","RR",6,-0.7,"strong",1.5,25,"100/100/100/100/100/100/100/100/100/100","-4.5/-4.16666666666667/-3.83333333333333/-3.5/-3.16666666666667/-2.83333333333333/-2.5/-2.16666666666667/-1.83333333333333/-1.5",1.1805827508757,0.899902538577233,0.282732948243053,0.280680212298471,0.0341792430112544,NA,100
"Federated per-protocol (unweighted)","RR",9,-0.7,"strong",1.5,25,"100/100/100/100/100/100/100/100/100/100","-4.5/-4.16666666666667/-3.83333333333333/-3.5/-3.16666666666667/-2.83333333333333/-2.5/-2.16666666666667/-1.83333333333333/-1.5",1.20733662351841,0.913483834188673,0.295533013503993,0.293852789329738,0.0316275719421118,NA,100
"Federated per-protocol (unweighted)","RR",3,-0.5,"strong",1.5,25,"100/100/100/100/100/100/100/100/100/100","-4.5/-4.16666666666667/-3.83333333333333/-3.5/-3.16666666666667/-2.83333333333333/-2.5/-2.16666666666667/-1.83333333333333/-1.5",1.16949880472771,0.921637417645176,0.249335973445916,0.247861387082537,0.0272133443154585,NA,100
"Federated per-protocol (unweighted)","RR",6,-0.5,"strong",1.5,25,"100/100/100/100/100/100/100/100/100/100","-4.5/-4.16666666666667/-3.83333333333333/-3.5/-3.16666666666667/-2.83333333333333/-2.5/-2.16666666666667/-1.83333333333333/-1.5",1.20461683255939,0.929926402583444,0.276594674904506,0.274690429975949,0.0325635643377905,NA,100
"Federated per-protocol (unweighted)","RR",9,-0.5,"strong",1.5,25,"100/100/100/100/100/100/100/100/100/100","-4.5/-4.16666666666667/-3.83333333333333/-3.5/-3.16666666666667/-2.83333333333333/-2.5/-2.16666666666667/-1.83333333333333/-1.5",1.28134786157555,0.940476464166616,0.342788333907189,0.340871397408936,0.0363836500540909,NA,100
"Federated landmark IPW","RR",3,-1,"medium",1,25,"100/100/100/100/100/100/100/100/100/100","-4.5/-4.16666666666667/-3.83333333333333/-3.5/-3.16666666666667/-2.83333333333333/-2.5/-2.16666666666667/-1.83333333333333/-1.5",0.783067834547962,0.829987773390293,0.149513397646373,-0.0469199388423306,0.14267564193941,NA,100
"Federated landmark IPW","RR",6,-1,"medium",1,25,"100/100/100/100/100/100/100/100/100/100","-4.5/-4.16666666666667/-3.83333333333333/-3.5/-3.16666666666667/-2.83333333333333/-2.5/-2.16666666666667/-1.83333333333333/-1.5",0.739121014003293,0.861546250131635,0.162227523627071,-0.122425236128342,0.106977912291624,NA,100
"Federated landmark IPW","RR",9,-1,"medium",1,25,"100/100/100/100/100/100/100/100/100/100","-4.5/-4.16666666666667/-3.83333333333333/-3.5/-3.16666666666667/-2.83333333333333/-2.5/-2.16666666666667/-1.83333333333333/-1.5",0.676850509896505,0.877120616840684,0.229433472139141,-0.200270106944179,0.112508596315293,NA,100
"Federated landmark IPW","RR",3,-0.7,"medium",1,25,"100/100/100/100/100/100/100/100/100/100","-4.5/-4.16666666666667/-3.83333333333333/-3.5/-3.16666666666667/-2.83333333333333/-2.5/-2.16666666666667/-1.83333333333333/-1.5",0.826827866913316,0.887227058069777,0.152176281481165,-0.0603991911564602,0.140380285649627,NA,100
"Federated landmark IPW","RR",6,-0.7,"medium",1,25,"100/100/100/100/100/100/100/100/100/100","-4.5/-4.16666666666667/-3.83333333333333/-3.5/-3.16666666666667/-2.83333333333333/-2.5/-2.16666666666667/-1.83333333333333/-1.5",0.80362534214889,0.906556298155936,0.156453339331929,-0.102930956007046,0.118419156600982,NA,100
"Federated landmark IPW","RR",9,-0.7,"medium",1,25,"100/100/100/100/100/100/100/100/100/100","-4.5/-4.16666666666667/-3.83333333333333/-3.5/-3.16666666666667/-2.83333333333333/-2.5/-2.16666666666667/-1.83333333333333/-1.5",0.806969858477409,0.916417214001374,0.186125713150167,-0.109447355523965,0.151304287242125,NA,100
"Federated landmark IPW","RR",3,-0.5,"medium",1,25,"100/100/100/100/100/100/100/100/100/100","-4.5/-4.16666666666667/-3.83333333333333/-3.5/-3.16666666666667/-2.83333333333333/-2.5/-2.16666666666667/-1.83333333333333/-1.5",0.957091991276494,0.921954776898632,0.12136682391091,0.0351372143778612,0.116754435003195,NA,100
"Federated landmark IPW","RR",6,-0.5,"medium",1,25,"100/100/100/100/100/100/100/100/100/100","-4.5/-4.16666666666667/-3.83333333333333/-3.5/-3.16666666666667/-2.83333333333333/-2.5/-2.16666666666667/-1.83333333333333/-1.5",0.860774934537309,0.935003377481636,0.175810611973406,-0.0742284429443271,0.160175123670793,NA,100
"Federated landmark IPW","RR",9,-0.5,"medium",1,25,"100/100/100/100/100/100/100/100/100/100","-4.5/-4.16666666666667/-3.83333333333333/-3.5/-3.16666666666667/-2.83333333333333/-2.5/-2.16666666666667/-1.83333333333333/-1.5",0.85338968042475,0.941395670025365,0.184509597165006,-0.0880059896006145,0.16298583082869,NA,100
"Federated landmark IPW","RR",3,-1,"small",0.5,25,"100/100/100/100/100/100/100/100/100/100","-4.5/-4.16666666666667/-3.83333333333333/-3.5/-3.16666666666667/-2.83333333333333/-2.5/-2.16666666666667/-1.83333333333333/-1.5",0.75582937246918,0.832354176434642,0.169263467471651,-0.0765248039654619,0.151737665029019,NA,100
"Federated landmark IPW","RR",6,-1,"small",0.5,25,"100/100/100/100/100/100/100/100/100/100","-4.5/-4.16666666666667/-3.83333333333333/-3.5/-3.16666666666667/-2.83333333333333/-2.5/-2.16666666666667/-1.83333333333333/-1.5",0.693738279031531,0.865506219238952,0.20264273674487,-0.171767940207422,0.108058408599428,NA,100
"Federated landmark IPW","RR",9,-1,"small",0.5,25,"100/100/100/100/100/100/100/100/100/100","-4.5/-4.16666666666667/-3.83333333333333/-3.5/-3.16666666666667/-2.83333333333333/-2.5/-2.16666666666667/-1.83333333333333/-1.5",0.690688250092612,0.882500029239267,0.223249251165098,-0.191811779146655,0.114805366812099,NA,100
"Federated landmark IPW","RR",3,-0.7,"small",0.5,25,"100/100/100/100/100/100/100/100/100/100","-4.5/-4.16666666666667/-3.83333333333333/-3.5/-3.16666666666667/-2.83333333333333/-2.5/-2.16666666666667/-1.83333333333333/-1.5",0.856279604123606,0.888634387495729,0.096725453965833,-0.032354783372123,0.0916128295779155,NA,100
"Federated landmark IPW","RR",6,-0.7,"small",0.5,25,"100/100/100/100/100/100/100/100/100/100","-4.5/-4.16666666666667/-3.83333333333333/-3.5/-3.16666666666667/-2.83333333333333/-2.5/-2.16666666666667/-1.83333333333333/-1.5",0.800203130032654,0.90919002764239,0.14110407302286,-0.108986897609737,0.0900741309349257,NA,100
"Federated landmark IPW","RR",9,-0.7,"small",0.5,25,"100/100/100/100/100/100/100/100/100/100","-4.5/-4.16666666666667/-3.83333333333333/-3.5/-3.16666666666667/-2.83333333333333/-2.5/-2.16666666666667/-1.83333333333333/-1.5",0.736478296576928,0.919840125447511,0.217178062778633,-0.183361828870583,0.116968227860402,NA,100
"Federated landmark IPW","RR",3,-0.5,"small",0.5,25,"100/100/100/100/100/100/100/100/100/100","-4.5/-4.16666666666667/-3.83333333333333/-3.5/-3.16666666666667/-2.83333333333333/-2.5/-2.16666666666667/-1.83333333333333/-1.5",0.871368995072761,0.923154674685791,0.120268461404871,-0.0517856796130303,0.109095205366927,NA,100
"Federated landmark IPW","RR",6,-0.5,"small",0.5,25,"100/100/100/100/100/100/100/100/100/100","-4.5/-4.16666666666667/-3.83333333333333/-3.5/-3.16666666666667/-2.83333333333333/-2.5/-2.16666666666667/-1.83333333333333/-1.5",0.906927812413827,0.936731519503118,0.109981239289635,-0.029803707089291,0.106399343239694,NA,100
"Federated landmark IPW","RR",9,-0.5,"small",0.5,25,"100/100/100/100/100/100/100/100/100/100","-4.5/-4.16666666666667/-3.83333333333333/-3.5/-3.16666666666667/-2.83333333333333/-2.5/-2.16666666666667/-1.83333333333333/-1.5",150.964038157821,0.943779533974132,1071.10301888776,150.020258623847,1065.88778337136,NA,100
"Federated landmark IPW","RR",3,-1,"strong",1.5,25,"100/100/100/100/100/100/100/100/100/100","-4.5/-4.16666666666667/-3.83333333333333/-3.5/-3.16666666666667/-2.83333333333333/-2.5/-2.16666666666667/-1.83333333333333/-1.5",0.770044855505521,0.826804695212482,0.174238584862048,-0.0567598397069612,0.16556424811446,NA,100
"Federated landmark IPW","RR",6,-1,"strong",1.5,25,"100/100/100/100/100/100/100/100/100/100","-4.5/-4.16666666666667/-3.83333333333333/-3.5/-3.16666666666667/-2.83333333333333/-2.5/-2.16666666666667/-1.83333333333333/-1.5",0.712310971383817,0.853061199876405,0.227887376567214,-0.140750228492587,0.180129105152953,NA,100
"Federated landmark IPW","RR",9,-1,"strong",1.5,25,"100/100/100/100/100/100/100/100/100/100","-4.5/-4.16666666666667/-3.83333333333333/-3.5/-3.16666666666667/-2.83333333333333/-2.5/-2.16666666666667/-1.83333333333333/-1.5",0.798404140391749,0.871705363209443,0.181207758701005,-0.0733012228176944,0.166555061259585,NA,100
"Federated landmark IPW","RR",3,-0.7,"strong",1.5,25,"100/100/100/100/100/100/100/100/100/100","-4.5/-4.16666666666667/-3.83333333333333/-3.5/-3.16666666666667/-2.83333333333333/-2.5/-2.16666666666667/-1.83333333333333/-1.5",0.900837126696216,0.885266424148435,0.137413179440083,0.0155707025477811,0.137215951254906,NA,100
"Federated landmark IPW","RR",6,-0.7,"strong",1.5,25,"100/100/100/100/100/100/100/100/100/100","-4.5/-4.16666666666667/-3.83333333333333/-3.5/-3.16666666666667/-2.83333333333333/-2.5/-2.16666666666667/-1.83333333333333/-1.5",0.791373980907469,0.899902538577233,0.188747078052036,-0.108528557669764,0.155202740145882,NA,100
"Federated landmark IPW","RR",9,-0.7,"strong",1.5,25,"100/100/100/100/100/100/100/100/100/100","-4.5/-4.16666666666667/-3.83333333333333/-3.5/-3.16666666666667/-2.83333333333333/-2.5/-2.16666666666667/-1.83333333333333/-1.5",0.859948134679568,0.913483834188673,0.159900461726634,-0.0535356995091054,0.151431174280267,NA,100
"Federated landmark IPW","RR",3,-0.5,"strong",1.5,25,"100/100/100/100/100/100/100/100/100/100","-4.5/-4.16666666666667/-3.83333333333333/-3.5/-3.16666666666667/-2.83333333333333/-2.5/-2.16666666666667/-1.83333333333333/-1.5",0.866127636376458,0.921637417645176,0.23507058443225,-0.0555097812687188,0.22957326210945,NA,100
"Federated landmark IPW","RR",6,-0.5,"strong",1.5,25,"100/100/100/100/100/100/100/100/100/100","-4.5/-4.16666666666667/-3.83333333333333/-3.5/-3.16666666666667/-2.83333333333333/-2.5/-2.16666666666667/-1.83333333333333/-1.5",0.927437239534582,0.929926402583444,0.156464838119144,-0.00248916304886214,0.157233178300738,NA,100
"Federated landmark IPW","RR",9,-0.5,"strong",1.5,25,"100/100/100/100/100/100/100/100/100/100","-4.5/-4.16666666666667/-3.83333333333333/-3.5/-3.16666666666667/-2.83333333333333/-2.5/-2.16666666666667/-1.83333333333333/-1.5",0.892549453641652,0.940476464166616,0.21171020648779,-0.0479270105249637,0.207252866567016,NA,100
"Local CCW + curve meta-analysis","RR",3,-1,"medium",1,25,"100/100/100/100/100/100/100/100/100/100","-4.5/-4.16666666666667/-3.83333333333333/-3.5/-3.16666666666667/-2.83333333333333/-2.5/-2.16666666666667/-1.83333333333333/-1.5",0.888090876443048,0.829987773390293,0.081805130473233,0.0581031030527549,0.0578757707140132,NA,100
"Local CCW + curve meta-analysis","RR",6,-1,"medium",1,25,"100/100/100/100/100/100/100/100/100/100","-4.5/-4.16666666666667/-3.83333333333333/-3.5/-3.16666666666667/-2.83333333333333/-2.5/-2.16666666666667/-1.83333333333333/-1.5",0.910976521777838,0.861546250131635,0.0653861660318818,0.0494302716462029,0.0430174847389297,NA,100
"Local CCW + curve meta-analysis","RR",9,-1,"medium",1,25,"100/100/100/100/100/100/100/100/100/100","-4.5/-4.16666666666667/-3.83333333333333/-3.5/-3.16666666666667/-2.83333333333333/-2.5/-2.16666666666667/-1.83333333333333/-1.5",0.895793532661442,0.877120616840684,0.0449970487380205,0.0186729158207578,0.0411459168646049,NA,100
"Local CCW + curve meta-analysis","RR",3,-0.7,"medium",1,25,"100/100/100/100/100/100/100/100/100/100","-4.5/-4.16666666666667/-3.83333333333333/-3.5/-3.16666666666667/-2.83333333333333/-2.5/-2.16666666666667/-1.83333333333333/-1.5",0.925970646301428,0.887227058069777,0.072122517112116,0.038743588231651,0.0611389528953113,NA,100
"Local CCW + curve meta-analysis","RR",6,-0.7,"medium",1,25,"100/100/100/100/100/100/100/100/100/100","-4.5/-4.16666666666667/-3.83333333333333/-3.5/-3.16666666666667/-2.83333333333333/-2.5/-2.16666666666667/-1.83333333333333/-1.5",0.926848560345175,0.906556298155936,0.05077954291415,0.0202922621892388,0.0467832534335899,NA,100
"Local CCW + curve meta-analysis","RR",9,-0.7,"medium",1,25,"100/100/100/100/100/100/100/100/100/100","-4.5/-4.16666666666667/-3.83333333333333/-3.5/-3.16666666666667/-2.83333333333333/-2.5/-2.16666666666667/-1.83333333333333/-1.5",0.93965773221349,0.916417214001374,0.0502360828039688,0.0232405182121157,0.0447613461573455,NA,100
"Local CCW + curve meta-analysis","RR",3,-0.5,"medium",1,25,"100/100/100/100/100/100/100/100/100/100","-4.5/-4.16666666666667/-3.83333333333333/-3.5/-3.16666666666667/-2.83333333333333/-2.5/-2.16666666666667/-1.83333333333333/-1.5",0.987637051715291,0.921954776898632,0.0893052145167137,0.0656822748166586,0.0608131773564501,NA,100
"Local CCW + curve meta-analysis","RR",6,-0.5,"medium",1,25,"100/100/100/100/100/100/100/100/100/100","-4.5/-4.16666666666667/-3.83333333333333/-3.5/-3.16666666666667/-2.83333333333333/-2.5/-2.16666666666667/-1.83333333333333/-1.5",0.954603279822574,0.935003377481636,0.0507647456139202,0.0195999023409379,0.0470643576722636,NA,100
"Local CCW + curve meta-analysis","RR",9,-0.5,"medium",1,25,"100/100/100/100/100/100/100/100/100/100","-4.5/-4.16666666666667/-3.83333333333333/-3.5/-3.16666666666667/-2.83333333333333/-2.5/-2.16666666666667/-1.83333333333333/-1.5",0.964577483534796,0.941395670025365,0.0454606557358002,0.0231818135094309,0.0393029510592084,NA,100
"Local CCW + curve meta-analysis","RR",3,-1,"small",0.5,25,"100/100/100/100/100/100/100/100/100/100","-4.5/-4.16666666666667/-3.83333333333333/-3.5/-3.16666666666667/-2.83333333333333/-2.5/-2.16666666666667/-1.83333333333333/-1.5",0.874712058001132,0.832354176434642,0.0771048497670432,0.0423578815664894,0.0647525805951772,NA,100
"Local CCW + curve meta-analysis","RR",6,-1,"small",0.5,25,"100/100/100/100/100/100/100/100/100/100","-4.5/-4.16666666666667/-3.83333333333333/-3.5/-3.16666666666667/-2.83333333333333/-2.5/-2.16666666666667/-1.83333333333333/-1.5",0.864276597034357,0.865506219238952,0.0453629963989259,-0.00122962220459531,0.0455747745166708,NA,100
"Local CCW + curve meta-analysis","RR",9,-1,"small",0.5,25,"100/100/100/100/100/100/100/100/100/100","-4.5/-4.16666666666667/-3.83333333333333/-3.5/-3.16666666666667/-2.83333333333333/-2.5/-2.16666666666667/-1.83333333333333/-1.5",0.894892860587312,0.882500029239267,0.0376433947180484,0.0123928313480457,0.0357240107846687,NA,100
"Local CCW + curve meta-analysis","RR",3,-0.7,"small",0.5,25,"100/100/100/100/100/100/100/100/100/100","-4.5/-4.16666666666667/-3.83333333333333/-3.5/-3.16666666666667/-2.83333333333333/-2.5/-2.16666666666667/-1.83333333333333/-1.5",0.916614049370493,0.888634387495729,0.0667241578941211,0.0279796618747642,0.0608795114732841,NA,100
"Local CCW + curve meta-analysis","RR",6,-0.7,"small",0.5,25,"100/100/100/100/100/100/100/100/100/100","-4.5/-4.16666666666667/-3.83333333333333/-3.5/-3.16666666666667/-2.83333333333333/-2.5/-2.16666666666667/-1.83333333333333/-1.5",0.917133484397044,0.90919002764239,0.0423789573897572,0.00794345675465433,0.0418375589345967,NA,100
"Local CCW + curve meta-analysis","RR",9,-0.7,"small",0.5,25,"100/100/100/100/100/100/100/100/100/100","-4.5/-4.16666666666667/-3.83333333333333/-3.5/-3.16666666666667/-2.83333333333333/-2.5/-2.16666666666667/-1.83333333333333/-1.5",0.935610923946748,0.919840125447511,0.0422452379674463,0.0157707984992371,0.0393885340135937,NA,100
"Local CCW + curve meta-analysis","RR",3,-0.5,"small",0.5,25,"100/100/100/100/100/100/100/100/100/100","-4.5/-4.16666666666667/-3.83333333333333/-3.5/-3.16666666666667/-2.83333333333333/-2.5/-2.16666666666667/-1.83333333333333/-1.5",0.922416801525964,0.923154674685791,0.0558693718450948,-0.000737873159827443,0.0561459340708871,NA,100
"Local CCW + curve meta-analysis","RR",6,-0.5,"small",0.5,25,"100/100/100/100/100/100/100/100/100/100","-4.5/-4.16666666666667/-3.83333333333333/-3.5/-3.16666666666667/-2.83333333333333/-2.5/-2.16666666666667/-1.83333333333333/-1.5",0.970559974158484,0.936731519503118,0.0473436652218283,0.0338284546553663,0.033288732165073,NA,100
"Local CCW + curve meta-analysis","RR",9,-0.5,"small",0.5,25,"100/100/100/100/100/100/100/100/100/100","-4.5/-4.16666666666667/-3.83333333333333/-3.5/-3.16666666666667/-2.83333333333333/-2.5/-2.16666666666667/-1.83333333333333/-1.5",0.947449575667441,0.943779533974132,0.0389544205791434,0.00367004169330916,0.0389765233227575,NA,100
"Local CCW + curve meta-analysis","RR",3,-1,"strong",1.5,25,"100/100/100/100/100/100/100/100/100/100","-4.5/-4.16666666666667/-3.83333333333333/-3.5/-3.16666666666667/-2.83333333333333/-2.5/-2.16666666666667/-1.83333333333333/-1.5",0.873841079152676,0.826804695212482,0.084997311690304,0.0470363839401941,0.0711529976256837,NA,100
"Local CCW + curve meta-analysis","RR",6,-1,"strong",1.5,25,"100/100/100/100/100/100/100/100/100/100","-4.5/-4.16666666666667/-3.83333333333333/-3.5/-3.16666666666667/-2.83333333333333/-2.5/-2.16666666666667/-1.83333333333333/-1.5",0.904540283204295,0.853061199876405,0.0798790176965111,0.0514790833278907,0.06138602354565,NA,100
"Local CCW + curve meta-analysis","RR",9,-1,"strong",1.5,25,"100/100/100/100/100/100/100/100/100/100","-4.5/-4.16666666666667/-3.83333333333333/-3.5/-3.16666666666667/-2.83333333333333/-2.5/-2.16666666666667/-1.83333333333333/-1.5",0.92562802112727,0.871705363209443,0.076173123010174,0.0539226579178271,0.0540733847804653,NA,100
"Local CCW + curve meta-analysis","RR",3,-0.7,"strong",1.5,25,"100/100/100/100/100/100/100/100/100/100","-4.5/-4.16666666666667/-3.83333333333333/-3.5/-3.16666666666667/-2.83333333333333/-2.5/-2.16666666666667/-1.83333333333333/-1.5",0.950512443230426,0.885266424148435,0.102525481869062,0.065246019081991,0.0794833787747502,NA,100
"Local CCW + curve meta-analysis","RR",6,-0.7,"strong",1.5,25,"100/100/100/100/100/100/100/100/100/100","-4.5/-4.16666666666667/-3.83333333333333/-3.5/-3.16666666666667/-2.83333333333333/-2.5/-2.16666666666667/-1.83333333333333/-1.5",0.942707712328206,0.899902538577233,0.0718926333966917,0.0428051737509732,0.0580514212744176,NA,100
"Local CCW + curve meta-analysis","RR",9,-0.7,"strong",1.5,25,"100/100/100/100/100/100/100/100/100/100","-4.5/-4.16666666666667/-3.83333333333333/-3.5/-3.16666666666667/-2.83333333333333/-2.5/-2.16666666666667/-1.83333333333333/-1.5",0.948913933806482,0.913483834188673,0.064701597011864,0.0354300996178091,0.0544114951550484,NA,100
"Local CCW + curve meta-analysis","RR",3,-0.5,"strong",1.5,25,"100/100/100/100/100/100/100/100/100/100","-4.5/-4.16666666666667/-3.83333333333333/-3.5/-3.16666666666667/-2.83333333333333/-2.5/-2.16666666666667/-1.83333333333333/-1.5",0.976468581328963,0.921637417645176,0.101263301464772,0.0548311636837863,0.0855628997330883,NA,100
"Local CCW + curve meta-analysis","RR",6,-0.5,"strong",1.5,25,"100/100/100/100/100/100/100/100/100/100","-4.5/-4.16666666666667/-3.83333333333333/-3.5/-3.16666666666667/-2.83333333333333/-2.5/-2.16666666666667/-1.83333333333333/-1.5",0.979027579864813,0.929926402583444,0.0693679015930843,0.0491011772813691,0.0492466494887732,NA,100
"Local CCW + curve meta-analysis","RR",9,-0.5,"strong",1.5,25,"100/100/100/100/100/100/100/100/100/100","-4.5/-4.16666666666667/-3.83333333333333/-3.5/-3.16666666666667/-2.83333333333333/-2.5/-2.16666666666667/-1.83333333333333/-1.5",0.996667473693221,0.940476464166616,0.0815429367247939,0.0561910095266054,0.059389324773525,NA,100
"Federated CCW","OR",3,-1,"medium",1,25,"100/100/100/100/100/100/100/100/100/100","-4.5/-4.16666666666667/-3.83333333333333/-3.5/-3.16666666666667/-2.83333333333333/-2.5/-2.16666666666667/-1.83333333333333/-1.5",0.466357033102078,0.424496724518878,0.200240853769196,0.0418603085831994,0.19680301920247,0.93,100
"Federated CCW","OR",6,-1,"medium",1,25,"100/100/100/100/100/100/100/100/100/100","-4.5/-4.16666666666667/-3.83333333333333/-3.5/-3.16666666666667/-2.83333333333333/-2.5/-2.16666666666667/-1.83333333333333/-1.5",0.568931045750877,0.484559866726183,0.166336981158756,0.0843711790246936,0.144073127654371,0.94,100
"Federated CCW","OR",9,-1,"medium",1,25,"100/100/100/100/100/100/100/100/100/100","-4.5/-4.16666666666667/-3.83333333333333/-3.5/-3.16666666666667/-2.83333333333333/-2.5/-2.16666666666667/-1.83333333333333/-1.5",0.517800790562527,0.518991369511217,0.167231597044674,-0.00119057894869039,0.16806981946209,0.92,100
"Federated CCW","OR",3,-0.7,"medium",1,25,"100/100/100/100/100/100/100/100/100/100","-4.5/-4.16666666666667/-3.83333333333333/-3.5/-3.16666666666667/-2.83333333333333/-2.5/-2.16666666666667/-1.83333333333333/-1.5",0.586191985759104,0.54310355821213,0.234538229311766,0.0430884275469736,0.231707688585695,0.94,100
"Federated CCW","OR",6,-0.7,"medium",1,25,"100/100/100/100/100/100/100/100/100/100","-4.5/-4.16666666666667/-3.83333333333333/-3.5/-3.16666666666667/-2.83333333333333/-2.5/-2.16666666666667/-1.83333333333333/-1.5",0.587296024420714,0.594432877917817,0.184373206620995,-0.00713685349710272,0.185163167579707,0.97,100
"Federated CCW","OR",9,-0.7,"medium",1,25,"100/100/100/100/100/100/100/100/100/100","-4.5/-4.16666666666667/-3.83333333333333/-3.5/-3.16666666666667/-2.83333333333333/-2.5/-2.16666666666667/-1.83333333333333/-1.5",0.660297321954906,0.623679377638862,0.197085389964919,0.0366179443160441,0.194629347532432,0.96,100
"Federated CCW","OR",3,-0.5,"medium",1,25,"100/100/100/100/100/100/100/100/100/100","-4.5/-4.16666666666667/-3.83333333333333/-3.5/-3.16666666666667/-2.83333333333333/-2.5/-2.16666666666667/-1.83333333333333/-1.5",0.952229186958651,0.640912416333199,0.858994272808369,0.311316770625452,0.804628673405053,0.9,100
"Federated CCW","OR",6,-0.5,"medium",1,25,"100/100/100/100/100/100/100/100/100/100","-4.5/-4.16666666666667/-3.83333333333333/-3.5/-3.16666666666667/-2.83333333333333/-2.5/-2.16666666666667/-1.83333333333333/-1.5",0.687713858048122,0.68486966874609,0.246648793028272,0.00284418930203154,0.247874882273576,0.94,100
"Federated CCW","OR",9,-0.5,"medium",1,25,"100/100/100/100/100/100/100/100/100/100","-4.5/-4.16666666666667/-3.83333333333333/-3.5/-3.16666666666667/-2.83333333333333/-2.5/-2.16666666666667/-1.83333333333333/-1.5",0.755467832716167,0.708294599924536,0.216904097101135,0.0471732327916305,0.212778809245386,0.96,100
"Federated CCW","OR",3,-1,"small",0.5,25,"100/100/100/100/100/100/100/100/100/100","-4.5/-4.16666666666667/-3.83333333333333/-3.5/-3.16666666666667/-2.83333333333333/-2.5/-2.16666666666667/-1.83333333333333/-1.5",0.542015024390851,0.428471097737031,0.193755380495745,0.11354392665382,0.157790694349559,0.84,100
"Federated CCW","OR",6,-1,"small",0.5,25,"100/100/100/100/100/100/100/100/100/100","-4.5/-4.16666666666667/-3.83333333333333/-3.5/-3.16666666666667/-2.83333333333333/-2.5/-2.16666666666667/-1.83333333333333/-1.5",0.47634054462585,0.492674879033222,0.101695069112545,-0.0163343344073719,0.100880350176788,0.93,100
"Federated CCW","OR",9,-1,"small",0.5,25,"100/100/100/100/100/100/100/100/100/100","-4.5/-4.16666666666667/-3.83333333333333/-3.5/-3.16666666666667/-2.83333333333333/-2.5/-2.16666666666667/-1.83333333333333/-1.5",0.563638905635588,0.530925245482181,0.121058038677941,0.0327136601534068,0.11714130794984,0.92,100
"Federated CCW","OR",3,-0.7,"small",0.5,25,"100/100/100/100/100/100/100/100/100/100","-4.5/-4.16666666666667/-3.83333333333333/-3.5/-3.16666666666667/-2.83333333333333/-2.5/-2.16666666666667/-1.83333333333333/-1.5",0.638116682242158,0.546458364037688,0.19758166531064,0.0916583182044706,0.175916839773837,0.93,100
"Federated CCW","OR",6,-0.7,"small",0.5,25,"100/100/100/100/100/100/100/100/100/100","-4.5/-4.16666666666667/-3.83333333333333/-3.5/-3.16666666666667/-2.83333333333333/-2.5/-2.16666666666667/-1.83333333333333/-1.5",0.603828147893992,0.601731716245787,0.129861014567862,0.00209643164820527,0.130498221973796,0.97,100
"Federated CCW","OR",9,-0.7,"small",0.5,25,"100/100/100/100/100/100/100/100/100/100","-4.5/-4.16666666666667/-3.83333333333333/-3.5/-3.16666666666667/-2.83333333333333/-2.5/-2.16666666666667/-1.83333333333333/-1.5",0.671863238422862,0.633605326605028,0.140272094687665,0.0382579118178343,0.135633912848334,0.96,100
"Federated CCW","OR",3,-0.5,"small",0.5,25,"100/100/100/100/100/100/100/100/100/100","-4.5/-4.16666666666667/-3.83333333333333/-3.5/-3.16666666666667/-2.83333333333333/-2.5/-2.16666666666667/-1.83333333333333/-1.5",0.640783606475752,0.644627457159584,0.214775454178425,-0.00384385068383274,0.215822880358716,0.99,100
"Federated CCW","OR",6,-0.5,"small",0.5,25,"100/100/100/100/100/100/100/100/100/100","-4.5/-4.16666666666667/-3.83333333333333/-3.5/-3.16666666666667/-2.83333333333333/-2.5/-2.16666666666667/-1.83333333333333/-1.5",0.85374545494156,0.690810301714005,0.260911803539172,0.162935153227554,0.204808619878515,0.91,100
"Federated CCW","OR",9,-0.5,"small",0.5,25,"100/100/100/100/100/100/100/100/100/100","-4.5/-4.16666666666667/-3.83333333333333/-3.5/-3.16666666666667/-2.83333333333333/-2.5/-2.16666666666667/-1.83333333333333/-1.5",0.693569766009464,0.716699827389049,0.172915169795291,-0.0231300613795853,0.172224472404067,0.91,100
"Federated CCW","OR",3,-1,"strong",1.5,25,"100/100/100/100/100/100/100/100/100/100","-4.5/-4.16666666666667/-3.83333333333333/-3.5/-3.16666666666667/-2.83333333333333/-2.5/-2.16666666666667/-1.83333333333333/-1.5",0.482237495069847,0.419389036304412,0.252892791826756,0.0628484587654347,0.246192901678971,0.88,100
"Federated CCW","OR",6,-1,"strong",1.5,25,"100/100/100/100/100/100/100/100/100/100","-4.5/-4.16666666666667/-3.83333333333333/-3.5/-3.16666666666667/-2.83333333333333/-2.5/-2.16666666666667/-1.83333333333333/-1.5",0.537765603447711,0.465599504525327,0.233313890326145,0.0721660989223844,0.222990296444778,0.89,100
"Federated CCW","OR",9,-1,"strong",1.5,25,"100/100/100/100/100/100/100/100/100/100","-4.5/-4.16666666666667/-3.83333333333333/-3.5/-3.16666666666667/-2.83333333333333/-2.5/-2.16666666666667/-1.83333333333333/-1.5",0.63527261138445,0.510789129460564,0.252344264048538,0.124483481923886,0.220608640009342,0.87,100
"Federated CCW","OR",3,-0.7,"strong",1.5,25,"100/100/100/100/100/100/100/100/100/100","-4.5/-4.16666666666667/-3.83333333333333/-3.5/-3.16666666666667/-2.83333333333333/-2.5/-2.16666666666667/-1.83333333333333/-1.5",0.781029334272424,0.538634175654048,0.866917928694818,0.242395158618376,0.836534024358833,0.83,100
"Federated CCW","OR",6,-0.7,"strong",1.5,25,"100/100/100/100/100/100/100/100/100/100","-4.5/-4.16666666666667/-3.83333333333333/-3.5/-3.16666666666667/-2.83333333333333/-2.5/-2.16666666666667/-1.83333333333333/-1.5",0.686198586644197,0.574322069528086,0.315976842215425,0.111876517116111,0.29699676856794,0.92,100
"Federated CCW","OR",9,-0.7,"strong",1.5,25,"100/100/100/100/100/100/100/100/100/100","-4.5/-4.16666666666667/-3.83333333333333/-3.5/-3.16666666666667/-2.83333333333333/-2.5/-2.16666666666667/-1.83333333333333/-1.5",0.676130846135175,0.618686214468834,0.360528744282341,0.0574446316663406,0.35771594417031,0.9,100
"Federated CCW","OR",3,-0.5,"strong",1.5,25,"100/100/100/100/100/100/100/100/100/100","-4.5/-4.16666666666667/-3.83333333333333/-3.5/-3.16666666666667/-2.83333333333333/-2.5/-2.16666666666667/-1.83333333333333/-1.5",1.03180126459117,0.640232813871902,0.941535258616463,0.391568450719265,0.860562883456587,0.78,100
"Federated CCW","OR",6,-0.5,"strong",1.5,25,"100/100/100/100/100/100/100/100/100/100","-4.5/-4.16666666666667/-3.83333333333333/-3.5/-3.16666666666667/-2.83333333333333/-2.5/-2.16666666666667/-1.83333333333333/-1.5",0.780483448786219,0.665727640483605,0.433592202234344,0.114755808302615,0.420237189277388,0.89,100
"Federated CCW","OR",9,-0.5,"strong",1.5,25,"100/100/100/100/100/100/100/100/100/100","-4.5/-4.16666666666667/-3.83333333333333/-3.5/-3.16666666666667/-2.83333333333333/-2.5/-2.16666666666667/-1.83333333333333/-1.5",0.921838931439534,0.708282268140654,0.447217680667203,0.213556663298879,0.394913627511055,0.82,100
"Pooled CCW","OR",3,-1,"medium",1,25,"100/100/100/100/100/100/100/100/100/100","-4.5/-4.16666666666667/-3.83333333333333/-3.5/-3.16666666666667/-2.83333333333333/-2.5/-2.16666666666667/-1.83333333333333/-1.5",0.497675124490827,0.424496724518878,0.210099011509381,0.0731783999719486,0.197935088877271,0.93,100
"Pooled CCW","OR",6,-1,"medium",1,25,"100/100/100/100/100/100/100/100/100/100","-4.5/-4.16666666666667/-3.83333333333333/-3.5/-3.16666666666667/-2.83333333333333/-2.5/-2.16666666666667/-1.83333333333333/-1.5",0.547318289298461,0.484559866726183,0.146466241075456,0.0627584225722775,0.133006190222061,0.95,100
"Pooled CCW","OR",9,-1,"medium",1,25,"100/100/100/100/100/100/100/100/100/100","-4.5/-4.16666666666667/-3.83333333333333/-3.5/-3.16666666666667/-2.83333333333333/-2.5/-2.16666666666667/-1.83333333333333/-1.5",0.547318099364153,0.518991369511217,0.129626068483038,0.0283267298529354,0.127130387240054,0.97,100
"Pooled CCW","OR",3,-0.7,"medium",1,25,"100/100/100/100/100/100/100/100/100/100","-4.5/-4.16666666666667/-3.83333333333333/-3.5/-3.16666666666667/-2.83333333333333/-2.5/-2.16666666666667/-1.83333333333333/-1.5",0.592753475576414,0.54310355821213,0.259186476790116,0.0496499173642836,0.255668099748252,0.88,100
"Pooled CCW","OR",6,-0.7,"medium",1,25,"100/100/100/100/100/100/100/100/100/100","-4.5/-4.16666666666667/-3.83333333333333/-3.5/-3.16666666666667/-2.83333333333333/-2.5/-2.16666666666667/-1.83333333333333/-1.5",0.637647858207247,0.594432877917817,0.206833844943139,0.0432149802894298,0.203287885861223,0.95,100
"Pooled CCW","OR",9,-0.7,"medium",1,25,"100/100/100/100/100/100/100/100/100/100","-4.5/-4.16666666666667/-3.83333333333333/-3.5/-3.16666666666667/-2.83333333333333/-2.5/-2.16666666666667/-1.83333333333333/-1.5",0.666568942020989,0.623679377638862,0.174307162919895,0.0428895643821266,0.169799264469663,0.96,100
"Pooled CCW","OR",3,-0.5,"medium",1,25,"100/100/100/100/100/100/100/100/100/100","-4.5/-4.16666666666667/-3.83333333333333/-3.5/-3.16666666666667/-2.83333333333333/-2.5/-2.16666666666667/-1.83333333333333/-1.5",0.94093152452074,0.640912416333199,0.609541480280896,0.300019108187541,0.533266426584878,0.9,100
"Pooled CCW","OR",6,-0.5,"medium",1,25,"100/100/100/100/100/100/100/100/100/100","-4.5/-4.16666666666667/-3.83333333333333/-3.5/-3.16666666666667/-2.83333333333333/-2.5/-2.16666666666667/-1.83333333333333/-1.5",0.70322810912553,0.68486966874609,0.219766858356762,0.0183584403794401,0.220101995867103,0.95,100
"Pooled CCW","OR",9,-0.5,"medium",1,25,"100/100/100/100/100/100/100/100/100/100","-4.5/-4.16666666666667/-3.83333333333333/-3.5/-3.16666666666667/-2.83333333333333/-2.5/-2.16666666666667/-1.83333333333333/-1.5",0.720594386058814,0.708294599924536,0.173707792764441,0.0122997861342772,0.174144699290721,0.98,100
"Pooled CCW","OR",3,-1,"small",0.5,25,"100/100/100/100/100/100/100/100/100/100","-4.5/-4.16666666666667/-3.83333333333333/-3.5/-3.16666666666667/-2.83333333333333/-2.5/-2.16666666666667/-1.83333333333333/-1.5",0.518119985019841,0.428471097737031,0.184609505787379,0.0896488872828099,0.162193756920089,0.82,100
"Pooled CCW","OR",6,-1,"small",0.5,25,"100/100/100/100/100/100/100/100/100/100","-4.5/-4.16666666666667/-3.83333333333333/-3.5/-3.16666666666667/-2.83333333333333/-2.5/-2.16666666666667/-1.83333333333333/-1.5",0.461235224545146,0.492674879033222,0.0964079919492642,-0.0314396544880765,0.0915966621803743,0.93,100
"Pooled CCW","OR",9,-1,"small",0.5,25,"100/100/100/100/100/100/100/100/100/100","-4.5/-4.16666666666667/-3.83333333333333/-3.5/-3.16666666666667/-2.83333333333333/-2.5/-2.16666666666667/-1.83333333333333/-1.5",0.543136464177639,0.530925245482181,0.0891050662701413,0.0122112186954583,0.0887090293707294,0.97,100
"Pooled CCW","OR",3,-0.7,"small",0.5,25,"100/100/100/100/100/100/100/100/100/100","-4.5/-4.16666666666667/-3.83333333333333/-3.5/-3.16666666666667/-2.83333333333333/-2.5/-2.16666666666667/-1.83333333333333/-1.5",0.603963587799669,0.546458364037688,0.160118723829866,0.0575052237619815,0.150188954929507,0.98,100
"Pooled CCW","OR",6,-0.7,"small",0.5,25,"100/100/100/100/100/100/100/100/100/100","-4.5/-4.16666666666667/-3.83333333333333/-3.5/-3.16666666666667/-2.83333333333333/-2.5/-2.16666666666667/-1.83333333333333/-1.5",0.587929758422835,0.601731716245787,0.121376807905396,-0.0138019578229515,0.121197040741104,0.98,100
"Pooled CCW","OR",9,-0.7,"small",0.5,25,"100/100/100/100/100/100/100/100/100/100","-4.5/-4.16666666666667/-3.83333333333333/-3.5/-3.16666666666667/-2.83333333333333/-2.5/-2.16666666666667/-1.83333333333333/-1.5",0.662227598401033,0.633605326605028,0.113901853501844,0.0286222717960058,0.110802389338964,0.98,100
"Pooled CCW","OR",3,-0.5,"small",0.5,25,"100/100/100/100/100/100/100/100/100/100","-4.5/-4.16666666666667/-3.83333333333333/-3.5/-3.16666666666667/-2.83333333333333/-2.5/-2.16666666666667/-1.83333333333333/-1.5",0.633812617585401,0.644627457159584,0.235259337622735,-0.0108148395741833,0.236194567936906,0.97,100
"Pooled CCW","OR",6,-0.5,"small",0.5,25,"100/100/100/100/100/100/100/100/100/100","-4.5/-4.16666666666667/-3.83333333333333/-3.5/-3.16666666666667/-2.83333333333333/-2.5/-2.16666666666667/-1.83333333333333/-1.5",0.792318400004595,0.690810301714005,0.194602200812932,0.101508098290589,0.166866917706638,0.96,100
"Pooled CCW","OR",9,-0.5,"small",0.5,25,"100/100/100/100/100/100/100/100/100/100","-4.5/-4.16666666666667/-3.83333333333333/-3.5/-3.16666666666667/-2.83333333333333/-2.5/-2.16666666666667/-1.83333333333333/-1.5",0.709871016214264,0.716699827389049,0.145049982701397,-0.00682881117478486,0.145619071413077,0.96,100
"Pooled CCW","OR",3,-1,"strong",1.5,25,"100/100/100/100/100/100/100/100/100/100","-4.5/-4.16666666666667/-3.83333333333333/-3.5/-3.16666666666667/-2.83333333333333/-2.5/-2.16666666666667/-1.83333333333333/-1.5",0.501216230743725,0.419389036304412,0.240609876281152,0.0818271944393125,0.227408373854646,0.93,100
"Pooled CCW","OR",6,-1,"strong",1.5,25,"100/100/100/100/100/100/100/100/100/100","-4.5/-4.16666666666667/-3.83333333333333/-3.5/-3.16666666666667/-2.83333333333333/-2.5/-2.16666666666667/-1.83333333333333/-1.5",0.513825061964124,0.465599504525327,0.194205749824192,0.0482255574387973,0.189070477144824,0.87,100
"Pooled CCW","OR",9,-1,"strong",1.5,25,"100/100/100/100/100/100/100/100/100/100","-4.5/-4.16666666666667/-3.83333333333333/-3.5/-3.16666666666667/-2.83333333333333/-2.5/-2.16666666666667/-1.83333333333333/-1.5",0.615813956627856,0.510789129460564,0.240283465110034,0.105024827167293,0.217204296336968,0.86,100
"Pooled CCW","OR",3,-0.7,"strong",1.5,25,"100/100/100/100/100/100/100/100/100/100","-4.5/-4.16666666666667/-3.83333333333333/-3.5/-3.16666666666667/-2.83333333333333/-2.5/-2.16666666666667/-1.83333333333333/-1.5",0.638587235050623,0.538634175654048,0.473641331649617,0.099953059396575,0.465306998651458,0.88,100
"Pooled CCW","OR",6,-0.7,"strong",1.5,25,"100/100/100/100/100/100/100/100/100/100","-4.5/-4.16666666666667/-3.83333333333333/-3.5/-3.16666666666667/-2.83333333333333/-2.5/-2.16666666666667/-1.83333333333333/-1.5",0.681994156308663,0.574322069528086,0.282323800498553,0.107672086780577,0.262300333021702,0.93,100
"Pooled CCW","OR",9,-0.7,"strong",1.5,25,"100/100/100/100/100/100/100/100/100/100","-4.5/-4.16666666666667/-3.83333333333333/-3.5/-3.16666666666667/-2.83333333333333/-2.5/-2.16666666666667/-1.83333333333333/-1.5",0.640746281054256,0.618686214468834,0.309616538756352,0.0220600665854215,0.310385479675914,0.95,100
"Pooled CCW","OR",3,-0.5,"strong",1.5,25,"100/100/100/100/100/100/100/100/100/100","-4.5/-4.16666666666667/-3.83333333333333/-3.5/-3.16666666666667/-2.83333333333333/-2.5/-2.16666666666667/-1.83333333333333/-1.5",1.00859933613544,0.640232813871902,0.918373811685342,0.368366522263539,0.845497022714522,0.75,100
"Pooled CCW","OR",6,-0.5,"strong",1.5,25,"100/100/100/100/100/100/100/100/100/100","-4.5/-4.16666666666667/-3.83333333333333/-3.5/-3.16666666666667/-2.83333333333333/-2.5/-2.16666666666667/-1.83333333333333/-1.5",0.742501025146148,0.665727640483605,0.374038893315358,0.0767733846625432,0.367919266945799,0.88,100
"Pooled CCW","OR",9,-0.5,"strong",1.5,25,"100/100/100/100/100/100/100/100/100/100","-4.5/-4.16666666666667/-3.83333333333333/-3.5/-3.16666666666667/-2.83333333333333/-2.5/-2.16666666666667/-1.83333333333333/-1.5",0.880927954185868,0.708282268140654,0.403621497591527,0.172645686045213,0.366671873803252,0.85,100
"Federated IPW (no cloning)","OR",3,-1,"medium",1,25,"100/100/100/100/100/100/100/100/100/100","-4.5/-4.16666666666667/-3.83333333333333/-3.5/-3.16666666666667/-2.83333333333333/-2.5/-2.16666666666667/-1.83333333333333/-1.5",0.49981350700815,0.424496724518878,0.234847055160016,0.0753167824892716,0.223562798428557,NA,100
"Federated IPW (no cloning)","OR",6,-1,"medium",1,25,"100/100/100/100/100/100/100/100/100/100","-4.5/-4.16666666666667/-3.83333333333333/-3.5/-3.16666666666667/-2.83333333333333/-2.5/-2.16666666666667/-1.83333333333333/-1.5",0.718662329982109,0.484559866726183,0.304089627344841,0.234102463255926,0.195056423218048,NA,100
"Federated IPW (no cloning)","OR",9,-1,"medium",1,25,"100/100/100/100/100/100/100/100/100/100","-4.5/-4.16666666666667/-3.83333333333333/-3.5/-3.16666666666667/-2.83333333333333/-2.5/-2.16666666666667/-1.83333333333333/-1.5",0.804814211711334,0.518991369511217,0.599895337873213,0.285822842200117,0.53008453611947,NA,100
"Federated IPW (no cloning)","OR",3,-0.7,"medium",1,25,"100/100/100/100/100/100/100/100/100/100","-4.5/-4.16666666666667/-3.83333333333333/-3.5/-3.16666666666667/-2.83333333333333/-2.5/-2.16666666666667/-1.83333333333333/-1.5",0.674063875889987,0.54310355821213,0.298668927927704,0.130960317677856,0.269778292256676,NA,100
"Federated IPW (no cloning)","OR",6,-0.7,"medium",1,25,"100/100/100/100/100/100/100/100/100/100","-4.5/-4.16666666666667/-3.83333333333333/-3.5/-3.16666666666667/-2.83333333333333/-2.5/-2.16666666666667/-1.83333333333333/-1.5",0.912263004612034,0.594432877917817,0.687176499054781,0.317830126694217,0.612327527907291,NA,100
"Federated IPW (no cloning)","OR",9,-0.7,"medium",1,25,"100/100/100/100/100/100/100/100/100/100","-4.5/-4.16666666666667/-3.83333333333333/-3.5/-3.16666666666667/-2.83333333333333/-2.5/-2.16666666666667/-1.83333333333333/-1.5",1.02585657479017,0.623679377638862,0.530439383091183,0.402177197151307,0.347602817033711,NA,100
"Federated IPW (no cloning)","OR",3,-0.5,"medium",1,25,"100/100/100/100/100/100/100/100/100/100","-4.5/-4.16666666666667/-3.83333333333333/-3.5/-3.16666666666667/-2.83333333333333/-2.5/-2.16666666666667/-1.83333333333333/-1.5",1.08019740749862,0.640912416333199,0.954915455336874,0.439284991165422,0.852146560744044,NA,100
"Federated IPW (no cloning)","OR",6,-0.5,"medium",1,25,"100/100/100/100/100/100/100/100/100/100","-4.5/-4.16666666666667/-3.83333333333333/-3.5/-3.16666666666667/-2.83333333333333/-2.5/-2.16666666666667/-1.83333333333333/-1.5",0.945630026635082,0.68486966874609,0.432058593513313,0.260760357888992,0.346233213839988,NA,100
"Federated IPW (no cloning)","OR",9,-0.5,"medium",1,25,"100/100/100/100/100/100/100/100/100/100","-4.5/-4.16666666666667/-3.83333333333333/-3.5/-3.16666666666667/-2.83333333333333/-2.5/-2.16666666666667/-1.83333333333333/-1.5",1.16235827936841,0.708294599924536,0.582086104959803,0.454063679443872,0.366046870925447,NA,100
"Federated IPW (no cloning)","OR",3,-1,"small",0.5,25,"100/100/100/100/100/100/100/100/100/100","-4.5/-4.16666666666667/-3.83333333333333/-3.5/-3.16666666666667/-2.83333333333333/-2.5/-2.16666666666667/-1.83333333333333/-1.5",0.545585592099873,0.428471097737031,0.202386100803977,0.117114494362842,0.165890096905409,NA,100
"Federated IPW (no cloning)","OR",6,-1,"small",0.5,25,"100/100/100/100/100/100/100/100/100/100","-4.5/-4.16666666666667/-3.83333333333333/-3.5/-3.16666666666667/-2.83333333333333/-2.5/-2.16666666666667/-1.83333333333333/-1.5",0.523276757375179,0.492674879033222,0.133360810515475,0.0306018783419565,0.130456195764796,NA,100
"Federated IPW (no cloning)","OR",9,-1,"small",0.5,25,"100/100/100/100/100/100/100/100/100/100","-4.5/-4.16666666666667/-3.83333333333333/-3.5/-3.16666666666667/-2.83333333333333/-2.5/-2.16666666666667/-1.83333333333333/-1.5",0.669025939109153,0.530925245482181,0.211046884132522,0.138100693626972,0.160394040424929,NA,100
"Federated IPW (no cloning)","OR",3,-0.7,"small",0.5,25,"100/100/100/100/100/100/100/100/100/100","-4.5/-4.16666666666667/-3.83333333333333/-3.5/-3.16666666666667/-2.83333333333333/-2.5/-2.16666666666667/-1.83333333333333/-1.5",0.659369206077022,0.546458364037688,0.211501221607426,0.112910842039334,0.179741420585639,NA,100
"Federated IPW (no cloning)","OR",6,-0.7,"small",0.5,25,"100/100/100/100/100/100/100/100/100/100","-4.5/-4.16666666666667/-3.83333333333333/-3.5/-3.16666666666667/-2.83333333333333/-2.5/-2.16666666666667/-1.83333333333333/-1.5",0.696713123737386,0.601731716245787,0.19214812925039,0.0949814074915989,0.167872714543554,NA,100
"Federated IPW (no cloning)","OR",9,-0.7,"small",0.5,25,"100/100/100/100/100/100/100/100/100/100","-4.5/-4.16666666666667/-3.83333333333333/-3.5/-3.16666666666667/-2.83333333333333/-2.5/-2.16666666666667/-1.83333333333333/-1.5",0.825680821303111,0.633605326605028,0.27974415766268,0.192075494698083,0.204405514174986,NA,100
"Federated IPW (no cloning)","OR",3,-0.5,"small",0.5,25,"100/100/100/100/100/100/100/100/100/100","-4.5/-4.16666666666667/-3.83333333333333/-3.5/-3.16666666666667/-2.83333333333333/-2.5/-2.16666666666667/-1.83333333333333/-1.5",0.664502066179254,0.644627457159584,0.223571491073513,0.0198746090196699,0.223808205085933,NA,100
"Federated IPW (no cloning)","OR",6,-0.5,"small",0.5,25,"100/100/100/100/100/100/100/100/100/100","-4.5/-4.16666666666667/-3.83333333333333/-3.5/-3.16666666666667/-2.83333333333333/-2.5/-2.16666666666667/-1.83333333333333/-1.5",0.982487894626926,0.690810301714005,0.37287098730686,0.29167759291292,0.233456579934827,NA,100
"Federated IPW (no cloning)","OR",9,-0.5,"small",0.5,25,"100/100/100/100/100/100/100/100/100/100","-4.5/-4.16666666666667/-3.83333333333333/-3.5/-3.16666666666667/-2.83333333333333/-2.5/-2.16666666666667/-1.83333333333333/-1.5",0.90096527383333,0.716699827389049,0.28816678489931,0.184265446444281,0.222670525202221,NA,100
"Federated IPW (no cloning)","OR",3,-1,"strong",1.5,25,"100/100/100/100/100/100/100/100/100/100","-4.5/-4.16666666666667/-3.83333333333333/-3.5/-3.16666666666667/-2.83333333333333/-2.5/-2.16666666666667/-1.83333333333333/-1.5",0.542817252527612,0.419389036304412,0.307429732219825,0.123428216223199,0.28298287718609,NA,100
"Federated IPW (no cloning)","OR",6,-1,"strong",1.5,25,"100/100/100/100/100/100/100/100/100/100","-4.5/-4.16666666666667/-3.83333333333333/-3.5/-3.16666666666667/-2.83333333333333/-2.5/-2.16666666666667/-1.83333333333333/-1.5",0.792236978278285,0.465599504525327,0.5267830245435,0.326637473752958,0.415371703669832,NA,100
"Federated IPW (no cloning)","OR",9,-1,"strong",1.5,25,"100/100/100/100/100/100/100/100/100/100","-4.5/-4.16666666666667/-3.83333333333333/-3.5/-3.16666666666667/-2.83333333333333/-2.5/-2.16666666666667/-1.83333333333333/-1.5",1.03310494377059,0.510789129460564,0.65868454002609,0.52231581431003,0.403333976196622,NA,100
"Federated IPW (no cloning)","OR",3,-0.7,"strong",1.5,25,"100/100/100/100/100/100/100/100/100/100","-4.5/-4.16666666666667/-3.83333333333333/-3.5/-3.16666666666667/-2.83333333333333/-2.5/-2.16666666666667/-1.83333333333333/-1.5",0.907771040007753,0.538634175654048,0.994777485149515,0.369136864353705,0.928407031694889,NA,100
"Federated IPW (no cloning)","OR",6,-0.7,"strong",1.5,25,"100/100/100/100/100/100/100/100/100/100","-4.5/-4.16666666666667/-3.83333333333333/-3.5/-3.16666666666667/-2.83333333333333/-2.5/-2.16666666666667/-1.83333333333333/-1.5",0.963985346538673,0.574322069528086,0.588294690918665,0.389663277010587,0.442961992934272,NA,100
"Federated IPW (no cloning)","OR",9,-0.7,"strong",1.5,25,"100/100/100/100/100/100/100/100/100/100","-4.5/-4.16666666666667/-3.83333333333333/-3.5/-3.16666666666667/-2.83333333333333/-2.5/-2.16666666666667/-1.83333333333333/-1.5",1.08904490052232,0.618686214468834,0.738368974205048,0.470358686053487,0.572034688962493,NA,100
"Federated IPW (no cloning)","OR",3,-0.5,"strong",1.5,25,"100/100/100/100/100/100/100/100/100/100","-4.5/-4.16666666666667/-3.83333333333333/-3.5/-3.16666666666667/-2.83333333333333/-2.5/-2.16666666666667/-1.83333333333333/-1.5",1.20377830609515,0.640232813871902,1.16129242929832,0.563545492223245,1.02050521482019,NA,100
"Federated IPW (no cloning)","OR",6,-0.5,"strong",1.5,25,"100/100/100/100/100/100/100/100/100/100","-4.5/-4.16666666666667/-3.83333333333333/-3.5/-3.16666666666667/-2.83333333333333/-2.5/-2.16666666666667/-1.83333333333333/-1.5",1.18337913517652,0.665727640483605,0.842591354406987,0.517651494692919,0.668177923866853,NA,100
"Federated IPW (no cloning)","OR",9,-0.5,"strong",1.5,25,"100/100/100/100/100/100/100/100/100/100","-4.5/-4.16666666666667/-3.83333333333333/-3.5/-3.16666666666667/-2.83333333333333/-2.5/-2.16666666666667/-1.83333333333333/-1.5",1.58615273618176,0.708282268140654,1.18911961555832,0.877870468041109,0.806131115389331,NA,100
"Federated per-protocol (unweighted)","OR",3,-1,"medium",1,25,"100/100/100/100/100/100/100/100/100/100","-4.5/-4.16666666666667/-3.83333333333333/-3.5/-3.16666666666667/-2.83333333333333/-2.5/-2.16666666666667/-1.83333333333333/-1.5",1.40519462962345,0.424496724518878,1.01800279917153,0.980697905104576,0.274434805867038,NA,100
"Federated per-protocol (unweighted)","OR",6,-1,"medium",1,25,"100/100/100/100/100/100/100/100/100/100","-4.5/-4.16666666666667/-3.83333333333333/-3.5/-3.16666666666667/-2.83333333333333/-2.5/-2.16666666666667/-1.83333333333333/-1.5",1.59752259078681,0.484559866726183,1.13612150779261,1.11296272406063,0.229373444608161,NA,100
"Federated per-protocol (unweighted)","OR",9,-1,"medium",1,25,"100/100/100/100/100/100/100/100/100/100","-4.5/-4.16666666666667/-3.83333333333333/-3.5/-3.16666666666667/-2.83333333333333/-2.5/-2.16666666666667/-1.83333333333333/-1.5",1.71791814848498,0.518991369511217,1.22540965752519,1.19892677897376,0.254660414439329,NA,100
"Federated per-protocol (unweighted)","OR",3,-0.7,"medium",1,25,"100/100/100/100/100/100/100/100/100/100","-4.5/-4.16666666666667/-3.83333333333333/-3.5/-3.16666666666667/-2.83333333333333/-2.5/-2.16666666666667/-1.83333333333333/-1.5",1.92127534081125,0.54310355821213,1.42017912400786,1.37817178259911,0.344584777088793,NA,100
"Federated per-protocol (unweighted)","OR",6,-0.7,"medium",1,25,"100/100/100/100/100/100/100/100/100/100","-4.5/-4.16666666666667/-3.83333333333333/-3.5/-3.16666666666667/-2.83333333333333/-2.5/-2.16666666666667/-1.83333333333333/-1.5",2.24806512758411,0.594432877917817,1.73157119496759,1.6536322496663,0.516240475349366,NA,100
"Federated per-protocol (unweighted)","OR",9,-0.7,"medium",1,25,"100/100/100/100/100/100/100/100/100/100","-4.5/-4.16666666666667/-3.83333333333333/-3.5/-3.16666666666667/-2.83333333333333/-2.5/-2.16666666666667/-1.83333333333333/-1.5",2.2860782433564,0.623679377638862,1.7080533015164,1.66239886571753,0.39424661830197,NA,100
"Federated per-protocol (unweighted)","OR",3,-0.5,"medium",1,25,"100/100/100/100/100/100/100/100/100/100","-4.5/-4.16666666666667/-3.83333333333333/-3.5/-3.16666666666667/-2.83333333333333/-2.5/-2.16666666666667/-1.83333333333333/-1.5",2.97785636473512,0.640912416333199,2.49085976541422,2.33694394840192,0.866360874366657,NA,100
"Federated per-protocol (unweighted)","OR",6,-0.5,"medium",1,25,"100/100/100/100/100/100/100/100/100/100","-4.5/-4.16666666666667/-3.83333333333333/-3.5/-3.16666666666667/-2.83333333333333/-2.5/-2.16666666666667/-1.83333333333333/-1.5",2.78266747941785,0.68486966874609,2.17219300638225,2.09779781067176,0.56645878764279,NA,100
"Federated per-protocol (unweighted)","OR",9,-0.5,"medium",1,25,"100/100/100/100/100/100/100/100/100/100","-4.5/-4.16666666666667/-3.83333333333333/-3.5/-3.16666666666667/-2.83333333333333/-2.5/-2.16666666666667/-1.83333333333333/-1.5",2.77562673792963,0.708294599924536,2.12944587325914,2.06733213800509,0.513138056434401,NA,100
"Federated per-protocol (unweighted)","OR",3,-1,"small",0.5,25,"100/100/100/100/100/100/100/100/100/100","-4.5/-4.16666666666667/-3.83333333333333/-3.5/-3.16666666666667/-2.83333333333333/-2.5/-2.16666666666667/-1.83333333333333/-1.5",0.844134950841228,0.428471097737031,0.452591701163085,0.415663853104197,0.179962984926636,NA,100
"Federated per-protocol (unweighted)","OR",6,-1,"small",0.5,25,"100/100/100/100/100/100/100/100/100/100","-4.5/-4.16666666666667/-3.83333333333333/-3.5/-3.16666666666667/-2.83333333333333/-2.5/-2.16666666666667/-1.83333333333333/-1.5",0.862678178576131,0.492674879033222,0.391718388184697,0.370003299542909,0.129259171057228,NA,100
"Federated per-protocol (unweighted)","OR",9,-1,"small",0.5,25,"100/100/100/100/100/100/100/100/100/100","-4.5/-4.16666666666667/-3.83333333333333/-3.5/-3.16666666666667/-2.83333333333333/-2.5/-2.16666666666667/-1.83333333333333/-1.5",0.980856554464305,0.530925245482181,0.482829276089485,0.449931308982124,0.176056484986456,NA,100
"Federated per-protocol (unweighted)","OR",3,-0.7,"small",0.5,25,"100/100/100/100/100/100/100/100/100/100","-4.5/-4.16666666666667/-3.83333333333333/-3.5/-3.16666666666667/-2.83333333333333/-2.5/-2.16666666666667/-1.83333333333333/-1.5",1.16881016987545,0.546458364037688,0.660825103718094,0.622351805837764,0.223308563697657,NA,100
"Federated per-protocol (unweighted)","OR",6,-0.7,"small",0.5,25,"100/100/100/100/100/100/100/100/100/100","-4.5/-4.16666666666667/-3.83333333333333/-3.5/-3.16666666666667/-2.83333333333333/-2.5/-2.16666666666667/-1.83333333333333/-1.5",1.25540065617005,0.601731716245787,0.694830416533262,0.653668939924261,0.236784487782931,NA,100
"Federated per-protocol (unweighted)","OR",9,-0.7,"small",0.5,25,"100/100/100/100/100/100/100/100/100/100","-4.5/-4.16666666666667/-3.83333333333333/-3.5/-3.16666666666667/-2.83333333333333/-2.5/-2.16666666666667/-1.83333333333333/-1.5",1.29510571838326,0.633605326605028,0.683032968447216,0.66150039177823,0.171007908326386,NA,100
"Federated per-protocol (unweighted)","OR",3,-0.5,"small",0.5,25,"100/100/100/100/100/100/100/100/100/100","-4.5/-4.16666666666667/-3.83333333333333/-3.5/-3.16666666666667/-2.83333333333333/-2.5/-2.16666666666667/-1.83333333333333/-1.5",1.21986946152497,0.644627457159584,0.62034330679415,0.575242004365389,0.233381931514776,NA,100
"Federated per-protocol (unweighted)","OR",6,-0.5,"small",0.5,25,"100/100/100/100/100/100/100/100/100/100","-4.5/-4.16666666666667/-3.83333333333333/-3.5/-3.16666666666667/-2.83333333333333/-2.5/-2.16666666666667/-1.83333333333333/-1.5",1.51156857448351,0.690810301714005,0.856036854502464,0.820758272769505,0.244443201448178,NA,100
"Federated per-protocol (unweighted)","OR",9,-0.5,"small",0.5,25,"100/100/100/100/100/100/100/100/100/100","-4.5/-4.16666666666667/-3.83333333333333/-3.5/-3.16666666666667/-2.83333333333333/-2.5/-2.16666666666667/-1.83333333333333/-1.5",1.56810749219515,0.716699827389049,0.8896114528807,0.851407664806105,0.259201425917961,NA,100
"Federated per-protocol (unweighted)","OR",3,-1,"strong",1.5,25,"100/100/100/100/100/100/100/100/100/100","-4.5/-4.16666666666667/-3.83333333333333/-3.5/-3.16666666666667/-2.83333333333333/-2.5/-2.16666666666667/-1.83333333333333/-1.5",1.80411665840007,0.419389036304412,1.45022244343589,1.38472762209566,0.433070489107526,NA,100
"Federated per-protocol (unweighted)","OR",6,-1,"strong",1.5,25,"100/100/100/100/100/100/100/100/100/100","-4.5/-4.16666666666667/-3.83333333333333/-3.5/-3.16666666666667/-2.83333333333333/-2.5/-2.16666666666667/-1.83333333333333/-1.5",2.05725686257132,0.465599504525327,1.61511189112981,1.59165735804599,0.275632011025559,NA,100
"Federated per-protocol (unweighted)","OR",9,-1,"strong",1.5,25,"100/100/100/100/100/100/100/100/100/100","-4.5/-4.16666666666667/-3.83333333333333/-3.5/-3.16666666666667/-2.83333333333333/-2.5/-2.16666666666667/-1.83333333333333/-1.5",2.45134117564032,0.510789129460564,1.96938130264145,1.94055204617976,0.337430084432419,NA,100
"Federated per-protocol (unweighted)","OR",3,-0.7,"strong",1.5,25,"100/100/100/100/100/100/100/100/100/100","-4.5/-4.16666666666667/-3.83333333333333/-3.5/-3.16666666666667/-2.83333333333333/-2.5/-2.16666666666667/-1.83333333333333/-1.5",2.90447134057119,0.538634175654048,2.45626541259175,2.36583716491714,0.663670757937091,NA,100
"Federated per-protocol (unweighted)","OR",6,-0.7,"strong",1.5,25,"100/100/100/100/100/100/100/100/100/100","-4.5/-4.16666666666667/-3.83333333333333/-3.5/-3.16666666666667/-2.83333333333333/-2.5/-2.16666666666667/-1.83333333333333/-1.5",2.86298797575047,0.574322069528086,2.33335451753956,2.28866590622238,0.456769148219516,NA,100
"Federated per-protocol (unweighted)","OR",9,-0.7,"strong",1.5,25,"100/100/100/100/100/100/100/100/100/100","-4.5/-4.16666666666667/-3.83333333333333/-3.5/-3.16666666666667/-2.83333333333333/-2.5/-2.16666666666667/-1.83333333333333/-1.5",3.09810440585605,0.618686214468834,2.53054755947575,2.47941819138722,0.50866867526789,NA,100
"Federated per-protocol (unweighted)","OR",3,-0.5,"strong",1.5,25,"100/100/100/100/100/100/100/100/100/100","-4.5/-4.16666666666667/-3.83333333333333/-3.5/-3.16666666666667/-2.83333333333333/-2.5/-2.16666666666667/-1.83333333333333/-1.5",3.75295532648836,0.640232813871902,3.26833125539074,3.11272251261646,1.00148765829231,NA,100
"Federated per-protocol (unweighted)","OR",6,-0.5,"strong",1.5,25,"100/100/100/100/100/100/100/100/100/100","-4.5/-4.16666666666667/-3.83333333333333/-3.5/-3.16666666666667/-2.83333333333333/-2.5/-2.16666666666667/-1.83333333333333/-1.5",3.86093496642871,0.665727640483605,3.31451232916543,3.19520732594511,0.885712704187982,NA,100
"Federated per-protocol (unweighted)","OR",9,-0.5,"strong",1.5,25,"100/100/100/100/100/100/100/100/100/100","-4.5/-4.16666666666667/-3.83333333333333/-3.5/-3.16666666666667/-2.83333333333333/-2.5/-2.16666666666667/-1.83333333333333/-1.5",4.44389633072232,0.708282268140654,3.81230284857828,3.73561406258167,0.764648585504039,NA,100
"Federated landmark IPW","OR",3,-1,"medium",1,25,"100/100/100/100/100/100/100/100/100/100","-4.5/-4.16666666666667/-3.83333333333333/-3.5/-3.16666666666667/-2.83333333333333/-2.5/-2.16666666666667/-1.83333333333333/-1.5",0.488411384161486,0.424496724518878,0.226645967666594,0.0639146596426081,0.218542719264985,NA,100
"Federated landmark IPW","OR",6,-1,"medium",1,25,"100/100/100/100/100/100/100/100/100/100","-4.5/-4.16666666666667/-3.83333333333333/-3.5/-3.16666666666667/-2.83333333333333/-2.5/-2.16666666666667/-1.83333333333333/-1.5",0.482656948590478,0.484559866726183,0.157032481431199,-0.00190291813570493,0.157811993779994,NA,100
"Federated landmark IPW","OR",9,-1,"medium",1,25,"100/100/100/100/100/100/100/100/100/100","-4.5/-4.16666666666667/-3.83333333333333/-3.5/-3.16666666666667/-2.83333333333333/-2.5/-2.16666666666667/-1.83333333333333/-1.5",0.462256668803146,0.518991369511217,0.150383084555248,-0.0567347007080718,0.139972024102063,NA,100
"Federated landmark IPW","OR",3,-0.7,"medium",1,25,"100/100/100/100/100/100/100/100/100/100","-4.5/-4.16666666666667/-3.83333333333333/-3.5/-3.16666666666667/-2.83333333333333/-2.5/-2.16666666666667/-1.83333333333333/-1.5",0.588464947497175,0.54310355821213,0.27120143439835,0.0453613892850447,0.268727946958665,NA,100
"Federated landmark IPW","OR",6,-0.7,"medium",1,25,"100/100/100/100/100/100/100/100/100/100","-4.5/-4.16666666666667/-3.83333333333333/-3.5/-3.16666666666667/-2.83333333333333/-2.5/-2.16666666666667/-1.83333333333333/-1.5",0.591306637919545,0.594432877917817,0.232601136235922,-0.00312623999827164,0.233751822121597,NA,100
"Federated landmark IPW","OR",9,-0.7,"medium",1,25,"100/100/100/100/100/100/100/100/100/100","-4.5/-4.16666666666667/-3.83333333333333/-3.5/-3.16666666666667/-2.83333333333333/-2.5/-2.16666666666667/-1.83333333333333/-1.5",0.654823832060981,0.623679377638862,0.249072481730566,0.0311444544221189,0.248362565117388,NA,100
"Federated landmark IPW","OR",3,-0.5,"medium",1,25,"100/100/100/100/100/100/100/100/100/100","-4.5/-4.16666666666667/-3.83333333333333/-3.5/-3.16666666666667/-2.83333333333333/-2.5/-2.16666666666667/-1.83333333333333/-1.5",0.96786731974318,0.640912416333199,0.53296168239465,0.326954903409981,0.423010669250915,NA,100
"Federated landmark IPW","OR",6,-0.5,"medium",1,25,"100/100/100/100/100/100/100/100/100/100","-4.5/-4.16666666666667/-3.83333333333333/-3.5/-3.16666666666667/-2.83333333333333/-2.5/-2.16666666666667/-1.83333333333333/-1.5",0.746977561242732,0.68486966874609,0.374406788378829,0.062107892496642,0.3710795782684,NA,100
"Federated landmark IPW","OR",9,-0.5,"medium",1,25,"100/100/100/100/100/100/100/100/100/100","-4.5/-4.16666666666667/-3.83333333333333/-3.5/-3.16666666666667/-2.83333333333333/-2.5/-2.16666666666667/-1.83333333333333/-1.5",0.751094933304726,0.708294599924536,0.326361921123814,0.0428003333801892,0.325173201745634,NA,100
"Federated landmark IPW","OR",3,-1,"small",0.5,25,"100/100/100/100/100/100/100/100/100/100","-4.5/-4.16666666666667/-3.83333333333333/-3.5/-3.16666666666667/-2.83333333333333/-2.5/-2.16666666666667/-1.83333333333333/-1.5",0.481230677615979,0.428471097737031,0.292477459614312,0.0527595798789479,0.28912876987448,NA,100
"Federated landmark IPW","OR",6,-1,"small",0.5,25,"100/100/100/100/100/100/100/100/100/100","-4.5/-4.16666666666667/-3.83333333333333/-3.5/-3.16666666666667/-2.83333333333333/-2.5/-2.16666666666667/-1.83333333333333/-1.5",0.426795070096807,0.492674879033222,0.168640746169499,-0.0658798089364159,0.156022376157152,NA,100
"Federated landmark IPW","OR",9,-1,"small",0.5,25,"100/100/100/100/100/100/100/100/100/100","-4.5/-4.16666666666667/-3.83333333333333/-3.5/-3.16666666666667/-2.83333333333333/-2.5/-2.16666666666667/-1.83333333333333/-1.5",0.485785021274278,0.530925245482181,0.163943898853231,-0.0451402242079034,0.15840098117764,NA,100
"Federated landmark IPW","OR",3,-0.7,"small",0.5,25,"100/100/100/100/100/100/100/100/100/100","-4.5/-4.16666666666667/-3.83333333333333/-3.5/-3.16666666666667/-2.83333333333333/-2.5/-2.16666666666667/-1.83333333333333/-1.5",0.620504224137264,0.546458364037688,0.194139156956577,0.0740458600995766,0.180367814061762,NA,100
"Federated landmark IPW","OR",6,-0.7,"small",0.5,25,"100/100/100/100/100/100/100/100/100/100","-4.5/-4.16666666666667/-3.83333333333333/-3.5/-3.16666666666667/-2.83333333333333/-2.5/-2.16666666666667/-1.83333333333333/-1.5",0.568388005081876,0.601731716245787,0.160869073356325,-0.0333437111639105,0.158168353244322,NA,100
"Federated landmark IPW","OR",9,-0.7,"small",0.5,25,"100/100/100/100/100/100/100/100/100/100","-4.5/-4.16666666666667/-3.83333333333333/-3.5/-3.16666666666667/-2.83333333333333/-2.5/-2.16666666666667/-1.83333333333333/-1.5",0.540642423907155,0.633605326605028,0.196561756368716,-0.0929629026978729,0.174061474072534,NA,100
"Federated landmark IPW","OR",3,-0.5,"small",0.5,25,"100/100/100/100/100/100/100/100/100/100","-4.5/-4.16666666666667/-3.83333333333333/-3.5/-3.16666666666667/-2.83333333333333/-2.5/-2.16666666666667/-1.83333333333333/-1.5",0.666761978557887,0.644627457159584,0.29387303351313,0.0221345213983029,0.294514534272341,NA,100
"Federated landmark IPW","OR",6,-0.5,"small",0.5,25,"100/100/100/100/100/100/100/100/100/100","-4.5/-4.16666666666667/-3.83333333333333/-3.5/-3.16666666666667/-2.83333333333333/-2.5/-2.16666666666667/-1.83333333333333/-1.5",0.795225217144076,0.690810301714005,0.27998210408123,0.104414915430071,0.261092313179647,NA,100
"Federated landmark IPW","OR",9,-0.5,"small",0.5,25,"100/100/100/100/100/100/100/100/100/100","-4.5/-4.16666666666667/-3.83333333333333/-3.5/-3.16666666666667/-2.83333333333333/-2.5/-2.16666666666667/-1.83333333333333/-1.5",315.610370624976,0.716699827389049,2274.37978084235,314.893670797588,2263.82294066094,NA,100
"Federated landmark IPW","OR",3,-1,"strong",1.5,25,"100/100/100/100/100/100/100/100/100/100","-4.5/-4.16666666666667/-3.83333333333333/-3.5/-3.16666666666667/-2.83333333333333/-2.5/-2.16666666666667/-1.83333333333333/-1.5",0.505855631030889,0.419389036304412,0.271461689236424,0.0864665947264768,0.258619053567563,NA,100
"Federated landmark IPW","OR",6,-1,"strong",1.5,25,"100/100/100/100/100/100/100/100/100/100","-4.5/-4.16666666666667/-3.83333333333333/-3.5/-3.16666666666667/-2.83333333333333/-2.5/-2.16666666666667/-1.83333333333333/-1.5",0.488510535769265,0.465599504525327,0.278718165417271,0.0229110312439384,0.279174288237722,NA,100
"Federated landmark IPW","OR",9,-1,"strong",1.5,25,"100/100/100/100/100/100/100/100/100/100","-4.5/-4.16666666666667/-3.83333333333333/-3.5/-3.16666666666667/-2.83333333333333/-2.5/-2.16666666666667/-1.83333333333333/-1.5",0.664161221361926,0.510789129460564,0.34360360377381,0.153372091901363,0.309023286939444,NA,100
"Federated landmark IPW","OR",3,-0.7,"strong",1.5,25,"100/100/100/100/100/100/100/100/100/100","-4.5/-4.16666666666667/-3.83333333333333/-3.5/-3.16666666666667/-2.83333333333333/-2.5/-2.16666666666667/-1.83333333333333/-1.5",0.844115481846347,0.538634175654048,0.671607389812586,0.305481306192299,0.601124919888564,NA,100
"Federated landmark IPW","OR",6,-0.7,"strong",1.5,25,"100/100/100/100/100/100/100/100/100/100","-4.5/-4.16666666666667/-3.83333333333333/-3.5/-3.16666666666667/-2.83333333333333/-2.5/-2.16666666666667/-1.83333333333333/-1.5",0.591401220472745,0.574322069528086,0.232069772345743,0.0170791509446589,0.232606404107741,NA,100
"Federated landmark IPW","OR",9,-0.7,"strong",1.5,25,"100/100/100/100/100/100/100/100/100/100","-4.5/-4.16666666666667/-3.83333333333333/-3.5/-3.16666666666667/-2.83333333333333/-2.5/-2.16666666666667/-1.83333333333333/-1.5",0.750765538537784,0.618686214468834,0.336344788012921,0.13207932406895,0.310884805352297,NA,100
"Federated landmark IPW","OR",3,-0.5,"strong",1.5,25,"100/100/100/100/100/100/100/100/100/100","-4.5/-4.16666666666667/-3.83333333333333/-3.5/-3.16666666666667/-2.83333333333333/-2.5/-2.16666666666667/-1.83333333333333/-1.5",0.885063491695626,0.640232813871902,0.73263090121683,0.244830677823724,0.693990056557126,NA,100
"Federated landmark IPW","OR",6,-0.5,"strong",1.5,25,"100/100/100/100/100/100/100/100/100/100","-4.5/-4.16666666666667/-3.83333333333333/-3.5/-3.16666666666667/-2.83333333333333/-2.5/-2.16666666666667/-1.83333333333333/-1.5",0.909070137646173,0.665727640483605,0.51785597856133,0.243342497162569,0.459423489861768,NA,100
"Federated landmark IPW","OR",9,-0.5,"strong",1.5,25,"100/100/100/100/100/100/100/100/100/100","-4.5/-4.16666666666667/-3.83333333333333/-3.5/-3.16666666666667/-2.83333333333333/-2.5/-2.16666666666667/-1.83333333333333/-1.5",0.869536864223862,0.708282268140654,0.444479057932342,0.161254596083207,0.416282960514372,NA,100
"Local CCW + curve meta-analysis","OR",3,-1,"medium",1,25,"100/100/100/100/100/100/100/100/100/100","-4.5/-4.16666666666667/-3.83333333333333/-3.5/-3.16666666666667/-2.83333333333333/-2.5/-2.16666666666667/-1.83333333333333/-1.5",0.564489221567173,0.424496724518878,0.214640111791003,0.139992497048294,0.16352332289661,NA,100
"Local CCW + curve meta-analysis","OR",6,-1,"medium",1,25,"100/100/100/100/100/100/100/100/100/100","-4.5/-4.16666666666667/-3.83333333333333/-3.5/-3.16666666666667/-2.83333333333333/-2.5/-2.16666666666667/-1.83333333333333/-1.5",0.630750081964724,0.484559866726183,0.197646701691728,0.146190215238541,0.133683780579502,NA,100
"Local CCW + curve meta-analysis","OR",9,-1,"medium",1,25,"100/100/100/100/100/100/100/100/100/100","-4.5/-4.16666666666667/-3.83333333333333/-3.5/-3.16666666666667/-2.83333333333333/-2.5/-2.16666666666667/-1.83333333333333/-1.5",0.585361414369066,0.518991369511217,0.135274102372266,0.0663700448578484,0.118467060239577,NA,100
"Local CCW + curve meta-analysis","OR",3,-0.7,"medium",1,25,"100/100/100/100/100/100/100/100/100/100","-4.5/-4.16666666666667/-3.83333333333333/-3.5/-3.16666666666667/-2.83333333333333/-2.5/-2.16666666666667/-1.83333333333333/-1.5",0.702869433325427,0.54310355821213,0.262017978954625,0.159765875113297,0.208719730025137,NA,100
"Local CCW + curve meta-analysis","OR",6,-0.7,"medium",1,25,"100/100/100/100/100/100/100/100/100/100","-4.5/-4.16666666666667/-3.83333333333333/-3.5/-3.16666666666667/-2.83333333333333/-2.5/-2.16666666666667/-1.83333333333333/-1.5",0.684915473241217,0.594432877917817,0.200038949071183,0.0904825953233998,0.17930415750346,NA,100
"Local CCW + curve meta-analysis","OR",9,-0.7,"medium",1,25,"100/100/100/100/100/100/100/100/100/100","-4.5/-4.16666666666667/-3.83333333333333/-3.5/-3.16666666666667/-2.83333333333333/-2.5/-2.16666666666667/-1.83333333333333/-1.5",0.740391382287112,0.623679377638862,0.241976188806496,0.11671200464825,0.213036687503653,NA,100
"Local CCW + curve meta-analysis","OR",3,-0.5,"medium",1,25,"100/100/100/100/100/100/100/100/100/100","-4.5/-4.16666666666667/-3.83333333333333/-3.5/-3.16666666666667/-2.83333333333333/-2.5/-2.16666666666667/-1.83333333333333/-1.5",1.05634807468744,0.640912416333199,0.653790060783953,0.415435658354238,0.507374562641668,NA,100
"Local CCW + curve meta-analysis","OR",6,-0.5,"medium",1,25,"100/100/100/100/100/100/100/100/100/100","-4.5/-4.16666666666667/-3.83333333333333/-3.5/-3.16666666666667/-2.83333333333333/-2.5/-2.16666666666667/-1.83333333333333/-1.5",0.804949993922795,0.68486966874609,0.244659096921063,0.120080325176705,0.214237641138275,NA,100
"Local CCW + curve meta-analysis","OR",9,-0.5,"medium",1,25,"100/100/100/100/100/100/100/100/100/100","-4.5/-4.16666666666667/-3.83333333333333/-3.5/-3.16666666666667/-2.83333333333333/-2.5/-2.16666666666667/-1.83333333333333/-1.5",0.83624798811315,0.708294599924536,0.236436891277292,0.127953388188613,0.199823998336121,NA,100
"Local CCW + curve meta-analysis","OR",3,-1,"small",0.5,25,"100/100/100/100/100/100/100/100/100/100","-4.5/-4.16666666666667/-3.83333333333333/-3.5/-3.16666666666667/-2.83333333333333/-2.5/-2.16666666666667/-1.83333333333333/-1.5",0.551314855707785,0.428471097737031,0.197762221494428,0.122843757970754,0.155762404464231,NA,100
"Local CCW + curve meta-analysis","OR",6,-1,"small",0.5,25,"100/100/100/100/100/100/100/100/100/100","-4.5/-4.16666666666667/-3.83333333333333/-3.5/-3.16666666666667/-2.83333333333333/-2.5/-2.16666666666667/-1.83333333333333/-1.5",0.504453209578295,0.492674879033222,0.106132630439462,0.0117783305450722,0.106008414824992,NA,100
"Local CCW + curve meta-analysis","OR",9,-1,"small",0.5,25,"100/100/100/100/100/100/100/100/100/100","-4.5/-4.16666666666667/-3.83333333333333/-3.5/-3.16666666666667/-2.83333333333333/-2.5/-2.16666666666667/-1.83333333333333/-1.5",0.581402415026993,0.530925245482181,0.12743700688769,0.0504771695448122,0.117603365577645,NA,100
"Local CCW + curve meta-analysis","OR",3,-0.7,"small",0.5,25,"100/100/100/100/100/100/100/100/100/100","-4.5/-4.16666666666667/-3.83333333333333/-3.5/-3.16666666666667/-2.83333333333333/-2.5/-2.16666666666667/-1.83333333333333/-1.5",0.67833721619304,0.546458364037688,0.243952499063731,0.131878852155353,0.20626743000394,NA,100
"Local CCW + curve meta-analysis","OR",6,-0.7,"small",0.5,25,"100/100/100/100/100/100/100/100/100/100","-4.5/-4.16666666666667/-3.83333333333333/-3.5/-3.16666666666667/-2.83333333333333/-2.5/-2.16666666666667/-1.83333333333333/-1.5",0.647358599156695,0.601731716245787,0.153936015792699,0.0456268829109084,0.147759306442498,NA,100
"Local CCW + curve meta-analysis","OR",9,-0.7,"small",0.5,25,"100/100/100/100/100/100/100/100/100/100","-4.5/-4.16666666666667/-3.83333333333333/-3.5/-3.16666666666667/-2.83333333333333/-2.5/-2.16666666666667/-1.83333333333333/-1.5",0.71008902333785,0.633605326605028,0.169054102383645,0.0764836967328225,0.151522687792889,NA,100
"Local CCW + curve meta-analysis","OR",3,-0.5,"small",0.5,25,"100/100/100/100/100/100/100/100/100/100","-4.5/-4.16666666666667/-3.83333333333333/-3.5/-3.16666666666667/-2.83333333333333/-2.5/-2.16666666666667/-1.83333333333333/-1.5",0.687365039901629,0.644627457159584,0.264762650575642,0.0427375827420443,0.26260690014015,NA,100
"Local CCW + curve meta-analysis","OR",6,-0.5,"small",0.5,25,"100/100/100/100/100/100/100/100/100/100","-4.5/-4.16666666666667/-3.83333333333333/-3.5/-3.16666666666667/-2.83333333333333/-2.5/-2.16666666666667/-1.83333333333333/-1.5",0.856899107686643,0.690810301714005,0.250751699412106,0.166088805972638,0.188805183353782,NA,100
"Local CCW + curve meta-analysis","OR",9,-0.5,"small",0.5,25,"100/100/100/100/100/100/100/100/100/100","-4.5/-4.16666666666667/-3.83333333333333/-3.5/-3.16666666666667/-2.83333333333333/-2.5/-2.16666666666667/-1.83333333333333/-1.5",0.753616051830949,0.716699827389049,0.169595455840145,0.0369162244418996,0.166362786651361,NA,100
"Local CCW + curve meta-analysis","OR",3,-1,"strong",1.5,25,"100/100/100/100/100/100/100/100/100/100","-4.5/-4.16666666666667/-3.83333333333333/-3.5/-3.16666666666667/-2.83333333333333/-2.5/-2.16666666666667/-1.83333333333333/-1.5",0.558089073147563,0.419389036304412,0.225283812019893,0.138700036843151,0.17841925355271,NA,100
"Local CCW + curve meta-analysis","OR",6,-1,"strong",1.5,25,"100/100/100/100/100/100/100/100/100/100","-4.5/-4.16666666666667/-3.83333333333333/-3.5/-3.16666666666667/-2.83333333333333/-2.5/-2.16666666666667/-1.83333333333333/-1.5",0.639836400528606,0.465599504525327,0.257176899437012,0.174236896003279,0.190112836444537,NA,100
"Local CCW + curve meta-analysis","OR",9,-1,"strong",1.5,25,"100/100/100/100/100/100/100/100/100/100","-4.5/-4.16666666666667/-3.83333333333333/-3.5/-3.16666666666667/-2.83333333333333/-2.5/-2.16666666666667/-1.83333333333333/-1.5",0.716427132292589,0.510789129460564,0.280360279293879,0.205638002832025,0.191524711586998,NA,100
"Local CCW + curve meta-analysis","OR",3,-0.7,"strong",1.5,25,"100/100/100/100/100/100/100/100/100/100","-4.5/-4.16666666666667/-3.83333333333333/-3.5/-3.16666666666667/-2.83333333333333/-2.5/-2.16666666666667/-1.83333333333333/-1.5",0.888800065566109,0.538634175654048,0.618366859922759,0.350165889912061,0.512235566658867,NA,100
"Local CCW + curve meta-analysis","OR",6,-0.7,"strong",1.5,25,"100/100/100/100/100/100/100/100/100/100","-4.5/-4.16666666666667/-3.83333333333333/-3.5/-3.16666666666667/-2.83333333333333/-2.5/-2.16666666666667/-1.83333333333333/-1.5",0.782353622443013,0.574322069528086,0.322907412479109,0.208031552914927,0.248209894124244,NA,100
"Local CCW + curve meta-analysis","OR",9,-0.7,"strong",1.5,25,"100/100/100/100/100/100/100/100/100/100","-4.5/-4.16666666666667/-3.83333333333333/-3.5/-3.16666666666667/-2.83333333333333/-2.5/-2.16666666666667/-1.83333333333333/-1.5",0.801420459723739,0.618686214468834,0.339562158340153,0.182734245254905,0.287642200209139,NA,100
"Local CCW + curve meta-analysis","OR",3,-0.5,"strong",1.5,25,"100/100/100/100/100/100/100/100/100/100","-4.5/-4.16666666666667/-3.83333333333333/-3.5/-3.16666666666667/-2.83333333333333/-2.5/-2.16666666666667/-1.83333333333333/-1.5",1.09274829357381,0.640232813871902,0.790671117553598,0.452515479701909,0.651641715994185,NA,100
"Local CCW + curve meta-analysis","OR",6,-0.5,"strong",1.5,25,"100/100/100/100/100/100/100/100/100/100","-4.5/-4.16666666666667/-3.83333333333333/-3.5/-3.16666666666667/-2.83333333333333/-2.5/-2.16666666666667/-1.83333333333333/-1.5",0.949264458775217,0.665727640483605,0.454629349056034,0.283536818291612,0.357170018220085,NA,100
"Local CCW + curve meta-analysis","OR",9,-0.5,"strong",1.5,25,"100/100/100/100/100/100/100/100/100/100","-4.5/-4.16666666666667/-3.83333333333333/-3.5/-3.16666666666667/-2.83333333333333/-2.5/-2.16666666666667/-1.83333333333333/-1.5",1.06231414655141,0.708282268140654,0.510017565656117,0.354031878410759,0.368972565220773,NA,100
"Federated CCW","RMST_diff",3,-1,"medium",1,25,"100/100/100/100/100/100/100/100/100/100","-4.5/-4.16666666666667/-3.83333333333333/-3.5/-3.16666666666667/-2.83333333333333/-2.5/-2.16666666666667/-1.83333333333333/-1.5",3.48881755549623,3.21742899536935,1.24719363819568,0.271388560126872,1.22344117293161,0.98,100
"Federated CCW","RMST_diff",6,-1,"medium",1,25,"100/100/100/100/100/100/100/100/100/100","-4.5/-4.16666666666667/-3.83333333333333/-3.5/-3.16666666666667/-2.83333333333333/-2.5/-2.16666666666667/-1.83333333333333/-1.5",1.9555079999863,2.26145608611152,0.884066035100416,-0.305948086125222,0.833617238314222,0.9,100
"Federated CCW","RMST_diff",9,-1,"medium",1,25,"100/100/100/100/100/100/100/100/100/100","-4.5/-4.16666666666667/-3.83333333333333/-3.5/-3.16666666666667/-2.83333333333333/-2.5/-2.16666666666667/-1.83333333333333/-1.5",1.9692670488919,1.8728056860625,0.943342049167334,0.0964613628294072,0.943124737194075,0.94,100
"Federated CCW","RMST_diff",3,-0.7,"medium",1,25,"100/100/100/100/100/100/100/100/100/100","-4.5/-4.16666666666667/-3.83333333333333/-3.5/-3.16666666666667/-2.83333333333333/-2.5/-2.16666666666667/-1.83333333333333/-1.5",2.27565445881848,2.23181882033006,1.4098385074383,0.0438356384884262,1.41625593113637,0.94,100
"Federated CCW","RMST_diff",6,-0.7,"medium",1,25,"100/100/100/100/100/100/100/100/100/100","-4.5/-4.16666666666667/-3.83333333333333/-3.5/-3.16666666666667/-2.83333333333333/-2.5/-2.16666666666667/-1.83333333333333/-1.5",1.66823374785395,1.58779560940822,1.01540825965568,0.0804381384457313,1.0173165531701,0.92,100
"Federated CCW","RMST_diff",9,-0.7,"medium",1,25,"100/100/100/100/100/100/100/100/100/100","-4.5/-4.16666666666667/-3.83333333333333/-3.5/-3.16666666666667/-2.83333333333333/-2.5/-2.16666666666667/-1.83333333333333/-1.5",1.1945885342486,1.31715679582718,0.663436056404851,-0.122568261578584,0.655300395448048,0.97,100
"Federated CCW","RMST_diff",3,-0.5,"medium",1,25,"100/100/100/100/100/100/100/100/100/100","-4.5/-4.16666666666667/-3.83333333333333/-3.5/-3.16666666666667/-2.83333333333333/-2.5/-2.16666666666667/-1.83333333333333/-1.5",0.833346220267648,1.58049568790941,1.61160781844215,-0.747149467641764,1.43514594107651,0.82,100
"Federated CCW","RMST_diff",6,-0.5,"medium",1,25,"100/100/100/100/100/100/100/100/100/100","-4.5/-4.16666666666667/-3.83333333333333/-3.5/-3.16666666666667/-2.83333333333333/-2.5/-2.16666666666667/-1.83333333333333/-1.5",1.26304648816429,1.12745628922364,1.43954667849525,0.13559019894065,1.44036679444625,0.93,100
"Federated CCW","RMST_diff",9,-0.5,"medium",1,25,"100/100/100/100/100/100/100/100/100/100","-4.5/-4.16666666666667/-3.83333333333333/-3.5/-3.16666666666667/-2.83333333333333/-2.5/-2.16666666666667/-1.83333333333333/-1.5",0.960316157154592,0.936614901816633,0.728958262318679,0.023701255337959,0.73224326607018,0.91,100
"Federated CCW","RMST_diff",3,-1,"small",0.5,25,"100/100/100/100/100/100/100/100/100/100","-4.5/-4.16666666666667/-3.83333333333333/-3.5/-3.16666666666667/-2.83333333333333/-2.5/-2.16666666666667/-1.83333333333333/-1.5",2.70315028566352,3.16091064579605,1.01419804690341,-0.457760360132538,0.909574842980968,0.91,100
"Federated CCW","RMST_diff",6,-1,"small",0.5,25,"100/100/100/100/100/100/100/100/100/100","-4.5/-4.16666666666667/-3.83333333333333/-3.5/-3.16666666666667/-2.83333333333333/-2.5/-2.16666666666667/-1.83333333333333/-1.5",2.26066277523176,2.13675139213985,0.690692384326658,0.123911383091905,0.682909653508904,0.9,100
"Federated CCW","RMST_diff",9,-1,"small",0.5,25,"100/100/100/100/100/100/100/100/100/100","-4.5/-4.16666666666667/-3.83333333333333/-3.5/-3.16666666666667/-2.83333333333333/-2.5/-2.16666666666667/-1.83333333333333/-1.5",1.64785700691869,1.71496070022433,0.39188741063713,-0.0671036933056352,0.388044614951095,0.94,100
"Federated CCW","RMST_diff",3,-0.7,"small",0.5,25,"100/100/100/100/100/100/100/100/100/100","-4.5/-4.16666666666667/-3.83333333333333/-3.5/-3.16666666666667/-2.83333333333333/-2.5/-2.16666666666667/-1.83333333333333/-1.5",2.06309899007448,2.1932545134723,0.865222684248093,-0.130155523397823,0.859686243603399,0.95,100
"Federated CCW","RMST_diff",6,-0.7,"small",0.5,25,"100/100/100/100/100/100/100/100/100/100","-4.5/-4.16666666666667/-3.83333333333333/-3.5/-3.16666666666667/-2.83333333333333/-2.5/-2.16666666666667/-1.83333333333333/-1.5",1.56945301783865,1.49760193866059,0.60252452966584,0.0718510791780612,0.601238814776566,0.96,100
"Federated CCW","RMST_diff",9,-0.7,"small",0.5,25,"100/100/100/100/100/100/100/100/100/100","-4.5/-4.16666666666667/-3.83333333333333/-3.5/-3.16666666666667/-2.83333333333333/-2.5/-2.16666666666667/-1.83333333333333/-1.5",1.04454310268898,1.20704801429341,0.474163714929992,-0.162504911604431,0.447691477302325,0.9,100
"Federated CCW","RMST_diff",3,-0.5,"small",0.5,25,"100/100/100/100/100/100/100/100/100/100","-4.5/-4.16666666666667/-3.83333333333333/-3.5/-3.16666666666667/-2.83333333333333/-2.5/-2.16666666666667/-1.83333333333333/-1.5",1.7782700694118,1.54606360213737,1.12310584335953,0.232206467274433,1.10437463081882,0.88,100
"Federated CCW","RMST_diff",6,-0.5,"small",0.5,25,"100/100/100/100/100/100/100/100/100/100","-4.5/-4.16666666666667/-3.83333333333333/-3.5/-3.16666666666667/-2.83333333333333/-2.5/-2.16666666666667/-1.83333333333333/-1.5",0.805782303206609,1.06435424847043,0.574314016285403,-0.258571945263821,0.515396423305316,0.97,100
"Federated CCW","RMST_diff",9,-0.5,"small",0.5,25,"100/100/100/100/100/100/100/100/100/100","-4.5/-4.16666666666667/-3.83333333333333/-3.5/-3.16666666666667/-2.83333333333333/-2.5/-2.16666666666667/-1.83333333333333/-1.5",0.950823463035672,0.859499488933217,0.566469567521678,0.091323974102455,0.561876098605531,0.93,100
"Federated CCW","RMST_diff",3,-1,"strong",1.5,25,"100/100/100/100/100/100/100/100/100/100","-4.5/-4.16666666666667/-3.83333333333333/-3.5/-3.16666666666667/-2.83333333333333/-2.5/-2.16666666666667/-1.83333333333333/-1.5",3.26908937744132,3.29800000990916,1.97219282005791,-0.0289106324678387,1.9819153818023,0.9,100
"Federated CCW","RMST_diff",6,-1,"strong",1.5,25,"100/100/100/100/100/100/100/100/100/100","-4.5/-4.16666666666667/-3.83333333333333/-3.5/-3.16666666666667/-2.83333333333333/-2.5/-2.16666666666667/-1.83333333333333/-1.5",2.51105299826156,2.46714965236843,1.14081181920969,0.0439033458931227,1.14570965307948,0.88,100
"Federated CCW","RMST_diff",9,-1,"strong",1.5,25,"100/100/100/100/100/100/100/100/100/100","-4.5/-4.16666666666667/-3.83333333333333/-3.5/-3.16666666666667/-2.83333333333333/-2.5/-2.16666666666667/-1.83333333333333/-1.5",1.59335976744652,2.02688889809856,0.9950131748257,-0.433529130652037,0.900114308651518,0.78,100
"Federated CCW","RMST_diff",3,-0.7,"strong",1.5,25,"100/100/100/100/100/100/100/100/100/100","-4.5/-4.16666666666667/-3.83333333333333/-3.5/-3.16666666666667/-2.83333333333333/-2.5/-2.16666666666667/-1.83333333333333/-1.5",2.54550500998579,2.3064504004178,3.12522156781031,0.239054609567993,3.13176342707793,0.76,100
"Federated CCW","RMST_diff",6,-0.7,"strong",1.5,25,"100/100/100/100/100/100/100/100/100/100","-4.5/-4.16666666666667/-3.83333333333333/-3.5/-3.16666666666667/-2.83333333333333/-2.5/-2.16666666666667/-1.83333333333333/-1.5",1.68534769464244,1.76134240324477,1.34760773090786,-0.075994708602331,1.35224146156327,0.8,100
"Federated CCW","RMST_diff",9,-0.7,"strong",1.5,25,"100/100/100/100/100/100/100/100/100/100","-4.5/-4.16666666666667/-3.83333333333333/-3.5/-3.16666666666667/-2.83333333333333/-2.5/-2.16666666666667/-1.83333333333333/-1.5",1.36599719857786,1.426510770343,0.93800656676289,-0.0605135717651383,0.940768236963452,0.92,100
"Federated CCW","RMST_diff",3,-0.5,"strong",1.5,25,"100/100/100/100/100/100/100/100/100/100","-4.5/-4.16666666666667/-3.83333333333333/-3.5/-3.16666666666667/-2.83333333333333/-2.5/-2.16666666666667/-1.83333333333333/-1.5",1.55526697655518,1.63411896258722,1.87239560618731,-0.0788519860320322,1.88015894190803,0.84,100
"Federated CCW","RMST_diff",6,-0.5,"strong",1.5,25,"100/100/100/100/100/100/100/100/100/100","-4.5/-4.16666666666667/-3.83333333333333/-3.5/-3.16666666666667/-2.83333333333333/-2.5/-2.16666666666667/-1.83333333333333/-1.5",1.29665391379164,1.26778206917839,1.60153472229365,0.0288718446132505,1.60934138084554,0.87,100
"Federated CCW","RMST_diff",9,-0.5,"strong",1.5,25,"100/100/100/100/100/100/100/100/100/100","-4.5/-4.16666666666667/-3.83333333333333/-3.5/-3.16666666666667/-2.83333333333333/-2.5/-2.16666666666667/-1.83333333333333/-1.5",0.610114418293928,1.00572462010449,0.944155203601679,-0.39561020181056,0.861594491269176,0.81,100
"Pooled CCW","RMST_diff",3,-1,"medium",1,25,"100/100/100/100/100/100/100/100/100/100","-4.5/-4.16666666666667/-3.83333333333333/-3.5/-3.16666666666667/-2.83333333333333/-2.5/-2.16666666666667/-1.83333333333333/-1.5",3.2759392518601,3.21742899536935,1.0644845427801,0.0585102564907503,1.0682298638984,0.93,100
"Pooled CCW","RMST_diff",6,-1,"medium",1,25,"100/100/100/100/100/100/100/100/100/100","-4.5/-4.16666666666667/-3.83333333333333/-3.5/-3.16666666666667/-2.83333333333333/-2.5/-2.16666666666667/-1.83333333333333/-1.5",1.97998564039405,2.26145608611152,0.806569462986034,-0.281470445717471,0.759670773194312,0.92,100
"Pooled CCW","RMST_diff",9,-1,"medium",1,25,"100/100/100/100/100/100/100/100/100/100","-4.5/-4.16666666666667/-3.83333333333333/-3.5/-3.16666666666667/-2.83333333333333/-2.5/-2.16666666666667/-1.83333333333333/-1.5",1.7326951962822,1.8728056860625,0.515987539269974,-0.140110489780292,0.499102417917526,0.93,100
"Pooled CCW","RMST_diff",3,-0.7,"medium",1,25,"100/100/100/100/100/100/100/100/100/100","-4.5/-4.16666666666667/-3.83333333333333/-3.5/-3.16666666666667/-2.83333333333333/-2.5/-2.16666666666667/-1.83333333333333/-1.5",2.3138109718411,2.23181882033006,1.65178420898109,0.0819921515110395,1.65805909416014,0.85,100
"Pooled CCW","RMST_diff",6,-0.7,"medium",1,25,"100/100/100/100/100/100/100/100/100/100","-4.5/-4.16666666666667/-3.83333333333333/-3.5/-3.16666666666667/-2.83333333333333/-2.5/-2.16666666666667/-1.83333333333333/-1.5",1.45663795632165,1.58779560940822,0.873337246124629,-0.131157653086572,0.867782274691097,0.91,100
"Pooled CCW","RMST_diff",9,-0.7,"medium",1,25,"100/100/100/100/100/100/100/100/100/100","-4.5/-4.16666666666667/-3.83333333333333/-3.5/-3.16666666666667/-2.83333333333333/-2.5/-2.16666666666667/-1.83333333333333/-1.5",1.15497125738734,1.31715679582718,0.53916596353662,-0.162185538439841,0.516784724886593,0.93,100
"Pooled CCW","RMST_diff",3,-0.5,"medium",1,25,"100/100/100/100/100/100/100/100/100/100","-4.5/-4.16666666666667/-3.83333333333333/-3.5/-3.16666666666667/-2.83333333333333/-2.5/-2.16666666666667/-1.83333333333333/-1.5",0.838571497179619,1.58049568790941,1.44219761817191,-0.741924190729793,1.24295284822059,0.79,100
"Pooled CCW","RMST_diff",6,-0.5,"medium",1,25,"100/100/100/100/100/100/100/100/100/100","-4.5/-4.16666666666667/-3.83333333333333/-3.5/-3.16666666666667/-2.83333333333333/-2.5/-2.16666666666667/-1.83333333333333/-1.5",1.04189157101056,1.12745628922364,0.801470043168497,-0.0855647182130778,0.800904103449881,0.94,100
"Pooled CCW","RMST_diff",9,-0.5,"medium",1,25,"100/100/100/100/100/100/100/100/100/100","-4.5/-4.16666666666667/-3.83333333333333/-3.5/-3.16666666666667/-2.83333333333333/-2.5/-2.16666666666667/-1.83333333333333/-1.5",0.980222664215879,0.936614901816633,0.686243195458258,0.0436077623992466,0.688306431619948,0.95,100
"Pooled CCW","RMST_diff",3,-1,"small",0.5,25,"100/100/100/100/100/100/100/100/100/100","-4.5/-4.16666666666667/-3.83333333333333/-3.5/-3.16666666666667/-2.83333333333333/-2.5/-2.16666666666667/-1.83333333333333/-1.5",2.88164306414737,3.16091064579605,0.937294273614232,-0.279267581648688,0.899230969526562,0.9,100
"Pooled CCW","RMST_diff",6,-1,"small",0.5,25,"100/100/100/100/100/100/100/100/100/100","-4.5/-4.16666666666667/-3.83333333333333/-3.5/-3.16666666666667/-2.83333333333333/-2.5/-2.16666666666667/-1.83333333333333/-1.5",2.35185855612173,2.13675139213985,0.657207449605421,0.215107163981883,0.624136202938686,0.91,100
"Pooled CCW","RMST_diff",9,-1,"small",0.5,25,"100/100/100/100/100/100/100/100/100/100","-4.5/-4.16666666666667/-3.83333333333333/-3.5/-3.16666666666667/-2.83333333333333/-2.5/-2.16666666666667/-1.83333333333333/-1.5",1.71500923457144,1.71496070022433,0.335866258648657,4.85343471134483e-05,0.337558287287138,0.98,100
"Pooled CCW","RMST_diff",3,-0.7,"small",0.5,25,"100/100/100/100/100/100/100/100/100/100","-4.5/-4.16666666666667/-3.83333333333333/-3.5/-3.16666666666667/-2.83333333333333/-2.5/-2.16666666666667/-1.83333333333333/-1.5",2.15773218345713,2.1932545134723,0.805875769474306,-0.035522330015175,0.809148398755247,0.95,100
"Pooled CCW","RMST_diff",6,-0.7,"small",0.5,25,"100/100/100/100/100/100/100/100/100/100","-4.5/-4.16666666666667/-3.83333333333333/-3.5/-3.16666666666667/-2.83333333333333/-2.5/-2.16666666666667/-1.83333333333333/-1.5",1.63471754044556,1.49760193866059,0.633270732946402,0.137115601784966,0.621363060930166,0.92,100
"Pooled CCW","RMST_diff",9,-0.7,"small",0.5,25,"100/100/100/100/100/100/100/100/100/100","-4.5/-4.16666666666667/-3.83333333333333/-3.5/-3.16666666666667/-2.83333333333333/-2.5/-2.16666666666667/-1.83333333333333/-1.5",1.07865336191333,1.20704801429341,0.404171159011238,-0.128394652380072,0.385165763890591,0.97,100
"Pooled CCW","RMST_diff",3,-0.5,"small",0.5,25,"100/100/100/100/100/100/100/100/100/100","-4.5/-4.16666666666667/-3.83333333333333/-3.5/-3.16666666666667/-2.83333333333333/-2.5/-2.16666666666667/-1.83333333333333/-1.5",1.7542335245545,1.54606360213737,1.01121991132488,0.208169922417132,0.994546235529961,0.94,100
"Pooled CCW","RMST_diff",6,-0.5,"small",0.5,25,"100/100/100/100/100/100/100/100/100/100","-4.5/-4.16666666666667/-3.83333333333333/-3.5/-3.16666666666667/-2.83333333333333/-2.5/-2.16666666666667/-1.83333333333333/-1.5",0.860498708641263,1.06435424847043,0.493244922230861,-0.203855539829167,0.451410217017476,0.96,100
"Pooled CCW","RMST_diff",9,-0.5,"small",0.5,25,"100/100/100/100/100/100/100/100/100/100","-4.5/-4.16666666666667/-3.83333333333333/-3.5/-3.16666666666667/-2.83333333333333/-2.5/-2.16666666666667/-1.83333333333333/-1.5",0.881758875211735,0.859499488933217,0.408782795912576,0.0222593862785181,0.410232619347084,0.96,100
"Pooled CCW","RMST_diff",3,-1,"strong",1.5,25,"100/100/100/100/100/100/100/100/100/100","-4.5/-4.16666666666667/-3.83333333333333/-3.5/-3.16666666666667/-2.83333333333333/-2.5/-2.16666666666667/-1.83333333333333/-1.5",3.05307765906185,3.29800000990916,1.83934685494631,-0.244922350847305,1.83215110500527,0.85,100
"Pooled CCW","RMST_diff",6,-1,"strong",1.5,25,"100/100/100/100/100/100/100/100/100/100","-4.5/-4.16666666666667/-3.83333333333333/-3.5/-3.16666666666667/-2.83333333333333/-2.5/-2.16666666666667/-1.83333333333333/-1.5",2.49581499003867,2.46714965236843,1.13885405802428,0.02866533767024,1.14422876142816,0.89,100
"Pooled CCW","RMST_diff",9,-1,"strong",1.5,25,"100/100/100/100/100/100/100/100/100/100","-4.5/-4.16666666666667/-3.83333333333333/-3.5/-3.16666666666667/-2.83333333333333/-2.5/-2.16666666666667/-1.83333333333333/-1.5",1.70951337590843,2.02688889809856,0.884647706807083,-0.317375522190127,0.829916840834418,0.87,100
"Pooled CCW","RMST_diff",3,-0.7,"strong",1.5,25,"100/100/100/100/100/100/100/100/100/100","-4.5/-4.16666666666667/-3.83333333333333/-3.5/-3.16666666666667/-2.83333333333333/-2.5/-2.16666666666667/-1.83333333333333/-1.5",2.65465163446537,2.3064504004178,2.65321679771385,0.348201234047573,2.64351985972611,0.83,100
"Pooled CCW","RMST_diff",6,-0.7,"strong",1.5,25,"100/100/100/100/100/100/100/100/100/100","-4.5/-4.16666666666667/-3.83333333333333/-3.5/-3.16666666666667/-2.83333333333333/-2.5/-2.16666666666667/-1.83333333333333/-1.5",1.55513480148953,1.76134240324477,1.12611426660264,-0.206207601755232,1.11265074630673,0.84,100
"Pooled CCW","RMST_diff",9,-0.7,"strong",1.5,25,"100/100/100/100/100/100/100/100/100/100","-4.5/-4.16666666666667/-3.83333333333333/-3.5/-3.16666666666667/-2.83333333333333/-2.5/-2.16666666666667/-1.83333333333333/-1.5",1.5076402368285,1.426510770343,0.90072712360689,0.0811294664855007,0.901585226181982,0.93,100
"Pooled CCW","RMST_diff",3,-0.5,"strong",1.5,25,"100/100/100/100/100/100/100/100/100/100","-4.5/-4.16666666666667/-3.83333333333333/-3.5/-3.16666666666667/-2.83333333333333/-2.5/-2.16666666666667/-1.83333333333333/-1.5",1.58436506118555,1.63411896258722,2.38268350560403,-0.0497539014016622,2.39416488406579,0.78,100
"Pooled CCW","RMST_diff",6,-0.5,"strong",1.5,25,"100/100/100/100/100/100/100/100/100/100","-4.5/-4.16666666666667/-3.83333333333333/-3.5/-3.16666666666667/-2.83333333333333/-2.5/-2.16666666666667/-1.83333333333333/-1.5",1.22771257447288,1.26778206917839,1.08562978298941,-0.0400694947055067,1.09035554450926,0.9,100
"Pooled CCW","RMST_diff",9,-0.5,"strong",1.5,25,"100/100/100/100/100/100/100/100/100/100","-4.5/-4.16666666666667/-3.83333333333333/-3.5/-3.16666666666667/-2.83333333333333/-2.5/-2.16666666666667/-1.83333333333333/-1.5",0.64782061669339,1.00572462010449,0.93962533414942,-0.357904003411098,0.873169365198371,0.88,100
"Federated IPW (no cloning)","RMST_diff",3,-1,"medium",1,25,"100/100/100/100/100/100/100/100/100/100","-4.5/-4.16666666666667/-3.83333333333333/-3.5/-3.16666666666667/-2.83333333333333/-2.5/-2.16666666666667/-1.83333333333333/-1.5",3.0095065002872,3.21742899536935,1.41375287172436,-0.207922495082156,1.40542434669768,NA,100
"Federated IPW (no cloning)","RMST_diff",6,-1,"medium",1,25,"100/100/100/100/100/100/100/100/100/100","-4.5/-4.16666666666667/-3.83333333333333/-3.5/-3.16666666666667/-2.83333333333333/-2.5/-2.16666666666667/-1.83333333333333/-1.5",0.41368770619318,2.26145608611152,2.19357643914168,-1.84776837991834,1.1881271267098,NA,100
"Federated IPW (no cloning)","RMST_diff",9,-1,"medium",1,25,"100/100/100/100/100/100/100/100/100/100","-4.5/-4.16666666666667/-3.83333333333333/-3.5/-3.16666666666667/-2.83333333333333/-2.5/-2.16666666666667/-1.83333333333333/-1.5",-0.532864897770829,1.8728056860625,2.82367062303539,-2.40567058383332,1.48591529778587,NA,100
"Federated IPW (no cloning)","RMST_diff",3,-0.7,"medium",1,25,"100/100/100/100/100/100/100/100/100/100","-4.5/-4.16666666666667/-3.83333333333333/-3.5/-3.16666666666667/-2.83333333333333/-2.5/-2.16666666666667/-1.83333333333333/-1.5",1.27832379623057,2.23181882033006,1.81896658041737,-0.953495024099486,1.55683136488175,NA,100
"Federated IPW (no cloning)","RMST_diff",6,-0.7,"medium",1,25,"100/100/100/100/100/100/100/100/100/100","-4.5/-4.16666666666667/-3.83333333333333/-3.5/-3.16666666666667/-2.83333333333333/-2.5/-2.16666666666667/-1.83333333333333/-1.5",-0.565603939170017,1.58779560940822,2.76102055076221,-2.15339954857824,1.73674049337476,NA,100
"Federated IPW (no cloning)","RMST_diff",9,-0.7,"medium",1,25,"100/100/100/100/100/100/100/100/100/100","-4.5/-4.16666666666667/-3.83333333333333/-3.5/-3.16666666666667/-2.83333333333333/-2.5/-2.16666666666667/-1.83333333333333/-1.5",-1.49297625279093,1.31715679582718,2.98417435395193,-2.81013304861812,1.00927457889552,NA,100
"Federated IPW (no cloning)","RMST_diff",3,-0.5,"medium",1,25,"100/100/100/100/100/100/100/100/100/100","-4.5/-4.16666666666667/-3.83333333333333/-3.5/-3.16666666666667/-2.83333333333333/-2.5/-2.16666666666667/-1.83333333333333/-1.5",-0.088291612227379,1.58049568790941,2.28303312015877,-1.66878730013679,1.56585703600814,NA,100
"Federated IPW (no cloning)","RMST_diff",6,-0.5,"medium",1,25,"100/100/100/100/100/100/100/100/100/100","-4.5/-4.16666666666667/-3.83333333333333/-3.5/-3.16666666666667/-2.83333333333333/-2.5/-2.16666666666667/-1.83333333333333/-1.5",-0.714430907206371,1.12745628922364,2.60531589703027,-1.84188719643001,1.85186842010977,NA,100
"Federated IPW (no cloning)","RMST_diff",9,-0.5,"medium",1,25,"100/100/100/100/100/100/100/100/100/100","-4.5/-4.16666666666667/-3.83333333333333/-3.5/-3.16666666666667/-2.83333333333333/-2.5/-2.16666666666667/-1.83333333333333/-1.5",-1.62142594178826,0.936614901816633,2.79907284272381,-2.55804084360489,1.14205017726766,NA,100
"Federated IPW (no cloning)","RMST_diff",3,-1,"small",0.5,25,"100/100/100/100/100/100/100/100/100/100","-4.5/-4.16666666666667/-3.83333333333333/-3.5/-3.16666666666667/-2.83333333333333/-2.5/-2.16666666666667/-1.83333333333333/-1.5",2.69558794634295,3.16091064579605,1.17532916062781,-0.465322699453101,1.08473029799561,NA,100
"Federated IPW (no cloning)","RMST_diff",6,-1,"small",0.5,25,"100/100/100/100/100/100/100/100/100/100","-4.5/-4.16666666666667/-3.83333333333333/-3.5/-3.16666666666667/-2.83333333333333/-2.5/-2.16666666666667/-1.83333333333333/-1.5",1.64126229865734,2.13675139213985,1.07345612489733,-0.495489093482512,0.95705704753786,NA,100
"Federated IPW (no cloning)","RMST_diff",9,-1,"small",0.5,25,"100/100/100/100/100/100/100/100/100/100","-4.5/-4.16666666666667/-3.83333333333333/-3.5/-3.16666666666667/-2.83333333333333/-2.5/-2.16666666666667/-1.83333333333333/-1.5",0.517796456239987,1.71496070022433,1.35929444144168,-1.19716424398434,0.647043900794379,NA,100
"Federated IPW (no cloning)","RMST_diff",3,-0.7,"small",0.5,25,"100/100/100/100/100/100/100/100/100/100","-4.5/-4.16666666666667/-3.83333333333333/-3.5/-3.16666666666667/-2.83333333333333/-2.5/-2.16666666666667/-1.83333333333333/-1.5",1.82009874973144,2.1932545134723,0.97853350246337,-0.373155763740865,0.909146892505122,NA,100
"Federated IPW (no cloning)","RMST_diff",6,-0.7,"small",0.5,25,"100/100/100/100/100/100/100/100/100/100","-4.5/-4.16666666666667/-3.83333333333333/-3.5/-3.16666666666667/-2.83333333333333/-2.5/-2.16666666666667/-1.83333333333333/-1.5",0.609092286817347,1.49760193866059,1.24800349921287,-0.888509651843244,0.880807327461609,NA,100
"Federated IPW (no cloning)","RMST_diff",9,-0.7,"small",0.5,25,"100/100/100/100/100/100/100/100/100/100","-4.5/-4.16666666666667/-3.83333333333333/-3.5/-3.16666666666667/-2.83333333333333/-2.5/-2.16666666666667/-1.83333333333333/-1.5",-0.22023215369825,1.20704801429341,1.66368670282788,-1.42728016799166,0.859130854689094,NA,100
"Federated IPW (no cloning)","RMST_diff",3,-0.5,"small",0.5,25,"100/100/100/100/100/100/100/100/100/100","-4.5/-4.16666666666667/-3.83333333333333/-3.5/-3.16666666666667/-2.83333333333333/-2.5/-2.16666666666667/-1.83333333333333/-1.5",1.51172048727184,1.54606360213737,1.13608266963796,-0.0343431148655327,1.14128422380585,NA,100
"Federated IPW (no cloning)","RMST_diff",6,-0.5,"small",0.5,25,"100/100/100/100/100/100/100/100/100/100","-4.5/-4.16666666666667/-3.83333333333333/-3.5/-3.16666666666667/-2.83333333333333/-2.5/-2.16666666666667/-1.83333333333333/-1.5",-0.117931039632679,1.06435424847043,1.38435080023706,-1.18228528810311,0.723786784031969,NA,100
"Federated IPW (no cloning)","RMST_diff",9,-0.5,"small",0.5,25,"100/100/100/100/100/100/100/100/100/100","-4.5/-4.16666666666667/-3.83333333333333/-3.5/-3.16666666666667/-2.83333333333333/-2.5/-2.16666666666667/-1.83333333333333/-1.5",-0.661031396766365,0.859499488933217,1.7219065182736,-1.52053088569958,0.812122722543494,NA,100
"Federated IPW (no cloning)","RMST_diff",3,-1,"strong",1.5,25,"100/100/100/100/100/100/100/100/100/100","-4.5/-4.16666666666667/-3.83333333333333/-3.5/-3.16666666666667/-2.83333333333333/-2.5/-2.16666666666667/-1.83333333333333/-1.5",2.43858868534832,3.29800000990916,2.29017715663996,-0.859411324560835,2.13350462948938,NA,100
"Federated IPW (no cloning)","RMST_diff",6,-1,"strong",1.5,25,"100/100/100/100/100/100/100/100/100/100","-4.5/-4.16666666666667/-3.83333333333333/-3.5/-3.16666666666667/-2.83333333333333/-2.5/-2.16666666666667/-1.83333333333333/-1.5",0.212534416105428,2.46714965236843,2.81939799536887,-2.25461523626301,1.7013705683386,NA,100
"Federated IPW (no cloning)","RMST_diff",9,-1,"strong",1.5,25,"100/100/100/100/100/100/100/100/100/100","-4.5/-4.16666666666667/-3.83333333333333/-3.5/-3.16666666666667/-2.83333333333333/-2.5/-2.16666666666667/-1.83333333333333/-1.5",-1.53555316887637,2.02688889809856,3.81711281514817,-3.56244206697493,1.37780265809816,NA,100
"Federated IPW (no cloning)","RMST_diff",3,-0.7,"strong",1.5,25,"100/100/100/100/100/100/100/100/100/100","-4.5/-4.16666666666667/-3.83333333333333/-3.5/-3.16666666666667/-2.83333333333333/-2.5/-2.16666666666667/-1.83333333333333/-1.5",1.59051799821879,2.3064504004178,3.49396329040169,-0.715932402199009,3.43705597979412,NA,100
"Federated IPW (no cloning)","RMST_diff",6,-0.7,"strong",1.5,25,"100/100/100/100/100/100/100/100/100/100","-4.5/-4.16666666666667/-3.83333333333333/-3.5/-3.16666666666667/-2.83333333333333/-2.5/-2.16666666666667/-1.83333333333333/-1.5",-0.495948201759024,1.76134240324477,2.83247713710672,-2.25729060500379,1.71963287625142,NA,100
"Federated IPW (no cloning)","RMST_diff",9,-0.7,"strong",1.5,25,"100/100/100/100/100/100/100/100/100/100","-4.5/-4.16666666666667/-3.83333333333333/-3.5/-3.16666666666667/-2.83333333333333/-2.5/-2.16666666666667/-1.83333333333333/-1.5",-1.66065575903101,1.426510770343,3.35802327163271,-3.08716652937401,1.32791440971738,NA,100
"Federated IPW (no cloning)","RMST_diff",3,-0.5,"strong",1.5,25,"100/100/100/100/100/100/100/100/100/100","-4.5/-4.16666666666667/-3.83333333333333/-3.5/-3.16666666666667/-2.83333333333333/-2.5/-2.16666666666667/-1.83333333333333/-1.5",0.523902181291524,1.63411896258722,2.45887610399186,-1.11021678129569,2.20501961632897,NA,100
"Federated IPW (no cloning)","RMST_diff",6,-0.5,"strong",1.5,25,"100/100/100/100/100/100/100/100/100/100","-4.5/-4.16666666666667/-3.83333333333333/-3.5/-3.16666666666667/-2.83333333333333/-2.5/-2.16666666666667/-1.83333333333333/-1.5",-1.24349814552778,1.26778206917839,3.16595264748472,-2.51128021470617,1.93759401188427,NA,100
"Federated IPW (no cloning)","RMST_diff",9,-0.5,"strong",1.5,25,"100/100/100/100/100/100/100/100/100/100","-4.5/-4.16666666666667/-3.83333333333333/-3.5/-3.16666666666667/-2.83333333333333/-2.5/-2.16666666666667/-1.83333333333333/-1.5",-2.69044840546773,1.00572462010449,3.91293199665432,-3.69617302557222,1.29073691874353,NA,100
"Federated per-protocol (unweighted)","RMST_diff",3,-1,"medium",1,25,"100/100/100/100/100/100/100/100/100/100","-4.5/-4.16666666666667/-3.83333333333333/-3.5/-3.16666666666667/-2.83333333333333/-2.5/-2.16666666666667/-1.83333333333333/-1.5",-1.39896177678013,3.21742899536935,4.65511370134555,-4.61639077214948,0.602201190640058,NA,100
"Federated per-protocol (unweighted)","RMST_diff",6,-1,"medium",1,25,"100/100/100/100/100/100/100/100/100/100","-4.5/-4.16666666666667/-3.83333333333333/-3.5/-3.16666666666667/-2.83333333333333/-2.5/-2.16666666666667/-1.83333333333333/-1.5",-2.34842630135934,2.26145608611152,4.63968994676705,-4.60988238747086,0.527723504105179,NA,100
"Federated per-protocol (unweighted)","RMST_diff",9,-1,"medium",1,25,"100/100/100/100/100/100/100/100/100/100","-4.5/-4.16666666666667/-3.83333333333333/-3.5/-3.16666666666667/-2.83333333333333/-2.5/-2.16666666666667/-1.83333333333333/-1.5",-2.93358286573049,1.8728056860625,4.83639205114432,-4.80638855179299,0.540591858185692,NA,100
"Federated per-protocol (unweighted)","RMST_diff",3,-0.7,"medium",1,25,"100/100/100/100/100/100/100/100/100/100","-4.5/-4.16666666666667/-3.83333333333333/-3.5/-3.16666666666667/-2.83333333333333/-2.5/-2.16666666666667/-1.83333333333333/-1.5",-2.61544367642101,2.23181882033006,4.8650674320899,-4.84726249675106,0.417940363988677,NA,100
"Federated per-protocol (unweighted)","RMST_diff",6,-0.7,"medium",1,25,"100/100/100/100/100/100/100/100/100/100","-4.5/-4.16666666666667/-3.83333333333333/-3.5/-3.16666666666667/-2.83333333333333/-2.5/-2.16666666666667/-1.83333333333333/-1.5",-3.4630689285216,1.58779560940822,5.08187329802371,-5.05086453792982,0.5633625926142,NA,100
"Federated per-protocol (unweighted)","RMST_diff",9,-0.7,"medium",1,25,"100/100/100/100/100/100/100/100/100/100","-4.5/-4.16666666666667/-3.83333333333333/-3.5/-3.16666666666667/-2.83333333333333/-2.5/-2.16666666666667/-1.83333333333333/-1.5",-3.8697456532475,1.31715679582718,5.21276321223741,-5.18690244907468,0.521210024399072,NA,100
"Federated per-protocol (unweighted)","RMST_diff",3,-0.5,"medium",1,25,"100/100/100/100/100/100/100/100/100/100","-4.5/-4.16666666666667/-3.83333333333333/-3.5/-3.16666666666667/-2.83333333333333/-2.5/-2.16666666666667/-1.83333333333333/-1.5",-3.5949188528609,1.58049568790941,5.19801410519466,-5.17541454077031,0.486624083842505,NA,100
"Federated per-protocol (unweighted)","RMST_diff",6,-0.5,"medium",1,25,"100/100/100/100/100/100/100/100/100/100","-4.5/-4.16666666666667/-3.83333333333333/-3.5/-3.16666666666667/-2.83333333333333/-2.5/-2.16666666666667/-1.83333333333333/-1.5",-4.05909047131627,1.12745628922364,5.21168999303603,-5.18654676053991,0.513893126731518,NA,100
"Federated per-protocol (unweighted)","RMST_diff",9,-0.5,"medium",1,25,"100/100/100/100/100/100/100/100/100/100","-4.5/-4.16666666666667/-3.83333333333333/-3.5/-3.16666666666667/-2.83333333333333/-2.5/-2.16666666666667/-1.83333333333333/-1.5",-4.26150959173285,0.936614901816633,5.22069213306109,-5.19812449354949,0.48734292757507,NA,100
"Federated per-protocol (unweighted)","RMST_diff",3,-1,"small",0.5,25,"100/100/100/100/100/100/100/100/100/100","-4.5/-4.16666666666667/-3.83333333333333/-3.5/-3.16666666666667/-2.83333333333333/-2.5/-2.16666666666667/-1.83333333333333/-1.5",0.677911706467983,3.16091064579605,2.56307402601072,-2.48299893932807,0.638863202905568,NA,100
"Federated per-protocol (unweighted)","RMST_diff",6,-1,"small",0.5,25,"100/100/100/100/100/100/100/100/100/100","-4.5/-4.16666666666667/-3.83333333333333/-3.5/-3.16666666666667/-2.83333333333333/-2.5/-2.16666666666667/-1.83333333333333/-1.5",-0.0186435551450447,2.13675139213985,2.24479824702949,-2.1553949472849,0.630369292986915,NA,100
"Federated per-protocol (unweighted)","RMST_diff",9,-1,"small",0.5,25,"100/100/100/100/100/100/100/100/100/100","-4.5/-4.16666666666667/-3.83333333333333/-3.5/-3.16666666666667/-2.83333333333333/-2.5/-2.16666666666667/-1.83333333333333/-1.5",-0.668955989653274,1.71496070022433,2.43723866099399,-2.3839166898776,0.509578461526075,NA,100
"Federated per-protocol (unweighted)","RMST_diff",3,-0.7,"small",0.5,25,"100/100/100/100/100/100/100/100/100/100","-4.5/-4.16666666666667/-3.83333333333333/-3.5/-3.16666666666667/-2.83333333333333/-2.5/-2.16666666666667/-1.83333333333333/-1.5",-0.520690123721536,2.1932545134723,2.7791997422803,-2.71394463719384,0.601727910706282,NA,100
"Federated per-protocol (unweighted)","RMST_diff",6,-0.7,"small",0.5,25,"100/100/100/100/100/100/100/100/100/100","-4.5/-4.16666666666667/-3.83333333333333/-3.5/-3.16666666666667/-2.83333333333333/-2.5/-2.16666666666667/-1.83333333333333/-1.5",-1.3358848961504,1.49760193866059,2.88792164539112,-2.83348683481099,0.560882950096054,NA,100
"Federated per-protocol (unweighted)","RMST_diff",9,-0.7,"small",0.5,25,"100/100/100/100/100/100/100/100/100/100","-4.5/-4.16666666666667/-3.83333333333333/-3.5/-3.16666666666667/-2.83333333333333/-2.5/-2.16666666666667/-1.83333333333333/-1.5",-1.59563765550772,1.20704801429341,2.87673776392806,-2.80268566980113,0.651783256021116,NA,100
"Federated per-protocol (unweighted)","RMST_diff",3,-0.5,"small",0.5,25,"100/100/100/100/100/100/100/100/100/100","-4.5/-4.16666666666667/-3.83333333333333/-3.5/-3.16666666666667/-2.83333333333333/-2.5/-2.16666666666667/-1.83333333333333/-1.5",-0.942303643515716,1.54606360213737,2.55482165476805,-2.48836724565309,0.581831085933208,NA,100
"Federated per-protocol (unweighted)","RMST_diff",6,-0.5,"small",0.5,25,"100/100/100/100/100/100/100/100/100/100","-4.5/-4.16666666666667/-3.83333333333333/-3.5/-3.16666666666667/-2.83333333333333/-2.5/-2.16666666666667/-1.83333333333333/-1.5",-1.76192450272188,1.06435424847043,2.87321821908224,-2.82627875119231,0.519840063812346,NA,100
"Federated per-protocol (unweighted)","RMST_diff",9,-0.5,"small",0.5,25,"100/100/100/100/100/100/100/100/100/100","-4.5/-4.16666666666667/-3.83333333333333/-3.5/-3.16666666666667/-2.83333333333333/-2.5/-2.16666666666667/-1.83333333333333/-1.5",-2.20521070202132,0.859499488933217,3.10954016560016,-3.06471019095454,0.528760210819169,NA,100
"Federated per-protocol (unweighted)","RMST_diff",3,-1,"strong",1.5,25,"100/100/100/100/100/100/100/100/100/100","-4.5/-4.16666666666667/-3.83333333333333/-3.5/-3.16666666666667/-2.83333333333333/-2.5/-2.16666666666667/-1.83333333333333/-1.5",-2.44517916165511,3.29800000990916,5.77561673779669,-5.74317917156427,0.614341813542172,NA,100
"Federated per-protocol (unweighted)","RMST_diff",6,-1,"strong",1.5,25,"100/100/100/100/100/100/100/100/100/100","-4.5/-4.16666666666667/-3.83333333333333/-3.5/-3.16666666666667/-2.83333333333333/-2.5/-2.16666666666667/-1.83333333333333/-1.5",-3.37878484973789,2.46714965236843,5.87110999527832,-5.84593450210632,0.545858950349523,NA,100
"Federated per-protocol (unweighted)","RMST_diff",9,-1,"strong",1.5,25,"100/100/100/100/100/100/100/100/100/100","-4.5/-4.16666666666667/-3.83333333333333/-3.5/-3.16666666666667/-2.83333333333333/-2.5/-2.16666666666667/-1.83333333333333/-1.5",-4.11690800423731,2.02688889809856,6.16046870234802,-6.14379690233587,0.455199207648777,NA,100
"Federated per-protocol (unweighted)","RMST_diff",3,-0.7,"strong",1.5,25,"100/100/100/100/100/100/100/100/100/100","-4.5/-4.16666666666667/-3.83333333333333/-3.5/-3.16666666666667/-2.83333333333333/-2.5/-2.16666666666667/-1.83333333333333/-1.5",-3.81699248429328,2.3064504004178,6.14523715310297,-6.12344288471108,0.519699705014599,NA,100
"Federated per-protocol (unweighted)","RMST_diff",6,-0.7,"strong",1.5,25,"100/100/100/100/100/100/100/100/100/100","-4.5/-4.16666666666667/-3.83333333333333/-3.5/-3.16666666666667/-2.83333333333333/-2.5/-2.16666666666667/-1.83333333333333/-1.5",-4.44681980227653,1.76134240324477,6.23085588771473,-6.2081622055213,0.533983621931559,NA,100
"Federated per-protocol (unweighted)","RMST_diff",9,-0.7,"strong",1.5,25,"100/100/100/100/100/100/100/100/100/100","-4.5/-4.16666666666667/-3.83333333333333/-3.5/-3.16666666666667/-2.83333333333333/-2.5/-2.16666666666667/-1.83333333333333/-1.5",-4.88899006745114,1.426510770343,6.32655094632204,-6.31550083779414,0.375642270496449,NA,100
"Federated per-protocol (unweighted)","RMST_diff",3,-0.5,"strong",1.5,25,"100/100/100/100/100/100/100/100/100/100","-4.5/-4.16666666666667/-3.83333333333333/-3.5/-3.16666666666667/-2.83333333333333/-2.5/-2.16666666666667/-1.83333333333333/-1.5",-4.65024544711762,1.63411896258722,6.30400006725358,-6.28436440970484,0.499677485851568,NA,100
"Federated per-protocol (unweighted)","RMST_diff",6,-0.5,"strong",1.5,25,"100/100/100/100/100/100/100/100/100/100","-4.5/-4.16666666666667/-3.83333333333333/-3.5/-3.16666666666667/-2.83333333333333/-2.5/-2.16666666666667/-1.83333333333333/-1.5",-5.06115145947611,1.26778206917839,6.34751509641978,-6.3289335286545,0.487778192212285,NA,100
"Federated per-protocol (unweighted)","RMST_diff",9,-0.5,"strong",1.5,25,"100/100/100/100/100/100/100/100/100/100","-4.5/-4.16666666666667/-3.83333333333333/-3.5/-3.16666666666667/-2.83333333333333/-2.5/-2.16666666666667/-1.83333333333333/-1.5",-5.94601529198313,1.00572462010449,6.9655054707059,-6.95173991208762,0.439902028947931,NA,100
"Federated landmark IPW","RMST_diff",3,-1,"medium",1,25,"100/100/100/100/100/100/100/100/100/100","-4.5/-4.16666666666667/-3.83333333333333/-3.5/-3.16666666666667/-2.83333333333333/-2.5/-2.16666666666667/-1.83333333333333/-1.5",3.84151579406978,3.21742899536935,1.75098465374832,0.624086798700431,1.64423170641912,NA,100
"Federated landmark IPW","RMST_diff",6,-1,"medium",1,25,"100/100/100/100/100/100/100/100/100/100","-4.5/-4.16666666666667/-3.83333333333333/-3.5/-3.16666666666667/-2.83333333333333/-2.5/-2.16666666666667/-1.83333333333333/-1.5",2.64685104537348,2.26145608611152,0.919220215198521,0.38539495926196,0.838731924886206,NA,100
"Federated landmark IPW","RMST_diff",9,-1,"medium",1,25,"100/100/100/100/100/100/100/100/100/100","-4.5/-4.16666666666667/-3.83333333333333/-3.5/-3.16666666666667/-2.83333333333333/-2.5/-2.16666666666667/-1.83333333333333/-1.5",2.09761464464726,1.8728056860625,0.713641601073306,0.22480895858476,0.680719514556092,NA,100
"Federated landmark IPW","RMST_diff",3,-0.7,"medium",1,25,"100/100/100/100/100/100/100/100/100/100","-4.5/-4.16666666666667/-3.83333333333333/-3.5/-3.16666666666667/-2.83333333333333/-2.5/-2.16666666666667/-1.83333333333333/-1.5",2.66661576721247,2.23181882033006,1.53493191325988,0.434796946882413,1.47947833876475,NA,100
"Federated landmark IPW","RMST_diff",6,-0.7,"medium",1,25,"100/100/100/100/100/100/100/100/100/100","-4.5/-4.16666666666667/-3.83333333333333/-3.5/-3.16666666666667/-2.83333333333333/-2.5/-2.16666666666667/-1.83333333333333/-1.5",2.04674985981058,1.58779560940822,1.19862907548213,0.458954250402361,1.11285993229963,NA,100
"Federated landmark IPW","RMST_diff",9,-0.7,"medium",1,25,"100/100/100/100/100/100/100/100/100/100","-4.5/-4.16666666666667/-3.83333333333333/-3.5/-3.16666666666667/-2.83333333333333/-2.5/-2.16666666666667/-1.83333333333333/-1.5",1.24100259996951,1.31715679582718,0.947249189954549,-0.0761541958576767,0.948939634871003,NA,100
"Federated landmark IPW","RMST_diff",3,-0.5,"medium",1,25,"100/100/100/100/100/100/100/100/100/100","-4.5/-4.16666666666667/-3.83333333333333/-3.5/-3.16666666666667/-2.83333333333333/-2.5/-2.16666666666667/-1.83333333333333/-1.5",0.503994987869834,1.58049568790941,1.98921309998989,-1.07650070003958,1.68118374601479,NA,100
"Federated landmark IPW","RMST_diff",6,-0.5,"medium",1,25,"100/100/100/100/100/100/100/100/100/100","-4.5/-4.16666666666667/-3.83333333333333/-3.5/-3.16666666666667/-2.83333333333333/-2.5/-2.16666666666667/-1.83333333333333/-1.5",1.34595191055444,1.12745628922364,1.56297290243347,0.218495621330807,1.55542191398528,NA,100
"Federated landmark IPW","RMST_diff",9,-0.5,"medium",1,25,"100/100/100/100/100/100/100/100/100/100","-4.5/-4.16666666666667/-3.83333333333333/-3.5/-3.16666666666667/-2.83333333333333/-2.5/-2.16666666666667/-1.83333333333333/-1.5",0.956507308557162,0.936614901816633,1.22979627679086,0.0198924067405299,1.23583005866573,NA,100
"Federated landmark IPW","RMST_diff",3,-1,"small",0.5,25,"100/100/100/100/100/100/100/100/100/100","-4.5/-4.16666666666667/-3.83333333333333/-3.5/-3.16666666666667/-2.83333333333333/-2.5/-2.16666666666667/-1.83333333333333/-1.5",3.90754425478787,3.16091064579605,1.88215168011409,0.746633608991814,1.73642882128641,NA,100
"Federated landmark IPW","RMST_diff",6,-1,"small",0.5,25,"100/100/100/100/100/100/100/100/100/100","-4.5/-4.16666666666667/-3.83333333333333/-3.5/-3.16666666666667/-2.83333333333333/-2.5/-2.16666666666667/-1.83333333333333/-1.5",3.00411432103793,2.13675139213985,1.47576207930837,0.867362928898077,1.19998117169484,NA,100
"Federated landmark IPW","RMST_diff",9,-1,"small",0.5,25,"100/100/100/100/100/100/100/100/100/100","-4.5/-4.16666666666667/-3.83333333333333/-3.5/-3.16666666666667/-2.83333333333333/-2.5/-2.16666666666667/-1.83333333333333/-1.5",2.13452661560963,1.71496070022433,0.923155978989722,0.4195659153853,0.826445109723095,NA,100
"Federated landmark IPW","RMST_diff",3,-0.7,"small",0.5,25,"100/100/100/100/100/100/100/100/100/100","-4.5/-4.16666666666667/-3.83333333333333/-3.5/-3.16666666666667/-2.83333333333333/-2.5/-2.16666666666667/-1.83333333333333/-1.5",2.29483312704268,2.1932545134723,1.25752966976595,0.101578613570376,1.25973488296561,NA,100
"Federated landmark IPW","RMST_diff",6,-0.7,"small",0.5,25,"100/100/100/100/100/100/100/100/100/100","-4.5/-4.16666666666667/-3.83333333333333/-3.5/-3.16666666666667/-2.83333333333333/-2.5/-2.16666666666667/-1.83333333333333/-1.5",2.17715896172611,1.49760193866059,1.23385043813364,0.679557023065515,1.03503728332053,NA,100
"Federated landmark IPW","RMST_diff",9,-0.7,"small",0.5,25,"100/100/100/100/100/100/100/100/100/100","-4.5/-4.16666666666667/-3.83333333333333/-3.5/-3.16666666666667/-2.83333333333333/-2.5/-2.16666666666667/-1.83333333333333/-1.5",1.79171117422118,1.20704801429341,1.13023550467754,0.584663159927778,0.97213774923715,NA,100
"Federated landmark IPW","RMST_diff",3,-0.5,"small",0.5,25,"100/100/100/100/100/100/100/100/100/100","-4.5/-4.16666666666667/-3.83333333333333/-3.5/-3.16666666666667/-2.83333333333333/-2.5/-2.16666666666667/-1.83333333333333/-1.5",1.95465901148043,1.54606360213737,1.4809968934798,0.408595409343057,1.43068874773289,NA,100
"Federated landmark IPW","RMST_diff",6,-0.5,"small",0.5,25,"100/100/100/100/100/100/100/100/100/100","-4.5/-4.16666666666667/-3.83333333333333/-3.5/-3.16666666666667/-2.83333333333333/-2.5/-2.16666666666667/-1.83333333333333/-1.5",1.13198429541526,1.06435424847043,1.0587385673006,0.067630046944833,1.06189916137515,NA,100
"Federated landmark IPW","RMST_diff",9,-0.5,"small",0.5,25,"100/100/100/100/100/100/100/100/100/100","-4.5/-4.16666666666667/-3.83333333333333/-3.5/-3.16666666666667/-2.83333333333333/-2.5/-2.16666666666667/-1.83333333333333/-1.5",1.25892336474299,0.859499488933217,1.27431154621611,0.399423875809775,1.21619147393223,NA,100
"Federated landmark IPW","RMST_diff",3,-1,"strong",1.5,25,"100/100/100/100/100/100/100/100/100/100","-4.5/-4.16666666666667/-3.83333333333333/-3.5/-3.16666666666667/-2.83333333333333/-2.5/-2.16666666666667/-1.83333333333333/-1.5",2.97608390526971,3.29800000990916,1.94737307762963,-0.321916104639445,1.93025667551865,NA,100
"Federated landmark IPW","RMST_diff",6,-1,"strong",1.5,25,"100/100/100/100/100/100/100/100/100/100","-4.5/-4.16666666666667/-3.83333333333333/-3.5/-3.16666666666667/-2.83333333333333/-2.5/-2.16666666666667/-1.83333333333333/-1.5",2.9207605239965,2.46714965236843,1.43663049713817,0.453610871628065,1.37000492605776,NA,100
"Federated landmark IPW","RMST_diff",9,-1,"strong",1.5,25,"100/100/100/100/100/100/100/100/100/100","-4.5/-4.16666666666667/-3.83333333333333/-3.5/-3.16666666666667/-2.83333333333333/-2.5/-2.16666666666667/-1.83333333333333/-1.5",1.627840526264,2.02688889809856,1.02036140277819,-0.399048371834562,0.943825114993547,NA,100
"Federated landmark IPW","RMST_diff",3,-0.7,"strong",1.5,25,"100/100/100/100/100/100/100/100/100/100","-4.5/-4.16666666666667/-3.83333333333333/-3.5/-3.16666666666667/-2.83333333333333/-2.5/-2.16666666666667/-1.83333333333333/-1.5",1.78588634872285,2.3064504004178,1.70611373687891,-0.520564051694946,1.63294279537884,NA,100
"Federated landmark IPW","RMST_diff",6,-0.7,"strong",1.5,25,"100/100/100/100/100/100/100/100/100/100","-4.5/-4.16666666666667/-3.83333333333333/-3.5/-3.16666666666667/-2.83333333333333/-2.5/-2.16666666666667/-1.83333333333333/-1.5",1.94092673220466,1.76134240324477,1.56594596639599,0.179584328959889,1.56345132282794,NA,100
"Federated landmark IPW","RMST_diff",9,-0.7,"strong",1.5,25,"100/100/100/100/100/100/100/100/100/100","-4.5/-4.16666666666667/-3.83333333333333/-3.5/-3.16666666666667/-2.83333333333333/-2.5/-2.16666666666667/-1.83333333333333/-1.5",0.953454465415709,1.426510770343,1.21624150308849,-0.473056304927286,1.12611835600025,NA,100
"Federated landmark IPW","RMST_diff",3,-0.5,"strong",1.5,25,"100/100/100/100/100/100/100/100/100/100","-4.5/-4.16666666666667/-3.83333333333333/-3.5/-3.16666666666667/-2.83333333333333/-2.5/-2.16666666666667/-1.83333333333333/-1.5",1.83579585971305,1.63411896258722,2.71427622322117,0.201676897125838,2.72040955122077,NA,100
"Federated landmark IPW","RMST_diff",6,-0.5,"strong",1.5,25,"100/100/100/100/100/100/100/100/100/100","-4.5/-4.16666666666667/-3.83333333333333/-3.5/-3.16666666666667/-2.83333333333333/-2.5/-2.16666666666667/-1.83333333333333/-1.5",0.805493930668976,1.26778206917839,1.71877719046915,-0.46228813850941,1.66378074612683,NA,100
"Federated landmark IPW","RMST_diff",9,-0.5,"strong",1.5,25,"100/100/100/100/100/100/100/100/100/100","-4.5/-4.16666666666667/-3.83333333333333/-3.5/-3.16666666666667/-2.83333333333333/-2.5/-2.16666666666667/-1.83333333333333/-1.5",0.376428197121105,1.00572462010449,1.44883834052192,-0.629296422983383,1.31161037151021,NA,100
"Local CCW + curve meta-analysis","RMST_diff",3,-1,"medium",1,25,"100/100/100/100/100/100/100/100/100/100","-4.5/-4.16666666666667/-3.83333333333333/-3.5/-3.16666666666667/-2.83333333333333/-2.5/-2.16666666666667/-1.83333333333333/-1.5",2.55481625037332,3.21742899536935,1.11408650018969,-0.662612744996036,0.900130787395867,NA,100
"Local CCW + curve meta-analysis","RMST_diff",6,-1,"medium",1,25,"100/100/100/100/100/100/100/100/100/100","-4.5/-4.16666666666667/-3.83333333333333/-3.5/-3.16666666666667/-2.83333333333333/-2.5/-2.16666666666667/-1.83333333333333/-1.5",1.58168520839545,2.26145608611152,0.971602421640208,-0.679770877716073,0.697703896229897,NA,100
"Local CCW + curve meta-analysis","RMST_diff",9,-1,"medium",1,25,"100/100/100/100/100/100/100/100/100/100","-4.5/-4.16666666666667/-3.83333333333333/-3.5/-3.16666666666667/-2.83333333333333/-2.5/-2.16666666666667/-1.83333333333333/-1.5",1.55047797815236,1.8728056860625,0.612019297624069,-0.322327707910134,0.522882907279351,NA,100
"Local CCW + curve meta-analysis","RMST_diff",3,-0.7,"medium",1,25,"100/100/100/100/100/100/100/100/100/100","-4.5/-4.16666666666667/-3.83333333333333/-3.5/-3.16666666666667/-2.83333333333333/-2.5/-2.16666666666667/-1.83333333333333/-1.5",1.42888647676885,2.23181882033006,1.27912819488712,-0.802932343561205,1.00074143756874,NA,100
"Local CCW + curve meta-analysis","RMST_diff",6,-0.7,"medium",1,25,"100/100/100/100/100/100/100/100/100/100","-4.5/-4.16666666666667/-3.83333333333333/-3.5/-3.16666666666667/-2.83333333333333/-2.5/-2.16666666666667/-1.83333333333333/-1.5",1.19981082091473,1.58779560940822,0.832428887216269,-0.387984788493486,0.740192205566633,NA,100
"Local CCW + curve meta-analysis","RMST_diff",9,-0.7,"medium",1,25,"100/100/100/100/100/100/100/100/100/100","-4.5/-4.16666666666667/-3.83333333333333/-3.5/-3.16666666666667/-2.83333333333333/-2.5/-2.16666666666667/-1.83333333333333/-1.5",0.9191667398426,1.31715679582718,0.631002672813545,-0.397990055984583,0.492128225504911,NA,100
"Local CCW + curve meta-analysis","RMST_diff",3,-0.5,"medium",1,25,"100/100/100/100/100/100/100/100/100/100","-4.5/-4.16666666666667/-3.83333333333333/-3.5/-3.16666666666667/-2.83333333333333/-2.5/-2.16666666666667/-1.83333333333333/-1.5",0.188502843611645,1.58049568790941,1.67215030761038,-1.39199284429777,0.931189405955057,NA,100
"Local CCW + curve meta-analysis","RMST_diff",6,-0.5,"medium",1,25,"100/100/100/100/100/100/100/100/100/100","-4.5/-4.16666666666667/-3.83333333333333/-3.5/-3.16666666666667/-2.83333333333333/-2.5/-2.16666666666667/-1.83333333333333/-1.5",0.704593219753944,1.12745628922364,0.801971903612623,-0.422863069469694,0.684862117408561,NA,100
"Local CCW + curve meta-analysis","RMST_diff",9,-0.5,"medium",1,25,"100/100/100/100/100/100/100/100/100/100","-4.5/-4.16666666666667/-3.83333333333333/-3.5/-3.16666666666667/-2.83333333333333/-2.5/-2.16666666666667/-1.83333333333333/-1.5",0.631914698586041,0.936614901816633,0.658676590429072,-0.304700203230591,0.586904769976111,NA,100
"Local CCW + curve meta-analysis","RMST_diff",3,-1,"small",0.5,25,"100/100/100/100/100/100/100/100/100/100","-4.5/-4.16666666666667/-3.83333333333333/-3.5/-3.16666666666667/-2.83333333333333/-2.5/-2.16666666666667/-1.83333333333333/-1.5",2.59236438348666,3.16091064579605,1.00602607304777,-0.568546262309396,0.834147243297575,NA,100
"Local CCW + curve meta-analysis","RMST_diff",6,-1,"small",0.5,25,"100/100/100/100/100/100/100/100/100/100","-4.5/-4.16666666666667/-3.83333333333333/-3.5/-3.16666666666667/-2.83333333333333/-2.5/-2.16666666666667/-1.83333333333333/-1.5",2.06768842928775,2.13675139213985,0.685265039060646,-0.0690629628520975,0.685210637024701,NA,100
"Local CCW + curve meta-analysis","RMST_diff",9,-1,"small",0.5,25,"100/100/100/100/100/100/100/100/100/100","-4.5/-4.16666666666667/-3.83333333333333/-3.5/-3.16666666666667/-2.83333333333333/-2.5/-2.16666666666667/-1.83333333333333/-1.5",1.54744549677195,1.71496070022433,0.427061324072409,-0.167515203452384,0.394814917808364,NA,100
"Local CCW + curve meta-analysis","RMST_diff",3,-0.7,"small",0.5,25,"100/100/100/100/100/100/100/100/100/100","-4.5/-4.16666666666667/-3.83333333333333/-3.5/-3.16666666666667/-2.83333333333333/-2.5/-2.16666666666667/-1.83333333333333/-1.5",1.73394563648824,2.1932545134723,1.10016422103236,-0.459308876984064,1.00473458416115,NA,100
"Local CCW + curve meta-analysis","RMST_diff",6,-0.7,"small",0.5,25,"100/100/100/100/100/100/100/100/100/100","-4.5/-4.16666666666667/-3.83333333333333/-3.5/-3.16666666666667/-2.83333333333333/-2.5/-2.16666666666667/-1.83333333333333/-1.5",1.37766487247947,1.49760193866059,0.608893619233506,-0.119937066181122,0.59997183410249,NA,100
"Local CCW + curve meta-analysis","RMST_diff",9,-0.7,"small",0.5,25,"100/100/100/100/100/100/100/100/100/100","-4.5/-4.16666666666667/-3.83333333333333/-3.5/-3.16666666666667/-2.83333333333333/-2.5/-2.16666666666667/-1.83333333333333/-1.5",0.959711743492143,1.20704801429341,0.515544774157892,-0.247336270801263,0.454618480637343,NA,100
"Local CCW + curve meta-analysis","RMST_diff",3,-0.5,"small",0.5,25,"100/100/100/100/100/100/100/100/100/100","-4.5/-4.16666666666667/-3.83333333333333/-3.5/-3.16666666666667/-2.83333333333333/-2.5/-2.16666666666667/-1.83333333333333/-1.5",1.45838983666016,1.54606360213737,1.12429439052876,-0.0876737654772128,1.12651746699998,NA,100
"Local CCW + curve meta-analysis","RMST_diff",6,-0.5,"small",0.5,25,"100/100/100/100/100/100/100/100/100/100","-4.5/-4.16666666666667/-3.83333333333333/-3.5/-3.16666666666667/-2.83333333333333/-2.5/-2.16666666666667/-1.83333333333333/-1.5",0.751903868719679,1.06435424847043,0.570842118296884,-0.312450379750751,0.480146741264327,NA,100
"Local CCW + curve meta-analysis","RMST_diff",9,-0.5,"small",0.5,25,"100/100/100/100/100/100/100/100/100/100","-4.5/-4.16666666666667/-3.83333333333333/-3.5/-3.16666666666667/-2.83333333333333/-2.5/-2.16666666666667/-1.83333333333333/-1.5",0.756981204071276,0.859499488933217,0.516296284400774,-0.102518284861941,0.508564879758968,NA,100
"Local CCW + curve meta-analysis","RMST_diff",3,-1,"strong",1.5,25,"100/100/100/100/100/100/100/100/100/100","-4.5/-4.16666666666667/-3.83333333333333/-3.5/-3.16666666666667/-2.83333333333333/-2.5/-2.16666666666667/-1.83333333333333/-1.5",2.36920792068744,3.29800000990916,1.37521267382057,-0.928792089221717,1.01928631857204,NA,100
"Local CCW + curve meta-analysis","RMST_diff",6,-1,"strong",1.5,25,"100/100/100/100/100/100/100/100/100/100","-4.5/-4.16666666666667/-3.83333333333333/-3.5/-3.16666666666667/-2.83333333333333/-2.5/-2.16666666666667/-1.83333333333333/-1.5",1.82350667410328,2.46714965236843,1.0054386000531,-0.643642978265155,0.776309903107862,NA,100
"Local CCW + curve meta-analysis","RMST_diff",9,-1,"strong",1.5,25,"100/100/100/100/100/100/100/100/100/100","-4.5/-4.16666666666667/-3.83333333333333/-3.5/-3.16666666666667/-2.83333333333333/-2.5/-2.16666666666667/-1.83333333333333/-1.5",1.23987789943886,2.02688889809856,1.03400630641479,-0.787010998659701,0.674037083245516,NA,100
"Local CCW + curve meta-analysis","RMST_diff",3,-0.7,"strong",1.5,25,"100/100/100/100/100/100/100/100/100/100","-4.5/-4.16666666666667/-3.83333333333333/-3.5/-3.16666666666667/-2.83333333333333/-2.5/-2.16666666666667/-1.83333333333333/-1.5",0.998646210903215,2.3064504004178,1.86779466435811,-1.30780418951458,1.34024915145373,NA,100
"Local CCW + curve meta-analysis","RMST_diff",6,-0.7,"strong",1.5,25,"100/100/100/100/100/100/100/100/100/100","-4.5/-4.16666666666667/-3.83333333333333/-3.5/-3.16666666666667/-2.83333333333333/-2.5/-2.16666666666667/-1.83333333333333/-1.5",0.915755054249283,1.76134240324477,1.20029381797402,-0.845587348995483,0.856164387999307,NA,100
"Local CCW + curve meta-analysis","RMST_diff",9,-0.7,"strong",1.5,25,"100/100/100/100/100/100/100/100/100/100","-4.5/-4.16666666666667/-3.83333333333333/-3.5/-3.16666666666667/-2.83333333333333/-2.5/-2.16666666666667/-1.83333333333333/-1.5",0.74659364188403,1.426510770343,0.893361625337493,-0.679917128458965,0.582408524099016,NA,100
"Local CCW + curve meta-analysis","RMST_diff",3,-0.5,"strong",1.5,25,"100/100/100/100/100/100/100/100/100/100","-4.5/-4.16666666666667/-3.83333333333333/-3.5/-3.16666666666667/-2.83333333333333/-2.5/-2.16666666666667/-1.83333333333333/-1.5",0.396099468275681,1.63411896258722,1.7971426322088,-1.23801949431154,1.30926356515308,NA,100
"Local CCW + curve meta-analysis","RMST_diff",6,-0.5,"strong",1.5,25,"100/100/100/100/100/100/100/100/100/100","-4.5/-4.16666666666667/-3.83333333333333/-3.5/-3.16666666666667/-2.83333333333333/-2.5/-2.16666666666667/-1.83333333333333/-1.5",0.44559041797372,1.26778206917839,1.1014467621058,-0.822191651204666,0.736622004982848,NA,100
"Local CCW + curve meta-analysis","RMST_diff",9,-0.5,"strong",1.5,25,"100/100/100/100/100/100/100/100/100/100","-4.5/-4.16666666666667/-3.83333333333333/-3.5/-3.16666666666667/-2.83333333333333/-2.5/-2.16666666666667/-1.83333333333333/-1.5",0.136038611778192,1.00572462010449,1.05716139782766,-0.869686008326296,0.60405738236554,NA,100
