"task_id","rep","tau","sample_size_scenario","initiation_scenario","n_per_site","total_n","init_intercept","zero_cov_init_prob","observed_init_rate","min_site_init_rate","max_site_init_rate","landmark_n","landmark_treated_rate"
1,1,4,"low","low",300,3000,-5,0.00669285092428486,0.0433333333333333,0.0333333333333333,0.07,1797,0.0406232609905398
1,2,4,"low","low",300,3000,-5,0.00669285092428486,0.045,0.0333333333333333,0.07,1801,0.0421987784564131
1,3,4,"low","low",300,3000,-5,0.00669285092428486,0.0463333333333333,0.0333333333333333,0.07,1818,0.0407040704070407
1,4,4,"low","low",300,3000,-5,0.00669285092428486,0.0476666666666667,0.0333333333333333,0.07,1798,0.0417130144605117
1,5,4,"low","low",300,3000,-5,0.00669285092428486,0.0473333333333333,0.03,0.07,1772,0.0423250564334086
1,6,4,"low","low",300,3000,-5,0.00669285092428486,0.043,0.0266666666666667,0.0566666666666667,1777,0.0405177265053461
1,7,4,"low","low",300,3000,-5,0.00669285092428486,0.042,0.0266666666666667,0.0566666666666667,1782,0.0420875420875421
1,8,4,"low","low",300,3000,-5,0.00669285092428486,0.042,0.0266666666666667,0.0566666666666667,1776,0.0422297297297297
1,9,4,"low","low",300,3000,-5,0.00669285092428486,0.041,0.0266666666666667,0.0566666666666667,1768,0.040158371040724
1,10,4,"low","low",300,3000,-5,0.00669285092428486,0.043,0.0266666666666667,0.06,1773,0.0411731528482797
1,11,4,"low","low",300,3000,-5,0.00669285092428486,0.044,0.0266666666666667,0.06,1775,0.0422535211267606
1,12,4,"low","low",300,3000,-5,0.00669285092428486,0.043,0.0266666666666667,0.06,1793,0.0429447852760736
1,13,4,"low","low",300,3000,-5,0.00669285092428486,0.041,0.0266666666666667,0.06,1779,0.0438448566610455
1,14,4,"low","low",300,3000,-5,0.00669285092428486,0.0413333333333333,0.0266666666666667,0.06,1791,0.0435510887772194
1,15,4,"low","low",300,3000,-5,0.00669285092428486,0.0416666666666667,0.0266666666666667,0.06,1808,0.0425884955752212
1,16,4,"low","low",300,3000,-5,0.00669285092428486,0.044,0.0266666666666667,0.06,1810,0.043646408839779
1,17,4,"low","low",300,3000,-5,0.00669285092428486,0.0423333333333333,0.0266666666666667,0.06,1784,0.0414798206278027
1,18,4,"low","low",300,3000,-5,0.00669285092428486,0.041,0.0266666666666667,0.06,1798,0.0422691879866518
1,19,4,"low","low",300,3000,-5,0.00669285092428486,0.0416666666666667,0.0266666666666667,0.06,1801,0.0416435313714603
1,20,4,"low","low",300,3000,-5,0.00669285092428486,0.0413333333333333,0.0266666666666667,0.0566666666666667,1781,0.0437956204379562
1,21,4,"low","low",300,3000,-5,0.00669285092428486,0.0396666666666667,0.0266666666666667,0.0566666666666667,1787,0.04252937884723
1,22,4,"low","low",300,3000,-5,0.00669285092428486,0.0393333333333333,0.0266666666666667,0.0566666666666667,1772,0.0395033860045147
1,23,4,"low","low",300,3000,-5,0.00669285092428486,0.0416666666666667,0.0266666666666667,0.0566666666666667,1775,0.0422535211267606
1,24,4,"low","low",300,3000,-5,0.00669285092428486,0.0406666666666667,0.0266666666666667,0.0566666666666667,1769,0.0423968343697004
1,25,4,"low","low",300,3000,-5,0.00669285092428486,0.04,0.0266666666666667,0.0566666666666667,1748,0.0423340961098398
1,26,4,"low","low",300,3000,-5,0.00669285092428486,0.04,0.0266666666666667,0.0566666666666667,1747,0.0429307384087006
1,27,4,"low","low",300,3000,-5,0.00669285092428486,0.0406666666666667,0.0266666666666667,0.0566666666666667,1772,0.0423250564334086
1,28,4,"low","low",300,3000,-5,0.00669285092428486,0.0406666666666667,0.0266666666666667,0.0566666666666667,1768,0.0395927601809955
1,29,4,"low","low",300,3000,-5,0.00669285092428486,0.0426666666666667,0.0266666666666667,0.0566666666666667,1765,0.0424929178470255
1,30,4,"low","low",300,3000,-5,0.00669285092428486,0.0413333333333333,0.0266666666666667,0.0566666666666667,1773,0.0400451212633954
1,31,4,"low","low",300,3000,-5,0.00669285092428486,0.044,0.0266666666666667,0.0566666666666667,1772,0.041196388261851
1,32,4,"low","low",300,3000,-5,0.00669285092428486,0.0436666666666667,0.0266666666666667,0.0566666666666667,1752,0.0399543378995434
1,33,4,"low","low",300,3000,-5,0.00669285092428486,0.0433333333333333,0.0266666666666667,0.0566666666666667,1757,0.0387023335230507
1,34,4,"low","low",300,3000,-5,0.00669285092428486,0.0433333333333333,0.0266666666666667,0.0566666666666667,1756,0.0375854214123007
1,35,4,"low","low",300,3000,-5,0.00669285092428486,0.0463333333333333,0.0333333333333333,0.0566666666666667,1769,0.0423968343697004
1,36,4,"low","low",300,3000,-5,0.00669285092428486,0.046,0.0333333333333333,0.0566666666666667,1770,0.0418079096045198
1,37,4,"low","low",300,3000,-5,0.00669285092428486,0.0473333333333333,0.04,0.0566666666666667,1755,0.0438746438746439
1,38,4,"low","low",300,3000,-5,0.00669285092428486,0.0476666666666667,0.04,0.0566666666666667,1763,0.0465116279069767
1,39,4,"low","low",300,3000,-5,0.00669285092428486,0.0463333333333333,0.04,0.0566666666666667,1777,0.0438942037141249
1,40,4,"low","low",300,3000,-5,0.00669285092428486,0.044,0.02,0.0566666666666667,1785,0.0408963585434174
1,41,4,"low","low",300,3000,-5,0.00669285092428486,0.0416666666666667,0.02,0.0566666666666667,1808,0.0392699115044248
1,42,4,"low","low",300,3000,-5,0.00669285092428486,0.0413333333333333,0.02,0.0566666666666667,1824,0.0405701754385965
1,43,4,"low","low",300,3000,-5,0.00669285092428486,0.0406666666666667,0.02,0.0566666666666667,1833,0.0381887615930169
1,44,4,"low","low",300,3000,-5,0.00669285092428486,0.0426666666666667,0.02,0.06,1841,0.0396523628462792
1,45,4,"low","low",300,3000,-5,0.00669285092428486,0.04,0.02,0.06,1857,0.0360796984383414
1,46,4,"low","low",300,3000,-5,0.00669285092428486,0.0416666666666667,0.02,0.0633333333333333,1858,0.0365984930032293
1,47,4,"low","low",300,3000,-5,0.00669285092428486,0.0406666666666667,0.02,0.0633333333333333,1875,0.0357333333333333
1,48,4,"low","low",300,3000,-5,0.00669285092428486,0.0396666666666667,0.02,0.0633333333333333,1859,0.0333512641204949
1,49,4,"low","low",300,3000,-5,0.00669285092428486,0.041,0.02,0.0633333333333333,1827,0.0355774493705528
1,50,4,"low","low",300,3000,-5,0.00669285092428486,0.0446666666666667,0.03,0.0633333333333333,1821,0.0395387149917628
1,51,4,"low","low",300,3000,-5,0.00669285092428486,0.045,0.03,0.0633333333333333,1802,0.0405105438401776
1,52,4,"low","low",300,3000,-5,0.00669285092428486,0.0453333333333333,0.03,0.0633333333333333,1787,0.0402909904868495
1,53,4,"low","low",300,3000,-5,0.00669285092428486,0.046,0.03,0.0633333333333333,1772,0.0395033860045147
1,54,4,"low","low",300,3000,-5,0.00669285092428486,0.0446666666666667,0.03,0.0633333333333333,1779,0.0404721753794266
1,55,4,"low","low",300,3000,-5,0.00669285092428486,0.0466666666666667,0.0333333333333333,0.0633333333333333,1766,0.0413363533408834
1,56,4,"low","low",300,3000,-5,0.00669285092428486,0.0433333333333333,0.03,0.0566666666666667,1768,0.0384615384615385
1,57,4,"low","low",300,3000,-5,0.00669285092428486,0.0453333333333333,0.03,0.0566666666666667,1760,0.0409090909090909
1,58,4,"low","low",300,3000,-5,0.00669285092428486,0.047,0.03,0.0566666666666667,1766,0.043035107587769
1,59,4,"low","low",300,3000,-5,0.00669285092428486,0.0476666666666667,0.03,0.0633333333333333,1777,0.0450196961170512
1,60,4,"low","low",300,3000,-5,0.00669285092428486,0.045,0.03,0.0633333333333333,1784,0.0426008968609865
1,61,4,"low","low",300,3000,-5,0.00669285092428486,0.0466666666666667,0.03,0.0633333333333333,1796,0.0434298440979955
1,62,4,"low","low",300,3000,-5,0.00669285092428486,0.047,0.03,0.0633333333333333,1830,0.0442622950819672
1,63,4,"low","low",300,3000,-5,0.00669285092428486,0.047,0.03,0.0633333333333333,1834,0.0463467829880044
1,64,4,"low","low",300,3000,-5,0.00669285092428486,0.0463333333333333,0.03,0.0633333333333333,1826,0.0443592552026287
1,65,4,"low","low",300,3000,-5,0.00669285092428486,0.046,0.03,0.0633333333333333,1852,0.0442764578833693
1,66,4,"low","low",300,3000,-5,0.00669285092428486,0.0483333333333333,0.03,0.0633333333333333,1840,0.0472826086956522
1,67,4,"low","low",300,3000,-5,0.00669285092428486,0.0466666666666667,0.03,0.0633333333333333,1849,0.0459707950243375
1,68,4,"low","low",300,3000,-5,0.00669285092428486,0.046,0.03,0.0633333333333333,1833,0.0469176213857065
1,69,4,"low","low",300,3000,-5,0.00669285092428486,0.045,0.03,0.0533333333333333,1846,0.0460455037919827
1,70,4,"low","low",300,3000,-5,0.00669285092428486,0.0453333333333333,0.0333333333333333,0.0533333333333333,1840,0.0440217391304348
1,71,4,"low","low",300,3000,-5,0.00669285092428486,0.0433333333333333,0.0333333333333333,0.0533333333333333,1840,0.0429347826086957
1,72,4,"low","low",300,3000,-5,0.00669285092428486,0.0423333333333333,0.0333333333333333,0.0533333333333333,1801,0.0421987784564131
1,73,4,"low","low",300,3000,-5,0.00669285092428486,0.041,0.0333333333333333,0.0533333333333333,1803,0.0404880754298392
1,74,4,"low","low",300,3000,-5,0.00669285092428486,0.041,0.0333333333333333,0.0533333333333333,1799,0.0405780989438577
1,75,4,"low","low",300,3000,-5,0.00669285092428486,0.04,0.0333333333333333,0.0533333333333333,1760,0.0414772727272727
1,76,4,"low","low",300,3000,-5,0.00669285092428486,0.0376666666666667,0.03,0.0533333333333333,1781,0.0381807973048849
1,77,4,"low","low",300,3000,-5,0.00669285092428486,0.038,0.03,0.0533333333333333,1779,0.0387858347386172
1,78,4,"low","low",300,3000,-5,0.00669285092428486,0.039,0.03,0.0533333333333333,1790,0.0391061452513966
1,79,4,"low","low",300,3000,-5,0.00669285092428486,0.038,0.03,0.0533333333333333,1788,0.0369127516778524
1,80,4,"low","low",300,3000,-5,0.00669285092428486,0.0393333333333333,0.03,0.0533333333333333,1805,0.0409972299168975
1,81,4,"low","low",300,3000,-5,0.00669285092428486,0.041,0.03,0.0533333333333333,1777,0.0416432189082724
1,82,4,"low","low",300,3000,-5,0.00669285092428486,0.043,0.03,0.0533333333333333,1813,0.0452289023717595
1,83,4,"low","low",300,3000,-5,0.00669285092428486,0.047,0.03,0.0733333333333333,1823,0.0488206253428415
1,84,4,"low","low",300,3000,-5,0.00669285092428486,0.0476666666666667,0.03,0.0733333333333333,1830,0.0480874316939891
1,85,4,"low","low",300,3000,-5,0.00669285092428486,0.05,0.03,0.0733333333333333,1831,0.048607318405243
1,86,4,"low","low",300,3000,-5,0.00669285092428486,0.05,0.03,0.0733333333333333,1799,0.0494719288493608
1,87,4,"low","low",300,3000,-5,0.00669285092428486,0.0516666666666667,0.03,0.0733333333333333,1796,0.0501113585746102
1,88,4,"low","low",300,3000,-5,0.00669285092428486,0.0513333333333333,0.03,0.0733333333333333,1787,0.050923335198657
1,89,4,"low","low",300,3000,-5,0.00669285092428486,0.052,0.03,0.0733333333333333,1776,0.0501126126126126
1,90,4,"low","low",300,3000,-5,0.00669285092428486,0.0503333333333333,0.03,0.0733333333333333,1760,0.0482954545454545
1,91,4,"low","low",300,3000,-5,0.00669285092428486,0.0516666666666667,0.03,0.0733333333333333,1773,0.050761421319797
1,92,4,"low","low",300,3000,-5,0.00669285092428486,0.0536666666666667,0.03,0.0733333333333333,1743,0.0499139414802065
1,93,4,"low","low",300,3000,-5,0.00669285092428486,0.05,0.03,0.0733333333333333,1731,0.0473714615829001
1,94,4,"low","low",300,3000,-5,0.00669285092428486,0.0483333333333333,0.03,0.0733333333333333,1717,0.0471753057658707
1,95,4,"low","low",300,3000,-5,0.00669285092428486,0.0463333333333333,0.03,0.0733333333333333,1728,0.0445601851851852
1,96,4,"low","low",300,3000,-5,0.00669285092428486,0.0483333333333333,0.03,0.0733333333333333,1742,0.0442020665901263
1,97,4,"low","low",300,3000,-5,0.00669285092428486,0.0463333333333333,0.03,0.0733333333333333,1762,0.0414301929625426
1,98,4,"low","low",300,3000,-5,0.00669285092428486,0.0456666666666667,0.03,0.0733333333333333,1758,0.0386803185437998
1,99,4,"low","low",300,3000,-5,0.00669285092428486,0.0453333333333333,0.03,0.0733333333333333,1759,0.0397953382603752
1,100,4,"low","low",300,3000,-5,0.00669285092428486,0.0496666666666667,0.03,0.0733333333333333,1761,0.0431572969903464
1,101,4,"low","low",300,3000,-5,0.00669285092428486,0.0486666666666667,0.03,0.0733333333333333,1761,0.0431572969903464
1,102,4,"low","low",300,3000,-5,0.00669285092428486,0.047,0.03,0.0733333333333333,1777,0.0416432189082724
1,103,4,"low","low",300,3000,-5,0.00669285092428486,0.0486666666666667,0.03,0.0733333333333333,1775,0.0428169014084507
1,104,4,"low","low",300,3000,-5,0.00669285092428486,0.05,0.04,0.0733333333333333,1796,0.044543429844098
1,105,4,"low","low",300,3000,-5,0.00669285092428486,0.0506666666666667,0.04,0.0733333333333333,1794,0.0462653288740245
1,106,4,"low","low",300,3000,-5,0.00669285092428486,0.051,0.04,0.0733333333333333,1801,0.0477512493059411
1,107,4,"low","low",300,3000,-5,0.00669285092428486,0.0513333333333333,0.0433333333333333,0.0733333333333333,1776,0.0506756756756757
1,108,4,"low","low",300,3000,-5,0.00669285092428486,0.053,0.0433333333333333,0.0733333333333333,1778,0.0534308211473566
1,109,4,"low","low",300,3000,-5,0.00669285092428486,0.0523333333333333,0.04,0.0733333333333333,1779,0.0522765598650927
1,110,4,"low","low",300,3000,-5,0.00669285092428486,0.051,0.04,0.06,1769,0.0497456189937818
1,111,4,"low","low",300,3000,-5,0.00669285092428486,0.0493333333333333,0.0366666666666667,0.06,1763,0.0476460578559274
1,112,4,"low","low",300,3000,-5,0.00669285092428486,0.0486666666666667,0.0366666666666667,0.06,1774,0.0496054114994363
1,113,4,"low","low",300,3000,-5,0.00669285092428486,0.0483333333333333,0.0366666666666667,0.06,1792,0.0485491071428571
1,114,4,"low","low",300,3000,-5,0.00669285092428486,0.0466666666666667,0.0266666666666667,0.06,1794,0.0462653288740245
1,115,4,"low","low",300,3000,-5,0.00669285092428486,0.0466666666666667,0.0266666666666667,0.06,1809,0.0475400773908237
1,116,4,"low","low",300,3000,-5,0.00669285092428486,0.0453333333333333,0.0266666666666667,0.06,1807,0.0481460985058107
1,117,4,"low","low",300,3000,-5,0.00669285092428486,0.0466666666666667,0.0266666666666667,0.06,1828,0.0508752735229759
1,118,4,"low","low",300,3000,-5,0.00669285092428486,0.0436666666666667,0.0266666666666667,0.06,1845,0.0471544715447154
1,119,4,"low","low",300,3000,-5,0.00669285092428486,0.0426666666666667,0.0266666666666667,0.06,1853,0.0458715596330275
1,120,4,"low","low",300,3000,-5,0.00669285092428486,0.042,0.0266666666666667,0.0566666666666667,1858,0.046286329386437
1,121,4,"low","low",300,3000,-5,0.00669285092428486,0.0436666666666667,0.0266666666666667,0.0566666666666667,1879,0.0468334220329963
1,122,4,"low","low",300,3000,-5,0.00669285092428486,0.0443333333333333,0.0266666666666667,0.0566666666666667,1866,0.0455519828510182
1,123,4,"low","low",300,3000,-5,0.00669285092428486,0.0443333333333333,0.0266666666666667,0.0566666666666667,1842,0.0466883821932682
1,124,4,"low","low",300,3000,-5,0.00669285092428486,0.0463333333333333,0.03,0.0566666666666667,1824,0.049890350877193
1,125,4,"low","low",300,3000,-5,0.00669285092428486,0.0476666666666667,0.03,0.06,1807,0.048699501936912
1,126,4,"low","low",300,3000,-5,0.00669285092428486,0.0476666666666667,0.03,0.06,1812,0.0480132450331126
1,127,4,"low","low",300,3000,-5,0.00669285092428486,0.0453333333333333,0.03,0.06,1776,0.0427927927927928
1,128,4,"low","low",300,3000,-5,0.00669285092428486,0.0463333333333333,0.03,0.06,1787,0.0453273642977057
1,129,4,"low","low",300,3000,-5,0.00669285092428486,0.0483333333333333,0.0333333333333333,0.06,1777,0.0472706809229038
1,130,4,"low","low",300,3000,-5,0.00669285092428486,0.0466666666666667,0.0333333333333333,0.06,1771,0.0463015245623941
1,131,4,"low","low",300,3000,-5,0.00669285092428486,0.046,0.0333333333333333,0.06,1763,0.0465116279069767
1,132,4,"low","low",300,3000,-5,0.00669285092428486,0.0446666666666667,0.0333333333333333,0.06,1759,0.046048891415577
1,133,4,"low","low",300,3000,-5,0.00669285092428486,0.045,0.0333333333333333,0.06,1757,0.0466704610130905
1,134,4,"low","low",300,3000,-5,0.00669285092428486,0.0433333333333333,0.03,0.06,1763,0.0436755530346001
1,135,4,"low","low",300,3000,-5,0.00669285092428486,0.0416666666666667,0.03,0.0533333333333333,1762,0.0425652667423383
1,136,4,"low","low",300,3000,-5,0.00669285092428486,0.0423333333333333,0.03,0.0533333333333333,1763,0.0436755530346001
1,137,4,"low","low",300,3000,-5,0.00669285092428486,0.0456666666666667,0.03,0.0666666666666667,1777,0.0467079347214406
1,138,4,"low","low",300,3000,-5,0.00669285092428486,0.0456666666666667,0.03,0.0666666666666667,1761,0.0459965928449744
1,139,4,"low","low",300,3000,-5,0.00669285092428486,0.0443333333333333,0.03,0.0666666666666667,1754,0.0450399087799316
1,140,4,"low","low",300,3000,-5,0.00669285092428486,0.047,0.03,0.0666666666666667,1764,0.0487528344671202
1,141,4,"low","low",300,3000,-5,0.00669285092428486,0.0456666666666667,0.03,0.0666666666666667,1743,0.0470453241537579
1,142,4,"low","low",300,3000,-5,0.00669285092428486,0.0436666666666667,0.0233333333333333,0.0666666666666667,1755,0.0438746438746439
1,143,4,"low","low",300,3000,-5,0.00669285092428486,0.043,0.0233333333333333,0.0666666666666667,1771,0.0423489553924337
1,144,4,"low","low",300,3000,-5,0.00669285092428486,0.0436666666666667,0.0233333333333333,0.0666666666666667,1779,0.044406970207982
1,145,4,"low","low",300,3000,-5,0.00669285092428486,0.0436666666666667,0.0233333333333333,0.0666666666666667,1773,0.0439932318104907
1,146,4,"low","low",300,3000,-5,0.00669285092428486,0.043,0.0233333333333333,0.0666666666666667,1771,0.0423489553924337
1,147,4,"low","low",300,3000,-5,0.00669285092428486,0.0423333333333333,0.0233333333333333,0.0633333333333333,1758,0.0398179749715586
1,148,4,"low","low",300,3000,-5,0.00669285092428486,0.0423333333333333,0.0233333333333333,0.0633333333333333,1754,0.0381984036488027
1,149,4,"low","low",300,3000,-5,0.00669285092428486,0.043,0.0233333333333333,0.0633333333333333,1765,0.0379603399433428
1,150,4,"low","low",300,3000,-5,0.00669285092428486,0.0413333333333333,0.0233333333333333,0.06,1778,0.0359955005624297
1,151,4,"low","low",300,3000,-5,0.00669285092428486,0.042,0.0233333333333333,0.06,1779,0.0354131534569983
1,152,4,"low","low",300,3000,-5,0.00669285092428486,0.0436666666666667,0.0366666666666667,0.06,1760,0.0369318181818182
1,153,4,"low","low",300,3000,-5,0.00669285092428486,0.045,0.0366666666666667,0.06,1774,0.0400225479143179
1,154,4,"low","low",300,3000,-5,0.00669285092428486,0.046,0.04,0.06,1780,0.0410112359550562
1,155,4,"low","low",300,3000,-5,0.00669285092428486,0.048,0.04,0.0633333333333333,1794,0.0440356744704571
1,156,4,"low","low",300,3000,-5,0.00669285092428486,0.0473333333333333,0.0333333333333333,0.0633333333333333,1791,0.0435510887772194
1,157,4,"low","low",300,3000,-5,0.00669285092428486,0.046,0.0333333333333333,0.0633333333333333,1823,0.0438837081733406
1,158,4,"low","low",300,3000,-5,0.00669285092428486,0.047,0.0333333333333333,0.0633333333333333,1833,0.0452809601745772
1,159,4,"low","low",300,3000,-5,0.00669285092428486,0.047,0.0333333333333333,0.0633333333333333,1839,0.0467645459488853
1,160,4,"low","low",300,3000,-5,0.00669285092428486,0.0446666666666667,0.0233333333333333,0.0633333333333333,1827,0.0437876299945265
1,161,4,"low","low",300,3000,-5,0.00669285092428486,0.0443333333333333,0.0233333333333333,0.0633333333333333,1847,0.0427720628045479
1,162,4,"low","low",300,3000,-5,0.00669285092428486,0.0426666666666667,0.0233333333333333,0.0633333333333333,1860,0.0413978494623656
1,163,4,"low","low",300,3000,-5,0.00669285092428486,0.0416666666666667,0.0233333333333333,0.0633333333333333,1853,0.0393955747436589
1,164,4,"low","low",300,3000,-5,0.00669285092428486,0.0393333333333333,0.0233333333333333,0.0633333333333333,1833,0.0365521003818876
1,165,4,"low","low",300,3000,-5,0.00669285092428486,0.0376666666666667,0.0233333333333333,0.05,1836,0.0343137254901961
1,166,4,"low","low",300,3000,-5,0.00669285092428486,0.0386666666666667,0.0233333333333333,0.05,1837,0.035383777898748
1,167,4,"low","low",300,3000,-5,0.00669285092428486,0.037,0.0233333333333333,0.05,1816,0.0346916299559471
1,168,4,"low","low",300,3000,-5,0.00669285092428486,0.036,0.0233333333333333,0.05,1807,0.0332042058660764
1,169,4,"low","low",300,3000,-5,0.00669285092428486,0.0386666666666667,0.0233333333333333,0.07,1804,0.0343680709534368
1,170,4,"low","low",300,3000,-5,0.00669285092428486,0.042,0.0233333333333333,0.07,1805,0.0354570637119114
1,171,4,"low","low",300,3000,-5,0.00669285092428486,0.042,0.0233333333333333,0.07,1782,0.037037037037037
1,172,4,"low","low",300,3000,-5,0.00669285092428486,0.044,0.0233333333333333,0.07,1770,0.0389830508474576
1,173,4,"low","low",300,3000,-5,0.00669285092428486,0.0413333333333333,0.0233333333333333,0.07,1760,0.0363636363636364
1,174,4,"low","low",300,3000,-5,0.00669285092428486,0.043,0.0233333333333333,0.07,1749,0.0377358490566038
1,175,4,"low","low",300,3000,-5,0.00669285092428486,0.043,0.0233333333333333,0.07,1754,0.0376282782212087
1,176,4,"low","low",300,3000,-5,0.00669285092428486,0.0426666666666667,0.0233333333333333,0.07,1751,0.0354083380925186
1,177,4,"low","low",300,3000,-5,0.00669285092428486,0.044,0.0233333333333333,0.07,1750,0.0354285714285714
1,178,4,"low","low",300,3000,-5,0.00669285092428486,0.0446666666666667,0.0233333333333333,0.07,1744,0.0349770642201835
1,179,4,"low","low",300,3000,-5,0.00669285092428486,0.0403333333333333,0.0233333333333333,0.0566666666666667,1730,0.0317919075144509
1,180,4,"low","low",300,3000,-5,0.00669285092428486,0.0393333333333333,0.0233333333333333,0.0466666666666667,1717,0.0326150262085032
1,181,4,"low","low",300,3000,-5,0.00669285092428486,0.0406666666666667,0.0233333333333333,0.05,1722,0.0331010452961672
1,182,4,"low","low",300,3000,-5,0.00669285092428486,0.0413333333333333,0.0233333333333333,0.05,1739,0.0350776308223117
1,183,4,"low","low",300,3000,-5,0.00669285092428486,0.042,0.0266666666666667,0.05,1745,0.0349570200573066
1,184,4,"low","low",300,3000,-5,0.00669285092428486,0.043,0.0266666666666667,0.05,1766,0.036806342015855
1,185,4,"low","low",300,3000,-5,0.00669285092428486,0.043,0.0266666666666667,0.05,1750,0.0377142857142857
1,186,4,"low","low",300,3000,-5,0.00669285092428486,0.0433333333333333,0.0266666666666667,0.05,1752,0.0416666666666667
1,187,4,"low","low",300,3000,-5,0.00669285092428486,0.043,0.0266666666666667,0.05,1753,0.0422133485453508
1,188,4,"low","low",300,3000,-5,0.00669285092428486,0.0426666666666667,0.0266666666666667,0.05,1756,0.0449886104783599
1,189,4,"low","low",300,3000,-5,0.00669285092428486,0.0446666666666667,0.03,0.05,1770,0.0457627118644068
1,190,4,"low","low",300,3000,-5,0.00669285092428486,0.0456666666666667,0.03,0.0566666666666667,1770,0.0451977401129944
1,191,4,"low","low",300,3000,-5,0.00669285092428486,0.0443333333333333,0.03,0.0566666666666667,1770,0.0451977401129944
1,192,4,"low","low",300,3000,-5,0.00669285092428486,0.0453333333333333,0.03,0.06,1770,0.0468926553672316
1,193,4,"low","low",300,3000,-5,0.00669285092428486,0.044,0.0166666666666667,0.06,1758,0.0472127417519909
1,194,4,"low","low",300,3000,-5,0.00669285092428486,0.0423333333333333,0.0166666666666667,0.06,1748,0.0440503432494279
1,195,4,"low","low",300,3000,-5,0.00669285092428486,0.041,0.0166666666666667,0.06,1747,0.04350314825415
1,196,4,"low","low",300,3000,-5,0.00669285092428486,0.0413333333333333,0.0166666666666667,0.06,1742,0.0430539609644087
1,197,4,"low","low",300,3000,-5,0.00669285092428486,0.041,0.0166666666666667,0.06,1743,0.0418818129661503
1,198,4,"low","low",300,3000,-5,0.00669285092428486,0.04,0.0166666666666667,0.06,1744,0.0407110091743119
1,199,4,"low","low",300,3000,-5,0.00669285092428486,0.0403333333333333,0.0166666666666667,0.06,1744,0.0395642201834862
1,200,4,"low","low",300,3000,-5,0.00669285092428486,0.038,0.0166666666666667,0.06,1762,0.0380249716231555
1,201,4,"low","low",300,3000,-5,0.00669285092428486,0.0383333333333333,0.0166666666666667,0.06,1765,0.0373937677053824
1,202,4,"low","low",300,3000,-5,0.00669285092428486,0.0383333333333333,0.0166666666666667,0.06,1738,0.0379746835443038
1,203,4,"low","low",300,3000,-5,0.00669285092428486,0.0416666666666667,0.0333333333333333,0.06,1754,0.0410490307867731
1,204,4,"low","low",300,3000,-5,0.00669285092428486,0.0423333333333333,0.0333333333333333,0.06,1765,0.0424929178470255
1,205,4,"low","low",300,3000,-5,0.00669285092428486,0.044,0.0333333333333333,0.06,1786,0.0425531914893617
1,206,4,"low","low",300,3000,-5,0.00669285092428486,0.0443333333333333,0.0333333333333333,0.06,1788,0.0425055928411633
1,207,4,"low","low",300,3000,-5,0.00669285092428486,0.0456666666666667,0.0333333333333333,0.06,1795,0.0434540389972145
1,208,4,"low","low",300,3000,-5,0.00669285092428486,0.0463333333333333,0.0333333333333333,0.06,1798,0.0444938820912125
1,209,4,"low","low",300,3000,-5,0.00669285092428486,0.0456666666666667,0.0333333333333333,0.06,1785,0.0459383753501401
1,210,4,"low","low",300,3000,-5,0.00669285092428486,0.0473333333333333,0.04,0.06,1786,0.0470324748040314
1,211,4,"low","low",300,3000,-5,0.00669285092428486,0.049,0.04,0.06,1808,0.0475663716814159
1,212,4,"low","low",300,3000,-5,0.00669285092428486,0.0476666666666667,0.04,0.0566666666666667,1809,0.0431177446102819
1,213,4,"low","low",300,3000,-5,0.00669285092428486,0.0473333333333333,0.04,0.0566666666666667,1798,0.0422691879866518
1,214,4,"low","low",300,3000,-5,0.00669285092428486,0.0463333333333333,0.03,0.0566666666666667,1786,0.0391937290033595
1,215,4,"low","low",300,3000,-5,0.00669285092428486,0.0456666666666667,0.03,0.0566666666666667,1768,0.039027149321267
1,216,4,"low","low",300,3000,-5,0.00669285092428486,0.0443333333333333,0.03,0.0566666666666667,1775,0.0366197183098592
1,217,4,"low","low",300,3000,-5,0.00669285092428486,0.042,0.0266666666666667,0.0566666666666667,1792,0.03515625
1,218,4,"low","low",300,3000,-5,0.00669285092428486,0.0423333333333333,0.0266666666666667,0.0566666666666667,1794,0.0340022296544036
1,219,4,"low","low",300,3000,-5,0.00669285092428486,0.041,0.0266666666666667,0.0566666666666667,1805,0.0332409972299169
1,220,4,"low","low",300,3000,-5,0.00669285092428486,0.0396666666666667,0.0266666666666667,0.0566666666666667,1797,0.0339454646633278
1,221,4,"low","low",300,3000,-5,0.00669285092428486,0.0383333333333333,0.0266666666666667,0.0466666666666667,1784,0.0341928251121076
1,222,4,"low","low",300,3000,-5,0.00669285092428486,0.0363333333333333,0.0266666666666667,0.0466666666666667,1820,0.032967032967033
1,223,4,"low","low",300,3000,-5,0.00669285092428486,0.0376666666666667,0.0266666666666667,0.06,1821,0.0334980779791323
1,224,4,"low","low",300,3000,-5,0.00669285092428486,0.0373333333333333,0.0266666666666667,0.06,1823,0.034009873834339
1,225,4,"low","low",300,3000,-5,0.00669285092428486,0.0356666666666667,0.0266666666666667,0.06,1827,0.0322933771209633
1,226,4,"low","low",300,3000,-5,0.00669285092428486,0.0336666666666667,0.0166666666666667,0.06,1825,0.0306849315068493
1,227,4,"low","low",300,3000,-5,0.00669285092428486,0.0353333333333333,0.0166666666666667,0.06,1803,0.0332778702163062
1,228,4,"low","low",300,3000,-5,0.00669285092428486,0.0353333333333333,0.0166666666666667,0.06,1810,0.0320441988950276
1,229,4,"low","low",300,3000,-5,0.00669285092428486,0.0346666666666667,0.0166666666666667,0.06,1804,0.0310421286031042
1,230,4,"low","low",300,3000,-5,0.00669285092428486,0.0373333333333333,0.0166666666666667,0.0633333333333333,1814,0.0330760749724366
1,231,4,"low","low",300,3000,-5,0.00669285092428486,0.0373333333333333,0.0166666666666667,0.0633333333333333,1816,0.0330396475770925
1,232,4,"low","low",300,3000,-5,0.00669285092428486,0.0393333333333333,0.0166666666666667,0.0633333333333333,1786,0.0352743561030235
1,233,4,"low","low",300,3000,-5,0.00669285092428486,0.0363333333333333,0.0166666666666667,0.0633333333333333,1775,0.0343661971830986
1,234,4,"low","low",300,3000,-5,0.00669285092428486,0.0373333333333333,0.0166666666666667,0.0633333333333333,1793,0.0368098159509202
1,235,4,"low","low",300,3000,-5,0.00669285092428486,0.0383333333333333,0.0166666666666667,0.0633333333333333,1794,0.036231884057971
1,236,4,"low","low",300,3000,-5,0.00669285092428486,0.041,0.0233333333333333,0.0633333333333333,1783,0.039820527201346
1,237,4,"low","low",300,3000,-5,0.00669285092428486,0.0413333333333333,0.0233333333333333,0.0633333333333333,1792,0.0390625
1,238,4,"low","low",300,3000,-5,0.00669285092428486,0.0413333333333333,0.0233333333333333,0.0633333333333333,1793,0.03792526491913
1,239,4,"low","low",300,3000,-5,0.00669285092428486,0.044,0.03,0.0633333333333333,1800,0.0411111111111111
1,240,4,"low","low",300,3000,-5,0.00669285092428486,0.0426666666666667,0.03,0.05,1788,0.0391498881431767
1,241,4,"low","low",300,3000,-5,0.00669285092428486,0.043,0.03,0.05,1786,0.0391937290033595
1,242,4,"low","low",300,3000,-5,0.00669285092428486,0.0413333333333333,0.03,0.05,1799,0.037798777098388
1,243,4,"low","low",300,3000,-5,0.00669285092428486,0.043,0.03,0.05,1817,0.0390753990093561
1,244,4,"low","low",300,3000,-5,0.00669285092428486,0.0423333333333333,0.03,0.05,1805,0.038781163434903
1,245,4,"low","low",300,3000,-5,0.00669285092428486,0.0443333333333333,0.03,0.0566666666666667,1799,0.0416898276820456
1,246,4,"low","low",300,3000,-5,0.00669285092428486,0.043,0.03,0.0566666666666667,1794,0.040133779264214
1,247,4,"low","low",300,3000,-5,0.00669285092428486,0.0436666666666667,0.03,0.0566666666666667,1776,0.0416666666666667
1,248,4,"low","low",300,3000,-5,0.00669285092428486,0.0423333333333333,0.03,0.0566666666666667,1775,0.0428169014084507
1,249,4,"low","low",300,3000,-5,0.00669285092428486,0.042,0.03,0.0566666666666667,1766,0.0413363533408834
1,250,4,"low","low",300,3000,-5,0.00669285092428486,0.041,0.03,0.0566666666666667,1772,0.0389390519187359
1,251,4,"low","low",300,3000,-5,0.00669285092428486,0.0406666666666667,0.03,0.0566666666666667,1750,0.0405714285714286
1,252,4,"low","low",300,3000,-5,0.00669285092428486,0.0426666666666667,0.03,0.0566666666666667,1743,0.0453241537578887
1,253,4,"low","low",300,3000,-5,0.00669285092428486,0.042,0.03,0.0566666666666667,1729,0.0445344129554656
1,254,4,"low","low",300,3000,-5,0.00669285092428486,0.0436666666666667,0.03,0.0566666666666667,1721,0.0464846019755956
1,255,4,"low","low",300,3000,-5,0.00669285092428486,0.041,0.03,0.0533333333333333,1736,0.0449308755760369
1,256,4,"low","low",300,3000,-5,0.00669285092428486,0.043,0.03,0.0533333333333333,1743,0.0464716006884682
1,257,4,"low","low",300,3000,-5,0.00669285092428486,0.0433333333333333,0.03,0.0566666666666667,1743,0.0453241537578887
1,258,4,"low","low",300,3000,-5,0.00669285092428486,0.0433333333333333,0.03,0.0566666666666667,1743,0.0453241537578887
1,259,4,"low","low",300,3000,-5,0.00669285092428486,0.043,0.03,0.0566666666666667,1745,0.0452722063037249
1,260,4,"low","low",300,3000,-5,0.00669285092428486,0.0443333333333333,0.03,0.0566666666666667,1723,0.0481717933836332
1,261,4,"low","low",300,3000,-5,0.00669285092428486,0.044,0.03,0.0566666666666667,1747,0.0457927876359473
1,262,4,"low","low",300,3000,-5,0.00669285092428486,0.0426666666666667,0.03,0.0566666666666667,1762,0.0431328036322361
1,263,4,"low","low",300,3000,-5,0.00669285092428486,0.043,0.03,0.0566666666666667,1777,0.0427687113111987
1,264,4,"low","low",300,3000,-5,0.00669285092428486,0.042,0.03,0.0566666666666667,1776,0.0422297297297297
1,265,4,"low","low",300,3000,-5,0.00669285092428486,0.0413333333333333,0.0233333333333333,0.0566666666666667,1765,0.0407932011331445
1,266,4,"low","low",300,3000,-5,0.00669285092428486,0.0396666666666667,0.0233333333333333,0.0566666666666667,1777,0.0399549803038829
1,267,4,"low","low",300,3000,-5,0.00669285092428486,0.036,0.02,0.0533333333333333,1796,0.0373051224944321
1,268,4,"low","low",300,3000,-5,0.00669285092428486,0.0393333333333333,0.02,0.0633333333333333,1782,0.0420875420875421
1,269,4,"low","low",300,3000,-5,0.00669285092428486,0.04,0.02,0.0633333333333333,1785,0.0431372549019608
1,270,4,"low","low",300,3000,-5,0.00669285092428486,0.0386666666666667,0.02,0.0633333333333333,1796,0.0406458797327394
1,271,4,"low","low",300,3000,-5,0.00669285092428486,0.0376666666666667,0.02,0.0633333333333333,1799,0.0383546414674819
1,272,4,"low","low",300,3000,-5,0.00669285092428486,0.0366666666666667,0.02,0.0633333333333333,1795,0.0362116991643454
1,273,4,"low","low",300,3000,-5,0.00669285092428486,0.0386666666666667,0.02,0.0633333333333333,1788,0.0374720357941834
1,274,4,"low","low",300,3000,-5,0.00669285092428486,0.041,0.02,0.0633333333333333,1792,0.0390625
1,275,4,"low","low",300,3000,-5,0.00669285092428486,0.041,0.02,0.0633333333333333,1788,0.0397091722595078
1,276,4,"low","low",300,3000,-5,0.00669285092428486,0.043,0.02,0.0633333333333333,1798,0.0417130144605117
1,277,4,"low","low",300,3000,-5,0.00669285092428486,0.0463333333333333,0.0233333333333333,0.0633333333333333,1792,0.0440848214285714
1,278,4,"low","low",300,3000,-5,0.00669285092428486,0.046,0.0233333333333333,0.0633333333333333,1800,0.0422222222222222
1,279,4,"low","low",300,3000,-5,0.00669285092428486,0.0453333333333333,0.0233333333333333,0.0633333333333333,1773,0.0417371686407219
1,280,4,"low","low",300,3000,-5,0.00669285092428486,0.0463333333333333,0.0233333333333333,0.0633333333333333,1777,0.0438942037141249
1,281,4,"low","low",300,3000,-5,0.00669285092428486,0.049,0.0233333333333333,0.0633333333333333,1770,0.0480225988700565
1,282,4,"low","low",300,3000,-5,0.00669285092428486,0.0516666666666667,0.0233333333333333,0.0633333333333333,1768,0.0503393665158371
1,283,4,"low","low",300,3000,-5,0.00669285092428486,0.05,0.0233333333333333,0.06,1766,0.0486976217440544
1,284,4,"low","low",300,3000,-5,0.00669285092428486,0.0463333333333333,0.0233333333333333,0.06,1759,0.0437748720864127
1,285,4,"low","low",300,3000,-5,0.00669285092428486,0.049,0.0233333333333333,0.06,1762,0.0454029511918275
1,286,4,"low","low",300,3000,-5,0.00669285092428486,0.047,0.0233333333333333,0.06,1746,0.0412371134020619
1,287,4,"low","low",300,3000,-5,0.00669285092428486,0.0453333333333333,0.0233333333333333,0.06,1746,0.0395189003436426
1,288,4,"low","low",300,3000,-5,0.00669285092428486,0.0476666666666667,0.0233333333333333,0.0833333333333333,1750,0.0411428571428571
1,289,4,"low","low",300,3000,-5,0.00669285092428486,0.0483333333333333,0.0233333333333333,0.0833333333333333,1787,0.04252937884723
1,290,4,"low","low",300,3000,-5,0.00669285092428486,0.0476666666666667,0.0233333333333333,0.0833333333333333,1796,0.0417594654788419
1,291,4,"low","low",300,3000,-5,0.00669285092428486,0.045,0.0233333333333333,0.0833333333333333,1801,0.0394225430316491
1,292,4,"low","low",300,3000,-5,0.00669285092428486,0.0426666666666667,0.0233333333333333,0.0833333333333333,1790,0.0374301675977654
1,293,4,"low","low",300,3000,-5,0.00669285092428486,0.042,0.0233333333333333,0.0833333333333333,1801,0.0383120488617435
1,294,4,"low","low",300,3000,-5,0.00669285092428486,0.042,0.0233333333333333,0.0833333333333333,1805,0.0398891966759003
1,295,4,"low","low",300,3000,-5,0.00669285092428486,0.0403333333333333,0.0233333333333333,0.0833333333333333,1805,0.0393351800554017
1,296,4,"low","low",300,3000,-5,0.00669285092428486,0.0406666666666667,0.0233333333333333,0.0833333333333333,1808,0.0414823008849558
1,297,4,"low","low",300,3000,-5,0.00669285092428486,0.039,0.02,0.0833333333333333,1809,0.0403537866224433
1,298,4,"low","low",300,3000,-5,0.00669285092428486,0.035,0.02,0.05,1817,0.0379746835443038
1,299,4,"low","low",300,3000,-5,0.00669285092428486,0.0336666666666667,0.02,0.0433333333333333,1808,0.0337389380530973
1,300,4,"low","low",300,3000,-5,0.00669285092428486,0.0333333333333333,0.02,0.0433333333333333,1799,0.0344635908838243
2,1,6,"low","low",300,3000,-5,0.00669285092428486,0.051,0.03,0.0766666666666667,1457,0.0487302676733013
2,2,6,"low","low",300,3000,-5,0.00669285092428486,0.049,0.03,0.0766666666666667,1455,0.0481099656357388
2,3,6,"low","low",300,3000,-5,0.00669285092428486,0.046,0.03,0.0766666666666667,1444,0.046398891966759
2,4,6,"low","low",300,3000,-5,0.00669285092428486,0.0466666666666667,0.0333333333333333,0.0766666666666667,1424,0.0449438202247191
2,5,6,"low","low",300,3000,-5,0.00669285092428486,0.0453333333333333,0.0333333333333333,0.0633333333333333,1409,0.0454222853087296
2,6,6,"low","low",300,3000,-5,0.00669285092428486,0.0493333333333333,0.0333333333333333,0.0733333333333333,1426,0.0532959326788219
2,7,6,"low","low",300,3000,-5,0.00669285092428486,0.047,0.03,0.0733333333333333,1426,0.0504908835904628
2,8,6,"low","low",300,3000,-5,0.00669285092428486,0.049,0.03,0.0733333333333333,1405,0.0498220640569395
2,9,6,"low","low",300,3000,-5,0.00669285092428486,0.0506666666666667,0.03,0.0733333333333333,1423,0.0491918482080112
2,10,6,"low","low",300,3000,-5,0.00669285092428486,0.0523333333333333,0.03,0.0766666666666667,1412,0.0495750708215297
2,11,6,"low","low",300,3000,-5,0.00669285092428486,0.0543333333333333,0.03,0.0766666666666667,1412,0.051699716713881
2,12,6,"low","low",300,3000,-5,0.00669285092428486,0.0556666666666667,0.03,0.0766666666666667,1392,0.0531609195402299
2,13,6,"low","low",300,3000,-5,0.00669285092428486,0.0566666666666667,0.03,0.0766666666666667,1407,0.0540156361051883
2,14,6,"low","low",300,3000,-5,0.00669285092428486,0.0576666666666667,0.03,0.0766666666666667,1410,0.0588652482269504
2,15,6,"low","low",300,3000,-5,0.00669285092428486,0.057,0.03,0.0766666666666667,1418,0.0535966149506347
2,16,6,"low","low",300,3000,-5,0.00669285092428486,0.0553333333333333,0.03,0.0766666666666667,1410,0.0539007092198582
2,17,6,"low","low",300,3000,-5,0.00669285092428486,0.056,0.0366666666666667,0.0766666666666667,1412,0.0538243626062323
2,18,6,"low","low",300,3000,-5,0.00669285092428486,0.054,0.0366666666666667,0.0766666666666667,1432,0.0523743016759777
2,19,6,"low","low",300,3000,-5,0.00669285092428486,0.0563333333333333,0.0366666666666667,0.0833333333333333,1413,0.0587402689313517
2,20,6,"low","low",300,3000,-5,0.00669285092428486,0.054,0.0366666666666667,0.0833333333333333,1410,0.0581560283687943
2,21,6,"low","low",300,3000,-5,0.00669285092428486,0.0526666666666667,0.0366666666666667,0.0833333333333333,1437,0.0570633263743911
2,22,6,"low","low",300,3000,-5,0.00669285092428486,0.0513333333333333,0.0366666666666667,0.0833333333333333,1474,0.05359565807327
2,23,6,"low","low",300,3000,-5,0.00669285092428486,0.05,0.0366666666666667,0.0833333333333333,1475,0.0515254237288136
2,24,6,"low","low",300,3000,-5,0.00669285092428486,0.0486666666666667,0.0333333333333333,0.0833333333333333,1481,0.0506414584740041
2,25,6,"low","low",300,3000,-5,0.00669285092428486,0.0473333333333333,0.0333333333333333,0.0833333333333333,1484,0.0512129380053908
2,26,6,"low","low",300,3000,-5,0.00669285092428486,0.045,0.0333333333333333,0.0833333333333333,1489,0.0456682337139019
2,27,6,"low","low",300,3000,-5,0.00669285092428486,0.0473333333333333,0.0333333333333333,0.0833333333333333,1493,0.0502344273275285
2,28,6,"low","low",300,3000,-5,0.00669285092428486,0.047,0.0333333333333333,0.0833333333333333,1474,0.0495251017639077
2,29,6,"low","low",300,3000,-5,0.00669285092428486,0.047,0.0333333333333333,0.0833333333333333,1472,0.046195652173913
2,30,6,"low","low",300,3000,-5,0.00669285092428486,0.0466666666666667,0.0333333333333333,0.0833333333333333,1469,0.0442477876106195
2,31,6,"low","low",300,3000,-5,0.00669285092428486,0.05,0.0333333333333333,0.0833333333333333,1448,0.0462707182320442
2,32,6,"low","low",300,3000,-5,0.00669285092428486,0.051,0.0333333333333333,0.0833333333333333,1440,0.0479166666666667
2,33,6,"low","low",300,3000,-5,0.00669285092428486,0.051,0.0333333333333333,0.0833333333333333,1425,0.0484210526315789
2,34,6,"low","low",300,3000,-5,0.00669285092428486,0.054,0.0333333333333333,0.0833333333333333,1422,0.049929676511955
2,35,6,"low","low",300,3000,-5,0.00669285092428486,0.0553333333333333,0.0333333333333333,0.0833333333333333,1430,0.0517482517482517
2,36,6,"low","low",300,3000,-5,0.00669285092428486,0.0583333333333333,0.0366666666666667,0.0833333333333333,1435,0.0543554006968641
2,37,6,"low","low",300,3000,-5,0.00669285092428486,0.0586666666666667,0.0366666666666667,0.0833333333333333,1426,0.0525946704067321
2,38,6,"low","low",300,3000,-5,0.00669285092428486,0.06,0.04,0.0833333333333333,1431,0.0566037735849057
2,39,6,"low","low",300,3000,-5,0.00669285092428486,0.0603333333333333,0.04,0.0866666666666667,1432,0.0565642458100559
2,40,6,"low","low",300,3000,-5,0.00669285092428486,0.0603333333333333,0.04,0.0866666666666667,1442,0.0554785020804438
2,41,6,"low","low",300,3000,-5,0.00669285092428486,0.0573333333333333,0.04,0.0866666666666667,1444,0.054016620498615
2,42,6,"low","low",300,3000,-5,0.00669285092428486,0.0573333333333333,0.04,0.0866666666666667,1427,0.0532585844428872
2,43,6,"low","low",300,3000,-5,0.00669285092428486,0.0593333333333333,0.0433333333333333,0.0866666666666667,1419,0.0542635658914729
2,44,6,"low","low",300,3000,-5,0.00669285092428486,0.0576666666666667,0.0433333333333333,0.0866666666666667,1421,0.0506685432793807
2,45,6,"low","low",300,3000,-5,0.00669285092428486,0.0553333333333333,0.0333333333333333,0.0866666666666667,1406,0.0497866287339972
2,46,6,"low","low",300,3000,-5,0.00669285092428486,0.0566666666666667,0.0333333333333333,0.0866666666666667,1394,0.0502152080344333
2,47,6,"low","low",300,3000,-5,0.00669285092428486,0.0546666666666667,0.0333333333333333,0.0866666666666667,1405,0.0498220640569395
2,48,6,"low","low",300,3000,-5,0.00669285092428486,0.054,0.0333333333333333,0.0866666666666667,1396,0.0479942693409742
2,49,6,"low","low",300,3000,-5,0.00669285092428486,0.05,0.0333333333333333,0.0766666666666667,1391,0.0460100647016535
2,50,6,"low","low",300,3000,-5,0.00669285092428486,0.05,0.0333333333333333,0.0766666666666667,1373,0.0466132556445739
2,51,6,"low","low",300,3000,-5,0.00669285092428486,0.05,0.0333333333333333,0.0766666666666667,1371,0.0452224653537564
2,52,6,"low","low",300,3000,-5,0.00669285092428486,0.049,0.0333333333333333,0.0766666666666667,1397,0.047244094488189
2,53,6,"low","low",300,3000,-5,0.00669285092428486,0.0486666666666667,0.0333333333333333,0.0766666666666667,1408,0.046875
2,54,6,"low","low",300,3000,-5,0.00669285092428486,0.0483333333333333,0.0333333333333333,0.0766666666666667,1408,0.0475852272727273
2,55,6,"low","low",300,3000,-5,0.00669285092428486,0.051,0.0433333333333333,0.0766666666666667,1416,0.0508474576271186
2,56,6,"low","low",300,3000,-5,0.00669285092428486,0.0496666666666667,0.0433333333333333,0.0633333333333333,1417,0.0522230063514467
2,57,6,"low","low",300,3000,-5,0.00669285092428486,0.0516666666666667,0.0433333333333333,0.0633333333333333,1400,0.0542857142857143
2,58,6,"low","low",300,3000,-5,0.00669285092428486,0.0523333333333333,0.0433333333333333,0.0633333333333333,1418,0.0571227080394922
2,59,6,"low","low",300,3000,-5,0.00669285092428486,0.0543333333333333,0.0433333333333333,0.0666666666666667,1433,0.0600139567341242
2,60,6,"low","low",300,3000,-5,0.00669285092428486,0.0553333333333333,0.0433333333333333,0.0666666666666667,1448,0.0607734806629834
2,61,6,"low","low",300,3000,-5,0.00669285092428486,0.054,0.03,0.0666666666666667,1451,0.0634045485871813
2,62,6,"low","low",300,3000,-5,0.00669285092428486,0.053,0.03,0.0666666666666667,1442,0.0624133148404993
2,63,6,"low","low",300,3000,-5,0.00669285092428486,0.053,0.03,0.0666666666666667,1436,0.064066852367688
2,64,6,"low","low",300,3000,-5,0.00669285092428486,0.053,0.03,0.0666666666666667,1440,0.0652777777777778
2,65,6,"low","low",300,3000,-5,0.00669285092428486,0.0543333333333333,0.03,0.0733333333333333,1455,0.065979381443299
2,66,6,"low","low",300,3000,-5,0.00669285092428486,0.053,0.03,0.0733333333333333,1463,0.0628844839371155
2,67,6,"low","low",300,3000,-5,0.00669285092428486,0.0496666666666667,0.03,0.0733333333333333,1482,0.0566801619433198
2,68,6,"low","low",300,3000,-5,0.00669285092428486,0.0486666666666667,0.03,0.0733333333333333,1494,0.0548862115127175
2,69,6,"low","low",300,3000,-5,0.00669285092428486,0.0466666666666667,0.03,0.0733333333333333,1502,0.0492676431424767
2,70,6,"low","low",300,3000,-5,0.00669285092428486,0.0463333333333333,0.03,0.0733333333333333,1501,0.0499666888740839
2,71,6,"low","low",300,3000,-5,0.00669285092428486,0.0516666666666667,0.03,0.0833333333333333,1500,0.0553333333333333
2,72,6,"low","low",300,3000,-5,0.00669285092428486,0.0563333333333333,0.03,0.0833333333333333,1498,0.0594125500667557
2,73,6,"low","low",300,3000,-5,0.00669285092428486,0.0533333333333333,0.0266666666666667,0.0833333333333333,1503,0.0552228875582169
2,74,6,"low","low",300,3000,-5,0.00669285092428486,0.0536666666666667,0.0266666666666667,0.0833333333333333,1512,0.0522486772486772
2,75,6,"low","low",300,3000,-5,0.00669285092428486,0.0503333333333333,0.0266666666666667,0.0833333333333333,1517,0.0487804878048781
2,76,6,"low","low",300,3000,-5,0.00669285092428486,0.0523333333333333,0.0266666666666667,0.0833333333333333,1524,0.0498687664041995
2,77,6,"low","low",300,3000,-5,0.00669285092428486,0.0553333333333333,0.0266666666666667,0.0833333333333333,1517,0.0553724456163481
2,78,6,"low","low",300,3000,-5,0.00669285092428486,0.0566666666666667,0.0266666666666667,0.0833333333333333,1492,0.0556300268096515
2,79,6,"low","low",300,3000,-5,0.00669285092428486,0.0563333333333333,0.0266666666666667,0.0833333333333333,1477,0.0575490859851049
2,80,6,"low","low",300,3000,-5,0.00669285092428486,0.056,0.0266666666666667,0.0833333333333333,1479,0.0567951318458418
2,81,6,"low","low",300,3000,-5,0.00669285092428486,0.052,0.0266666666666667,0.0833333333333333,1480,0.0493243243243243
2,82,6,"low","low",300,3000,-5,0.00669285092428486,0.048,0.0266666666666667,0.07,1468,0.0442779291553134
2,83,6,"low","low",300,3000,-5,0.00669285092428486,0.0523333333333333,0.04,0.07,1485,0.0498316498316498
2,84,6,"low","low",300,3000,-5,0.00669285092428486,0.053,0.04,0.07,1482,0.0539811066126856
2,85,6,"low","low",300,3000,-5,0.00669285092428486,0.0546666666666667,0.0433333333333333,0.07,1456,0.0542582417582418
2,86,6,"low","low",300,3000,-5,0.00669285092428486,0.053,0.0433333333333333,0.07,1436,0.0536211699164345
2,87,6,"low","low",300,3000,-5,0.00669285092428486,0.0513333333333333,0.0433333333333333,0.07,1435,0.0501742160278746
2,88,6,"low","low",300,3000,-5,0.00669285092428486,0.0506666666666667,0.0433333333333333,0.07,1449,0.0483091787439614
2,89,6,"low","low",300,3000,-5,0.00669285092428486,0.0526666666666667,0.0433333333333333,0.07,1452,0.0523415977961433
2,90,6,"low","low",300,3000,-5,0.00669285092428486,0.052,0.0433333333333333,0.07,1437,0.0508002783576896
2,91,6,"low","low",300,3000,-5,0.00669285092428486,0.053,0.0433333333333333,0.07,1452,0.0557851239669422
2,92,6,"low","low",300,3000,-5,0.00669285092428486,0.054,0.0433333333333333,0.07,1460,0.0582191780821918
2,93,6,"low","low",300,3000,-5,0.00669285092428486,0.0493333333333333,0.0233333333333333,0.0633333333333333,1449,0.0538302277432712
2,94,6,"low","low",300,3000,-5,0.00669285092428486,0.048,0.0233333333333333,0.0633333333333333,1432,0.0516759776536313
2,95,6,"low","low",300,3000,-5,0.00669285092428486,0.046,0.0233333333333333,0.0633333333333333,1426,0.0518934081346424
2,96,6,"low","low",300,3000,-5,0.00669285092428486,0.045,0.0233333333333333,0.0633333333333333,1445,0.0505190311418685
2,97,6,"low","low",300,3000,-5,0.00669285092428486,0.047,0.0233333333333333,0.0633333333333333,1438,0.0549374130737135
2,98,6,"low","low",300,3000,-5,0.00669285092428486,0.0483333333333333,0.0233333333333333,0.0633333333333333,1440,0.0569444444444444
2,99,6,"low","low",300,3000,-5,0.00669285092428486,0.048,0.0233333333333333,0.0633333333333333,1447,0.0525224602626123
2,100,6,"low","low",300,3000,-5,0.00669285092428486,0.048,0.0233333333333333,0.0633333333333333,1455,0.052233676975945
2,101,6,"low","low",300,3000,-5,0.00669285092428486,0.0466666666666667,0.0233333333333333,0.0633333333333333,1442,0.0471567267683773
2,102,6,"low","low",300,3000,-5,0.00669285092428486,0.047,0.0233333333333333,0.0633333333333333,1443,0.0436590436590437
2,103,6,"low","low",300,3000,-5,0.00669285092428486,0.048,0.0333333333333333,0.0633333333333333,1440,0.0423611111111111
2,104,6,"low","low",300,3000,-5,0.00669285092428486,0.0486666666666667,0.0333333333333333,0.0633333333333333,1448,0.0448895027624309
2,105,6,"low","low",300,3000,-5,0.00669285092428486,0.051,0.0333333333333333,0.0633333333333333,1468,0.0442779291553134
2,106,6,"low","low",300,3000,-5,0.00669285092428486,0.052,0.0333333333333333,0.0633333333333333,1448,0.0441988950276243
2,107,6,"low","low",300,3000,-5,0.00669285092428486,0.051,0.0333333333333333,0.06,1450,0.0427586206896552
2,108,6,"low","low",300,3000,-5,0.00669285092428486,0.0523333333333333,0.0333333333333333,0.0733333333333333,1452,0.0420110192837466
2,109,6,"low","low",300,3000,-5,0.00669285092428486,0.054,0.0333333333333333,0.0766666666666667,1452,0.0461432506887052
2,110,6,"low","low",300,3000,-5,0.00669285092428486,0.0553333333333333,0.0333333333333333,0.0766666666666667,1459,0.0507196710075394
2,111,6,"low","low",300,3000,-5,0.00669285092428486,0.0553333333333333,0.0333333333333333,0.0766666666666667,1460,0.0506849315068493
2,112,6,"low","low",300,3000,-5,0.00669285092428486,0.0536666666666667,0.0333333333333333,0.0766666666666667,1459,0.0493488690884167
2,113,6,"low","low",300,3000,-5,0.00669285092428486,0.056,0.04,0.0766666666666667,1458,0.0521262002743484
2,114,6,"low","low",300,3000,-5,0.00669285092428486,0.0556666666666667,0.04,0.0766666666666667,1453,0.0495526496902959
2,115,6,"low","low",300,3000,-5,0.00669285092428486,0.0526666666666667,0.03,0.0766666666666667,1448,0.0511049723756906
2,116,6,"low","low",300,3000,-5,0.00669285092428486,0.052,0.03,0.0766666666666667,1449,0.0538302277432712
2,117,6,"low","low",300,3000,-5,0.00669285092428486,0.0516666666666667,0.03,0.0766666666666667,1465,0.0525597269624573
2,118,6,"low","low",300,3000,-5,0.00669285092428486,0.0506666666666667,0.03,0.0766666666666667,1454,0.0543328748280605
2,119,6,"low","low",300,3000,-5,0.00669285092428486,0.0473333333333333,0.03,0.0633333333333333,1444,0.0519390581717451
2,120,6,"low","low",300,3000,-5,0.00669285092428486,0.0476666666666667,0.03,0.0633333333333333,1422,0.0520393811533052
2,121,6,"low","low",300,3000,-5,0.00669285092428486,0.048,0.03,0.0633333333333333,1419,0.0521494009866103
2,122,6,"low","low",300,3000,-5,0.00669285092428486,0.051,0.03,0.07,1442,0.0561719833564494
2,123,6,"low","low",300,3000,-5,0.00669285092428486,0.0506666666666667,0.03,0.07,1446,0.0580912863070539
2,124,6,"low","low",300,3000,-5,0.00669285092428486,0.051,0.03,0.07,1444,0.0609418282548476
2,125,6,"low","low",300,3000,-5,0.00669285092428486,0.053,0.0433333333333333,0.07,1451,0.0613370089593384
2,126,6,"low","low",300,3000,-5,0.00669285092428486,0.0543333333333333,0.0433333333333333,0.07,1447,0.0608154803040774
2,127,6,"low","low",300,3000,-5,0.00669285092428486,0.0553333333333333,0.0433333333333333,0.07,1431,0.0600978336827393
2,128,6,"low","low",300,3000,-5,0.00669285092428486,0.0563333333333333,0.0433333333333333,0.0733333333333333,1437,0.0619345859429367
2,129,6,"low","low",300,3000,-5,0.00669285092428486,0.0556666666666667,0.0366666666666667,0.0733333333333333,1446,0.0594744121715076
2,130,6,"low","low",300,3000,-5,0.00669285092428486,0.0526666666666667,0.0333333333333333,0.0733333333333333,1473,0.0563475899524779
2,131,6,"low","low",300,3000,-5,0.00669285092428486,0.053,0.0333333333333333,0.0733333333333333,1477,0.0568720379146919
2,132,6,"low","low",300,3000,-5,0.00669285092428486,0.052,0.0333333333333333,0.0733333333333333,1458,0.0569272976680384
2,133,6,"low","low",300,3000,-5,0.00669285092428486,0.0516666666666667,0.0333333333333333,0.0733333333333333,1463,0.0546821599453178
2,134,6,"low","low",300,3000,-5,0.00669285092428486,0.0516666666666667,0.0333333333333333,0.0733333333333333,1471,0.0543847722637661
2,135,6,"low","low",300,3000,-5,0.00669285092428486,0.051,0.0333333333333333,0.0733333333333333,1461,0.054072553045859
2,136,6,"low","low",300,3000,-5,0.00669285092428486,0.0496666666666667,0.0333333333333333,0.0733333333333333,1473,0.0509164969450102
2,137,6,"low","low",300,3000,-5,0.00669285092428486,0.0486666666666667,0.0333333333333333,0.0733333333333333,1477,0.0528097494922139
2,138,6,"low","low",300,3000,-5,0.00669285092428486,0.0456666666666667,0.0333333333333333,0.06,1465,0.0498293515358362
2,139,6,"low","low",300,3000,-5,0.00669285092428486,0.0483333333333333,0.0333333333333333,0.0633333333333333,1463,0.0533151059466849
2,140,6,"low","low",300,3000,-5,0.00669285092428486,0.0486666666666667,0.0366666666666667,0.0633333333333333,1467,0.0511247443762781
2,141,6,"low","low",300,3000,-5,0.00669285092428486,0.0483333333333333,0.0366666666666667,0.0633333333333333,1467,0.0524880708929789
2,142,6,"low","low",300,3000,-5,0.00669285092428486,0.046,0.0366666666666667,0.0633333333333333,1491,0.0489604292421194
2,143,6,"low","low",300,3000,-5,0.00669285092428486,0.047,0.0366666666666667,0.0633333333333333,1483,0.052596089008766
2,144,6,"low","low",300,3000,-5,0.00669285092428486,0.0493333333333333,0.0366666666666667,0.07,1481,0.0540175557056043
2,145,6,"low","low",300,3000,-5,0.00669285092428486,0.0496666666666667,0.0366666666666667,0.07,1484,0.0518867924528302
2,146,6,"low","low",300,3000,-5,0.00669285092428486,0.0496666666666667,0.0366666666666667,0.07,1472,0.0536684782608696
2,147,6,"low","low",300,3000,-5,0.00669285092428486,0.0516666666666667,0.0366666666666667,0.07,1470,0.0551020408163265
2,148,6,"low","low",300,3000,-5,0.00669285092428486,0.052,0.0366666666666667,0.07,1485,0.0531986531986532
2,149,6,"low","low",300,3000,-5,0.00669285092428486,0.0533333333333333,0.0366666666666667,0.0766666666666667,1476,0.0548780487804878
2,150,6,"low","low",300,3000,-5,0.00669285092428486,0.0543333333333333,0.0366666666666667,0.0766666666666667,1476,0.0575880758807588
2,151,6,"low","low",300,3000,-5,0.00669285092428486,0.0546666666666667,0.0366666666666667,0.0766666666666667,1474,0.0569877883310719
2,152,6,"low","low",300,3000,-5,0.00669285092428486,0.0566666666666667,0.0466666666666667,0.0766666666666667,1444,0.0602493074792244
2,153,6,"low","low",300,3000,-5,0.00669285092428486,0.0566666666666667,0.0466666666666667,0.0766666666666667,1441,0.058292852185982
2,154,6,"low","low",300,3000,-5,0.00669285092428486,0.0546666666666667,0.0466666666666667,0.0766666666666667,1439,0.0555941626129256
2,155,6,"low","low",300,3000,-5,0.00669285092428486,0.0573333333333333,0.0466666666666667,0.0766666666666667,1435,0.0613240418118467
2,156,6,"low","low",300,3000,-5,0.00669285092428486,0.058,0.0466666666666667,0.0766666666666667,1457,0.0610844200411805
2,157,6,"low","low",300,3000,-5,0.00669285092428486,0.054,0.03,0.0766666666666667,1451,0.0558235699517574
2,158,6,"low","low",300,3000,-5,0.00669285092428486,0.0533333333333333,0.03,0.0766666666666667,1457,0.0555936856554564
2,159,6,"low","low",300,3000,-5,0.00669285092428486,0.05,0.03,0.0733333333333333,1471,0.0503059143439837
2,160,6,"low","low",300,3000,-5,0.00669285092428486,0.0483333333333333,0.03,0.0733333333333333,1451,0.0475534114403859
2,161,6,"low","low",300,3000,-5,0.00669285092428486,0.0476666666666667,0.03,0.0733333333333333,1464,0.0471311475409836
2,162,6,"low","low",300,3000,-5,0.00669285092428486,0.0456666666666667,0.03,0.0733333333333333,1476,0.046070460704607
2,163,6,"low","low",300,3000,-5,0.00669285092428486,0.0456666666666667,0.03,0.0733333333333333,1478,0.0487144790257104
2,164,6,"low","low",300,3000,-5,0.00669285092428486,0.0446666666666667,0.03,0.0733333333333333,1478,0.0480378890392422
2,165,6,"low","low",300,3000,-5,0.00669285092428486,0.042,0.03,0.06,1466,0.0450204638472033
2,166,6,"low","low",300,3000,-5,0.00669285092428486,0.0423333333333333,0.03,0.06,1468,0.0463215258855586
2,167,6,"low","low",300,3000,-5,0.00669285092428486,0.0443333333333333,0.03,0.06,1485,0.0498316498316498
2,168,6,"low","low",300,3000,-5,0.00669285092428486,0.0453333333333333,0.03,0.06,1468,0.0497275204359673
2,169,6,"low","low",300,3000,-5,0.00669285092428486,0.0466666666666667,0.03,0.06,1472,0.0523097826086957
2,170,6,"low","low",300,3000,-5,0.00669285092428486,0.0476666666666667,0.0366666666666667,0.06,1485,0.0538720538720539
2,171,6,"low","low",300,3000,-5,0.00669285092428486,0.0493333333333333,0.0366666666666667,0.06,1463,0.0580997949419002
2,172,6,"low","low",300,3000,-5,0.00669285092428486,0.053,0.04,0.0733333333333333,1466,0.0620736698499318
2,173,6,"low","low",300,3000,-5,0.00669285092428486,0.05,0.03,0.0733333333333333,1454,0.0577716643741403
2,174,6,"low","low",300,3000,-5,0.00669285092428486,0.0496666666666667,0.03,0.0733333333333333,1456,0.0570054945054945
2,175,6,"low","low",300,3000,-5,0.00669285092428486,0.0486666666666667,0.03,0.0733333333333333,1464,0.0560109289617486
2,176,6,"low","low",300,3000,-5,0.00669285092428486,0.0483333333333333,0.03,0.0733333333333333,1458,0.056241426611797
2,177,6,"low","low",300,3000,-5,0.00669285092428486,0.0493333333333333,0.03,0.0733333333333333,1449,0.0565907522429262
2,178,6,"low","low",300,3000,-5,0.00669285092428486,0.049,0.03,0.0733333333333333,1456,0.0570054945054945
2,179,6,"low","low",300,3000,-5,0.00669285092428486,0.0483333333333333,0.03,0.0733333333333333,1447,0.0559778852798894
2,180,6,"low","low",300,3000,-5,0.00669285092428486,0.0513333333333333,0.03,0.0733333333333333,1443,0.0561330561330561
2,181,6,"low","low",300,3000,-5,0.00669285092428486,0.049,0.03,0.0733333333333333,1475,0.0508474576271186
2,182,6,"low","low",300,3000,-5,0.00669285092428486,0.0463333333333333,0.03,0.07,1460,0.0465753424657534
2,183,6,"low","low",300,3000,-5,0.00669285092428486,0.049,0.0333333333333333,0.07,1475,0.0501694915254237
2,184,6,"low","low",300,3000,-5,0.00669285092428486,0.049,0.0333333333333333,0.07,1477,0.049424509140149
2,185,6,"low","low",300,3000,-5,0.00669285092428486,0.0516666666666667,0.0333333333333333,0.07,1486,0.0504710632570659
2,186,6,"low","low",300,3000,-5,0.00669285092428486,0.0513333333333333,0.0333333333333333,0.07,1481,0.0486158001350439
2,187,6,"low","low",300,3000,-5,0.00669285092428486,0.0503333333333333,0.0333333333333333,0.07,1481,0.0479405806887238
2,188,6,"low","low",300,3000,-5,0.00669285092428486,0.05,0.0333333333333333,0.07,1494,0.0481927710843374
2,189,6,"low","low",300,3000,-5,0.00669285092428486,0.0503333333333333,0.0333333333333333,0.07,1494,0.0495314591700134
2,190,6,"low","low",300,3000,-5,0.00669285092428486,0.0496666666666667,0.0333333333333333,0.0633333333333333,1478,0.0527740189445196
2,191,6,"low","low",300,3000,-5,0.00669285092428486,0.0516666666666667,0.0366666666666667,0.0633333333333333,1453,0.0543702684101858
2,192,6,"low","low",300,3000,-5,0.00669285092428486,0.053,0.0366666666666667,0.0633333333333333,1471,0.0564242012236574
2,193,6,"low","low",300,3000,-5,0.00669285092428486,0.0516666666666667,0.0366666666666667,0.0633333333333333,1452,0.0523415977961433
2,194,6,"low","low",300,3000,-5,0.00669285092428486,0.0533333333333333,0.0433333333333333,0.0633333333333333,1453,0.0557467309015829
2,195,6,"low","low",300,3000,-5,0.00669285092428486,0.0526666666666667,0.0433333333333333,0.0633333333333333,1436,0.0564066852367688
2,196,6,"low","low",300,3000,-5,0.00669285092428486,0.0513333333333333,0.0366666666666667,0.0633333333333333,1436,0.0557103064066852
2,197,6,"low","low",300,3000,-5,0.00669285092428486,0.049,0.0266666666666667,0.0633333333333333,1423,0.0548137737174982
2,198,6,"low","low",300,3000,-5,0.00669285092428486,0.049,0.0266666666666667,0.0633333333333333,1422,0.0541490857946554
2,199,6,"low","low",300,3000,-5,0.00669285092428486,0.0506666666666667,0.0266666666666667,0.07,1418,0.0535966149506347
2,200,6,"low","low",300,3000,-5,0.00669285092428486,0.0503333333333333,0.0266666666666667,0.07,1436,0.0487465181058496
2,201,6,"low","low",300,3000,-5,0.00669285092428486,0.0516666666666667,0.0266666666666667,0.07,1446,0.0511756569847856
2,202,6,"low","low",300,3000,-5,0.00669285092428486,0.0503333333333333,0.0266666666666667,0.07,1426,0.0497896213183731
2,203,6,"low","low",300,3000,-5,0.00669285092428486,0.0533333333333333,0.0266666666666667,0.0733333333333333,1439,0.0548992355802641
2,204,6,"low","low",300,3000,-5,0.00669285092428486,0.0536666666666667,0.0266666666666667,0.0733333333333333,1435,0.0550522648083624
2,205,6,"low","low",300,3000,-5,0.00669285092428486,0.053,0.0266666666666667,0.0733333333333333,1461,0.053388090349076
2,206,6,"low","low",300,3000,-5,0.00669285092428486,0.0543333333333333,0.0266666666666667,0.0733333333333333,1459,0.0541466758053461
2,207,6,"low","low",300,3000,-5,0.00669285092428486,0.056,0.0433333333333333,0.0733333333333333,1463,0.0546821599453178
2,208,6,"low","low",300,3000,-5,0.00669285092428486,0.0566666666666667,0.0433333333333333,0.0733333333333333,1460,0.0554794520547945
2,209,6,"low","low",300,3000,-5,0.00669285092428486,0.056,0.0433333333333333,0.0733333333333333,1463,0.0560492139439508
2,210,6,"low","low",300,3000,-5,0.00669285092428486,0.0546666666666667,0.0433333333333333,0.0733333333333333,1478,0.0581867388362652
2,211,6,"low","low",300,3000,-5,0.00669285092428486,0.0526666666666667,0.0433333333333333,0.0733333333333333,1459,0.0562028786840302
2,212,6,"low","low",300,3000,-5,0.00669285092428486,0.0526666666666667,0.0433333333333333,0.0733333333333333,1456,0.0549450549450549
2,213,6,"low","low",300,3000,-5,0.00669285092428486,0.0503333333333333,0.0433333333333333,0.0633333333333333,1471,0.0516655336505778
2,214,6,"low","low",300,3000,-5,0.00669285092428486,0.051,0.0433333333333333,0.0633333333333333,1483,0.0492245448415374
2,215,6,"low","low",300,3000,-5,0.00669285092428486,0.052,0.0433333333333333,0.0633333333333333,1472,0.0502717391304348
2,216,6,"low","low",300,3000,-5,0.00669285092428486,0.0516666666666667,0.0433333333333333,0.0633333333333333,1469,0.0530973451327434
2,217,6,"low","low",300,3000,-5,0.00669285092428486,0.0523333333333333,0.0466666666666667,0.0633333333333333,1480,0.0513513513513514
2,218,6,"low","low",300,3000,-5,0.00669285092428486,0.053,0.0466666666666667,0.0633333333333333,1476,0.0542005420054201
2,219,6,"low","low",300,3000,-5,0.00669285092428486,0.052,0.0466666666666667,0.0633333333333333,1476,0.0514905149051491
2,220,6,"low","low",300,3000,-5,0.00669285092428486,0.0536666666666667,0.0466666666666667,0.0633333333333333,1462,0.0519835841313269
2,221,6,"low","low",300,3000,-5,0.00669285092428486,0.055,0.0466666666666667,0.0633333333333333,1464,0.0525956284153005
2,222,6,"low","low",300,3000,-5,0.00669285092428486,0.0563333333333333,0.0466666666666667,0.0633333333333333,1470,0.0564625850340136
2,223,6,"low","low",300,3000,-5,0.00669285092428486,0.0576666666666667,0.0466666666666667,0.0633333333333333,1467,0.05453306066803
2,224,6,"low","low",300,3000,-5,0.00669285092428486,0.059,0.0466666666666667,0.0766666666666667,1442,0.058252427184466
2,225,6,"low","low",300,3000,-5,0.00669285092428486,0.0583333333333333,0.0466666666666667,0.0766666666666667,1436,0.0577994428969359
2,226,6,"low","low",300,3000,-5,0.00669285092428486,0.059,0.05,0.0766666666666667,1448,0.0545580110497238
2,227,6,"low","low",300,3000,-5,0.00669285092428486,0.0586666666666667,0.0466666666666667,0.0766666666666667,1443,0.0554400554400554
2,228,6,"low","low",300,3000,-5,0.00669285092428486,0.0556666666666667,0.0266666666666667,0.0766666666666667,1433,0.0502442428471738
2,229,6,"low","low",300,3000,-5,0.00669285092428486,0.0556666666666667,0.0266666666666667,0.0766666666666667,1425,0.0540350877192982
2,230,6,"low","low",300,3000,-5,0.00669285092428486,0.054,0.0266666666666667,0.0766666666666667,1421,0.0527797325826882
2,231,6,"low","low",300,3000,-5,0.00669285092428486,0.0546666666666667,0.0266666666666667,0.0766666666666667,1430,0.0538461538461538
2,232,6,"low","low",300,3000,-5,0.00669285092428486,0.0543333333333333,0.0266666666666667,0.0766666666666667,1430,0.0524475524475524
2,233,6,"low","low",300,3000,-5,0.00669285092428486,0.0546666666666667,0.0266666666666667,0.0766666666666667,1411,0.0574060949681077
2,234,6,"low","low",300,3000,-5,0.00669285092428486,0.0533333333333333,0.0266666666666667,0.0666666666666667,1428,0.053921568627451
2,235,6,"low","low",300,3000,-5,0.00669285092428486,0.0526666666666667,0.0266666666666667,0.0666666666666667,1437,0.0542797494780793
2,236,6,"low","low",300,3000,-5,0.00669285092428486,0.051,0.0266666666666667,0.0666666666666667,1423,0.0534082923401265
2,237,6,"low","low",300,3000,-5,0.00669285092428486,0.0516666666666667,0.0266666666666667,0.0666666666666667,1431,0.0566037735849057
2,238,6,"low","low",300,3000,-5,0.00669285092428486,0.0553333333333333,0.0366666666666667,0.0666666666666667,1448,0.0642265193370166
2,239,6,"low","low",300,3000,-5,0.00669285092428486,0.0543333333333333,0.0366666666666667,0.0666666666666667,1445,0.0615916955017301
2,240,6,"low","low",300,3000,-5,0.00669285092428486,0.0563333333333333,0.0366666666666667,0.0666666666666667,1452,0.0668044077134986
2,241,6,"low","low",300,3000,-5,0.00669285092428486,0.056,0.0366666666666667,0.0666666666666667,1455,0.0639175257731959
2,242,6,"low","low",300,3000,-5,0.00669285092428486,0.056,0.0366666666666667,0.0666666666666667,1459,0.0644276901987663
2,243,6,"low","low",300,3000,-5,0.00669285092428486,0.0543333333333333,0.0366666666666667,0.0666666666666667,1467,0.0593047034764826
2,244,6,"low","low",300,3000,-5,0.00669285092428486,0.0526666666666667,0.0366666666666667,0.0666666666666667,1463,0.062200956937799
2,245,6,"low","low",300,3000,-5,0.00669285092428486,0.052,0.0366666666666667,0.0666666666666667,1456,0.0611263736263736
2,246,6,"low","low",300,3000,-5,0.00669285092428486,0.053,0.04,0.0666666666666667,1453,0.0605643496214728
2,247,6,"low","low",300,3000,-5,0.00669285092428486,0.0496666666666667,0.02,0.0666666666666667,1453,0.0557467309015829
2,248,6,"low","low",300,3000,-5,0.00669285092428486,0.0483333333333333,0.02,0.0666666666666667,1433,0.0502442428471738
2,249,6,"low","low",300,3000,-5,0.00669285092428486,0.0473333333333333,0.02,0.0666666666666667,1434,0.0481171548117155
2,250,6,"low","low",300,3000,-5,0.00669285092428486,0.0473333333333333,0.02,0.0666666666666667,1442,0.042995839112344
2,251,6,"low","low",300,3000,-5,0.00669285092428486,0.047,0.02,0.0666666666666667,1442,0.0450762829403606
2,252,6,"low","low",300,3000,-5,0.00669285092428486,0.046,0.02,0.0666666666666667,1445,0.0401384083044983
2,253,6,"low","low",300,3000,-5,0.00669285092428486,0.0456666666666667,0.02,0.0666666666666667,1450,0.0420689655172414
2,254,6,"low","low",300,3000,-5,0.00669285092428486,0.0476666666666667,0.02,0.0666666666666667,1441,0.0437196391394865
2,255,6,"low","low",300,3000,-5,0.00669285092428486,0.0476666666666667,0.02,0.0666666666666667,1433,0.0425680390788555
2,256,6,"low","low",300,3000,-5,0.00669285092428486,0.0476666666666667,0.02,0.0666666666666667,1450,0.0455172413793103
2,257,6,"low","low",300,3000,-5,0.00669285092428486,0.051,0.0333333333333333,0.0666666666666667,1448,0.0490331491712707
2,258,6,"low","low",300,3000,-5,0.00669285092428486,0.0513333333333333,0.0333333333333333,0.0666666666666667,1458,0.0507544581618656
2,259,6,"low","low",300,3000,-5,0.00669285092428486,0.0516666666666667,0.0366666666666667,0.0666666666666667,1465,0.0525597269624573
2,260,6,"low","low",300,3000,-5,0.00669285092428486,0.05,0.0366666666666667,0.0666666666666667,1454,0.0536451169188446
2,261,6,"low","low",300,3000,-5,0.00669285092428486,0.0483333333333333,0.0366666666666667,0.0666666666666667,1447,0.0511402902557015
2,262,6,"low","low",300,3000,-5,0.00669285092428486,0.0476666666666667,0.0366666666666667,0.0666666666666667,1444,0.0526315789473684
2,263,6,"low","low",300,3000,-5,0.00669285092428486,0.046,0.03,0.0666666666666667,1440,0.0513888888888889
2,264,6,"low","low",300,3000,-5,0.00669285092428486,0.045,0.03,0.0566666666666667,1437,0.046624913013222
2,265,6,"low","low",300,3000,-5,0.00669285092428486,0.0466666666666667,0.03,0.0566666666666667,1458,0.0507544581618656
2,266,6,"low","low",300,3000,-5,0.00669285092428486,0.048,0.03,0.06,1444,0.0484764542936288
2,267,6,"low","low",300,3000,-5,0.00669285092428486,0.0486666666666667,0.03,0.06,1455,0.0481099656357388
2,268,6,"low","low",300,3000,-5,0.00669285092428486,0.0463333333333333,0.03,0.06,1440,0.0458333333333333
2,269,6,"low","low",300,3000,-5,0.00669285092428486,0.047,0.03,0.06,1428,0.0469187675070028
2,270,6,"low","low",300,3000,-5,0.00669285092428486,0.047,0.03,0.06,1419,0.0443974630021142
2,271,6,"low","low",300,3000,-5,0.00669285092428486,0.048,0.03,0.06,1420,0.0436619718309859
2,272,6,"low","low",300,3000,-5,0.00669285092428486,0.0486666666666667,0.03,0.06,1430,0.0454545454545455
2,273,6,"low","low",300,3000,-5,0.00669285092428486,0.0506666666666667,0.03,0.06,1436,0.0487465181058496
2,274,6,"low","low",300,3000,-5,0.00669285092428486,0.0466666666666667,0.0166666666666667,0.06,1467,0.0456714383094751
2,275,6,"low","low",300,3000,-5,0.00669285092428486,0.046,0.0166666666666667,0.06,1451,0.0413507925568573
2,276,6,"low","low",300,3000,-5,0.00669285092428486,0.0453333333333333,0.0166666666666667,0.06,1465,0.0450511945392491
2,277,6,"low","low",300,3000,-5,0.00669285092428486,0.0443333333333333,0.0166666666666667,0.0533333333333333,1447,0.0442294402211472
2,278,6,"low","low",300,3000,-5,0.00669285092428486,0.05,0.0166666666666667,0.0866666666666667,1469,0.0503744043567052
2,279,6,"low","low",300,3000,-5,0.00669285092428486,0.0496666666666667,0.0166666666666667,0.0866666666666667,1473,0.0515953835709437
2,280,6,"low","low",300,3000,-5,0.00669285092428486,0.051,0.0166666666666667,0.0866666666666667,1460,0.0534246575342466
2,281,6,"low","low",300,3000,-5,0.00669285092428486,0.052,0.0166666666666667,0.0866666666666667,1464,0.0601092896174863
2,282,6,"low","low",300,3000,-5,0.00669285092428486,0.053,0.0166666666666667,0.0866666666666667,1455,0.0618556701030928
2,283,6,"low","low",300,3000,-5,0.00669285092428486,0.0523333333333333,0.0166666666666667,0.0866666666666667,1447,0.0587422252937111
2,284,6,"low","low",300,3000,-5,0.00669285092428486,0.054,0.0333333333333333,0.0866666666666667,1417,0.0599858856739591
2,285,6,"low","low",300,3000,-5,0.00669285092428486,0.0523333333333333,0.0333333333333333,0.0866666666666667,1423,0.0590302178496135
2,286,6,"low","low",300,3000,-5,0.00669285092428486,0.0513333333333333,0.0333333333333333,0.0866666666666667,1414,0.0544554455445545
2,287,6,"low","low",300,3000,-5,0.00669285092428486,0.0503333333333333,0.0333333333333333,0.0866666666666667,1414,0.0523338048090523
2,288,6,"low","low",300,3000,-5,0.00669285092428486,0.0463333333333333,0.0333333333333333,0.0633333333333333,1410,0.0482269503546099
2,289,6,"low","low",300,3000,-5,0.00669285092428486,0.0486666666666667,0.0333333333333333,0.0633333333333333,1419,0.0465116279069767
2,290,6,"low","low",300,3000,-5,0.00669285092428486,0.047,0.0333333333333333,0.0633333333333333,1427,0.0462508759635599
2,291,6,"low","low",300,3000,-5,0.00669285092428486,0.0443333333333333,0.0333333333333333,0.0633333333333333,1429,0.0419874037788663
2,292,6,"low","low",300,3000,-5,0.00669285092428486,0.041,0.0233333333333333,0.0633333333333333,1430,0.0370629370629371
2,293,6,"low","low",300,3000,-5,0.00669285092428486,0.042,0.0233333333333333,0.0633333333333333,1434,0.0341701534170153
2,294,6,"low","low",300,3000,-5,0.00669285092428486,0.046,0.0233333333333333,0.0733333333333333,1440,0.0388888888888889
2,295,6,"low","low",300,3000,-5,0.00669285092428486,0.0466666666666667,0.0233333333333333,0.0733333333333333,1444,0.0394736842105263
2,296,6,"low","low",300,3000,-5,0.00669285092428486,0.048,0.0233333333333333,0.0733333333333333,1443,0.0401940401940402
2,297,6,"low","low",300,3000,-5,0.00669285092428486,0.0486666666666667,0.0233333333333333,0.0733333333333333,1454,0.0419532324621733
2,298,6,"low","low",300,3000,-5,0.00669285092428486,0.05,0.0233333333333333,0.0733333333333333,1459,0.0404386566141193
2,299,6,"low","low",300,3000,-5,0.00669285092428486,0.0493333333333333,0.0233333333333333,0.0733333333333333,1451,0.0392832529290145
2,300,6,"low","low",300,3000,-5,0.00669285092428486,0.051,0.0233333333333333,0.0733333333333333,1452,0.0399449035812672
3,1,8,"low","low",300,3000,-5,0.00669285092428486,0.0546666666666667,0.0433333333333333,0.0733333333333333,1187,0.0522325189553496
3,2,8,"low","low",300,3000,-5,0.00669285092428486,0.0546666666666667,0.0433333333333333,0.0733333333333333,1194,0.050251256281407
3,3,8,"low","low",300,3000,-5,0.00669285092428486,0.058,0.0433333333333333,0.0766666666666667,1209,0.0554177005789909
3,4,8,"low","low",300,3000,-5,0.00669285092428486,0.057,0.0433333333333333,0.0766666666666667,1201,0.0524562864279767
3,5,8,"low","low",300,3000,-5,0.00669285092428486,0.058,0.0433333333333333,0.0766666666666667,1200,0.0525
3,6,8,"low","low",300,3000,-5,0.00669285092428486,0.0576666666666667,0.04,0.0766666666666667,1196,0.0560200668896321
3,7,8,"low","low",300,3000,-5,0.00669285092428486,0.0593333333333333,0.04,0.0766666666666667,1193,0.0561609388097234
3,8,8,"low","low",300,3000,-5,0.00669285092428486,0.0603333333333333,0.04,0.0766666666666667,1188,0.0563973063973064
3,9,8,"low","low",300,3000,-5,0.00669285092428486,0.0616666666666667,0.04,0.0766666666666667,1171,0.0572160546541418
3,10,8,"low","low",300,3000,-5,0.00669285092428486,0.0616666666666667,0.04,0.0766666666666667,1178,0.0594227504244482
3,11,8,"low","low",300,3000,-5,0.00669285092428486,0.064,0.04,0.0833333333333333,1183,0.0600169061707523
3,12,8,"low","low",300,3000,-5,0.00669285092428486,0.0653333333333333,0.04,0.0833333333333333,1170,0.0623931623931624
3,13,8,"low","low",300,3000,-5,0.00669285092428486,0.0633333333333333,0.04,0.0833333333333333,1167,0.0582690659811482
3,14,8,"low","low",300,3000,-5,0.00669285092428486,0.063,0.04,0.0833333333333333,1172,0.060580204778157
3,15,8,"low","low",300,3000,-5,0.00669285092428486,0.0636666666666667,0.04,0.0833333333333333,1187,0.058972198820556
3,16,8,"low","low",300,3000,-5,0.00669285092428486,0.0656666666666667,0.0566666666666667,0.0833333333333333,1208,0.0571192052980132
3,17,8,"low","low",300,3000,-5,0.00669285092428486,0.066,0.0566666666666667,0.0833333333333333,1214,0.0584843492586491
3,18,8,"low","low",300,3000,-5,0.00669285092428486,0.0683333333333333,0.0566666666666667,0.0833333333333333,1238,0.0621970920840065
3,19,8,"low","low",300,3000,-5,0.00669285092428486,0.0676666666666667,0.0566666666666667,0.0833333333333333,1264,0.0632911392405063
3,20,8,"low","low",300,3000,-5,0.00669285092428486,0.066,0.0566666666666667,0.0833333333333333,1267,0.063930544593528
3,21,8,"low","low",300,3000,-5,0.00669285092428486,0.0636666666666667,0.0566666666666667,0.0833333333333333,1257,0.0644391408114559
3,22,8,"low","low",300,3000,-5,0.00669285092428486,0.062,0.0533333333333333,0.0833333333333333,1264,0.0625
3,23,8,"low","low",300,3000,-5,0.00669285092428486,0.0616666666666667,0.0533333333333333,0.0833333333333333,1253,0.0638467677573823
3,24,8,"low","low",300,3000,-5,0.00669285092428486,0.061,0.0533333333333333,0.0833333333333333,1274,0.0635792778649922
3,25,8,"low","low",300,3000,-5,0.00669285092428486,0.0606666666666667,0.0533333333333333,0.0833333333333333,1262,0.0657686212361331
3,26,8,"low","low",300,3000,-5,0.00669285092428486,0.0616666666666667,0.0533333333333333,0.0833333333333333,1257,0.0676213206046142
3,27,8,"low","low",300,3000,-5,0.00669285092428486,0.0583333333333333,0.0333333333333333,0.0833333333333333,1254,0.062200956937799
3,28,8,"low","low",300,3000,-5,0.00669285092428486,0.057,0.0333333333333333,0.07,1244,0.0586816720257235
3,29,8,"low","low",300,3000,-5,0.00669285092428486,0.0556666666666667,0.0333333333333333,0.07,1254,0.058213716108453
3,30,8,"low","low",300,3000,-5,0.00669285092428486,0.0546666666666667,0.0333333333333333,0.07,1236,0.0542071197411003
3,31,8,"low","low",300,3000,-5,0.00669285092428486,0.054,0.0333333333333333,0.07,1228,0.0504885993485342
3,32,8,"low","low",300,3000,-5,0.00669285092428486,0.0536666666666667,0.0333333333333333,0.07,1224,0.0514705882352941
3,33,8,"low","low",300,3000,-5,0.00669285092428486,0.0503333333333333,0.02,0.07,1227,0.0472697636511817
3,34,8,"low","low",300,3000,-5,0.00669285092428486,0.0506666666666667,0.02,0.07,1211,0.0495458298926507
3,35,8,"low","low",300,3000,-5,0.00669285092428486,0.0536666666666667,0.02,0.0866666666666667,1216,0.0501644736842105
3,36,8,"low","low",300,3000,-5,0.00669285092428486,0.052,0.02,0.0866666666666667,1192,0.0461409395973154
3,37,8,"low","low",300,3000,-5,0.00669285092428486,0.0543333333333333,0.02,0.0866666666666667,1189,0.0513036164844407
3,38,8,"low","low",300,3000,-5,0.00669285092428486,0.0543333333333333,0.02,0.0866666666666667,1177,0.0509770603228547
3,39,8,"low","low",300,3000,-5,0.00669285092428486,0.056,0.02,0.0866666666666667,1151,0.052128583840139
3,40,8,"low","low",300,3000,-5,0.00669285092428486,0.0566666666666667,0.02,0.0866666666666667,1160,0.0525862068965517
3,41,8,"low","low",300,3000,-5,0.00669285092428486,0.0576666666666667,0.02,0.0866666666666667,1175,0.0536170212765957
3,42,8,"low","low",300,3000,-5,0.00669285092428486,0.058,0.02,0.0866666666666667,1179,0.0508905852417303
3,43,8,"low","low",300,3000,-5,0.00669285092428486,0.0606666666666667,0.0466666666666667,0.0866666666666667,1177,0.0526762956669499
3,44,8,"low","low",300,3000,-5,0.00669285092428486,0.0626666666666667,0.0466666666666667,0.0866666666666667,1168,0.0513698630136986
3,45,8,"low","low",300,3000,-5,0.00669285092428486,0.0613333333333333,0.0466666666666667,0.0766666666666667,1149,0.0539599651871192
3,46,8,"low","low",300,3000,-5,0.00669285092428486,0.0613333333333333,0.0466666666666667,0.0766666666666667,1149,0.0609225413402959
3,47,8,"low","low",300,3000,-5,0.00669285092428486,0.0633333333333333,0.0466666666666667,0.0766666666666667,1150,0.0634782608695652
3,48,8,"low","low",300,3000,-5,0.00669285092428486,0.0643333333333333,0.0466666666666667,0.08,1145,0.0681222707423581
3,49,8,"low","low",300,3000,-5,0.00669285092428486,0.063,0.0466666666666667,0.08,1156,0.0640138408304498
3,50,8,"low","low",300,3000,-5,0.00669285092428486,0.0623333333333333,0.0466666666666667,0.08,1165,0.0626609442060086
3,51,8,"low","low",300,3000,-5,0.00669285092428486,0.0626666666666667,0.0466666666666667,0.08,1177,0.0679694137638063
3,52,8,"low","low",300,3000,-5,0.00669285092428486,0.0616666666666667,0.0433333333333333,0.08,1187,0.0699241786015164
3,53,8,"low","low",300,3000,-5,0.00669285092428486,0.062,0.0433333333333333,0.08,1184,0.0701013513513514
3,54,8,"low","low",300,3000,-5,0.00669285092428486,0.0593333333333333,0.0433333333333333,0.08,1189,0.071488645920942
3,55,8,"low","low",300,3000,-5,0.00669285092428486,0.0563333333333333,0.0433333333333333,0.08,1208,0.0653973509933775
3,56,8,"low","low",300,3000,-5,0.00669285092428486,0.057,0.0433333333333333,0.08,1214,0.0601317957166392
3,57,8,"low","low",300,3000,-5,0.00669285092428486,0.055,0.0433333333333333,0.08,1211,0.0586292320396367
3,58,8,"low","low",300,3000,-5,0.00669285092428486,0.052,0.0433333333333333,0.0666666666666667,1237,0.0557801131770412
3,59,8,"low","low",300,3000,-5,0.00669285092428486,0.0526666666666667,0.0433333333333333,0.0666666666666667,1222,0.0564648117839607
3,60,8,"low","low",300,3000,-5,0.00669285092428486,0.055,0.0433333333333333,0.07,1223,0.0605069501226492
3,61,8,"low","low",300,3000,-5,0.00669285092428486,0.0536666666666667,0.0433333333333333,0.07,1210,0.0570247933884298
3,62,8,"low","low",300,3000,-5,0.00669285092428486,0.0553333333333333,0.0433333333333333,0.07,1200,0.0591666666666667
3,63,8,"low","low",300,3000,-5,0.00669285092428486,0.055,0.0433333333333333,0.07,1204,0.0589700996677741
3,64,8,"low","low",300,3000,-5,0.00669285092428486,0.0566666666666667,0.0433333333333333,0.07,1201,0.0541215653621982
3,65,8,"low","low",300,3000,-5,0.00669285092428486,0.059,0.0466666666666667,0.07,1189,0.0571909167367536
3,66,8,"low","low",300,3000,-5,0.00669285092428486,0.057,0.04,0.07,1196,0.0543478260869565
3,67,8,"low","low",300,3000,-5,0.00669285092428486,0.0596666666666667,0.04,0.0833333333333333,1184,0.0548986486486486
3,68,8,"low","low",300,3000,-5,0.00669285092428486,0.0603333333333333,0.04,0.0833333333333333,1167,0.053127677806341
3,69,8,"low","low",300,3000,-5,0.00669285092428486,0.0626666666666667,0.04,0.0833333333333333,1194,0.0544388609715243
3,70,8,"low","low",300,3000,-5,0.00669285092428486,0.0623333333333333,0.04,0.0833333333333333,1186,0.051433389544688
3,71,8,"low","low",300,3000,-5,0.00669285092428486,0.0626666666666667,0.04,0.0833333333333333,1204,0.0539867109634551
3,72,8,"low","low",300,3000,-5,0.00669285092428486,0.0596666666666667,0.03,0.0833333333333333,1189,0.0521446593776283
3,73,8,"low","low",300,3000,-5,0.00669285092428486,0.059,0.03,0.0833333333333333,1205,0.0514522821576763
3,74,8,"low","low",300,3000,-5,0.00669285092428486,0.0563333333333333,0.03,0.0833333333333333,1195,0.0527196652719665
3,75,8,"low","low",300,3000,-5,0.00669285092428486,0.055,0.03,0.0833333333333333,1197,0.0526315789473684
3,76,8,"low","low",300,3000,-5,0.00669285092428486,0.0596666666666667,0.03,0.0866666666666667,1181,0.0575783234546994
3,77,8,"low","low",300,3000,-5,0.00669285092428486,0.0566666666666667,0.03,0.0866666666666667,1200,0.055
3,78,8,"low","low",300,3000,-5,0.00669285092428486,0.056,0.03,0.0866666666666667,1191,0.054575986565911
3,79,8,"low","low",300,3000,-5,0.00669285092428486,0.0516666666666667,0.03,0.0866666666666667,1178,0.0526315789473684
3,80,8,"low","low",300,3000,-5,0.00669285092428486,0.051,0.03,0.0866666666666667,1176,0.0527210884353742
3,81,8,"low","low",300,3000,-5,0.00669285092428486,0.0503333333333333,0.03,0.0866666666666667,1166,0.0497427101200686
3,82,8,"low","low",300,3000,-5,0.00669285092428486,0.054,0.04,0.0866666666666667,1196,0.0551839464882943
3,83,8,"low","low",300,3000,-5,0.00669285092428486,0.0546666666666667,0.04,0.0866666666666667,1172,0.060580204778157
3,84,8,"low","low",300,3000,-5,0.00669285092428486,0.0563333333333333,0.04,0.0866666666666667,1196,0.0593645484949833
3,85,8,"low","low",300,3000,-5,0.00669285092428486,0.0586666666666667,0.04,0.0866666666666667,1209,0.0595533498759305
3,86,8,"low","low",300,3000,-5,0.00669285092428486,0.0556666666666667,0.04,0.0766666666666667,1222,0.05810147299509
3,87,8,"low","low",300,3000,-5,0.00669285092428486,0.055,0.04,0.0766666666666667,1227,0.0578647106764466
3,88,8,"low","low",300,3000,-5,0.00669285092428486,0.0576666666666667,0.04,0.0766666666666667,1222,0.0630114566284779
3,89,8,"low","low",300,3000,-5,0.00669285092428486,0.0626666666666667,0.0466666666666667,0.09,1235,0.0680161943319838
3,90,8,"low","low",300,3000,-5,0.00669285092428486,0.0633333333333333,0.0466666666666667,0.09,1231,0.0690495532087734
3,91,8,"low","low",300,3000,-5,0.00669285092428486,0.066,0.0466666666666667,0.09,1218,0.0755336617405583
3,92,8,"low","low",300,3000,-5,0.00669285092428486,0.0656666666666667,0.0466666666666667,0.09,1196,0.0710702341137124
3,93,8,"low","low",300,3000,-5,0.00669285092428486,0.068,0.0466666666666667,0.09,1209,0.0711331679073615
3,94,8,"low","low",300,3000,-5,0.00669285092428486,0.0686666666666667,0.0466666666666667,0.09,1198,0.0734557595993322
3,95,8,"low","low",300,3000,-5,0.00669285092428486,0.0683333333333333,0.0466666666666667,0.09,1197,0.0743525480367586
3,96,8,"low","low",300,3000,-5,0.00669285092428486,0.0666666666666667,0.04,0.09,1194,0.0711892797319933
3,97,8,"low","low",300,3000,-5,0.00669285092428486,0.067,0.04,0.09,1191,0.0705289672544081
3,98,8,"low","low",300,3000,-5,0.00669285092428486,0.065,0.04,0.09,1208,0.0645695364238411
3,99,8,"low","low",300,3000,-5,0.00669285092428486,0.0626666666666667,0.04,0.0766666666666667,1211,0.0652353426919901
3,100,8,"low","low",300,3000,-5,0.00669285092428486,0.0613333333333333,0.04,0.0766666666666667,1226,0.065252854812398
3,101,8,"low","low",300,3000,-5,0.00669285092428486,0.059,0.04,0.0733333333333333,1233,0.0592051905920519
3,102,8,"low","low",300,3000,-5,0.00669285092428486,0.0576666666666667,0.04,0.0733333333333333,1226,0.0603588907014682
3,103,8,"low","low",300,3000,-5,0.00669285092428486,0.0536666666666667,0.03,0.0733333333333333,1213,0.0560593569661995
3,104,8,"low","low",300,3000,-5,0.00669285092428486,0.0563333333333333,0.03,0.09,1224,0.0620915032679739
3,105,8,"low","low",300,3000,-5,0.00669285092428486,0.054,0.03,0.09,1223,0.0588716271463614
3,106,8,"low","low",300,3000,-5,0.00669285092428486,0.0533333333333333,0.03,0.09,1223,0.0613246116107931
3,107,8,"low","low",300,3000,-5,0.00669285092428486,0.055,0.03,0.09,1214,0.0642504118616145
3,108,8,"low","low",300,3000,-5,0.00669285092428486,0.0556666666666667,0.03,0.09,1213,0.0651277823577906
3,109,8,"low","low",300,3000,-5,0.00669285092428486,0.054,0.03,0.09,1192,0.0587248322147651
3,110,8,"low","low",300,3000,-5,0.00669285092428486,0.0523333333333333,0.03,0.09,1178,0.0560271646859083
3,111,8,"low","low",300,3000,-5,0.00669285092428486,0.052,0.03,0.09,1176,0.054421768707483
3,112,8,"low","low",300,3000,-5,0.00669285092428486,0.0546666666666667,0.03,0.09,1198,0.0559265442404007
3,113,8,"low","low",300,3000,-5,0.00669285092428486,0.0566666666666667,0.0333333333333333,0.09,1221,0.0556920556920557
3,114,8,"low","low",300,3000,-5,0.00669285092428486,0.052,0.0333333333333333,0.0766666666666667,1201,0.0474604496253122
3,115,8,"low","low",300,3000,-5,0.00669285092428486,0.0536666666666667,0.0333333333333333,0.0766666666666667,1211,0.0511973575557391
3,116,8,"low","low",300,3000,-5,0.00669285092428486,0.0546666666666667,0.0366666666666667,0.0766666666666667,1215,0.0518518518518519
3,117,8,"low","low",300,3000,-5,0.00669285092428486,0.053,0.0366666666666667,0.0766666666666667,1207,0.0505385252692626
3,118,8,"low","low",300,3000,-5,0.00669285092428486,0.0533333333333333,0.0366666666666667,0.0766666666666667,1213,0.0535861500412201
3,119,8,"low","low",300,3000,-5,0.00669285092428486,0.0533333333333333,0.0366666666666667,0.0766666666666667,1229,0.0545158665581774
3,120,8,"low","low",300,3000,-5,0.00669285092428486,0.0556666666666667,0.0433333333333333,0.0766666666666667,1226,0.0546492659053834
3,121,8,"low","low",300,3000,-5,0.00669285092428486,0.0566666666666667,0.0433333333333333,0.0766666666666667,1209,0.0554177005789909
3,122,8,"low","low",300,3000,-5,0.00669285092428486,0.0563333333333333,0.0433333333333333,0.0733333333333333,1203,0.0540315876974231
3,123,8,"low","low",300,3000,-5,0.00669285092428486,0.0566666666666667,0.0433333333333333,0.0733333333333333,1185,0.0540084388185654
3,124,8,"low","low",300,3000,-5,0.00669285092428486,0.0596666666666667,0.0433333333333333,0.0733333333333333,1216,0.0616776315789474
3,125,8,"low","low",300,3000,-5,0.00669285092428486,0.0586666666666667,0.0433333333333333,0.0733333333333333,1204,0.0614617940199336
3,126,8,"low","low",300,3000,-5,0.00669285092428486,0.0593333333333333,0.05,0.0733333333333333,1188,0.0614478114478114
3,127,8,"low","low",300,3000,-5,0.00669285092428486,0.0616666666666667,0.05,0.0733333333333333,1190,0.0638655462184874
3,128,8,"low","low",300,3000,-5,0.00669285092428486,0.0593333333333333,0.0433333333333333,0.0733333333333333,1177,0.0603228547153781
3,129,8,"low","low",300,3000,-5,0.00669285092428486,0.0606666666666667,0.0433333333333333,0.0733333333333333,1170,0.0623931623931624
3,130,8,"low","low",300,3000,-5,0.00669285092428486,0.06,0.0433333333333333,0.0733333333333333,1186,0.0632377740303541
3,131,8,"low","low",300,3000,-5,0.00669285092428486,0.0613333333333333,0.0433333333333333,0.0733333333333333,1190,0.0663865546218487
3,132,8,"low","low",300,3000,-5,0.00669285092428486,0.0613333333333333,0.0433333333333333,0.0733333333333333,1198,0.0667779632721202
3,133,8,"low","low",300,3000,-5,0.00669285092428486,0.062,0.0433333333333333,0.0733333333333333,1207,0.0671085335542668
3,134,8,"low","low",300,3000,-5,0.00669285092428486,0.0613333333333333,0.0433333333333333,0.0733333333333333,1200,0.0608333333333333
3,135,8,"low","low",300,3000,-5,0.00669285092428486,0.0636666666666667,0.0433333333333333,0.08,1203,0.0615128844555278
3,136,8,"low","low",300,3000,-5,0.00669285092428486,0.0653333333333333,0.0433333333333333,0.08,1212,0.0643564356435644
3,137,8,"low","low",300,3000,-5,0.00669285092428486,0.0656666666666667,0.0433333333333333,0.08,1222,0.0630114566284779
3,138,8,"low","low",300,3000,-5,0.00669285092428486,0.068,0.0533333333333333,0.08,1214,0.0634266886326194
3,139,8,"low","low",300,3000,-5,0.00669285092428486,0.0683333333333333,0.0533333333333333,0.08,1218,0.0632183908045977
3,140,8,"low","low",300,3000,-5,0.00669285092428486,0.068,0.05,0.08,1236,0.0647249190938511
3,141,8,"low","low",300,3000,-5,0.00669285092428486,0.0663333333333333,0.05,0.08,1238,0.0597738287560582
3,142,8,"low","low",300,3000,-5,0.00669285092428486,0.0656666666666667,0.05,0.08,1243,0.0611423974255833
3,143,8,"low","low",300,3000,-5,0.00669285092428486,0.065,0.05,0.08,1239,0.0621468926553672
3,144,8,"low","low",300,3000,-5,0.00669285092428486,0.0656666666666667,0.05,0.08,1237,0.0638641875505255
3,145,8,"low","low",300,3000,-5,0.00669285092428486,0.0646666666666667,0.05,0.0766666666666667,1223,0.0613246116107931
3,146,8,"low","low",300,3000,-5,0.00669285092428486,0.063,0.05,0.0766666666666667,1236,0.0622977346278317
3,147,8,"low","low",300,3000,-5,0.00669285092428486,0.0623333333333333,0.05,0.0733333333333333,1248,0.061698717948718
3,148,8,"low","low",300,3000,-5,0.00669285092428486,0.0626666666666667,0.05,0.0733333333333333,1263,0.0649247822644497
3,149,8,"low","low",300,3000,-5,0.00669285092428486,0.061,0.05,0.0733333333333333,1252,0.0638977635782748
3,150,8,"low","low",300,3000,-5,0.00669285092428486,0.061,0.05,0.0733333333333333,1222,0.0613747954173486
3,151,8,"low","low",300,3000,-5,0.00669285092428486,0.0616666666666667,0.05,0.0733333333333333,1232,0.0665584415584416
3,152,8,"low","low",300,3000,-5,0.00669285092428486,0.0623333333333333,0.05,0.0733333333333333,1198,0.0651085141903172
3,153,8,"low","low",300,3000,-5,0.00669285092428486,0.0643333333333333,0.05,0.0733333333333333,1206,0.0671641791044776
3,154,8,"low","low",300,3000,-5,0.00669285092428486,0.0626666666666667,0.05,0.0733333333333333,1198,0.0659432387312187
3,155,8,"low","low",300,3000,-5,0.00669285092428486,0.063,0.05,0.0733333333333333,1192,0.063758389261745
3,156,8,"low","low",300,3000,-5,0.00669285092428486,0.0633333333333333,0.05,0.0733333333333333,1178,0.0636672325976231
3,157,8,"low","low",300,3000,-5,0.00669285092428486,0.0616666666666667,0.05,0.0733333333333333,1168,0.0625
3,158,8,"low","low",300,3000,-5,0.00669285092428486,0.0616666666666667,0.05,0.0733333333333333,1163,0.0636285468615649
3,159,8,"low","low",300,3000,-5,0.00669285092428486,0.0623333333333333,0.05,0.0733333333333333,1174,0.0621805792163543
3,160,8,"low","low",300,3000,-5,0.00669285092428486,0.062,0.0466666666666667,0.0733333333333333,1184,0.0650337837837838
3,161,8,"low","low",300,3000,-5,0.00669285092428486,0.0593333333333333,0.0366666666666667,0.0733333333333333,1187,0.06318449873631
3,162,8,"low","low",300,3000,-5,0.00669285092428486,0.0586666666666667,0.0366666666666667,0.0733333333333333,1192,0.0654362416107383
3,163,8,"low","low",300,3000,-5,0.00669285092428486,0.0533333333333333,0.02,0.0733333333333333,1190,0.0605042016806723
3,164,8,"low","low",300,3000,-5,0.00669285092428486,0.054,0.02,0.0733333333333333,1192,0.0604026845637584
3,165,8,"low","low",300,3000,-5,0.00669285092428486,0.0533333333333333,0.02,0.07,1191,0.0646515533165407
3,166,8,"low","low",300,3000,-5,0.00669285092428486,0.0533333333333333,0.02,0.07,1197,0.0618212197159566
3,167,8,"low","low",300,3000,-5,0.00669285092428486,0.0546666666666667,0.02,0.07,1203,0.0623441396508728
3,168,8,"low","low",300,3000,-5,0.00669285092428486,0.053,0.02,0.0666666666666667,1194,0.059463986599665
3,169,8,"low","low",300,3000,-5,0.00669285092428486,0.0526666666666667,0.02,0.0666666666666667,1181,0.0626587637595258
3,170,8,"low","low",300,3000,-5,0.00669285092428486,0.054,0.02,0.0666666666666667,1183,0.0617075232459848
3,171,8,"low","low",300,3000,-5,0.00669285092428486,0.0553333333333333,0.02,0.0666666666666667,1180,0.0635593220338983
3,172,8,"low","low",300,3000,-5,0.00669285092428486,0.0553333333333333,0.02,0.0666666666666667,1184,0.0625
3,173,8,"low","low",300,3000,-5,0.00669285092428486,0.0596666666666667,0.05,0.0666666666666667,1189,0.0706476030277544
3,174,8,"low","low",300,3000,-5,0.00669285092428486,0.0583333333333333,0.05,0.0666666666666667,1181,0.0711261642675699
3,175,8,"low","low",300,3000,-5,0.00669285092428486,0.056,0.0433333333333333,0.0666666666666667,1209,0.0669975186104218
3,176,8,"low","low",300,3000,-5,0.00669285092428486,0.0573333333333333,0.0433333333333333,0.0666666666666667,1201,0.0641132389675271
3,177,8,"low","low",300,3000,-5,0.00669285092428486,0.0556666666666667,0.0433333333333333,0.0666666666666667,1191,0.0638119227539882
3,178,8,"low","low",300,3000,-5,0.00669285092428486,0.056,0.0433333333333333,0.0666666666666667,1204,0.0614617940199336
3,179,8,"low","low",300,3000,-5,0.00669285092428486,0.0576666666666667,0.0433333333333333,0.07,1222,0.0630114566284779
3,180,8,"low","low",300,3000,-5,0.00669285092428486,0.057,0.0433333333333333,0.07,1215,0.0625514403292181
3,181,8,"low","low",300,3000,-5,0.00669285092428486,0.0593333333333333,0.0433333333333333,0.0733333333333333,1228,0.0586319218241042
3,182,8,"low","low",300,3000,-5,0.00669285092428486,0.0583333333333333,0.0433333333333333,0.0733333333333333,1230,0.0544715447154472
3,183,8,"low","low",300,3000,-5,0.00669285092428486,0.0566666666666667,0.0433333333333333,0.0733333333333333,1208,0.0496688741721854
3,184,8,"low","low",300,3000,-5,0.00669285092428486,0.0566666666666667,0.0433333333333333,0.0733333333333333,1223,0.0498773507767784
3,185,8,"low","low",300,3000,-5,0.00669285092428486,0.061,0.0466666666666667,0.0866666666666667,1196,0.0526755852842809
3,186,8,"low","low",300,3000,-5,0.00669285092428486,0.0603333333333333,0.0466666666666667,0.0866666666666667,1227,0.0570497147514262
3,187,8,"low","low",300,3000,-5,0.00669285092428486,0.0586666666666667,0.0333333333333333,0.0866666666666667,1224,0.053921568627451
3,188,8,"low","low",300,3000,-5,0.00669285092428486,0.0573333333333333,0.0333333333333333,0.0866666666666667,1223,0.0556009811937858
3,189,8,"low","low",300,3000,-5,0.00669285092428486,0.0563333333333333,0.0333333333333333,0.0866666666666667,1215,0.0502057613168724
3,190,8,"low","low",300,3000,-5,0.00669285092428486,0.055,0.0333333333333333,0.0866666666666667,1215,0.0510288065843621
3,191,8,"low","low",300,3000,-5,0.00669285092428486,0.055,0.0333333333333333,0.0866666666666667,1208,0.0538079470198675
3,192,8,"low","low",300,3000,-5,0.00669285092428486,0.0536666666666667,0.0333333333333333,0.0866666666666667,1221,0.0556920556920557
3,193,8,"low","low",300,3000,-5,0.00669285092428486,0.0576666666666667,0.0333333333333333,0.0866666666666667,1244,0.0554662379421222
3,194,8,"low","low",300,3000,-5,0.00669285092428486,0.0603333333333333,0.0333333333333333,0.0866666666666667,1234,0.0607779578606159
3,195,8,"low","low",300,3000,-5,0.00669285092428486,0.0596666666666667,0.0333333333333333,0.0866666666666667,1242,0.0595813204508857
3,196,8,"low","low",300,3000,-5,0.00669285092428486,0.0586666666666667,0.0333333333333333,0.0866666666666667,1234,0.0551053484602917
3,197,8,"low","low",300,3000,-5,0.00669285092428486,0.063,0.04,0.0866666666666667,1225,0.0604081632653061
3,198,8,"low","low",300,3000,-5,0.00669285092428486,0.0623333333333333,0.0366666666666667,0.0866666666666667,1219,0.0582444626743232
3,199,8,"low","low",300,3000,-5,0.00669285092428486,0.063,0.0366666666666667,0.0866666666666667,1232,0.0592532467532468
3,200,8,"low","low",300,3000,-5,0.00669285092428486,0.0653333333333333,0.0366666666666667,0.0866666666666667,1234,0.059967585089141
3,201,8,"low","low",300,3000,-5,0.00669285092428486,0.0646666666666667,0.0366666666666667,0.0866666666666667,1219,0.0598851517637408
3,202,8,"low","low",300,3000,-5,0.00669285092428486,0.0666666666666667,0.0366666666666667,0.0866666666666667,1218,0.0623973727422003
3,203,8,"low","low",300,3000,-5,0.00669285092428486,0.0663333333333333,0.0366666666666667,0.0833333333333333,1204,0.0656146179401993
3,204,8,"low","low",300,3000,-5,0.00669285092428486,0.0633333333333333,0.0366666666666667,0.0833333333333333,1205,0.0580912863070539
3,205,8,"low","low",300,3000,-5,0.00669285092428486,0.0593333333333333,0.0366666666666667,0.0833333333333333,1201,0.0557868442964196
3,206,8,"low","low",300,3000,-5,0.00669285092428486,0.0586666666666667,0.0366666666666667,0.0833333333333333,1178,0.0585738539898132
3,207,8,"low","low",300,3000,-5,0.00669285092428486,0.0543333333333333,0.0333333333333333,0.0833333333333333,1181,0.0550381033022862
3,208,8,"low","low",300,3000,-5,0.00669285092428486,0.0573333333333333,0.0333333333333333,0.0833333333333333,1189,0.0546677880571909
3,209,8,"low","low",300,3000,-5,0.00669285092428486,0.0563333333333333,0.0333333333333333,0.0833333333333333,1178,0.0560271646859083
3,210,8,"low","low",300,3000,-5,0.00669285092428486,0.0563333333333333,0.0333333333333333,0.0833333333333333,1179,0.0593723494486853
3,211,8,"low","low",300,3000,-5,0.00669285092428486,0.0566666666666667,0.0333333333333333,0.0833333333333333,1192,0.061241610738255
3,212,8,"low","low",300,3000,-5,0.00669285092428486,0.0553333333333333,0.0333333333333333,0.0833333333333333,1170,0.0598290598290598
3,213,8,"low","low",300,3000,-5,0.00669285092428486,0.0556666666666667,0.0333333333333333,0.0866666666666667,1180,0.0584745762711864
3,214,8,"low","low",300,3000,-5,0.00669285092428486,0.0566666666666667,0.0333333333333333,0.0866666666666667,1179,0.0593723494486853
3,215,8,"low","low",300,3000,-5,0.00669285092428486,0.0563333333333333,0.0333333333333333,0.0866666666666667,1203,0.0590191188694929
3,216,8,"low","low",300,3000,-5,0.00669285092428486,0.059,0.0333333333333333,0.0866666666666667,1213,0.0601813685078318
3,217,8,"low","low",300,3000,-5,0.00669285092428486,0.0616666666666667,0.0366666666666667,0.0866666666666667,1228,0.0610749185667752
3,218,8,"low","low",300,3000,-5,0.00669285092428486,0.0603333333333333,0.0366666666666667,0.0866666666666667,1229,0.0618388934092758
3,219,8,"low","low",300,3000,-5,0.00669285092428486,0.0586666666666667,0.0366666666666667,0.0866666666666667,1235,0.0582995951417004
3,220,8,"low","low",300,3000,-5,0.00669285092428486,0.058,0.0366666666666667,0.0866666666666667,1235,0.0550607287449393
3,221,8,"low","low",300,3000,-5,0.00669285092428486,0.0576666666666667,0.0366666666666667,0.0866666666666667,1231,0.0536149471974005
3,222,8,"low","low",300,3000,-5,0.00669285092428486,0.0586666666666667,0.0366666666666667,0.0866666666666667,1246,0.0529695024077047
3,223,8,"low","low",300,3000,-5,0.00669285092428486,0.055,0.0366666666666667,0.07,1233,0.0510948905109489
3,224,8,"low","low",300,3000,-5,0.00669285092428486,0.0553333333333333,0.0366666666666667,0.07,1228,0.0521172638436482
3,225,8,"low","low",300,3000,-5,0.00669285092428486,0.0553333333333333,0.0366666666666667,0.07,1225,0.0530612244897959
3,226,8,"low","low",300,3000,-5,0.00669285092428486,0.0543333333333333,0.0366666666666667,0.0666666666666667,1232,0.051948051948052
3,227,8,"low","low",300,3000,-5,0.00669285092428486,0.053,0.0366666666666667,0.0666666666666667,1219,0.0492206726825267
3,228,8,"low","low",300,3000,-5,0.00669285092428486,0.053,0.0366666666666667,0.0666666666666667,1221,0.0483210483210483
3,229,8,"low","low",300,3000,-5,0.00669285092428486,0.0566666666666667,0.0366666666666667,0.0766666666666667,1207,0.0497100248550124
3,230,8,"low","low",300,3000,-5,0.00669285092428486,0.0586666666666667,0.0366666666666667,0.0766666666666667,1212,0.0511551155115512
3,231,8,"low","low",300,3000,-5,0.00669285092428486,0.0563333333333333,0.0366666666666667,0.0766666666666667,1220,0.0467213114754098
3,232,8,"low","low",300,3000,-5,0.00669285092428486,0.0566666666666667,0.0366666666666667,0.0766666666666667,1210,0.0471074380165289
3,233,8,"low","low",300,3000,-5,0.00669285092428486,0.0583333333333333,0.0366666666666667,0.0766666666666667,1218,0.0509031198686371
3,234,8,"low","low",300,3000,-5,0.00669285092428486,0.059,0.0366666666666667,0.0766666666666667,1221,0.0540540540540541
3,235,8,"low","low",300,3000,-5,0.00669285092428486,0.0596666666666667,0.0433333333333333,0.0766666666666667,1218,0.0541871921182266
3,236,8,"low","low",300,3000,-5,0.00669285092428486,0.0583333333333333,0.0433333333333333,0.0766666666666667,1212,0.0544554455445545
3,237,8,"low","low",300,3000,-5,0.00669285092428486,0.0593333333333333,0.0433333333333333,0.0766666666666667,1234,0.0583468395461912
3,238,8,"low","low",300,3000,-5,0.00669285092428486,0.0586666666666667,0.0433333333333333,0.0766666666666667,1224,0.0604575163398693
3,239,8,"low","low",300,3000,-5,0.00669285092428486,0.058,0.0433333333333333,0.0766666666666667,1237,0.0654810024252223
3,240,8,"low","low",300,3000,-5,0.00669285092428486,0.057,0.0433333333333333,0.07,1227,0.06519967400163
3,241,8,"low","low",300,3000,-5,0.00669285092428486,0.057,0.0433333333333333,0.07,1229,0.0659072416598861
3,242,8,"low","low",300,3000,-5,0.00669285092428486,0.0596666666666667,0.0433333333333333,0.09,1246,0.0706260032102729
3,243,8,"low","low",300,3000,-5,0.00669285092428486,0.0593333333333333,0.0433333333333333,0.09,1244,0.0683279742765273
3,244,8,"low","low",300,3000,-5,0.00669285092428486,0.0583333333333333,0.0433333333333333,0.09,1246,0.0690208667736758
3,245,8,"low","low",300,3000,-5,0.00669285092428486,0.06,0.0433333333333333,0.09,1240,0.0717741935483871
3,246,8,"low","low",300,3000,-5,0.00669285092428486,0.0623333333333333,0.0433333333333333,0.09,1222,0.0736497545008183
3,247,8,"low","low",300,3000,-5,0.00669285092428486,0.062,0.0433333333333333,0.09,1203,0.0731504571903574
3,248,8,"low","low",300,3000,-5,0.00669285092428486,0.064,0.0433333333333333,0.09,1214,0.0766062602965404
3,249,8,"low","low",300,3000,-5,0.00669285092428486,0.064,0.0433333333333333,0.09,1198,0.0726210350584307
3,250,8,"low","low",300,3000,-5,0.00669285092428486,0.063,0.0433333333333333,0.09,1212,0.0693069306930693
3,251,8,"low","low",300,3000,-5,0.00669285092428486,0.0633333333333333,0.0466666666666667,0.09,1216,0.0715460526315789
3,252,8,"low","low",300,3000,-5,0.00669285092428486,0.0613333333333333,0.0466666666666667,0.07,1219,0.0656275635767022
3,253,8,"low","low",300,3000,-5,0.00669285092428486,0.0613333333333333,0.0466666666666667,0.07,1221,0.0647010647010647
3,254,8,"low","low",300,3000,-5,0.00669285092428486,0.061,0.0466666666666667,0.07,1228,0.0602605863192182
3,255,8,"low","low",300,3000,-5,0.00669285092428486,0.0613333333333333,0.0466666666666667,0.07,1237,0.0606305578011318
3,256,8,"low","low",300,3000,-5,0.00669285092428486,0.0593333333333333,0.0466666666666667,0.07,1262,0.0578446909667195
3,257,8,"low","low",300,3000,-5,0.00669285092428486,0.0603333333333333,0.0466666666666667,0.07,1259,0.0579825258141382
3,258,8,"low","low",300,3000,-5,0.00669285092428486,0.0596666666666667,0.0466666666666667,0.07,1247,0.0561347233360064
3,259,8,"low","low",300,3000,-5,0.00669285092428486,0.0596666666666667,0.0466666666666667,0.07,1246,0.0601926163723917
3,260,8,"low","low",300,3000,-5,0.00669285092428486,0.0596666666666667,0.0466666666666667,0.07,1243,0.0603378921962993
3,261,8,"low","low",300,3000,-5,0.00669285092428486,0.0616666666666667,0.05,0.07,1229,0.0569568755085435
3,262,8,"low","low",300,3000,-5,0.00669285092428486,0.06,0.05,0.07,1210,0.0578512396694215
3,263,8,"low","low",300,3000,-5,0.00669285092428486,0.0603333333333333,0.05,0.07,1214,0.0593080724876442
3,264,8,"low","low",300,3000,-5,0.00669285092428486,0.0606666666666667,0.05,0.07,1206,0.0588723051409619
3,265,8,"low","low",300,3000,-5,0.00669285092428486,0.0616666666666667,0.05,0.0733333333333333,1198,0.0617696160267112
3,266,8,"low","low",300,3000,-5,0.00669285092428486,0.062,0.0533333333333333,0.0733333333333333,1182,0.0668358714043993
3,267,8,"low","low",300,3000,-5,0.00669285092428486,0.063,0.0533333333333333,0.0733333333333333,1191,0.0705289672544081
3,268,8,"low","low",300,3000,-5,0.00669285092428486,0.064,0.0533333333333333,0.0733333333333333,1199,0.0692243536280234
3,269,8,"low","low",300,3000,-5,0.00669285092428486,0.0616666666666667,0.0466666666666667,0.0733333333333333,1213,0.0643033800494641
3,270,8,"low","low",300,3000,-5,0.00669285092428486,0.061,0.0466666666666667,0.0733333333333333,1213,0.0667765869744435
3,271,8,"low","low",300,3000,-5,0.00669285092428486,0.0596666666666667,0.0466666666666667,0.0733333333333333,1227,0.0692746536267319
3,272,8,"low","low",300,3000,-5,0.00669285092428486,0.06,0.0466666666666667,0.0733333333333333,1239,0.0702179176755448
3,273,8,"low","low",300,3000,-5,0.00669285092428486,0.0583333333333333,0.0466666666666667,0.0733333333333333,1227,0.0692746536267319
3,274,8,"low","low",300,3000,-5,0.00669285092428486,0.0563333333333333,0.0366666666666667,0.0733333333333333,1221,0.0720720720720721
3,275,8,"low","low",300,3000,-5,0.00669285092428486,0.0546666666666667,0.0366666666666667,0.0733333333333333,1216,0.0682565789473684
3,276,8,"low","low",300,3000,-5,0.00669285092428486,0.058,0.0366666666666667,0.0866666666666667,1213,0.0684253915910965
3,277,8,"low","low",300,3000,-5,0.00669285092428486,0.059,0.0366666666666667,0.0866666666666667,1223,0.0670482420278005
3,278,8,"low","low",300,3000,-5,0.00669285092428486,0.0586666666666667,0.0366666666666667,0.0866666666666667,1221,0.0671580671580672
3,279,8,"low","low",300,3000,-5,0.00669285092428486,0.0583333333333333,0.0366666666666667,0.0866666666666667,1220,0.0688524590163934
3,280,8,"low","low",300,3000,-5,0.00669285092428486,0.0586666666666667,0.0366666666666667,0.0866666666666667,1224,0.0669934640522876
3,281,8,"low","low",300,3000,-5,0.00669285092428486,0.059,0.0366666666666667,0.0866666666666667,1200,0.0666666666666667
3,282,8,"low","low",300,3000,-5,0.00669285092428486,0.058,0.0366666666666667,0.0866666666666667,1191,0.0646515533165407
3,283,8,"low","low",300,3000,-5,0.00669285092428486,0.0576666666666667,0.0366666666666667,0.0866666666666667,1201,0.0624479600333056
3,284,8,"low","low",300,3000,-5,0.00669285092428486,0.0586666666666667,0.0433333333333333,0.0866666666666667,1200,0.0583333333333333
3,285,8,"low","low",300,3000,-5,0.00669285092428486,0.0596666666666667,0.0433333333333333,0.0866666666666667,1217,0.0591618734593262
3,286,8,"low","low",300,3000,-5,0.00669285092428486,0.0573333333333333,0.0433333333333333,0.0833333333333333,1218,0.0541871921182266
3,287,8,"low","low",300,3000,-5,0.00669285092428486,0.056,0.0433333333333333,0.07,1202,0.0515806988352745
3,288,8,"low","low",300,3000,-5,0.00669285092428486,0.0576666666666667,0.0433333333333333,0.0833333333333333,1197,0.0543024227234754
3,289,8,"low","low",300,3000,-5,0.00669285092428486,0.06,0.0466666666666667,0.0833333333333333,1190,0.0529411764705882
3,290,8,"low","low",300,3000,-5,0.00669285092428486,0.0576666666666667,0.03,0.0833333333333333,1182,0.050761421319797
3,291,8,"low","low",300,3000,-5,0.00669285092428486,0.056,0.03,0.0833333333333333,1211,0.0511973575557391
3,292,8,"low","low",300,3000,-5,0.00669285092428486,0.0566666666666667,0.03,0.0833333333333333,1205,0.0506224066390041
3,293,8,"low","low",300,3000,-5,0.00669285092428486,0.056,0.03,0.0833333333333333,1208,0.0504966887417219
3,294,8,"low","low",300,3000,-5,0.00669285092428486,0.0566666666666667,0.03,0.0833333333333333,1207,0.052195526097763
3,295,8,"low","low",300,3000,-5,0.00669285092428486,0.0543333333333333,0.03,0.0833333333333333,1195,0.0476987447698745
3,296,8,"low","low",300,3000,-5,0.00669285092428486,0.0536666666666667,0.03,0.0833333333333333,1209,0.0471464019851117
3,297,8,"low","low",300,3000,-5,0.00669285092428486,0.052,0.03,0.0833333333333333,1215,0.048559670781893
3,298,8,"low","low",300,3000,-5,0.00669285092428486,0.0496666666666667,0.03,0.0666666666666667,1222,0.0482815057283142
3,299,8,"low","low",300,3000,-5,0.00669285092428486,0.0483333333333333,0.03,0.06,1233,0.0510948905109489
3,300,8,"low","low",300,3000,-5,0.00669285092428486,0.052,0.04,0.0666666666666667,1225,0.0563265306122449
4,1,4,"large","low",1000,10000,-5,0.00669285092428486,0.0396,0.028,0.048,6028,0.0409754479097545
4,2,4,"large","low",1000,10000,-5,0.00669285092428486,0.0409,0.034,0.048,6053,0.0417974558070378
4,3,4,"large","low",1000,10000,-5,0.00669285092428486,0.0414,0.034,0.048,6071,0.0421676824246417
4,4,4,"large","low",1000,10000,-5,0.00669285092428486,0.0418,0.034,0.048,6090,0.042200328407225
4,5,4,"large","low",1000,10000,-5,0.00669285092428486,0.0414,0.034,0.048,6101,0.0417964268152762
4,6,4,"large","low",1000,10000,-5,0.00669285092428486,0.0408,0.034,0.048,6087,0.0410711352061771
4,7,4,"large","low",1000,10000,-5,0.00669285092428486,0.0412,0.034,0.048,6059,0.0412609341475491
4,8,4,"large","low",1000,10000,-5,0.00669285092428486,0.0424,0.034,0.048,6082,0.0430779348898389
4,9,4,"large","low",1000,10000,-5,0.00669285092428486,0.0419,0.034,0.048,6082,0.0419269976981256
4,10,4,"large","low",1000,10000,-5,0.00669285092428486,0.0429,0.034,0.052,6067,0.0423603098730839
4,11,4,"large","low",1000,10000,-5,0.00669285092428486,0.0422,0.034,0.052,6055,0.0419488026424443
4,12,4,"large","low",1000,10000,-5,0.00669285092428486,0.0423,0.034,0.052,6027,0.0414800066368011
4,13,4,"large","low",1000,10000,-5,0.00669285092428486,0.0424,0.034,0.052,5989,0.0410753047253298
4,14,4,"large","low",1000,10000,-5,0.00669285092428486,0.041,0.034,0.052,5969,0.0393700787401575
4,15,4,"large","low",1000,10000,-5,0.00669285092428486,0.0412,0.034,0.052,5953,0.0384679993280699
4,16,4,"large","low",1000,10000,-5,0.00669285092428486,0.0427,0.034,0.053,5963,0.0389065906422941
4,17,4,"large","low",1000,10000,-5,0.00669285092428486,0.0429,0.034,0.053,5944,0.0390309555854643
4,18,4,"large","low",1000,10000,-5,0.00669285092428486,0.0424,0.034,0.053,5932,0.0380984490896831
4,19,4,"large","low",1000,10000,-5,0.00669285092428486,0.0433,0.034,0.053,5938,0.0378915459750758
4,20,4,"large","low",1000,10000,-5,0.00669285092428486,0.042,0.034,0.053,5962,0.0362294532036229
4,21,4,"large","low",1000,10000,-5,0.00669285092428486,0.0424,0.034,0.053,5937,0.0362135758800741
4,22,4,"large","low",1000,10000,-5,0.00669285092428486,0.0438,0.034,0.056,5930,0.0376053962900506
4,23,4,"large","low",1000,10000,-5,0.00669285092428486,0.0442,0.034,0.056,5940,0.0383838383838384
4,24,4,"large","low",1000,10000,-5,0.00669285092428486,0.0453,0.036,0.056,5945,0.03986543313709
4,25,4,"large","low",1000,10000,-5,0.00669285092428486,0.0459,0.039,0.056,5951,0.0410015123508654
4,26,4,"large","low",1000,10000,-5,0.00669285092428486,0.0442,0.036,0.056,5957,0.0397851267416485
4,27,4,"large","low",1000,10000,-5,0.00669285092428486,0.0448,0.036,0.056,5961,0.0405972152323436
4,28,4,"large","low",1000,10000,-5,0.00669285092428486,0.046,0.036,0.056,5957,0.0429746516703038
4,29,4,"large","low",1000,10000,-5,0.00669285092428486,0.0449,0.036,0.056,5947,0.0437195224482933
4,30,4,"large","low",1000,10000,-5,0.00669285092428486,0.0441,0.031,0.056,5922,0.0430597771023303
4,31,4,"large","low",1000,10000,-5,0.00669285092428486,0.0424,0.028,0.056,5917,0.0420821362176779
4,32,4,"large","low",1000,10000,-5,0.00669285092428486,0.0417,0.028,0.055,5906,0.0416525567219777
4,33,4,"large","low",1000,10000,-5,0.00669285092428486,0.0412,0.028,0.055,5927,0.0406613801248524
4,34,4,"large","low",1000,10000,-5,0.00669285092428486,0.0418,0.028,0.055,5925,0.0413502109704641
4,35,4,"large","low",1000,10000,-5,0.00669285092428486,0.0414,0.028,0.055,5931,0.0406339571741696
4,36,4,"large","low",1000,10000,-5,0.00669285092428486,0.0427,0.028,0.055,5917,0.0420821362176779
4,37,4,"large","low",1000,10000,-5,0.00669285092428486,0.0426,0.028,0.055,5944,0.0422274562584118
4,38,4,"large","low",1000,10000,-5,0.00669285092428486,0.0405,0.028,0.051,5973,0.039845973547631
4,39,4,"large","low",1000,10000,-5,0.00669285092428486,0.0415,0.028,0.051,5966,0.0402279584311096
4,40,4,"large","low",1000,10000,-5,0.00669285092428486,0.043,0.028,0.051,6013,0.0417428904041244
4,41,4,"large","low",1000,10000,-5,0.00669285092428486,0.0446,0.034,0.051,6021,0.0416874273376516
4,42,4,"large","low",1000,10000,-5,0.00669285092428486,0.0438,0.034,0.051,6028,0.0409754479097545
4,43,4,"large","low",1000,10000,-5,0.00669285092428486,0.0431,0.034,0.051,6022,0.0401859847226835
4,44,4,"large","low",1000,10000,-5,0.00669285092428486,0.043,0.034,0.05,6007,0.0392874979190944
4,45,4,"large","low",1000,10000,-5,0.00669285092428486,0.0434,0.034,0.05,5993,0.0400467211747038
4,46,4,"large","low",1000,10000,-5,0.00669285092428486,0.0418,0.033,0.05,5977,0.0396519993307679
4,47,4,"large","low",1000,10000,-5,0.00669285092428486,0.0419,0.033,0.05,5974,0.0393371275527285
4,48,4,"large","low",1000,10000,-5,0.00669285092428486,0.0436,0.033,0.051,5930,0.0404721753794266
4,49,4,"large","low",1000,10000,-5,0.00669285092428486,0.042,0.031,0.051,5965,0.0393964794635373
4,50,4,"large","low",1000,10000,-5,0.00669285092428486,0.0416,0.031,0.051,5959,0.0392683336130223
4,51,4,"large","low",1000,10000,-5,0.00669285092428486,0.0416,0.031,0.051,5957,0.041799563538694
4,52,4,"large","low",1000,10000,-5,0.00669285092428486,0.0414,0.031,0.051,5964,0.0427565392354125
4,53,4,"large","low",1000,10000,-5,0.00669285092428486,0.0421,0.031,0.051,5936,0.0443059299191375
4,54,4,"large","low",1000,10000,-5,0.00669285092428486,0.0412,0.031,0.051,5914,0.0446398376733175
4,55,4,"large","low",1000,10000,-5,0.00669285092428486,0.0407,0.031,0.051,5914,0.0444707473791004
4,56,4,"large","low",1000,10000,-5,0.00669285092428486,0.042,0.031,0.051,5924,0.0447332883187036
4,57,4,"large","low",1000,10000,-5,0.00669285092428486,0.0421,0.031,0.051,5915,0.0449704142011834
4,58,4,"large","low",1000,10000,-5,0.00669285092428486,0.041,0.031,0.047,5945,0.0433978132884777
4,59,4,"large","low",1000,10000,-5,0.00669285092428486,0.0421,0.037,0.047,5897,0.0449381041207394
4,60,4,"large","low",1000,10000,-5,0.00669285092428486,0.0412,0.033,0.047,5851,0.0444368484019826
4,61,4,"large","low",1000,10000,-5,0.00669285092428486,0.0411,0.033,0.047,5862,0.0448652337086319
4,62,4,"large","low",1000,10000,-5,0.00669285092428486,0.0407,0.033,0.047,5881,0.0440401292297228
4,63,4,"large","low",1000,10000,-5,0.00669285092428486,0.0407,0.033,0.047,5895,0.0432569974554707
4,64,4,"large","low",1000,10000,-5,0.00669285092428486,0.0409,0.033,0.047,5919,0.0418989694205102
4,65,4,"large","low",1000,10000,-5,0.00669285092428486,0.0415,0.033,0.047,5908,0.0421462423832092
4,66,4,"large","low",1000,10000,-5,0.00669285092428486,0.0408,0.033,0.047,5906,0.0418218760582459
4,67,4,"large","low",1000,10000,-5,0.00669285092428486,0.0408,0.033,0.047,5898,0.0422177009155646
4,68,4,"large","low",1000,10000,-5,0.00669285092428486,0.0413,0.033,0.047,5886,0.0429833503227999
4,69,4,"large","low",1000,10000,-5,0.00669285092428486,0.0425,0.033,0.054,5901,0.0433824775461786
4,70,4,"large","low",1000,10000,-5,0.00669285092428486,0.0427,0.035,0.054,5924,0.0423700202565834
4,71,4,"large","low",1000,10000,-5,0.00669285092428486,0.0431,0.035,0.054,5931,0.0402967459113134
4,72,4,"large","low",1000,10000,-5,0.00669285092428486,0.0432,0.035,0.054,5909,0.0396006092401422
4,73,4,"large","low",1000,10000,-5,0.00669285092428486,0.0438,0.035,0.054,5925,0.0410126582278481
4,74,4,"large","low",1000,10000,-5,0.00669285092428486,0.0435,0.035,0.054,5938,0.0412596833950825
4,75,4,"large","low",1000,10000,-5,0.00669285092428486,0.0432,0.035,0.054,5939,0.0404108435763597
4,76,4,"large","low",1000,10000,-5,0.00669285092428486,0.0435,0.035,0.054,5932,0.0407956844234659
4,77,4,"large","low",1000,10000,-5,0.00669285092428486,0.0426,0.035,0.054,5953,0.0398118595666051
4,78,4,"large","low",1000,10000,-5,0.00669285092428486,0.0424,0.035,0.054,5940,0.0402356902356902
4,79,4,"large","low",1000,10000,-5,0.00669285092428486,0.0408,0.035,0.049,5934,0.0379170879676441
4,80,4,"large","low",1000,10000,-5,0.00669285092428486,0.042,0.036,0.049,5937,0.0402560215597103
4,81,4,"large","low",1000,10000,-5,0.00669285092428486,0.0423,0.036,0.05,5906,0.041144598713173
4,82,4,"large","low",1000,10000,-5,0.00669285092428486,0.0433,0.038,0.05,5928,0.0416666666666667
4,83,4,"large","low",1000,10000,-5,0.00669285092428486,0.0427,0.038,0.05,5924,0.0406819716407833
4,84,4,"large","low",1000,10000,-5,0.00669285092428486,0.043,0.038,0.05,5940,0.0405723905723906
4,85,4,"large","low",1000,10000,-5,0.00669285092428486,0.0436,0.038,0.05,5928,0.0409919028340081
4,86,4,"large","low",1000,10000,-5,0.00669285092428486,0.0435,0.038,0.05,5954,0.0406449445750756
4,87,4,"large","low",1000,10000,-5,0.00669285092428486,0.0434,0.037,0.05,5971,0.0408641768547982
4,88,4,"large","low",1000,10000,-5,0.00669285092428486,0.0438,0.037,0.05,6007,0.0407857499583819
4,89,4,"large","low",1000,10000,-5,0.00669285092428486,0.0446,0.037,0.05,6049,0.0418250950570342
4,90,4,"large","low",1000,10000,-5,0.00669285092428486,0.0449,0.037,0.05,6023,0.0416735845923958
4,91,4,"large","low",1000,10000,-5,0.00669285092428486,0.0442,0.037,0.05,6040,0.0408940397350993
4,92,4,"large","low",1000,10000,-5,0.00669285092428486,0.0437,0.037,0.05,6043,0.0410392189309945
4,93,4,"large","low",1000,10000,-5,0.00669285092428486,0.0437,0.037,0.05,6057,0.0407792636618788
4,94,4,"large","low",1000,10000,-5,0.00669285092428486,0.0435,0.037,0.05,6059,0.0410958904109589
4,95,4,"large","low",1000,10000,-5,0.00669285092428486,0.0439,0.037,0.05,6084,0.0425706771860618
4,96,4,"large","low",1000,10000,-5,0.00669285092428486,0.0428,0.03,0.05,6073,0.0413304791700971
4,97,4,"large","low",1000,10000,-5,0.00669285092428486,0.0421,0.03,0.05,6069,0.0400395452298567
4,98,4,"large","low",1000,10000,-5,0.00669285092428486,0.0415,0.03,0.05,6069,0.0388861426923711
4,99,4,"large","low",1000,10000,-5,0.00669285092428486,0.0414,0.03,0.05,6033,0.0387866732968672
4,100,4,"large","low",1000,10000,-5,0.00669285092428486,0.0417,0.03,0.053,6055,0.0396366639141206
4,101,4,"large","low",1000,10000,-5,0.00669285092428486,0.042,0.03,0.053,6080,0.0401315789473684
4,102,4,"large","low",1000,10000,-5,0.00669285092428486,0.0415,0.03,0.053,6062,0.0394259320356318
4,103,4,"large","low",1000,10000,-5,0.00669285092428486,0.0408,0.03,0.053,6020,0.0390365448504983
4,104,4,"large","low",1000,10000,-5,0.00669285092428486,0.0412,0.03,0.053,6011,0.0399268008650807
4,105,4,"large","low",1000,10000,-5,0.00669285092428486,0.0404,0.03,0.053,6023,0.0388510708949029
4,106,4,"large","low",1000,10000,-5,0.00669285092428486,0.0427,0.03,0.053,6027,0.0413140866102539
4,107,4,"large","low",1000,10000,-5,0.00669285092428486,0.0453,0.036,0.056,5990,0.0429048414023372
4,108,4,"large","low",1000,10000,-5,0.00669285092428486,0.0457,0.036,0.056,5979,0.0439872888442883
4,109,4,"large","low",1000,10000,-5,0.00669285092428486,0.0451,0.036,0.056,5995,0.0443703085904921
4,110,4,"large","low",1000,10000,-5,0.00669285092428486,0.0433,0.035,0.056,5990,0.0420701168614357
4,111,4,"large","low",1000,10000,-5,0.00669285092428486,0.0423,0.035,0.056,5971,0.0413666052587506
4,112,4,"large","low",1000,10000,-5,0.00669285092428486,0.043,0.035,0.056,5971,0.041031652989449
4,113,4,"large","low",1000,10000,-5,0.00669285092428486,0.0447,0.035,0.056,5992,0.0433911882510013
4,114,4,"large","low",1000,10000,-5,0.00669285092428486,0.044,0.035,0.056,5995,0.042535446205171
4,115,4,"large","low",1000,10000,-5,0.00669285092428486,0.0448,0.035,0.056,5992,0.0425567423230975
4,116,4,"large","low",1000,10000,-5,0.00669285092428486,0.0449,0.035,0.056,6002,0.0426524491836055
4,117,4,"large","low",1000,10000,-5,0.00669285092428486,0.043,0.035,0.054,6004,0.0428047968021319
4,118,4,"large","low",1000,10000,-5,0.00669285092428486,0.0422,0.035,0.054,5978,0.0418200066912011
4,119,4,"large","low",1000,10000,-5,0.00669285092428486,0.0426,0.035,0.054,5975,0.0413389121338912
4,120,4,"large","low",1000,10000,-5,0.00669285092428486,0.0429,0.036,0.054,5957,0.0407923451401712
4,121,4,"large","low",1000,10000,-5,0.00669285092428486,0.043,0.037,0.054,5979,0.0409767519652116
4,122,4,"large","low",1000,10000,-5,0.00669285092428486,0.0431,0.037,0.054,6015,0.0432252701579385
4,123,4,"large","low",1000,10000,-5,0.00669285092428486,0.042,0.037,0.054,6015,0.0420615128844555
4,124,4,"large","low",1000,10000,-5,0.00669285092428486,0.0427,0.037,0.054,6001,0.042826195634061
4,125,4,"large","low",1000,10000,-5,0.00669285092428486,0.0413,0.036,0.054,5969,0.0417155302395711
4,126,4,"large","low",1000,10000,-5,0.00669285092428486,0.0404,0.036,0.045,5942,0.0400538539212386
4,127,4,"large","low",1000,10000,-5,0.00669285092428486,0.0404,0.036,0.045,5961,0.0385841301795001
4,128,4,"large","low",1000,10000,-5,0.00669285092428486,0.0415,0.036,0.048,5955,0.0394626364399664
4,129,4,"large","low",1000,10000,-5,0.00669285092428486,0.0421,0.036,0.049,5959,0.0404430273535828
4,130,4,"large","low",1000,10000,-5,0.00669285092428486,0.0425,0.036,0.049,5931,0.0419828022255943
4,131,4,"large","low",1000,10000,-5,0.00669285092428486,0.0428,0.036,0.049,5926,0.0420182247721903
4,132,4,"large","low",1000,10000,-5,0.00669285092428486,0.0426,0.036,0.049,5921,0.0413781455835163
4,133,4,"large","low",1000,10000,-5,0.00669285092428486,0.0431,0.036,0.049,5889,0.0414331805060282
4,134,4,"large","low",1000,10000,-5,0.00669285092428486,0.0423,0.036,0.049,5908,0.0401150981719702
4,135,4,"large","low",1000,10000,-5,0.00669285092428486,0.0433,0.037,0.049,5945,0.0420521446593776
4,136,4,"large","low",1000,10000,-5,0.00669285092428486,0.0427,0.037,0.049,5971,0.0418690336627031
4,137,4,"large","low",1000,10000,-5,0.00669285092428486,0.0426,0.036,0.049,5943,0.0430758875988558
4,138,4,"large","low",1000,10000,-5,0.00669285092428486,0.042,0.036,0.049,5967,0.0435729847494553
4,139,4,"large","low",1000,10000,-5,0.00669285092428486,0.041,0.036,0.047,5955,0.0431570109151973
4,140,4,"large","low",1000,10000,-5,0.00669285092428486,0.041,0.036,0.047,5994,0.0425425425425425
4,141,4,"large","low",1000,10000,-5,0.00669285092428486,0.0414,0.036,0.047,5971,0.0427064143359571
4,142,4,"large","low",1000,10000,-5,0.00669285092428486,0.0407,0.035,0.047,5963,0.0420929062552406
4,143,4,"large","low",1000,10000,-5,0.00669285092428486,0.0394,0.034,0.046,5966,0.0412336573918874
4,144,4,"large","low",1000,10000,-5,0.00669285092428486,0.0406,0.034,0.049,5946,0.0417087117389842
4,145,4,"large","low",1000,10000,-5,0.00669285092428486,0.04,0.034,0.049,5932,0.0404585300067431
4,146,4,"large","low",1000,10000,-5,0.00669285092428486,0.0407,0.034,0.049,5913,0.0407576526297987
4,147,4,"large","low",1000,10000,-5,0.00669285092428486,0.0425,0.034,0.054,5931,0.0424886191198786
4,148,4,"large","low",1000,10000,-5,0.00669285092428486,0.0439,0.034,0.056,5940,0.0436026936026936
4,149,4,"large","low",1000,10000,-5,0.00669285092428486,0.0436,0.034,0.056,5929,0.0425029515938607
4,150,4,"large","low",1000,10000,-5,0.00669285092428486,0.0451,0.034,0.057,5944,0.0452557200538358
4,151,4,"large","low",1000,10000,-5,0.00669285092428486,0.045,0.034,0.057,5949,0.0450495881660783
4,152,4,"large","low",1000,10000,-5,0.00669285092428486,0.0453,0.034,0.057,5964,0.0444332662642522
4,153,4,"large","low",1000,10000,-5,0.00669285092428486,0.0461,0.036,0.057,5964,0.0444332662642522
4,154,4,"large","low",1000,10000,-5,0.00669285092428486,0.0456,0.036,0.057,5995,0.0443703085904921
4,155,4,"large","low",1000,10000,-5,0.00669285092428486,0.0454,0.036,0.057,6014,0.0442301296973728
4,156,4,"large","low",1000,10000,-5,0.00669285092428486,0.0455,0.036,0.057,6026,0.0444739462329904
4,157,4,"large","low",1000,10000,-5,0.00669285092428486,0.0439,0.036,0.057,6012,0.042581503659348
4,158,4,"large","low",1000,10000,-5,0.00669285092428486,0.043,0.036,0.057,5996,0.0411941294196131
4,159,4,"large","low",1000,10000,-5,0.00669285092428486,0.0431,0.037,0.057,6017,0.0420475319926874
4,160,4,"large","low",1000,10000,-5,0.00669285092428486,0.0415,0.037,0.047,6004,0.0388074616922052
4,161,4,"large","low",1000,10000,-5,0.00669285092428486,0.0419,0.037,0.047,6023,0.0396812219824008
4,162,4,"large","low",1000,10000,-5,0.00669285092428486,0.0423,0.037,0.047,5975,0.0394979079497908
4,163,4,"large","low",1000,10000,-5,0.00669285092428486,0.042,0.037,0.047,6003,0.0391470931201066
4,164,4,"large","low",1000,10000,-5,0.00669285092428486,0.0402,0.026,0.047,6000,0.0385
4,165,4,"large","low",1000,10000,-5,0.00669285092428486,0.0403,0.026,0.047,5968,0.0387064343163539
4,166,4,"large","low",1000,10000,-5,0.00669285092428486,0.0397,0.026,0.047,5941,0.0387140212085507
4,167,4,"large","low",1000,10000,-5,0.00669285092428486,0.0408,0.026,0.049,5964,0.0394030851777331
4,168,4,"large","low",1000,10000,-5,0.00669285092428486,0.0408,0.026,0.049,5947,0.0395157222128804
4,169,4,"large","low",1000,10000,-5,0.00669285092428486,0.0409,0.026,0.049,5926,0.0379682753965575
4,170,4,"large","low",1000,10000,-5,0.00669285092428486,0.0405,0.026,0.049,5909,0.0384159756303943
4,171,4,"large","low",1000,10000,-5,0.00669285092428486,0.0399,0.026,0.049,5877,0.0381146843627701
4,172,4,"large","low",1000,10000,-5,0.00669285092428486,0.0408,0.026,0.051,5894,0.0397013912453342
4,173,4,"large","low",1000,10000,-5,0.00669285092428486,0.041,0.026,0.051,5880,0.0404761904761905
4,174,4,"large","low",1000,10000,-5,0.00669285092428486,0.0419,0.035,0.051,5836,0.0395819054146676
4,175,4,"large","low",1000,10000,-5,0.00669285092428486,0.0437,0.035,0.057,5845,0.0403763900769889
4,176,4,"large","low",1000,10000,-5,0.00669285092428486,0.0439,0.035,0.057,5863,0.0404229916425038
4,177,4,"large","low",1000,10000,-5,0.00669285092428486,0.0433,0.035,0.057,5854,0.0399726682610181
4,178,4,"large","low",1000,10000,-5,0.00669285092428486,0.042,0.034,0.057,5879,0.0377615240687192
4,179,4,"large","low",1000,10000,-5,0.00669285092428486,0.0424,0.034,0.057,5860,0.0387372013651877
4,180,4,"large","low",1000,10000,-5,0.00669285092428486,0.0433,0.034,0.057,5877,0.0396460779309171
4,181,4,"large","low",1000,10000,-5,0.00669285092428486,0.0427,0.034,0.057,5883,0.0382457929627741
4,182,4,"large","low",1000,10000,-5,0.00669285092428486,0.0412,0.034,0.057,5865,0.0371696504688832
4,183,4,"large","low",1000,10000,-5,0.00669285092428486,0.0411,0.034,0.057,5856,0.0373975409836066
4,184,4,"large","low",1000,10000,-5,0.00669285092428486,0.0423,0.034,0.057,5879,0.0396325905766287
4,185,4,"large","low",1000,10000,-5,0.00669285092428486,0.0413,0.034,0.047,5902,0.0388004066418163
4,186,4,"large","low",1000,10000,-5,0.00669285092428486,0.0409,0.034,0.047,5879,0.0381017179792482
4,187,4,"large","low",1000,10000,-5,0.00669285092428486,0.0397,0.031,0.047,5900,0.0361016949152542
4,188,4,"large","low",1000,10000,-5,0.00669285092428486,0.0406,0.031,0.047,5890,0.0388794567062818
4,189,4,"large","low",1000,10000,-5,0.00669285092428486,0.0412,0.031,0.048,5907,0.0406297613001524
4,190,4,"large","low",1000,10000,-5,0.00669285092428486,0.0426,0.031,0.06,5897,0.041546549092759
4,191,4,"large","low",1000,10000,-5,0.00669285092428486,0.0428,0.031,0.06,5913,0.0421106037544394
4,192,4,"large","low",1000,10000,-5,0.00669285092428486,0.0436,0.031,0.06,5937,0.0431194205827859
4,193,4,"large","low",1000,10000,-5,0.00669285092428486,0.0444,0.031,0.06,5984,0.0432820855614973
4,194,4,"large","low",1000,10000,-5,0.00669285092428486,0.0432,0.031,0.06,5995,0.0418682235195997
4,195,4,"large","low",1000,10000,-5,0.00669285092428486,0.0435,0.031,0.06,5984,0.0424465240641711
4,196,4,"large","low",1000,10000,-5,0.00669285092428486,0.0442,0.031,0.06,5981,0.0441397759571978
4,197,4,"large","low",1000,10000,-5,0.00669285092428486,0.0462,0.035,0.06,5975,0.0470292887029289
4,198,4,"large","low",1000,10000,-5,0.00669285092428486,0.0468,0.035,0.06,5972,0.047052913596785
4,199,4,"large","low",1000,10000,-5,0.00669285092428486,0.0462,0.035,0.06,5982,0.0458040789033768
4,200,4,"large","low",1000,10000,-5,0.00669285092428486,0.0452,0.035,0.051,5989,0.0459175154449825
4,201,4,"large","low",1000,10000,-5,0.00669285092428486,0.0452,0.035,0.051,5973,0.045370835426084
4,202,4,"large","low",1000,10000,-5,0.00669285092428486,0.0444,0.035,0.051,5995,0.0435362802335279
4,203,4,"large","low",1000,10000,-5,0.00669285092428486,0.044,0.035,0.051,5943,0.0427393572269897
4,204,4,"large","low",1000,10000,-5,0.00669285092428486,0.0441,0.036,0.051,5928,0.0431848852901484
4,205,4,"large","low",1000,10000,-5,0.00669285092428486,0.0428,0.036,0.051,5931,0.0424886191198786
4,206,4,"large","low",1000,10000,-5,0.00669285092428486,0.0431,0.036,0.051,5950,0.0416806722689076
4,207,4,"large","low",1000,10000,-5,0.00669285092428486,0.0413,0.033,0.05,5914,0.0397362191410213
4,208,4,"large","low",1000,10000,-5,0.00669285092428486,0.0405,0.033,0.05,5961,0.039087401442711
4,209,4,"large","low",1000,10000,-5,0.00669285092428486,0.0406,0.033,0.05,5976,0.0381526104417671
4,210,4,"large","low",1000,10000,-5,0.00669285092428486,0.04,0.033,0.049,6004,0.0373084610259827
4,211,4,"large","low",1000,10000,-5,0.00669285092428486,0.0399,0.033,0.049,6029,0.0373196218278321
4,212,4,"large","low",1000,10000,-5,0.00669285092428486,0.0416,0.033,0.053,5993,0.0393792758217921
4,213,4,"large","low",1000,10000,-5,0.00669285092428486,0.0413,0.033,0.053,5996,0.0398599066044029
4,214,4,"large","low",1000,10000,-5,0.00669285092428486,0.0433,0.033,0.056,6013,0.0417428904041244
4,215,4,"large","low",1000,10000,-5,0.00669285092428486,0.0451,0.033,0.056,5982,0.0432965563356737
4,216,4,"large","low",1000,10000,-5,0.00669285092428486,0.0449,0.033,0.056,6005,0.0431307243963364
4,217,4,"large","low",1000,10000,-5,0.00669285092428486,0.0454,0.036,0.056,6043,0.0436869104749297
4,218,4,"large","low",1000,10000,-5,0.00669285092428486,0.0457,0.036,0.056,6013,0.0425744220854815
4,219,4,"large","low",1000,10000,-5,0.00669285092428486,0.0446,0.032,0.056,5984,0.0424465240641711
4,220,4,"large","low",1000,10000,-5,0.00669285092428486,0.0437,0.032,0.056,5945,0.0410428931875526
4,221,4,"large","low",1000,10000,-5,0.00669285092428486,0.0442,0.032,0.056,5921,0.0418848167539267
4,222,4,"large","low",1000,10000,-5,0.00669285092428486,0.0442,0.032,0.056,5894,0.0407193756362402
4,223,4,"large","low",1000,10000,-5,0.00669285092428486,0.044,0.032,0.056,5911,0.0395872102859076
4,224,4,"large","low",1000,10000,-5,0.00669285092428486,0.0426,0.032,0.055,5893,0.0376718140166299
4,225,4,"large","low",1000,10000,-5,0.00669285092428486,0.0408,0.032,0.053,5922,0.03596757852077
4,226,4,"large","low",1000,10000,-5,0.00669285092428486,0.0409,0.032,0.053,5914,0.0370307744335475
4,227,4,"large","low",1000,10000,-5,0.00669285092428486,0.0408,0.032,0.053,5867,0.0371569797170615
4,228,4,"large","low",1000,10000,-5,0.00669285092428486,0.04,0.032,0.053,5873,0.0371190192405925
4,229,4,"large","low",1000,10000,-5,0.00669285092428486,0.0413,0.035,0.053,5877,0.0399863876127276
4,230,4,"large","low",1000,10000,-5,0.00669285092428486,0.0421,0.036,0.053,5914,0.0412580317889753
4,231,4,"large","low",1000,10000,-5,0.00669285092428486,0.0419,0.036,0.053,5907,0.0414762146605722
4,232,4,"large","low",1000,10000,-5,0.00669285092428486,0.041,0.036,0.048,5936,0.0414420485175202
4,233,4,"large","low",1000,10000,-5,0.00669285092428486,0.0414,0.036,0.048,5916,0.0420892494929006
4,234,4,"large","low",1000,10000,-5,0.00669285092428486,0.042,0.036,0.048,5907,0.042491958693076
4,235,4,"large","low",1000,10000,-5,0.00669285092428486,0.0427,0.036,0.048,5859,0.0435227854582693
4,236,4,"large","low",1000,10000,-5,0.00669285092428486,0.042,0.036,0.048,5865,0.0416027280477408
4,237,4,"large","low",1000,10000,-5,0.00669285092428486,0.0421,0.036,0.048,5880,0.041156462585034
4,238,4,"large","low",1000,10000,-5,0.00669285092428486,0.0429,0.038,0.048,5850,0.0417094017094017
4,239,4,"large","low",1000,10000,-5,0.00669285092428486,0.0425,0.038,0.048,5870,0.0393526405451448
4,240,4,"large","low",1000,10000,-5,0.00669285092428486,0.0432,0.038,0.05,5840,0.0405821917808219
4,241,4,"large","low",1000,10000,-5,0.00669285092428486,0.0436,0.038,0.05,5839,0.0397328309642062
4,242,4,"large","low",1000,10000,-5,0.00669285092428486,0.0441,0.038,0.05,5839,0.0405891419763658
4,243,4,"large","low",1000,10000,-5,0.00669285092428486,0.0444,0.038,0.05,5869,0.0410632134946328
4,244,4,"large","low",1000,10000,-5,0.00669285092428486,0.0439,0.038,0.05,5893,0.0405565925674529
4,245,4,"large","low",1000,10000,-5,0.00669285092428486,0.0443,0.038,0.05,5946,0.0403632694248234
4,246,4,"large","low",1000,10000,-5,0.00669285092428486,0.0448,0.038,0.05,5951,0.041505629305999
4,247,4,"large","low",1000,10000,-5,0.00669285092428486,0.0451,0.041,0.05,5969,0.0410454012397386
4,248,4,"large","low",1000,10000,-5,0.00669285092428486,0.0461,0.041,0.054,5965,0.0410729253981559
4,249,4,"large","low",1000,10000,-5,0.00669285092428486,0.0461,0.041,0.054,5958,0.0412890231621349
4,250,4,"large","low",1000,10000,-5,0.00669285092428486,0.0453,0.041,0.054,5969,0.0390350142402412
4,251,4,"large","low",1000,10000,-5,0.00669285092428486,0.0451,0.041,0.054,5942,0.0397172669134971
4,252,4,"large","low",1000,10000,-5,0.00669285092428486,0.0449,0.041,0.054,5979,0.0396387355745108
4,253,4,"large","low",1000,10000,-5,0.00669285092428486,0.0432,0.029,0.054,5968,0.0387064343163539
4,254,4,"large","low",1000,10000,-5,0.00669285092428486,0.0438,0.029,0.054,5975,0.0405020920502092
4,255,4,"large","low",1000,10000,-5,0.00669285092428486,0.0425,0.029,0.054,5967,0.0402212166918049
4,256,4,"large","low",1000,10000,-5,0.00669285092428486,0.0411,0.029,0.054,5954,0.0384615384615385
4,257,4,"large","low",1000,10000,-5,0.00669285092428486,0.0424,0.029,0.054,5942,0.0408953214405924
4,258,4,"large","low",1000,10000,-5,0.00669285092428486,0.0415,0.029,0.054,5969,0.0408778689897805
4,259,4,"large","low",1000,10000,-5,0.00669285092428486,0.0422,0.029,0.054,5980,0.0414715719063545
4,260,4,"large","low",1000,10000,-5,0.00669285092428486,0.0419,0.029,0.054,5979,0.0426492724535876
4,261,4,"large","low",1000,10000,-5,0.00669285092428486,0.042,0.029,0.054,6024,0.0429946879150066
4,262,4,"large","low",1000,10000,-5,0.00669285092428486,0.0417,0.029,0.054,5975,0.0426778242677824
4,263,4,"large","low",1000,10000,-5,0.00669285092428486,0.0436,0.032,0.054,5954,0.0433322136378905
4,264,4,"large","low",1000,10000,-5,0.00669285092428486,0.0435,0.032,0.054,5926,0.0423557205534931
4,265,4,"large","low",1000,10000,-5,0.00669285092428486,0.0452,0.032,0.054,5926,0.0435369557880526
4,266,4,"large","low",1000,10000,-5,0.00669285092428486,0.046,0.039,0.054,5896,0.044606512890095
4,267,4,"large","low",1000,10000,-5,0.00669285092428486,0.0453,0.039,0.052,5904,0.0438685636856369
4,268,4,"large","low",1000,10000,-5,0.00669285092428486,0.0457,0.039,0.052,5920,0.0440878378378378
4,269,4,"large","low",1000,10000,-5,0.00669285092428486,0.0443,0.034,0.052,5889,0.0422822210901681
4,270,4,"large","low",1000,10000,-5,0.00669285092428486,0.0446,0.034,0.052,5893,0.0410656711352452
4,271,4,"large","low",1000,10000,-5,0.00669285092428486,0.0452,0.034,0.052,5934,0.0424671385237614
4,272,4,"large","low",1000,10000,-5,0.00669285092428486,0.0441,0.033,0.052,5937,0.0410981977429678
4,273,4,"large","low",1000,10000,-5,0.00669285092428486,0.0433,0.033,0.052,5972,0.0411922304085733
4,274,4,"large","low",1000,10000,-5,0.00669285092428486,0.0424,0.033,0.052,5962,0.0404226769540423
4,275,4,"large","low",1000,10000,-5,0.00669285092428486,0.0413,0.033,0.049,5970,0.0393634840871022
4,276,4,"large","low",1000,10000,-5,0.00669285092428486,0.0411,0.033,0.049,6028,0.0391506303915063
4,277,4,"large","low",1000,10000,-5,0.00669285092428486,0.0411,0.033,0.049,6031,0.0391311556955729
4,278,4,"large","low",1000,10000,-5,0.00669285092428486,0.0408,0.033,0.048,6006,0.0384615384615385
4,279,4,"large","low",1000,10000,-5,0.00669285092428486,0.0407,0.033,0.048,6022,0.0395217535702424
4,280,4,"large","low",1000,10000,-5,0.00669285092428486,0.0409,0.033,0.048,6032,0.0399535809018568
4,281,4,"large","low",1000,10000,-5,0.00669285092428486,0.0407,0.033,0.047,5998,0.0390130043347783
4,282,4,"large","low",1000,10000,-5,0.00669285092428486,0.0417,0.033,0.047,6039,0.0404040404040404
4,283,4,"large","low",1000,10000,-5,0.00669285092428486,0.0418,0.033,0.047,6026,0.0404912047792897
4,284,4,"large","low",1000,10000,-5,0.00669285092428486,0.0416,0.033,0.047,6044,0.0403706154864328
4,285,4,"large","low",1000,10000,-5,0.00669285092428486,0.0413,0.033,0.047,6028,0.0403118779031188
4,286,4,"large","low",1000,10000,-5,0.00669285092428486,0.0403,0.028,0.047,5960,0.038255033557047
4,287,4,"large","low",1000,10000,-5,0.00669285092428486,0.0401,0.028,0.046,5959,0.0387648934384964
4,288,4,"large","low",1000,10000,-5,0.00669285092428486,0.0395,0.028,0.046,5967,0.0387129210658622
4,289,4,"large","low",1000,10000,-5,0.00669285092428486,0.0411,0.028,0.049,5952,0.0399865591397849
4,290,4,"large","low",1000,10000,-5,0.00669285092428486,0.041,0.028,0.049,5955,0.0411418975650714
4,291,4,"large","low",1000,10000,-5,0.00669285092428486,0.0395,0.028,0.049,5930,0.03929173693086
4,292,4,"large","low",1000,10000,-5,0.00669285092428486,0.039,0.028,0.049,5896,0.0385006784260516
4,293,4,"large","low",1000,10000,-5,0.00669285092428486,0.0399,0.028,0.05,5892,0.0395451459606246
4,294,4,"large","low",1000,10000,-5,0.00669285092428486,0.0417,0.028,0.055,5898,0.0412004069175992
4,295,4,"large","low",1000,10000,-5,0.00669285092428486,0.0429,0.028,0.055,5891,0.0424376167034459
4,296,4,"large","low",1000,10000,-5,0.00669285092428486,0.0452,0.031,0.055,5952,0.0467069892473118
4,297,4,"large","low",1000,10000,-5,0.00669285092428486,0.0439,0.031,0.055,5928,0.0445344129554656
4,298,4,"large","low",1000,10000,-5,0.00669285092428486,0.043,0.031,0.055,5935,0.0443133951137321
4,299,4,"large","low",1000,10000,-5,0.00669285092428486,0.0422,0.031,0.055,5945,0.0437342304457527
4,300,4,"large","low",1000,10000,-5,0.00669285092428486,0.0423,0.031,0.055,5912,0.0427943166441137
5,1,6,"large","low",1000,10000,-5,0.00669285092428486,0.0537,0.04,0.067,4866,0.0550760378133991
5,2,6,"large","low",1000,10000,-5,0.00669285092428486,0.0535,0.04,0.067,4845,0.0536635706914345
5,3,6,"large","low",1000,10000,-5,0.00669285092428486,0.052,0.04,0.06,4846,0.0505571605447792
5,4,6,"large","low",1000,10000,-5,0.00669285092428486,0.0508,0.04,0.06,4862,0.04648292883587
5,5,6,"large","low",1000,10000,-5,0.00669285092428486,0.0502,0.04,0.06,4837,0.0461029563779202
5,6,6,"large","low",1000,10000,-5,0.00669285092428486,0.0479,0.034,0.06,4807,0.0441023507385063
5,7,6,"large","low",1000,10000,-5,0.00669285092428486,0.0494,0.034,0.06,4849,0.0445452670653743
5,8,6,"large","low",1000,10000,-5,0.00669285092428486,0.0485,0.034,0.06,4825,0.0441450777202073
5,9,6,"large","low",1000,10000,-5,0.00669285092428486,0.0496,0.034,0.06,4831,0.0442972469468019
5,10,6,"large","low",1000,10000,-5,0.00669285092428486,0.0496,0.034,0.06,4803,0.0462211118051218
5,11,6,"large","low",1000,10000,-5,0.00669285092428486,0.0476,0.034,0.06,4821,0.0437668533499274
5,12,6,"large","low",1000,10000,-5,0.00669285092428486,0.0485,0.034,0.06,4816,0.0450581395348837
5,13,6,"large","low",1000,10000,-5,0.00669285092428486,0.048,0.034,0.06,4849,0.0459888636832337
5,14,6,"large","low",1000,10000,-5,0.00669285092428486,0.0487,0.034,0.06,4835,0.0486039296794209
5,15,6,"large","low",1000,10000,-5,0.00669285092428486,0.0485,0.034,0.06,4803,0.0505933791380387
5,16,6,"large","low",1000,10000,-5,0.00669285092428486,0.0502,0.039,0.06,4837,0.0520984081041968
5,17,6,"large","low",1000,10000,-5,0.00669285092428486,0.0491,0.039,0.06,4813,0.0523581965510077
5,18,6,"large","low",1000,10000,-5,0.00669285092428486,0.0502,0.039,0.06,4779,0.0523121992048546
5,19,6,"large","low",1000,10000,-5,0.00669285092428486,0.0493,0.039,0.06,4799,0.0518858095436549
5,20,6,"large","low",1000,10000,-5,0.00669285092428486,0.0493,0.039,0.06,4810,0.0494802494802495
5,21,6,"large","low",1000,10000,-5,0.00669285092428486,0.0502,0.042,0.06,4779,0.0518937016112157
5,22,6,"large","low",1000,10000,-5,0.00669285092428486,0.0499,0.042,0.06,4803,0.0514261919633562
5,23,6,"large","low",1000,10000,-5,0.00669285092428486,0.0497,0.042,0.06,4758,0.0498108448928121
5,24,6,"large","low",1000,10000,-5,0.00669285092428486,0.05,0.042,0.06,4745,0.0503688092729189
5,25,6,"large","low",1000,10000,-5,0.00669285092428486,0.0501,0.042,0.06,4772,0.0498742665549036
5,26,6,"large","low",1000,10000,-5,0.00669285092428486,0.0504,0.042,0.06,4767,0.0501363541011118
5,27,6,"large","low",1000,10000,-5,0.00669285092428486,0.0517,0.042,0.06,4769,0.0509540784231495
5,28,6,"large","low",1000,10000,-5,0.00669285092428486,0.0515,0.042,0.06,4810,0.0505197505197505
5,29,6,"large","low",1000,10000,-5,0.00669285092428486,0.052,0.045,0.06,4801,0.0508227452614039
5,30,6,"large","low",1000,10000,-5,0.00669285092428486,0.0505,0.045,0.058,4807,0.0501352194716039
5,31,6,"large","low",1000,10000,-5,0.00669285092428486,0.0514,0.045,0.058,4847,0.0501341035692181
5,32,6,"large","low",1000,10000,-5,0.00669285092428486,0.0515,0.045,0.058,4838,0.0502273666804465
5,33,6,"large","low",1000,10000,-5,0.00669285092428486,0.0521,0.045,0.058,4879,0.0500102480016397
5,34,6,"large","low",1000,10000,-5,0.00669285092428486,0.0514,0.045,0.058,4908,0.0482885085574572
5,35,6,"large","low",1000,10000,-5,0.00669285092428486,0.0511,0.045,0.058,4875,0.046974358974359
5,36,6,"large","low",1000,10000,-5,0.00669285092428486,0.0497,0.04,0.058,4866,0.0458281956432388
5,37,6,"large","low",1000,10000,-5,0.00669285092428486,0.0499,0.04,0.06,4859,0.0471290388968924
5,38,6,"large","low",1000,10000,-5,0.00669285092428486,0.0512,0.04,0.064,4867,0.0491062256009862
5,39,6,"large","low",1000,10000,-5,0.00669285092428486,0.0515,0.04,0.064,4863,0.0495578860785523
5,40,6,"large","low",1000,10000,-5,0.00669285092428486,0.0515,0.04,0.064,4854,0.0492377420683972
5,41,6,"large","low",1000,10000,-5,0.00669285092428486,0.0499,0.04,0.064,4859,0.0471290388968924
5,42,6,"large","low",1000,10000,-5,0.00669285092428486,0.0497,0.04,0.064,4854,0.0459414915533581
5,43,6,"large","low",1000,10000,-5,0.00669285092428486,0.0505,0.04,0.064,4840,0.0475206611570248
5,44,6,"large","low",1000,10000,-5,0.00669285092428486,0.0515,0.04,0.064,4812,0.0492518703241895
5,45,6,"large","low",1000,10000,-5,0.00669285092428486,0.0526,0.04,0.064,4865,0.0501541623843782
5,46,6,"large","low",1000,10000,-5,0.00669285092428486,0.0539,0.041,0.064,4866,0.051376900945335
5,47,6,"large","low",1000,10000,-5,0.00669285092428486,0.0533,0.041,0.064,4868,0.0493015612161052
5,48,6,"large","low",1000,10000,-5,0.00669285092428486,0.0516,0.041,0.059,4841,0.0483371204296633
5,49,6,"large","low",1000,10000,-5,0.00669285092428486,0.0512,0.041,0.059,4845,0.0474716202270382
5,50,6,"large","low",1000,10000,-5,0.00669285092428486,0.0519,0.041,0.059,4855,0.0492276004119464
5,51,6,"large","low",1000,10000,-5,0.00669285092428486,0.054,0.046,0.062,4845,0.0524251805985552
5,52,6,"large","low",1000,10000,-5,0.00669285092428486,0.0539,0.046,0.062,4844,0.0532617671345995
5,53,6,"large","low",1000,10000,-5,0.00669285092428486,0.0539,0.046,0.062,4853,0.0529569338553472
5,54,6,"large","low",1000,10000,-5,0.00669285092428486,0.0533,0.046,0.062,4855,0.0527291452111226
5,55,6,"large","low",1000,10000,-5,0.00669285092428486,0.0519,0.042,0.062,4813,0.0519426553085394
5,56,6,"large","low",1000,10000,-5,0.00669285092428486,0.0518,0.042,0.062,4783,0.0516412293539619
5,57,6,"large","low",1000,10000,-5,0.00669285092428486,0.0512,0.042,0.062,4825,0.0530569948186529
5,58,6,"large","low",1000,10000,-5,0.00669285092428486,0.0521,0.042,0.062,4838,0.0531211244315833
5,59,6,"large","low",1000,10000,-5,0.00669285092428486,0.0543,0.042,0.068,4815,0.056282450674974
5,60,6,"large","low",1000,10000,-5,0.00669285092428486,0.0533,0.042,0.068,4797,0.0535751511361267
5,61,6,"large","low",1000,10000,-5,0.00669285092428486,0.0509,0.038,0.068,4774,0.0517385839966485
5,62,6,"large","low",1000,10000,-5,0.00669285092428486,0.0493,0.038,0.068,4785,0.0503657262277952
5,63,6,"large","low",1000,10000,-5,0.00669285092428486,0.0473,0.038,0.068,4802,0.0481049562682216
5,64,6,"large","low",1000,10000,-5,0.00669285092428486,0.0469,0.038,0.068,4817,0.0479551588125389
5,65,6,"large","low",1000,10000,-5,0.00669285092428486,0.0473,0.038,0.068,4822,0.0462463708004977
5,66,6,"large","low",1000,10000,-5,0.00669285092428486,0.0465,0.038,0.068,4852,0.0455482275350371
5,67,6,"large","low",1000,10000,-5,0.00669285092428486,0.0475,0.038,0.068,4814,0.0448691316992106
5,68,6,"large","low",1000,10000,-5,0.00669285092428486,0.0466,0.038,0.068,4834,0.0440628878775341
5,69,6,"large","low",1000,10000,-5,0.00669285092428486,0.0447,0.038,0.058,4847,0.042706828966371
5,70,6,"large","low",1000,10000,-5,0.00669285092428486,0.0457,0.038,0.058,4850,0.0441237113402062
5,71,6,"large","low",1000,10000,-5,0.00669285092428486,0.0474,0.038,0.058,4854,0.0442933662958385
5,72,6,"large","low",1000,10000,-5,0.00669285092428486,0.0478,0.039,0.058,4856,0.0446869851729819
5,73,6,"large","low",1000,10000,-5,0.00669285092428486,0.0508,0.042,0.069,4838,0.0487804878048781
5,74,6,"large","low",1000,10000,-5,0.00669285092428486,0.0508,0.042,0.069,4845,0.0485036119711042
5,75,6,"large","low",1000,10000,-5,0.00669285092428486,0.0513,0.042,0.069,4838,0.0500206696982224
5,76,6,"large","low",1000,10000,-5,0.00669285092428486,0.052,0.042,0.069,4836,0.0504549214226634
5,77,6,"large","low",1000,10000,-5,0.00669285092428486,0.0515,0.042,0.069,4842,0.0510119785212722
5,78,6,"large","low",1000,10000,-5,0.00669285092428486,0.052,0.042,0.069,4802,0.0499791753436068
5,79,6,"large","low",1000,10000,-5,0.00669285092428486,0.0507,0.036,0.069,4799,0.0483434048760158
5,80,6,"large","low",1000,10000,-5,0.00669285092428486,0.0512,0.036,0.069,4765,0.0495278069254984
5,81,6,"large","low",1000,10000,-5,0.00669285092428486,0.0511,0.036,0.069,4752,0.0492424242424242
5,82,6,"large","low",1000,10000,-5,0.00669285092428486,0.0529,0.036,0.069,4766,0.0501468736886278
5,83,6,"large","low",1000,10000,-5,0.00669285092428486,0.0513,0.036,0.06,4749,0.0484312486839335
5,84,6,"large","low",1000,10000,-5,0.00669285092428486,0.0526,0.036,0.06,4686,0.0492957746478873
5,85,6,"large","low",1000,10000,-5,0.00669285092428486,0.054,0.036,0.065,4719,0.0512820512820513
5,86,6,"large","low",1000,10000,-5,0.00669285092428486,0.0542,0.036,0.065,4733,0.052820621170505
5,87,6,"large","low",1000,10000,-5,0.00669285092428486,0.0557,0.036,0.068,4725,0.0537566137566138
5,88,6,"large","low",1000,10000,-5,0.00669285092428486,0.0554,0.036,0.068,4772,0.0544844928751048
5,89,6,"large","low",1000,10000,-5,0.00669285092428486,0.0569,0.049,0.068,4759,0.0558940953981929
5,90,6,"large","low",1000,10000,-5,0.00669285092428486,0.056,0.048,0.068,4814,0.0556709597008725
5,91,6,"large","low",1000,10000,-5,0.00669285092428486,0.0559,0.048,0.068,4839,0.0566232692705104
5,92,6,"large","low",1000,10000,-5,0.00669285092428486,0.0549,0.048,0.068,4839,0.0570365778053317
5,93,6,"large","low",1000,10000,-5,0.00669285092428486,0.0559,0.048,0.068,4874,0.0580631924497333
5,94,6,"large","low",1000,10000,-5,0.00669285092428486,0.0568,0.048,0.068,4922,0.0574969524583503
5,95,6,"large","low",1000,10000,-5,0.00669285092428486,0.0554,0.048,0.068,4897,0.0563610373698183
5,96,6,"large","low",1000,10000,-5,0.00669285092428486,0.0553,0.048,0.068,4902,0.0554875560995512
5,97,6,"large","low",1000,10000,-5,0.00669285092428486,0.0533,0.048,0.068,4902,0.0534475724194206
5,98,6,"large","low",1000,10000,-5,0.00669285092428486,0.0539,0.048,0.068,4916,0.0555329536208299
5,99,6,"large","low",1000,10000,-5,0.00669285092428486,0.0535,0.047,0.068,4965,0.0555891238670695
5,100,6,"large","low",1000,10000,-5,0.00669285092428486,0.0536,0.047,0.068,4943,0.0554319239328343
5,101,6,"large","low",1000,10000,-5,0.00669285092428486,0.0535,0.047,0.068,4911,0.0555894929749542
5,102,6,"large","low",1000,10000,-5,0.00669285092428486,0.053,0.045,0.068,4889,0.0537942319492739
5,103,6,"large","low",1000,10000,-5,0.00669285092428486,0.0503,0.036,0.068,4848,0.0513613861386139
5,104,6,"large","low",1000,10000,-5,0.00669285092428486,0.0484,0.036,0.055,4844,0.0501651527663088
5,105,6,"large","low",1000,10000,-5,0.00669285092428486,0.0473,0.036,0.055,4833,0.0488309538588868
5,106,6,"large","low",1000,10000,-5,0.00669285092428486,0.0465,0.036,0.055,4813,0.0482027841263245
5,107,6,"large","low",1000,10000,-5,0.00669285092428486,0.0463,0.036,0.055,4809,0.0469952173008942
5,108,6,"large","low",1000,10000,-5,0.00669285092428486,0.0455,0.036,0.052,4769,0.0438247011952191
5,109,6,"large","low",1000,10000,-5,0.00669285092428486,0.0448,0.036,0.052,4751,0.0427278467691012
5,110,6,"large","low",1000,10000,-5,0.00669285092428486,0.0453,0.036,0.054,4773,0.041692855646344
5,111,6,"large","low",1000,10000,-5,0.00669285092428486,0.0455,0.036,0.054,4823,0.0425046651461746
5,112,6,"large","low",1000,10000,-5,0.00669285092428486,0.0464,0.036,0.054,4835,0.0444674250258532
5,113,6,"large","low",1000,10000,-5,0.00669285092428486,0.0476,0.04,0.054,4859,0.0456884132537559
5,114,6,"large","low",1000,10000,-5,0.00669285092428486,0.0474,0.04,0.054,4863,0.0458564672013161
5,115,6,"large","low",1000,10000,-5,0.00669285092428486,0.0481,0.04,0.054,4848,0.0466171617161716
5,116,6,"large","low",1000,10000,-5,0.00669285092428486,0.0495,0.04,0.058,4862,0.0479226655697244
5,117,6,"large","low",1000,10000,-5,0.00669285092428486,0.0497,0.04,0.058,4876,0.0494257588187039
5,118,6,"large","low",1000,10000,-5,0.00669285092428486,0.05,0.04,0.058,4894,0.0519002860645689
5,119,6,"large","low",1000,10000,-5,0.00669285092428486,0.0506,0.046,0.058,4869,0.0529882932840419
5,120,6,"large","low",1000,10000,-5,0.00669285092428486,0.0499,0.046,0.058,4832,0.0538079470198675
5,121,6,"large","low",1000,10000,-5,0.00669285092428486,0.0493,0.046,0.058,4812,0.0527847049044056
5,122,6,"large","low",1000,10000,-5,0.00669285092428486,0.0494,0.046,0.058,4787,0.0524336745351995
5,123,6,"large","low",1000,10000,-5,0.00669285092428486,0.0503,0.046,0.058,4750,0.0524210526315789
5,124,6,"large","low",1000,10000,-5,0.00669285092428486,0.0506,0.046,0.058,4742,0.0529312526360186
5,125,6,"large","low",1000,10000,-5,0.00669285092428486,0.0512,0.046,0.058,4765,0.0524658971668416
5,126,6,"large","low",1000,10000,-5,0.00669285092428486,0.051,0.046,0.057,4786,0.0507730881738404
5,127,6,"large","low",1000,10000,-5,0.00669285092428486,0.0517,0.046,0.057,4770,0.0515723270440252
5,128,6,"large","low",1000,10000,-5,0.00669285092428486,0.0519,0.046,0.057,4768,0.0499161073825503
5,129,6,"large","low",1000,10000,-5,0.00669285092428486,0.0525,0.047,0.057,4766,0.0497272345782627
5,130,6,"large","low",1000,10000,-5,0.00669285092428486,0.0524,0.046,0.057,4753,0.0494424573953293
5,131,6,"large","low",1000,10000,-5,0.00669285092428486,0.0525,0.046,0.057,4743,0.0493358633776091
5,132,6,"large","low",1000,10000,-5,0.00669285092428486,0.0515,0.045,0.057,4738,0.0487547488391726
5,133,6,"large","low",1000,10000,-5,0.00669285092428486,0.049,0.032,0.056,4769,0.0469700146781296
5,134,6,"large","low",1000,10000,-5,0.00669285092428486,0.0485,0.032,0.056,4767,0.0455212922173275
5,135,6,"large","low",1000,10000,-5,0.00669285092428486,0.0476,0.032,0.056,4791,0.0452932581924442
5,136,6,"large","low",1000,10000,-5,0.00669285092428486,0.0474,0.032,0.055,4786,0.0465942331801086
5,137,6,"large","low",1000,10000,-5,0.00669285092428486,0.0469,0.032,0.054,4781,0.0470612842501569
5,138,6,"large","low",1000,10000,-5,0.00669285092428486,0.0479,0.032,0.062,4776,0.0500418760469012
5,139,6,"large","low",1000,10000,-5,0.00669285092428486,0.0483,0.032,0.062,4799,0.049385288601792
5,140,6,"large","low",1000,10000,-5,0.00669285092428486,0.049,0.032,0.062,4854,0.0488257107540173
5,141,6,"large","low",1000,10000,-5,0.00669285092428486,0.0501,0.032,0.062,4858,0.0491972004940305
5,142,6,"large","low",1000,10000,-5,0.00669285092428486,0.0502,0.032,0.062,4885,0.0485158648925281
5,143,6,"large","low",1000,10000,-5,0.00669285092428486,0.0529,0.044,0.062,4915,0.0520854526958291
5,144,6,"large","low",1000,10000,-5,0.00669285092428486,0.0539,0.044,0.062,4949,0.0537482319660538
5,145,6,"large","low",1000,10000,-5,0.00669285092428486,0.0538,0.043,0.062,4943,0.0542180861824803
5,146,6,"large","low",1000,10000,-5,0.00669285092428486,0.0547,0.043,0.063,4925,0.0546192893401015
5,147,6,"large","low",1000,10000,-5,0.00669285092428486,0.055,0.043,0.063,4953,0.0541086210377549
5,148,6,"large","low",1000,10000,-5,0.00669285092428486,0.0562,0.043,0.074,4938,0.054678007290401
5,149,6,"large","low",1000,10000,-5,0.00669285092428486,0.0556,0.043,0.074,4923,0.0554539914686167
5,150,6,"large","low",1000,10000,-5,0.00669285092428486,0.0559,0.043,0.074,4887,0.0564763658686311
5,151,6,"large","low",1000,10000,-5,0.00669285092428486,0.0552,0.043,0.074,4892,0.0553965658217498
5,152,6,"large","low",1000,10000,-5,0.00669285092428486,0.0558,0.043,0.074,4904,0.0566884176182708
5,153,6,"large","low",1000,10000,-5,0.00669285092428486,0.0555,0.043,0.074,4851,0.0558647701504844
5,154,6,"large","low",1000,10000,-5,0.00669285092428486,0.0555,0.043,0.074,4823,0.0559817540949616
5,155,6,"large","low",1000,10000,-5,0.00669285092428486,0.0555,0.043,0.074,4803,0.0557984592962732
5,156,6,"large","low",1000,10000,-5,0.00669285092428486,0.0543,0.043,0.074,4810,0.0544698544698545
5,157,6,"large","low",1000,10000,-5,0.00669285092428486,0.0546,0.043,0.074,4781,0.0539636059401799
5,158,6,"large","low",1000,10000,-5,0.00669285092428486,0.0519,0.043,0.056,4798,0.0498124218424343
5,159,6,"large","low",1000,10000,-5,0.00669285092428486,0.0522,0.043,0.056,4823,0.0505909185154468
5,160,6,"large","low",1000,10000,-5,0.00669285092428486,0.0528,0.043,0.062,4840,0.0518595041322314
5,161,6,"large","low",1000,10000,-5,0.00669285092428486,0.0527,0.043,0.062,4813,0.0511115728236027
5,162,6,"large","low",1000,10000,-5,0.00669285092428486,0.0529,0.043,0.062,4800,0.0495833333333333
5,163,6,"large","low",1000,10000,-5,0.00669285092428486,0.0519,0.043,0.062,4832,0.0482201986754967
5,164,6,"large","low",1000,10000,-5,0.00669285092428486,0.0518,0.043,0.062,4820,0.0489626556016598
5,165,6,"large","low",1000,10000,-5,0.00669285092428486,0.053,0.046,0.062,4825,0.0501554404145078
5,166,6,"large","low",1000,10000,-5,0.00669285092428486,0.0545,0.046,0.066,4821,0.0516490354698195
5,167,6,"large","low",1000,10000,-5,0.00669285092428486,0.053,0.041,0.066,4866,0.0499383477188656
5,168,6,"large","low",1000,10000,-5,0.00669285092428486,0.0534,0.041,0.066,4869,0.0511398644485521
5,169,6,"large","low",1000,10000,-5,0.00669285092428486,0.0538,0.041,0.066,4843,0.0512079289696469
5,170,6,"large","low",1000,10000,-5,0.00669285092428486,0.0531,0.041,0.066,4840,0.0502066115702479
5,171,6,"large","low",1000,10000,-5,0.00669285092428486,0.0531,0.041,0.066,4886,0.0515759312320917
5,172,6,"large","low",1000,10000,-5,0.00669285092428486,0.0508,0.031,0.066,4889,0.050930660666803
5,173,6,"large","low",1000,10000,-5,0.00669285092428486,0.051,0.031,0.066,4883,0.0518124104034405
5,174,6,"large","low",1000,10000,-5,0.00669285092428486,0.0505,0.031,0.066,4875,0.049025641025641
5,175,6,"large","low",1000,10000,-5,0.00669285092428486,0.0501,0.031,0.066,4877,0.0490055361902809
5,176,6,"large","low",1000,10000,-5,0.00669285092428486,0.0488,0.031,0.057,4865,0.0472764645426516
5,177,6,"large","low",1000,10000,-5,0.00669285092428486,0.049,0.031,0.057,4852,0.0488458367683429
5,178,6,"large","low",1000,10000,-5,0.00669285092428486,0.0492,0.031,0.057,4860,0.0506172839506173
5,179,6,"large","low",1000,10000,-5,0.00669285092428486,0.0482,0.031,0.055,4869,0.04888067364962
5,180,6,"large","low",1000,10000,-5,0.00669285092428486,0.0472,0.031,0.053,4857,0.0477661107679638
5,181,6,"large","low",1000,10000,-5,0.00669285092428486,0.0467,0.031,0.053,4820,0.0462655601659751
5,182,6,"large","low",1000,10000,-5,0.00669285092428486,0.0498,0.043,0.062,4785,0.0486938349007315
5,183,6,"large","low",1000,10000,-5,0.00669285092428486,0.0498,0.043,0.062,4774,0.0483870967741935
5,184,6,"large","low",1000,10000,-5,0.00669285092428486,0.0498,0.043,0.062,4801,0.050614455321808
5,185,6,"large","low",1000,10000,-5,0.00669285092428486,0.0504,0.043,0.062,4793,0.0498643855622783
5,186,6,"large","low",1000,10000,-5,0.00669285092428486,0.05,0.043,0.062,4804,0.0501665278934222
5,187,6,"large","low",1000,10000,-5,0.00669285092428486,0.0506,0.045,0.062,4814,0.0496468633153303
5,188,6,"large","low",1000,10000,-5,0.00669285092428486,0.0497,0.044,0.062,4795,0.0469238790406674
5,189,6,"large","low",1000,10000,-5,0.00669285092428486,0.0499,0.044,0.062,4786,0.0472210614291684
5,190,6,"large","low",1000,10000,-5,0.00669285092428486,0.0506,0.044,0.062,4824,0.048922056384743
5,191,6,"large","low",1000,10000,-5,0.00669285092428486,0.0509,0.044,0.062,4827,0.0507561632483945
5,192,6,"large","low",1000,10000,-5,0.00669285092428486,0.0498,0.044,0.057,4847,0.0495151640189808
5,193,6,"large","low",1000,10000,-5,0.00669285092428486,0.0496,0.044,0.057,4843,0.0487301259549866
5,194,6,"large","low",1000,10000,-5,0.00669285092428486,0.0503,0.044,0.057,4832,0.0486341059602649
5,195,6,"large","low",1000,10000,-5,0.00669285092428486,0.0502,0.044,0.056,4840,0.0497933884297521
5,196,6,"large","low",1000,10000,-5,0.00669285092428486,0.0519,0.044,0.066,4853,0.0523387595301875
5,197,6,"large","low",1000,10000,-5,0.00669285092428486,0.0514,0.044,0.066,4821,0.0524787388508608
5,198,6,"large","low",1000,10000,-5,0.00669285092428486,0.0533,0.044,0.066,4824,0.054726368159204
5,199,6,"large","low",1000,10000,-5,0.00669285092428486,0.0537,0.044,0.066,4830,0.0544513457556936
5,200,6,"large","low",1000,10000,-5,0.00669285092428486,0.054,0.044,0.066,4805,0.0553590010405827
5,201,6,"large","low",1000,10000,-5,0.00669285092428486,0.0546,0.044,0.066,4825,0.0553367875647668
5,202,6,"large","low",1000,10000,-5,0.00669285092428486,0.0555,0.044,0.066,4828,0.0565451532725766
5,203,6,"large","low",1000,10000,-5,0.00669285092428486,0.0563,0.044,0.066,4862,0.0565610859728507
5,204,6,"large","low",1000,10000,-5,0.00669285092428486,0.0561,0.044,0.066,4853,0.0558417473727591
5,205,6,"large","low",1000,10000,-5,0.00669285092428486,0.056,0.044,0.066,4857,0.0553839818818201
5,206,6,"large","low",1000,10000,-5,0.00669285092428486,0.0553,0.044,0.063,4810,0.0542619542619543
5,207,6,"large","low",1000,10000,-5,0.00669285092428486,0.0554,0.045,0.063,4832,0.0531870860927152
5,208,6,"large","low",1000,10000,-5,0.00669285092428486,0.0554,0.045,0.063,4820,0.0529045643153527
5,209,6,"large","low",1000,10000,-5,0.00669285092428486,0.0562,0.045,0.063,4806,0.0553474823137744
5,210,6,"large","low",1000,10000,-5,0.00669285092428486,0.0567,0.045,0.063,4782,0.054788791300711
5,211,6,"large","low",1000,10000,-5,0.00669285092428486,0.057,0.045,0.063,4791,0.0538509705698184
5,212,6,"large","low",1000,10000,-5,0.00669285092428486,0.0555,0.045,0.063,4791,0.0540596952619495
5,213,6,"large","low",1000,10000,-5,0.00669285092428486,0.0551,0.045,0.063,4757,0.0544460794618457
5,214,6,"large","low",1000,10000,-5,0.00669285092428486,0.0552,0.045,0.063,4793,0.0550803254746505
5,215,6,"large","low",1000,10000,-5,0.00669285092428486,0.054,0.043,0.063,4784,0.0541387959866221
5,216,6,"large","low",1000,10000,-5,0.00669285092428486,0.0527,0.043,0.063,4812,0.0523690773067332
5,217,6,"large","low",1000,10000,-5,0.00669285092428486,0.0543,0.043,0.063,4785,0.0539184952978056
5,218,6,"large","low",1000,10000,-5,0.00669285092428486,0.053,0.043,0.061,4781,0.0537544446768458
5,219,6,"large","low",1000,10000,-5,0.00669285092428486,0.0519,0.043,0.061,4813,0.0525659671722418
5,220,6,"large","low",1000,10000,-5,0.00669285092428486,0.0508,0.043,0.061,4815,0.0512980269989616
5,221,6,"large","low",1000,10000,-5,0.00669285092428486,0.0488,0.039,0.061,4765,0.0512067156348374
5,222,6,"large","low",1000,10000,-5,0.00669285092428486,0.0497,0.039,0.061,4763,0.0510182657988663
5,223,6,"large","low",1000,10000,-5,0.00669285092428486,0.0502,0.039,0.061,4758,0.0510718789407314
5,224,6,"large","low",1000,10000,-5,0.00669285092428486,0.0495,0.039,0.061,4727,0.0503490585995346
5,225,6,"large","low",1000,10000,-5,0.00669285092428486,0.0511,0.039,0.061,4711,0.0520059435364042
5,226,6,"large","low",1000,10000,-5,0.00669285092428486,0.0514,0.039,0.061,4710,0.0520169851380042
5,227,6,"large","low",1000,10000,-5,0.00669285092428486,0.0502,0.039,0.059,4713,0.051135158073414
5,228,6,"large","low",1000,10000,-5,0.00669285092428486,0.0512,0.039,0.06,4726,0.0520524756665256
5,229,6,"large","low",1000,10000,-5,0.00669285092428486,0.0513,0.039,0.06,4696,0.0525979557069847
5,230,6,"large","low",1000,10000,-5,0.00669285092428486,0.0513,0.039,0.06,4731,0.051574719932361
5,231,6,"large","low",1000,10000,-5,0.00669285092428486,0.0509,0.035,0.06,4753,0.0511256048811277
5,232,6,"large","low",1000,10000,-5,0.00669285092428486,0.0513,0.035,0.06,4765,0.0518363064008395
5,233,6,"large","low",1000,10000,-5,0.00669285092428486,0.052,0.035,0.062,4773,0.0536350303792164
5,234,6,"large","low",1000,10000,-5,0.00669285092428486,0.0524,0.035,0.062,4763,0.0524879277766114
5,235,6,"large","low",1000,10000,-5,0.00669285092428486,0.0528,0.035,0.063,4770,0.0528301886792453
5,236,6,"large","low",1000,10000,-5,0.00669285092428486,0.0532,0.035,0.063,4794,0.0542344597413433
5,237,6,"large","low",1000,10000,-5,0.00669285092428486,0.0535,0.035,0.063,4771,0.0555439111297422
5,238,6,"large","low",1000,10000,-5,0.00669285092428486,0.0523,0.035,0.063,4775,0.0534031413612565
5,239,6,"large","low",1000,10000,-5,0.00669285092428486,0.0523,0.035,0.063,4788,0.0526315789473684
5,240,6,"large","low",1000,10000,-5,0.00669285092428486,0.0518,0.035,0.063,4776,0.0523450586264657
5,241,6,"large","low",1000,10000,-5,0.00669285092428486,0.0533,0.044,0.063,4796,0.0521267723102585
5,242,6,"large","low",1000,10000,-5,0.00669285092428486,0.0537,0.044,0.063,4792,0.0519616026711185
5,243,6,"large","low",1000,10000,-5,0.00669285092428486,0.0529,0.044,0.063,4793,0.0517421239307323
5,244,6,"large","low",1000,10000,-5,0.00669285092428486,0.0523,0.044,0.063,4817,0.0535603072451733
5,245,6,"large","low",1000,10000,-5,0.00669285092428486,0.0518,0.044,0.062,4837,0.0535455861070912
5,246,6,"large","low",1000,10000,-5,0.00669285092428486,0.0527,0.044,0.062,4825,0.0536787564766839
5,247,6,"large","low",1000,10000,-5,0.00669285092428486,0.0525,0.044,0.062,4875,0.0543589743589744
5,248,6,"large","low",1000,10000,-5,0.00669285092428486,0.0535,0.044,0.062,4885,0.055885363357216
5,249,6,"large","low",1000,10000,-5,0.00669285092428486,0.0538,0.044,0.062,4891,0.0545900633817215
5,250,6,"large","low",1000,10000,-5,0.00669285092428486,0.0537,0.043,0.062,4905,0.0556574923547401
5,251,6,"large","low",1000,10000,-5,0.00669285092428486,0.0532,0.043,0.062,4863,0.0555212831585441
5,252,6,"large","low",1000,10000,-5,0.00669285092428486,0.0529,0.043,0.062,4844,0.0542939719240297
5,253,6,"large","low",1000,10000,-5,0.00669285092428486,0.0527,0.043,0.062,4822,0.0528826213189548
5,254,6,"large","low",1000,10000,-5,0.00669285092428486,0.0535,0.043,0.062,4816,0.053156146179402
5,255,6,"large","low",1000,10000,-5,0.00669285092428486,0.0526,0.043,0.062,4825,0.05139896373057
5,256,6,"large","low",1000,10000,-5,0.00669285092428486,0.0526,0.043,0.062,4814,0.0531782301620274
5,257,6,"large","low",1000,10000,-5,0.00669285092428486,0.0534,0.043,0.062,4800,0.053125
5,258,6,"large","low",1000,10000,-5,0.00669285092428486,0.0524,0.043,0.062,4794,0.0521485189820609
5,259,6,"large","low",1000,10000,-5,0.00669285092428486,0.0517,0.043,0.062,4781,0.0518719933068396
5,260,6,"large","low",1000,10000,-5,0.00669285092428486,0.0527,0.045,0.062,4774,0.0513196480938416
5,261,6,"large","low",1000,10000,-5,0.00669285092428486,0.0532,0.047,0.062,4809,0.0524017467248908
5,262,6,"large","low",1000,10000,-5,0.00669285092428486,0.0534,0.047,0.062,4840,0.0537190082644628
5,263,6,"large","low",1000,10000,-5,0.00669285092428486,0.0536,0.047,0.062,4889,0.0533851503374923
5,264,6,"large","low",1000,10000,-5,0.00669285092428486,0.0539,0.047,0.062,4905,0.0534148827726809
5,265,6,"large","low",1000,10000,-5,0.00669285092428486,0.0536,0.046,0.062,4903,0.0534366714256578
5,266,6,"large","low",1000,10000,-5,0.00669285092428486,0.0537,0.046,0.063,4914,0.0522995522995523
5,267,6,"large","low",1000,10000,-5,0.00669285092428486,0.0524,0.045,0.063,4916,0.0510577705451587
5,268,6,"large","low",1000,10000,-5,0.00669285092428486,0.0523,0.045,0.063,4910,0.0492871690427699
5,269,6,"large","low",1000,10000,-5,0.00669285092428486,0.0528,0.045,0.063,4920,0.0497967479674797
5,270,6,"large","low",1000,10000,-5,0.00669285092428486,0.0529,0.045,0.063,4930,0.0523326572008114
5,271,6,"large","low",1000,10000,-5,0.00669285092428486,0.0526,0.045,0.063,4943,0.0519927169734979
5,272,6,"large","low",1000,10000,-5,0.00669285092428486,0.0512,0.045,0.063,4952,0.0504846526655897
5,273,6,"large","low",1000,10000,-5,0.00669285092428486,0.0509,0.045,0.063,4924,0.0509748172217709
5,274,6,"large","low",1000,10000,-5,0.00669285092428486,0.0495,0.043,0.063,4904,0.050163132137031
5,275,6,"large","low",1000,10000,-5,0.00669285092428486,0.0488,0.039,0.063,4890,0.0484662576687117
5,276,6,"large","low",1000,10000,-5,0.00669285092428486,0.0475,0.039,0.054,4882,0.0469070053256862
5,277,6,"large","low",1000,10000,-5,0.00669285092428486,0.0483,0.039,0.054,4856,0.0475700164744646
5,278,6,"large","low",1000,10000,-5,0.00669285092428486,0.0494,0.039,0.058,4847,0.0493088508355684
5,279,6,"large","low",1000,10000,-5,0.00669285092428486,0.0495,0.039,0.058,4851,0.0498866213151927
5,280,6,"large","low",1000,10000,-5,0.00669285092428486,0.0486,0.039,0.058,4833,0.048003310573143
5,281,6,"large","low",1000,10000,-5,0.00669285092428486,0.0495,0.039,0.058,4814,0.0498545907769007
5,282,6,"large","low",1000,10000,-5,0.00669285092428486,0.0509,0.039,0.061,4790,0.0505219206680585
5,283,6,"large","low",1000,10000,-5,0.00669285092428486,0.0507,0.039,0.061,4814,0.0494391358537599
5,284,6,"large","low",1000,10000,-5,0.00669285092428486,0.0512,0.039,0.061,4843,0.0495560602932067
5,285,6,"large","low",1000,10000,-5,0.00669285092428486,0.0524,0.045,0.061,4848,0.0515676567656766
5,286,6,"large","low",1000,10000,-5,0.00669285092428486,0.0522,0.045,0.061,4842,0.0524576621230896
5,287,6,"large","low",1000,10000,-5,0.00669285092428486,0.0519,0.045,0.061,4869,0.0515506264119942
5,288,6,"large","low",1000,10000,-5,0.00669285092428486,0.052,0.045,0.061,4879,0.0528796884607502
5,289,6,"large","low",1000,10000,-5,0.00669285092428486,0.052,0.045,0.061,4879,0.053494568559131
5,290,6,"large","low",1000,10000,-5,0.00669285092428486,0.0517,0.042,0.061,4891,0.0533633203843795
5,291,6,"large","low",1000,10000,-5,0.00669285092428486,0.0519,0.042,0.061,4896,0.0535130718954248
5,292,6,"large","low",1000,10000,-5,0.00669285092428486,0.051,0.042,0.059,4906,0.0521810028536486
5,293,6,"large","low",1000,10000,-5,0.00669285092428486,0.0522,0.042,0.061,4884,0.0544635544635545
5,294,6,"large","low",1000,10000,-5,0.00669285092428486,0.0527,0.042,0.061,4861,0.0547212507714462
5,295,6,"large","low",1000,10000,-5,0.00669285092428486,0.0543,0.042,0.067,4838,0.055601488218272
5,296,6,"large","low",1000,10000,-5,0.00669285092428486,0.0542,0.042,0.067,4844,0.0545004128819158
5,297,6,"large","low",1000,10000,-5,0.00669285092428486,0.0535,0.042,0.067,4832,0.0538079470198675
5,298,6,"large","low",1000,10000,-5,0.00669285092428486,0.0529,0.042,0.067,4838,0.0529144274493592
5,299,6,"large","low",1000,10000,-5,0.00669285092428486,0.0535,0.042,0.067,4846,0.0522080066033842
5,300,6,"large","low",1000,10000,-5,0.00669285092428486,0.0534,0.041,0.067,4867,0.0521882062872406
6,1,8,"large","low",1000,10000,-5,0.00669285092428486,0.0588,0.051,0.069,3995,0.0565707133917397
6,2,8,"large","low",1000,10000,-5,0.00669285092428486,0.0587,0.05,0.069,3991,0.0558757203708344
6,3,8,"large","low",1000,10000,-5,0.00669285092428486,0.0597,0.05,0.069,3975,0.0566037735849057
6,4,8,"large","low",1000,10000,-5,0.00669285092428486,0.0592,0.05,0.069,4011,0.0565943654948891
6,5,8,"large","low",1000,10000,-5,0.00669285092428486,0.0583,0.05,0.069,4023,0.0566741237882177
6,6,8,"large","low",1000,10000,-5,0.00669285092428486,0.0592,0.05,0.069,4024,0.0583996023856859
6,7,8,"large","low",1000,10000,-5,0.00669285092428486,0.0577,0.05,0.069,4000,0.05775
6,8,8,"large","low",1000,10000,-5,0.00669285092428486,0.0569,0.05,0.069,3987,0.0584399297717582
6,9,8,"large","low",1000,10000,-5,0.00669285092428486,0.0562,0.05,0.069,3976,0.0583501006036217
6,10,8,"large","low",1000,10000,-5,0.00669285092428486,0.0559,0.05,0.069,3980,0.0587939698492462
6,11,8,"large","low",1000,10000,-5,0.00669285092428486,0.0548,0.05,0.062,3940,0.0558375634517767
6,12,8,"large","low",1000,10000,-5,0.00669285092428486,0.0565,0.05,0.067,3924,0.0591233435270133
6,13,8,"large","low",1000,10000,-5,0.00669285092428486,0.0559,0.05,0.067,3951,0.0592255125284738
6,14,8,"large","low",1000,10000,-5,0.00669285092428486,0.0562,0.05,0.067,3933,0.0587337909992372
6,15,8,"large","low",1000,10000,-5,0.00669285092428486,0.0562,0.05,0.067,3895,0.0575096277278562
6,16,8,"large","low",1000,10000,-5,0.00669285092428486,0.0557,0.05,0.067,3889,0.0560555412702494
6,17,8,"large","low",1000,10000,-5,0.00669285092428486,0.0567,0.05,0.067,3898,0.0569522832221652
6,18,8,"large","low",1000,10000,-5,0.00669285092428486,0.0573,0.051,0.067,3954,0.0569044006069803
6,19,8,"large","low",1000,10000,-5,0.00669285092428486,0.0586,0.052,0.067,3982,0.05700652938222
6,20,8,"large","low",1000,10000,-5,0.00669285092428486,0.0586,0.052,0.067,3981,0.0567696558653605
6,21,8,"large","low",1000,10000,-5,0.00669285092428486,0.0582,0.052,0.067,3992,0.0573647294589178
6,22,8,"large","low",1000,10000,-5,0.00669285092428486,0.0588,0.052,0.073,4002,0.0589705147426287
6,23,8,"large","low",1000,10000,-5,0.00669285092428486,0.0589,0.052,0.073,3979,0.0588087459160593
6,24,8,"large","low",1000,10000,-5,0.00669285092428486,0.0585,0.052,0.073,3976,0.0601106639839034
6,25,8,"large","low",1000,10000,-5,0.00669285092428486,0.0592,0.052,0.073,3969,0.0634920634920635
6,26,8,"large","low",1000,10000,-5,0.00669285092428486,0.0589,0.052,0.073,3994,0.0638457686529795
6,27,8,"large","low",1000,10000,-5,0.00669285092428486,0.0581,0.052,0.073,4032,0.0627480158730159
6,28,8,"large","low",1000,10000,-5,0.00669285092428486,0.0595,0.052,0.073,4003,0.0652010991756183
6,29,8,"large","low",1000,10000,-5,0.00669285092428486,0.0603,0.052,0.073,3980,0.0673366834170854
6,30,8,"large","low",1000,10000,-5,0.00669285092428486,0.0605,0.052,0.073,3983,0.0692945016319357
6,31,8,"large","low",1000,10000,-5,0.00669285092428486,0.0607,0.052,0.073,4010,0.070573566084788
6,32,8,"large","low",1000,10000,-5,0.00669285092428486,0.0589,0.052,0.072,4036,0.0678889990089197
6,33,8,"large","low",1000,10000,-5,0.00669285092428486,0.0591,0.052,0.072,4049,0.0666831316374413
6,34,8,"large","low",1000,10000,-5,0.00669285092428486,0.061,0.052,0.074,4056,0.0668145956607495
6,35,8,"large","low",1000,10000,-5,0.00669285092428486,0.0618,0.052,0.074,4085,0.0658506731946144
6,36,8,"large","low",1000,10000,-5,0.00669285092428486,0.0622,0.052,0.074,4071,0.0663227708179808
6,37,8,"large","low",1000,10000,-5,0.00669285092428486,0.0633,0.054,0.074,4064,0.0671751968503937
6,38,8,"large","low",1000,10000,-5,0.00669285092428486,0.062,0.054,0.074,4040,0.0653465346534653
6,39,8,"large","low",1000,10000,-5,0.00669285092428486,0.0615,0.054,0.074,4050,0.0644444444444444
6,40,8,"large","low",1000,10000,-5,0.00669285092428486,0.0634,0.055,0.074,4045,0.0645241038318912
6,41,8,"large","low",1000,10000,-5,0.00669285092428486,0.0633,0.055,0.074,4012,0.0650548354935194
6,42,8,"large","low",1000,10000,-5,0.00669285092428486,0.0642,0.055,0.074,3975,0.0671698113207547
6,43,8,"large","low",1000,10000,-5,0.00669285092428486,0.0644,0.055,0.074,3982,0.0678051230537418
6,44,8,"large","low",1000,10000,-5,0.00669285092428486,0.0627,0.055,0.073,3963,0.0683825384809488
6,45,8,"large","low",1000,10000,-5,0.00669285092428486,0.0623,0.055,0.073,3957,0.0684862269396007
6,46,8,"large","low",1000,10000,-5,0.00669285092428486,0.0635,0.055,0.073,3979,0.0698668007036944
6,47,8,"large","low",1000,10000,-5,0.00669285092428486,0.0648,0.055,0.076,4004,0.0731768231768232
6,48,8,"large","low",1000,10000,-5,0.00669285092428486,0.0659,0.055,0.076,4023,0.0740740740740741
6,49,8,"large","low",1000,10000,-5,0.00669285092428486,0.0657,0.055,0.076,4000,0.0725
6,50,8,"large","low",1000,10000,-5,0.00669285092428486,0.0625,0.041,0.076,4019,0.0696690719084349
6,51,8,"large","low",1000,10000,-5,0.00669285092428486,0.0631,0.041,0.076,4056,0.0687869822485207
6,52,8,"large","low",1000,10000,-5,0.00669285092428486,0.0628,0.041,0.076,4061,0.0677173110071411
6,53,8,"large","low",1000,10000,-5,0.00669285092428486,0.0627,0.041,0.076,4047,0.0679515690635038
6,54,8,"large","low",1000,10000,-5,0.00669285092428486,0.063,0.041,0.076,4038,0.0676077265973254
6,55,8,"large","low",1000,10000,-5,0.00669285092428486,0.0628,0.041,0.076,4039,0.0670958157959891
6,56,8,"large","low",1000,10000,-5,0.00669285092428486,0.0611,0.041,0.076,4002,0.0644677661169415
6,57,8,"large","low",1000,10000,-5,0.00669285092428486,0.06,0.041,0.068,3989,0.0624216595638004
6,58,8,"large","low",1000,10000,-5,0.00669285092428486,0.0588,0.041,0.066,3975,0.0618867924528302
6,59,8,"large","low",1000,10000,-5,0.00669285092428486,0.0585,0.041,0.066,3994,0.0615923885828743
6,60,8,"large","low",1000,10000,-5,0.00669285092428486,0.061,0.053,0.066,3990,0.062406015037594
6,61,8,"large","low",1000,10000,-5,0.00669285092428486,0.06,0.051,0.066,3976,0.0608651911468813
6,62,8,"large","low",1000,10000,-5,0.00669285092428486,0.0606,0.051,0.067,3993,0.0606060606060606
6,63,8,"large","low",1000,10000,-5,0.00669285092428486,0.0616,0.051,0.07,3987,0.0606972661148733
6,64,8,"large","low",1000,10000,-5,0.00669285092428486,0.0617,0.051,0.07,4016,0.0600099601593626
6,65,8,"large","low",1000,10000,-5,0.00669285092428486,0.0612,0.051,0.07,4027,0.0581077725353861
6,66,8,"large","low",1000,10000,-5,0.00669285092428486,0.0625,0.051,0.07,4011,0.0598354525056096
6,67,8,"large","low",1000,10000,-5,0.00669285092428486,0.0622,0.051,0.07,4023,0.058165548098434
6,68,8,"large","low",1000,10000,-5,0.00669285092428486,0.0617,0.051,0.07,4026,0.057625434674615
6,69,8,"large","low",1000,10000,-5,0.00669285092428486,0.0616,0.051,0.07,4025,0.0583850931677019
6,70,8,"large","low",1000,10000,-5,0.00669285092428486,0.0613,0.051,0.07,4016,0.0595119521912351
6,71,8,"large","low",1000,10000,-5,0.00669285092428486,0.0615,0.051,0.07,3994,0.0608412618928393
6,72,8,"large","low",1000,10000,-5,0.00669285092428486,0.061,0.051,0.07,3991,0.0618892508143322
6,73,8,"large","low",1000,10000,-5,0.00669285092428486,0.0597,0.051,0.066,3964,0.0592835519677094
6,74,8,"large","low",1000,10000,-5,0.00669285092428486,0.0595,0.051,0.066,3936,0.0591971544715447
6,75,8,"large","low",1000,10000,-5,0.00669285092428486,0.0597,0.051,0.066,3951,0.0602379144520375
6,76,8,"large","low",1000,10000,-5,0.00669285092428486,0.0587,0.051,0.063,3991,0.0598847406664996
6,77,8,"large","low",1000,10000,-5,0.00669285092428486,0.0593,0.051,0.068,3990,0.0606516290726817
6,78,8,"large","low",1000,10000,-5,0.00669285092428486,0.0602,0.053,0.068,3968,0.0627520161290323
6,79,8,"large","low",1000,10000,-5,0.00669285092428486,0.0602,0.053,0.068,3999,0.062015503875969
6,80,8,"large","low",1000,10000,-5,0.00669285092428486,0.0596,0.053,0.068,4031,0.0610270404366162
6,81,8,"large","low",1000,10000,-5,0.00669285092428486,0.0599,0.056,0.068,4025,0.0601242236024845
6,82,8,"large","low",1000,10000,-5,0.00669285092428486,0.0603,0.056,0.068,3998,0.05927963981991
6,83,8,"large","low",1000,10000,-5,0.00669285092428486,0.0598,0.052,0.068,4031,0.0595385760357231
6,84,8,"large","low",1000,10000,-5,0.00669285092428486,0.0587,0.048,0.068,4070,0.0582309582309582
6,85,8,"large","low",1000,10000,-5,0.00669285092428486,0.0579,0.048,0.068,4080,0.0568627450980392
6,86,8,"large","low",1000,10000,-5,0.00669285092428486,0.0572,0.048,0.068,4060,0.0559113300492611
6,87,8,"large","low",1000,10000,-5,0.00669285092428486,0.0555,0.048,0.066,4050,0.0548148148148148
6,88,8,"large","low",1000,10000,-5,0.00669285092428486,0.0547,0.048,0.066,4058,0.0519960571710202
6,89,8,"large","low",1000,10000,-5,0.00669285092428486,0.0537,0.048,0.066,4047,0.0526315789473684
6,90,8,"large","low",1000,10000,-5,0.00669285092428486,0.053,0.048,0.066,4012,0.0528414755732802
6,91,8,"large","low",1000,10000,-5,0.00669285092428486,0.0527,0.048,0.066,4001,0.0542364408897776
6,92,8,"large","low",1000,10000,-5,0.00669285092428486,0.0522,0.048,0.061,4038,0.0544824170381377
6,93,8,"large","low",1000,10000,-5,0.00669285092428486,0.0535,0.048,0.065,4033,0.0547979171832383
6,94,8,"large","low",1000,10000,-5,0.00669285092428486,0.0552,0.049,0.065,4011,0.0570929942657691
6,95,8,"large","low",1000,10000,-5,0.00669285092428486,0.0548,0.049,0.065,3977,0.0565753080211214
6,96,8,"large","low",1000,10000,-5,0.00669285092428486,0.056,0.05,0.065,4007,0.0578986773146993
6,97,8,"large","low",1000,10000,-5,0.00669285092428486,0.056,0.05,0.065,4012,0.0575772681954138
6,98,8,"large","low",1000,10000,-5,0.00669285092428486,0.0555,0.047,0.065,4024,0.0566600397614314
6,99,8,"large","low",1000,10000,-5,0.00669285092428486,0.0552,0.047,0.065,4021,0.0552101467296692
6,100,8,"large","low",1000,10000,-5,0.00669285092428486,0.0558,0.047,0.065,4024,0.0554174950298211
6,101,8,"large","low",1000,10000,-5,0.00669285092428486,0.0549,0.044,0.065,4060,0.0541871921182266
6,102,8,"large","low",1000,10000,-5,0.00669285092428486,0.0554,0.044,0.066,4039,0.0522406536271354
6,103,8,"large","low",1000,10000,-5,0.00669285092428486,0.055,0.044,0.066,4037,0.055239038890265
6,104,8,"large","low",1000,10000,-5,0.00669285092428486,0.0546,0.044,0.066,4039,0.0557068581332013
6,105,8,"large","low",1000,10000,-5,0.00669285092428486,0.056,0.044,0.066,4053,0.0579817419195658
6,106,8,"large","low",1000,10000,-5,0.00669285092428486,0.0572,0.044,0.073,4036,0.0584737363726462
6,107,8,"large","low",1000,10000,-5,0.00669285092428486,0.057,0.044,0.073,4016,0.0592629482071713
6,108,8,"large","low",1000,10000,-5,0.00669285092428486,0.0581,0.044,0.073,4048,0.0610177865612648
6,109,8,"large","low",1000,10000,-5,0.00669285092428486,0.0586,0.044,0.073,4046,0.0627780523974296
6,110,8,"large","low",1000,10000,-5,0.00669285092428486,0.0597,0.044,0.073,4041,0.0631031922791388
6,111,8,"large","low",1000,10000,-5,0.00669285092428486,0.062,0.049,0.073,4028,0.0650446871896723
6,112,8,"large","low",1000,10000,-5,0.00669285092428486,0.0611,0.049,0.073,4040,0.0658415841584158
6,113,8,"large","low",1000,10000,-5,0.00669285092428486,0.0615,0.049,0.073,4070,0.0651105651105651
6,114,8,"large","low",1000,10000,-5,0.00669285092428486,0.0624,0.049,0.073,4091,0.0645318992911269
6,115,8,"large","low",1000,10000,-5,0.00669285092428486,0.0614,0.049,0.073,4088,0.0638454011741683
6,116,8,"large","low",1000,10000,-5,0.00669285092428486,0.0601,0.049,0.07,4083,0.0609845701689934
6,117,8,"large","low",1000,10000,-5,0.00669285092428486,0.0629,0.053,0.077,4087,0.0626376315145584
6,118,8,"large","low",1000,10000,-5,0.00669285092428486,0.0635,0.053,0.077,4055,0.0636251541307028
6,119,8,"large","low",1000,10000,-5,0.00669285092428486,0.0632,0.05,0.077,4047,0.0625154435384235
6,120,8,"large","low",1000,10000,-5,0.00669285092428486,0.0616,0.05,0.077,4036,0.0629335976214073
6,121,8,"large","low",1000,10000,-5,0.00669285092428486,0.0619,0.05,0.077,4030,0.0635235732009926
6,122,8,"large","low",1000,10000,-5,0.00669285092428486,0.0615,0.05,0.077,4024,0.0646123260437376
6,123,8,"large","low",1000,10000,-5,0.00669285092428486,0.0603,0.05,0.077,4012,0.0623130608175474
6,124,8,"large","low",1000,10000,-5,0.00669285092428486,0.0585,0.05,0.077,3983,0.0615114235500879
6,125,8,"large","low",1000,10000,-5,0.00669285092428486,0.0589,0.05,0.077,3976,0.0621227364185111
6,126,8,"large","low",1000,10000,-5,0.00669285092428486,0.0585,0.05,0.077,3955,0.0632111251580278
6,127,8,"large","low",1000,10000,-5,0.00669285092428486,0.0556,0.048,0.07,3962,0.0600706713780919
6,128,8,"large","low",1000,10000,-5,0.00669285092428486,0.0542,0.048,0.07,3967,0.0582304008066549
6,129,8,"large","low",1000,10000,-5,0.00669285092428486,0.056,0.048,0.07,3954,0.0581689428426909
6,130,8,"large","low",1000,10000,-5,0.00669285092428486,0.056,0.048,0.07,3988,0.0569207622868606
6,131,8,"large","low",1000,10000,-5,0.00669285092428486,0.0548,0.048,0.068,3998,0.0570285142571286
6,132,8,"large","low",1000,10000,-5,0.00669285092428486,0.0565,0.048,0.07,4004,0.0569430569430569
6,133,8,"large","low",1000,10000,-5,0.00669285092428486,0.0581,0.048,0.07,4000,0.05925
6,134,8,"large","low",1000,10000,-5,0.00669285092428486,0.0582,0.048,0.07,4041,0.0588963127938629
6,135,8,"large","low",1000,10000,-5,0.00669285092428486,0.0575,0.048,0.07,4023,0.056176982351479
6,136,8,"large","low",1000,10000,-5,0.00669285092428486,0.0573,0.048,0.07,4039,0.056449616241644
6,137,8,"large","low",1000,10000,-5,0.00669285092428486,0.0582,0.05,0.07,4014,0.0587942202291978
6,138,8,"large","low",1000,10000,-5,0.00669285092428486,0.0595,0.051,0.07,4038,0.0601783060921248
6,139,8,"large","low",1000,10000,-5,0.00669285092428486,0.0575,0.048,0.07,4052,0.0597235932872656
6,140,8,"large","low",1000,10000,-5,0.00669285092428486,0.0565,0.041,0.07,4022,0.0576827449030333
6,141,8,"large","low",1000,10000,-5,0.00669285092428486,0.0554,0.041,0.07,4024,0.055168986083499
6,142,8,"large","low",1000,10000,-5,0.00669285092428486,0.0543,0.041,0.069,4046,0.0533860603064755
6,143,8,"large","low",1000,10000,-5,0.00669285092428486,0.052,0.041,0.063,4022,0.0522128294380905
6,144,8,"large","low",1000,10000,-5,0.00669285092428486,0.0522,0.041,0.063,3994,0.0518277416124186
6,145,8,"large","low",1000,10000,-5,0.00669285092428486,0.0524,0.041,0.063,4010,0.0521197007481297
6,146,8,"large","low",1000,10000,-5,0.00669285092428486,0.0528,0.041,0.063,4021,0.0529718975379259
6,147,8,"large","low",1000,10000,-5,0.00669285092428486,0.0538,0.041,0.067,4056,0.0527613412228797
6,148,8,"large","low",1000,10000,-5,0.00669285092428486,0.0537,0.041,0.067,4017,0.0512820512820513
6,149,8,"large","low",1000,10000,-5,0.00669285092428486,0.0551,0.041,0.067,3984,0.0532128514056225
6,150,8,"large","low",1000,10000,-5,0.00669285092428486,0.0568,0.046,0.067,3986,0.054942298043151
6,151,8,"large","low",1000,10000,-5,0.00669285092428486,0.058,0.046,0.067,3969,0.054673721340388
6,152,8,"large","low",1000,10000,-5,0.00669285092428486,0.0589,0.046,0.068,3943,0.0575703778848592
6,153,8,"large","low",1000,10000,-5,0.00669285092428486,0.0608,0.054,0.068,3940,0.0578680203045685
6,154,8,"large","low",1000,10000,-5,0.00669285092428486,0.0617,0.054,0.068,3954,0.056398583712696
6,155,8,"large","low",1000,10000,-5,0.00669285092428486,0.0636,0.058,0.073,3927,0.0603514132925898
6,156,8,"large","low",1000,10000,-5,0.00669285092428486,0.0637,0.058,0.073,3943,0.0590920618818159
6,157,8,"large","low",1000,10000,-5,0.00669285092428486,0.0625,0.055,0.073,3926,0.0583290881304126
6,158,8,"large","low",1000,10000,-5,0.00669285092428486,0.0625,0.055,0.073,3938,0.0596749619095988
6,159,8,"large","low",1000,10000,-5,0.00669285092428486,0.0617,0.054,0.073,3966,0.0587493696419566
6,160,8,"large","low",1000,10000,-5,0.00669285092428486,0.0632,0.054,0.073,3960,0.0636363636363636
6,161,8,"large","low",1000,10000,-5,0.00669285092428486,0.0633,0.054,0.073,3997,0.0662997247935952
6,162,8,"large","low",1000,10000,-5,0.00669285092428486,0.0631,0.054,0.073,3990,0.0661654135338346
6,163,8,"large","low",1000,10000,-5,0.00669285092428486,0.0628,0.054,0.073,3987,0.0649611236518686
6,164,8,"large","low",1000,10000,-5,0.00669285092428486,0.063,0.054,0.073,3983,0.0682902334923425
6,165,8,"large","low",1000,10000,-5,0.00669285092428486,0.0625,0.054,0.073,4027,0.0685373727340452
6,166,8,"large","low",1000,10000,-5,0.00669285092428486,0.0625,0.054,0.073,4020,0.0694029850746269
6,167,8,"large","low",1000,10000,-5,0.00669285092428486,0.0618,0.048,0.073,4010,0.0673316708229426
6,168,8,"large","low",1000,10000,-5,0.00669285092428486,0.0622,0.048,0.073,4015,0.0679950186799502
6,169,8,"large","low",1000,10000,-5,0.00669285092428486,0.062,0.048,0.073,4019,0.0666832545409306
6,170,8,"large","low",1000,10000,-5,0.00669285092428486,0.0609,0.048,0.068,4005,0.0639200998751561
6,171,8,"large","low",1000,10000,-5,0.00669285092428486,0.0606,0.048,0.068,3981,0.0630494850540065
6,172,8,"large","low",1000,10000,-5,0.00669285092428486,0.0601,0.048,0.068,3988,0.0626880641925777
6,173,8,"large","low",1000,10000,-5,0.00669285092428486,0.06,0.048,0.068,3992,0.0646292585170341
6,174,8,"large","low",1000,10000,-5,0.00669285092428486,0.0601,0.048,0.068,3986,0.0647265429001505
6,175,8,"large","low",1000,10000,-5,0.00669285092428486,0.0587,0.048,0.067,4000,0.061
6,176,8,"large","low",1000,10000,-5,0.00669285092428486,0.058,0.048,0.067,3966,0.0617750882501261
6,177,8,"large","low",1000,10000,-5,0.00669285092428486,0.0595,0.052,0.067,3975,0.0638993710691824
6,178,8,"large","low",1000,10000,-5,0.00669285092428486,0.0605,0.052,0.076,3970,0.0642317380352645
6,179,8,"large","low",1000,10000,-5,0.00669285092428486,0.06,0.047,0.076,3972,0.0631923464249748
6,180,8,"large","low",1000,10000,-5,0.00669285092428486,0.0596,0.047,0.076,4014,0.0635276532137519
6,181,8,"large","low",1000,10000,-5,0.00669285092428486,0.0604,0.047,0.076,4029,0.0642839414246711
6,182,8,"large","low",1000,10000,-5,0.00669285092428486,0.0598,0.047,0.076,4015,0.0627646326276463
6,183,8,"large","low",1000,10000,-5,0.00669285092428486,0.0609,0.047,0.076,4018,0.0622200099552016
6,184,8,"large","low",1000,10000,-5,0.00669285092428486,0.0597,0.047,0.076,4022,0.0604177026355047
6,185,8,"large","low",1000,10000,-5,0.00669285092428486,0.0605,0.047,0.076,3991,0.0623903783512904
6,186,8,"large","low",1000,10000,-5,0.00669285092428486,0.0602,0.047,0.076,3999,0.0615153788447112
6,187,8,"large","low",1000,10000,-5,0.00669285092428486,0.0589,0.047,0.076,4011,0.0603340812764897
6,188,8,"large","low",1000,10000,-5,0.00669285092428486,0.0573,0.047,0.072,4040,0.0589108910891089
6,189,8,"large","low",1000,10000,-5,0.00669285092428486,0.0574,0.048,0.072,4047,0.0602915740054361
6,190,8,"large","low",1000,10000,-5,0.00669285092428486,0.0565,0.048,0.072,4043,0.0576304724214692
6,191,8,"large","low",1000,10000,-5,0.00669285092428486,0.0572,0.048,0.072,4032,0.0572916666666667
6,192,8,"large","low",1000,10000,-5,0.00669285092428486,0.0574,0.048,0.072,4045,0.057601977750309
6,193,8,"large","low",1000,10000,-5,0.00669285092428486,0.0566,0.048,0.072,4051,0.0567761046655147
6,194,8,"large","low",1000,10000,-5,0.00669285092428486,0.0575,0.048,0.072,4039,0.0579351324585293
6,195,8,"large","low",1000,10000,-5,0.00669285092428486,0.0578,0.048,0.072,4042,0.0573973280554181
6,196,8,"large","low",1000,10000,-5,0.00669285092428486,0.0596,0.048,0.072,4054,0.0587074494326591
6,197,8,"large","low",1000,10000,-5,0.00669285092428486,0.0597,0.048,0.072,4041,0.0598861667903984
6,198,8,"large","low",1000,10000,-5,0.00669285092428486,0.0598,0.048,0.072,4049,0.061249691281798
6,199,8,"large","low",1000,10000,-5,0.00669285092428486,0.0603,0.049,0.072,4030,0.062531017369727
6,200,8,"large","low",1000,10000,-5,0.00669285092428486,0.0621,0.051,0.072,4009,0.0656023946121227
6,201,8,"large","low",1000,10000,-5,0.00669285092428486,0.0613,0.051,0.067,3989,0.0654299323138631
6,202,8,"large","low",1000,10000,-5,0.00669285092428486,0.0623,0.051,0.067,3953,0.0652668859094359
6,203,8,"large","low",1000,10000,-5,0.00669285092428486,0.0621,0.051,0.067,3945,0.0653992395437262
6,204,8,"large","low",1000,10000,-5,0.00669285092428486,0.0626,0.051,0.069,3916,0.0684371807967314
6,205,8,"large","low",1000,10000,-5,0.00669285092428486,0.0622,0.051,0.069,3929,0.0692288114023925
6,206,8,"large","low",1000,10000,-5,0.00669285092428486,0.0626,0.051,0.071,3947,0.0696731694958196
6,207,8,"large","low",1000,10000,-5,0.00669285092428486,0.0642,0.053,0.071,3950,0.069873417721519
6,208,8,"large","low",1000,10000,-5,0.00669285092428486,0.0641,0.053,0.071,3932,0.0689216683621567
6,209,8,"large","low",1000,10000,-5,0.00669285092428486,0.0639,0.051,0.071,3962,0.0671378091872792
6,210,8,"large","low",1000,10000,-5,0.00669285092428486,0.0633,0.051,0.071,3973,0.0667002265290712
6,211,8,"large","low",1000,10000,-5,0.00669285092428486,0.0629,0.051,0.071,3994,0.0673510265398097
6,212,8,"large","low",1000,10000,-5,0.00669285092428486,0.062,0.051,0.071,4039,0.0673434018321367
6,213,8,"large","low",1000,10000,-5,0.00669285092428486,0.0612,0.051,0.071,4067,0.0671256454388985
6,214,8,"large","low",1000,10000,-5,0.00669285092428486,0.0594,0.051,0.071,4130,0.0617433414043584
6,215,8,"large","low",1000,10000,-5,0.00669285092428486,0.0591,0.051,0.071,4117,0.0595093514695166
6,216,8,"large","low",1000,10000,-5,0.00669285092428486,0.0573,0.051,0.067,4096,0.05810546875
6,217,8,"large","low",1000,10000,-5,0.00669285092428486,0.0573,0.051,0.067,4112,0.0578793774319066
6,218,8,"large","low",1000,10000,-5,0.00669285092428486,0.0572,0.051,0.067,4100,0.0578048780487805
6,219,8,"large","low",1000,10000,-5,0.00669285092428486,0.0588,0.051,0.067,4090,0.0596577017114914
6,220,8,"large","low",1000,10000,-5,0.00669285092428486,0.0594,0.051,0.067,4102,0.0611896635787421
6,221,8,"large","low",1000,10000,-5,0.00669285092428486,0.0581,0.047,0.067,4148,0.0595467695274831
6,222,8,"large","low",1000,10000,-5,0.00669285092428486,0.0586,0.047,0.067,4130,0.0605326876513317
6,223,8,"large","low",1000,10000,-5,0.00669285092428486,0.058,0.047,0.067,4101,0.0612045842477444
6,224,8,"large","low",1000,10000,-5,0.00669285092428486,0.0586,0.047,0.067,4056,0.0633629191321499
6,225,8,"large","low",1000,10000,-5,0.00669285092428486,0.0575,0.047,0.067,4079,0.0634959548909046
6,226,8,"large","low",1000,10000,-5,0.00669285092428486,0.0567,0.045,0.067,4100,0.0624390243902439
6,227,8,"large","low",1000,10000,-5,0.00669285092428486,0.0556,0.045,0.067,4079,0.062515322382937
6,228,8,"large","low",1000,10000,-5,0.00669285092428486,0.0558,0.045,0.067,4085,0.0634026927784578
6,229,8,"large","low",1000,10000,-5,0.00669285092428486,0.0546,0.045,0.067,4070,0.0626535626535627
6,230,8,"large","low",1000,10000,-5,0.00669285092428486,0.0541,0.045,0.063,4076,0.0613346418056919
6,231,8,"large","low",1000,10000,-5,0.00669285092428486,0.0563,0.045,0.069,4027,0.0635708964489695
6,232,8,"large","low",1000,10000,-5,0.00669285092428486,0.0557,0.045,0.069,4047,0.061527057079318
6,233,8,"large","low",1000,10000,-5,0.00669285092428486,0.0545,0.036,0.069,4045,0.0600741656365884
6,234,8,"large","low",1000,10000,-5,0.00669285092428486,0.0556,0.036,0.069,4061,0.0615611918246737
6,235,8,"large","low",1000,10000,-5,0.00669285092428486,0.057,0.036,0.069,4054,0.062900838677849
6,236,8,"large","low",1000,10000,-5,0.00669285092428486,0.0591,0.036,0.069,4016,0.06449203187251
6,237,8,"large","low",1000,10000,-5,0.00669285092428486,0.0579,0.036,0.069,4008,0.062874251497006
6,238,8,"large","low",1000,10000,-5,0.00669285092428486,0.057,0.036,0.069,4011,0.06232859636001
6,239,8,"large","low",1000,10000,-5,0.00669285092428486,0.0576,0.036,0.069,4010,0.0635910224438903
6,240,8,"large","low",1000,10000,-5,0.00669285092428486,0.0578,0.036,0.069,4013,0.0642910540742587
6,241,8,"large","low",1000,10000,-5,0.00669285092428486,0.0578,0.036,0.069,4002,0.0644677661169415
6,242,8,"large","low",1000,10000,-5,0.00669285092428486,0.0575,0.036,0.069,3992,0.0648797595190381
6,243,8,"large","low",1000,10000,-5,0.00669285092428486,0.0595,0.044,0.069,4013,0.0662845751308248
6,244,8,"large","low",1000,10000,-5,0.00669285092428486,0.0578,0.044,0.069,4003,0.0632025980514614
6,245,8,"large","low",1000,10000,-5,0.00669285092428486,0.0574,0.044,0.069,4013,0.0613007724894094
6,246,8,"large","low",1000,10000,-5,0.00669285092428486,0.0569,0.044,0.069,4048,0.0610177865612648
6,247,8,"large","low",1000,10000,-5,0.00669285092428486,0.0606,0.051,0.081,4073,0.0638350110483673
6,248,8,"large","low",1000,10000,-5,0.00669285092428486,0.0614,0.051,0.081,4078,0.0622854340362923
6,249,8,"large","low",1000,10000,-5,0.00669285092428486,0.0612,0.051,0.081,4077,0.0615648761344126
6,250,8,"large","low",1000,10000,-5,0.00669285092428486,0.0589,0.041,0.081,4066,0.0570585341859321
6,251,8,"large","low",1000,10000,-5,0.00669285092428486,0.058,0.041,0.081,4085,0.0538555691554468
6,252,8,"large","low",1000,10000,-5,0.00669285092428486,0.059,0.041,0.081,4081,0.0541533937760353
6,253,8,"large","low",1000,10000,-5,0.00669285092428486,0.0586,0.041,0.081,4075,0.0532515337423313
6,254,8,"large","low",1000,10000,-5,0.00669285092428486,0.0596,0.041,0.081,4098,0.0556368960468521
6,255,8,"large","low",1000,10000,-5,0.00669285092428486,0.061,0.041,0.081,4063,0.0605463942899335
6,256,8,"large","low",1000,10000,-5,0.00669285092428486,0.0595,0.041,0.081,4075,0.0586503067484663
6,257,8,"large","low",1000,10000,-5,0.00669285092428486,0.0571,0.041,0.071,4076,0.0574092247301276
6,258,8,"large","low",1000,10000,-5,0.00669285092428486,0.0578,0.041,0.071,4056,0.0574457593688363
6,259,8,"large","low",1000,10000,-5,0.00669285092428486,0.0581,0.041,0.071,4068,0.0567846607669617
6,260,8,"large","low",1000,10000,-5,0.00669285092428486,0.0598,0.046,0.071,4080,0.0607843137254902
6,261,8,"large","low",1000,10000,-5,0.00669285092428486,0.059,0.046,0.071,4086,0.0611845325501713
6,262,8,"large","low",1000,10000,-5,0.00669285092428486,0.0595,0.046,0.071,4085,0.0626682986536108
6,263,8,"large","low",1000,10000,-5,0.00669285092428486,0.0598,0.046,0.071,4077,0.0637723816531763
6,264,8,"large","low",1000,10000,-5,0.00669285092428486,0.0599,0.046,0.071,4058,0.0648102513553475
6,265,8,"large","low",1000,10000,-5,0.00669285092428486,0.0581,0.046,0.069,4057,0.0603894503327582
6,266,8,"large","low",1000,10000,-5,0.00669285092428486,0.0592,0.052,0.069,4011,0.0605833956619297
6,267,8,"large","low",1000,10000,-5,0.00669285092428486,0.0595,0.052,0.069,4018,0.0602289696366351
6,268,8,"large","low",1000,10000,-5,0.00669285092428486,0.0595,0.052,0.069,4011,0.0630765395163301
6,269,8,"large","low",1000,10000,-5,0.00669285092428486,0.0584,0.051,0.069,4001,0.0619845038740315
6,270,8,"large","low",1000,10000,-5,0.00669285092428486,0.0585,0.051,0.069,3937,0.0596901193802388
6,271,8,"large","low",1000,10000,-5,0.00669285092428486,0.0586,0.051,0.069,3935,0.0604828462515883
6,272,8,"large","low",1000,10000,-5,0.00669285092428486,0.058,0.051,0.067,3944,0.0590770791075051
6,273,8,"large","low",1000,10000,-5,0.00669285092428486,0.058,0.051,0.067,3960,0.0590909090909091
6,274,8,"large","low",1000,10000,-5,0.00669285092428486,0.0563,0.045,0.067,3964,0.0554994954591322
6,275,8,"large","low",1000,10000,-5,0.00669285092428486,0.057,0.045,0.067,3983,0.0552347476776299
6,276,8,"large","low",1000,10000,-5,0.00669285092428486,0.0568,0.045,0.067,3987,0.0571858540255831
6,277,8,"large","low",1000,10000,-5,0.00669285092428486,0.0564,0.045,0.067,3967,0.0562137635492816
6,278,8,"large","low",1000,10000,-5,0.00669285092428486,0.0553,0.045,0.063,4003,0.0549587809143143
6,279,8,"large","low",1000,10000,-5,0.00669285092428486,0.0558,0.045,0.063,3996,0.0560560560560561
6,280,8,"large","low",1000,10000,-5,0.00669285092428486,0.0564,0.045,0.065,4042,0.0571499257793172
6,281,8,"large","low",1000,10000,-5,0.00669285092428486,0.0558,0.045,0.065,4053,0.0569948186528497
6,282,8,"large","low",1000,10000,-5,0.00669285092428486,0.0549,0.045,0.065,4060,0.0568965517241379
6,283,8,"large","low",1000,10000,-5,0.00669285092428486,0.0554,0.045,0.065,4066,0.0558288243974422
6,284,8,"large","low",1000,10000,-5,0.00669285092428486,0.0567,0.047,0.065,4074,0.0571919489445263
6,285,8,"large","low",1000,10000,-5,0.00669285092428486,0.0563,0.047,0.065,4068,0.0587512291052114
6,286,8,"large","low",1000,10000,-5,0.00669285092428486,0.0559,0.047,0.065,4059,0.0571569352057157
6,287,8,"large","low",1000,10000,-5,0.00669285092428486,0.0546,0.043,0.065,4050,0.0577777777777778
6,288,8,"large","low",1000,10000,-5,0.00669285092428486,0.0554,0.043,0.065,4060,0.0571428571428571
6,289,8,"large","low",1000,10000,-5,0.00669285092428486,0.0557,0.043,0.065,4071,0.0572340948169983
6,290,8,"large","low",1000,10000,-5,0.00669285092428486,0.0556,0.043,0.064,4063,0.0578390351956682
6,291,8,"large","low",1000,10000,-5,0.00669285092428486,0.0572,0.043,0.064,4035,0.0584882280049566
6,292,8,"large","low",1000,10000,-5,0.00669285092428486,0.0579,0.043,0.064,4018,0.0584868093578895
6,293,8,"large","low",1000,10000,-5,0.00669285092428486,0.0567,0.043,0.064,4040,0.0589108910891089
6,294,8,"large","low",1000,10000,-5,0.00669285092428486,0.0576,0.043,0.067,4049,0.0563102000493949
6,295,8,"large","low",1000,10000,-5,0.00669285092428486,0.0576,0.043,0.067,4072,0.056237721021611
6,296,8,"large","low",1000,10000,-5,0.00669285092428486,0.0576,0.043,0.067,4094,0.0578895945285784
6,297,8,"large","low",1000,10000,-5,0.00669285092428486,0.0596,0.048,0.067,4128,0.0598352713178295
6,298,8,"large","low",1000,10000,-5,0.00669285092428486,0.0599,0.048,0.067,4072,0.0616404715127701
6,299,8,"large","low",1000,10000,-5,0.00669285092428486,0.0588,0.048,0.067,4073,0.0628529339553155
6,300,8,"large","low",1000,10000,-5,0.00669285092428486,0.0572,0.048,0.067,4110,0.0610705596107056
7,1,4,"low","high",300,3000,-1,0.268941421369995,0.585333333333333,0.523333333333333,0.663333333333333,2011,0.614122327200398
7,2,4,"low","high",300,3000,-1,0.268941421369995,0.594,0.56,0.663333333333333,2006,0.620638085742772
7,3,4,"low","high",300,3000,-1,0.268941421369995,0.594666666666667,0.56,0.663333333333333,2007,0.623318385650224
7,4,4,"low","high",300,3000,-1,0.268941421369995,0.600666666666667,0.56,0.663333333333333,1994,0.62888665997994
7,5,4,"low","high",300,3000,-1,0.268941421369995,0.604,0.566666666666667,0.663333333333333,1981,0.631499242806663
7,6,4,"low","high",300,3000,-1,0.268941421369995,0.603,0.566666666666667,0.663333333333333,1992,0.627510040160643
7,7,4,"low","high",300,3000,-1,0.268941421369995,0.609,0.566666666666667,0.663333333333333,1988,0.633802816901408
7,8,4,"low","high",300,3000,-1,0.268941421369995,0.612666666666667,0.57,0.663333333333333,2006,0.635094715852443
7,9,4,"low","high",300,3000,-1,0.268941421369995,0.617666666666667,0.593333333333333,0.663333333333333,1983,0.641452344931921
7,10,4,"low","high",300,3000,-1,0.268941421369995,0.616333333333333,0.593333333333333,0.65,1975,0.64
7,11,4,"low","high",300,3000,-1,0.268941421369995,0.612,0.573333333333333,0.65,1969,0.638395124428644
7,12,4,"low","high",300,3000,-1,0.268941421369995,0.614,0.573333333333333,0.65,1977,0.640870005058169
7,13,4,"low","high",300,3000,-1,0.268941421369995,0.615333333333333,0.573333333333333,0.65,1992,0.643072289156627
7,14,4,"low","high",300,3000,-1,0.268941421369995,0.618,0.573333333333333,0.66,1991,0.642390758412858
7,15,4,"low","high",300,3000,-1,0.268941421369995,0.618,0.573333333333333,0.66,1982,0.642280524722503
7,16,4,"low","high",300,3000,-1,0.268941421369995,0.617666666666667,0.573333333333333,0.66,1973,0.6431829700963
7,17,4,"low","high",300,3000,-1,0.268941421369995,0.616,0.573333333333333,0.66,1981,0.640080767289248
7,18,4,"low","high",300,3000,-1,0.268941421369995,0.610666666666667,0.55,0.66,1982,0.630676084762866
7,19,4,"low","high",300,3000,-1,0.268941421369995,0.611666666666667,0.55,0.66,1998,0.632632632632633
7,20,4,"low","high",300,3000,-1,0.268941421369995,0.61,0.55,0.66,1984,0.632560483870968
7,21,4,"low","high",300,3000,-1,0.268941421369995,0.614666666666667,0.55,0.66,1994,0.635907723169508
7,22,4,"low","high",300,3000,-1,0.268941421369995,0.617333333333333,0.55,0.66,1997,0.638958437656485
7,23,4,"low","high",300,3000,-1,0.268941421369995,0.616,0.55,0.66,1977,0.632271117855336
7,24,4,"low","high",300,3000,-1,0.268941421369995,0.611333333333333,0.55,0.656666666666667,1985,0.629219143576826
7,25,4,"low","high",300,3000,-1,0.268941421369995,0.615,0.55,0.656666666666667,1997,0.629944917376064
7,26,4,"low","high",300,3000,-1,0.268941421369995,0.614333333333333,0.55,0.656666666666667,1988,0.630281690140845
7,27,4,"low","high",300,3000,-1,0.268941421369995,0.615333333333333,0.55,0.656666666666667,1991,0.633350075339026
7,28,4,"low","high",300,3000,-1,0.268941421369995,0.622333333333333,0.596666666666667,0.656666666666667,1988,0.63933601609658
7,29,4,"low","high",300,3000,-1,0.268941421369995,0.619666666666667,0.596666666666667,0.656666666666667,1981,0.633013629480061
7,30,4,"low","high",300,3000,-1,0.268941421369995,0.62,0.596666666666667,0.656666666666667,1974,0.630192502532928
7,31,4,"low","high",300,3000,-1,0.268941421369995,0.615333333333333,0.573333333333333,0.656666666666667,1976,0.624493927125506
7,32,4,"low","high",300,3000,-1,0.268941421369995,0.604,0.543333333333333,0.636666666666667,1977,0.614567526555387
7,33,4,"low","high",300,3000,-1,0.268941421369995,0.608,0.543333333333333,0.64,1977,0.621143146181082
7,34,4,"low","high",300,3000,-1,0.268941421369995,0.608666666666667,0.543333333333333,0.64,1979,0.620010106114199
7,35,4,"low","high",300,3000,-1,0.268941421369995,0.605333333333333,0.543333333333333,0.64,1972,0.620689655172414
7,36,4,"low","high",300,3000,-1,0.268941421369995,0.603,0.543333333333333,0.64,2000,0.617
7,37,4,"low","high",300,3000,-1,0.268941421369995,0.602,0.543333333333333,0.64,2010,0.612935323383085
7,38,4,"low","high",300,3000,-1,0.268941421369995,0.603333333333333,0.543333333333333,0.64,2017,0.622211204759544
7,39,4,"low","high",300,3000,-1,0.268941421369995,0.605666666666667,0.543333333333333,0.64,2011,0.625062158130283
7,40,4,"low","high",300,3000,-1,0.268941421369995,0.600333333333333,0.543333333333333,0.64,2012,0.620278330019881
7,41,4,"low","high",300,3000,-1,0.268941421369995,0.608333333333333,0.543333333333333,0.653333333333333,2020,0.627722772277228
7,42,4,"low","high",300,3000,-1,0.268941421369995,0.609,0.55,0.653333333333333,2023,0.624814631735047
7,43,4,"low","high",300,3000,-1,0.268941421369995,0.605333333333333,0.55,0.653333333333333,2039,0.620892594409024
7,44,4,"low","high",300,3000,-1,0.268941421369995,0.602,0.55,0.653333333333333,2040,0.617647058823529
7,45,4,"low","high",300,3000,-1,0.268941421369995,0.601,0.55,0.653333333333333,2055,0.614111922141119
7,46,4,"low","high",300,3000,-1,0.268941421369995,0.605333333333333,0.55,0.653333333333333,2046,0.612414467253177
7,47,4,"low","high",300,3000,-1,0.268941421369995,0.603666666666667,0.55,0.653333333333333,2046,0.612414467253177
7,48,4,"low","high",300,3000,-1,0.268941421369995,0.600666666666667,0.55,0.653333333333333,2030,0.60935960591133
7,49,4,"low","high",300,3000,-1,0.268941421369995,0.6,0.55,0.653333333333333,2044,0.61105675146771
7,50,4,"low","high",300,3000,-1,0.268941421369995,0.604333333333333,0.55,0.653333333333333,2055,0.614598540145985
7,51,4,"low","high",300,3000,-1,0.268941421369995,0.602,0.55,0.63,2041,0.615874571288584
7,52,4,"low","high",300,3000,-1,0.268941421369995,0.602666666666667,0.556666666666667,0.63,2041,0.614894659480647
7,53,4,"low","high",300,3000,-1,0.268941421369995,0.602333333333333,0.556666666666667,0.63,2038,0.614818449460255
7,54,4,"low","high",300,3000,-1,0.268941421369995,0.605333333333333,0.556666666666667,0.63,2017,0.616261774913238
7,55,4,"low","high",300,3000,-1,0.268941421369995,0.607,0.556666666666667,0.63,2012,0.618787276341948
7,56,4,"low","high",300,3000,-1,0.268941421369995,0.606,0.556666666666667,0.63,1996,0.622745490981964
7,57,4,"low","high",300,3000,-1,0.268941421369995,0.601,0.546666666666667,0.63,1974,0.615501519756839
7,58,4,"low","high",300,3000,-1,0.268941421369995,0.597333333333333,0.546666666666667,0.63,1980,0.613131313131313
7,59,4,"low","high",300,3000,-1,0.268941421369995,0.599,0.546666666666667,0.636666666666667,1969,0.608938547486033
7,60,4,"low","high",300,3000,-1,0.268941421369995,0.589,0.526666666666667,0.636666666666667,1963,0.603158430973
7,61,4,"low","high",300,3000,-1,0.268941421369995,0.586666666666667,0.526666666666667,0.636666666666667,1965,0.595419847328244
7,62,4,"low","high",300,3000,-1,0.268941421369995,0.594666666666667,0.526666666666667,0.636666666666667,1954,0.604401228249744
7,63,4,"low","high",300,3000,-1,0.268941421369995,0.596666666666667,0.526666666666667,0.636666666666667,1952,0.607581967213115
7,64,4,"low","high",300,3000,-1,0.268941421369995,0.596666666666667,0.526666666666667,0.636666666666667,1977,0.608497723823976
7,65,4,"low","high",300,3000,-1,0.268941421369995,0.595,0.526666666666667,0.636666666666667,1989,0.606837606837607
7,66,4,"low","high",300,3000,-1,0.268941421369995,0.594,0.526666666666667,0.636666666666667,2000,0.612
7,67,4,"low","high",300,3000,-1,0.268941421369995,0.598666666666667,0.526666666666667,0.636666666666667,2024,0.615118577075099
7,68,4,"low","high",300,3000,-1,0.268941421369995,0.597333333333333,0.526666666666667,0.636666666666667,2019,0.608221892025755
7,69,4,"low","high",300,3000,-1,0.268941421369995,0.589666666666667,0.526666666666667,0.636666666666667,2031,0.605120630231413
7,70,4,"low","high",300,3000,-1,0.268941421369995,0.594333333333333,0.553333333333333,0.636666666666667,2043,0.608418991678904
7,71,4,"low","high",300,3000,-1,0.268941421369995,0.592333333333333,0.553333333333333,0.636666666666667,2038,0.605004906771344
7,72,4,"low","high",300,3000,-1,0.268941421369995,0.585333333333333,0.553333333333333,0.62,2046,0.601173020527859
7,73,4,"low","high",300,3000,-1,0.268941421369995,0.584333333333333,0.553333333333333,0.616666666666667,2051,0.599707459775719
7,74,4,"low","high",300,3000,-1,0.268941421369995,0.581333333333333,0.553333333333333,0.61,2026,0.59822309970385
7,75,4,"low","high",300,3000,-1,0.268941421369995,0.584666666666667,0.553333333333333,0.62,2025,0.601975308641975
7,76,4,"low","high",300,3000,-1,0.268941421369995,0.587,0.553333333333333,0.62,2000,0.596
7,77,4,"low","high",300,3000,-1,0.268941421369995,0.589333333333333,0.553333333333333,0.62,1973,0.602128737962494
7,78,4,"low","high",300,3000,-1,0.268941421369995,0.596,0.56,0.62,1995,0.607518796992481
7,79,4,"low","high",300,3000,-1,0.268941421369995,0.604,0.566666666666667,0.64,1999,0.612806403201601
7,80,4,"low","high",300,3000,-1,0.268941421369995,0.608,0.566666666666667,0.64,2004,0.619261477045908
7,81,4,"low","high",300,3000,-1,0.268941421369995,0.614,0.566666666666667,0.646666666666667,2016,0.624007936507937
7,82,4,"low","high",300,3000,-1,0.268941421369995,0.621666666666667,0.586666666666667,0.646666666666667,2015,0.628287841191067
7,83,4,"low","high",300,3000,-1,0.268941421369995,0.621333333333333,0.586666666666667,0.646666666666667,2010,0.627860696517413
7,84,4,"low","high",300,3000,-1,0.268941421369995,0.624,0.606666666666667,0.646666666666667,2021,0.630380999505195
7,85,4,"low","high",300,3000,-1,0.268941421369995,0.624,0.606666666666667,0.646666666666667,2014,0.633068520357497
7,86,4,"low","high",300,3000,-1,0.268941421369995,0.617333333333333,0.553333333333333,0.646666666666667,2032,0.62992125984252
7,87,4,"low","high",300,3000,-1,0.268941421369995,0.620666666666667,0.553333333333333,0.65,2038,0.630520117762512
7,88,4,"low","high",300,3000,-1,0.268941421369995,0.619333333333333,0.553333333333333,0.65,2017,0.63262270699058
7,89,4,"low","high",300,3000,-1,0.268941421369995,0.615333333333333,0.553333333333333,0.65,2015,0.629776674937965
7,90,4,"low","high",300,3000,-1,0.268941421369995,0.618666666666667,0.553333333333333,0.65,2008,0.62699203187251
7,91,4,"low","high",300,3000,-1,0.268941421369995,0.616,0.553333333333333,0.65,2002,0.627372627372627
7,92,4,"low","high",300,3000,-1,0.268941421369995,0.614,0.553333333333333,0.65,2002,0.623876123876124
7,93,4,"low","high",300,3000,-1,0.268941421369995,0.613666666666667,0.553333333333333,0.65,2005,0.622942643391521
7,94,4,"low","high",300,3000,-1,0.268941421369995,0.613666666666667,0.553333333333333,0.65,2018,0.623389494549058
7,95,4,"low","high",300,3000,-1,0.268941421369995,0.613666666666667,0.553333333333333,0.65,2012,0.622266401590457
7,96,4,"low","high",300,3000,-1,0.268941421369995,0.621,0.6,0.65,2009,0.628670980587357
7,97,4,"low","high",300,3000,-1,0.268941421369995,0.62,0.6,0.646666666666667,2021,0.630875804057397
7,98,4,"low","high",300,3000,-1,0.268941421369995,0.620666666666667,0.6,0.646666666666667,2036,0.630157170923379
7,99,4,"low","high",300,3000,-1,0.268941421369995,0.623333333333333,0.603333333333333,0.646666666666667,2035,0.631449631449631
7,100,4,"low","high",300,3000,-1,0.268941421369995,0.615666666666667,0.57,0.64,2037,0.624447717231222
7,101,4,"low","high",300,3000,-1,0.268941421369995,0.614333333333333,0.57,0.64,2045,0.624938875305623
7,102,4,"low","high",300,3000,-1,0.268941421369995,0.610666666666667,0.57,0.64,2050,0.624878048780488
7,103,4,"low","high",300,3000,-1,0.268941421369995,0.612333333333333,0.57,0.64,2059,0.62408936376882
7,104,4,"low","high",300,3000,-1,0.268941421369995,0.613,0.57,0.64,2064,0.623062015503876
7,105,4,"low","high",300,3000,-1,0.268941421369995,0.609333333333333,0.57,0.64,2058,0.614674441205053
7,106,4,"low","high",300,3000,-1,0.268941421369995,0.607,0.57,0.64,2053,0.613248904042864
7,107,4,"low","high",300,3000,-1,0.268941421369995,0.602333333333333,0.57,0.626666666666667,2049,0.605173255246462
7,108,4,"low","high",300,3000,-1,0.268941421369995,0.603,0.57,0.626666666666667,2037,0.602356406480118
7,109,4,"low","high",300,3000,-1,0.268941421369995,0.607333333333333,0.57,0.67,2035,0.608845208845209
7,110,4,"low","high",300,3000,-1,0.268941421369995,0.609666666666667,0.583333333333333,0.67,2019,0.611193660227836
7,111,4,"low","high",300,3000,-1,0.268941421369995,0.613333333333333,0.583333333333333,0.67,2012,0.611332007952286
7,112,4,"low","high",300,3000,-1,0.268941421369995,0.619666666666667,0.583333333333333,0.67,2005,0.61645885286783
7,113,4,"low","high",300,3000,-1,0.268941421369995,0.617333333333333,0.583333333333333,0.67,1996,0.6187374749499
7,114,4,"low","high",300,3000,-1,0.268941421369995,0.615333333333333,0.583333333333333,0.67,1983,0.616742309631871
7,115,4,"low","high",300,3000,-1,0.268941421369995,0.62,0.593333333333333,0.67,1974,0.624620060790274
7,116,4,"low","high",300,3000,-1,0.268941421369995,0.616333333333333,0.566666666666667,0.67,1983,0.624306606152294
7,117,4,"low","high",300,3000,-1,0.268941421369995,0.617666666666667,0.566666666666667,0.67,1980,0.62979797979798
7,118,4,"low","high",300,3000,-1,0.268941421369995,0.618,0.566666666666667,0.67,1986,0.631923464249748
7,119,4,"low","high",300,3000,-1,0.268941421369995,0.604666666666667,0.536666666666667,0.65,1975,0.617215189873418
7,120,4,"low","high",300,3000,-1,0.268941421369995,0.605333333333333,0.536666666666667,0.65,1973,0.624936644703497
7,121,4,"low","high",300,3000,-1,0.268941421369995,0.604666666666667,0.536666666666667,0.65,1963,0.620478858889455
7,122,4,"low","high",300,3000,-1,0.268941421369995,0.602333333333333,0.536666666666667,0.636666666666667,1962,0.618756371049949
7,123,4,"low","high",300,3000,-1,0.268941421369995,0.602666666666667,0.536666666666667,0.636666666666667,1954,0.614124872057318
7,124,4,"low","high",300,3000,-1,0.268941421369995,0.601666666666667,0.536666666666667,0.636666666666667,1955,0.614833759590793
7,125,4,"low","high",300,3000,-1,0.268941421369995,0.600333333333333,0.536666666666667,0.636666666666667,1957,0.615227388860501
7,126,4,"low","high",300,3000,-1,0.268941421369995,0.607666666666667,0.536666666666667,0.64,1952,0.619364754098361
7,127,4,"low","high",300,3000,-1,0.268941421369995,0.612,0.536666666666667,0.65,1969,0.622143219908583
7,128,4,"low","high",300,3000,-1,0.268941421369995,0.614666666666667,0.536666666666667,0.65,1968,0.623983739837398
7,129,4,"low","high",300,3000,-1,0.268941421369995,0.623666666666667,0.59,0.65,1978,0.632962588473205
7,130,4,"low","high",300,3000,-1,0.268941421369995,0.627,0.59,0.65,1988,0.630281690140845
7,131,4,"low","high",300,3000,-1,0.268941421369995,0.625333333333333,0.59,0.65,1992,0.633534136546185
7,132,4,"low","high",300,3000,-1,0.268941421369995,0.621333333333333,0.586666666666667,0.65,2000,0.63
7,133,4,"low","high",300,3000,-1,0.268941421369995,0.624666666666667,0.586666666666667,0.65,2001,0.637181409295352
7,134,4,"low","high",300,3000,-1,0.268941421369995,0.625666666666667,0.586666666666667,0.65,2011,0.641969169567379
7,135,4,"low","high",300,3000,-1,0.268941421369995,0.627,0.586666666666667,0.65,2031,0.642048252092565
7,136,4,"low","high",300,3000,-1,0.268941421369995,0.625,0.586666666666667,0.65,2040,0.637745098039216
7,137,4,"low","high",300,3000,-1,0.268941421369995,0.622666666666667,0.586666666666667,0.65,2018,0.635282457879088
7,138,4,"low","high",300,3000,-1,0.268941421369995,0.619666666666667,0.586666666666667,0.633333333333333,2019,0.633481921743437
7,139,4,"low","high",300,3000,-1,0.268941421369995,0.620666666666667,0.586666666666667,0.636666666666667,2008,0.637450199203187
7,140,4,"low","high",300,3000,-1,0.268941421369995,0.618,0.586666666666667,0.636666666666667,2016,0.634920634920635
7,141,4,"low","high",300,3000,-1,0.268941421369995,0.619333333333333,0.586666666666667,0.636666666666667,2026,0.639190523198421
7,142,4,"low","high",300,3000,-1,0.268941421369995,0.621,0.6,0.636666666666667,2011,0.641969169567379
7,143,4,"low","high",300,3000,-1,0.268941421369995,0.618333333333333,0.6,0.636666666666667,1999,0.638819409704852
7,144,4,"low","high",300,3000,-1,0.268941421369995,0.623,0.603333333333333,0.646666666666667,1988,0.637323943661972
7,145,4,"low","high",300,3000,-1,0.268941421369995,0.626,0.603333333333333,0.66,1986,0.639979859013092
7,146,4,"low","high",300,3000,-1,0.268941421369995,0.624333333333333,0.603333333333333,0.66,1985,0.638287153652393
7,147,4,"low","high",300,3000,-1,0.268941421369995,0.619666666666667,0.58,0.66,1999,0.630815407703852
7,148,4,"low","high",300,3000,-1,0.268941421369995,0.623666666666667,0.58,0.66,2005,0.636907730673317
7,149,4,"low","high",300,3000,-1,0.268941421369995,0.621333333333333,0.58,0.66,2016,0.635416666666667
7,150,4,"low","high",300,3000,-1,0.268941421369995,0.620333333333333,0.58,0.66,2015,0.635235732009926
7,151,4,"low","high",300,3000,-1,0.268941421369995,0.613666666666667,0.566666666666667,0.66,2011,0.623570363003481
7,152,4,"low","high",300,3000,-1,0.268941421369995,0.618666666666667,0.566666666666667,0.66,2010,0.628358208955224
7,153,4,"low","high",300,3000,-1,0.268941421369995,0.615333333333333,0.566666666666667,0.66,2040,0.624019607843137
7,154,4,"low","high",300,3000,-1,0.268941421369995,0.61,0.566666666666667,0.66,2053,0.619094008767657
7,155,4,"low","high",300,3000,-1,0.268941421369995,0.604,0.566666666666667,0.66,2047,0.61113825109917
7,156,4,"low","high",300,3000,-1,0.268941421369995,0.605,0.566666666666667,0.66,2053,0.611787627861666
7,157,4,"low","high",300,3000,-1,0.268941421369995,0.607,0.566666666666667,0.66,2039,0.616969102501226
7,158,4,"low","high",300,3000,-1,0.268941421369995,0.597333333333333,0.563333333333333,0.653333333333333,2026,0.608588351431392
7,159,4,"low","high",300,3000,-1,0.268941421369995,0.595666666666667,0.563333333333333,0.653333333333333,2006,0.603190428713858
7,160,4,"low","high",300,3000,-1,0.268941421369995,0.593666666666667,0.563333333333333,0.653333333333333,2005,0.599501246882793
7,161,4,"low","high",300,3000,-1,0.268941421369995,0.595666666666667,0.563333333333333,0.653333333333333,2015,0.603473945409429
7,162,4,"low","high",300,3000,-1,0.268941421369995,0.591,0.563333333333333,0.613333333333333,2032,0.59744094488189
7,163,4,"low","high",300,3000,-1,0.268941421369995,0.593,0.563333333333333,0.613333333333333,2024,0.600790513833992
7,164,4,"low","high",300,3000,-1,0.268941421369995,0.600333333333333,0.563333333333333,0.666666666666667,2021,0.610094012864918
7,165,4,"low","high",300,3000,-1,0.268941421369995,0.600333333333333,0.563333333333333,0.666666666666667,2015,0.613399503722084
7,166,4,"low","high",300,3000,-1,0.268941421369995,0.598666666666667,0.563333333333333,0.666666666666667,2017,0.613287059990084
7,167,4,"low","high",300,3000,-1,0.268941421369995,0.600666666666667,0.563333333333333,0.666666666666667,2035,0.614742014742015
7,168,4,"low","high",300,3000,-1,0.268941421369995,0.605666666666667,0.576666666666667,0.666666666666667,2035,0.617199017199017
7,169,4,"low","high",300,3000,-1,0.268941421369995,0.604666666666667,0.576666666666667,0.666666666666667,2065,0.618401937046005
7,170,4,"low","high",300,3000,-1,0.268941421369995,0.611,0.586666666666667,0.666666666666667,2061,0.625909752547307
7,171,4,"low","high",300,3000,-1,0.268941421369995,0.614333333333333,0.586666666666667,0.666666666666667,2052,0.629142300194932
7,172,4,"low","high",300,3000,-1,0.268941421369995,0.613333333333333,0.586666666666667,0.666666666666667,2040,0.629411764705882
7,173,4,"low","high",300,3000,-1,0.268941421369995,0.609666666666667,0.556666666666667,0.666666666666667,2028,0.624260355029586
7,174,4,"low","high",300,3000,-1,0.268941421369995,0.606666666666667,0.556666666666667,0.64,2035,0.621621621621622
7,175,4,"low","high",300,3000,-1,0.268941421369995,0.606666666666667,0.556666666666667,0.64,2049,0.620790629575403
7,176,4,"low","high",300,3000,-1,0.268941421369995,0.607333333333333,0.556666666666667,0.64,2037,0.621993127147766
7,177,4,"low","high",300,3000,-1,0.268941421369995,0.603333333333333,0.556666666666667,0.64,2039,0.616478666012751
7,178,4,"low","high",300,3000,-1,0.268941421369995,0.601666666666667,0.556666666666667,0.64,2035,0.614250614250614
7,179,4,"low","high",300,3000,-1,0.268941421369995,0.602666666666667,0.556666666666667,0.64,2030,0.612315270935961
7,180,4,"low","high",300,3000,-1,0.268941421369995,0.603333333333333,0.556666666666667,0.646666666666667,2033,0.611411706837186
7,181,4,"low","high",300,3000,-1,0.268941421369995,0.604666666666667,0.556666666666667,0.646666666666667,2025,0.615308641975309
7,182,4,"low","high",300,3000,-1,0.268941421369995,0.602333333333333,0.556666666666667,0.646666666666667,2029,0.613602759980286
7,183,4,"low","high",300,3000,-1,0.268941421369995,0.606,0.573333333333333,0.646666666666667,2031,0.61890694239291
7,184,4,"low","high",300,3000,-1,0.268941421369995,0.601333333333333,0.573333333333333,0.646666666666667,2022,0.611770524233432
7,185,4,"low","high",300,3000,-1,0.268941421369995,0.606,0.573333333333333,0.646666666666667,2020,0.616336633663366
7,186,4,"low","high",300,3000,-1,0.268941421369995,0.607,0.573333333333333,0.646666666666667,2014,0.616683217477656
7,187,4,"low","high",300,3000,-1,0.268941421369995,0.610333333333333,0.573333333333333,0.646666666666667,2019,0.621594848935116
7,188,4,"low","high",300,3000,-1,0.268941421369995,0.607333333333333,0.566666666666667,0.646666666666667,2039,0.618930848455125
7,189,4,"low","high",300,3000,-1,0.268941421369995,0.611,0.566666666666667,0.646666666666667,2031,0.624322993599212
7,190,4,"low","high",300,3000,-1,0.268941421369995,0.604666666666667,0.566666666666667,0.646666666666667,2030,0.621182266009852
7,191,4,"low","high",300,3000,-1,0.268941421369995,0.596,0.546666666666667,0.646666666666667,2046,0.610459433040078
7,192,4,"low","high",300,3000,-1,0.268941421369995,0.594333333333333,0.546666666666667,0.646666666666667,2030,0.607389162561576
7,193,4,"low","high",300,3000,-1,0.268941421369995,0.593666666666667,0.546666666666667,0.646666666666667,2051,0.605558264261336
7,194,4,"low","high",300,3000,-1,0.268941421369995,0.593,0.546666666666667,0.646666666666667,2049,0.603709126403123
7,195,4,"low","high",300,3000,-1,0.268941421369995,0.589,0.546666666666667,0.633333333333333,2053,0.60009741841208
7,196,4,"low","high",300,3000,-1,0.268941421369995,0.586666666666667,0.546666666666667,0.633333333333333,2065,0.598547215496368
7,197,4,"low","high",300,3000,-1,0.268941421369995,0.584333333333333,0.546666666666667,0.633333333333333,2058,0.593294460641399
7,198,4,"low","high",300,3000,-1,0.268941421369995,0.590333333333333,0.546666666666667,0.633333333333333,2044,0.599315068493151
7,199,4,"low","high",300,3000,-1,0.268941421369995,0.590666666666667,0.546666666666667,0.636666666666667,2040,0.599509803921569
7,200,4,"low","high",300,3000,-1,0.268941421369995,0.597,0.546666666666667,0.646666666666667,2037,0.607756504663721
7,201,4,"low","high",300,3000,-1,0.268941421369995,0.601333333333333,0.556666666666667,0.646666666666667,2032,0.611220472440945
7,202,4,"low","high",300,3000,-1,0.268941421369995,0.608,0.583333333333333,0.646666666666667,2044,0.618884540117417
7,203,4,"low","high",300,3000,-1,0.268941421369995,0.611333333333333,0.583333333333333,0.646666666666667,2031,0.621861152141802
7,204,4,"low","high",300,3000,-1,0.268941421369995,0.607333333333333,0.543333333333333,0.646666666666667,2019,0.623576027736503
7,205,4,"low","high",300,3000,-1,0.268941421369995,0.612,0.543333333333333,0.653333333333333,2011,0.629537543510691
7,206,4,"low","high",300,3000,-1,0.268941421369995,0.612666666666667,0.543333333333333,0.653333333333333,1994,0.631895687061184
7,207,4,"low","high",300,3000,-1,0.268941421369995,0.615,0.543333333333333,0.653333333333333,1979,0.635674583122789
7,208,4,"low","high",300,3000,-1,0.268941421369995,0.613,0.543333333333333,0.653333333333333,1972,0.636409736308316
7,209,4,"low","high",300,3000,-1,0.268941421369995,0.607333333333333,0.543333333333333,0.653333333333333,1980,0.631313131313131
7,210,4,"low","high",300,3000,-1,0.268941421369995,0.599666666666667,0.543333333333333,0.653333333333333,1980,0.62020202020202
7,211,4,"low","high",300,3000,-1,0.268941421369995,0.604333333333333,0.543333333333333,0.653333333333333,1964,0.627291242362525
7,212,4,"low","high",300,3000,-1,0.268941421369995,0.603333333333333,0.543333333333333,0.653333333333333,1971,0.624048706240487
7,213,4,"low","high",300,3000,-1,0.268941421369995,0.599666666666667,0.543333333333333,0.653333333333333,1982,0.62058526740666
7,214,4,"low","high",300,3000,-1,0.268941421369995,0.600333333333333,0.55,0.653333333333333,1995,0.60952380952381
7,215,4,"low","high",300,3000,-1,0.268941421369995,0.597,0.55,0.636666666666667,1992,0.607931726907631
7,216,4,"low","high",300,3000,-1,0.268941421369995,0.592666666666667,0.55,0.636666666666667,1997,0.604907361041562
7,217,4,"low","high",300,3000,-1,0.268941421369995,0.592,0.55,0.636666666666667,1998,0.602602602602603
7,218,4,"low","high",300,3000,-1,0.268941421369995,0.594333333333333,0.55,0.636666666666667,2024,0.608695652173913
7,219,4,"low","high",300,3000,-1,0.268941421369995,0.603333333333333,0.55,0.67,2024,0.620059288537549
7,220,4,"low","high",300,3000,-1,0.268941421369995,0.611333333333333,0.55,0.67,2016,0.629960317460317
7,221,4,"low","high",300,3000,-1,0.268941421369995,0.613,0.55,0.67,2025,0.628641975308642
7,222,4,"low","high",300,3000,-1,0.268941421369995,0.609,0.55,0.67,2018,0.626362735381566
7,223,4,"low","high",300,3000,-1,0.268941421369995,0.609333333333333,0.55,0.67,2008,0.630478087649402
7,224,4,"low","high",300,3000,-1,0.268941421369995,0.618,0.553333333333333,0.67,2008,0.644422310756972
7,225,4,"low","high",300,3000,-1,0.268941421369995,0.621666666666667,0.553333333333333,0.67,2016,0.646825396825397
7,226,4,"low","high",300,3000,-1,0.268941421369995,0.628333333333333,0.573333333333333,0.67,2012,0.651093439363817
7,227,4,"low","high",300,3000,-1,0.268941421369995,0.631,0.573333333333333,0.67,2034,0.654375614552606
7,228,4,"low","high",300,3000,-1,0.268941421369995,0.626,0.573333333333333,0.67,2009,0.644101543056247
7,229,4,"low","high",300,3000,-1,0.268941421369995,0.614,0.55,0.656666666666667,1996,0.6312625250501
7,230,4,"low","high",300,3000,-1,0.268941421369995,0.611,0.55,0.656666666666667,2011,0.624564893088016
7,231,4,"low","high",300,3000,-1,0.268941421369995,0.604333333333333,0.55,0.656666666666667,2020,0.623267326732673
7,232,4,"low","high",300,3000,-1,0.268941421369995,0.611666666666667,0.55,0.656666666666667,2018,0.63181367690783
7,233,4,"low","high",300,3000,-1,0.268941421369995,0.616666666666667,0.55,0.656666666666667,2010,0.633830845771144
7,234,4,"low","high",300,3000,-1,0.268941421369995,0.610333333333333,0.55,0.656666666666667,2018,0.629335976214073
7,235,4,"low","high",300,3000,-1,0.268941421369995,0.606666666666667,0.55,0.646666666666667,2011,0.623570363003481
7,236,4,"low","high",300,3000,-1,0.268941421369995,0.602666666666667,0.55,0.646666666666667,2012,0.616302186878728
7,237,4,"low","high",300,3000,-1,0.268941421369995,0.597666666666667,0.55,0.646666666666667,1993,0.611640742599097
7,238,4,"low","high",300,3000,-1,0.268941421369995,0.600333333333333,0.55,0.646666666666667,2003,0.614578132800799
7,239,4,"low","high",300,3000,-1,0.268941421369995,0.602333333333333,0.57,0.646666666666667,2019,0.616146607231303
7,240,4,"low","high",300,3000,-1,0.268941421369995,0.602,0.57,0.646666666666667,2009,0.617720258835241
7,241,4,"low","high",300,3000,-1,0.268941421369995,0.600333333333333,0.57,0.646666666666667,1999,0.611805902951476
7,242,4,"low","high",300,3000,-1,0.268941421369995,0.594666666666667,0.57,0.636666666666667,2010,0.604975124378109
7,243,4,"low","high",300,3000,-1,0.268941421369995,0.591333333333333,0.57,0.62,2020,0.600990099009901
7,244,4,"low","high",300,3000,-1,0.268941421369995,0.596666666666667,0.57,0.626666666666667,2006,0.603190428713858
7,245,4,"low","high",300,3000,-1,0.268941421369995,0.595666666666667,0.57,0.626666666666667,2001,0.6031984007996
7,246,4,"low","high",300,3000,-1,0.268941421369995,0.596666666666667,0.57,0.626666666666667,2018,0.606541129831516
7,247,4,"low","high",300,3000,-1,0.268941421369995,0.598,0.57,0.626666666666667,2032,0.609251968503937
7,248,4,"low","high",300,3000,-1,0.268941421369995,0.596,0.57,0.626666666666667,2027,0.60434139121855
7,249,4,"low","high",300,3000,-1,0.268941421369995,0.600666666666667,0.57,0.626666666666667,2016,0.606646825396825
7,250,4,"low","high",300,3000,-1,0.268941421369995,0.603,0.57,0.64,2012,0.607355864811133
7,251,4,"low","high",300,3000,-1,0.268941421369995,0.608,0.586666666666667,0.64,2017,0.616261774913238
7,252,4,"low","high",300,3000,-1,0.268941421369995,0.61,0.586666666666667,0.64,2008,0.616533864541833
7,253,4,"low","high",300,3000,-1,0.268941421369995,0.607333333333333,0.576666666666667,0.64,2002,0.615884115884116
7,254,4,"low","high",300,3000,-1,0.268941421369995,0.607666666666667,0.576666666666667,0.64,2004,0.6187624750499
7,255,4,"low","high",300,3000,-1,0.268941421369995,0.607666666666667,0.576666666666667,0.64,2001,0.618190904547726
7,256,4,"low","high",300,3000,-1,0.268941421369995,0.609666666666667,0.576666666666667,0.64,1982,0.619071644803229
7,257,4,"low","high",300,3000,-1,0.268941421369995,0.614333333333333,0.576666666666667,0.643333333333333,1962,0.6289500509684
7,258,4,"low","high",300,3000,-1,0.268941421369995,0.616333333333333,0.576666666666667,0.643333333333333,1959,0.633996937212864
7,259,4,"low","high",300,3000,-1,0.268941421369995,0.616666666666667,0.576666666666667,0.643333333333333,1965,0.633078880407125
7,260,4,"low","high",300,3000,-1,0.268941421369995,0.616,0.576666666666667,0.643333333333333,1961,0.633860275369709
7,261,4,"low","high",300,3000,-1,0.268941421369995,0.614666666666667,0.576666666666667,0.643333333333333,1974,0.632725430597771
7,262,4,"low","high",300,3000,-1,0.268941421369995,0.616333333333333,0.576666666666667,0.643333333333333,1971,0.636732623033993
7,263,4,"low","high",300,3000,-1,0.268941421369995,0.612666666666667,0.54,0.643333333333333,1969,0.63737938039614
7,264,4,"low","high",300,3000,-1,0.268941421369995,0.612666666666667,0.54,0.643333333333333,1974,0.636271529888551
7,265,4,"low","high",300,3000,-1,0.268941421369995,0.614333333333333,0.54,0.643333333333333,1989,0.639517345399698
7,266,4,"low","high",300,3000,-1,0.268941421369995,0.614666666666667,0.54,0.643333333333333,2005,0.643890274314214
7,267,4,"low","high",300,3000,-1,0.268941421369995,0.609333333333333,0.54,0.633333333333333,2007,0.634280019930244
7,268,4,"low","high",300,3000,-1,0.268941421369995,0.61,0.54,0.633333333333333,2029,0.633316904879251
7,269,4,"low","high",300,3000,-1,0.268941421369995,0.611666666666667,0.54,0.636666666666667,2042,0.637610186092067
7,270,4,"low","high",300,3000,-1,0.268941421369995,0.607666666666667,0.54,0.636666666666667,2048,0.63671875
7,271,4,"low","high",300,3000,-1,0.268941421369995,0.613,0.54,0.66,2036,0.636542239685658
7,272,4,"low","high",300,3000,-1,0.268941421369995,0.618333333333333,0.54,0.68,2032,0.640748031496063
7,273,4,"low","high",300,3000,-1,0.268941421369995,0.624333333333333,0.59,0.68,2043,0.640724424865394
7,274,4,"low","high",300,3000,-1,0.268941421369995,0.624,0.59,0.68,2045,0.640586797066015
7,275,4,"low","high",300,3000,-1,0.268941421369995,0.620333333333333,0.59,0.68,2039,0.636586562040216
7,276,4,"low","high",300,3000,-1,0.268941421369995,0.621333333333333,0.59,0.68,2038,0.631010794896958
7,277,4,"low","high",300,3000,-1,0.268941421369995,0.622333333333333,0.59,0.68,2054,0.63047711781889
7,278,4,"low","high",300,3000,-1,0.268941421369995,0.619333333333333,0.583333333333333,0.68,2032,0.626476377952756
7,279,4,"low","high",300,3000,-1,0.268941421369995,0.613333333333333,0.576666666666667,0.68,2019,0.618127786032689
7,280,4,"low","high",300,3000,-1,0.268941421369995,0.616333333333333,0.576666666666667,0.68,2024,0.617588932806324
7,281,4,"low","high",300,3000,-1,0.268941421369995,0.614,0.576666666666667,0.68,2019,0.619118375433383
7,282,4,"low","high",300,3000,-1,0.268941421369995,0.602,0.56,0.636666666666667,2018,0.606541129831516
7,283,4,"low","high",300,3000,-1,0.268941421369995,0.606333333333333,0.56,0.643333333333333,2024,0.609683794466403
7,284,4,"low","high",300,3000,-1,0.268941421369995,0.601666666666667,0.56,0.643333333333333,2014,0.612214498510427
7,285,4,"low","high",300,3000,-1,0.268941421369995,0.601,0.56,0.643333333333333,2014,0.608738828202582
7,286,4,"low","high",300,3000,-1,0.268941421369995,0.600333333333333,0.56,0.643333333333333,2011,0.609149676777722
7,287,4,"low","high",300,3000,-1,0.268941421369995,0.604,0.56,0.643333333333333,1987,0.611474584801208
7,288,4,"low","high",300,3000,-1,0.268941421369995,0.600333333333333,0.546666666666667,0.643333333333333,1998,0.611111111111111
7,289,4,"low","high",300,3000,-1,0.268941421369995,0.598666666666667,0.546666666666667,0.643333333333333,1996,0.612725450901804
7,290,4,"low","high",300,3000,-1,0.268941421369995,0.593666666666667,0.546666666666667,0.643333333333333,2003,0.609585621567649
7,291,4,"low","high",300,3000,-1,0.268941421369995,0.593,0.546666666666667,0.643333333333333,2008,0.608565737051793
7,292,4,"low","high",300,3000,-1,0.268941421369995,0.600666666666667,0.546666666666667,0.643333333333333,2014,0.619165839126117
7,293,4,"low","high",300,3000,-1,0.268941421369995,0.597333333333333,0.546666666666667,0.636666666666667,2000,0.6205
7,294,4,"low","high",300,3000,-1,0.268941421369995,0.593333333333333,0.54,0.636666666666667,1989,0.615887380593263
7,295,4,"low","high",300,3000,-1,0.268941421369995,0.599,0.54,0.64,1985,0.622670025188917
7,296,4,"low","high",300,3000,-1,0.268941421369995,0.598666666666667,0.54,0.64,2005,0.62643391521197
7,297,4,"low","high",300,3000,-1,0.268941421369995,0.600333333333333,0.54,0.653333333333333,2017,0.629152206246901
7,298,4,"low","high",300,3000,-1,0.268941421369995,0.607333333333333,0.54,0.653333333333333,2010,0.633333333333333
7,299,4,"low","high",300,3000,-1,0.268941421369995,0.606,0.54,0.653333333333333,1997,0.629944917376064
7,300,4,"low","high",300,3000,-1,0.268941421369995,0.605333333333333,0.54,0.653333333333333,1986,0.624874118831823
8,1,6,"low","high",300,3000,-1,0.268941421369995,0.666333333333333,0.576666666666667,0.703333333333333,1755,0.692877492877493
8,2,6,"low","high",300,3000,-1,0.268941421369995,0.668333333333333,0.576666666666667,0.703333333333333,1757,0.699487763232783
8,3,6,"low","high",300,3000,-1,0.268941421369995,0.675666666666667,0.65,0.703333333333333,1734,0.710495963091119
8,4,6,"low","high",300,3000,-1,0.268941421369995,0.675666666666667,0.65,0.703333333333333,1751,0.711593375214163
8,5,6,"low","high",300,3000,-1,0.268941421369995,0.673666666666667,0.65,0.693333333333333,1758,0.706484641638225
8,6,6,"low","high",300,3000,-1,0.268941421369995,0.670333333333333,0.65,0.693333333333333,1751,0.70017133066819
8,7,6,"low","high",300,3000,-1,0.268941421369995,0.668333333333333,0.65,0.693333333333333,1737,0.700633275762809
8,8,6,"low","high",300,3000,-1,0.268941421369995,0.668666666666667,0.65,0.693333333333333,1719,0.698662012798138
8,9,6,"low","high",300,3000,-1,0.268941421369995,0.668,0.65,0.693333333333333,1736,0.697004608294931
8,10,6,"low","high",300,3000,-1,0.268941421369995,0.671,0.65,0.693333333333333,1739,0.700977573317999
8,11,6,"low","high",300,3000,-1,0.268941421369995,0.67,0.65,0.683333333333333,1726,0.700463499420626
8,12,6,"low","high",300,3000,-1,0.268941421369995,0.669666666666667,0.65,0.683333333333333,1730,0.697109826589595
8,13,6,"low","high",300,3000,-1,0.268941421369995,0.672333333333333,0.653333333333333,0.683333333333333,1743,0.699942627653471
8,14,6,"low","high",300,3000,-1,0.268941421369995,0.680333333333333,0.653333333333333,0.756666666666667,1734,0.704728950403691
8,15,6,"low","high",300,3000,-1,0.268941421369995,0.676333333333333,0.643333333333333,0.756666666666667,1735,0.704322766570605
8,16,6,"low","high",300,3000,-1,0.268941421369995,0.679666666666667,0.643333333333333,0.756666666666667,1722,0.711962833914053
8,17,6,"low","high",300,3000,-1,0.268941421369995,0.682,0.643333333333333,0.756666666666667,1716,0.714452214452214
8,18,6,"low","high",300,3000,-1,0.268941421369995,0.683,0.643333333333333,0.756666666666667,1714,0.719953325554259
8,19,6,"low","high",300,3000,-1,0.268941421369995,0.679666666666667,0.64,0.756666666666667,1721,0.718187100522952
8,20,6,"low","high",300,3000,-1,0.268941421369995,0.680333333333333,0.64,0.756666666666667,1718,0.718859138533178
8,21,6,"low","high",300,3000,-1,0.268941421369995,0.684333333333333,0.64,0.756666666666667,1709,0.72264482153306
8,22,6,"low","high",300,3000,-1,0.268941421369995,0.683666666666667,0.64,0.756666666666667,1698,0.723792697290931
8,23,6,"low","high",300,3000,-1,0.268941421369995,0.687,0.64,0.756666666666667,1702,0.722679200940071
8,24,6,"low","high",300,3000,-1,0.268941421369995,0.678333333333333,0.64,0.723333333333333,1702,0.712690951821387
8,25,6,"low","high",300,3000,-1,0.268941421369995,0.680666666666667,0.64,0.723333333333333,1699,0.716303708063567
8,26,6,"low","high",300,3000,-1,0.268941421369995,0.683,0.64,0.723333333333333,1718,0.718277066356228
8,27,6,"low","high",300,3000,-1,0.268941421369995,0.679333333333333,0.64,0.723333333333333,1723,0.71329077190946
8,28,6,"low","high",300,3000,-1,0.268941421369995,0.677,0.64,0.723333333333333,1727,0.705269253039954
8,29,6,"low","high",300,3000,-1,0.268941421369995,0.680666666666667,0.65,0.723333333333333,1699,0.712772218952325
8,30,6,"low","high",300,3000,-1,0.268941421369995,0.677,0.65,0.723333333333333,1711,0.703682057276447
8,31,6,"low","high",300,3000,-1,0.268941421369995,0.670333333333333,0.65,0.71,1726,0.696407879490151
8,32,6,"low","high",300,3000,-1,0.268941421369995,0.669,0.64,0.71,1740,0.696551724137931
8,33,6,"low","high",300,3000,-1,0.268941421369995,0.663666666666667,0.64,0.71,1736,0.689516129032258
8,34,6,"low","high",300,3000,-1,0.268941421369995,0.663,0.64,0.71,1734,0.685121107266436
8,35,6,"low","high",300,3000,-1,0.268941421369995,0.665333333333333,0.64,0.71,1737,0.685089234312032
8,36,6,"low","high",300,3000,-1,0.268941421369995,0.659,0.64,0.69,1721,0.67925624636839
8,37,6,"low","high",300,3000,-1,0.268941421369995,0.657666666666667,0.636666666666667,0.69,1707,0.680726420620972
8,38,6,"low","high",300,3000,-1,0.268941421369995,0.657666666666667,0.636666666666667,0.69,1717,0.682585905649388
8,39,6,"low","high",300,3000,-1,0.268941421369995,0.654,0.636666666666667,0.69,1718,0.671129220023283
8,40,6,"low","high",300,3000,-1,0.268941421369995,0.657333333333333,0.636666666666667,0.69,1699,0.678634490876986
8,41,6,"low","high",300,3000,-1,0.268941421369995,0.659,0.636666666666667,0.69,1687,0.678719620628334
8,42,6,"low","high",300,3000,-1,0.268941421369995,0.664,0.636666666666667,0.69,1669,0.678849610545237
8,43,6,"low","high",300,3000,-1,0.268941421369995,0.660666666666667,0.623333333333333,0.69,1664,0.677884615384615
8,44,6,"low","high",300,3000,-1,0.268941421369995,0.661,0.623333333333333,0.69,1670,0.681437125748503
8,45,6,"low","high",300,3000,-1,0.268941421369995,0.662666666666667,0.623333333333333,0.706666666666667,1674,0.683393070489845
8,46,6,"low","high",300,3000,-1,0.268941421369995,0.661666666666667,0.623333333333333,0.706666666666667,1684,0.682897862232779
8,47,6,"low","high",300,3000,-1,0.268941421369995,0.668333333333333,0.623333333333333,0.706666666666667,1688,0.68542654028436
8,48,6,"low","high",300,3000,-1,0.268941421369995,0.662333333333333,0.596666666666667,0.706666666666667,1681,0.688875669244497
8,49,6,"low","high",300,3000,-1,0.268941421369995,0.657666666666667,0.593333333333333,0.706666666666667,1684,0.697149643705463
8,50,6,"low","high",300,3000,-1,0.268941421369995,0.656,0.593333333333333,0.706666666666667,1686,0.694543297746145
8,51,6,"low","high",300,3000,-1,0.268941421369995,0.658333333333333,0.593333333333333,0.706666666666667,1685,0.698516320474777
8,52,6,"low","high",300,3000,-1,0.268941421369995,0.655666666666667,0.593333333333333,0.706666666666667,1694,0.69952774498229
8,53,6,"low","high",300,3000,-1,0.268941421369995,0.667333333333333,0.593333333333333,0.74,1708,0.707845433255269
8,54,6,"low","high",300,3000,-1,0.268941421369995,0.661666666666667,0.593333333333333,0.74,1713,0.701692936368943
8,55,6,"low","high",300,3000,-1,0.268941421369995,0.654333333333333,0.593333333333333,0.74,1700,0.694117647058824
8,56,6,"low","high",300,3000,-1,0.268941421369995,0.656333333333333,0.593333333333333,0.74,1711,0.6937463471654
8,57,6,"low","high",300,3000,-1,0.268941421369995,0.652666666666667,0.593333333333333,0.74,1715,0.692128279883382
8,58,6,"low","high",300,3000,-1,0.268941421369995,0.654666666666667,0.593333333333333,0.74,1713,0.684179801517805
8,59,6,"low","high",300,3000,-1,0.268941421369995,0.662,0.61,0.74,1717,0.683168316831683
8,60,6,"low","high",300,3000,-1,0.268941421369995,0.666666666666667,0.61,0.74,1713,0.688849970811442
8,61,6,"low","high",300,3000,-1,0.268941421369995,0.663,0.61,0.74,1733,0.682054241200231
8,62,6,"low","high",300,3000,-1,0.268941421369995,0.658,0.61,0.74,1730,0.674566473988439
8,63,6,"low","high",300,3000,-1,0.268941421369995,0.655,0.61,0.716666666666667,1723,0.676726639582124
8,64,6,"low","high",300,3000,-1,0.268941421369995,0.662666666666667,0.613333333333333,0.716666666666667,1735,0.682420749279539
8,65,6,"low","high",300,3000,-1,0.268941421369995,0.666666666666667,0.613333333333333,0.716666666666667,1743,0.685025817555938
8,66,6,"low","high",300,3000,-1,0.268941421369995,0.670333333333333,0.613333333333333,0.716666666666667,1728,0.686342592592593
8,67,6,"low","high",300,3000,-1,0.268941421369995,0.669666666666667,0.613333333333333,0.716666666666667,1729,0.681897050318103
8,68,6,"low","high",300,3000,-1,0.268941421369995,0.675333333333333,0.613333333333333,0.716666666666667,1734,0.688581314878893
8,69,6,"low","high",300,3000,-1,0.268941421369995,0.677666666666667,0.613333333333333,0.716666666666667,1722,0.688734030197445
8,70,6,"low","high",300,3000,-1,0.268941421369995,0.674,0.613333333333333,0.71,1740,0.68448275862069
8,71,6,"low","high",300,3000,-1,0.268941421369995,0.672666666666667,0.613333333333333,0.71,1739,0.686601495112133
8,72,6,"low","high",300,3000,-1,0.268941421369995,0.679,0.646666666666667,0.71,1745,0.693409742120344
8,73,6,"low","high",300,3000,-1,0.268941421369995,0.677333333333333,0.646666666666667,0.693333333333333,1758,0.686006825938567
8,74,6,"low","high",300,3000,-1,0.268941421369995,0.680666666666667,0.646666666666667,0.72,1750,0.689714285714286
8,75,6,"low","high",300,3000,-1,0.268941421369995,0.679333333333333,0.646666666666667,0.72,1746,0.690148911798396
8,76,6,"low","high",300,3000,-1,0.268941421369995,0.679333333333333,0.646666666666667,0.72,1767,0.686474250141483
8,77,6,"low","high",300,3000,-1,0.268941421369995,0.681666666666667,0.646666666666667,0.72,1786,0.689809630459127
8,78,6,"low","high",300,3000,-1,0.268941421369995,0.68,0.646666666666667,0.72,1788,0.690156599552573
8,79,6,"low","high",300,3000,-1,0.268941421369995,0.677333333333333,0.646666666666667,0.72,1813,0.691119691119691
8,80,6,"low","high",300,3000,-1,0.268941421369995,0.677333333333333,0.646666666666667,0.72,1802,0.689789123196448
8,81,6,"low","high",300,3000,-1,0.268941421369995,0.679,0.656666666666667,0.72,1790,0.688826815642458
8,82,6,"low","high",300,3000,-1,0.268941421369995,0.678666666666667,0.656666666666667,0.72,1790,0.683240223463687
8,83,6,"low","high",300,3000,-1,0.268941421369995,0.669,0.596666666666667,0.72,1775,0.676056338028169
8,84,6,"low","high",300,3000,-1,0.268941421369995,0.664666666666667,0.596666666666667,0.693333333333333,1766,0.669875424688562
8,85,6,"low","high",300,3000,-1,0.268941421369995,0.666,0.596666666666667,0.693333333333333,1771,0.671372106154715
8,86,6,"low","high",300,3000,-1,0.268941421369995,0.664666666666667,0.596666666666667,0.683333333333333,1749,0.675814751286449
8,87,6,"low","high",300,3000,-1,0.268941421369995,0.662,0.596666666666667,0.68,1739,0.663599769982749
8,88,6,"low","high",300,3000,-1,0.268941421369995,0.659333333333333,0.596666666666667,0.68,1742,0.656716417910448
8,89,6,"low","high",300,3000,-1,0.268941421369995,0.667,0.596666666666667,0.74,1747,0.663995420721236
8,90,6,"low","high",300,3000,-1,0.268941421369995,0.664666666666667,0.596666666666667,0.74,1745,0.665329512893983
8,91,6,"low","high",300,3000,-1,0.268941421369995,0.664,0.596666666666667,0.74,1747,0.663423010875787
8,92,6,"low","high",300,3000,-1,0.268941421369995,0.663666666666667,0.596666666666667,0.74,1745,0.672779369627507
8,93,6,"low","high",300,3000,-1,0.268941421369995,0.674666666666667,0.63,0.74,1739,0.686026451983899
8,94,6,"low","high",300,3000,-1,0.268941421369995,0.676333333333333,0.63,0.74,1743,0.692484222604705
8,95,6,"low","high",300,3000,-1,0.268941421369995,0.678333333333333,0.63,0.74,1753,0.693667997718197
8,96,6,"low","high",300,3000,-1,0.268941421369995,0.68,0.63,0.74,1747,0.692043503148254
8,97,6,"low","high",300,3000,-1,0.268941421369995,0.678666666666667,0.63,0.74,1732,0.702078521939954
8,98,6,"low","high",300,3000,-1,0.268941421369995,0.686,0.643333333333333,0.74,1734,0.712226066897347
8,99,6,"low","high",300,3000,-1,0.268941421369995,0.677333333333333,0.643333333333333,0.706666666666667,1708,0.704332552693208
8,100,6,"low","high",300,3000,-1,0.268941421369995,0.675333333333333,0.636666666666667,0.706666666666667,1704,0.701291079812207
8,101,6,"low","high",300,3000,-1,0.268941421369995,0.679333333333333,0.636666666666667,0.706666666666667,1712,0.708528037383178
8,102,6,"low","high",300,3000,-1,0.268941421369995,0.681666666666667,0.636666666666667,0.706666666666667,1708,0.704918032786885
8,103,6,"low","high",300,3000,-1,0.268941421369995,0.683333333333333,0.636666666666667,0.723333333333333,1719,0.70738801628854
8,104,6,"low","high",300,3000,-1,0.268941421369995,0.676,0.62,0.723333333333333,1717,0.700058241118229
8,105,6,"low","high",300,3000,-1,0.268941421369995,0.673333333333333,0.62,0.723333333333333,1706,0.695193434935522
8,106,6,"low","high",300,3000,-1,0.268941421369995,0.674,0.62,0.723333333333333,1711,0.697253068381064
8,107,6,"low","high",300,3000,-1,0.268941421369995,0.672333333333333,0.62,0.723333333333333,1711,0.697253068381064
8,108,6,"low","high",300,3000,-1,0.268941421369995,0.666,0.62,0.723333333333333,1705,0.69208211143695
8,109,6,"low","high",300,3000,-1,0.268941421369995,0.67,0.62,0.723333333333333,1724,0.694895591647332
8,110,6,"low","high",300,3000,-1,0.268941421369995,0.672333333333333,0.62,0.723333333333333,1729,0.695777906304222
8,111,6,"low","high",300,3000,-1,0.268941421369995,0.671333333333333,0.62,0.723333333333333,1718,0.693247962747381
8,112,6,"low","high",300,3000,-1,0.268941421369995,0.671666666666667,0.62,0.723333333333333,1722,0.692799070847851
8,113,6,"low","high",300,3000,-1,0.268941421369995,0.666333333333333,0.62,0.703333333333333,1711,0.690239625949737
8,114,6,"low","high",300,3000,-1,0.268941421369995,0.671,0.626666666666667,0.703333333333333,1698,0.697879858657244
8,115,6,"low","high",300,3000,-1,0.268941421369995,0.667,0.626666666666667,0.703333333333333,1697,0.699469652327637
8,116,6,"low","high",300,3000,-1,0.268941421369995,0.664,0.626666666666667,0.696666666666667,1697,0.698880377136123
8,117,6,"low","high",300,3000,-1,0.268941421369995,0.665,0.626666666666667,0.696666666666667,1710,0.698245614035088
8,118,6,"low","high",300,3000,-1,0.268941421369995,0.669333333333333,0.626666666666667,0.696666666666667,1706,0.702813599062134
8,119,6,"low","high",300,3000,-1,0.268941421369995,0.665333333333333,0.626666666666667,0.696666666666667,1688,0.703199052132701
8,120,6,"low","high",300,3000,-1,0.268941421369995,0.673,0.626666666666667,0.736666666666667,1696,0.711084905660377
8,121,6,"low","high",300,3000,-1,0.268941421369995,0.672333333333333,0.626666666666667,0.736666666666667,1694,0.710743801652893
8,122,6,"low","high",300,3000,-1,0.268941421369995,0.669333333333333,0.626666666666667,0.736666666666667,1702,0.708578143360752
8,123,6,"low","high",300,3000,-1,0.268941421369995,0.664333333333333,0.62,0.736666666666667,1723,0.701683110853163
8,124,6,"low","high",300,3000,-1,0.268941421369995,0.667333333333333,0.62,0.736666666666667,1730,0.702890173410405
8,125,6,"low","high",300,3000,-1,0.268941421369995,0.675333333333333,0.62,0.736666666666667,1744,0.709288990825688
8,126,6,"low","high",300,3000,-1,0.268941421369995,0.677333333333333,0.62,0.736666666666667,1750,0.708571428571429
8,127,6,"low","high",300,3000,-1,0.268941421369995,0.678333333333333,0.62,0.736666666666667,1741,0.708213670304423
8,128,6,"low","high",300,3000,-1,0.268941421369995,0.680666666666667,0.62,0.736666666666667,1739,0.709028177113283
8,129,6,"low","high",300,3000,-1,0.268941421369995,0.679333333333333,0.62,0.736666666666667,1746,0.70446735395189
8,130,6,"low","high",300,3000,-1,0.268941421369995,0.676666666666667,0.62,0.71,1740,0.704597701149425
8,131,6,"low","high",300,3000,-1,0.268941421369995,0.671333333333333,0.62,0.71,1743,0.700516351118761
8,132,6,"low","high",300,3000,-1,0.268941421369995,0.671666666666667,0.62,0.71,1738,0.701956271576525
8,133,6,"low","high",300,3000,-1,0.268941421369995,0.675,0.626666666666667,0.71,1719,0.702734147760326
8,134,6,"low","high",300,3000,-1,0.268941421369995,0.672,0.626666666666667,0.71,1722,0.699186991869919
8,135,6,"low","high",300,3000,-1,0.268941421369995,0.668333333333333,0.626666666666667,0.71,1707,0.694786174575278
8,136,6,"low","high",300,3000,-1,0.268941421369995,0.669,0.626666666666667,0.71,1717,0.69889341875364
8,137,6,"low","high",300,3000,-1,0.268941421369995,0.672666666666667,0.626666666666667,0.71,1717,0.702387885847408
8,138,6,"low","high",300,3000,-1,0.268941421369995,0.667,0.626666666666667,0.71,1739,0.694652098907418
8,139,6,"low","high",300,3000,-1,0.268941421369995,0.668666666666667,0.626666666666667,0.71,1736,0.691244239631336
8,140,6,"low","high",300,3000,-1,0.268941421369995,0.665333333333333,0.626666666666667,0.7,1749,0.688965122927387
8,141,6,"low","high",300,3000,-1,0.268941421369995,0.669333333333333,0.65,0.7,1747,0.689753863766457
8,142,6,"low","high",300,3000,-1,0.268941421369995,0.668,0.65,0.7,1737,0.692573402417962
8,143,6,"low","high",300,3000,-1,0.268941421369995,0.673333333333333,0.65,0.706666666666667,1746,0.695876288659794
8,144,6,"low","high",300,3000,-1,0.268941421369995,0.672,0.65,0.706666666666667,1744,0.690940366972477
8,145,6,"low","high",300,3000,-1,0.268941421369995,0.670333333333333,0.65,0.706666666666667,1748,0.691075514874142
8,146,6,"low","high",300,3000,-1,0.268941421369995,0.666666666666667,0.65,0.706666666666667,1743,0.685025817555938
8,147,6,"low","high",300,3000,-1,0.268941421369995,0.663666666666667,0.65,0.706666666666667,1759,0.683911313246163
8,148,6,"low","high",300,3000,-1,0.268941421369995,0.665666666666667,0.653333333333333,0.706666666666667,1730,0.685549132947977
8,149,6,"low","high",300,3000,-1,0.268941421369995,0.669333333333333,0.653333333333333,0.706666666666667,1733,0.696480092325447
8,150,6,"low","high",300,3000,-1,0.268941421369995,0.669333333333333,0.653333333333333,0.706666666666667,1728,0.692708333333333
8,151,6,"low","high",300,3000,-1,0.268941421369995,0.669333333333333,0.653333333333333,0.706666666666667,1737,0.696027633851468
8,152,6,"low","high",300,3000,-1,0.268941421369995,0.67,0.653333333333333,0.706666666666667,1738,0.695051783659379
8,153,6,"low","high",300,3000,-1,0.268941421369995,0.668,0.653333333333333,0.693333333333333,1737,0.697179044329303
8,154,6,"low","high",300,3000,-1,0.268941421369995,0.672333333333333,0.653333333333333,0.696666666666667,1737,0.701784686240645
8,155,6,"low","high",300,3000,-1,0.268941421369995,0.674333333333333,0.653333333333333,0.696666666666667,1730,0.701734104046243
8,156,6,"low","high",300,3000,-1,0.268941421369995,0.671666666666667,0.636666666666667,0.696666666666667,1719,0.699243746364165
8,157,6,"low","high",300,3000,-1,0.268941421369995,0.674666666666667,0.636666666666667,0.696666666666667,1695,0.701474926253687
8,158,6,"low","high",300,3000,-1,0.268941421369995,0.675666666666667,0.636666666666667,0.696666666666667,1698,0.703180212014134
8,159,6,"low","high",300,3000,-1,0.268941421369995,0.673333333333333,0.636666666666667,0.696666666666667,1708,0.69847775175644
8,160,6,"low","high",300,3000,-1,0.268941421369995,0.674666666666667,0.636666666666667,0.696666666666667,1699,0.70453207769276
8,161,6,"low","high",300,3000,-1,0.268941421369995,0.673666666666667,0.636666666666667,0.696666666666667,1703,0.70698766881973
8,162,6,"low","high",300,3000,-1,0.268941421369995,0.671666666666667,0.636666666666667,0.696666666666667,1704,0.703051643192488
8,163,6,"low","high",300,3000,-1,0.268941421369995,0.671666666666667,0.636666666666667,0.696666666666667,1707,0.702401874633861
8,164,6,"low","high",300,3000,-1,0.268941421369995,0.67,0.636666666666667,0.69,1703,0.701702877275396
8,165,6,"low","high",300,3000,-1,0.268941421369995,0.668,0.636666666666667,0.69,1697,0.70123747790218
8,166,6,"low","high",300,3000,-1,0.268941421369995,0.671666666666667,0.643333333333333,0.69,1688,0.709715639810427
8,167,6,"low","high",300,3000,-1,0.268941421369995,0.672666666666667,0.643333333333333,0.693333333333333,1710,0.711695906432748
8,168,6,"low","high",300,3000,-1,0.268941421369995,0.672333333333333,0.643333333333333,0.693333333333333,1723,0.712130005803831
8,169,6,"low","high",300,3000,-1,0.268941421369995,0.671,0.643333333333333,0.693333333333333,1701,0.709582598471487
8,170,6,"low","high",300,3000,-1,0.268941421369995,0.668333333333333,0.643333333333333,0.693333333333333,1710,0.706432748538012
8,171,6,"low","high",300,3000,-1,0.268941421369995,0.668,0.643333333333333,0.693333333333333,1705,0.702639296187683
8,172,6,"low","high",300,3000,-1,0.268941421369995,0.673333333333333,0.653333333333333,0.696666666666667,1696,0.702240566037736
8,173,6,"low","high",300,3000,-1,0.268941421369995,0.670666666666667,0.653333333333333,0.696666666666667,1681,0.697798929208804
8,174,6,"low","high",300,3000,-1,0.268941421369995,0.671666666666667,0.653333333333333,0.696666666666667,1700,0.701176470588235
8,175,6,"low","high",300,3000,-1,0.268941421369995,0.675666666666667,0.653333333333333,0.696666666666667,1705,0.703225806451613
8,176,6,"low","high",300,3000,-1,0.268941421369995,0.673333333333333,0.65,0.696666666666667,1718,0.70023282887078
8,177,6,"low","high",300,3000,-1,0.268941421369995,0.671666666666667,0.65,0.696666666666667,1704,0.695422535211268
8,178,6,"low","high",300,3000,-1,0.268941421369995,0.670333333333333,0.65,0.696666666666667,1712,0.694509345794392
8,179,6,"low","high",300,3000,-1,0.268941421369995,0.673,0.65,0.696666666666667,1725,0.697391304347826
8,180,6,"low","high",300,3000,-1,0.268941421369995,0.672333333333333,0.65,0.696666666666667,1724,0.694315545243619
8,181,6,"low","high",300,3000,-1,0.268941421369995,0.676,0.65,0.696666666666667,1708,0.699648711943794
8,182,6,"low","high",300,3000,-1,0.268941421369995,0.676666666666667,0.65,0.703333333333333,1726,0.699884125144844
8,183,6,"low","high",300,3000,-1,0.268941421369995,0.678333333333333,0.65,0.703333333333333,1734,0.703575547866205
8,184,6,"low","high",300,3000,-1,0.268941421369995,0.676666666666667,0.65,0.703333333333333,1724,0.700116009280742
8,185,6,"low","high",300,3000,-1,0.268941421369995,0.673666666666667,0.65,0.703333333333333,1722,0.696283391405343
8,186,6,"low","high",300,3000,-1,0.268941421369995,0.675333333333333,0.656666666666667,0.703333333333333,1740,0.694827586206897
8,187,6,"low","high",300,3000,-1,0.268941421369995,0.677666666666667,0.656666666666667,0.703333333333333,1732,0.69919168591224
8,188,6,"low","high",300,3000,-1,0.268941421369995,0.679666666666667,0.656666666666667,0.703333333333333,1710,0.702923976608187
8,189,6,"low","high",300,3000,-1,0.268941421369995,0.680333333333333,0.656666666666667,0.703333333333333,1703,0.700528479154433
8,190,6,"low","high",300,3000,-1,0.268941421369995,0.683,0.663333333333333,0.703333333333333,1693,0.708210277613703
8,191,6,"low","high",300,3000,-1,0.268941421369995,0.685,0.663333333333333,0.71,1691,0.706682436428149
8,192,6,"low","high",300,3000,-1,0.268941421369995,0.678333333333333,0.636666666666667,0.71,1673,0.707112970711297
8,193,6,"low","high",300,3000,-1,0.268941421369995,0.675,0.636666666666667,0.71,1675,0.701492537313433
8,194,6,"low","high",300,3000,-1,0.268941421369995,0.674666666666667,0.636666666666667,0.71,1675,0.704477611940298
8,195,6,"low","high",300,3000,-1,0.268941421369995,0.674666666666667,0.636666666666667,0.71,1672,0.704545454545455
8,196,6,"low","high",300,3000,-1,0.268941421369995,0.677333333333333,0.636666666666667,0.71,1662,0.70878459687124
8,197,6,"low","high",300,3000,-1,0.268941421369995,0.678333333333333,0.636666666666667,0.71,1687,0.705986959098992
8,198,6,"low","high",300,3000,-1,0.268941421369995,0.675,0.636666666666667,0.71,1685,0.70326409495549
8,199,6,"low","high",300,3000,-1,0.268941421369995,0.673333333333333,0.636666666666667,0.71,1699,0.70335491465568
8,200,6,"low","high",300,3000,-1,0.268941421369995,0.669666666666667,0.636666666666667,0.71,1697,0.696523276370065
8,201,6,"low","high",300,3000,-1,0.268941421369995,0.665,0.636666666666667,0.71,1724,0.697795823665893
8,202,6,"low","high",300,3000,-1,0.268941421369995,0.661,0.596666666666667,0.71,1737,0.694300518134715
8,203,6,"low","high",300,3000,-1,0.268941421369995,0.669666666666667,0.596666666666667,0.73,1749,0.704974271012007
8,204,6,"low","high",300,3000,-1,0.268941421369995,0.669666666666667,0.596666666666667,0.73,1729,0.700404858299595
8,205,6,"low","high",300,3000,-1,0.268941421369995,0.673666666666667,0.596666666666667,0.73,1743,0.706253585771658
8,206,6,"low","high",300,3000,-1,0.268941421369995,0.671,0.596666666666667,0.73,1732,0.702655889145496
8,207,6,"low","high",300,3000,-1,0.268941421369995,0.667333333333333,0.596666666666667,0.73,1721,0.702498547356188
8,208,6,"low","high",300,3000,-1,0.268941421369995,0.666333333333333,0.596666666666667,0.73,1737,0.700633275762809
8,209,6,"low","high",300,3000,-1,0.268941421369995,0.670666666666667,0.596666666666667,0.73,1730,0.700578034682081
8,210,6,"low","high",300,3000,-1,0.268941421369995,0.671333333333333,0.596666666666667,0.73,1725,0.699130434782609
8,211,6,"low","high",300,3000,-1,0.268941421369995,0.670333333333333,0.596666666666667,0.73,1709,0.692217671152721
8,212,6,"low","high",300,3000,-1,0.268941421369995,0.675,0.64,0.73,1701,0.694885361552028
8,213,6,"low","high",300,3000,-1,0.268941421369995,0.67,0.64,0.716666666666667,1685,0.686053412462908
8,214,6,"low","high",300,3000,-1,0.268941421369995,0.671,0.64,0.716666666666667,1709,0.690462258630778
8,215,6,"low","high",300,3000,-1,0.268941421369995,0.668,0.64,0.716666666666667,1717,0.685497961560862
8,216,6,"low","high",300,3000,-1,0.268941421369995,0.673,0.64,0.716666666666667,1726,0.692352259559675
8,217,6,"low","high",300,3000,-1,0.268941421369995,0.674333333333333,0.64,0.716666666666667,1708,0.695550351288056
8,218,6,"low","high",300,3000,-1,0.268941421369995,0.682333333333333,0.643333333333333,0.72,1693,0.698168930891908
8,219,6,"low","high",300,3000,-1,0.268941421369995,0.675666666666667,0.643333333333333,0.72,1681,0.694229625223082
8,220,6,"low","high",300,3000,-1,0.268941421369995,0.671333333333333,0.61,0.72,1681,0.688280785246877
8,221,6,"low","high",300,3000,-1,0.268941421369995,0.672666666666667,0.61,0.72,1681,0.690065437239738
8,222,6,"low","high",300,3000,-1,0.268941421369995,0.672666666666667,0.61,0.72,1711,0.684395090590298
8,223,6,"low","high",300,3000,-1,0.268941421369995,0.672,0.61,0.72,1725,0.68463768115942
8,224,6,"low","high",300,3000,-1,0.268941421369995,0.671666666666667,0.61,0.72,1726,0.681923522595597
8,225,6,"low","high",300,3000,-1,0.268941421369995,0.678333333333333,0.61,0.74,1712,0.690420560747664
8,226,6,"low","high",300,3000,-1,0.268941421369995,0.676333333333333,0.61,0.74,1697,0.681202121390689
8,227,6,"low","high",300,3000,-1,0.268941421369995,0.672333333333333,0.61,0.74,1704,0.674295774647887
8,228,6,"low","high",300,3000,-1,0.268941421369995,0.668666666666667,0.61,0.74,1713,0.674255691768827
8,229,6,"low","high",300,3000,-1,0.268941421369995,0.670333333333333,0.61,0.74,1729,0.681318681318681
8,230,6,"low","high",300,3000,-1,0.268941421369995,0.676,0.643333333333333,0.74,1747,0.690326273611906
8,231,6,"low","high",300,3000,-1,0.268941421369995,0.676,0.643333333333333,0.74,1749,0.690680388793596
8,232,6,"low","high",300,3000,-1,0.268941421369995,0.681666666666667,0.646666666666667,0.74,1744,0.704128440366973
8,233,6,"low","high",300,3000,-1,0.268941421369995,0.682666666666667,0.646666666666667,0.74,1741,0.705341757610569
8,234,6,"low","high",300,3000,-1,0.268941421369995,0.682666666666667,0.646666666666667,0.74,1726,0.706257242178447
8,235,6,"low","high",300,3000,-1,0.268941421369995,0.679333333333333,0.646666666666667,0.706666666666667,1717,0.701805474665114
8,236,6,"low","high",300,3000,-1,0.268941421369995,0.672,0.623333333333333,0.706666666666667,1727,0.696583671105964
8,237,6,"low","high",300,3000,-1,0.268941421369995,0.680666666666667,0.623333333333333,0.733333333333333,1741,0.703044227455485
8,238,6,"low","high",300,3000,-1,0.268941421369995,0.680333333333333,0.623333333333333,0.733333333333333,1732,0.704387990762125
8,239,6,"low","high",300,3000,-1,0.268941421369995,0.68,0.623333333333333,0.733333333333333,1723,0.701683110853163
8,240,6,"low","high",300,3000,-1,0.268941421369995,0.680666666666667,0.623333333333333,0.733333333333333,1719,0.700988947062245
8,241,6,"low","high",300,3000,-1,0.268941421369995,0.678666666666667,0.623333333333333,0.733333333333333,1724,0.69953596287703
8,242,6,"low","high",300,3000,-1,0.268941421369995,0.675666666666667,0.623333333333333,0.733333333333333,1718,0.692083818393481
8,243,6,"low","high",300,3000,-1,0.268941421369995,0.672666666666667,0.623333333333333,0.733333333333333,1719,0.691099476439791
8,244,6,"low","high",300,3000,-1,0.268941421369995,0.675,0.623333333333333,0.733333333333333,1729,0.692886061307114
8,245,6,"low","high",300,3000,-1,0.268941421369995,0.672666666666667,0.623333333333333,0.733333333333333,1751,0.692175899486008
8,246,6,"low","high",300,3000,-1,0.268941421369995,0.672666666666667,0.623333333333333,0.733333333333333,1757,0.693227091633466
8,247,6,"low","high",300,3000,-1,0.268941421369995,0.667333333333333,0.623333333333333,0.7,1749,0.688965122927387
8,248,6,"low","high",300,3000,-1,0.268941421369995,0.665,0.623333333333333,0.7,1755,0.686039886039886
8,249,6,"low","high",300,3000,-1,0.268941421369995,0.670666666666667,0.623333333333333,0.72,1747,0.690326273611906
8,250,6,"low","high",300,3000,-1,0.268941421369995,0.668,0.623333333333333,0.72,1754,0.683580387685291
8,251,6,"low","high",300,3000,-1,0.268941421369995,0.666,0.623333333333333,0.72,1752,0.6837899543379
8,252,6,"low","high",300,3000,-1,0.268941421369995,0.663333333333333,0.623333333333333,0.72,1731,0.682842287694974
8,253,6,"low","high",300,3000,-1,0.268941421369995,0.662333333333333,0.623333333333333,0.72,1735,0.68299711815562
8,254,6,"low","high",300,3000,-1,0.268941421369995,0.662333333333333,0.623333333333333,0.72,1737,0.68566493955095
8,255,6,"low","high",300,3000,-1,0.268941421369995,0.663333333333333,0.623333333333333,0.72,1707,0.687170474516696
8,256,6,"low","high",300,3000,-1,0.268941421369995,0.665,0.626666666666667,0.72,1696,0.6875
8,257,6,"low","high",300,3000,-1,0.268941421369995,0.665,0.626666666666667,0.72,1691,0.69130691898285
8,258,6,"low","high",300,3000,-1,0.268941421369995,0.666333333333333,0.626666666666667,0.72,1701,0.691358024691358
8,259,6,"low","high",300,3000,-1,0.268941421369995,0.662,0.626666666666667,0.7,1723,0.691236215902496
8,260,6,"low","high",300,3000,-1,0.268941421369995,0.660666666666667,0.626666666666667,0.7,1717,0.694816540477577
8,261,6,"low","high",300,3000,-1,0.268941421369995,0.664666666666667,0.633333333333333,0.7,1718,0.69499417927823
8,262,6,"low","high",300,3000,-1,0.268941421369995,0.665333333333333,0.633333333333333,0.7,1724,0.697795823665893
8,263,6,"low","high",300,3000,-1,0.268941421369995,0.665666666666667,0.633333333333333,0.7,1721,0.696106914584544
8,264,6,"low","high",300,3000,-1,0.268941421369995,0.659666666666667,0.633333333333333,0.693333333333333,1709,0.686366296079579
8,265,6,"low","high",300,3000,-1,0.268941421369995,0.652333333333333,0.62,0.68,1722,0.681184668989547
8,266,6,"low","high",300,3000,-1,0.268941421369995,0.656333333333333,0.62,0.68,1726,0.688296639629201
8,267,6,"low","high",300,3000,-1,0.268941421369995,0.655333333333333,0.62,0.68,1725,0.683478260869565
8,268,6,"low","high",300,3000,-1,0.268941421369995,0.655333333333333,0.62,0.68,1714,0.683780630105018
8,269,6,"low","high",300,3000,-1,0.268941421369995,0.653,0.62,0.68,1693,0.67690490253987
8,270,6,"low","high",300,3000,-1,0.268941421369995,0.657666666666667,0.62,0.68,1697,0.680023571007661
8,271,6,"low","high",300,3000,-1,0.268941421369995,0.655333333333333,0.62,0.68,1691,0.675931401537552
8,272,6,"low","high",300,3000,-1,0.268941421369995,0.654333333333333,0.62,0.68,1707,0.674282366725249
8,273,6,"low","high",300,3000,-1,0.268941421369995,0.655,0.62,0.68,1705,0.675073313782991
8,274,6,"low","high",300,3000,-1,0.268941421369995,0.657333333333333,0.62,0.68,1722,0.685249709639954
8,275,6,"low","high",300,3000,-1,0.268941421369995,0.659333333333333,0.64,0.68,1725,0.68695652173913
8,276,6,"low","high",300,3000,-1,0.268941421369995,0.656333333333333,0.64,0.68,1736,0.680875576036866
8,277,6,"low","high",300,3000,-1,0.268941421369995,0.659333333333333,0.64,0.7,1731,0.685730791450029
8,278,6,"low","high",300,3000,-1,0.268941421369995,0.660666666666667,0.64,0.7,1737,0.691421991940127
8,279,6,"low","high",300,3000,-1,0.268941421369995,0.657333333333333,0.62,0.7,1748,0.69279176201373
8,280,6,"low","high",300,3000,-1,0.268941421369995,0.661333333333333,0.62,0.72,1731,0.69844020797227
8,281,6,"low","high",300,3000,-1,0.268941421369995,0.664,0.62,0.72,1753,0.699942954934398
8,282,6,"low","high",300,3000,-1,0.268941421369995,0.664,0.62,0.72,1737,0.704087507196316
8,283,6,"low","high",300,3000,-1,0.268941421369995,0.662,0.62,0.72,1717,0.700058241118229
8,284,6,"low","high",300,3000,-1,0.268941421369995,0.662333333333333,0.62,0.72,1712,0.692172897196262
8,285,6,"low","high",300,3000,-1,0.268941421369995,0.669666666666667,0.62,0.72,1708,0.694379391100703
8,286,6,"low","high",300,3000,-1,0.268941421369995,0.676333333333333,0.62,0.72,1706,0.706916764361079
8,287,6,"low","high",300,3000,-1,0.268941421369995,0.676,0.62,0.72,1706,0.710433763188746
8,288,6,"low","high",300,3000,-1,0.268941421369995,0.670666666666667,0.62,0.72,1717,0.702387885847408
8,289,6,"low","high",300,3000,-1,0.268941421369995,0.676333333333333,0.63,0.72,1721,0.705984892504358
8,290,6,"low","high",300,3000,-1,0.268941421369995,0.673,0.63,0.716666666666667,1713,0.702276707530648
8,291,6,"low","high",300,3000,-1,0.268941421369995,0.672666666666667,0.63,0.716666666666667,1688,0.704976303317536
8,292,6,"low","high",300,3000,-1,0.268941421369995,0.677,0.63,0.716666666666667,1701,0.707231040564374
8,293,6,"low","high",300,3000,-1,0.268941421369995,0.679,0.63,0.716666666666667,1709,0.713867758923347
8,294,6,"low","high",300,3000,-1,0.268941421369995,0.679666666666667,0.63,0.716666666666667,1707,0.721734036321031
8,295,6,"low","high",300,3000,-1,0.268941421369995,0.674666666666667,0.63,0.716666666666667,1707,0.717047451669596
8,296,6,"low","high",300,3000,-1,0.268941421369995,0.671666666666667,0.63,0.696666666666667,1706,0.708089097303634
8,297,6,"low","high",300,3000,-1,0.268941421369995,0.666333333333333,0.63,0.686666666666667,1708,0.694379391100703
8,298,6,"low","high",300,3000,-1,0.268941421369995,0.668666666666667,0.643333333333333,0.686666666666667,1682,0.699167657550535
8,299,6,"low","high",300,3000,-1,0.268941421369995,0.670333333333333,0.643333333333333,0.693333333333333,1667,0.698860227954409
8,300,6,"low","high",300,3000,-1,0.268941421369995,0.670333333333333,0.643333333333333,0.693333333333333,1679,0.700416914830256
9,1,8,"low","high",300,3000,-1,0.268941421369995,0.698,0.663333333333333,0.733333333333333,1513,0.729676140118969
9,2,8,"low","high",300,3000,-1,0.268941421369995,0.7,0.663333333333333,0.753333333333333,1500,0.733333333333333
9,3,8,"low","high",300,3000,-1,0.268941421369995,0.699,0.663333333333333,0.753333333333333,1495,0.730434782608696
9,4,8,"low","high",300,3000,-1,0.268941421369995,0.695333333333333,0.663333333333333,0.753333333333333,1485,0.723905723905724
9,5,8,"low","high",300,3000,-1,0.268941421369995,0.693333333333333,0.663333333333333,0.753333333333333,1463,0.720437457279563
9,6,8,"low","high",300,3000,-1,0.268941421369995,0.693,0.663333333333333,0.753333333333333,1464,0.719262295081967
9,7,8,"low","high",300,3000,-1,0.268941421369995,0.691666666666667,0.663333333333333,0.753333333333333,1460,0.713698630136986
9,8,8,"low","high",300,3000,-1,0.268941421369995,0.695666666666667,0.663333333333333,0.753333333333333,1453,0.717136958017894
9,9,8,"low","high",300,3000,-1,0.268941421369995,0.702666666666667,0.68,0.753333333333333,1443,0.72972972972973
9,10,8,"low","high",300,3000,-1,0.268941421369995,0.7,0.676666666666667,0.753333333333333,1454,0.731086657496561
9,11,8,"low","high",300,3000,-1,0.268941421369995,0.697666666666667,0.656666666666667,0.753333333333333,1430,0.732167832167832
9,12,8,"low","high",300,3000,-1,0.268941421369995,0.698333333333333,0.656666666666667,0.76,1442,0.728848821081831
9,13,8,"low","high",300,3000,-1,0.268941421369995,0.697666666666667,0.656666666666667,0.76,1434,0.723152022315202
9,14,8,"low","high",300,3000,-1,0.268941421369995,0.705333333333333,0.656666666666667,0.76,1427,0.733707077785564
9,15,8,"low","high",300,3000,-1,0.268941421369995,0.706333333333333,0.656666666666667,0.76,1428,0.733893557422969
9,16,8,"low","high",300,3000,-1,0.268941421369995,0.704333333333333,0.656666666666667,0.76,1442,0.735090152565881
9,17,8,"low","high",300,3000,-1,0.268941421369995,0.706,0.656666666666667,0.76,1443,0.737352737352737
9,18,8,"low","high",300,3000,-1,0.268941421369995,0.704666666666667,0.656666666666667,0.76,1448,0.739640883977901
9,19,8,"low","high",300,3000,-1,0.268941421369995,0.702333333333333,0.656666666666667,0.76,1453,0.735719201651755
9,20,8,"low","high",300,3000,-1,0.268941421369995,0.699,0.643333333333333,0.76,1442,0.730929264909847
9,21,8,"low","high",300,3000,-1,0.268941421369995,0.707,0.643333333333333,0.76,1455,0.738144329896907
9,22,8,"low","high",300,3000,-1,0.268941421369995,0.702333333333333,0.643333333333333,0.76,1429,0.737578726382085
9,23,8,"low","high",300,3000,-1,0.268941421369995,0.7,0.643333333333333,0.76,1434,0.735006973500697
9,24,8,"low","high",300,3000,-1,0.268941421369995,0.698,0.643333333333333,0.74,1439,0.733148019457957
9,25,8,"low","high",300,3000,-1,0.268941421369995,0.698,0.643333333333333,0.74,1460,0.736301369863014
9,26,8,"low","high",300,3000,-1,0.268941421369995,0.698666666666667,0.643333333333333,0.74,1462,0.736662106703146
9,27,8,"low","high",300,3000,-1,0.268941421369995,0.699333333333333,0.643333333333333,0.74,1468,0.73841961852861
9,28,8,"low","high",300,3000,-1,0.268941421369995,0.704333333333333,0.643333333333333,0.74,1474,0.741519674355495
9,29,8,"low","high",300,3000,-1,0.268941421369995,0.703666666666667,0.643333333333333,0.74,1465,0.7419795221843
9,30,8,"low","high",300,3000,-1,0.268941421369995,0.710333333333333,0.65,0.74,1484,0.746630727762803
9,31,8,"low","high",300,3000,-1,0.268941421369995,0.708333333333333,0.65,0.74,1478,0.742895805142084
9,32,8,"low","high",300,3000,-1,0.268941421369995,0.708666666666667,0.65,0.74,1511,0.740569159497022
9,33,8,"low","high",300,3000,-1,0.268941421369995,0.712,0.683333333333333,0.74,1518,0.744400527009223
9,34,8,"low","high",300,3000,-1,0.268941421369995,0.704666666666667,0.666666666666667,0.74,1527,0.740013097576948
9,35,8,"low","high",300,3000,-1,0.268941421369995,0.702666666666667,0.666666666666667,0.74,1525,0.737049180327869
9,36,8,"low","high",300,3000,-1,0.268941421369995,0.704666666666667,0.666666666666667,0.74,1519,0.739302172481896
9,37,8,"low","high",300,3000,-1,0.268941421369995,0.703333333333333,0.666666666666667,0.74,1516,0.746701846965699
9,38,8,"low","high",300,3000,-1,0.268941421369995,0.701,0.666666666666667,0.72,1529,0.748855461085677
9,39,8,"low","high",300,3000,-1,0.268941421369995,0.701333333333333,0.666666666666667,0.72,1523,0.751149047931714
9,40,8,"low","high",300,3000,-1,0.268941421369995,0.696333333333333,0.66,0.72,1516,0.746042216358839
9,41,8,"low","high",300,3000,-1,0.268941421369995,0.698666666666667,0.66,0.74,1510,0.749006622516556
9,42,8,"low","high",300,3000,-1,0.268941421369995,0.696666666666667,0.66,0.74,1509,0.749502982107356
9,43,8,"low","high",300,3000,-1,0.268941421369995,0.699,0.66,0.74,1505,0.748837209302326
9,44,8,"low","high",300,3000,-1,0.268941421369995,0.699666666666667,0.66,0.74,1501,0.745502998001332
9,45,8,"low","high",300,3000,-1,0.268941421369995,0.698333333333333,0.66,0.74,1481,0.742066171505739
9,46,8,"low","high",300,3000,-1,0.268941421369995,0.694,0.66,0.74,1487,0.735709482178884
9,47,8,"low","high",300,3000,-1,0.268941421369995,0.692666666666667,0.66,0.74,1495,0.727090301003344
9,48,8,"low","high",300,3000,-1,0.268941421369995,0.691333333333333,0.66,0.74,1479,0.720081135902637
9,49,8,"low","high",300,3000,-1,0.268941421369995,0.691333333333333,0.66,0.74,1487,0.720242098184264
9,50,8,"low","high",300,3000,-1,0.268941421369995,0.697666666666667,0.673333333333333,0.74,1476,0.724932249322493
9,51,8,"low","high",300,3000,-1,0.268941421369995,0.693,0.673333333333333,0.723333333333333,1470,0.720408163265306
9,52,8,"low","high",300,3000,-1,0.268941421369995,0.695666666666667,0.673333333333333,0.723333333333333,1470,0.722448979591837
9,53,8,"low","high",300,3000,-1,0.268941421369995,0.695,0.673333333333333,0.723333333333333,1479,0.727518593644354
9,54,8,"low","high",300,3000,-1,0.268941421369995,0.701,0.673333333333333,0.733333333333333,1482,0.734143049932524
9,55,8,"low","high",300,3000,-1,0.268941421369995,0.703333333333333,0.676666666666667,0.733333333333333,1489,0.738079247817327
9,56,8,"low","high",300,3000,-1,0.268941421369995,0.705333333333333,0.676666666666667,0.733333333333333,1499,0.740493662441628
9,57,8,"low","high",300,3000,-1,0.268941421369995,0.709,0.693333333333333,0.733333333333333,1499,0.738492328218812
9,58,8,"low","high",300,3000,-1,0.268941421369995,0.709333333333333,0.693333333333333,0.733333333333333,1501,0.740839440373085
9,59,8,"low","high",300,3000,-1,0.268941421369995,0.715666666666667,0.693333333333333,0.77,1489,0.741437206178643
9,60,8,"low","high",300,3000,-1,0.268941421369995,0.71,0.666666666666667,0.77,1491,0.74111334674715
9,61,8,"low","high",300,3000,-1,0.268941421369995,0.708666666666667,0.666666666666667,0.77,1523,0.742613263296126
9,62,8,"low","high",300,3000,-1,0.268941421369995,0.705,0.666666666666667,0.77,1515,0.739273927392739
9,63,8,"low","high",300,3000,-1,0.268941421369995,0.703,0.666666666666667,0.77,1515,0.735313531353135
9,64,8,"low","high",300,3000,-1,0.268941421369995,0.698,0.666666666666667,0.77,1498,0.730307076101469
9,65,8,"low","high",300,3000,-1,0.268941421369995,0.702,0.666666666666667,0.77,1509,0.728959575878065
9,66,8,"low","high",300,3000,-1,0.268941421369995,0.706333333333333,0.666666666666667,0.77,1504,0.733377659574468
9,67,8,"low","high",300,3000,-1,0.268941421369995,0.701333333333333,0.663333333333333,0.77,1506,0.735723771580345
9,68,8,"low","high",300,3000,-1,0.268941421369995,0.701,0.663333333333333,0.77,1520,0.734210526315789
9,69,8,"low","high",300,3000,-1,0.268941421369995,0.699,0.663333333333333,0.75,1543,0.733635774465327
9,70,8,"low","high",300,3000,-1,0.268941421369995,0.703666666666667,0.663333333333333,0.75,1544,0.738341968911917
9,71,8,"low","high",300,3000,-1,0.268941421369995,0.706666666666667,0.663333333333333,0.75,1530,0.743790849673203
9,72,8,"low","high",300,3000,-1,0.268941421369995,0.709666666666667,0.663333333333333,0.75,1541,0.745619727449708
9,73,8,"low","high",300,3000,-1,0.268941421369995,0.708666666666667,0.663333333333333,0.75,1523,0.747209455022981
9,74,8,"low","high",300,3000,-1,0.268941421369995,0.711666666666667,0.663333333333333,0.75,1543,0.7550226830849
9,75,8,"low","high",300,3000,-1,0.268941421369995,0.708,0.663333333333333,0.75,1556,0.753213367609255
9,76,8,"low","high",300,3000,-1,0.268941421369995,0.706,0.663333333333333,0.75,1537,0.756668835393624
9,77,8,"low","high",300,3000,-1,0.268941421369995,0.708666666666667,0.67,0.75,1510,0.758278145695364
9,78,8,"low","high",300,3000,-1,0.268941421369995,0.713,0.67,0.75,1491,0.76391683433937
9,79,8,"low","high",300,3000,-1,0.268941421369995,0.710666666666667,0.67,0.746666666666667,1486,0.762449528936743
9,80,8,"low","high",300,3000,-1,0.268941421369995,0.709333333333333,0.67,0.746666666666667,1488,0.758736559139785
9,81,8,"low","high",300,3000,-1,0.268941421369995,0.708333333333333,0.67,0.746666666666667,1475,0.756610169491525
9,82,8,"low","high",300,3000,-1,0.268941421369995,0.705333333333333,0.67,0.746666666666667,1465,0.754266211604096
9,83,8,"low","high",300,3000,-1,0.268941421369995,0.706333333333333,0.68,0.746666666666667,1476,0.753387533875339
9,84,8,"low","high",300,3000,-1,0.268941421369995,0.701333333333333,0.663333333333333,0.746666666666667,1479,0.744421906693712
9,85,8,"low","high",300,3000,-1,0.268941421369995,0.703,0.663333333333333,0.746666666666667,1477,0.750846310088016
9,86,8,"low","high",300,3000,-1,0.268941421369995,0.696333333333333,0.653333333333333,0.746666666666667,1483,0.737693863789616
9,87,8,"low","high",300,3000,-1,0.268941421369995,0.698666666666667,0.653333333333333,0.746666666666667,1494,0.736278447121821
9,88,8,"low","high",300,3000,-1,0.268941421369995,0.691666666666667,0.653333333333333,0.726666666666667,1510,0.726490066225166
9,89,8,"low","high",300,3000,-1,0.268941421369995,0.687333333333333,0.653333333333333,0.716666666666667,1517,0.723796967699407
9,90,8,"low","high",300,3000,-1,0.268941421369995,0.691666666666667,0.653333333333333,0.743333333333333,1517,0.724456163480554
9,91,8,"low","high",300,3000,-1,0.268941421369995,0.693,0.653333333333333,0.743333333333333,1521,0.723865877712032
9,92,8,"low","high",300,3000,-1,0.268941421369995,0.694666666666667,0.653333333333333,0.743333333333333,1531,0.725669497060745
9,93,8,"low","high",300,3000,-1,0.268941421369995,0.687666666666667,0.61,0.743333333333333,1535,0.7185667752443
9,94,8,"low","high",300,3000,-1,0.268941421369995,0.690333333333333,0.61,0.743333333333333,1520,0.717763157894737
9,95,8,"low","high",300,3000,-1,0.268941421369995,0.689333333333333,0.61,0.743333333333333,1513,0.715135492399207
9,96,8,"low","high",300,3000,-1,0.268941421369995,0.696666666666667,0.61,0.743333333333333,1523,0.724228496388706
9,97,8,"low","high",300,3000,-1,0.268941421369995,0.695666666666667,0.61,0.743333333333333,1522,0.722733245729304
9,98,8,"low","high",300,3000,-1,0.268941421369995,0.701666666666667,0.61,0.743333333333333,1519,0.730743910467413
9,99,8,"low","high",300,3000,-1,0.268941421369995,0.703333333333333,0.61,0.743333333333333,1517,0.7363216875412
9,100,8,"low","high",300,3000,-1,0.268941421369995,0.692333333333333,0.61,0.736666666666667,1525,0.727868852459016
9,101,8,"low","high",300,3000,-1,0.268941421369995,0.690333333333333,0.61,0.736666666666667,1532,0.727154046997389
9,102,8,"low","high",300,3000,-1,0.268941421369995,0.690333333333333,0.61,0.736666666666667,1529,0.724656638325703
9,103,8,"low","high",300,3000,-1,0.268941421369995,0.701666666666667,0.633333333333333,0.736666666666667,1538,0.733420026007802
9,104,8,"low","high",300,3000,-1,0.268941421369995,0.705666666666667,0.633333333333333,0.736666666666667,1538,0.740572171651495
9,105,8,"low","high",300,3000,-1,0.268941421369995,0.707333333333333,0.633333333333333,0.736666666666667,1536,0.740885416666667
9,106,8,"low","high",300,3000,-1,0.268941421369995,0.705,0.633333333333333,0.736666666666667,1534,0.738591916558018
9,107,8,"low","high",300,3000,-1,0.268941421369995,0.706,0.633333333333333,0.736666666666667,1537,0.741054001301236
9,108,8,"low","high",300,3000,-1,0.268941421369995,0.706666666666667,0.633333333333333,0.743333333333333,1544,0.743523316062176
9,109,8,"low","high",300,3000,-1,0.268941421369995,0.709666666666667,0.633333333333333,0.743333333333333,1548,0.742894056847545
9,110,8,"low","high",300,3000,-1,0.268941421369995,0.715666666666667,0.693333333333333,0.743333333333333,1548,0.748708010335917
9,111,8,"low","high",300,3000,-1,0.268941421369995,0.711333333333333,0.65,0.743333333333333,1536,0.742838541666667
9,112,8,"low","high",300,3000,-1,0.268941421369995,0.713,0.65,0.743333333333333,1525,0.746229508196721
9,113,8,"low","high",300,3000,-1,0.268941421369995,0.712333333333333,0.65,0.743333333333333,1512,0.75
9,114,8,"low","high",300,3000,-1,0.268941421369995,0.708333333333333,0.65,0.743333333333333,1501,0.746169220519654
9,115,8,"low","high",300,3000,-1,0.268941421369995,0.705666666666667,0.65,0.743333333333333,1495,0.74247491638796
9,116,8,"low","high",300,3000,-1,0.268941421369995,0.707666666666667,0.65,0.743333333333333,1512,0.742724867724868
9,117,8,"low","high",300,3000,-1,0.268941421369995,0.706333333333333,0.65,0.743333333333333,1517,0.744891232696111
9,118,8,"low","high",300,3000,-1,0.268941421369995,0.702666666666667,0.65,0.73,1506,0.737051792828685
9,119,8,"low","high",300,3000,-1,0.268941421369995,0.700333333333333,0.65,0.723333333333333,1480,0.735810810810811
9,120,8,"low","high",300,3000,-1,0.268941421369995,0.706333333333333,0.65,0.753333333333333,1492,0.743967828418231
9,121,8,"low","high",300,3000,-1,0.268941421369995,0.710333333333333,0.69,0.753333333333333,1498,0.746995994659546
9,122,8,"low","high",300,3000,-1,0.268941421369995,0.711,0.69,0.753333333333333,1493,0.753516409912927
9,123,8,"low","high",300,3000,-1,0.268941421369995,0.71,0.69,0.753333333333333,1491,0.754527162977867
9,124,8,"low","high",300,3000,-1,0.268941421369995,0.711333333333333,0.69,0.753333333333333,1498,0.749666221628838
9,125,8,"low","high",300,3000,-1,0.268941421369995,0.710333333333333,0.686666666666667,0.753333333333333,1510,0.75364238410596
9,126,8,"low","high",300,3000,-1,0.268941421369995,0.708333333333333,0.686666666666667,0.753333333333333,1490,0.75503355704698
9,127,8,"low","high",300,3000,-1,0.268941421369995,0.711333333333333,0.686666666666667,0.753333333333333,1488,0.760752688172043
9,128,8,"low","high",300,3000,-1,0.268941421369995,0.71,0.686666666666667,0.753333333333333,1492,0.760723860589812
9,129,8,"low","high",300,3000,-1,0.268941421369995,0.709666666666667,0.686666666666667,0.753333333333333,1508,0.754641909814324
9,130,8,"low","high",300,3000,-1,0.268941421369995,0.707333333333333,0.686666666666667,0.73,1487,0.74915938130464
9,131,8,"low","high",300,3000,-1,0.268941421369995,0.707666666666667,0.686666666666667,0.73,1503,0.748502994011976
9,132,8,"low","high",300,3000,-1,0.268941421369995,0.702666666666667,0.676666666666667,0.73,1515,0.741254125412541
9,133,8,"low","high",300,3000,-1,0.268941421369995,0.703333333333333,0.676666666666667,0.73,1520,0.738157894736842
9,134,8,"low","high",300,3000,-1,0.268941421369995,0.699666666666667,0.666666666666667,0.73,1536,0.735026041666667
9,135,8,"low","high",300,3000,-1,0.268941421369995,0.703,0.666666666666667,0.73,1524,0.735564304461942
9,136,8,"low","high",300,3000,-1,0.268941421369995,0.703333333333333,0.666666666666667,0.73,1531,0.73481384715872
9,137,8,"low","high",300,3000,-1,0.268941421369995,0.699,0.666666666666667,0.73,1538,0.730819245773732
9,138,8,"low","high",300,3000,-1,0.268941421369995,0.702666666666667,0.666666666666667,0.73,1534,0.739243807040417
9,139,8,"low","high",300,3000,-1,0.268941421369995,0.702,0.666666666666667,0.73,1525,0.745573770491803
9,140,8,"low","high",300,3000,-1,0.268941421369995,0.702333333333333,0.666666666666667,0.733333333333333,1528,0.745418848167539
9,141,8,"low","high",300,3000,-1,0.268941421369995,0.708,0.666666666666667,0.75,1492,0.75
9,142,8,"low","high",300,3000,-1,0.268941421369995,0.709333333333333,0.666666666666667,0.75,1488,0.750672043010753
9,143,8,"low","high",300,3000,-1,0.268941421369995,0.708333333333333,0.666666666666667,0.75,1488,0.752016129032258
9,144,8,"low","high",300,3000,-1,0.268941421369995,0.713,0.686666666666667,0.75,1488,0.760752688172043
9,145,8,"low","high",300,3000,-1,0.268941421369995,0.714,0.686666666666667,0.75,1492,0.758042895442359
9,146,8,"low","high",300,3000,-1,0.268941421369995,0.714,0.686666666666667,0.75,1491,0.755868544600939
9,147,8,"low","high",300,3000,-1,0.268941421369995,0.714,0.686666666666667,0.75,1490,0.753691275167785
9,148,8,"low","high",300,3000,-1,0.268941421369995,0.712666666666667,0.686666666666667,0.75,1500,0.751333333333333
9,149,8,"low","high",300,3000,-1,0.268941421369995,0.712666666666667,0.686666666666667,0.75,1525,0.744918032786885
9,150,8,"low","high",300,3000,-1,0.268941421369995,0.708333333333333,0.686666666666667,0.75,1521,0.74293228139382
9,151,8,"low","high",300,3000,-1,0.268941421369995,0.703333333333333,0.686666666666667,0.73,1533,0.739073711676451
9,152,8,"low","high",300,3000,-1,0.268941421369995,0.706,0.686666666666667,0.73,1532,0.738250652741514
9,153,8,"low","high",300,3000,-1,0.268941421369995,0.711666666666667,0.686666666666667,0.76,1545,0.743042071197411
9,154,8,"low","high",300,3000,-1,0.268941421369995,0.711,0.686666666666667,0.76,1552,0.739690721649485
9,155,8,"low","high",300,3000,-1,0.268941421369995,0.711,0.686666666666667,0.76,1544,0.740284974093264
9,156,8,"low","high",300,3000,-1,0.268941421369995,0.717333333333333,0.686666666666667,0.77,1534,0.747718383311604
9,157,8,"low","high",300,3000,-1,0.268941421369995,0.714333333333333,0.656666666666667,0.77,1508,0.742042440318302
9,158,8,"low","high",300,3000,-1,0.268941421369995,0.711,0.656666666666667,0.77,1495,0.739130434782609
9,159,8,"low","high",300,3000,-1,0.268941421369995,0.714,0.656666666666667,0.77,1482,0.740215924426451
9,160,8,"low","high",300,3000,-1,0.268941421369995,0.714,0.656666666666667,0.77,1485,0.742087542087542
9,161,8,"low","high",300,3000,-1,0.268941421369995,0.715333333333333,0.656666666666667,0.77,1488,0.748655913978495
9,162,8,"low","high",300,3000,-1,0.268941421369995,0.716333333333333,0.656666666666667,0.77,1526,0.747051114023591
9,163,8,"low","high",300,3000,-1,0.268941421369995,0.709333333333333,0.656666666666667,0.77,1500,0.741333333333333
9,164,8,"low","high",300,3000,-1,0.268941421369995,0.707666666666667,0.656666666666667,0.77,1472,0.742527173913043
9,165,8,"low","high",300,3000,-1,0.268941421369995,0.704333333333333,0.656666666666667,0.77,1477,0.738659444820582
9,166,8,"low","high",300,3000,-1,0.268941421369995,0.693,0.656666666666667,0.726666666666667,1476,0.731029810298103
9,167,8,"low","high",300,3000,-1,0.268941421369995,0.695666666666667,0.656666666666667,0.726666666666667,1495,0.737123745819398
9,168,8,"low","high",300,3000,-1,0.268941421369995,0.702,0.656666666666667,0.746666666666667,1508,0.738063660477454
9,169,8,"low","high",300,3000,-1,0.268941421369995,0.699,0.656666666666667,0.746666666666667,1499,0.747164776517678
9,170,8,"low","high",300,3000,-1,0.268941421369995,0.699333333333333,0.656666666666667,0.746666666666667,1496,0.745320855614973
9,171,8,"low","high",300,3000,-1,0.268941421369995,0.697,0.656666666666667,0.746666666666667,1497,0.742150968603874
9,172,8,"low","high",300,3000,-1,0.268941421369995,0.699,0.656666666666667,0.746666666666667,1475,0.745762711864407
9,173,8,"low","high",300,3000,-1,0.268941421369995,0.698,0.656666666666667,0.746666666666667,1489,0.744123572867696
9,174,8,"low","high",300,3000,-1,0.268941421369995,0.698333333333333,0.656666666666667,0.746666666666667,1512,0.747354497354497
9,175,8,"low","high",300,3000,-1,0.268941421369995,0.703333333333333,0.656666666666667,0.746666666666667,1508,0.754641909814324
9,176,8,"low","high",300,3000,-1,0.268941421369995,0.705333333333333,0.676666666666667,0.746666666666667,1501,0.751499000666223
9,177,8,"low","high",300,3000,-1,0.268941421369995,0.706333333333333,0.676666666666667,0.746666666666667,1501,0.747501665556296
9,178,8,"low","high",300,3000,-1,0.268941421369995,0.701333333333333,0.676666666666667,0.746666666666667,1503,0.743180306054558
9,179,8,"low","high",300,3000,-1,0.268941421369995,0.697333333333333,0.656666666666667,0.746666666666667,1496,0.733288770053476
9,180,8,"low","high",300,3000,-1,0.268941421369995,0.691333333333333,0.633333333333333,0.746666666666667,1491,0.731052984574111
9,181,8,"low","high",300,3000,-1,0.268941421369995,0.693,0.633333333333333,0.746666666666667,1495,0.730434782608696
9,182,8,"low","high",300,3000,-1,0.268941421369995,0.684666666666667,0.633333333333333,0.746666666666667,1480,0.72027027027027
9,183,8,"low","high",300,3000,-1,0.268941421369995,0.69,0.633333333333333,0.746666666666667,1464,0.719262295081967
9,184,8,"low","high",300,3000,-1,0.268941421369995,0.69,0.633333333333333,0.746666666666667,1449,0.709454796411318
9,185,8,"low","high",300,3000,-1,0.268941421369995,0.687333333333333,0.633333333333333,0.733333333333333,1453,0.701995870612526
9,186,8,"low","high",300,3000,-1,0.268941421369995,0.684666666666667,0.633333333333333,0.733333333333333,1458,0.702331961591221
9,187,8,"low","high",300,3000,-1,0.268941421369995,0.682666666666667,0.633333333333333,0.733333333333333,1456,0.70260989010989
9,188,8,"low","high",300,3000,-1,0.268941421369995,0.686,0.633333333333333,0.733333333333333,1435,0.705923344947735
9,189,8,"low","high",300,3000,-1,0.268941421369995,0.690666666666667,0.633333333333333,0.733333333333333,1458,0.706447187928669
9,190,8,"low","high",300,3000,-1,0.268941421369995,0.691,0.636666666666667,0.733333333333333,1470,0.704761904761905
9,191,8,"low","high",300,3000,-1,0.268941421369995,0.691,0.636666666666667,0.733333333333333,1468,0.705040871934605
9,192,8,"low","high",300,3000,-1,0.268941421369995,0.694666666666667,0.636666666666667,0.733333333333333,1468,0.709809264305177
9,193,8,"low","high",300,3000,-1,0.268941421369995,0.687666666666667,0.636666666666667,0.73,1484,0.708894878706199
9,194,8,"low","high",300,3000,-1,0.268941421369995,0.687,0.636666666666667,0.73,1495,0.716387959866221
9,195,8,"low","high",300,3000,-1,0.268941421369995,0.689666666666667,0.636666666666667,0.746666666666667,1491,0.724346076458752
9,196,8,"low","high",300,3000,-1,0.268941421369995,0.691666666666667,0.636666666666667,0.746666666666667,1496,0.729946524064171
9,197,8,"low","high",300,3000,-1,0.268941421369995,0.692666666666667,0.636666666666667,0.746666666666667,1496,0.733288770053476
9,198,8,"low","high",300,3000,-1,0.268941421369995,0.691666666666667,0.636666666666667,0.746666666666667,1497,0.730126920507682
9,199,8,"low","high",300,3000,-1,0.268941421369995,0.69,0.636666666666667,0.746666666666667,1470,0.734013605442177
9,200,8,"low","high",300,3000,-1,0.268941421369995,0.695,0.663333333333333,0.746666666666667,1460,0.736986301369863
9,201,8,"low","high",300,3000,-1,0.268941421369995,0.690333333333333,0.66,0.746666666666667,1465,0.733788395904437
9,202,8,"low","high",300,3000,-1,0.268941421369995,0.685333333333333,0.65,0.746666666666667,1470,0.727891156462585
9,203,8,"low","high",300,3000,-1,0.268941421369995,0.69,0.65,0.746666666666667,1473,0.728445349626612
9,204,8,"low","high",300,3000,-1,0.268941421369995,0.692333333333333,0.65,0.746666666666667,1478,0.730040595399188
9,205,8,"low","high",300,3000,-1,0.268941421369995,0.685,0.65,0.72,1495,0.726421404682274
9,206,8,"low","high",300,3000,-1,0.268941421369995,0.688333333333333,0.65,0.72,1497,0.727454909819639
9,207,8,"low","high",300,3000,-1,0.268941421369995,0.686333333333333,0.65,0.72,1507,0.723954877239549
9,208,8,"low","high",300,3000,-1,0.268941421369995,0.682333333333333,0.65,0.71,1509,0.725646123260437
9,209,8,"low","high",300,3000,-1,0.268941421369995,0.681,0.65,0.71,1536,0.720052083333333
9,210,8,"low","high",300,3000,-1,0.268941421369995,0.685666666666667,0.65,0.733333333333333,1537,0.724788549121666
9,211,8,"low","high",300,3000,-1,0.268941421369995,0.688333333333333,0.65,0.733333333333333,1539,0.728395061728395
9,212,8,"low","high",300,3000,-1,0.268941421369995,0.694666666666667,0.663333333333333,0.733333333333333,1548,0.734496124031008
9,213,8,"low","high",300,3000,-1,0.268941421369995,0.694,0.663333333333333,0.733333333333333,1559,0.737652341244387
9,214,8,"low","high",300,3000,-1,0.268941421369995,0.689,0.66,0.733333333333333,1570,0.734394904458599
9,215,8,"low","high",300,3000,-1,0.268941421369995,0.699,0.66,0.773333333333333,1559,0.742142398973701
9,216,8,"low","high",300,3000,-1,0.268941421369995,0.698,0.66,0.773333333333333,1566,0.737547892720307
9,217,8,"low","high",300,3000,-1,0.268941421369995,0.699333333333333,0.66,0.773333333333333,1543,0.736228127025275
9,218,8,"low","high",300,3000,-1,0.268941421369995,0.704666666666667,0.66,0.773333333333333,1568,0.739158163265306
9,219,8,"low","high",300,3000,-1,0.268941421369995,0.711333333333333,0.66,0.773333333333333,1546,0.747089262613195
9,220,8,"low","high",300,3000,-1,0.268941421369995,0.703333333333333,0.653333333333333,0.773333333333333,1550,0.74258064516129
9,221,8,"low","high",300,3000,-1,0.268941421369995,0.705333333333333,0.653333333333333,0.773333333333333,1539,0.743989603638726
9,222,8,"low","high",300,3000,-1,0.268941421369995,0.705666666666667,0.653333333333333,0.773333333333333,1536,0.748697916666667
9,223,8,"low","high",300,3000,-1,0.268941421369995,0.707333333333333,0.653333333333333,0.773333333333333,1521,0.750164365548981
9,224,8,"low","high",300,3000,-1,0.268941421369995,0.708333333333333,0.653333333333333,0.773333333333333,1510,0.751655629139073
9,225,8,"low","high",300,3000,-1,0.268941421369995,0.705,0.653333333333333,0.74,1508,0.747347480106101
9,226,8,"low","high",300,3000,-1,0.268941421369995,0.705,0.653333333333333,0.74,1489,0.752182672934856
9,227,8,"low","high",300,3000,-1,0.268941421369995,0.705,0.653333333333333,0.74,1519,0.750493745885451
9,228,8,"low","high",300,3000,-1,0.268941421369995,0.700666666666667,0.653333333333333,0.74,1492,0.744638069705094
9,229,8,"low","high",300,3000,-1,0.268941421369995,0.697333333333333,0.653333333333333,0.74,1494,0.736278447121821
9,230,8,"low","high",300,3000,-1,0.268941421369995,0.699333333333333,0.67,0.74,1485,0.735353535353535
9,231,8,"low","high",300,3000,-1,0.268941421369995,0.699666666666667,0.67,0.74,1499,0.733822548365577
9,232,8,"low","high",300,3000,-1,0.268941421369995,0.698666666666667,0.67,0.74,1490,0.732885906040268
9,233,8,"low","high",300,3000,-1,0.268941421369995,0.702,0.67,0.753333333333333,1494,0.736947791164659
9,234,8,"low","high",300,3000,-1,0.268941421369995,0.707666666666667,0.673333333333333,0.753333333333333,1493,0.738111185532485
9,235,8,"low","high",300,3000,-1,0.268941421369995,0.706,0.673333333333333,0.753333333333333,1507,0.733908427339084
9,236,8,"low","high",300,3000,-1,0.268941421369995,0.709,0.673333333333333,0.753333333333333,1511,0.734612839179351
9,237,8,"low","high",300,3000,-1,0.268941421369995,0.707666666666667,0.663333333333333,0.753333333333333,1496,0.735294117647059
9,238,8,"low","high",300,3000,-1,0.268941421369995,0.709666666666667,0.663333333333333,0.753333333333333,1499,0.737158105403602
9,239,8,"low","high",300,3000,-1,0.268941421369995,0.708333333333333,0.663333333333333,0.753333333333333,1500,0.744
9,240,8,"low","high",300,3000,-1,0.268941421369995,0.713333333333333,0.663333333333333,0.753333333333333,1507,0.751824817518248
9,241,8,"low","high",300,3000,-1,0.268941421369995,0.711666666666667,0.663333333333333,0.753333333333333,1504,0.750664893617021
9,242,8,"low","high",300,3000,-1,0.268941421369995,0.712,0.663333333333333,0.753333333333333,1513,0.746860541969597
9,243,8,"low","high",300,3000,-1,0.268941421369995,0.708,0.663333333333333,0.726666666666667,1506,0.743691899070385
9,244,8,"low","high",300,3000,-1,0.268941421369995,0.708333333333333,0.663333333333333,0.73,1510,0.749668874172185
9,245,8,"low","high",300,3000,-1,0.268941421369995,0.707666666666667,0.663333333333333,0.73,1489,0.755540631296172
9,246,8,"low","high",300,3000,-1,0.268941421369995,0.703,0.663333333333333,0.73,1515,0.748514851485149
9,247,8,"low","high",300,3000,-1,0.268941421369995,0.709,0.676666666666667,0.73,1505,0.752159468438538
9,248,8,"low","high",300,3000,-1,0.268941421369995,0.707333333333333,0.676666666666667,0.73,1514,0.752972258916777
9,249,8,"low","high",300,3000,-1,0.268941421369995,0.705666666666667,0.676666666666667,0.73,1512,0.75462962962963
9,250,8,"low","high",300,3000,-1,0.268941421369995,0.704666666666667,0.676666666666667,0.73,1522,0.754270696452037
9,251,8,"low","high",300,3000,-1,0.268941421369995,0.706666666666667,0.676666666666667,0.73,1504,0.753989361702128
9,252,8,"low","high",300,3000,-1,0.268941421369995,0.703666666666667,0.676666666666667,0.73,1510,0.750331125827815
9,253,8,"low","high",300,3000,-1,0.268941421369995,0.702666666666667,0.676666666666667,0.73,1520,0.745394736842105
9,254,8,"low","high",300,3000,-1,0.268941421369995,0.702666666666667,0.676666666666667,0.73,1520,0.740131578947368
9,255,8,"low","high",300,3000,-1,0.268941421369995,0.705666666666667,0.676666666666667,0.746666666666667,1527,0.740667976424361
9,256,8,"low","high",300,3000,-1,0.268941421369995,0.706333333333333,0.676666666666667,0.746666666666667,1519,0.747860434496379
9,257,8,"low","high",300,3000,-1,0.268941421369995,0.707666666666667,0.676666666666667,0.746666666666667,1529,0.748855461085677
9,258,8,"low","high",300,3000,-1,0.268941421369995,0.709,0.676666666666667,0.746666666666667,1522,0.749014454664915
9,259,8,"low","high",300,3000,-1,0.268941421369995,0.712333333333333,0.68,0.746666666666667,1528,0.74738219895288
9,260,8,"low","high",300,3000,-1,0.268941421369995,0.709,0.68,0.746666666666667,1527,0.742632612966601
9,261,8,"low","high",300,3000,-1,0.268941421369995,0.704,0.663333333333333,0.746666666666667,1545,0.739805825242718
9,262,8,"low","high",300,3000,-1,0.268941421369995,0.708333333333333,0.663333333333333,0.746666666666667,1535,0.745928338762215
9,263,8,"low","high",300,3000,-1,0.268941421369995,0.708,0.663333333333333,0.746666666666667,1545,0.741747572815534
9,264,8,"low","high",300,3000,-1,0.268941421369995,0.703333333333333,0.663333333333333,0.746666666666667,1539,0.742040285899935
9,265,8,"low","high",300,3000,-1,0.268941421369995,0.702,0.663333333333333,0.736666666666667,1547,0.741435035552683
9,266,8,"low","high",300,3000,-1,0.268941421369995,0.701333333333333,0.663333333333333,0.736666666666667,1547,0.73109243697479
9,267,8,"low","high",300,3000,-1,0.268941421369995,0.701333333333333,0.663333333333333,0.736666666666667,1542,0.736057068741894
9,268,8,"low","high",300,3000,-1,0.268941421369995,0.699333333333333,0.663333333333333,0.736666666666667,1552,0.731958762886598
9,269,8,"low","high",300,3000,-1,0.268941421369995,0.700333333333333,0.663333333333333,0.736666666666667,1557,0.732177263969171
9,270,8,"low","high",300,3000,-1,0.268941421369995,0.704666666666667,0.663333333333333,0.736666666666667,1547,0.731738849385908
9,271,8,"low","high",300,3000,-1,0.268941421369995,0.708333333333333,0.676666666666667,0.736666666666667,1558,0.733632862644416
9,272,8,"low","high",300,3000,-1,0.268941421369995,0.701333333333333,0.653333333333333,0.736666666666667,1561,0.727738629083921
9,273,8,"low","high",300,3000,-1,0.268941421369995,0.701,0.653333333333333,0.736666666666667,1555,0.729260450160772
9,274,8,"low","high",300,3000,-1,0.268941421369995,0.702,0.653333333333333,0.736666666666667,1530,0.72875816993464
9,275,8,"low","high",300,3000,-1,0.268941421369995,0.698666666666667,0.653333333333333,0.736666666666667,1513,0.720423000660939
9,276,8,"low","high",300,3000,-1,0.268941421369995,0.695333333333333,0.643333333333333,0.736666666666667,1501,0.717521652231845
9,277,8,"low","high",300,3000,-1,0.268941421369995,0.689333333333333,0.643333333333333,0.723333333333333,1506,0.708499335989376
9,278,8,"low","high",300,3000,-1,0.268941421369995,0.689666666666667,0.643333333333333,0.723333333333333,1493,0.712659075686537
9,279,8,"low","high",300,3000,-1,0.268941421369995,0.686333333333333,0.643333333333333,0.723333333333333,1492,0.707104557640751
9,280,8,"low","high",300,3000,-1,0.268941421369995,0.687,0.643333333333333,0.73,1499,0.716477651767845
9,281,8,"low","high",300,3000,-1,0.268941421369995,0.687666666666667,0.643333333333333,0.73,1483,0.718813216453136
9,282,8,"low","high",300,3000,-1,0.268941421369995,0.692,0.643333333333333,0.73,1466,0.726466575716235
9,283,8,"low","high",300,3000,-1,0.268941421369995,0.692,0.643333333333333,0.73,1460,0.73013698630137
9,284,8,"low","high",300,3000,-1,0.268941421369995,0.700666666666667,0.643333333333333,0.78,1488,0.737231182795699
9,285,8,"low","high",300,3000,-1,0.268941421369995,0.698,0.643333333333333,0.78,1499,0.737825216811207
9,286,8,"low","high",300,3000,-1,0.268941421369995,0.704666666666667,0.673333333333333,0.78,1500,0.748
9,287,8,"low","high",300,3000,-1,0.268941421369995,0.703333333333333,0.663333333333333,0.78,1480,0.755405405405405
9,288,8,"low","high",300,3000,-1,0.268941421369995,0.703666666666667,0.663333333333333,0.78,1482,0.757759784075574
9,289,8,"low","high",300,3000,-1,0.268941421369995,0.704666666666667,0.663333333333333,0.78,1486,0.763122476446837
9,290,8,"low","high",300,3000,-1,0.268941421369995,0.699,0.663333333333333,0.78,1494,0.751673360107095
9,291,8,"low","high",300,3000,-1,0.268941421369995,0.698333333333333,0.663333333333333,0.78,1492,0.752680965147453
9,292,8,"low","high",300,3000,-1,0.268941421369995,0.700666666666667,0.663333333333333,0.78,1485,0.748148148148148
9,293,8,"low","high",300,3000,-1,0.268941421369995,0.701666666666667,0.663333333333333,0.78,1471,0.751869476546567
9,294,8,"low","high",300,3000,-1,0.268941421369995,0.695,0.663333333333333,0.72,1444,0.749307479224377
9,295,8,"low","high",300,3000,-1,0.268941421369995,0.694,0.663333333333333,0.72,1437,0.750173973556019
9,296,8,"low","high",300,3000,-1,0.268941421369995,0.69,0.663333333333333,0.72,1451,0.749138525155066
9,297,8,"low","high",300,3000,-1,0.268941421369995,0.699333333333333,0.663333333333333,0.756666666666667,1461,0.753593429158111
9,298,8,"low","high",300,3000,-1,0.268941421369995,0.697333333333333,0.663333333333333,0.756666666666667,1452,0.747245179063361
9,299,8,"low","high",300,3000,-1,0.268941421369995,0.698333333333333,0.663333333333333,0.756666666666667,1444,0.747229916897507
9,300,8,"low","high",300,3000,-1,0.268941421369995,0.701666666666667,0.663333333333333,0.756666666666667,1427,0.756832515767344
10,1,4,"large","high",1000,10000,-1,0.268941421369995,0.604,0.569,0.634,6716,0.617629541393687
10,2,4,"large","high",1000,10000,-1,0.268941421369995,0.6062,0.569,0.637,6719,0.619437416282185
10,3,4,"large","high",1000,10000,-1,0.268941421369995,0.6071,0.569,0.637,6691,0.618741593184875
10,4,4,"large","high",1000,10000,-1,0.268941421369995,0.6091,0.569,0.637,6692,0.62104004781829
10,5,4,"large","high",1000,10000,-1,0.268941421369995,0.6076,0.569,0.637,6723,0.616242748772869
10,6,4,"large","high",1000,10000,-1,0.268941421369995,0.6051,0.569,0.637,6734,0.613157113157113
10,7,4,"large","high",1000,10000,-1,0.268941421369995,0.6039,0.569,0.637,6755,0.610362694300518
10,8,4,"large","high",1000,10000,-1,0.268941421369995,0.6055,0.569,0.637,6758,0.612015389168393
10,9,4,"large","high",1000,10000,-1,0.268941421369995,0.6048,0.569,0.637,6761,0.611595917763644
10,10,4,"large","high",1000,10000,-1,0.268941421369995,0.6063,0.569,0.637,6760,0.613313609467456
10,11,4,"large","high",1000,10000,-1,0.268941421369995,0.6113,0.582,0.637,6766,0.619716228199823
10,12,4,"large","high",1000,10000,-1,0.268941421369995,0.6097,0.582,0.621,6804,0.619341563786008
10,13,4,"large","high",1000,10000,-1,0.268941421369995,0.611,0.582,0.621,6839,0.62128966223132
10,14,4,"large","high",1000,10000,-1,0.268941421369995,0.6114,0.582,0.621,6854,0.621243069740298
10,15,4,"large","high",1000,10000,-1,0.268941421369995,0.6143,0.604,0.621,6838,0.622989178122258
10,16,4,"large","high",1000,10000,-1,0.268941421369995,0.6125,0.591,0.621,6821,0.620290280017593
10,17,4,"large","high",1000,10000,-1,0.268941421369995,0.6125,0.591,0.621,6800,0.622352941176471
10,18,4,"large","high",1000,10000,-1,0.268941421369995,0.6105,0.591,0.621,6795,0.622369389256807
10,19,4,"large","high",1000,10000,-1,0.268941421369995,0.6122,0.591,0.627,6765,0.626607538802661
10,20,4,"large","high",1000,10000,-1,0.268941421369995,0.6124,0.591,0.627,6727,0.627620038650216
10,21,4,"large","high",1000,10000,-1,0.268941421369995,0.6131,0.591,0.627,6712,0.624553039332539
10,22,4,"large","high",1000,10000,-1,0.268941421369995,0.6127,0.591,0.627,6683,0.623672003591202
10,23,4,"large","high",1000,10000,-1,0.268941421369995,0.6139,0.591,0.627,6700,0.626716417910448
10,24,4,"large","high",1000,10000,-1,0.268941421369995,0.6126,0.591,0.627,6708,0.626863446630888
10,25,4,"large","high",1000,10000,-1,0.268941421369995,0.6113,0.591,0.627,6746,0.626445300919063
10,26,4,"large","high",1000,10000,-1,0.268941421369995,0.6139,0.598,0.627,6767,0.630116743017585
10,27,4,"large","high",1000,10000,-1,0.268941421369995,0.6149,0.598,0.627,6786,0.629678750368406
10,28,4,"large","high",1000,10000,-1,0.268941421369995,0.6178,0.598,0.627,6762,0.632061520260278
10,29,4,"large","high",1000,10000,-1,0.268941421369995,0.6153,0.598,0.627,6796,0.626986462625074
10,30,4,"large","high",1000,10000,-1,0.268941421369995,0.6116,0.582,0.627,6825,0.623736263736264
10,31,4,"large","high",1000,10000,-1,0.268941421369995,0.6084,0.582,0.627,6822,0.623131046613896
10,32,4,"large","high",1000,10000,-1,0.268941421369995,0.6062,0.582,0.627,6801,0.620055874136156
10,33,4,"large","high",1000,10000,-1,0.268941421369995,0.6049,0.582,0.627,6788,0.615203299941072
10,34,4,"large","high",1000,10000,-1,0.268941421369995,0.6053,0.582,0.627,6769,0.615600531836313
10,35,4,"large","high",1000,10000,-1,0.268941421369995,0.6082,0.582,0.627,6780,0.619616519174041
10,36,4,"large","high",1000,10000,-1,0.268941421369995,0.6031,0.566,0.627,6732,0.614973262032086
10,37,4,"large","high",1000,10000,-1,0.268941421369995,0.6022,0.566,0.627,6728,0.61563614744352
10,38,4,"large","high",1000,10000,-1,0.268941421369995,0.5985,0.566,0.627,6755,0.614507772020725
10,39,4,"large","high",1000,10000,-1,0.268941421369995,0.5984,0.566,0.627,6721,0.614045528939146
10,40,4,"large","high",1000,10000,-1,0.268941421369995,0.5987,0.566,0.627,6728,0.615190249702735
10,41,4,"large","high",1000,10000,-1,0.268941421369995,0.5957,0.564,0.627,6741,0.611927013796173
10,42,4,"large","high",1000,10000,-1,0.268941421369995,0.5957,0.564,0.627,6766,0.612326337570204
10,43,4,"large","high",1000,10000,-1,0.268941421369995,0.5925,0.564,0.627,6756,0.611160449970397
10,44,4,"large","high",1000,10000,-1,0.268941421369995,0.5921,0.564,0.627,6760,0.609615384615385
10,45,4,"large","high",1000,10000,-1,0.268941421369995,0.5897,0.564,0.606,6697,0.606241600716739
10,46,4,"large","high",1000,10000,-1,0.268941421369995,0.5902,0.564,0.606,6714,0.605898123324397
10,47,4,"large","high",1000,10000,-1,0.268941421369995,0.5911,0.564,0.614,6701,0.603342784659006
10,48,4,"large","high",1000,10000,-1,0.268941421369995,0.5913,0.564,0.614,6690,0.603886397608371
10,49,4,"large","high",1000,10000,-1,0.268941421369995,0.595,0.564,0.638,6730,0.608915304606241
10,50,4,"large","high",1000,10000,-1,0.268941421369995,0.5938,0.564,0.638,6714,0.606791778373548
10,51,4,"large","high",1000,10000,-1,0.268941421369995,0.5982,0.571,0.638,6675,0.609887640449438
10,52,4,"large","high",1000,10000,-1,0.268941421369995,0.5993,0.571,0.638,6698,0.612123021797552
10,53,4,"large","high",1000,10000,-1,0.268941421369995,0.6037,0.571,0.638,6695,0.617774458551158
10,54,4,"large","high",1000,10000,-1,0.268941421369995,0.6039,0.571,0.638,6703,0.617484708339549
10,55,4,"large","high",1000,10000,-1,0.268941421369995,0.6027,0.571,0.638,6712,0.616507747318236
10,56,4,"large","high",1000,10000,-1,0.268941421369995,0.605,0.573,0.638,6730,0.617236255572065
10,57,4,"large","high",1000,10000,-1,0.268941421369995,0.6003,0.567,0.638,6725,0.614721189591078
10,58,4,"large","high",1000,10000,-1,0.268941421369995,0.603,0.567,0.638,6730,0.613521545319465
10,59,4,"large","high",1000,10000,-1,0.268941421369995,0.6007,0.567,0.626,6711,0.609894203546416
10,60,4,"large","high",1000,10000,-1,0.268941421369995,0.6046,0.567,0.626,6719,0.61244232772734
10,61,4,"large","high",1000,10000,-1,0.268941421369995,0.6038,0.567,0.626,6755,0.613471502590674
10,62,4,"large","high",1000,10000,-1,0.268941421369995,0.6079,0.567,0.647,6723,0.614755317566563
10,63,4,"large","high",1000,10000,-1,0.268941421369995,0.6061,0.567,0.647,6719,0.61244232772734
10,64,4,"large","high",1000,10000,-1,0.268941421369995,0.6071,0.567,0.647,6720,0.614136904761905
10,65,4,"large","high",1000,10000,-1,0.268941421369995,0.6068,0.567,0.647,6732,0.612745098039216
10,66,4,"large","high",1000,10000,-1,0.268941421369995,0.6098,0.567,0.647,6746,0.616958197450341
10,67,4,"large","high",1000,10000,-1,0.268941421369995,0.613,0.588,0.647,6748,0.621072910491998
10,68,4,"large","high",1000,10000,-1,0.268941421369995,0.6147,0.588,0.647,6733,0.624090301500074
10,69,4,"large","high",1000,10000,-1,0.268941421369995,0.6145,0.588,0.647,6763,0.625905663167234
10,70,4,"large","high",1000,10000,-1,0.268941421369995,0.6121,0.588,0.647,6769,0.625055399615896
10,71,4,"large","high",1000,10000,-1,0.268941421369995,0.6145,0.588,0.647,6767,0.625979015812029
10,72,4,"large","high",1000,10000,-1,0.268941421369995,0.6103,0.588,0.636,6753,0.625203613208944
10,73,4,"large","high",1000,10000,-1,0.268941421369995,0.6084,0.588,0.636,6761,0.621653601538234
10,74,4,"large","high",1000,10000,-1,0.268941421369995,0.6081,0.588,0.636,6739,0.620566849680962
10,75,4,"large","high",1000,10000,-1,0.268941421369995,0.6117,0.588,0.636,6725,0.625724907063197
10,76,4,"large","high",1000,10000,-1,0.268941421369995,0.6097,0.588,0.636,6718,0.625334921107472
10,77,4,"large","high",1000,10000,-1,0.268941421369995,0.6096,0.588,0.636,6729,0.62446128696686
10,78,4,"large","high",1000,10000,-1,0.268941421369995,0.6061,0.588,0.624,6749,0.621129056156468
10,79,4,"large","high",1000,10000,-1,0.268941421369995,0.6046,0.588,0.624,6731,0.618630218392512
10,80,4,"large","high",1000,10000,-1,0.268941421369995,0.6055,0.589,0.624,6696,0.6194743130227
10,81,4,"large","high",1000,10000,-1,0.268941421369995,0.6052,0.589,0.624,6699,0.619346171070309
10,82,4,"large","high",1000,10000,-1,0.268941421369995,0.6031,0.584,0.624,6703,0.614202595852603
10,83,4,"large","high",1000,10000,-1,0.268941421369995,0.6035,0.584,0.624,6654,0.615569582206192
10,84,4,"large","high",1000,10000,-1,0.268941421369995,0.601,0.584,0.624,6677,0.613898457391044
10,85,4,"large","high",1000,10000,-1,0.268941421369995,0.6014,0.584,0.628,6703,0.614650156646278
10,86,4,"large","high",1000,10000,-1,0.268941421369995,0.602,0.584,0.628,6731,0.613430396672114
10,87,4,"large","high",1000,10000,-1,0.268941421369995,0.6043,0.584,0.628,6723,0.615201546928455
10,88,4,"large","high",1000,10000,-1,0.268941421369995,0.6047,0.584,0.628,6704,0.616050119331742
10,89,4,"large","high",1000,10000,-1,0.268941421369995,0.6062,0.584,0.628,6710,0.615946348733234
10,90,4,"large","high",1000,10000,-1,0.268941421369995,0.6098,0.584,0.633,6735,0.621974758723088
10,91,4,"large","high",1000,10000,-1,0.268941421369995,0.6075,0.584,0.633,6764,0.620638675340035
10,92,4,"large","high",1000,10000,-1,0.268941421369995,0.61,0.59,0.633,6759,0.623317058736499
10,93,4,"large","high",1000,10000,-1,0.268941421369995,0.6109,0.59,0.633,6790,0.623122238586156
10,94,4,"large","high",1000,10000,-1,0.268941421369995,0.6129,0.598,0.633,6800,0.627058823529412
10,95,4,"large","high",1000,10000,-1,0.268941421369995,0.6089,0.588,0.633,6796,0.623896409652737
10,96,4,"large","high",1000,10000,-1,0.268941421369995,0.6094,0.588,0.633,6764,0.62551744529864
10,97,4,"large","high",1000,10000,-1,0.268941421369995,0.6066,0.588,0.633,6754,0.622445957950844
10,98,4,"large","high",1000,10000,-1,0.268941421369995,0.6057,0.588,0.633,6766,0.620011823825007
10,99,4,"large","high",1000,10000,-1,0.268941421369995,0.6071,0.588,0.633,6777,0.622841965471448
10,100,4,"large","high",1000,10000,-1,0.268941421369995,0.6043,0.588,0.627,6780,0.616814159292035
10,101,4,"large","high",1000,10000,-1,0.268941421369995,0.6052,0.588,0.627,6716,0.618671828469327
10,102,4,"large","high",1000,10000,-1,0.268941421369995,0.6028,0.585,0.627,6731,0.617293121378696
10,103,4,"large","high",1000,10000,-1,0.268941421369995,0.6042,0.585,0.627,6726,0.62042818911686
10,104,4,"large","high",1000,10000,-1,0.268941421369995,0.606,0.585,0.628,6722,0.61916096399881
10,105,4,"large","high",1000,10000,-1,0.268941421369995,0.6067,0.585,0.628,6722,0.618119607259744
10,106,4,"large","high",1000,10000,-1,0.268941421369995,0.6054,0.585,0.628,6719,0.616311951183212
10,107,4,"large","high",1000,10000,-1,0.268941421369995,0.6055,0.585,0.628,6740,0.616765578635015
10,108,4,"large","high",1000,10000,-1,0.268941421369995,0.6079,0.585,0.628,6751,0.619019404532662
10,109,4,"large","high",1000,10000,-1,0.268941421369995,0.6059,0.585,0.628,6744,0.616399762752076
10,110,4,"large","high",1000,10000,-1,0.268941421369995,0.6057,0.585,0.628,6757,0.616841793695427
10,111,4,"large","high",1000,10000,-1,0.268941421369995,0.6042,0.585,0.628,6768,0.614804964539007
10,112,4,"large","high",1000,10000,-1,0.268941421369995,0.6054,0.592,0.628,6791,0.614784273302901
10,113,4,"large","high",1000,10000,-1,0.268941421369995,0.6038,0.592,0.628,6817,0.613759718351181
10,114,4,"large","high",1000,10000,-1,0.268941421369995,0.6008,0.592,0.62,6818,0.611176298034614
10,115,4,"large","high",1000,10000,-1,0.268941421369995,0.6025,0.592,0.62,6807,0.61289848685177
10,116,4,"large","high",1000,10000,-1,0.268941421369995,0.605,0.592,0.627,6812,0.616265413975338
10,117,4,"large","high",1000,10000,-1,0.268941421369995,0.6038,0.582,0.627,6787,0.614409901281862
10,118,4,"large","high",1000,10000,-1,0.268941421369995,0.6017,0.582,0.627,6772,0.612226816302422
10,119,4,"large","high",1000,10000,-1,0.268941421369995,0.6015,0.582,0.627,6757,0.612845937546248
10,120,4,"large","high",1000,10000,-1,0.268941421369995,0.6022,0.582,0.627,6745,0.612305411415864
10,121,4,"large","high",1000,10000,-1,0.268941421369995,0.603,0.582,0.627,6758,0.611423498076354
10,122,4,"large","high",1000,10000,-1,0.268941421369995,0.6025,0.582,0.627,6730,0.612332838038633
10,123,4,"large","high",1000,10000,-1,0.268941421369995,0.6043,0.582,0.627,6739,0.614631250927437
10,124,4,"large","high",1000,10000,-1,0.268941421369995,0.6046,0.582,0.627,6728,0.616825208085612
10,125,4,"large","high",1000,10000,-1,0.268941421369995,0.6034,0.582,0.627,6755,0.615692079940785
10,126,4,"large","high",1000,10000,-1,0.268941421369995,0.6024,0.582,0.618,6754,0.614598756292567
10,127,4,"large","high",1000,10000,-1,0.268941421369995,0.6043,0.592,0.618,6749,0.616535783078975
10,128,4,"large","high",1000,10000,-1,0.268941421369995,0.6035,0.591,0.618,6760,0.614940828402367
10,129,4,"large","high",1000,10000,-1,0.268941421369995,0.6062,0.591,0.632,6749,0.616535783078975
10,130,4,"large","high",1000,10000,-1,0.268941421369995,0.6046,0.591,0.632,6759,0.618286728806036
10,131,4,"large","high",1000,10000,-1,0.268941421369995,0.6031,0.585,0.632,6778,0.617143700206551
10,132,4,"large","high",1000,10000,-1,0.268941421369995,0.6047,0.585,0.632,6771,0.617486338797814
10,133,4,"large","high",1000,10000,-1,0.268941421369995,0.6053,0.585,0.632,6762,0.616829340431825
10,134,4,"large","high",1000,10000,-1,0.268941421369995,0.6048,0.585,0.632,6776,0.615702479338843
10,135,4,"large","high",1000,10000,-1,0.268941421369995,0.6041,0.585,0.632,6733,0.614436358235556
10,136,4,"large","high",1000,10000,-1,0.268941421369995,0.6033,0.585,0.632,6731,0.611647600653692
10,137,4,"large","high",1000,10000,-1,0.268941421369995,0.6052,0.585,0.632,6742,0.614802729160487
10,138,4,"large","high",1000,10000,-1,0.268941421369995,0.607,0.585,0.632,6713,0.618650379859973
10,139,4,"large","high",1000,10000,-1,0.268941421369995,0.6054,0.585,0.624,6720,0.620089285714286
10,140,4,"large","high",1000,10000,-1,0.268941421369995,0.6038,0.578,0.624,6716,0.615544967242406
10,141,4,"large","high",1000,10000,-1,0.268941421369995,0.6046,0.578,0.624,6685,0.618399401645475
10,142,4,"large","high",1000,10000,-1,0.268941421369995,0.605,0.578,0.624,6710,0.61833084947839
10,143,4,"large","high",1000,10000,-1,0.268941421369995,0.6021,0.578,0.62,6707,0.617265543462055
10,144,4,"large","high",1000,10000,-1,0.268941421369995,0.6064,0.578,0.639,6691,0.621730683007024
10,145,4,"large","high",1000,10000,-1,0.268941421369995,0.6077,0.578,0.639,6719,0.624497693109094
10,146,4,"large","high",1000,10000,-1,0.268941421369995,0.6078,0.578,0.639,6749,0.625277818936139
10,147,4,"large","high",1000,10000,-1,0.268941421369995,0.6055,0.578,0.639,6752,0.623370853080569
10,148,4,"large","high",1000,10000,-1,0.268941421369995,0.6083,0.578,0.639,6775,0.624649446494465
10,149,4,"large","high",1000,10000,-1,0.268941421369995,0.6092,0.578,0.639,6801,0.623290692545214
10,150,4,"large","high",1000,10000,-1,0.268941421369995,0.6116,0.593,0.639,6777,0.628596724214254
10,151,4,"large","high",1000,10000,-1,0.268941421369995,0.6115,0.592,0.639,6787,0.626491822602033
10,152,4,"large","high",1000,10000,-1,0.268941421369995,0.612,0.592,0.639,6770,0.627621861152142
10,153,4,"large","high",1000,10000,-1,0.268941421369995,0.6127,0.592,0.639,6746,0.624814705010377
10,154,4,"large","high",1000,10000,-1,0.268941421369995,0.6088,0.592,0.637,6761,0.621209880195237
10,155,4,"large","high",1000,10000,-1,0.268941421369995,0.6087,0.592,0.637,6747,0.620868534163332
10,156,4,"large","high",1000,10000,-1,0.268941421369995,0.6071,0.592,0.637,6682,0.620921879676744
10,157,4,"large","high",1000,10000,-1,0.268941421369995,0.6072,0.592,0.637,6694,0.617866746340006
10,158,4,"large","high",1000,10000,-1,0.268941421369995,0.6037,0.592,0.625,6707,0.615923661845833
10,159,4,"large","high",1000,10000,-1,0.268941421369995,0.6045,0.592,0.633,6703,0.615545278233627
10,160,4,"large","high",1000,10000,-1,0.268941421369995,0.6045,0.592,0.633,6730,0.612481426448737
10,161,4,"large","high",1000,10000,-1,0.268941421369995,0.6096,0.594,0.643,6735,0.617520415738679
10,162,4,"large","high",1000,10000,-1,0.268941421369995,0.6073,0.594,0.643,6768,0.61613475177305
10,163,4,"large","high",1000,10000,-1,0.268941421369995,0.6063,0.592,0.643,6786,0.615384615384615
10,164,4,"large","high",1000,10000,-1,0.268941421369995,0.609,0.592,0.643,6760,0.619378698224852
10,165,4,"large","high",1000,10000,-1,0.268941421369995,0.6104,0.592,0.643,6788,0.617118444313494
10,166,4,"large","high",1000,10000,-1,0.268941421369995,0.6133,0.592,0.643,6827,0.618133880181632
10,167,4,"large","high",1000,10000,-1,0.268941421369995,0.6141,0.592,0.643,6833,0.620957119859505
10,168,4,"large","high",1000,10000,-1,0.268941421369995,0.6135,0.592,0.643,6836,0.6214160327677
10,169,4,"large","high",1000,10000,-1,0.268941421369995,0.6118,0.592,0.643,6839,0.623190524930545
10,170,4,"large","high",1000,10000,-1,0.268941421369995,0.6127,0.592,0.643,6859,0.624726636535938
10,171,4,"large","high",1000,10000,-1,0.268941421369995,0.6088,0.592,0.627,6839,0.620558561193157
10,172,4,"large","high",1000,10000,-1,0.268941421369995,0.61,0.592,0.627,6829,0.62014936301069
10,173,4,"large","high",1000,10000,-1,0.268941421369995,0.6127,0.596,0.627,6827,0.625018309652849
10,174,4,"large","high",1000,10000,-1,0.268941421369995,0.6087,0.587,0.623,6801,0.620055874136156
10,175,4,"large","high",1000,10000,-1,0.268941421369995,0.6118,0.587,0.65,6773,0.627491510408977
10,176,4,"large","high",1000,10000,-1,0.268941421369995,0.6095,0.587,0.65,6763,0.625166346296023
10,177,4,"large","high",1000,10000,-1,0.268941421369995,0.6092,0.587,0.65,6745,0.625500370644922
10,178,4,"large","high",1000,10000,-1,0.268941421369995,0.6105,0.587,0.65,6729,0.625650170902066
10,179,4,"large","high",1000,10000,-1,0.268941421369995,0.6108,0.587,0.65,6708,0.622838401908169
10,180,4,"large","high",1000,10000,-1,0.268941421369995,0.6146,0.587,0.65,6685,0.628421839940165
10,181,4,"large","high",1000,10000,-1,0.268941421369995,0.6176,0.587,0.65,6678,0.632524707996406
10,182,4,"large","high",1000,10000,-1,0.268941421369995,0.6174,0.587,0.65,6665,0.632858214553638
10,183,4,"large","high",1000,10000,-1,0.268941421369995,0.6162,0.587,0.65,6674,0.6315552891819
10,184,4,"large","high",1000,10000,-1,0.268941421369995,0.6175,0.6,0.65,6739,0.630508977593115
10,185,4,"large","high",1000,10000,-1,0.268941421369995,0.614,0.6,0.649,6769,0.62416900576156
10,186,4,"large","high",1000,10000,-1,0.268941421369995,0.6157,0.6,0.649,6768,0.625443262411348
10,187,4,"large","high",1000,10000,-1,0.268941421369995,0.618,0.6,0.649,6807,0.626707800793301
10,188,4,"large","high",1000,10000,-1,0.268941421369995,0.6173,0.6,0.649,6798,0.626360694321859
10,189,4,"large","high",1000,10000,-1,0.268941421369995,0.6185,0.6,0.649,6800,0.628970588235294
10,190,4,"large","high",1000,10000,-1,0.268941421369995,0.6157,0.6,0.634,6759,0.624352714898654
10,191,4,"large","high",1000,10000,-1,0.268941421369995,0.6141,0.6,0.631,6776,0.622048406139315
10,192,4,"large","high",1000,10000,-1,0.268941421369995,0.6117,0.58,0.631,6757,0.619653692467071
10,193,4,"large","high",1000,10000,-1,0.268941421369995,0.6121,0.58,0.631,6743,0.619160611004004
10,194,4,"large","high",1000,10000,-1,0.268941421369995,0.6165,0.58,0.644,6733,0.62527847913263
10,195,4,"large","high",1000,10000,-1,0.268941421369995,0.6164,0.58,0.644,6717,0.625874646419532
10,196,4,"large","high",1000,10000,-1,0.268941421369995,0.6184,0.58,0.644,6716,0.631774865991662
10,197,4,"large","high",1000,10000,-1,0.268941421369995,0.6141,0.58,0.644,6703,0.630016410562435
10,198,4,"large","high",1000,10000,-1,0.268941421369995,0.6129,0.58,0.644,6687,0.628981606101391
10,199,4,"large","high",1000,10000,-1,0.268941421369995,0.6085,0.58,0.644,6670,0.626086956521739
10,200,4,"large","high",1000,10000,-1,0.268941421369995,0.6062,0.58,0.644,6688,0.623056220095694
10,201,4,"large","high",1000,10000,-1,0.268941421369995,0.6038,0.58,0.644,6670,0.620389805097451
10,202,4,"large","high",1000,10000,-1,0.268941421369995,0.6091,0.583,0.644,6694,0.628174484613086
10,203,4,"large","high",1000,10000,-1,0.268941421369995,0.6086,0.583,0.644,6691,0.625467045284711
10,204,4,"large","high",1000,10000,-1,0.268941421369995,0.6061,0.583,0.637,6674,0.625561881929877
10,205,4,"large","high",1000,10000,-1,0.268941421369995,0.6064,0.583,0.637,6678,0.628631326744534
10,206,4,"large","high",1000,10000,-1,0.268941421369995,0.6024,0.583,0.633,6665,0.622655663915979
10,207,4,"large","high",1000,10000,-1,0.268941421369995,0.6049,0.587,0.633,6650,0.623609022556391
10,208,4,"large","high",1000,10000,-1,0.268941421369995,0.6072,0.587,0.633,6687,0.625542096605354
10,209,4,"large","high",1000,10000,-1,0.268941421369995,0.6102,0.594,0.633,6695,0.624794622852875
10,210,4,"large","high",1000,10000,-1,0.268941421369995,0.6106,0.594,0.633,6716,0.625670041691483
10,211,4,"large","high",1000,10000,-1,0.268941421369995,0.61,0.588,0.633,6733,0.626615178969256
10,212,4,"large","high",1000,10000,-1,0.268941421369995,0.6063,0.588,0.619,6726,0.620725542670235
10,213,4,"large","high",1000,10000,-1,0.268941421369995,0.6076,0.588,0.619,6729,0.621934908604547
10,214,4,"large","high",1000,10000,-1,0.268941421369995,0.6055,0.588,0.619,6752,0.615817535545024
10,215,4,"large","high",1000,10000,-1,0.268941421369995,0.6043,0.588,0.619,6749,0.613127870795673
10,216,4,"large","high",1000,10000,-1,0.268941421369995,0.6064,0.588,0.619,6759,0.615327711199882
10,217,4,"large","high",1000,10000,-1,0.268941421369995,0.6064,0.588,0.619,6757,0.616397809678852
10,218,4,"large","high",1000,10000,-1,0.268941421369995,0.6055,0.588,0.619,6728,0.614149821640904
10,219,4,"large","high",1000,10000,-1,0.268941421369995,0.6029,0.588,0.619,6709,0.614994783127143
10,220,4,"large","high",1000,10000,-1,0.268941421369995,0.6054,0.588,0.627,6679,0.618356041323551
10,221,4,"large","high",1000,10000,-1,0.268941421369995,0.6069,0.591,0.627,6667,0.621568921553922
10,222,4,"large","high",1000,10000,-1,0.268941421369995,0.6064,0.591,0.627,6690,0.621823617339312
10,223,4,"large","high",1000,10000,-1,0.268941421369995,0.6043,0.591,0.627,6711,0.620622857994338
10,224,4,"large","high",1000,10000,-1,0.268941421369995,0.6069,0.591,0.627,6651,0.624868440835964
10,225,4,"large","high",1000,10000,-1,0.268941421369995,0.6086,0.591,0.627,6650,0.626015037593985
10,226,4,"large","high",1000,10000,-1,0.268941421369995,0.6077,0.591,0.627,6686,0.625186957822315
10,227,4,"large","high",1000,10000,-1,0.268941421369995,0.6055,0.586,0.627,6687,0.620756692089128
10,228,4,"large","high",1000,10000,-1,0.268941421369995,0.6062,0.586,0.627,6740,0.621661721068249
10,229,4,"large","high",1000,10000,-1,0.268941421369995,0.6066,0.586,0.627,6765,0.62069475240207
10,230,4,"large","high",1000,10000,-1,0.268941421369995,0.6014,0.575,0.624,6771,0.616304829419584
10,231,4,"large","high",1000,10000,-1,0.268941421369995,0.6038,0.575,0.627,6798,0.616799058546631
10,232,4,"large","high",1000,10000,-1,0.268941421369995,0.6047,0.575,0.627,6742,0.617027588252744
10,233,4,"large","high",1000,10000,-1,0.268941421369995,0.6037,0.575,0.627,6722,0.615441832787861
10,234,4,"large","high",1000,10000,-1,0.268941421369995,0.6042,0.575,0.629,6749,0.615202252185509
10,235,4,"large","high",1000,10000,-1,0.268941421369995,0.6036,0.575,0.629,6750,0.616
10,236,4,"large","high",1000,10000,-1,0.268941421369995,0.6054,0.575,0.629,6717,0.617239839213935
10,237,4,"large","high",1000,10000,-1,0.268941421369995,0.6102,0.575,0.634,6700,0.622388059701493
10,238,4,"large","high",1000,10000,-1,0.268941421369995,0.6101,0.575,0.634,6668,0.621175764847031
10,239,4,"large","high",1000,10000,-1,0.268941421369995,0.6129,0.575,0.634,6684,0.625673249551167
10,240,4,"large","high",1000,10000,-1,0.268941421369995,0.618,0.588,0.634,6708,0.630590339892665
10,241,4,"large","high",1000,10000,-1,0.268941421369995,0.6167,0.588,0.634,6713,0.62892894384031
10,242,4,"large","high",1000,10000,-1,0.268941421369995,0.6172,0.588,0.634,6768,0.629284869976359
10,243,4,"large","high",1000,10000,-1,0.268941421369995,0.6216,0.605,0.634,6763,0.636256099364187
10,244,4,"large","high",1000,10000,-1,0.268941421369995,0.6187,0.6,0.634,6791,0.632896480636136
10,245,4,"large","high",1000,10000,-1,0.268941421369995,0.6166,0.595,0.634,6760,0.628994082840237
10,246,4,"large","high",1000,10000,-1,0.268941421369995,0.6172,0.595,0.634,6759,0.629087143068501
10,247,4,"large","high",1000,10000,-1,0.268941421369995,0.6141,0.595,0.633,6795,0.626931567328918
10,248,4,"large","high",1000,10000,-1,0.268941421369995,0.6128,0.595,0.633,6780,0.628171091445428
10,249,4,"large","high",1000,10000,-1,0.268941421369995,0.6109,0.595,0.633,6765,0.624833702882483
10,250,4,"large","high",1000,10000,-1,0.268941421369995,0.6119,0.595,0.636,6762,0.625406684412896
10,251,4,"large","high",1000,10000,-1,0.268941421369995,0.6089,0.584,0.636,6759,0.621097795531883
10,252,4,"large","high",1000,10000,-1,0.268941421369995,0.6076,0.584,0.636,6723,0.621002528633051
10,253,4,"large","high",1000,10000,-1,0.268941421369995,0.6046,0.584,0.636,6737,0.618524565830488
10,254,4,"large","high",1000,10000,-1,0.268941421369995,0.6072,0.584,0.636,6723,0.622192473598096
10,255,4,"large","high",1000,10000,-1,0.268941421369995,0.6075,0.584,0.636,6745,0.624759080800593
10,256,4,"large","high",1000,10000,-1,0.268941421369995,0.6027,0.584,0.636,6746,0.620367625259413
10,257,4,"large","high",1000,10000,-1,0.268941421369995,0.6007,0.583,0.636,6749,0.616387612979701
10,258,4,"large","high",1000,10000,-1,0.268941421369995,0.6035,0.583,0.636,6724,0.617935752528257
10,259,4,"large","high",1000,10000,-1,0.268941421369995,0.6041,0.583,0.636,6737,0.619563603978032
10,260,4,"large","high",1000,10000,-1,0.268941421369995,0.5999,0.583,0.626,6719,0.615270129483554
10,261,4,"large","high",1000,10000,-1,0.268941421369995,0.6027,0.583,0.626,6715,0.617423678332092
10,262,4,"large","high",1000,10000,-1,0.268941421369995,0.6028,0.583,0.626,6727,0.616322283335811
10,263,4,"large","high",1000,10000,-1,0.268941421369995,0.6054,0.583,0.628,6743,0.61767759157645
10,264,4,"large","high",1000,10000,-1,0.268941421369995,0.605,0.583,0.628,6737,0.614962149324625
10,265,4,"large","high",1000,10000,-1,0.268941421369995,0.6054,0.583,0.628,6739,0.613147351239056
10,266,4,"large","high",1000,10000,-1,0.268941421369995,0.6091,0.583,0.628,6764,0.617534003548196
10,267,4,"large","high",1000,10000,-1,0.268941421369995,0.6126,0.593,0.628,6763,0.622652668933905
10,268,4,"large","high",1000,10000,-1,0.268941421369995,0.6095,0.593,0.628,6783,0.619637328615657
10,269,4,"large","high",1000,10000,-1,0.268941421369995,0.6065,0.58,0.628,6749,0.615943102681879
10,270,4,"large","high",1000,10000,-1,0.268941421369995,0.6083,0.58,0.628,6763,0.616442407215733
10,271,4,"large","high",1000,10000,-1,0.268941421369995,0.6081,0.58,0.628,6756,0.616785079928952
10,272,4,"large","high",1000,10000,-1,0.268941421369995,0.6057,0.569,0.628,6750,0.613333333333333
10,273,4,"large","high",1000,10000,-1,0.268941421369995,0.6009,0.569,0.622,6737,0.60902478848152
10,274,4,"large","high",1000,10000,-1,0.268941421369995,0.6003,0.569,0.622,6720,0.609077380952381
10,275,4,"large","high",1000,10000,-1,0.268941421369995,0.6008,0.569,0.622,6722,0.60963998809878
10,276,4,"large","high",1000,10000,-1,0.268941421369995,0.6023,0.569,0.637,6693,0.611534438966084
10,277,4,"large","high",1000,10000,-1,0.268941421369995,0.5993,0.569,0.637,6669,0.609986504723347
10,278,4,"large","high",1000,10000,-1,0.268941421369995,0.6,0.569,0.637,6671,0.611302653275371
10,279,4,"large","high",1000,10000,-1,0.268941421369995,0.603,0.569,0.637,6691,0.614407412942759
10,280,4,"large","high",1000,10000,-1,0.268941421369995,0.6,0.569,0.637,6683,0.613496932515337
10,281,4,"large","high",1000,10000,-1,0.268941421369995,0.6006,0.569,0.637,6675,0.614082397003745
10,282,4,"large","high",1000,10000,-1,0.268941421369995,0.6035,0.58,0.637,6646,0.618718025880229
10,283,4,"large","high",1000,10000,-1,0.268941421369995,0.6034,0.579,0.637,6616,0.616384522370012
10,284,4,"large","high",1000,10000,-1,0.268941421369995,0.6021,0.579,0.637,6644,0.615894039735099
10,285,4,"large","high",1000,10000,-1,0.268941421369995,0.6014,0.579,0.637,6620,0.617220543806646
10,286,4,"large","high",1000,10000,-1,0.268941421369995,0.5982,0.579,0.616,6648,0.61251504211793
10,287,4,"large","high",1000,10000,-1,0.268941421369995,0.599,0.579,0.616,6669,0.610136452241715
10,288,4,"large","high",1000,10000,-1,0.268941421369995,0.5987,0.579,0.616,6646,0.609690039121276
10,289,4,"large","high",1000,10000,-1,0.268941421369995,0.5977,0.579,0.616,6620,0.60619335347432
10,290,4,"large","high",1000,10000,-1,0.268941421369995,0.5996,0.579,0.616,6610,0.60590015128593
10,291,4,"large","high",1000,10000,-1,0.268941421369995,0.5979,0.579,0.605,6618,0.605923239649441
10,292,4,"large","high",1000,10000,-1,0.268941421369995,0.5978,0.579,0.605,6665,0.606001500375094
10,293,4,"large","high",1000,10000,-1,0.268941421369995,0.602,0.596,0.621,6698,0.613317408181547
10,294,4,"large","high",1000,10000,-1,0.268941421369995,0.6027,0.596,0.621,6691,0.613361231505007
10,295,4,"large","high",1000,10000,-1,0.268941421369995,0.6044,0.596,0.621,6716,0.614055985705777
10,296,4,"large","high",1000,10000,-1,0.268941421369995,0.6061,0.596,0.622,6728,0.617122473246136
10,297,4,"large","high",1000,10000,-1,0.268941421369995,0.6064,0.597,0.622,6715,0.619359642591214
10,298,4,"large","high",1000,10000,-1,0.268941421369995,0.6046,0.58,0.622,6752,0.618483412322275
10,299,4,"large","high",1000,10000,-1,0.268941421369995,0.6068,0.58,0.622,6771,0.622655442327574
10,300,4,"large","high",1000,10000,-1,0.268941421369995,0.6072,0.58,0.622,6779,0.622215666027438
11,1,6,"large","high",1000,10000,-1,0.268941421369995,0.6639,0.65,0.69,5726,0.690883688438701
11,2,6,"large","high",1000,10000,-1,0.268941421369995,0.6666,0.65,0.69,5760,0.694444444444444
11,3,6,"large","high",1000,10000,-1,0.268941421369995,0.6653,0.65,0.69,5748,0.689631176061239
11,4,6,"large","high",1000,10000,-1,0.268941421369995,0.6656,0.65,0.69,5754,0.687347931873479
11,5,6,"large","high",1000,10000,-1,0.268941421369995,0.6655,0.649,0.69,5741,0.687685072287058
11,6,6,"large","high",1000,10000,-1,0.268941421369995,0.6654,0.649,0.689,5745,0.689120974760661
11,7,6,"large","high",1000,10000,-1,0.268941421369995,0.667,0.649,0.689,5720,0.691258741258741
11,8,6,"large","high",1000,10000,-1,0.268941421369995,0.6686,0.649,0.689,5686,0.694512838550827
11,9,6,"large","high",1000,10000,-1,0.268941421369995,0.6681,0.649,0.689,5667,0.692253396859008
11,10,6,"large","high",1000,10000,-1,0.268941421369995,0.6682,0.649,0.689,5698,0.693050193050193
11,11,6,"large","high",1000,10000,-1,0.268941421369995,0.6695,0.649,0.689,5718,0.693424274221756
11,12,6,"large","high",1000,10000,-1,0.268941421369995,0.6697,0.649,0.689,5694,0.693537056550755
11,13,6,"large","high",1000,10000,-1,0.268941421369995,0.668,0.649,0.689,5724,0.696191474493361
11,14,6,"large","high",1000,10000,-1,0.268941421369995,0.6681,0.649,0.689,5732,0.698011165387299
11,15,6,"large","high",1000,10000,-1,0.268941421369995,0.6701,0.65,0.689,5736,0.700313807531381
11,16,6,"large","high",1000,10000,-1,0.268941421369995,0.6695,0.65,0.685,5751,0.698834985219962
11,17,6,"large","high",1000,10000,-1,0.268941421369995,0.6677,0.65,0.683,5784,0.697959889349931
11,18,6,"large","high",1000,10000,-1,0.268941421369995,0.6689,0.65,0.683,5797,0.696222183888218
11,19,6,"large","high",1000,10000,-1,0.268941421369995,0.6702,0.65,0.683,5836,0.700993831391364
11,20,6,"large","high",1000,10000,-1,0.268941421369995,0.6735,0.65,0.688,5855,0.702476515798463
11,21,6,"large","high",1000,10000,-1,0.268941421369995,0.671,0.65,0.688,5877,0.701037944529522
11,22,6,"large","high",1000,10000,-1,0.268941421369995,0.6661,0.63,0.688,5880,0.69421768707483
11,23,6,"large","high",1000,10000,-1,0.268941421369995,0.6681,0.63,0.688,5874,0.693224378617637
11,24,6,"large","high",1000,10000,-1,0.268941421369995,0.6672,0.63,0.688,5905,0.689754445385267
11,25,6,"large","high",1000,10000,-1,0.268941421369995,0.6684,0.63,0.688,5922,0.690982776089159
11,26,6,"large","high",1000,10000,-1,0.268941421369995,0.6679,0.63,0.688,5938,0.690804984843382
11,27,6,"large","high",1000,10000,-1,0.268941421369995,0.6662,0.63,0.688,5905,0.687891617273497
11,28,6,"large","high",1000,10000,-1,0.268941421369995,0.6636,0.63,0.688,5904,0.689193766937669
11,29,6,"large","high",1000,10000,-1,0.268941421369995,0.6636,0.63,0.688,5905,0.687891617273497
11,30,6,"large","high",1000,10000,-1,0.268941421369995,0.6589,0.63,0.681,5861,0.683159870329295
11,31,6,"large","high",1000,10000,-1,0.268941421369995,0.6593,0.63,0.681,5806,0.683258697898726
11,32,6,"large","high",1000,10000,-1,0.268941421369995,0.6657,0.641,0.694,5829,0.686738720192143
11,33,6,"large","high",1000,10000,-1,0.268941421369995,0.6654,0.641,0.694,5806,0.686875645883569
11,34,6,"large","high",1000,10000,-1,0.268941421369995,0.6676,0.641,0.694,5781,0.692094793288358
11,35,6,"large","high",1000,10000,-1,0.268941421369995,0.6687,0.641,0.694,5783,0.69254712087152
11,36,6,"large","high",1000,10000,-1,0.268941421369995,0.6669,0.641,0.694,5746,0.691611555864949
11,37,6,"large","high",1000,10000,-1,0.268941421369995,0.6685,0.641,0.694,5753,0.693029723622458
11,38,6,"large","high",1000,10000,-1,0.268941421369995,0.6718,0.641,0.694,5758,0.693643626259118
11,39,6,"large","high",1000,10000,-1,0.268941421369995,0.6727,0.641,0.694,5754,0.694299617657282
11,40,6,"large","high",1000,10000,-1,0.268941421369995,0.6743,0.656,0.694,5757,0.698454055931909
11,41,6,"large","high",1000,10000,-1,0.268941421369995,0.6746,0.657,0.694,5795,0.699223468507334
11,42,6,"large","high",1000,10000,-1,0.268941421369995,0.67,0.648,0.692,5758,0.696422368878083
11,43,6,"large","high",1000,10000,-1,0.268941421369995,0.6707,0.648,0.692,5731,0.697958471470947
11,44,6,"large","high",1000,10000,-1,0.268941421369995,0.6708,0.648,0.692,5739,0.695940059243771
11,45,6,"large","high",1000,10000,-1,0.268941421369995,0.6688,0.648,0.686,5749,0.693511915115672
11,46,6,"large","high",1000,10000,-1,0.268941421369995,0.6672,0.644,0.686,5766,0.693201526187999
11,47,6,"large","high",1000,10000,-1,0.268941421369995,0.6676,0.644,0.686,5772,0.694040194040194
11,48,6,"large","high",1000,10000,-1,0.268941421369995,0.6649,0.644,0.685,5765,0.69071986123157
11,49,6,"large","high",1000,10000,-1,0.268941421369995,0.6621,0.644,0.681,5742,0.687042842215256
11,50,6,"large","high",1000,10000,-1,0.268941421369995,0.6608,0.644,0.681,5751,0.685446009389671
11,51,6,"large","high",1000,10000,-1,0.268941421369995,0.6608,0.644,0.681,5706,0.682614791447599
11,52,6,"large","high",1000,10000,-1,0.268941421369995,0.6631,0.644,0.681,5706,0.686996144409394
11,53,6,"large","high",1000,10000,-1,0.268941421369995,0.6628,0.644,0.681,5738,0.688915998605786
11,54,6,"large","high",1000,10000,-1,0.268941421369995,0.6617,0.644,0.672,5717,0.687248556935456
11,55,6,"large","high",1000,10000,-1,0.268941421369995,0.6609,0.644,0.671,5673,0.683412656442799
11,56,6,"large","high",1000,10000,-1,0.268941421369995,0.6614,0.644,0.671,5686,0.680619064368625
11,57,6,"large","high",1000,10000,-1,0.268941421369995,0.6609,0.644,0.671,5657,0.680219197454481
11,58,6,"large","high",1000,10000,-1,0.268941421369995,0.6616,0.644,0.671,5690,0.68066783831283
11,59,6,"large","high",1000,10000,-1,0.268941421369995,0.6615,0.644,0.671,5696,0.682057584269663
11,60,6,"large","high",1000,10000,-1,0.268941421369995,0.6652,0.649,0.681,5718,0.686603707590067
11,61,6,"large","high",1000,10000,-1,0.268941421369995,0.6656,0.649,0.681,5742,0.687565308254963
11,62,6,"large","high",1000,10000,-1,0.268941421369995,0.6653,0.649,0.681,5750,0.687478260869565
11,63,6,"large","high",1000,10000,-1,0.268941421369995,0.6659,0.649,0.681,5763,0.686274509803922
11,64,6,"large","high",1000,10000,-1,0.268941421369995,0.662,0.631,0.681,5758,0.686696769711705
11,65,6,"large","high",1000,10000,-1,0.268941421369995,0.6661,0.631,0.705,5802,0.692175112030334
11,66,6,"large","high",1000,10000,-1,0.268941421369995,0.6675,0.631,0.705,5772,0.694559944559945
11,67,6,"large","high",1000,10000,-1,0.268941421369995,0.6673,0.631,0.705,5781,0.692959695554402
11,68,6,"large","high",1000,10000,-1,0.268941421369995,0.6678,0.631,0.705,5758,0.693469954845432
11,69,6,"large","high",1000,10000,-1,0.268941421369995,0.6657,0.631,0.705,5756,0.691104933981932
11,70,6,"large","high",1000,10000,-1,0.268941421369995,0.6639,0.631,0.705,5750,0.685391304347826
11,71,6,"large","high",1000,10000,-1,0.268941421369995,0.6642,0.631,0.705,5742,0.68425635667015
11,72,6,"large","high",1000,10000,-1,0.268941421369995,0.6622,0.631,0.705,5731,0.681905426627116
11,73,6,"large","high",1000,10000,-1,0.268941421369995,0.6607,0.631,0.705,5718,0.680832458901714
11,74,6,"large","high",1000,10000,-1,0.268941421369995,0.6625,0.635,0.705,5755,0.680973066898349
11,75,6,"large","high",1000,10000,-1,0.268941421369995,0.6603,0.635,0.683,5748,0.67919276270007
11,76,6,"large","high",1000,10000,-1,0.268941421369995,0.6616,0.635,0.683,5761,0.683214719666725
11,77,6,"large","high",1000,10000,-1,0.268941421369995,0.6606,0.635,0.683,5763,0.684192260975186
11,78,6,"large","high",1000,10000,-1,0.268941421369995,0.6603,0.635,0.683,5763,0.684886343918098
11,79,6,"large","high",1000,10000,-1,0.268941421369995,0.6609,0.641,0.683,5762,0.685178757375911
11,80,6,"large","high",1000,10000,-1,0.268941421369995,0.6644,0.641,0.698,5738,0.690484489369118
11,81,6,"large","high",1000,10000,-1,0.268941421369995,0.6657,0.641,0.698,5764,0.696044413601665
11,82,6,"large","high",1000,10000,-1,0.268941421369995,0.6673,0.641,0.698,5760,0.696527777777778
11,83,6,"large","high",1000,10000,-1,0.268941421369995,0.669,0.641,0.698,5781,0.698149109150666
11,84,6,"large","high",1000,10000,-1,0.268941421369995,0.6702,0.641,0.698,5768,0.700589459084605
11,85,6,"large","high",1000,10000,-1,0.268941421369995,0.6674,0.641,0.698,5743,0.698589587323698
11,86,6,"large","high",1000,10000,-1,0.268941421369995,0.6662,0.641,0.698,5743,0.696500087062511
11,87,6,"large","high",1000,10000,-1,0.268941421369995,0.6666,0.641,0.698,5726,0.696472231924555
11,88,6,"large","high",1000,10000,-1,0.268941421369995,0.6644,0.641,0.698,5704,0.694600280504909
11,89,6,"large","high",1000,10000,-1,0.268941421369995,0.6656,0.646,0.698,5707,0.696863500963729
11,90,6,"large","high",1000,10000,-1,0.268941421369995,0.6611,0.646,0.679,5695,0.68972783143108
11,91,6,"large","high",1000,10000,-1,0.268941421369995,0.6593,0.646,0.679,5697,0.685624012638231
11,92,6,"large","high",1000,10000,-1,0.268941421369995,0.6598,0.646,0.679,5703,0.686831492197089
11,93,6,"large","high",1000,10000,-1,0.268941421369995,0.6594,0.646,0.675,5668,0.684368383909668
11,94,6,"large","high",1000,10000,-1,0.268941421369995,0.6585,0.646,0.675,5675,0.679647577092511
11,95,6,"large","high",1000,10000,-1,0.268941421369995,0.66,0.646,0.675,5700,0.680701754385965
11,96,6,"large","high",1000,10000,-1,0.268941421369995,0.6591,0.646,0.675,5645,0.68237378210806
11,97,6,"large","high",1000,10000,-1,0.268941421369995,0.6593,0.646,0.675,5642,0.683091102445941
11,98,6,"large","high",1000,10000,-1,0.268941421369995,0.6626,0.652,0.679,5678,0.685276505811906
11,99,6,"large","high",1000,10000,-1,0.268941421369995,0.6626,0.652,0.679,5683,0.684849551293331
11,100,6,"large","high",1000,10000,-1,0.268941421369995,0.6632,0.652,0.679,5692,0.689564300773015
11,101,6,"large","high",1000,10000,-1,0.268941421369995,0.6641,0.652,0.679,5679,0.693079767564712
11,102,6,"large","high",1000,10000,-1,0.268941421369995,0.6656,0.652,0.684,5685,0.694283201407212
11,103,6,"large","high",1000,10000,-1,0.268941421369995,0.6607,0.626,0.684,5715,0.690463692038495
11,104,6,"large","high",1000,10000,-1,0.268941421369995,0.6613,0.626,0.684,5729,0.694187467271775
11,105,6,"large","high",1000,10000,-1,0.268941421369995,0.6605,0.626,0.684,5699,0.692226706439726
11,106,6,"large","high",1000,10000,-1,0.268941421369995,0.6605,0.626,0.684,5742,0.685997910135841
11,107,6,"large","high",1000,10000,-1,0.268941421369995,0.6604,0.626,0.684,5759,0.684667476992533
11,108,6,"large","high",1000,10000,-1,0.268941421369995,0.6604,0.626,0.684,5747,0.685575082651818
11,109,6,"large","high",1000,10000,-1,0.268941421369995,0.6618,0.626,0.684,5757,0.686468646864686
11,110,6,"large","high",1000,10000,-1,0.268941421369995,0.6646,0.626,0.687,5775,0.687272727272727
11,111,6,"large","high",1000,10000,-1,0.268941421369995,0.6637,0.626,0.687,5760,0.683506944444444
11,112,6,"large","high",1000,10000,-1,0.268941421369995,0.6621,0.626,0.687,5768,0.684119278779473
11,113,6,"large","high",1000,10000,-1,0.268941421369995,0.6668,0.655,0.687,5751,0.689271431055469
11,114,6,"large","high",1000,10000,-1,0.268941421369995,0.6671,0.655,0.687,5746,0.68795683954055
11,115,6,"large","high",1000,10000,-1,0.268941421369995,0.6691,0.655,0.687,5776,0.693040166204986
11,116,6,"large","high",1000,10000,-1,0.268941421369995,0.6682,0.646,0.687,5797,0.694324650681387
11,117,6,"large","high",1000,10000,-1,0.268941421369995,0.6661,0.637,0.687,5830,0.695197255574614
11,118,6,"large","high",1000,10000,-1,0.268941421369995,0.6639,0.637,0.687,5822,0.692030230161457
11,119,6,"large","high",1000,10000,-1,0.268941421369995,0.6644,0.637,0.687,5850,0.691623931623932
11,120,6,"large","high",1000,10000,-1,0.268941421369995,0.661,0.637,0.682,5815,0.687360275150473
11,121,6,"large","high",1000,10000,-1,0.268941421369995,0.6614,0.637,0.682,5843,0.688173883279137
11,122,6,"large","high",1000,10000,-1,0.268941421369995,0.6618,0.637,0.682,5822,0.68722088629337
11,123,6,"large","high",1000,10000,-1,0.268941421369995,0.662,0.637,0.682,5811,0.688693856479091
11,124,6,"large","high",1000,10000,-1,0.268941421369995,0.6613,0.637,0.682,5781,0.686905379692095
11,125,6,"large","high",1000,10000,-1,0.268941421369995,0.6597,0.637,0.675,5776,0.68334487534626
11,126,6,"large","high",1000,10000,-1,0.268941421369995,0.6589,0.637,0.675,5740,0.682578397212544
11,127,6,"large","high",1000,10000,-1,0.268941421369995,0.662,0.638,0.675,5707,0.683371298405467
11,128,6,"large","high",1000,10000,-1,0.268941421369995,0.6624,0.638,0.675,5688,0.687763713080169
11,129,6,"large","high",1000,10000,-1,0.268941421369995,0.6616,0.638,0.675,5623,0.688244709229948
11,130,6,"large","high",1000,10000,-1,0.268941421369995,0.6615,0.638,0.675,5640,0.689539007092199
11,131,6,"large","high",1000,10000,-1,0.268941421369995,0.6595,0.638,0.675,5639,0.689483951055152
11,132,6,"large","high",1000,10000,-1,0.268941421369995,0.6601,0.638,0.678,5672,0.687235543018336
11,133,6,"large","high",1000,10000,-1,0.268941421369995,0.6592,0.638,0.678,5653,0.685653635237927
11,134,6,"large","high",1000,10000,-1,0.268941421369995,0.661,0.638,0.678,5661,0.690690690690691
11,135,6,"large","high",1000,10000,-1,0.268941421369995,0.6609,0.638,0.678,5659,0.69075808446722
11,136,6,"large","high",1000,10000,-1,0.268941421369995,0.6633,0.645,0.678,5709,0.69364161849711
11,137,6,"large","high",1000,10000,-1,0.268941421369995,0.6616,0.645,0.678,5724,0.689902166317261
11,138,6,"large","high",1000,10000,-1,0.268941421369995,0.6613,0.645,0.678,5739,0.686879247255619
11,139,6,"large","high",1000,10000,-1,0.268941421369995,0.6628,0.645,0.679,5765,0.688638334778838
11,140,6,"large","high",1000,10000,-1,0.268941421369995,0.6639,0.645,0.679,5770,0.690467937608319
11,141,6,"large","high",1000,10000,-1,0.268941421369995,0.6647,0.651,0.679,5780,0.689446366782007
11,142,6,"large","high",1000,10000,-1,0.268941421369995,0.6638,0.651,0.679,5760,0.691840277777778
11,143,6,"large","high",1000,10000,-1,0.268941421369995,0.6624,0.651,0.679,5763,0.688183237896929
11,144,6,"large","high",1000,10000,-1,0.268941421369995,0.6609,0.651,0.679,5758,0.685133726988538
11,145,6,"large","high",1000,10000,-1,0.268941421369995,0.6629,0.651,0.685,5756,0.687977762334955
11,146,6,"large","high",1000,10000,-1,0.268941421369995,0.6643,0.651,0.685,5722,0.689269486193639
11,147,6,"large","high",1000,10000,-1,0.268941421369995,0.6641,0.649,0.685,5702,0.690810242020344
11,148,6,"large","high",1000,10000,-1,0.268941421369995,0.6617,0.634,0.685,5693,0.69014579307922
11,149,6,"large","high",1000,10000,-1,0.268941421369995,0.662,0.634,0.685,5662,0.692158247968916
11,150,6,"large","high",1000,10000,-1,0.268941421369995,0.6614,0.634,0.685,5666,0.691316625485351
11,151,6,"large","high",1000,10000,-1,0.268941421369995,0.6647,0.634,0.686,5651,0.695629092196071
11,152,6,"large","high",1000,10000,-1,0.268941421369995,0.6658,0.634,0.686,5667,0.696311981648138
11,153,6,"large","high",1000,10000,-1,0.268941421369995,0.668,0.634,0.686,5700,0.699473684210526
11,154,6,"large","high",1000,10000,-1,0.268941421369995,0.6672,0.634,0.686,5728,0.697451117318436
11,155,6,"large","high",1000,10000,-1,0.268941421369995,0.6644,0.634,0.686,5693,0.692780607763921
11,156,6,"large","high",1000,10000,-1,0.268941421369995,0.6623,0.634,0.686,5705,0.689921121822962
11,157,6,"large","high",1000,10000,-1,0.268941421369995,0.6628,0.634,0.686,5734,0.692361353331008
11,158,6,"large","high",1000,10000,-1,0.268941421369995,0.6647,0.649,0.686,5760,0.691319444444444
11,159,6,"large","high",1000,10000,-1,0.268941421369995,0.6607,0.642,0.686,5760,0.684375
11,160,6,"large","high",1000,10000,-1,0.268941421369995,0.66,0.642,0.686,5780,0.684083044982699
11,161,6,"large","high",1000,10000,-1,0.268941421369995,0.6602,0.642,0.688,5759,0.683451988192394
11,162,6,"large","high",1000,10000,-1,0.268941421369995,0.6604,0.642,0.688,5762,0.68535230822631
11,163,6,"large","high",1000,10000,-1,0.268941421369995,0.6612,0.642,0.688,5770,0.688041594454073
11,164,6,"large","high",1000,10000,-1,0.268941421369995,0.6606,0.642,0.688,5712,0.686624649859944
11,165,6,"large","high",1000,10000,-1,0.268941421369995,0.6623,0.642,0.688,5748,0.689805149617258
11,166,6,"large","high",1000,10000,-1,0.268941421369995,0.665,0.642,0.688,5750,0.69095652173913
11,167,6,"large","high",1000,10000,-1,0.268941421369995,0.6648,0.642,0.688,5724,0.690775681341719
11,168,6,"large","high",1000,10000,-1,0.268941421369995,0.6656,0.642,0.688,5703,0.692968613010696
11,169,6,"large","high",1000,10000,-1,0.268941421369995,0.6648,0.634,0.688,5707,0.692833362537235
11,170,6,"large","high",1000,10000,-1,0.268941421369995,0.6666,0.634,0.688,5688,0.694796061884669
11,171,6,"large","high",1000,10000,-1,0.268941421369995,0.6646,0.634,0.682,5714,0.694784739236962
11,172,6,"large","high",1000,10000,-1,0.268941421369995,0.6647,0.634,0.683,5686,0.691523039043264
11,173,6,"large","high",1000,10000,-1,0.268941421369995,0.6626,0.634,0.683,5662,0.687919463087248
11,174,6,"large","high",1000,10000,-1,0.268941421369995,0.668,0.634,0.697,5691,0.696186961869619
11,175,6,"large","high",1000,10000,-1,0.268941421369995,0.6687,0.634,0.697,5676,0.694679351656096
11,176,6,"large","high",1000,10000,-1,0.268941421369995,0.6656,0.634,0.697,5655,0.692307692307692
11,177,6,"large","high",1000,10000,-1,0.268941421369995,0.6689,0.634,0.697,5666,0.695552417931521
11,178,6,"large","high",1000,10000,-1,0.268941421369995,0.6674,0.634,0.697,5671,0.693704813965791
11,179,6,"large","high",1000,10000,-1,0.268941421369995,0.6708,0.646,0.697,5677,0.697023075568082
11,180,6,"large","high",1000,10000,-1,0.268941421369995,0.6684,0.644,0.697,5672,0.694111424541608
11,181,6,"large","high",1000,10000,-1,0.268941421369995,0.6659,0.643,0.697,5678,0.688094399436421
11,182,6,"large","high",1000,10000,-1,0.268941421369995,0.6664,0.643,0.697,5663,0.690270174819001
11,183,6,"large","high",1000,10000,-1,0.268941421369995,0.6661,0.643,0.697,5666,0.68937522061419
11,184,6,"large","high",1000,10000,-1,0.268941421369995,0.6619,0.643,0.688,5665,0.684730803177405
11,185,6,"large","high",1000,10000,-1,0.268941421369995,0.66,0.643,0.688,5660,0.686219081272085
11,186,6,"large","high",1000,10000,-1,0.268941421369995,0.6622,0.643,0.688,5674,0.688755727881565
11,187,6,"large","high",1000,10000,-1,0.268941421369995,0.66,0.643,0.688,5675,0.683171806167401
11,188,6,"large","high",1000,10000,-1,0.268941421369995,0.6621,0.643,0.688,5688,0.686884669479606
11,189,6,"large","high",1000,10000,-1,0.268941421369995,0.6636,0.643,0.688,5704,0.690918653576438
11,190,6,"large","high",1000,10000,-1,0.268941421369995,0.6675,0.643,0.688,5727,0.694953727955299
11,191,6,"large","high",1000,10000,-1,0.268941421369995,0.6711,0.655,0.688,5728,0.700069832402235
11,192,6,"large","high",1000,10000,-1,0.268941421369995,0.669,0.655,0.683,5784,0.698824343015214
11,193,6,"large","high",1000,10000,-1,0.268941421369995,0.6709,0.655,0.683,5791,0.700915213261958
11,194,6,"large","high",1000,10000,-1,0.268941421369995,0.6748,0.662,0.694,5805,0.70473729543497
11,195,6,"large","high",1000,10000,-1,0.268941421369995,0.6738,0.652,0.694,5816,0.700137551581843
11,196,6,"large","high",1000,10000,-1,0.268941421369995,0.6713,0.648,0.694,5772,0.699237699237699
11,197,6,"large","high",1000,10000,-1,0.268941421369995,0.6734,0.648,0.694,5763,0.702411938226618
11,198,6,"large","high",1000,10000,-1,0.268941421369995,0.6764,0.648,0.697,5725,0.704279475982533
11,199,6,"large","high",1000,10000,-1,0.268941421369995,0.6738,0.648,0.697,5697,0.699139898192031
11,200,6,"large","high",1000,10000,-1,0.268941421369995,0.6705,0.648,0.697,5692,0.693956430077301
11,201,6,"large","high",1000,10000,-1,0.268941421369995,0.6728,0.648,0.702,5657,0.697719639384833
11,202,6,"large","high",1000,10000,-1,0.268941421369995,0.6735,0.648,0.702,5592,0.697067238912732
11,203,6,"large","high",1000,10000,-1,0.268941421369995,0.6713,0.648,0.702,5618,0.697223211107156
11,204,6,"large","high",1000,10000,-1,0.268941421369995,0.6683,0.648,0.702,5614,0.692376202351265
11,205,6,"large","high",1000,10000,-1,0.268941421369995,0.6708,0.648,0.702,5614,0.697719985749911
11,206,6,"large","high",1000,10000,-1,0.268941421369995,0.6701,0.641,0.702,5673,0.693460250308479
11,207,6,"large","high",1000,10000,-1,0.268941421369995,0.6679,0.641,0.702,5683,0.692240014077072
11,208,6,"large","high",1000,10000,-1,0.268941421369995,0.6662,0.641,0.702,5685,0.691820580474934
11,209,6,"large","high",1000,10000,-1,0.268941421369995,0.6698,0.641,0.702,5738,0.696409898919484
11,210,6,"large","high",1000,10000,-1,0.268941421369995,0.6686,0.638,0.702,5729,0.694536568336533
11,211,6,"large","high",1000,10000,-1,0.268941421369995,0.6645,0.638,0.693,5740,0.688327526132404
11,212,6,"large","high",1000,10000,-1,0.268941421369995,0.6629,0.638,0.693,5751,0.688228134237524
11,213,6,"large","high",1000,10000,-1,0.268941421369995,0.6643,0.638,0.693,5730,0.68760907504363
11,214,6,"large","high",1000,10000,-1,0.268941421369995,0.6648,0.638,0.693,5759,0.689182149678764
11,215,6,"large","high",1000,10000,-1,0.268941421369995,0.6649,0.638,0.693,5763,0.686795072011105
11,216,6,"large","high",1000,10000,-1,0.268941421369995,0.6687,0.638,0.693,5760,0.694965277777778
11,217,6,"large","high",1000,10000,-1,0.268941421369995,0.6701,0.638,0.693,5758,0.696769711705453
11,218,6,"large","high",1000,10000,-1,0.268941421369995,0.6691,0.638,0.693,5796,0.694616977225673
11,219,6,"large","high",1000,10000,-1,0.268941421369995,0.6649,0.638,0.679,5760,0.689930555555556
11,220,6,"large","high",1000,10000,-1,0.268941421369995,0.6681,0.651,0.679,5760,0.697743055555556
11,221,6,"large","high",1000,10000,-1,0.268941421369995,0.6676,0.651,0.679,5762,0.698542172856647
11,222,6,"large","high",1000,10000,-1,0.268941421369995,0.6706,0.651,0.688,5807,0.700878250387463
11,223,6,"large","high",1000,10000,-1,0.268941421369995,0.6693,0.651,0.688,5802,0.698552223371251
11,224,6,"large","high",1000,10000,-1,0.268941421369995,0.6685,0.651,0.688,5789,0.69735705648644
11,225,6,"large","high",1000,10000,-1,0.268941421369995,0.6657,0.65,0.688,5804,0.698311509303928
11,226,6,"large","high",1000,10000,-1,0.268941421369995,0.6673,0.65,0.695,5804,0.699689869055824
11,227,6,"large","high",1000,10000,-1,0.268941421369995,0.6648,0.65,0.695,5807,0.697261925262614
11,228,6,"large","high",1000,10000,-1,0.268941421369995,0.6629,0.65,0.695,5801,0.695914497500431
11,229,6,"large","high",1000,10000,-1,0.268941421369995,0.6647,0.65,0.695,5776,0.698060941828255
11,230,6,"large","high",1000,10000,-1,0.268941421369995,0.6598,0.621,0.695,5759,0.691786768536204
11,231,6,"large","high",1000,10000,-1,0.268941421369995,0.6615,0.621,0.695,5760,0.691666666666667
11,232,6,"large","high",1000,10000,-1,0.268941421369995,0.6599,0.621,0.695,5758,0.6891281695033
11,233,6,"large","high",1000,10000,-1,0.268941421369995,0.6569,0.621,0.695,5775,0.689004329004329
11,234,6,"large","high",1000,10000,-1,0.268941421369995,0.6577,0.621,0.695,5736,0.691073919107392
11,235,6,"large","high",1000,10000,-1,0.268941421369995,0.6563,0.621,0.695,5720,0.687762237762238
11,236,6,"large","high",1000,10000,-1,0.268941421369995,0.6531,0.621,0.673,5706,0.683841570276902
11,237,6,"large","high",1000,10000,-1,0.268941421369995,0.6552,0.621,0.673,5697,0.683868702826049
11,238,6,"large","high",1000,10000,-1,0.268941421369995,0.6562,0.621,0.673,5665,0.682965578111209
11,239,6,"large","high",1000,10000,-1,0.268941421369995,0.6582,0.621,0.689,5690,0.684710017574692
11,240,6,"large","high",1000,10000,-1,0.268941421369995,0.6643,0.626,0.689,5691,0.686874011597259
11,241,6,"large","high",1000,10000,-1,0.268941421369995,0.6659,0.626,0.689,5699,0.689419196350237
11,242,6,"large","high",1000,10000,-1,0.268941421369995,0.6639,0.626,0.689,5662,0.689155775344401
11,243,6,"large","high",1000,10000,-1,0.268941421369995,0.67,0.636,0.689,5632,0.693181818181818
11,244,6,"large","high",1000,10000,-1,0.268941421369995,0.6694,0.636,0.689,5637,0.690615575660812
11,245,6,"large","high",1000,10000,-1,0.268941421369995,0.6727,0.652,0.689,5610,0.693048128342246
11,246,6,"large","high",1000,10000,-1,0.268941421369995,0.6737,0.652,0.689,5631,0.693304919197301
11,247,6,"large","high",1000,10000,-1,0.268941421369995,0.6718,0.652,0.689,5650,0.692212389380531
11,248,6,"large","high",1000,10000,-1,0.268941421369995,0.672,0.652,0.689,5709,0.695042914696094
11,249,6,"large","high",1000,10000,-1,0.268941421369995,0.6719,0.652,0.689,5713,0.694031157010327
11,250,6,"large","high",1000,10000,-1,0.268941421369995,0.6717,0.652,0.689,5718,0.696572228051766
11,251,6,"large","high",1000,10000,-1,0.268941421369995,0.6718,0.652,0.69,5704,0.695126227208976
11,252,6,"large","high",1000,10000,-1,0.268941421369995,0.671,0.644,0.69,5714,0.692334616730837
11,253,6,"large","high",1000,10000,-1,0.268941421369995,0.6684,0.644,0.69,5704,0.69249649368864
11,254,6,"large","high",1000,10000,-1,0.268941421369995,0.6697,0.644,0.69,5710,0.695271453590193
11,255,6,"large","high",1000,10000,-1,0.268941421369995,0.6688,0.644,0.69,5717,0.692146230540493
11,256,6,"large","high",1000,10000,-1,0.268941421369995,0.6679,0.644,0.69,5682,0.689545934530095
11,257,6,"large","high",1000,10000,-1,0.268941421369995,0.6712,0.644,0.69,5668,0.69530698659139
11,258,6,"large","high",1000,10000,-1,0.268941421369995,0.6725,0.644,0.69,5627,0.694864048338369
11,259,6,"large","high",1000,10000,-1,0.268941421369995,0.67,0.644,0.69,5623,0.693046416503646
11,260,6,"large","high",1000,10000,-1,0.268941421369995,0.6701,0.644,0.69,5620,0.69270462633452
11,261,6,"large","high",1000,10000,-1,0.268941421369995,0.6694,0.644,0.686,5613,0.691965081061821
11,262,6,"large","high",1000,10000,-1,0.268941421369995,0.6711,0.66,0.686,5607,0.699304440877475
11,263,6,"large","high",1000,10000,-1,0.268941421369995,0.67,0.65,0.686,5592,0.699749642346209
11,264,6,"large","high",1000,10000,-1,0.268941421369995,0.6701,0.65,0.686,5612,0.700463292943692
11,265,6,"large","high",1000,10000,-1,0.268941421369995,0.6732,0.65,0.691,5643,0.705121389331916
11,266,6,"large","high",1000,10000,-1,0.268941421369995,0.676,0.65,0.692,5683,0.709484427239134
11,267,6,"large","high",1000,10000,-1,0.268941421369995,0.6742,0.65,0.692,5711,0.706881456837682
11,268,6,"large","high",1000,10000,-1,0.268941421369995,0.6731,0.65,0.692,5713,0.704883598809732
11,269,6,"large","high",1000,10000,-1,0.268941421369995,0.6724,0.65,0.692,5745,0.702872062663185
11,270,6,"large","high",1000,10000,-1,0.268941421369995,0.6719,0.65,0.692,5755,0.701650738488271
11,271,6,"large","high",1000,10000,-1,0.268941421369995,0.6726,0.65,0.692,5778,0.704915195569401
11,272,6,"large","high",1000,10000,-1,0.268941421369995,0.6736,0.65,0.692,5778,0.701626860505365
11,273,6,"large","high",1000,10000,-1,0.268941421369995,0.6758,0.656,0.692,5813,0.69929468432823
11,274,6,"large","high",1000,10000,-1,0.268941421369995,0.6726,0.645,0.692,5801,0.69384588863989
11,275,6,"large","high",1000,10000,-1,0.268941421369995,0.6692,0.645,0.692,5811,0.691619342626054
11,276,6,"large","high",1000,10000,-1,0.268941421369995,0.6666,0.645,0.69,5799,0.68753233316089
11,277,6,"large","high",1000,10000,-1,0.268941421369995,0.6663,0.645,0.69,5756,0.687630298818624
11,278,6,"large","high",1000,10000,-1,0.268941421369995,0.6664,0.645,0.69,5777,0.685823091570019
11,279,6,"large","high",1000,10000,-1,0.268941421369995,0.6672,0.645,0.69,5778,0.688300449982693
11,280,6,"large","high",1000,10000,-1,0.268941421369995,0.6645,0.645,0.69,5777,0.685649991344989
11,281,6,"large","high",1000,10000,-1,0.268941421369995,0.662,0.645,0.672,5764,0.683553088133241
11,282,6,"large","high",1000,10000,-1,0.268941421369995,0.6636,0.645,0.687,5756,0.686587908269632
11,283,6,"large","high",1000,10000,-1,0.268941421369995,0.662,0.645,0.687,5764,0.686675919500347
11,284,6,"large","high",1000,10000,-1,0.268941421369995,0.6651,0.649,0.687,5754,0.68978102189781
11,285,6,"large","high",1000,10000,-1,0.268941421369995,0.6652,0.649,0.687,5753,0.690074743612028
11,286,6,"large","high",1000,10000,-1,0.268941421369995,0.6669,0.649,0.687,5764,0.691707147814018
11,287,6,"large","high",1000,10000,-1,0.268941421369995,0.6665,0.649,0.687,5797,0.689839572192513
11,288,6,"large","high",1000,10000,-1,0.268941421369995,0.6664,0.649,0.687,5788,0.691257774706289
11,289,6,"large","high",1000,10000,-1,0.268941421369995,0.668,0.649,0.687,5795,0.690940465918896
11,290,6,"large","high",1000,10000,-1,0.268941421369995,0.6697,0.656,0.687,5804,0.693142660234321
11,291,6,"large","high",1000,10000,-1,0.268941421369995,0.6693,0.656,0.687,5821,0.689915822023707
11,292,6,"large","high",1000,10000,-1,0.268941421369995,0.6673,0.656,0.683,5809,0.686348769151317
11,293,6,"large","high",1000,10000,-1,0.268941421369995,0.6666,0.649,0.683,5788,0.683310297166551
11,294,6,"large","high",1000,10000,-1,0.268941421369995,0.6649,0.649,0.683,5827,0.682684056976146
11,295,6,"large","high",1000,10000,-1,0.268941421369995,0.6679,0.649,0.688,5815,0.682545141874463
11,296,6,"large","high",1000,10000,-1,0.268941421369995,0.6644,0.648,0.688,5810,0.67986230636833
11,297,6,"large","high",1000,10000,-1,0.268941421369995,0.6658,0.648,0.688,5813,0.679167383450886
11,298,6,"large","high",1000,10000,-1,0.268941421369995,0.6644,0.648,0.688,5793,0.679268082168134
11,299,6,"large","high",1000,10000,-1,0.268941421369995,0.661,0.646,0.688,5749,0.68011828144025
11,300,6,"large","high",1000,10000,-1,0.268941421369995,0.6596,0.646,0.688,5712,0.679446778711485
12,1,8,"large","high",1000,10000,-1,0.268941421369995,0.7047,0.686,0.719,4939,0.746304920024296
12,2,8,"large","high",1000,10000,-1,0.268941421369995,0.7045,0.686,0.719,4956,0.746166263115416
12,3,8,"large","high",1000,10000,-1,0.268941421369995,0.705,0.686,0.724,4957,0.743998386120638
12,4,8,"large","high",1000,10000,-1,0.268941421369995,0.7034,0.686,0.724,4958,0.740016135538524
12,5,8,"large","high",1000,10000,-1,0.268941421369995,0.7044,0.686,0.724,4931,0.745284932062462
12,6,8,"large","high",1000,10000,-1,0.268941421369995,0.7062,0.686,0.724,4974,0.745476477683957
12,7,8,"large","high",1000,10000,-1,0.268941421369995,0.704,0.686,0.724,4989,0.742232912407296
12,8,8,"large","high",1000,10000,-1,0.268941421369995,0.7055,0.686,0.724,4980,0.735341365461847
12,9,8,"large","high",1000,10000,-1,0.268941421369995,0.7085,0.692,0.724,5001,0.7374525094981
12,10,8,"large","high",1000,10000,-1,0.268941421369995,0.7078,0.692,0.724,5005,0.736663336663337
12,11,8,"large","high",1000,10000,-1,0.268941421369995,0.7066,0.692,0.724,5045,0.734786917740337
12,12,8,"large","high",1000,10000,-1,0.268941421369995,0.7057,0.687,0.724,5008,0.736621405750799
12,13,8,"large","high",1000,10000,-1,0.268941421369995,0.7058,0.687,0.725,5011,0.741768110157653
12,14,8,"large","high",1000,10000,-1,0.268941421369995,0.7061,0.687,0.725,5007,0.74216097463551
12,15,8,"large","high",1000,10000,-1,0.268941421369995,0.7065,0.687,0.725,5004,0.741007194244604
12,16,8,"large","high",1000,10000,-1,0.268941421369995,0.7048,0.687,0.725,4996,0.740592473979183
12,17,8,"large","high",1000,10000,-1,0.268941421369995,0.7063,0.687,0.725,4970,0.742655935613682
12,18,8,"large","high",1000,10000,-1,0.268941421369995,0.7032,0.682,0.725,4975,0.742311557788945
12,19,8,"large","high",1000,10000,-1,0.268941421369995,0.7027,0.682,0.725,4996,0.742794235388311
12,20,8,"large","high",1000,10000,-1,0.268941421369995,0.7008,0.682,0.725,4985,0.740020060180542
12,21,8,"large","high",1000,10000,-1,0.268941421369995,0.6994,0.682,0.725,5011,0.738974256635402
12,22,8,"large","high",1000,10000,-1,0.268941421369995,0.7021,0.682,0.725,5014,0.740725967291584
12,23,8,"large","high",1000,10000,-1,0.268941421369995,0.6971,0.675,0.714,4987,0.734710246641267
12,24,8,"large","high",1000,10000,-1,0.268941421369995,0.6955,0.675,0.714,4973,0.734968831691132
12,25,8,"large","high",1000,10000,-1,0.268941421369995,0.6934,0.675,0.714,4997,0.734640784470682
12,26,8,"large","high",1000,10000,-1,0.268941421369995,0.6934,0.675,0.714,5008,0.73202875399361
12,27,8,"large","high",1000,10000,-1,0.268941421369995,0.6921,0.675,0.714,5009,0.731483330005989
12,28,8,"large","high",1000,10000,-1,0.268941421369995,0.6953,0.675,0.714,5033,0.734750645738128
12,29,8,"large","high",1000,10000,-1,0.268941421369995,0.6945,0.675,0.714,5034,0.733810091378625
12,30,8,"large","high",1000,10000,-1,0.268941421369995,0.6958,0.675,0.714,5039,0.732288152411193
12,31,8,"large","high",1000,10000,-1,0.268941421369995,0.6959,0.675,0.714,5005,0.73006993006993
12,32,8,"large","high",1000,10000,-1,0.268941421369995,0.6952,0.675,0.714,4992,0.7265625
12,33,8,"large","high",1000,10000,-1,0.268941421369995,0.6984,0.684,0.714,4987,0.730098255464207
12,34,8,"large","high",1000,10000,-1,0.268941421369995,0.6987,0.684,0.714,5020,0.731872509960159
12,35,8,"large","high",1000,10000,-1,0.268941421369995,0.7008,0.684,0.714,4999,0.733546709341868
12,36,8,"large","high",1000,10000,-1,0.268941421369995,0.7035,0.684,0.722,5011,0.737976451806027
12,37,8,"large","high",1000,10000,-1,0.268941421369995,0.7047,0.684,0.722,5034,0.742749304727851
12,38,8,"large","high",1000,10000,-1,0.268941421369995,0.7031,0.684,0.722,4969,0.745019118534917
12,39,8,"large","high",1000,10000,-1,0.268941421369995,0.7044,0.684,0.722,4923,0.745480398131221
12,40,8,"large","high",1000,10000,-1,0.268941421369995,0.7046,0.684,0.722,4893,0.749437972613938
12,41,8,"large","high",1000,10000,-1,0.268941421369995,0.7026,0.664,0.722,4876,0.754306808859721
12,42,8,"large","high",1000,10000,-1,0.268941421369995,0.7013,0.664,0.722,4893,0.753116697322706
12,43,8,"large","high",1000,10000,-1,0.268941421369995,0.7013,0.664,0.722,4882,0.753789430561245
12,44,8,"large","high",1000,10000,-1,0.268941421369995,0.7033,0.664,0.722,4859,0.754064622350278
12,45,8,"large","high",1000,10000,-1,0.268941421369995,0.7038,0.664,0.722,4862,0.751336898395722
12,46,8,"large","high",1000,10000,-1,0.268941421369995,0.7027,0.664,0.717,4854,0.748454882571075
12,47,8,"large","high",1000,10000,-1,0.268941421369995,0.699,0.664,0.717,4857,0.739551163269508
12,48,8,"large","high",1000,10000,-1,0.268941421369995,0.6986,0.664,0.717,4890,0.73680981595092
12,49,8,"large","high",1000,10000,-1,0.268941421369995,0.6979,0.664,0.717,4885,0.737768679631525
12,50,8,"large","high",1000,10000,-1,0.268941421369995,0.698,0.664,0.717,4896,0.740808823529412
12,51,8,"large","high",1000,10000,-1,0.268941421369995,0.7031,0.669,0.717,4933,0.743361037907967
12,52,8,"large","high",1000,10000,-1,0.268941421369995,0.7046,0.669,0.717,4911,0.747709224190592
12,53,8,"large","high",1000,10000,-1,0.268941421369995,0.7025,0.669,0.717,4922,0.74380333197887
12,54,8,"large","high",1000,10000,-1,0.268941421369995,0.7004,0.669,0.717,4941,0.73993118801862
12,55,8,"large","high",1000,10000,-1,0.268941421369995,0.6996,0.669,0.715,4960,0.742540322580645
12,56,8,"large","high",1000,10000,-1,0.268941421369995,0.6988,0.669,0.715,4946,0.743833400727861
12,57,8,"large","high",1000,10000,-1,0.268941421369995,0.7025,0.686,0.715,4953,0.748839087421765
12,58,8,"large","high",1000,10000,-1,0.268941421369995,0.703,0.686,0.715,4953,0.74984857662023
12,59,8,"large","high",1000,10000,-1,0.268941421369995,0.7051,0.686,0.73,5011,0.749550987826781
12,60,8,"large","high",1000,10000,-1,0.268941421369995,0.7079,0.686,0.73,5043,0.749950426333532
12,61,8,"large","high",1000,10000,-1,0.268941421369995,0.7065,0.686,0.73,5044,0.746629659000793
12,62,8,"large","high",1000,10000,-1,0.268941421369995,0.7048,0.686,0.73,5060,0.746245059288538
12,63,8,"large","high",1000,10000,-1,0.268941421369995,0.7076,0.692,0.73,5095,0.751128557409225
12,64,8,"large","high",1000,10000,-1,0.268941421369995,0.7079,0.692,0.73,5044,0.75
12,65,8,"large","high",1000,10000,-1,0.268941421369995,0.7088,0.692,0.73,5041,0.752826820075382
12,66,8,"large","high",1000,10000,-1,0.268941421369995,0.71,0.692,0.73,5024,0.753184713375796
12,67,8,"large","high",1000,10000,-1,0.268941421369995,0.7099,0.692,0.73,5042,0.753669178897263
12,68,8,"large","high",1000,10000,-1,0.268941421369995,0.7071,0.671,0.73,5062,0.749901224812327
12,69,8,"large","high",1000,10000,-1,0.268941421369995,0.7037,0.671,0.73,5039,0.748362770390951
12,70,8,"large","high",1000,10000,-1,0.268941421369995,0.7024,0.671,0.718,5020,0.745418326693227
12,71,8,"large","high",1000,10000,-1,0.268941421369995,0.7021,0.671,0.718,5009,0.743461768816131
12,72,8,"large","high",1000,10000,-1,0.268941421369995,0.7048,0.671,0.719,5005,0.742457542457542
12,73,8,"large","high",1000,10000,-1,0.268941421369995,0.7021,0.671,0.719,4994,0.737885462555066
12,74,8,"large","high",1000,10000,-1,0.268941421369995,0.7017,0.671,0.719,5015,0.739780658025922
12,75,8,"large","high",1000,10000,-1,0.268941421369995,0.7012,0.671,0.719,5006,0.735517379145026
12,76,8,"large","high",1000,10000,-1,0.268941421369995,0.7015,0.671,0.719,5007,0.736568803674855
12,77,8,"large","high",1000,10000,-1,0.268941421369995,0.7004,0.671,0.719,4946,0.735341690254751
12,78,8,"large","high",1000,10000,-1,0.268941421369995,0.7049,0.687,0.719,4930,0.740365111561866
12,79,8,"large","high",1000,10000,-1,0.268941421369995,0.708,0.687,0.727,4931,0.740214966538227
12,80,8,"large","high",1000,10000,-1,0.268941421369995,0.7073,0.687,0.727,4939,0.739420935412027
12,81,8,"large","high",1000,10000,-1,0.268941421369995,0.7084,0.687,0.727,4938,0.741393276630215
12,82,8,"large","high",1000,10000,-1,0.268941421369995,0.7065,0.687,0.727,4959,0.74148013712442
12,83,8,"large","high",1000,10000,-1,0.268941421369995,0.7112,0.691,0.734,4969,0.743409136647213
12,84,8,"large","high",1000,10000,-1,0.268941421369995,0.7133,0.694,0.734,4964,0.747784045124899
12,85,8,"large","high",1000,10000,-1,0.268941421369995,0.7117,0.694,0.734,4976,0.743971061093248
12,86,8,"large","high",1000,10000,-1,0.268941421369995,0.7107,0.694,0.734,4958,0.740419524001614
12,87,8,"large","high",1000,10000,-1,0.268941421369995,0.7098,0.685,0.734,4967,0.739480571773706
12,88,8,"large","high",1000,10000,-1,0.268941421369995,0.706,0.678,0.734,4984,0.735553772070626
12,89,8,"large","high",1000,10000,-1,0.268941421369995,0.7035,0.678,0.734,4983,0.73630343166767
12,90,8,"large","high",1000,10000,-1,0.268941421369995,0.7035,0.678,0.734,4993,0.738834368115362
12,91,8,"large","high",1000,10000,-1,0.268941421369995,0.7016,0.678,0.734,4979,0.737698332998594
12,92,8,"large","high",1000,10000,-1,0.268941421369995,0.7024,0.678,0.734,4970,0.738832997987928
12,93,8,"large","high",1000,10000,-1,0.268941421369995,0.7008,0.678,0.718,5000,0.7374
12,94,8,"large","high",1000,10000,-1,0.268941421369995,0.7002,0.678,0.718,5014,0.734343837255684
12,95,8,"large","high",1000,10000,-1,0.268941421369995,0.7003,0.678,0.718,4974,0.736630478488138
12,96,8,"large","high",1000,10000,-1,0.268941421369995,0.7013,0.678,0.718,5001,0.738652269546091
12,97,8,"large","high",1000,10000,-1,0.268941421369995,0.7054,0.678,0.726,4984,0.74137239165329
12,98,8,"large","high",1000,10000,-1,0.268941421369995,0.7077,0.69,0.726,4960,0.740927419354839
12,99,8,"large","high",1000,10000,-1,0.268941421369995,0.7076,0.69,0.726,4955,0.742482341069627
12,100,8,"large","high",1000,10000,-1,0.268941421369995,0.7045,0.679,0.726,4940,0.740688259109312
12,101,8,"large","high",1000,10000,-1,0.268941421369995,0.7046,0.679,0.726,4937,0.74336641685234
12,102,8,"large","high",1000,10000,-1,0.268941421369995,0.7072,0.679,0.734,4944,0.743122977346278
12,103,8,"large","high",1000,10000,-1,0.268941421369995,0.7031,0.677,0.734,4886,0.74232501023332
12,104,8,"large","high",1000,10000,-1,0.268941421369995,0.7036,0.677,0.734,4896,0.742647058823529
12,105,8,"large","high",1000,10000,-1,0.268941421369995,0.7029,0.677,0.734,4947,0.740650899535072
12,106,8,"large","high",1000,10000,-1,0.268941421369995,0.7019,0.677,0.734,4937,0.739923030180271
12,107,8,"large","high",1000,10000,-1,0.268941421369995,0.6982,0.677,0.734,4976,0.73693729903537
12,108,8,"large","high",1000,10000,-1,0.268941421369995,0.6977,0.677,0.734,4957,0.739358482953399
12,109,8,"large","high",1000,10000,-1,0.268941421369995,0.6987,0.677,0.734,4942,0.7377579927155
12,110,8,"large","high",1000,10000,-1,0.268941421369995,0.7013,0.677,0.734,4940,0.738866396761134
12,111,8,"large","high",1000,10000,-1,0.268941421369995,0.6994,0.672,0.734,4929,0.736457699330493
12,112,8,"large","high",1000,10000,-1,0.268941421369995,0.6955,0.672,0.711,4941,0.733049989880591
12,113,8,"large","high",1000,10000,-1,0.268941421369995,0.6982,0.672,0.711,4980,0.734538152610442
12,114,8,"large","high",1000,10000,-1,0.268941421369995,0.6975,0.672,0.711,4999,0.735147029405881
12,115,8,"large","high",1000,10000,-1,0.268941421369995,0.699,0.672,0.711,4980,0.740160642570281
12,116,8,"large","high",1000,10000,-1,0.268941421369995,0.6996,0.672,0.714,5010,0.740718562874252
12,117,8,"large","high",1000,10000,-1,0.268941421369995,0.7035,0.672,0.728,5000,0.7454
12,118,8,"large","high",1000,10000,-1,0.268941421369995,0.7056,0.672,0.728,5030,0.746520874751491
12,119,8,"large","high",1000,10000,-1,0.268941421369995,0.7056,0.672,0.728,5052,0.745447347585115
12,120,8,"large","high",1000,10000,-1,0.268941421369995,0.7033,0.672,0.728,5058,0.738631870304468
12,121,8,"large","high",1000,10000,-1,0.268941421369995,0.7058,0.682,0.728,5091,0.739540365350619
12,122,8,"large","high",1000,10000,-1,0.268941421369995,0.708,0.682,0.728,5100,0.742156862745098
12,123,8,"large","high",1000,10000,-1,0.268941421369995,0.7057,0.681,0.728,5078,0.740842851516345
12,124,8,"large","high",1000,10000,-1,0.268941421369995,0.7045,0.681,0.728,5064,0.737756714060032
12,125,8,"large","high",1000,10000,-1,0.268941421369995,0.7027,0.681,0.728,5084,0.734657749803304
12,126,8,"large","high",1000,10000,-1,0.268941421369995,0.7012,0.681,0.728,5052,0.733768804433888
12,127,8,"large","high",1000,10000,-1,0.268941421369995,0.6963,0.679,0.717,5079,0.72868674936011
12,128,8,"large","high",1000,10000,-1,0.268941421369995,0.6959,0.679,0.717,5089,0.729612890548241
12,129,8,"large","high",1000,10000,-1,0.268941421369995,0.6959,0.679,0.717,5084,0.730920535011802
12,130,8,"large","high",1000,10000,-1,0.268941421369995,0.699,0.679,0.717,5092,0.736449332285939
12,131,8,"large","high",1000,10000,-1,0.268941421369995,0.6976,0.679,0.717,5032,0.735095389507154
12,132,8,"large","high",1000,10000,-1,0.268941421369995,0.6962,0.679,0.713,5031,0.735837805605247
12,133,8,"large","high",1000,10000,-1,0.268941421369995,0.6974,0.679,0.713,5034,0.735399284862932
12,134,8,"large","high",1000,10000,-1,0.268941421369995,0.6983,0.679,0.713,5038,0.738983723699881
12,135,8,"large","high",1000,10000,-1,0.268941421369995,0.6996,0.679,0.713,5023,0.738005176189528
12,136,8,"large","high",1000,10000,-1,0.268941421369995,0.7028,0.679,0.731,5056,0.74129746835443
12,137,8,"large","high",1000,10000,-1,0.268941421369995,0.7046,0.683,0.731,5036,0.743248610007943
12,138,8,"large","high",1000,10000,-1,0.268941421369995,0.7024,0.683,0.731,5032,0.737281399046105
12,139,8,"large","high",1000,10000,-1,0.268941421369995,0.7011,0.683,0.731,5067,0.736135780540754
12,140,8,"large","high",1000,10000,-1,0.268941421369995,0.6987,0.683,0.731,5061,0.735230191661727
12,141,8,"large","high",1000,10000,-1,0.268941421369995,0.6998,0.689,0.731,5123,0.737263322272106
12,142,8,"large","high",1000,10000,-1,0.268941421369995,0.7002,0.689,0.731,5117,0.73578268516709
12,143,8,"large","high",1000,10000,-1,0.268941421369995,0.6997,0.688,0.731,5120,0.736328125
12,144,8,"large","high",1000,10000,-1,0.268941421369995,0.6996,0.688,0.731,5098,0.736955668889761
12,145,8,"large","high",1000,10000,-1,0.268941421369995,0.7004,0.688,0.731,5075,0.740689655172414
12,146,8,"large","high",1000,10000,-1,0.268941421369995,0.696,0.687,0.709,5050,0.737227722772277
12,147,8,"large","high",1000,10000,-1,0.268941421369995,0.6942,0.679,0.709,5026,0.734182252288102
12,148,8,"large","high",1000,10000,-1,0.268941421369995,0.6963,0.679,0.712,5028,0.73587907716786
12,149,8,"large","high",1000,10000,-1,0.268941421369995,0.6967,0.679,0.712,5000,0.7352
12,150,8,"large","high",1000,10000,-1,0.268941421369995,0.6986,0.679,0.712,5008,0.736821086261981
12,151,8,"large","high",1000,10000,-1,0.268941421369995,0.698,0.679,0.712,4990,0.73627254509018
12,152,8,"large","high",1000,10000,-1,0.268941421369995,0.6963,0.679,0.712,4941,0.732847601700061
12,153,8,"large","high",1000,10000,-1,0.268941421369995,0.6966,0.679,0.712,4917,0.735204392922514
12,154,8,"large","high",1000,10000,-1,0.268941421369995,0.6963,0.679,0.712,4896,0.733660130718954
12,155,8,"large","high",1000,10000,-1,0.268941421369995,0.6938,0.679,0.712,4894,0.728442991418063
12,156,8,"large","high",1000,10000,-1,0.268941421369995,0.6954,0.679,0.712,4885,0.726305015353122
12,157,8,"large","high",1000,10000,-1,0.268941421369995,0.6984,0.684,0.712,4913,0.73254630571952
12,158,8,"large","high",1000,10000,-1,0.268941421369995,0.6939,0.667,0.709,4902,0.728070175438597
12,159,8,"large","high",1000,10000,-1,0.268941421369995,0.693,0.667,0.709,4877,0.728726676235391
12,160,8,"large","high",1000,10000,-1,0.268941421369995,0.6935,0.667,0.713,4850,0.72639175257732
12,161,8,"large","high",1000,10000,-1,0.268941421369995,0.6969,0.667,0.722,4863,0.728768250051409
12,162,8,"large","high",1000,10000,-1,0.268941421369995,0.6962,0.667,0.722,4909,0.728865349358321
12,163,8,"large","high",1000,10000,-1,0.268941421369995,0.6972,0.667,0.722,4899,0.72545417432129
12,164,8,"large","high",1000,10000,-1,0.268941421369995,0.6957,0.667,0.722,4933,0.722278532333266
12,165,8,"large","high",1000,10000,-1,0.268941421369995,0.6968,0.667,0.722,4944,0.72411003236246
12,166,8,"large","high",1000,10000,-1,0.268941421369995,0.6962,0.667,0.722,4953,0.726630325055522
12,167,8,"large","high",1000,10000,-1,0.268941421369995,0.6977,0.667,0.724,4972,0.727272727272727
12,168,8,"large","high",1000,10000,-1,0.268941421369995,0.6992,0.682,0.724,4969,0.731535520225397
12,169,8,"large","high",1000,10000,-1,0.268941421369995,0.6999,0.682,0.724,4990,0.731663326653307
12,170,8,"large","high",1000,10000,-1,0.268941421369995,0.6977,0.682,0.724,4982,0.733440385387395
12,171,8,"large","high",1000,10000,-1,0.268941421369995,0.6925,0.67,0.724,4981,0.727966271832965
12,172,8,"large","high",1000,10000,-1,0.268941421369995,0.6942,0.67,0.724,4969,0.729724290601731
12,173,8,"large","high",1000,10000,-1,0.268941421369995,0.6944,0.67,0.724,4988,0.734161988773055
12,174,8,"large","high",1000,10000,-1,0.268941421369995,0.6948,0.67,0.724,4971,0.738483202574935
12,175,8,"large","high",1000,10000,-1,0.268941421369995,0.6942,0.67,0.724,4996,0.737590072057646
12,176,8,"large","high",1000,10000,-1,0.268941421369995,0.6952,0.67,0.724,5015,0.733798604187438
12,177,8,"large","high",1000,10000,-1,0.268941421369995,0.6935,0.67,0.707,5008,0.732428115015974
12,178,8,"large","high",1000,10000,-1,0.268941421369995,0.6953,0.67,0.707,5025,0.732139303482587
12,179,8,"large","high",1000,10000,-1,0.268941421369995,0.6943,0.67,0.707,5022,0.731979291119076
12,180,8,"large","high",1000,10000,-1,0.268941421369995,0.6963,0.67,0.711,5048,0.733954041204437
12,181,8,"large","high",1000,10000,-1,0.268941421369995,0.6991,0.686,0.711,5038,0.738189757840413
12,182,8,"large","high",1000,10000,-1,0.268941421369995,0.6982,0.686,0.711,5017,0.736495913892765
12,183,8,"large","high",1000,10000,-1,0.268941421369995,0.6987,0.686,0.711,4997,0.734240544326596
12,184,8,"large","high",1000,10000,-1,0.268941421369995,0.6978,0.677,0.711,4994,0.731077292751302
12,185,8,"large","high",1000,10000,-1,0.268941421369995,0.6971,0.677,0.711,4954,0.731530076705692
12,186,8,"large","high",1000,10000,-1,0.268941421369995,0.6984,0.677,0.72,4928,0.735186688311688
12,187,8,"large","high",1000,10000,-1,0.268941421369995,0.6971,0.677,0.72,4909,0.733346913831738
12,188,8,"large","high",1000,10000,-1,0.268941421369995,0.6976,0.677,0.72,4879,0.734371797499488
12,189,8,"large","high",1000,10000,-1,0.268941421369995,0.6975,0.677,0.72,4877,0.733852778347345
12,190,8,"large","high",1000,10000,-1,0.268941421369995,0.6943,0.677,0.72,4855,0.729557157569516
12,191,8,"large","high",1000,10000,-1,0.268941421369995,0.6945,0.677,0.72,4851,0.729746444032158
12,192,8,"large","high",1000,10000,-1,0.268941421369995,0.6949,0.677,0.72,4848,0.731229372937294
12,193,8,"large","high",1000,10000,-1,0.268941421369995,0.6952,0.677,0.72,4889,0.734915115565555
12,194,8,"large","high",1000,10000,-1,0.268941421369995,0.6972,0.679,0.72,4889,0.735937819595009
12,195,8,"large","high",1000,10000,-1,0.268941421369995,0.6976,0.679,0.72,4909,0.737421063353025
12,196,8,"large","high",1000,10000,-1,0.268941421369995,0.6947,0.679,0.711,4920,0.735772357723577
12,197,8,"large","high",1000,10000,-1,0.268941421369995,0.6937,0.679,0.711,4887,0.732146511152036
12,198,8,"large","high",1000,10000,-1,0.268941421369995,0.6906,0.674,0.711,4901,0.728422770863089
12,199,8,"large","high",1000,10000,-1,0.268941421369995,0.6924,0.674,0.711,4905,0.731498470948012
12,200,8,"large","high",1000,10000,-1,0.268941421369995,0.6959,0.674,0.714,4916,0.736371033360456
12,201,8,"large","high",1000,10000,-1,0.268941421369995,0.6936,0.674,0.714,4940,0.732793522267207
12,202,8,"large","high",1000,10000,-1,0.268941421369995,0.6919,0.674,0.714,4960,0.732258064516129
12,203,8,"large","high",1000,10000,-1,0.268941421369995,0.69,0.674,0.714,4965,0.724269889224572
12,204,8,"large","high",1000,10000,-1,0.268941421369995,0.6902,0.674,0.714,4960,0.726008064516129
12,205,8,"large","high",1000,10000,-1,0.268941421369995,0.6932,0.674,0.716,4971,0.725608529470931
12,206,8,"large","high",1000,10000,-1,0.268941421369995,0.6952,0.674,0.716,4975,0.728241206030151
12,207,8,"large","high",1000,10000,-1,0.268941421369995,0.6971,0.674,0.716,5034,0.731227651966627
12,208,8,"large","high",1000,10000,-1,0.268941421369995,0.6984,0.677,0.716,5060,0.732806324110672
12,209,8,"large","high",1000,10000,-1,0.268941421369995,0.7001,0.677,0.724,5073,0.733491030948157
12,210,8,"large","high",1000,10000,-1,0.268941421369995,0.6974,0.677,0.724,5061,0.731475992886781
12,211,8,"large","high",1000,10000,-1,0.268941421369995,0.6997,0.678,0.724,5036,0.733717235901509
12,212,8,"large","high",1000,10000,-1,0.268941421369995,0.7006,0.687,0.724,5047,0.733505052506439
12,213,8,"large","high",1000,10000,-1,0.268941421369995,0.7011,0.687,0.724,5039,0.739829331216511
12,214,8,"large","high",1000,10000,-1,0.268941421369995,0.7011,0.687,0.724,5051,0.738863591368046
12,215,8,"large","high",1000,10000,-1,0.268941421369995,0.6993,0.687,0.724,5040,0.742460317460317
12,216,8,"large","high",1000,10000,-1,0.268941421369995,0.7026,0.687,0.744,5006,0.745505393527767
12,217,8,"large","high",1000,10000,-1,0.268941421369995,0.7028,0.687,0.744,4987,0.747343092039302
12,218,8,"large","high",1000,10000,-1,0.268941421369995,0.7037,0.687,0.744,4955,0.746720484359233
12,219,8,"large","high",1000,10000,-1,0.268941421369995,0.7045,0.687,0.744,4955,0.746720484359233
12,220,8,"large","high",1000,10000,-1,0.268941421369995,0.7084,0.687,0.744,4972,0.749195494770716
12,221,8,"large","high",1000,10000,-1,0.268941421369995,0.7069,0.685,0.744,4977,0.746232670283303
12,222,8,"large","high",1000,10000,-1,0.268941421369995,0.7085,0.685,0.744,4963,0.750957082409833
12,223,8,"large","high",1000,10000,-1,0.268941421369995,0.7083,0.685,0.744,4940,0.75080971659919
12,224,8,"large","high",1000,10000,-1,0.268941421369995,0.7081,0.685,0.744,4945,0.751061678463094
12,225,8,"large","high",1000,10000,-1,0.268941421369995,0.7072,0.685,0.744,4951,0.748131690567562
12,226,8,"large","high",1000,10000,-1,0.268941421369995,0.7052,0.685,0.732,4995,0.745945945945946
12,227,8,"large","high",1000,10000,-1,0.268941421369995,0.7031,0.684,0.732,5014,0.74032708416434
12,228,8,"large","high",1000,10000,-1,0.268941421369995,0.7023,0.684,0.732,5013,0.742868541791343
12,229,8,"large","high",1000,10000,-1,0.268941421369995,0.7009,0.684,0.726,5013,0.740075802912428
12,230,8,"large","high",1000,10000,-1,0.268941421369995,0.6992,0.684,0.724,5003,0.736558065160903
12,231,8,"large","high",1000,10000,-1,0.268941421369995,0.7018,0.684,0.724,5011,0.739373378567152
12,232,8,"large","high",1000,10000,-1,0.268941421369995,0.7018,0.684,0.724,5036,0.735504368546466
12,233,8,"large","high",1000,10000,-1,0.268941421369995,0.7023,0.684,0.724,5035,0.733862959285005
12,234,8,"large","high",1000,10000,-1,0.268941421369995,0.702,0.684,0.724,5055,0.733135509396637
12,235,8,"large","high",1000,10000,-1,0.268941421369995,0.7056,0.684,0.725,5033,0.73733359825154
12,236,8,"large","high",1000,10000,-1,0.268941421369995,0.7029,0.684,0.725,5056,0.732990506329114
12,237,8,"large","high",1000,10000,-1,0.268941421369995,0.7032,0.687,0.725,5045,0.737363726461843
12,238,8,"large","high",1000,10000,-1,0.268941421369995,0.7035,0.687,0.725,5051,0.736289843595328
12,239,8,"large","high",1000,10000,-1,0.268941421369995,0.7025,0.687,0.725,5022,0.737953006770211
12,240,8,"large","high",1000,10000,-1,0.268941421369995,0.6998,0.682,0.725,5042,0.736414121380405
12,241,8,"large","high",1000,10000,-1,0.268941421369995,0.6997,0.682,0.725,5006,0.738913304035158
12,242,8,"large","high",1000,10000,-1,0.268941421369995,0.6996,0.682,0.725,4990,0.739879759519038
12,243,8,"large","high",1000,10000,-1,0.268941421369995,0.7023,0.682,0.727,4988,0.741980753809142
12,244,8,"large","high",1000,10000,-1,0.268941421369995,0.7024,0.682,0.727,4949,0.739543342089311
12,245,8,"large","high",1000,10000,-1,0.268941421369995,0.7,0.682,0.727,4974,0.735424205870527
12,246,8,"large","high",1000,10000,-1,0.268941421369995,0.7004,0.682,0.727,4945,0.737714863498483
12,247,8,"large","high",1000,10000,-1,0.268941421369995,0.7015,0.682,0.727,4926,0.736297198538368
12,248,8,"large","high",1000,10000,-1,0.268941421369995,0.7019,0.682,0.727,4941,0.739324023477029
12,249,8,"large","high",1000,10000,-1,0.268941421369995,0.699,0.679,0.727,4932,0.736820762368208
12,250,8,"large","high",1000,10000,-1,0.268941421369995,0.7005,0.679,0.727,4920,0.738821138211382
12,251,8,"large","high",1000,10000,-1,0.268941421369995,0.7008,0.679,0.727,4981,0.740012045773941
12,252,8,"large","high",1000,10000,-1,0.268941421369995,0.7003,0.679,0.727,4986,0.7426795026073
12,253,8,"large","high",1000,10000,-1,0.268941421369995,0.6958,0.679,0.713,5015,0.741575274177468
12,254,8,"large","high",1000,10000,-1,0.268941421369995,0.6949,0.679,0.713,5032,0.741454689984102
12,255,8,"large","high",1000,10000,-1,0.268941421369995,0.6922,0.674,0.713,5054,0.740601503759398
12,256,8,"large","high",1000,10000,-1,0.268941421369995,0.6948,0.674,0.727,5019,0.743972902968719
12,257,8,"large","high",1000,10000,-1,0.268941421369995,0.6953,0.674,0.727,5047,0.745591440459679
12,258,8,"large","high",1000,10000,-1,0.268941421369995,0.6957,0.674,0.727,5021,0.74726150169289
12,259,8,"large","high",1000,10000,-1,0.268941421369995,0.6978,0.674,0.727,5060,0.743873517786561
12,260,8,"large","high",1000,10000,-1,0.268941421369995,0.7001,0.674,0.727,5055,0.745796241345203
12,261,8,"large","high",1000,10000,-1,0.268941421369995,0.6966,0.674,0.727,5039,0.739432427068863
12,262,8,"large","high",1000,10000,-1,0.268941421369995,0.6992,0.674,0.727,5045,0.738553022794846
12,263,8,"large","high",1000,10000,-1,0.268941421369995,0.6992,0.674,0.727,5028,0.732498011137629
12,264,8,"large","high",1000,10000,-1,0.268941421369995,0.702,0.674,0.727,5043,0.736664683720008
12,265,8,"large","high",1000,10000,-1,0.268941421369995,0.7053,0.678,0.727,4977,0.73799477596946
12,266,8,"large","high",1000,10000,-1,0.268941421369995,0.7029,0.678,0.723,5009,0.734278299061689
12,267,8,"large","high",1000,10000,-1,0.268941421369995,0.703,0.678,0.723,4990,0.73687374749499
12,268,8,"large","high",1000,10000,-1,0.268941421369995,0.7031,0.678,0.723,4975,0.730452261306533
12,269,8,"large","high",1000,10000,-1,0.268941421369995,0.7019,0.678,0.723,4968,0.733695652173913
12,270,8,"large","high",1000,10000,-1,0.268941421369995,0.7033,0.678,0.734,4965,0.734541792547835
12,271,8,"large","high",1000,10000,-1,0.268941421369995,0.7036,0.681,0.734,4943,0.735787983006271
12,272,8,"large","high",1000,10000,-1,0.268941421369995,0.702,0.681,0.734,4909,0.73579140354451
12,273,8,"large","high",1000,10000,-1,0.268941421369995,0.7051,0.681,0.734,4915,0.739369277721261
12,274,8,"large","high",1000,10000,-1,0.268941421369995,0.7044,0.681,0.734,4904,0.738784665579119
12,275,8,"large","high",1000,10000,-1,0.268941421369995,0.7044,0.681,0.734,4933,0.738901277113318
12,276,8,"large","high",1000,10000,-1,0.268941421369995,0.7042,0.681,0.734,4946,0.737970076829761
12,277,8,"large","high",1000,10000,-1,0.268941421369995,0.7051,0.681,0.734,4953,0.734504340803553
12,278,8,"large","high",1000,10000,-1,0.268941421369995,0.7033,0.681,0.734,4992,0.738982371794872
12,279,8,"large","high",1000,10000,-1,0.268941421369995,0.7064,0.681,0.734,4989,0.740629384646222
12,280,8,"large","high",1000,10000,-1,0.268941421369995,0.7029,0.681,0.719,5000,0.7358
12,281,8,"large","high",1000,10000,-1,0.268941421369995,0.7027,0.679,0.719,5017,0.736296591588599
12,282,8,"large","high",1000,10000,-1,0.268941421369995,0.7026,0.679,0.719,5027,0.733041575492341
12,283,8,"large","high",1000,10000,-1,0.268941421369995,0.7011,0.679,0.719,5023,0.736611586701175
12,284,8,"large","high",1000,10000,-1,0.268941421369995,0.6983,0.679,0.719,5021,0.736307508464449
12,285,8,"large","high",1000,10000,-1,0.268941421369995,0.6975,0.679,0.719,5026,0.736768802228412
12,286,8,"large","high",1000,10000,-1,0.268941421369995,0.6969,0.679,0.719,5024,0.733678343949045
12,287,8,"large","high",1000,10000,-1,0.268941421369995,0.697,0.679,0.719,5011,0.734783476352026
12,288,8,"large","high",1000,10000,-1,0.268941421369995,0.6986,0.679,0.719,4999,0.734146829365873
12,289,8,"large","high",1000,10000,-1,0.268941421369995,0.6981,0.679,0.714,5006,0.73611666000799
12,290,8,"large","high",1000,10000,-1,0.268941421369995,0.6991,0.679,0.714,4990,0.735470941883767
12,291,8,"large","high",1000,10000,-1,0.268941421369995,0.7009,0.679,0.714,4987,0.737517545618608
12,292,8,"large","high",1000,10000,-1,0.268941421369995,0.702,0.679,0.717,5014,0.739130434782609
12,293,8,"large","high",1000,10000,-1,0.268941421369995,0.7011,0.679,0.717,5019,0.736999402271369
12,294,8,"large","high",1000,10000,-1,0.268941421369995,0.704,0.689,0.717,5006,0.740111865761087
12,295,8,"large","high",1000,10000,-1,0.268941421369995,0.7072,0.689,0.731,5009,0.74026751846676
12,296,8,"large","high",1000,10000,-1,0.268941421369995,0.7109,0.689,0.732,4997,0.745447268361017
12,297,8,"large","high",1000,10000,-1,0.268941421369995,0.712,0.689,0.732,5006,0.747902516979624
12,298,8,"large","high",1000,10000,-1,0.268941421369995,0.7111,0.689,0.732,4991,0.746143057503506
12,299,8,"large","high",1000,10000,-1,0.268941421369995,0.7065,0.668,0.732,4976,0.743770096463023
12,300,8,"large","high",1000,10000,-1,0.268941421369995,0.7072,0.668,0.732,4989,0.748446582481459
