"method","estimand","tau","beta_trt","scenario","conf_mult","sample_size_scenario","initiation_scenario","n_sites","n_per_site","total_n","init_intercept","zero_cov_init_prob","mean_est","median_est","truth","bias","median_bias","emp_sd","rmse","coverage","mean_observed_init_rate","mean_min_site_init_rate","mean_max_site_init_rate","mean_landmark_n","mean_landmark_treated_rate","n_reps"
"fed_ccw_tvipcw","OR",4,-0.7,"medium",1,"large","high",10,1000,10000,-1,0.268941421369995,0.525373106568274,0.521146774686944,0.519520236348861,0.00585287021941271,0.00162653833808279,0.033432045980628,0.00585287021941271,0.99,0.606795333333333,0.583526666666667,0.6316,6736.90333333333,0.619209949593489,300
"fed_ccw_tvipcw","OR",6,-0.7,"medium",1,"large","high",10,1000,10000,-1,0.268941421369995,0.540285134070693,0.532272532045017,0.526017823461302,0.0142673106093907,0.00625470858371435,0.0578787732015935,0.0142673106093907,0.906666666666667,0.665664333333333,0.64223,0.688003333333333,5736.41666666667,0.691164952838322,300
"fed_ccw_tvipcw","OR",8,-0.7,"medium",1,"large","high",10,1000,10000,-1,0.268941421369995,0.561221395749817,0.565622026756472,0.53158555944892,0.0296358363008966,0.0340364673075522,0.0765119277730477,0.0296358363008966,0.85,0.700922333333333,0.679126666666667,0.72313,4985.12,0.738379274558101,300
"fed_ccw_tvipcw","OR",4,-0.7,"medium",1,"low","high",10,300,3000,-1,0.268941421369995,0.481023296311676,0.486428141940796,0.519520236348861,-0.0384969400371855,-0.0330920944080652,0.067311190122635,0.0384969400371855,0.99,0.607707777777778,0.561244444444444,0.648611111111111,2010.23,0.621731744630296,300
"fed_ccw_tvipcw","OR",6,-0.7,"medium",1,"low","high",10,300,3000,-1,0.268941421369995,0.567848664484678,0.563243843196736,0.526017823461302,0.0418308410233759,0.0372260197354335,0.101342658395444,0.0418308410233759,0.89,0.670456666666667,0.629466666666667,0.7134,1720.96666666667,0.695496087195759,300
"fed_ccw_tvipcw","OR",8,-0.7,"medium",1,"low","high",10,300,3000,-1,0.268941421369995,0.557260745842268,0.565781969078426,0.53158555944892,0.0256751863933477,0.0341964096295062,0.114704354643597,0.0256751863933477,0.943333333333333,0.701495555555556,0.659388888888889,0.7458,1501.08,0.738323474140332,300
"fed_ccw_tvipcw","OR",4,-0.7,"medium",1,"large","low",10,1000,10000,-5,0.00669285092428486,0.684929714056596,0.631337214415011,0.572848157455008,0.112081556601588,0.0584890569600024,0.223022105909834,0.112081556601588,0.893333333333333,0.042601,0.0335433333333333,0.0519566666666667,5956.41,0.0411334769112601,300
"fed_ccw_tvipcw","OR",6,-0.7,"medium",1,"large","low",10,1000,10000,-5,0.00669285092428486,0.633603132292333,0.625220793465633,0.610706478538882,0.0228966537534514,0.0145143149267513,0.146873383818305,0.0228966537534514,0.953333333333333,0.051551,0.04107,0.0622433333333333,4828.52333333333,0.0510128728262611,300
"fed_ccw_tvipcw","OR",8,-0.7,"medium",1,"large","low",10,1000,10000,-5,0.00669285092428486,0.667320983081317,0.64382496342416,0.646947022465038,0.0203739606162793,-0.00312205904087781,0.176753665506426,0.0203739606162793,0.89,0.0588906666666667,0.04804,0.0700766666666667,4018.98,0.0607858937437258,300
"fed_ccw_tvipcw","OR",4,-0.7,"medium",1,"low","low",10,300,3000,-5,0.00669285092428486,0.987193017627144,0.666227697573019,0.572848157455008,0.414344860172136,0.0933795401180109,1.23071347095425,0.414344860172136,0.863333333333333,0.0434966666666667,0.0274111111111111,0.0612888888888889,1785.32666666667,0.0417249728656034,300
"fed_ccw_tvipcw","OR",6,-0.7,"medium",1,"low","low",10,300,3000,-5,0.00669285092428486,0.969170473817281,0.832898037414946,0.610706478538882,0.3584639952784,0.222191558876065,0.494002117544626,0.3584639952784,0.85,0.0512155555555556,0.0327444444444444,0.0718333333333333,1449.93,0.0522214347842576,300
"fed_ccw_tvipcw","OR",8,-0.7,"medium",1,"low","low",10,300,3000,-5,0.00669285092428486,0.858820155985702,0.740165161903114,0.646947022465038,0.211873133520665,0.0932181394380761,0.44907258357928,0.211873133520665,0.876666666666667,0.0588822222222222,0.0398111111111111,0.0791333333333333,1208.72,0.0596162670504002,300
"fed_ipw_no_clone","OR",4,-0.7,"medium",1,"large","high",10,1000,10000,-1,0.268941421369995,0.316501095536678,0.312707945732058,0.519520236348861,-0.203019140812184,-0.206812290616804,0.019870610017879,0.203019140812184,NA,0.606795333333333,0.583526666666667,0.6316,6736.90333333333,0.619209949593489,300
"fed_ipw_no_clone","OR",6,-0.7,"medium",1,"large","high",10,1000,10000,-1,0.268941421369995,0.224513896699888,0.221126733268863,0.526017823461302,-0.301503926761414,-0.304891090192439,0.0249700963761058,0.301503926761414,NA,0.665664333333333,0.64223,0.688003333333333,5736.41666666667,0.691164952838322,300
"fed_ipw_no_clone","OR",8,-0.7,"medium",1,"large","high",10,1000,10000,-1,0.268941421369995,0.160175093573556,0.160658235318427,0.53158555944892,-0.371410465875365,-0.370927324130493,0.0264318840990433,0.371410465875365,NA,0.700922333333333,0.679126666666667,0.72313,4985.12,0.738379274558101,300
"fed_ipw_no_clone","OR",4,-0.7,"medium",1,"low","high",10,300,3000,-1,0.268941421369995,0.28115898447568,0.281137758312936,0.519520236348861,-0.238361251873182,-0.238382478035926,0.0493686324639206,0.238361251873182,NA,0.607707777777778,0.561244444444444,0.648611111111111,2010.23,0.621731744630296,300
"fed_ipw_no_clone","OR",6,-0.7,"medium",1,"low","high",10,300,3000,-1,0.268941421369995,0.23314766583384,0.236099098817922,0.526017823461302,-0.292870157627462,-0.28991872464338,0.0409891952679429,0.292870157627462,NA,0.670456666666667,0.629466666666667,0.7134,1720.96666666667,0.695496087195759,300
"fed_ipw_no_clone","OR",8,-0.7,"medium",1,"low","high",10,300,3000,-1,0.268941421369995,0.164348864160743,0.162949212176781,0.53158555944892,-0.367236695288178,-0.368636347272139,0.0369315950795052,0.367236695288178,NA,0.701495555555556,0.659388888888889,0.7458,1501.08,0.738323474140332,300
"fed_ipw_no_clone","OR",4,-0.7,"medium",1,"large","low",10,1000,10000,-5,0.00669285092428486,0.489668119367976,0.459452337586062,0.572848157455008,-0.0831800380870322,-0.113395819868946,0.170061758918398,0.0831800380870322,NA,0.042601,0.0335433333333333,0.0519566666666667,5956.41,0.0411334769112601,300
"fed_ipw_no_clone","OR",6,-0.7,"medium",1,"large","low",10,1000,10000,-5,0.00669285092428486,0.374640043995676,0.365261133766689,0.610706478538882,-0.236066434543206,-0.245445344772193,0.0985949360245265,0.236066434543206,NA,0.051551,0.04107,0.0622433333333333,4828.52333333333,0.0510128728262611,300
"fed_ipw_no_clone","OR",8,-0.7,"medium",1,"large","low",10,1000,10000,-5,0.00669285092428486,0.335695773276959,0.324384526014428,0.646947022465038,-0.311251249188079,-0.32256249645061,0.108348361038063,0.311251249188079,NA,0.0588906666666667,0.04804,0.0700766666666667,4018.98,0.0607858937437258,300
"fed_ipw_no_clone","OR",4,-0.7,"medium",1,"low","low",10,300,3000,-5,0.00669285092428486,0.711483069968884,0.461780998588103,0.572848157455008,0.138634912513876,-0.111067158866906,0.935515347766742,0.138634912513876,NA,0.0434966666666667,0.0274111111111111,0.0612888888888889,1785.32666666667,0.0417249728656034,300
"fed_ipw_no_clone","OR",6,-0.7,"medium",1,"low","low",10,300,3000,-5,0.00669285092428486,0.603034759635624,0.494566899031816,0.610706478538882,-0.00767171890325722,-0.116139579507066,0.342651897027172,0.00767171890325722,NA,0.0512155555555556,0.0327444444444444,0.0718333333333333,1449.93,0.0522214347842576,300
"fed_ipw_no_clone","OR",8,-0.7,"medium",1,"low","low",10,300,3000,-5,0.00669285092428486,0.468157996648092,0.383238336670549,0.646947022465038,-0.178789025816945,-0.263708685794488,0.298602694617083,0.178789025816945,NA,0.0588822222222222,0.0398111111111111,0.0791333333333333,1208.72,0.0596162670504002,300
"fed_landmark_ipw","OR",4,-0.7,"medium",1,"large","high",10,1000,10000,-1,0.268941421369995,0.489366309714019,0.488861772131243,0.519520236348861,-0.0301539266348427,-0.0306584642176181,0.0302139121622546,0.0301539266348427,NA,0.606795333333333,0.583526666666667,0.6316,6736.90333333333,0.619209949593489,300
"fed_landmark_ipw","OR",6,-0.7,"medium",1,"large","high",10,1000,10000,-1,0.268941421369995,0.544587489781888,0.540917252219185,0.526017823461302,0.018569666320586,0.0148994287578827,0.0394707486774003,0.018569666320586,NA,0.665664333333333,0.64223,0.688003333333333,5736.41666666667,0.691164952838322,300
"fed_landmark_ipw","OR",8,-0.7,"medium",1,"large","high",10,1000,10000,-1,0.268941421369995,0.604086211340692,0.601108983213526,0.53158555944892,0.0725006518917721,0.0695234237646061,0.0470260674705427,0.0725006518917721,NA,0.700922333333333,0.679126666666667,0.72313,4985.12,0.738379274558101,300
"fed_landmark_ipw","OR",4,-0.7,"medium",1,"low","high",10,300,3000,-1,0.268941421369995,0.504541227325821,0.507244929153595,0.519520236348861,-0.0149790090230404,-0.0122753071952663,0.0803108864772701,0.0149790090230404,NA,0.607707777777778,0.561244444444444,0.648611111111111,2010.23,0.621731744630296,300
"fed_landmark_ipw","OR",6,-0.7,"medium",1,"low","high",10,300,3000,-1,0.268941421369995,0.560879366631545,0.560144839748696,0.526017823461302,0.0348615431702428,0.0341270162873938,0.0935617081620961,0.0348615431702428,NA,0.670456666666667,0.629466666666667,0.7134,1720.96666666667,0.695496087195759,300
"fed_landmark_ipw","OR",8,-0.7,"medium",1,"low","high",10,300,3000,-1,0.268941421369995,0.611084310168551,0.609626018362248,0.53158555944892,0.0794987507196307,0.0780404589133279,0.114051207421833,0.0794987507196307,NA,0.701495555555556,0.659388888888889,0.7458,1501.08,0.738323474140332,300
"fed_landmark_ipw","OR",4,-0.7,"medium",1,"large","low",10,1000,10000,-5,0.00669285092428486,0.555681344323949,0.54283602938426,0.572848157455008,-0.0171668131310594,-0.0300121280707487,0.224429335655595,0.0171668131310594,NA,0.042601,0.0335433333333333,0.0519566666666667,5956.41,0.0411334769112601,300
"fed_landmark_ipw","OR",6,-0.7,"medium",1,"large","low",10,1000,10000,-5,0.00669285092428486,0.459369574875498,0.455926874069817,0.610706478538882,-0.151336903663384,-0.154779604469065,0.152857140878772,0.151336903663384,NA,0.051551,0.04107,0.0622433333333333,4828.52333333333,0.0510128728262611,300
"fed_landmark_ipw","OR",8,-0.7,"medium",1,"large","low",10,1000,10000,-5,0.00669285092428486,0.479225158402307,0.4222469293609,0.646947022465038,-0.167721864062731,-0.224700093104137,0.201124042081586,0.167721864062731,NA,0.0588906666666667,0.04804,0.0700766666666667,4018.98,0.0607858937437258,300
"fed_landmark_ipw","OR",4,-0.7,"medium",1,"low","low",10,300,3000,-5,0.00669285092428486,1.12251424217626,0.586841425488529,0.572848157455008,0.549666084721253,0.0139932680335212,3.16698227667392,0.549666084721253,NA,0.0434966666666667,0.0274111111111111,0.0612888888888889,1785.32666666667,0.0417249728656034,300
"fed_landmark_ipw","OR",6,-0.7,"medium",1,"low","low",10,300,3000,-5,0.00669285092428486,0.900116247326419,0.780623181135813,0.610706478538882,0.289409768787537,0.169916702596931,0.571584074927399,0.289409768787537,NA,0.0512155555555556,0.0327444444444444,0.0718333333333333,1449.93,0.0522214347842576,300
"fed_landmark_ipw","OR",8,-0.7,"medium",1,"low","low",10,300,3000,-5,0.00669285092428486,0.688918050781186,0.614548748781552,0.646947022465038,0.0419710283161488,-0.0323982736834852,0.384843457042301,0.0419710283161488,NA,0.0588822222222222,0.0398111111111111,0.0791333333333333,1208.72,0.0596162670504002,300
"fed_perprotocol_naive","OR",4,-0.7,"medium",1,"large","high",10,1000,10000,-1,0.268941421369995,1.56472304892514,1.56209231278721,0.519520236348861,1.04520281257628,1.04257207643835,0.0798597240560211,1.04520281257628,NA,0.606795333333333,0.583526666666667,0.6316,6736.90333333333,0.619209949593489,300
"fed_perprotocol_naive","OR",6,-0.7,"medium",1,"large","high",10,1000,10000,-1,0.268941421369995,1.41533691298302,1.41211181779931,0.526017823461302,0.889319089521713,0.886093994338011,0.0703560301129727,0.889319089521713,NA,0.665664333333333,0.64223,0.688003333333333,5736.41666666667,0.691164952838322,300
"fed_perprotocol_naive","OR",8,-0.7,"medium",1,"large","high",10,1000,10000,-1,0.268941421369995,1.23965538490756,1.24178682767414,0.53158555944892,0.708069825458642,0.710201268225216,0.0612503544217771,0.708069825458642,NA,0.700922333333333,0.679126666666667,0.72313,4985.12,0.738379274558101,300
"fed_perprotocol_naive","OR",4,-0.7,"medium",1,"low","high",10,300,3000,-1,0.268941421369995,1.53134751094393,1.5333937926801,0.519520236348861,1.01182727459507,1.01387355633124,0.145780185108427,1.01182727459507,NA,0.607707777777778,0.561244444444444,0.648611111111111,2010.23,0.621731744630296,300
"fed_perprotocol_naive","OR",6,-0.7,"medium",1,"low","high",10,300,3000,-1,0.268941421369995,1.42941248792734,1.41201163926526,0.526017823461302,0.903394664466034,0.885993815803953,0.154145177933776,0.903394664466034,NA,0.670456666666667,0.629466666666667,0.7134,1720.96666666667,0.695496087195759,300
"fed_perprotocol_naive","OR",8,-0.7,"medium",1,"low","high",10,300,3000,-1,0.268941421369995,1.25367784158287,1.2505977386504,0.53158555944892,0.722092282133947,0.719012179201477,0.118236981874056,0.722092282133947,NA,0.701495555555556,0.659388888888889,0.7458,1501.08,0.738323474140332,300
"fed_perprotocol_naive","OR",4,-0.7,"medium",1,"large","low",10,1000,10000,-5,0.00669285092428486,1.89401386057952,1.79251455963616,0.572848157455008,1.32116570312451,1.21966640218115,0.381276796753378,1.32116570312451,NA,0.042601,0.0335433333333333,0.0519566666666667,5956.41,0.0411334769112601,300
"fed_perprotocol_naive","OR",6,-0.7,"medium",1,"large","low",10,1000,10000,-5,0.00669285092428486,1.67166846027887,1.63862174708136,0.610706478538882,1.06096198173998,1.02791526854248,0.251901161379747,1.06096198173998,NA,0.051551,0.04107,0.0622433333333333,4828.52333333333,0.0510128728262611,300
"fed_perprotocol_naive","OR",8,-0.7,"medium",1,"large","low",10,1000,10000,-5,0.00669285092428486,1.53074108587579,1.50559288988168,0.646947022465038,0.883794063410757,0.858645867416638,0.239643319002557,0.883794063410757,NA,0.0588906666666667,0.04804,0.0700766666666667,4018.98,0.0607858937437258,300
"fed_perprotocol_naive","OR",4,-0.7,"medium",1,"low","low",10,300,3000,-5,0.00669285092428486,2.07409749495276,1.83604245378727,0.572848157455008,1.50124933749775,1.26319429633226,0.817114488785323,1.50124933749775,NA,0.0434966666666667,0.0274111111111111,0.0612888888888889,1785.32666666667,0.0417249728656034,300
"fed_perprotocol_naive","OR",6,-0.7,"medium",1,"low","low",10,300,3000,-5,0.00669285092428486,1.78081148913232,1.75122214308048,0.610706478538882,1.17010501059344,1.1405156645416,0.495068547598023,1.17010501059344,NA,0.0512155555555556,0.0327444444444444,0.0718333333333333,1449.93,0.0522214347842576,300
"fed_perprotocol_naive","OR",8,-0.7,"medium",1,"low","low",10,300,3000,-5,0.00669285092428486,1.51334434324311,1.44283414196392,0.646947022465038,0.866397320778075,0.795887119498886,0.385834818797707,0.866397320778075,NA,0.0588822222222222,0.0398111111111111,0.0791333333333333,1208.72,0.0596162670504002,300
"local_ccw_meta","OR",4,-0.7,"medium",1,"large","high",10,1000,10000,-1,0.268941421369995,0.532961614411151,0.52864425867564,0.519520236348861,0.01344137806229,0.00912402232677867,0.0333311819558063,0.01344137806229,NA,0.606795333333333,0.583526666666667,0.6316,6736.90333333333,0.619209949593489,300
"local_ccw_meta","OR",6,-0.7,"medium",1,"large","high",10,1000,10000,-1,0.268941421369995,0.558131069209892,0.548511175548801,0.526017823461302,0.0321132457485899,0.0224933520874993,0.0520428232735442,0.0321132457485899,NA,0.665664333333333,0.64223,0.688003333333333,5736.41666666667,0.691164952838322,300
"local_ccw_meta","OR",8,-0.7,"medium",1,"large","high",10,1000,10000,-1,0.268941421369995,0.594622103170102,0.591975635558887,0.53158555944892,0.0630365437211813,0.0603900761099664,0.0595464500692892,0.0630365437211813,NA,0.700922333333333,0.679126666666667,0.72313,4985.12,0.738379274558101,300
"local_ccw_meta","OR",4,-0.7,"medium",1,"low","high",10,300,3000,-1,0.268941421369995,0.515044444102471,0.513213652923764,0.519520236348861,-0.00447579224639057,-0.00630658342509738,0.0579773239987228,0.00447579224639057,NA,0.607707777777778,0.561244444444444,0.648611111111111,2010.23,0.621731744630296,300
"local_ccw_meta","OR",6,-0.7,"medium",1,"low","high",10,300,3000,-1,0.268941421369995,0.601297245346566,0.591233681806642,0.526017823461302,0.0752794218852634,0.0652158583453398,0.0967366972229041,0.0752794218852634,NA,0.670456666666667,0.629466666666667,0.7134,1720.96666666667,0.695496087195759,300
"local_ccw_meta","OR",8,-0.7,"medium",1,"low","high",10,300,3000,-1,0.268941421369995,0.628126524566803,0.616704863281447,0.53158555944892,0.0965409651178827,0.0851193038325264,0.0859785502128688,0.0965409651178827,NA,0.701495555555556,0.659388888888889,0.7458,1501.08,0.738323474140332,300
"local_ccw_meta","OR",4,-0.7,"medium",1,"large","low",10,1000,10000,-5,0.00669285092428486,0.73746942062163,0.699973080394143,0.572848157455008,0.164621263166622,0.127124922939135,0.210392133142471,0.164621263166622,NA,0.042601,0.0335433333333333,0.0519566666666667,5956.41,0.0411334769112601,300
"local_ccw_meta","OR",6,-0.7,"medium",1,"large","low",10,1000,10000,-5,0.00669285092428486,0.684287726537748,0.680267421443701,0.610706478538882,0.0735812479988662,0.0695609429048194,0.135759378152092,0.0735812479988662,NA,0.051551,0.04107,0.0622433333333333,4828.52333333333,0.0510128728262611,300
"local_ccw_meta","OR",8,-0.7,"medium",1,"large","low",10,1000,10000,-5,0.00669285092428486,0.735146001041046,0.697644794384018,0.646947022465038,0.0881989785760084,0.0506977719189805,0.1708037342529,0.0881989785760084,NA,0.0588906666666667,0.04804,0.0700766666666667,4018.98,0.0607858937437258,300
"local_ccw_meta","OR",4,-0.7,"medium",1,"low","low",10,300,3000,-5,0.00669285092428486,1.15361545811286,0.836983698597912,0.572848157455008,0.580767300657856,0.264135541142904,1.35000242070194,0.580767300657856,NA,0.0434966666666667,0.0274111111111111,0.0612888888888889,1785.32666666667,0.0417249728656034,300
"local_ccw_meta","OR",6,-0.7,"medium",1,"low","low",10,300,3000,-5,0.00669285092428486,1.09671392502618,1.06105085788034,0.610706478538882,0.486007446487295,0.450344379341462,0.406323978818131,0.486007446487295,NA,0.0512155555555556,0.0327444444444444,0.0718333333333333,1449.93,0.0522214347842576,300
"local_ccw_meta","OR",8,-0.7,"medium",1,"low","low",10,300,3000,-5,0.00669285092428486,0.941596425108343,0.863707478100811,0.646947022465038,0.294649402643306,0.216760455635774,0.397038079020211,0.294649402643306,NA,0.0588822222222222,0.0398111111111111,0.0791333333333333,1208.72,0.0596162670504002,300
"pooled_ccw_tvipcw","OR",4,-0.7,"medium",1,"large","high",10,1000,10000,-1,0.268941421369995,0.522965951138135,0.520961897567272,0.519520236348861,0.00344571478927368,0.00144166121841016,0.031875781207302,0.00344571478927368,0.99,0.606795333333333,0.583526666666667,0.6316,6736.90333333333,0.619209949593489,300
"pooled_ccw_tvipcw","OR",6,-0.7,"medium",1,"large","high",10,1000,10000,-1,0.268941421369995,0.538139907178004,0.530131670687942,0.526017823461302,0.0121220837167013,0.00411384722663977,0.0566568420887405,0.0121220837167013,0.916666666666667,0.665664333333333,0.64223,0.688003333333333,5736.41666666667,0.691164952838322,300
"pooled_ccw_tvipcw","OR",8,-0.7,"medium",1,"large","high",10,1000,10000,-1,0.268941421369995,0.563311773294967,0.5639037188382,0.53158555944892,0.0317262138460462,0.0323181593892798,0.0727303051622602,0.0317262138460462,0.866666666666667,0.700922333333333,0.679126666666667,0.72313,4985.12,0.738379274558101,300
"pooled_ccw_tvipcw","OR",4,-0.7,"medium",1,"low","high",10,300,3000,-1,0.268941421369995,0.49712542482442,0.500999443696242,0.519520236348861,-0.0223948115244417,-0.0185207926526194,0.0663921449647083,0.0223948115244417,0.973333333333333,0.607707777777778,0.561244444444444,0.648611111111111,2010.23,0.621731744630296,300
"pooled_ccw_tvipcw","OR",6,-0.7,"medium",1,"low","high",10,300,3000,-1,0.268941421369995,0.558994497593725,0.55682269354726,0.526017823461302,0.0329766741324227,0.0308048700859576,0.0897148472341203,0.0329766741324227,0.946666666666667,0.670456666666667,0.629466666666667,0.7134,1720.96666666667,0.695496087195759,300
"pooled_ccw_tvipcw","OR",8,-0.7,"medium",1,"low","high",10,300,3000,-1,0.268941421369995,0.544933061611818,0.546889005451678,0.53158555944892,0.0133475021628981,0.0153034460027579,0.104394101593781,0.0133475021628981,0.946666666666667,0.701495555555556,0.659388888888889,0.7458,1501.08,0.738323474140332,300
"pooled_ccw_tvipcw","OR",4,-0.7,"medium",1,"large","low",10,1000,10000,-5,0.00669285092428486,0.658462681558878,0.638438585392434,0.572848157455008,0.0856145241038698,0.0655904279374258,0.189180459959033,0.0856145241038698,0.943333333333333,0.042601,0.0335433333333333,0.0519566666666667,5956.41,0.0411334769112601,300
"pooled_ccw_tvipcw","OR",6,-0.7,"medium",1,"large","low",10,1000,10000,-5,0.00669285092428486,0.611562246130848,0.609016420196392,0.610706478538882,0.000855767591966537,-0.00169005834248959,0.154986452938025,0.000855767591966537,0.92,0.051551,0.04107,0.0622433333333333,4828.52333333333,0.0510128728262611,300
"pooled_ccw_tvipcw","OR",8,-0.7,"medium",1,"large","low",10,1000,10000,-5,0.00669285092428486,0.646933848470474,0.63425762314261,0.646947022465038,-1.31739945639244e-05,-0.0126893993224273,0.147066536657512,1.31739945639244e-05,0.92,0.0588906666666667,0.04804,0.0700766666666667,4018.98,0.0607858937437258,300
"pooled_ccw_tvipcw","OR",4,-0.7,"medium",1,"low","low",10,300,3000,-5,0.00669285092428486,0.769157191145667,0.586746786339696,0.572848157455008,0.196309033690658,0.0138986288846875,0.627233104279717,0.196309033690658,0.906666666666667,0.0434966666666667,0.0274111111111111,0.0612888888888889,1785.32666666667,0.0417249728656034,300
"pooled_ccw_tvipcw","OR",6,-0.7,"medium",1,"low","low",10,300,3000,-5,0.00669285092428486,0.871695182588368,0.801104844989089,0.610706478538882,0.260988704049487,0.190398366450208,0.39380205976995,0.260988704049487,0.86,0.0512155555555556,0.0327444444444444,0.0718333333333333,1449.93,0.0522214347842576,300
"pooled_ccw_tvipcw","OR",8,-0.7,"medium",1,"low","low",10,300,3000,-5,0.00669285092428486,0.742959899809193,0.621842586986964,0.646947022465038,0.096012877344155,-0.0251044354780732,0.350763020469837,0.096012877344155,0.923333333333333,0.0588822222222222,0.0398111111111111,0.0791333333333333,1208.72,0.0596162670504002,300
"fed_ccw_tvipcw","RD",4,-0.7,"medium",1,"large","high",10,1000,10000,-1,0.268941421369995,-0.0902389786352624,-0.0902913193087741,-0.0906565332145253,0.000417554579262829,0.000365213905751172,0.00939135993039392,0.000417554579262829,0.983333333333333,0.606795333333333,0.583526666666667,0.6316,6736.90333333333,0.619209949593489,300
"fed_ccw_tvipcw","RD",6,-0.7,"medium",1,"large","high",10,1000,10000,-1,0.268941421369995,-0.0866200572092809,-0.0885734109727579,-0.0882816525755807,0.00166159536629984,-0.000291758397177211,0.0132779990121337,0.00166159536629984,0.93,0.665664333333333,0.64223,0.688003333333333,5736.41666666667,0.691164952838322,300
"fed_ccw_tvipcw","RD",8,-0.7,"medium",1,"large","high",10,1000,10000,-1,0.268941421369995,-0.0811334008508954,-0.0798328529625709,-0.0866860087968683,0.00555260794597289,0.00685315583429735,0.0160471034961986,0.00555260794597289,0.913333333333333,0.700922333333333,0.679126666666667,0.72313,4985.12,0.738379274558101,300
"fed_ccw_tvipcw","RD",4,-0.7,"medium",1,"low","high",10,300,3000,-1,0.268941421369995,-0.100353436878672,-0.0983569980461479,-0.0906565332145253,-0.00969690366414667,-0.00770046483162262,0.0173215305615212,0.00969690366414667,0.993333333333333,0.607707777777778,0.561244444444444,0.648611111111111,2010.23,0.621731744630296,300
"fed_ccw_tvipcw","RD",6,-0.7,"medium",1,"low","high",10,300,3000,-1,0.268941421369995,-0.0819454772740179,-0.0815680481536463,-0.0882816525755807,0.0063361753015628,0.00671360442193447,0.0234786895328314,0.0063361753015628,0.936666666666667,0.670456666666667,0.629466666666667,0.7134,1720.96666666667,0.695496087195759,300
"fed_ccw_tvipcw","RD",8,-0.7,"medium",1,"low","high",10,300,3000,-1,0.268941421369995,-0.0837488483726923,-0.0810960075548893,-0.0866860087968683,0.002937160424176,0.005590001241979,0.025850052788333,0.002937160424176,0.95,0.701495555555556,0.659388888888889,0.7458,1501.08,0.738323474140332,300
"fed_ccw_tvipcw","RD",4,-0.7,"medium",1,"large","low",10,1000,10000,-5,0.00669285092428486,-0.0591080133927807,-0.0603470795586979,-0.0744906302333885,0.0153826168406078,0.0141435506746906,0.045257318389075,0.0153826168406078,0.85,0.042601,0.0335433333333333,0.0519566666666667,5956.41,0.0411334769112601,300
"fed_ccw_tvipcw","RD",6,-0.7,"medium",1,"large","low",10,1000,10000,-5,0.00669285092428486,-0.0656999637962561,-0.0610161898360723,-0.0642669931487833,-0.00143297064747283,0.00325080331271094,0.035995380875027,0.00143297064747283,0.943333333333333,0.051551,0.04107,0.0622433333333333,4828.52333333333,0.0510128728262611,300
"fed_ccw_tvipcw","RD",8,-0.7,"medium",1,"large","low",10,1000,10000,-5,0.00669285092428486,-0.059594625232792,-0.0554467454772493,-0.0556807706182467,-0.00391385461454525,0.000234025140997407,0.041017454210063,0.00391385461454525,0.883333333333333,0.0588906666666667,0.04804,0.0700766666666667,4018.98,0.0607858937437258,300
"fed_ccw_tvipcw","RD",4,-0.7,"medium",1,"low","low",10,300,3000,-5,0.00669285092428486,-0.0583700071048051,-0.0518443737832988,-0.0744906302333885,0.0161206231285834,0.0226462564500897,0.0856110899365981,0.0161206231285834,0.813333333333333,0.0434966666666667,0.0274111111111111,0.0612888888888889,1785.32666666667,0.0417249728656034,300
"fed_ccw_tvipcw","RD",6,-0.7,"medium",1,"low","low",10,300,3000,-5,0.00669285092428486,-0.0266205200893468,-0.0218960086280867,-0.0642669931487833,0.0376464730594365,0.0423709845206965,0.0592916699313844,0.0376464730594365,0.75,0.0512155555555556,0.0327444444444444,0.0718333333333333,1449.93,0.0522214347842576,300
"fed_ccw_tvipcw","RD",8,-0.7,"medium",1,"low","low",10,300,3000,-5,0.00669285092428486,-0.0401712290726455,-0.0361998667054898,-0.0556807706182467,0.0155095415456012,0.0194809039127569,0.058593159868374,0.0155095415456012,0.826666666666667,0.0588822222222222,0.0398111111111111,0.0791333333333333,1208.72,0.0596162670504002,300
"fed_ipw_no_clone","RD",4,-0.7,"medium",1,"large","high",10,1000,10000,-1,0.268941421369995,-0.157146347387561,-0.15797727860525,-0.0906565332145253,-0.066489814173036,-0.0673207453907247,0.00954608331294454,0.066489814173036,NA,0.606795333333333,0.583526666666667,0.6316,6736.90333333333,0.619209949593489,300
"fed_ipw_no_clone","RD",6,-0.7,"medium",1,"large","high",10,1000,10000,-1,0.268941421369995,-0.191059192370295,-0.191736291073016,-0.0882816525755807,-0.102777539794715,-0.103454638497436,0.0116830045360271,0.102777539794715,NA,0.665664333333333,0.64223,0.688003333333333,5736.41666666667,0.691164952838322,300
"fed_ipw_no_clone","RD",8,-0.7,"medium",1,"large","high",10,1000,10000,-1,0.268941421369995,-0.216305059198358,-0.216588288200683,-0.0866860087968683,-0.12961905040149,-0.129902279403815,0.0124807033999888,0.12961905040149,NA,0.700922333333333,0.679126666666667,0.72313,4985.12,0.738379274558101,300
"fed_ipw_no_clone","RD",4,-0.7,"medium",1,"low","high",10,300,3000,-1,0.268941421369995,-0.170700049333635,-0.168330765685979,-0.0906565332145253,-0.0800435161191102,-0.0776742324714535,0.0194605963566325,0.0800435161191102,NA,0.607707777777778,0.561244444444444,0.648611111111111,2010.23,0.621731744630296,300
"fed_ipw_no_clone","RD",6,-0.7,"medium",1,"low","high",10,300,3000,-1,0.268941421369995,-0.189490251480962,-0.18648660144542,-0.0882816525755807,-0.101208598905382,-0.0982049488698393,0.0208410166703403,0.101208598905382,NA,0.670456666666667,0.629466666666667,0.7134,1720.96666666667,0.695496087195759,300
"fed_ipw_no_clone","RD",8,-0.7,"medium",1,"low","high",10,300,3000,-1,0.268941421369995,-0.216986265055135,-0.217069759830252,-0.0866860087968683,-0.130300256258267,-0.130383751033384,0.0208079424447268,0.130300256258267,NA,0.701495555555556,0.659388888888889,0.7458,1501.08,0.738323474140332,300
"fed_ipw_no_clone","RD",4,-0.7,"medium",1,"large","low",10,1000,10000,-5,0.00669285092428486,-0.115502022621787,-0.112017443621816,-0.0744906302333885,-0.0410113923883985,-0.0375268133884272,0.0602907691531415,0.0410113923883985,NA,0.042601,0.0335433333333333,0.0519566666666667,5956.41,0.0411334769112601,300
"fed_ipw_no_clone","RD",6,-0.7,"medium",1,"large","low",10,1000,10000,-5,0.00669285092428486,-0.159649903232065,-0.154955136043171,-0.0642669931487833,-0.0953829100832817,-0.0906881428943873,0.0539998822449701,0.0953829100832817,NA,0.051551,0.04107,0.0622433333333333,4828.52333333333,0.0510128728262611,300
"fed_ipw_no_clone","RD",8,-0.7,"medium",1,"large","low",10,1000,10000,-5,0.00669285092428486,-0.185858382803542,-0.176831228096069,-0.0556807706182467,-0.130177612185296,-0.121150457477822,0.0749826916517541,0.130177612185296,NA,0.0588906666666667,0.04804,0.0700766666666667,4018.98,0.0607858937437258,300
"fed_ipw_no_clone","RD",4,-0.7,"medium",1,"low","low",10,300,3000,-5,0.00669285092428486,-0.117116565014556,-0.114046508766163,-0.0744906302333885,-0.0426259347811679,-0.0395558785327743,0.114274224682536,0.0426259347811679,NA,0.0434966666666667,0.0274111111111111,0.0612888888888889,1785.32666666667,0.0417249728656034,300
"fed_ipw_no_clone","RD",6,-0.7,"medium",1,"low","low",10,300,3000,-5,0.00669285092428486,-0.102818421535847,-0.0979425467686384,-0.0642669931487833,-0.0385514283870633,-0.0336755536198551,0.0931160064763957,0.0385514283870633,NA,0.0512155555555556,0.0327444444444444,0.0718333333333333,1449.93,0.0522214347842576,300
"fed_ipw_no_clone","RD",8,-0.7,"medium",1,"low","low",10,300,3000,-5,0.00669285092428486,-0.148503675338033,-0.14208763475973,-0.0556807706182467,-0.0928229047197861,-0.0864068641414829,0.101300026138911,0.0928229047197861,NA,0.0588822222222222,0.0398111111111111,0.0791333333333333,1208.72,0.0596162670504002,300
"fed_landmark_ipw","RD",4,-0.7,"medium",1,"large","high",10,1000,10000,-1,0.268941421369995,-0.141516846640441,-0.141317695033399,-0.0906565332145253,-0.0508603134259161,-0.0506611618188735,0.0135581241859604,0.0508603134259161,NA,0.606795333333333,0.583526666666667,0.6316,6736.90333333333,0.619209949593489,300
"fed_landmark_ipw","RD",6,-0.7,"medium",1,"large","high",10,1000,10000,-1,0.268941421369995,-0.132758057888677,-0.133824397260604,-0.0882816525755807,-0.0444764053130959,-0.0455427446850231,0.0160105385718216,0.0444764053130959,NA,0.665664333333333,0.64223,0.688003333333333,5736.41666666667,0.691164952838322,300
"fed_landmark_ipw","RD",8,-0.7,"medium",1,"large","high",10,1000,10000,-1,0.268941421369995,-0.118493804906419,-0.119328030166819,-0.0866860087968683,-0.0318077961095505,-0.0326420213699507,0.017619164148421,0.0318077961095505,NA,0.700922333333333,0.679126666666667,0.72313,4985.12,0.738379274558101,300
"fed_landmark_ipw","RD",4,-0.7,"medium",1,"low","high",10,300,3000,-1,0.268941421369995,-0.137515777007816,-0.13176570007226,-0.0906565332145253,-0.0468592437932908,-0.0411091668577346,0.044654513819582,0.0468592437932908,NA,0.607707777777778,0.561244444444444,0.648611111111111,2010.23,0.621731744630296,300
"fed_landmark_ipw","RD",6,-0.7,"medium",1,"low","high",10,300,3000,-1,0.268941421369995,-0.129318302856187,-0.123970828880442,-0.0882816525755807,-0.0410366502806064,-0.035689176304861,0.0384480479036485,0.0410366502806064,NA,0.670456666666667,0.629466666666667,0.7134,1720.96666666667,0.695496087195759,300
"fed_landmark_ipw","RD",8,-0.7,"medium",1,"low","high",10,300,3000,-1,0.268941421369995,-0.117787996758422,-0.115638633485343,-0.0866860087968683,-0.0311019879615542,-0.0289526246884745,0.0403919878943208,0.0311019879615542,NA,0.701495555555556,0.659388888888889,0.7458,1501.08,0.738323474140332,300
"fed_landmark_ipw","RD",4,-0.7,"medium",1,"large","low",10,1000,10000,-5,0.00669285092428486,-0.143392483973026,-0.117874238086524,-0.0744906302333885,-0.0689018537396377,-0.0433836078531352,0.123967363954684,0.0689018537396377,NA,0.042601,0.0335433333333333,0.0519566666666667,5956.41,0.0411334769112601,300
"fed_landmark_ipw","RD",6,-0.7,"medium",1,"large","low",10,1000,10000,-5,0.00669285092428486,-0.191708485234508,-0.175676832523629,-0.0642669931487833,-0.127441492085725,-0.111409839374845,0.103622798963899,0.127441492085725,NA,0.051551,0.04107,0.0622433333333333,4828.52333333333,0.0510128728262611,300
"fed_landmark_ipw","RD",8,-0.7,"medium",1,"large","low",10,1000,10000,-5,0.00669285092428486,-0.193357131306758,-0.205377508407046,-0.0556807706182467,-0.137676360688511,-0.149696737788799,0.0927913708366971,0.137676360688511,NA,0.0588906666666667,0.04804,0.0700766666666667,4018.98,0.0607858937437258,300
"fed_landmark_ipw","RD",4,-0.7,"medium",1,"low","low",10,300,3000,-5,0.00669285092428486,-0.11747319699888,-0.100385209227108,-0.0744906302333885,-0.0429825667654919,-0.0258945789937197,0.161606158792236,0.0429825667654919,NA,0.0434966666666667,0.0274111111111111,0.0612888888888889,1785.32666666667,0.0417249728656034,300
"fed_landmark_ipw","RD",6,-0.7,"medium",1,"low","low",10,300,3000,-5,0.00669285092428486,-0.072243597253158,-0.0499460422075104,-0.0642669931487833,-0.00797660410437477,0.0143209509412729,0.13142179706945,0.00797660410437477,NA,0.0512155555555556,0.0327444444444444,0.0718333333333333,1449.93,0.0522214347842576,300
"fed_landmark_ipw","RD",8,-0.7,"medium",1,"low","low",10,300,3000,-5,0.00669285092428486,-0.127236505235143,-0.113389354237234,-0.0556807706182467,-0.0715557346168961,-0.0577085836189877,0.136382957697908,0.0715557346168961,NA,0.0588822222222222,0.0398111111111111,0.0791333333333333,1208.72,0.0596162670504002,300
"fed_perprotocol_naive","RD",4,-0.7,"medium",1,"large","high",10,1000,10000,-1,0.268941421369995,0.0656099595806027,0.065337098586607,-0.0906565332145253,0.156266492795128,0.155993631801132,0.00761085057064293,0.156266492795128,NA,0.606795333333333,0.583526666666667,0.6316,6736.90333333333,0.619209949593489,300
"fed_perprotocol_naive","RD",6,-0.7,"medium",1,"large","high",10,1000,10000,-1,0.268941421369995,0.0535940113606426,0.0534661563507862,-0.0882816525755807,0.141875663936223,0.141747808926367,0.00792345156584781,0.141875663936223,NA,0.665664333333333,0.64223,0.688003333333333,5736.41666666667,0.691164952838322,300
"fed_perprotocol_naive","RD",8,-0.7,"medium",1,"large","high",10,1000,10000,-1,0.268941421369995,0.033644450781845,0.0339539296578489,-0.0866860087968683,0.120330459578713,0.120639938454717,0.00791270440151747,0.120330459578713,NA,0.700922333333333,0.679126666666667,0.72313,4985.12,0.738379274558101,300
"fed_perprotocol_naive","RD",4,-0.7,"medium",1,"low","high",10,300,3000,-1,0.268941421369995,0.061694797479853,0.0630657436693862,-0.0906565332145253,0.152351330694378,0.153722276883911,0.014753883652401,0.152351330694378,NA,0.607707777777778,0.561244444444444,0.648611111111111,2010.23,0.621731744630296,300
"fed_perprotocol_naive","RD",6,-0.7,"medium",1,"low","high",10,300,3000,-1,0.268941421369995,0.054863162874456,0.0529774922242636,-0.0882816525755807,0.143144815450037,0.141259144799844,0.0172664892114329,0.143144815450037,NA,0.670456666666667,0.629466666666667,0.7134,1720.96666666667,0.695496087195759,300
"fed_perprotocol_naive","RD",8,-0.7,"medium",1,"low","high",10,300,3000,-1,0.268941421369995,0.0354930343971298,0.0359010282518398,-0.0866860087968683,0.122179043193998,0.122587037048708,0.0156102991092135,0.122179043193998,NA,0.701495555555556,0.659388888888889,0.7458,1501.08,0.738323474140332,300
"fed_perprotocol_naive","RD",4,-0.7,"medium",1,"large","low",10,1000,10000,-5,0.00669285092428486,0.0542086614986241,0.0523596036762687,-0.0744906302333885,0.128699291732013,0.126850233909657,0.0132048119374014,0.128699291732013,NA,0.042601,0.0335433333333333,0.0519566666666667,5956.41,0.0411334769112601,300
"fed_perprotocol_naive","RD",6,-0.7,"medium",1,"large","low",10,1000,10000,-5,0.00669285092428486,0.0466335119603485,0.0467789313404249,-0.0642669931487833,0.110900505109132,0.111045924489208,0.0117930379361741,0.110900505109132,NA,0.051551,0.04107,0.0622433333333333,4828.52333333333,0.0510128728262611,300
"fed_perprotocol_naive","RD",8,-0.7,"medium",1,"large","low",10,1000,10000,-5,0.00669285092428486,0.0392213993976857,0.0395037431553022,-0.0556807706182467,0.0949021700159324,0.0951845137735489,0.0126368325003659,0.0949021700159324,NA,0.0588906666666667,0.04804,0.0700766666666667,4018.98,0.0607858937437258,300
"fed_perprotocol_naive","RD",4,-0.7,"medium",1,"low","low",10,300,3000,-5,0.00669285092428486,0.0565820636646812,0.053426845803536,-0.0744906302333885,0.13107269389807,0.127917476036924,0.0195421071902575,0.13107269389807,NA,0.0434966666666667,0.0274111111111111,0.0612888888888889,1785.32666666667,0.0417249728656034,300
"fed_perprotocol_naive","RD",6,-0.7,"medium",1,"low","low",10,300,3000,-5,0.00669285092428486,0.0478548792300902,0.0511738298526629,-0.0642669931487833,0.112121872378873,0.115440823001446,0.0207914353357774,0.112121872378873,NA,0.0512155555555556,0.0327444444444444,0.0718333333333333,1449.93,0.0522214347842576,300
"fed_perprotocol_naive","RD",8,-0.7,"medium",1,"low","low",10,300,3000,-5,0.00669285092428486,0.0360231217480416,0.0351815233568351,-0.0556807706182467,0.0917038923662884,0.0908622939750818,0.018430631601127,0.0917038923662884,NA,0.0588822222222222,0.0398111111111111,0.0791333333333333,1208.72,0.0596162670504002,300
"local_ccw_meta","RD",4,-0.7,"medium",1,"large","high",10,1000,10000,-1,0.268941421369995,-0.0886293176708502,-0.0884602013558179,-0.0906565332145253,0.0020272155436751,0.00219633185870738,0.00925520090599792,0.0020272155436751,NA,0.606795333333333,0.583526666666667,0.6316,6736.90333333333,0.619209949593489,300
"local_ccw_meta","RD",6,-0.7,"medium",1,"large","high",10,1000,10000,-1,0.268941421369995,-0.0828578755827997,-0.0845130178358916,-0.0882816525755807,0.00542377699278102,0.00376863473968914,0.0120053495550671,0.00542377699278102,NA,0.665664333333333,0.64223,0.688003333333333,5736.41666666667,0.691164952838322,300
"local_ccw_meta","RD",8,-0.7,"medium",1,"large","high",10,1000,10000,-1,0.268941421369995,-0.0743980067224762,-0.0754219776091964,-0.0866860087968683,0.0122880020743921,0.0112640311876719,0.0125362277092315,0.0122880020743921,NA,0.700922333333333,0.679126666666667,0.72313,4985.12,0.738379274558101,300
"local_ccw_meta","RD",4,-0.7,"medium",1,"low","high",10,300,3000,-1,0.268941421369995,-0.093102140998628,-0.0932622708747549,-0.0906565332145253,-0.00244560778410276,-0.00260573766022959,0.0148005605596838,0.00244560778410276,NA,0.607707777777778,0.561244444444444,0.648611111111111,2010.23,0.621731744630296,300
"local_ccw_meta","RD",6,-0.7,"medium",1,"low","high",10,300,3000,-1,0.268941421369995,-0.0749370218837767,-0.074793021063437,-0.0882816525755807,0.013344630691804,0.0134886315121437,0.0220514089002399,0.013344630691804,NA,0.670456666666667,0.629466666666667,0.7134,1720.96666666667,0.695496087195759,300
"local_ccw_meta","RD",8,-0.7,"medium",1,"low","high",10,300,3000,-1,0.268941421369995,-0.0689286492949254,-0.0702824193860956,-0.0866860087968683,0.0177573595019429,0.0164035894107727,0.0187127251817699,0.0177573595019429,NA,0.701495555555556,0.659388888888889,0.7458,1501.08,0.738323474140332,300
"local_ccw_meta","RD",4,-0.7,"medium",1,"large","low",10,1000,10000,-5,0.00669285092428486,-0.0458581726115464,-0.0439650107809855,-0.0744906302333885,0.0286324576218421,0.0305256194524031,0.0379109469359501,0.0286324576218421,NA,0.042601,0.0335433333333333,0.0519566666666667,5956.41,0.0411334769112601,300
"local_ccw_meta","RD",6,-0.7,"medium",1,"large","low",10,1000,10000,-5,0.00669285092428486,-0.0525906079988737,-0.0488039089059479,-0.0642669931487833,0.0116763851499096,0.0154630842428354,0.0300526914624803,0.0116763851499096,NA,0.051551,0.04107,0.0622433333333333,4828.52333333333,0.0510128728262611,300
"local_ccw_meta","RD",8,-0.7,"medium",1,"large","low",10,1000,10000,-5,0.00669285092428486,-0.0432825294267004,-0.0441790338077645,-0.0556807706182467,0.0123982411915463,0.0115017368104822,0.0302861752369685,0.0123982411915463,NA,0.0588906666666667,0.04804,0.0700766666666667,4018.98,0.0607858937437258,300
"local_ccw_meta","RD",4,-0.7,"medium",1,"low","low",10,300,3000,-5,0.00669285092428486,-0.0179252168496005,-0.02079542255064,-0.0744906302333885,0.056565413383788,0.0536952076827485,0.0548594846506598,0.056565413383788,NA,0.0434966666666667,0.0274111111111111,0.0612888888888889,1785.32666666667,0.0417249728656034,300
"local_ccw_meta","RD",6,-0.7,"medium",1,"low","low",10,300,3000,-5,0.00669285092428486,-0.00233032524412377,0.00644720285816008,-0.0642669931487833,0.0619366679046595,0.0707141960069433,0.0406282107734619,0.0619366679046595,NA,0.0512155555555556,0.0327444444444444,0.0718333333333333,1449.93,0.0522214347842576,300
"local_ccw_meta","RD",8,-0.7,"medium",1,"low","low",10,300,3000,-5,0.00669285092428486,-0.0182656431155807,-0.0168418165730768,-0.0556807706182467,0.0374151275026661,0.03883895404517,0.0372067300320395,0.0374151275026661,NA,0.0588822222222222,0.0398111111111111,0.0791333333333333,1208.72,0.0596162670504002,300
"pooled_ccw_tvipcw","RD",4,-0.7,"medium",1,"large","high",10,1000,10000,-1,0.268941421369995,-0.0906596328851787,-0.0902942360684313,-0.0906565332145253,-3.09967065338294e-06,0.000362297146093926,0.00894730079998752,3.09967065338294e-06,0.98,0.606795333333333,0.583526666666667,0.6316,6736.90333333333,0.619209949593489,300
"pooled_ccw_tvipcw","RD",6,-0.7,"medium",1,"large","high",10,1000,10000,-1,0.268941421369995,-0.0870242919051911,-0.089278313577994,-0.0882816525755807,0.00125736067038966,-0.000996661002413246,0.0129100458008396,0.00125736067038966,0.926666666666667,0.665664333333333,0.64223,0.688003333333333,5736.41666666667,0.691164952838322,300
"pooled_ccw_tvipcw","RD",8,-0.7,"medium",1,"large","high",10,1000,10000,-1,0.268941421369995,-0.0804386157931017,-0.0804467129642862,-0.0866860087968683,0.00624739300376659,0.00623929583258204,0.0149836863549627,0.00624739300376659,0.89,0.700922333333333,0.679126666666667,0.72313,4985.12,0.738379274558101,300
"pooled_ccw_tvipcw","RD",4,-0.7,"medium",1,"low","high",10,300,3000,-1,0.268941421369995,-0.0967745406676356,-0.0956413178223443,-0.0906565332145253,-0.00611800745311029,-0.00498478460781904,0.0162101475150081,0.00611800745311029,0.97,0.607707777777778,0.561244444444444,0.648611111111111,2010.23,0.621731744630296,300
"pooled_ccw_tvipcw","RD",6,-0.7,"medium",1,"low","high",10,300,3000,-1,0.268941421369995,-0.083567742143313,-0.0813796643408209,-0.0882816525755807,0.00471391043226776,0.00690198823475979,0.0219523590256821,0.00471391043226776,0.98,0.670456666666667,0.629466666666667,0.7134,1720.96666666667,0.695496087195759,300
"pooled_ccw_tvipcw","RD",8,-0.7,"medium",1,"low","high",10,300,3000,-1,0.268941421369995,-0.0857712898746745,-0.0854596632316021,-0.0866860087968683,0.000914718922193799,0.00122634556526613,0.0236400274480167,0.000914718922193799,0.97,0.701495555555556,0.659388888888889,0.7458,1501.08,0.738323474140332,300
"pooled_ccw_tvipcw","RD",4,-0.7,"medium",1,"large","low",10,1000,10000,-5,0.00669285092428486,-0.0624976913399602,-0.0574186880892388,-0.0744906302333885,0.0119929388934283,0.0170719421441497,0.0415064134079718,0.0119929388934283,0.896666666666667,0.042601,0.0335433333333333,0.0519566666666667,5956.41,0.0411334769112601,300
"pooled_ccw_tvipcw","RD",6,-0.7,"medium",1,"large","low",10,1000,10000,-5,0.00669285092428486,-0.0730311827557192,-0.06477829582759,-0.0642669931487833,-0.00876418960693595,-0.00051130267880678,0.0429367343204923,0.00876418960693595,0.94,0.051551,0.04107,0.0622433333333333,4828.52333333333,0.0510128728262611,300
"pooled_ccw_tvipcw","RD",8,-0.7,"medium",1,"large","low",10,1000,10000,-5,0.00669285092428486,-0.0621539794660573,-0.0585484939480865,-0.0556807706182467,-0.0064732088478106,-0.00286772332983981,0.0364499267192272,0.0064732088478106,0.953333333333333,0.0588906666666667,0.04804,0.0700766666666667,4018.98,0.0607858937437258,300
"pooled_ccw_tvipcw","RD",4,-0.7,"medium",1,"low","low",10,300,3000,-5,0.00669285092428486,-0.0696109721939328,-0.0702907990439418,-0.0744906302333885,0.00487965803945577,0.00419983118944678,0.0712540275379144,0.00487965803945577,0.86,0.0434966666666667,0.0274111111111111,0.0612888888888889,1785.32666666667,0.0417249728656034,300
"pooled_ccw_tvipcw","RD",6,-0.7,"medium",1,"low","low",10,300,3000,-5,0.00669285092428486,-0.0359609254081414,-0.0264963335060128,-0.0642669931487833,0.0283060677406419,0.0377706596427705,0.0610551549671849,0.0283060677406419,0.8,0.0512155555555556,0.0327444444444444,0.0718333333333333,1449.93,0.0522214347842576,300
"pooled_ccw_tvipcw","RD",8,-0.7,"medium",1,"low","low",10,300,3000,-5,0.00669285092428486,-0.0533754627607047,-0.0623068874162913,-0.0556807706182467,0.00230530785754202,-0.00662611679804453,0.0487754058569466,0.00230530785754202,0.88,0.0588822222222222,0.0398111111111111,0.0791333333333333,1208.72,0.0596162670504002,300
"fed_ccw_tvipcw","RMST0",4,-0.7,"medium",1,"large","high",10,1000,10000,-1,0.268941421369995,10.3561245756093,10.3508378789523,10.2632513403433,0.0928732352659591,0.0875865386090204,0.263053696956997,0.0928732352659591,NA,0.606795333333333,0.583526666666667,0.6316,6736.90333333333,0.619209949593489,300
"fed_ccw_tvipcw","RMST0",6,-0.7,"medium",1,"large","high",10,1000,10000,-1,0.268941421369995,10.4607104460715,10.5037906614311,10.2480232548933,0.212687191178247,0.255767406537855,0.434940733497335,0.212687191178247,NA,0.665664333333333,0.64223,0.688003333333333,5736.41666666667,0.691164952838322,300
"fed_ccw_tvipcw","RMST0",8,-0.7,"medium",1,"large","high",10,1000,10000,-1,0.268941421369995,10.3382937886376,10.3776979928648,10.2397591991484,0.0985345894891477,0.137938793716405,0.632937371147121,0.0985345894891477,NA,0.700922333333333,0.679126666666667,0.72313,4985.12,0.738379274558101,300
"fed_ccw_tvipcw","RMST0",4,-0.7,"medium",1,"low","high",10,300,3000,-1,0.268941421369995,9.96272575011361,10.1123813913239,10.2632513403433,-0.300525590229682,-0.150869949019421,0.835419980860627,0.300525590229682,NA,0.607707777777778,0.561244444444444,0.648611111111111,2010.23,0.621731744630296,300
"fed_ccw_tvipcw","RMST0",6,-0.7,"medium",1,"low","high",10,300,3000,-1,0.268941421369995,10.5948213451469,10.6641355689125,10.2480232548933,0.346798090253654,0.416112314019268,0.718411226765171,0.346798090253654,NA,0.670456666666667,0.629466666666667,0.7134,1720.96666666667,0.695496087195759,300
"fed_ccw_tvipcw","RMST0",8,-0.7,"medium",1,"low","high",10,300,3000,-1,0.268941421369995,10.4817806363532,10.4802348103209,10.2397591991484,0.242021437204746,0.240475611172513,0.85082882744724,0.242021437204746,NA,0.701495555555556,0.659388888888889,0.7458,1501.08,0.738323474140332,300
"fed_ccw_tvipcw","RMST0",4,-0.7,"medium",1,"large","low",10,1000,10000,-5,0.00669285092428486,10.2378094767838,10.2387142774508,10.2402817031423,-0.0024722263585862,-0.00156742569151014,0.0861642572486947,0.0024722263585862,NA,0.042601,0.0335433333333333,0.0519566666666667,5956.41,0.0411334769112601,300
"fed_ccw_tvipcw","RMST0",6,-0.7,"medium",1,"large","low",10,1000,10000,-5,0.00669285092428486,10.2511140643965,10.2550511456142,10.2363821818315,0.0147318825650116,0.0186689637827406,0.0850487069572699,0.0147318825650116,NA,0.051551,0.04107,0.0622433333333333,4828.52333333333,0.0510128728262611,300
"fed_ccw_tvipcw","RMST0",8,-0.7,"medium",1,"large","low",10,1000,10000,-5,0.00669285092428486,10.2008763550968,10.1869749952192,10.2372042558539,-0.0363279007570379,-0.0502292606346995,0.0877694016418457,0.0363279007570379,NA,0.0588906666666667,0.04804,0.0700766666666667,4018.98,0.0607858937437258,300
"fed_ccw_tvipcw","RMST0",4,-0.7,"medium",1,"low","low",10,300,3000,-5,0.00669285092428486,10.2358188476948,10.2275520532049,10.2402817031423,-0.00446285544758269,-0.0127296499374605,0.198424727699235,0.00446285544758269,NA,0.0434966666666667,0.0274111111111111,0.0612888888888889,1785.32666666667,0.0417249728656034,300
"fed_ccw_tvipcw","RMST0",6,-0.7,"medium",1,"low","low",10,300,3000,-5,0.00669285092428486,10.252342709952,10.269212498786,10.2363821818315,0.0159605281205063,0.0328303169544846,0.180914970244897,0.0159605281205063,NA,0.0512155555555556,0.0327444444444444,0.0718333333333333,1449.93,0.0522214347842576,300
"fed_ccw_tvipcw","RMST0",8,-0.7,"medium",1,"low","low",10,300,3000,-5,0.00669285092428486,10.2155615644838,10.2174438924525,10.2372042558539,-0.0216426913700796,-0.0197603634013657,0.147575699558939,0.0216426913700796,NA,0.0588822222222222,0.0398111111111111,0.0791333333333333,1208.72,0.0596162670504002,300
"fed_ipw_no_clone","RMST0",4,-0.7,"medium",1,"large","high",10,1000,10000,-1,0.268941421369995,8.29417997057015,8.30166323453442,10.2632513403433,-1.96907136977315,-1.96158810580887,0.21809294477396,1.96907136977315,NA,0.606795333333333,0.583526666666667,0.6316,6736.90333333333,0.619209949593489,300
"fed_ipw_no_clone","RMST0",6,-0.7,"medium",1,"large","high",10,1000,10000,-1,0.268941421369995,6.88070003444614,6.89734621949458,10.2480232548933,-3.36732322044713,-3.35067703539868,0.298986413413957,3.36732322044713,NA,0.665664333333333,0.64223,0.688003333333333,5736.41666666667,0.691164952838322,300
"fed_ipw_no_clone","RMST0",8,-0.7,"medium",1,"large","high",10,1000,10000,-1,0.268941421369995,5.67067373910501,5.67236946540298,10.2397591991484,-4.56908546004342,-4.56738973374545,0.374794283640184,4.56908546004342,NA,0.700922333333333,0.679126666666667,0.72313,4985.12,0.738379274558101,300
"fed_ipw_no_clone","RMST0",4,-0.7,"medium",1,"low","high",10,300,3000,-1,0.268941421369995,7.92182016305674,8.03547567908594,10.2632513403433,-2.34143117728655,-2.22777566125735,0.789400935871727,2.34143117728655,NA,0.607707777777778,0.561244444444444,0.648611111111111,2010.23,0.621731744630296,300
"fed_ipw_no_clone","RMST0",6,-0.7,"medium",1,"low","high",10,300,3000,-1,0.268941421369995,6.92519915627688,7.01130201752585,10.2480232548933,-3.32282409861638,-3.23672123736741,0.50238225084853,3.32282409861638,NA,0.670456666666667,0.629466666666667,0.7134,1720.96666666667,0.695496087195759,300
"fed_ipw_no_clone","RMST0",8,-0.7,"medium",1,"low","high",10,300,3000,-1,0.268941421369995,5.8206430832734,5.78551541467137,10.2397591991484,-4.41911611587503,-4.45424378447706,0.467367770904855,4.41911611587503,NA,0.701495555555556,0.659388888888889,0.7458,1501.08,0.738323474140332,300
"fed_ipw_no_clone","RMST0",4,-0.7,"medium",1,"large","low",10,1000,10000,-5,0.00669285092428486,10.1612382397869,10.1635322400932,10.2402817031423,-0.0790434633554921,-0.0767494630491434,0.0859844287388501,0.0790434633554921,NA,0.042601,0.0335433333333333,0.0519566666666667,5956.41,0.0411334769112601,300
"fed_ipw_no_clone","RMST0",6,-0.7,"medium",1,"large","low",10,1000,10000,-5,0.00669285092428486,10.1108419224539,10.1146665822388,10.2363821818315,-0.125540259377584,-0.121715599592745,0.0838445002118766,0.125540259377584,NA,0.051551,0.04107,0.0622433333333333,4828.52333333333,0.0510128728262611,300
"fed_ipw_no_clone","RMST0",8,-0.7,"medium",1,"large","low",10,1000,10000,-5,0.00669285092428486,9.99678268615595,9.98280465729811,10.2372042558539,-0.240421569697919,-0.254399598555768,0.0895272917222438,0.240421569697919,NA,0.0588906666666667,0.04804,0.0700766666666667,4018.98,0.0607858937437258,300
"fed_ipw_no_clone","RMST0",4,-0.7,"medium",1,"low","low",10,300,3000,-5,0.00669285092428486,10.1556710354036,10.1438137602302,10.2402817031423,-0.0846106677387232,-0.0964679429121365,0.199065658430153,0.0846106677387232,NA,0.0434966666666667,0.0274111111111111,0.0612888888888889,1785.32666666667,0.0417249728656034,300
"fed_ipw_no_clone","RMST0",6,-0.7,"medium",1,"low","low",10,300,3000,-5,0.00669285092428486,10.1108271644837,10.132572675031,10.2363821818315,-0.125555017347822,-0.103809506800479,0.184369366411623,0.125555017347822,NA,0.0512155555555556,0.0327444444444444,0.0718333333333333,1449.93,0.0522214347842576,300
"fed_ipw_no_clone","RMST0",8,-0.7,"medium",1,"low","low",10,300,3000,-5,0.00669285092428486,10.0188828948825,10.0257675804723,10.2372042558539,-0.218321360971339,-0.211436675381579,0.147728460184625,0.218321360971339,NA,0.0588822222222222,0.0398111111111111,0.0791333333333333,1208.72,0.0596162670504002,300
"fed_landmark_ipw","RMST0",4,-0.7,"medium",1,"large","high",10,1000,10000,-1,0.268941421369995,15.7852258634702,15.7642370251791,10.2632513403433,5.52197452312693,5.50098568483576,0.234630145444797,5.52197452312693,NA,0.606795333333333,0.583526666666667,0.6316,6736.90333333333,0.619209949593489,300
"fed_landmark_ipw","RMST0",6,-0.7,"medium",1,"large","high",10,1000,10000,-1,0.268941421369995,18.383096213806,18.3717231270843,10.2480232548933,8.13507295891276,8.12369987219099,0.270298927702525,8.13507295891276,NA,0.665664333333333,0.64223,0.688003333333333,5736.41666666667,0.691164952838322,300
"fed_landmark_ipw","RMST0",8,-0.7,"medium",1,"large","high",10,1000,10000,-1,0.268941421369995,20.6251974380985,20.647128177862,10.2397591991484,10.3854382389501,10.4073689787136,0.309797077353158,10.3854382389501,NA,0.700922333333333,0.679126666666667,0.72313,4985.12,0.738379274558101,300
"fed_landmark_ipw","RMST0",4,-0.7,"medium",1,"low","high",10,300,3000,-1,0.268941421369995,15.7724550418371,15.8072497228787,10.2632513403433,5.50920370149376,5.54399838253539,0.455493783059174,5.50920370149376,NA,0.607707777777778,0.561244444444444,0.648611111111111,2010.23,0.621731744630296,300
"fed_landmark_ipw","RMST0",6,-0.7,"medium",1,"low","high",10,300,3000,-1,0.268941421369995,18.4893799563236,18.5040404623104,10.2480232548933,8.24135670143036,8.25601720741716,0.495206745943789,8.24135670143036,NA,0.670456666666667,0.629466666666667,0.7134,1720.96666666667,0.695496087195759,300
"fed_landmark_ipw","RMST0",8,-0.7,"medium",1,"low","high",10,300,3000,-1,0.268941421369995,20.6985045543611,20.7704364032494,10.2397591991484,10.4587453552126,10.5306772041009,0.796755317983455,10.4587453552126,NA,0.701495555555556,0.659388888888889,0.7458,1501.08,0.738323474140332,300
"fed_landmark_ipw","RMST0",4,-0.7,"medium",1,"large","low",10,1000,10000,-5,0.00669285092428486,15.6774444597109,15.6682702841399,10.2402817031423,5.43716275656852,5.42798858099754,0.115587495415413,5.43716275656852,NA,0.042601,0.0335433333333333,0.0519566666666667,5956.41,0.0411334769112601,300
"fed_landmark_ipw","RMST0",6,-0.7,"medium",1,"large","low",10,1000,10000,-5,0.00669285092428486,18.1450318671438,18.1416467727914,10.2363821818315,7.90864968531225,7.9052645909599,0.109647553150904,7.90864968531225,NA,0.051551,0.04107,0.0622433333333333,4828.52333333333,0.0510128728262611,300
"fed_landmark_ipw","RMST0",8,-0.7,"medium",1,"large","low",10,1000,10000,-5,0.00669285092428486,20.268224800479,20.2597546886975,10.2372042558539,10.0310205446251,10.0225504328437,0.131719777713866,10.0310205446251,NA,0.0588906666666667,0.04804,0.0700766666666667,4018.98,0.0607858937437258,300
"fed_landmark_ipw","RMST0",4,-0.7,"medium",1,"low","low",10,300,3000,-5,0.00669285092428486,15.6807189746508,15.6985923586332,10.2402817031423,5.44043727150848,5.4583106554909,0.226687357480234,5.44043727150848,NA,0.0434966666666667,0.0274111111111111,0.0612888888888889,1785.32666666667,0.0417249728656034,300
"fed_landmark_ipw","RMST0",6,-0.7,"medium",1,"low","low",10,300,3000,-5,0.00669285092428486,18.1598778657056,18.2105735484571,10.2363821818315,7.92349568387414,7.97419136662557,0.261942517888084,7.92349568387414,NA,0.0512155555555556,0.0327444444444444,0.0718333333333333,1449.93,0.0522214347842576,300
"fed_landmark_ipw","RMST0",8,-0.7,"medium",1,"low","low",10,300,3000,-5,0.00669285092428486,20.2358981133487,20.2533907244264,10.2372042558539,9.9986938574948,10.0161864685726,0.235576292310414,9.9986938574948,NA,0.0588822222222222,0.0398111111111111,0.0791333333333333,1208.72,0.0596162670504002,300
"fed_perprotocol_naive","RMST0",4,-0.7,"medium",1,"large","high",10,1000,10000,-1,0.268941421369995,13.0302454770602,13.0394731790828,10.2632513403433,2.76699413671691,2.77622183873951,0.185512472053166,2.76699413671691,NA,0.606795333333333,0.583526666666667,0.6316,6736.90333333333,0.619209949593489,300
"fed_perprotocol_naive","RMST0",6,-0.7,"medium",1,"large","high",10,1000,10000,-1,0.268941421369995,12.5337358722412,12.5444448227174,10.2480232548933,2.28571261734789,2.29642156782414,0.199833317810226,2.28571261734789,NA,0.665664333333333,0.64223,0.688003333333333,5736.41666666667,0.691164952838322,300
"fed_perprotocol_naive","RMST0",8,-0.7,"medium",1,"large","high",10,1000,10000,-1,0.268941421369995,11.7507495321254,11.7640111957688,10.2397591991484,1.51099033297692,1.52425199662039,0.203872898020046,1.51099033297692,NA,0.700922333333333,0.679126666666667,0.72313,4985.12,0.738379274558101,300
"fed_perprotocol_naive","RMST0",4,-0.7,"medium",1,"low","high",10,300,3000,-1,0.268941421369995,12.9066806774973,12.8882273771222,10.2632513403433,2.64342933715401,2.62497603677889,0.369335752231125,2.64342933715401,NA,0.607707777777778,0.561244444444444,0.648611111111111,2010.23,0.621731744630296,300
"fed_perprotocol_naive","RMST0",6,-0.7,"medium",1,"low","high",10,300,3000,-1,0.268941421369995,12.5708662825636,12.5504686635811,10.2480232548933,2.32284302767036,2.30244540868779,0.418260314497302,2.32284302767036,NA,0.670456666666667,0.629466666666667,0.7134,1720.96666666667,0.695496087195759,300
"fed_perprotocol_naive","RMST0",8,-0.7,"medium",1,"low","high",10,300,3000,-1,0.268941421369995,11.8532544640041,11.8982565797351,10.2397591991484,1.61349526485565,1.6584973805867,0.37732321316167,1.61349526485565,NA,0.701495555555556,0.659388888888889,0.7458,1501.08,0.738323474140332,300
"fed_perprotocol_naive","RMST0",4,-0.7,"medium",1,"large","low",10,1000,10000,-5,0.00669285092428486,10.4157469226706,10.4204869597187,10.2402817031423,0.175465219528274,0.180205256576302,0.0910217058657928,0.175465219528274,NA,0.042601,0.0335433333333333,0.0519566666666667,5956.41,0.0411334769112601,300
"fed_perprotocol_naive","RMST0",6,-0.7,"medium",1,"large","low",10,1000,10000,-5,0.00669285092428486,10.4252976907899,10.4282543596584,10.2363821818315,0.188915508958431,0.191872177826943,0.0871817911005821,0.188915508958431,NA,0.051551,0.04107,0.0622433333333333,4828.52333333333,0.0510128728262611,300
"fed_perprotocol_naive","RMST0",8,-0.7,"medium",1,"large","low",10,1000,10000,-5,0.00669285092428486,10.3549909869062,10.3429391100663,10.2372042558539,0.117786731052281,0.105734854212427,0.0904306411791536,0.117786731052281,NA,0.0588906666666667,0.04804,0.0700766666666667,4018.98,0.0607858937437258,300
"fed_perprotocol_naive","RMST0",4,-0.7,"medium",1,"low","low",10,300,3000,-5,0.00669285092428486,10.4153236993805,10.4105033798709,10.2402817031423,0.175041996238179,0.170221676728508,0.20133622854622,0.175041996238179,NA,0.0434966666666667,0.0274111111111111,0.0612888888888889,1785.32666666667,0.0417249728656034,300
"fed_perprotocol_naive","RMST0",6,-0.7,"medium",1,"low","low",10,300,3000,-5,0.00669285092428486,10.4162523833479,10.4283946082823,10.2363821818315,0.179870201516413,0.192012426450768,0.181719367421379,0.179870201516413,NA,0.0512155555555556,0.0327444444444444,0.0718333333333333,1449.93,0.0522214347842576,300
"fed_perprotocol_naive","RMST0",8,-0.7,"medium",1,"low","low",10,300,3000,-5,0.00669285092428486,10.3775445483848,10.3820414005574,10.2372042558539,0.140340292530955,0.144837144703489,0.151824605846017,0.140340292530955,NA,0.0588822222222222,0.0398111111111111,0.0791333333333333,1208.72,0.0596162670504002,300
"local_ccw_meta","RMST0",4,-0.7,"medium",1,"large","high",10,1000,10000,-1,0.268941421369995,10.4364884053168,10.4252220918534,10.2632513403433,0.173237064973495,0.161970751510143,0.235208459732851,0.173237064973495,NA,0.606795333333333,0.583526666666667,0.6316,6736.90333333333,0.619209949593489,300
"local_ccw_meta","RMST0",6,-0.7,"medium",1,"large","high",10,1000,10000,-1,0.268941421369995,10.6116563488847,10.6172574531857,10.2480232548933,0.363633093991405,0.36923419829243,0.355503781067135,0.363633093991405,NA,0.665664333333333,0.64223,0.688003333333333,5736.41666666667,0.691164952838322,300
"local_ccw_meta","RMST0",8,-0.7,"medium",1,"large","high",10,1000,10000,-1,0.268941421369995,10.6111013373637,10.5922328265641,10.2397591991484,0.371342138215223,0.352473627415701,0.462552966163967,0.371342138215223,NA,0.700922333333333,0.679126666666667,0.72313,4985.12,0.738379274558101,300
"local_ccw_meta","RMST0",4,-0.7,"medium",1,"low","high",10,300,3000,-1,0.268941421369995,10.30429494415,10.3235201622021,10.2632513403433,0.0410436038066646,0.0602688218587595,0.446348270432894,0.0410436038066646,NA,0.607707777777778,0.561244444444444,0.648611111111111,2010.23,0.621731744630296,300
"local_ccw_meta","RMST0",6,-0.7,"medium",1,"low","high",10,300,3000,-1,0.268941421369995,10.8815463150176,10.9071368660969,10.2480232548933,0.633523060124309,0.659113611203662,0.600609095117951,0.633523060124309,NA,0.670456666666667,0.629466666666667,0.7134,1720.96666666667,0.695496087195759,300
"local_ccw_meta","RMST0",8,-0.7,"medium",1,"low","high",10,300,3000,-1,0.268941421369995,11.0017066482551,10.9565505712713,10.2397591991484,0.761947449106687,0.716791372122888,0.557239166128272,0.761947449106687,NA,0.701495555555556,0.659388888888889,0.7458,1501.08,0.738323474140332,300
"local_ccw_meta","RMST0",4,-0.7,"medium",1,"large","low",10,1000,10000,-5,0.00669285092428486,10.2378280694642,10.2387504284405,10.2402817031423,-0.0024536336781816,-0.00153127470184522,0.0861673611494436,0.0024536336781816,NA,0.042601,0.0335433333333333,0.0519566666666667,5956.41,0.0411334769112601,300
"local_ccw_meta","RMST0",6,-0.7,"medium",1,"large","low",10,1000,10000,-5,0.00669285092428486,10.2511445863461,10.2550257882543,10.2363821818315,0.0147624045146306,0.0186436064227795,0.0850184996580525,0.0147624045146306,NA,0.051551,0.04107,0.0622433333333333,4828.52333333333,0.0510128728262611,300
"local_ccw_meta","RMST0",8,-0.7,"medium",1,"large","low",10,1000,10000,-5,0.00669285092428486,10.2009685917452,10.1869692180232,10.2372042558539,-0.0362356641086837,-0.0502350378306939,0.0877777699030037,0.0362356641086837,NA,0.0588906666666667,0.04804,0.0700766666666667,4018.98,0.0607858937437258,300
"local_ccw_meta","RMST0",4,-0.7,"medium",1,"low","low",10,300,3000,-5,0.00669285092428486,10.2359601661454,10.2276873997905,10.2402817031423,-0.00432153699691825,-0.012594303351813,0.19839113042656,0.00432153699691825,NA,0.0434966666666667,0.0274111111111111,0.0612888888888889,1785.32666666667,0.0417249728656034,300
"local_ccw_meta","RMST0",6,-0.7,"medium",1,"low","low",10,300,3000,-5,0.00669285092428486,10.2524959980892,10.2686724734555,10.2363821818315,0.0161138162576871,0.0322902916239993,0.180850295685167,0.0161138162576871,NA,0.0512155555555556,0.0327444444444444,0.0718333333333333,1449.93,0.0522214347842576,300
"local_ccw_meta","RMST0",8,-0.7,"medium",1,"low","low",10,300,3000,-5,0.00669285092428486,10.2158354853845,10.2180216842215,10.2372042558539,-0.0213687704693493,-0.0191825716323972,0.147612440673058,0.0213687704693493,NA,0.0588822222222222,0.0398111111111111,0.0791333333333333,1208.72,0.0596162670504002,300
"pooled_ccw_tvipcw","RMST0",4,-0.7,"medium",1,"large","high",10,1000,10000,-1,0.268941421369995,10.3262673750691,10.3145415170458,10.2632513403433,0.0630160347258231,0.0512901767025475,0.286023785851185,0.0630160347258231,NA,0.606795333333333,0.583526666666667,0.6316,6736.90333333333,0.619209949593489,300
"pooled_ccw_tvipcw","RMST0",6,-0.7,"medium",1,"large","high",10,1000,10000,-1,0.268941421369995,10.4443687492594,10.4937186565102,10.2480232548933,0.196345494366169,0.245695401616922,0.416467007110261,0.196345494366169,NA,0.665664333333333,0.64223,0.688003333333333,5736.41666666667,0.691164952838322,300
"pooled_ccw_tvipcw","RMST0",8,-0.7,"medium",1,"large","high",10,1000,10000,-1,0.268941421369995,10.3579590082399,10.3587170249847,10.2397591991484,0.118199809091485,0.118957825836262,0.610502307129382,0.118199809091485,NA,0.700922333333333,0.679126666666667,0.72313,4985.12,0.738379274558101,300
"pooled_ccw_tvipcw","RMST0",4,-0.7,"medium",1,"low","high",10,300,3000,-1,0.268941421369995,10.1234758230239,10.2030425237924,10.2632513403433,-0.139775517319363,-0.0602088165508867,0.634673526309379,0.139775517319363,NA,0.607707777777778,0.561244444444444,0.648611111111111,2010.23,0.621731744630296,300
"pooled_ccw_tvipcw","RMST0",6,-0.7,"medium",1,"low","high",10,300,3000,-1,0.268941421369995,10.5168864146291,10.5379623788973,10.2480232548933,0.268863159735809,0.289939124004077,0.636524214621836,0.268863159735809,NA,0.670456666666667,0.629466666666667,0.7134,1720.96666666667,0.695496087195759,300
"pooled_ccw_tvipcw","RMST0",8,-0.7,"medium",1,"low","high",10,300,3000,-1,0.268941421369995,10.3859434787544,10.4690979810101,10.2397591991484,0.146184279605997,0.229338781861664,0.727084273419296,0.146184279605997,NA,0.701495555555556,0.659388888888889,0.7458,1501.08,0.738323474140332,300
"pooled_ccw_tvipcw","RMST0",4,-0.7,"medium",1,"large","low",10,1000,10000,-5,0.00669285092428486,10.2378242545573,10.239213511723,10.2402817031423,-0.00245744858507022,-0.00106819141934267,0.086188680556999,0.00245744858507022,NA,0.042601,0.0335433333333333,0.0519566666666667,5956.41,0.0411334769112601,300
"pooled_ccw_tvipcw","RMST0",6,-0.7,"medium",1,"large","low",10,1000,10000,-5,0.00669285092428486,10.2516220305517,10.2554798967254,10.2363821818315,0.0152398487201862,0.0190977148939186,0.0852321871293661,0.0152398487201862,NA,0.051551,0.04107,0.0622433333333333,4828.52333333333,0.0510128728262611,300
"pooled_ccw_tvipcw","RMST0",8,-0.7,"medium",1,"large","low",10,1000,10000,-5,0.00669285092428486,10.1998685552896,10.1851842640213,10.2372042558539,-0.0373357005642235,-0.0520199918325357,0.0878098848861336,0.0373357005642235,NA,0.0588906666666667,0.04804,0.0700766666666667,4018.98,0.0607858937437258,300
"pooled_ccw_tvipcw","RMST0",4,-0.7,"medium",1,"low","low",10,300,3000,-5,0.00669285092428486,10.2358433430083,10.2286373576015,10.2402817031423,-0.00443836013403658,-0.0116443455408355,0.200445604115646,0.00443836013403658,NA,0.0434966666666667,0.0274111111111111,0.0612888888888889,1785.32666666667,0.0417249728656034,300
"pooled_ccw_tvipcw","RMST0",6,-0.7,"medium",1,"low","low",10,300,3000,-5,0.00669285092428486,10.2502762758186,10.2670071448564,10.2363821818315,0.0138940939871394,0.030624963024918,0.181159466257897,0.0138940939871394,NA,0.0512155555555556,0.0327444444444444,0.0718333333333333,1449.93,0.0522214347842576,300
"pooled_ccw_tvipcw","RMST0",8,-0.7,"medium",1,"low","low",10,300,3000,-5,0.00669285092428486,10.2133878989045,10.2143909042156,10.2372042558539,-0.0238163569493737,-0.0228133516382254,0.147727098031296,0.0238163569493737,NA,0.0588822222222222,0.0398111111111111,0.0791333333333333,1208.72,0.0596162670504002,300
"fed_ccw_tvipcw","RMST1",4,-0.7,"medium",1,"large","high",10,1000,10000,-1,0.268941421369995,13.1663566025587,13.1727736714928,13.1067825583826,0.0595740441761848,0.0659911131102557,0.221726651343083,0.0595740441761848,NA,0.606795333333333,0.583526666666667,0.6316,6736.90333333333,0.619209949593489,300
"fed_ccw_tvipcw","RMST1",6,-0.7,"medium",1,"large","high",10,1000,10000,-1,0.268941421369995,13.0511139198629,13.0343389124779,12.9309598012191,0.120154118643818,0.103379111258807,0.199591162578856,0.120154118643818,NA,0.665664333333333,0.64223,0.688003333333333,5736.41666666667,0.691164952838322,300
"fed_ccw_tvipcw","RMST1",8,-0.7,"medium",1,"large","high",10,1000,10000,-1,0.268941421369995,12.862253585081,12.8976531983584,12.8514047025947,0.0108488824863162,0.0462484957637788,0.275412045817405,0.0108488824863162,NA,0.700922333333333,0.679126666666667,0.72313,4985.12,0.738379274558101,300
"fed_ccw_tvipcw","RMST1",4,-0.7,"medium",1,"low","high",10,300,3000,-1,0.268941421369995,13.0403995386061,13.0984105257691,13.1067825583826,-0.0663830197764416,-0.00837203261345643,0.607882062167582,0.0663830197764416,NA,0.607707777777778,0.561244444444444,0.648611111111111,2010.23,0.621731744630296,300
"fed_ccw_tvipcw","RMST1",6,-0.7,"medium",1,"low","high",10,300,3000,-1,0.268941421369995,13.035317360299,13.0362871889035,12.9309598012191,0.104357559079954,0.105327387684429,0.420115122488511,0.104357559079954,NA,0.670456666666667,0.629466666666667,0.7134,1720.96666666667,0.695496087195759,300
"fed_ccw_tvipcw","RMST1",8,-0.7,"medium",1,"low","high",10,300,3000,-1,0.268941421369995,12.9862403091988,12.9700476678045,12.8514047025947,0.134835606604132,0.118642965209848,0.366197845661409,0.134835606604132,NA,0.701495555555556,0.659388888888889,0.7458,1501.08,0.738323474140332,300
"fed_ccw_tvipcw","RMST1",4,-0.7,"medium",1,"large","low",10,1000,10000,-5,0.00669285092428486,12.1555028559497,12.1633037705844,12.3123314699663,-0.156828614016651,-0.149027699381875,0.929767419275215,0.156828614016651,NA,0.042601,0.0335433333333333,0.0519566666666667,5956.41,0.0411334769112601,300
"fed_ccw_tvipcw","RMST1",6,-0.7,"medium",1,"large","low",10,1000,10000,-5,0.00669285092428486,11.7924916502141,11.7637972648409,11.7500699407729,0.0424217094412184,0.0137273240680216,0.607046917726992,0.0424217094412184,NA,0.051551,0.04107,0.0622433333333333,4828.52333333333,0.0510128728262611,300
"fed_ccw_tvipcw","RMST1",8,-0.7,"medium",1,"large","low",10,1000,10000,-5,0.00669285092428486,11.3393653913662,11.2888348483159,11.373640114069,-0.0342747227027919,-0.0848052657530882,0.641013770239996,0.0342747227027919,NA,0.0588906666666667,0.04804,0.0700766666666667,4018.98,0.0607858937437258,300
"fed_ccw_tvipcw","RMST1",4,-0.7,"medium",1,"low","low",10,300,3000,-5,0.00669285092428486,11.9069418717279,11.825732741088,12.3123314699663,-0.405389598238448,-0.486598728878285,1.97620787311286,0.405389598238448,NA,0.0434966666666667,0.0274111111111111,0.0612888888888889,1785.32666666667,0.0417249728656034,300
"fed_ccw_tvipcw","RMST1",6,-0.7,"medium",1,"low","low",10,300,3000,-5,0.00669285092428486,11.1760520489424,11.167941360614,11.7500699407729,-0.574017891830549,-0.582128580158923,1.22469188246692,0.574017891830549,NA,0.0512155555555556,0.0327444444444444,0.0718333333333333,1449.93,0.0522214347842576,300
"fed_ccw_tvipcw","RMST1",8,-0.7,"medium",1,"low","low",10,300,3000,-5,0.00669285092428486,11.1194809561859,11.0410274027611,11.373640114069,-0.25415915788305,-0.33261271130792,0.935985379427116,0.25415915788305,NA,0.0588822222222222,0.0398111111111111,0.0791333333333333,1208.72,0.0596162670504002,300
"fed_ipw_no_clone","RMST1",4,-0.7,"medium",1,"large","high",10,1000,10000,-1,0.268941421369995,15.1375117107175,15.1131620282705,13.1067825583826,2.03072915233498,2.00637946988798,0.186990938727585,2.03072915233498,NA,0.606795333333333,0.583526666666667,0.6316,6736.90333333333,0.619209949593489,300
"fed_ipw_no_clone","RMST1",6,-0.7,"medium",1,"large","high",10,1000,10000,-1,0.268941421369995,15.6348871978143,15.6467977004641,12.9309598012191,2.70392739659524,2.71583789924507,0.200742068963544,2.70392739659524,NA,0.665664333333333,0.64223,0.688003333333333,5736.41666666667,0.691164952838322,300
"fed_ipw_no_clone","RMST1",8,-0.7,"medium",1,"large","high",10,1000,10000,-1,0.268941421369995,15.859504567748,15.8778506531827,12.8514047025947,3.00809986515332,3.02644595058805,0.2004041352381,3.00809986515332,NA,0.700922333333333,0.679126666666667,0.72313,4985.12,0.738379274558101,300
"fed_ipw_no_clone","RMST1",4,-0.7,"medium",1,"low","high",10,300,3000,-1,0.268941421369995,15.1970093394628,15.2004635317742,13.1067825583826,2.09022678108022,2.09368097339161,0.332819406781163,2.09022678108022,NA,0.607707777777778,0.561244444444444,0.648611111111111,2010.23,0.621731744630296,300
"fed_ipw_no_clone","RMST1",6,-0.7,"medium",1,"low","high",10,300,3000,-1,0.268941421369995,15.5904027655713,15.582961411664,12.9309598012191,2.65944296435227,2.65200161044489,0.382393400961493,2.65944296435227,NA,0.670456666666667,0.629466666666667,0.7134,1720.96666666667,0.695496087195759,300
"fed_ipw_no_clone","RMST1",8,-0.7,"medium",1,"low","high",10,300,3000,-1,0.268941421369995,15.9258838625392,15.9033324244383,12.8514047025947,3.07447915994454,3.05192772184366,0.351415056428147,3.07447915994454,NA,0.701495555555556,0.659388888888889,0.7458,1501.08,0.738323474140332,300
"fed_ipw_no_clone","RMST1",4,-0.7,"medium",1,"large","low",10,1000,10000,-5,0.00669285092428486,15.2783839509446,15.1893287526684,12.3123314699663,2.96605248097825,2.87699728270211,1.37247514258823,2.96605248097825,NA,0.042601,0.0335433333333333,0.0519566666666667,5956.41,0.0411334769112601,300
"fed_ipw_no_clone","RMST1",6,-0.7,"medium",1,"large","low",10,1000,10000,-5,0.00669285092428486,16.3300340892342,16.2489699047826,11.7500699407729,4.57996414846126,4.49889996400974,1.01038299318725,4.57996414846126,NA,0.051551,0.04107,0.0622433333333333,4828.52333333333,0.0510128728262611,300
"fed_ipw_no_clone","RMST1",8,-0.7,"medium",1,"large","low",10,1000,10000,-5,0.00669285092428486,17.0009190677797,16.8743323400667,11.373640114069,5.62727895371073,5.50069222599772,1.31893861149463,5.62727895371073,NA,0.0588906666666667,0.04804,0.0700766666666667,4018.98,0.0607858937437258,300
"fed_ipw_no_clone","RMST1",4,-0.7,"medium",1,"low","low",10,300,3000,-5,0.00669285092428486,15.0939079730503,14.7809116050856,12.3123314699663,2.78157650308399,2.46858013511934,2.72886608548418,2.78157650308399,NA,0.0434966666666667,0.0274111111111111,0.0612888888888889,1785.32666666667,0.0417249728656034,300
"fed_ipw_no_clone","RMST1",6,-0.7,"medium",1,"low","low",10,300,3000,-5,0.00669285092428486,15.4583419957261,15.3903325632667,11.7500699407729,3.70827205495323,3.64026262249379,2.06900108681255,3.70827205495323,NA,0.0512155555555556,0.0327444444444444,0.0718333333333333,1449.93,0.0522214347842576,300
"fed_ipw_no_clone","RMST1",8,-0.7,"medium",1,"low","low",10,300,3000,-5,0.00669285092428486,16.415028340623,16.2210339380082,11.373640114069,5.04138822655396,4.84739382393919,2.05143849510837,5.04138822655396,NA,0.0588822222222222,0.0398111111111111,0.0791333333333333,1208.72,0.0596162670504002,300
"fed_landmark_ipw","RMST1",4,-0.7,"medium",1,"large","high",10,1000,10000,-1,0.268941421369995,18.9586574142772,18.9182319151125,13.1067825583826,5.85187485589464,5.81144935672989,0.272337723629129,5.85187485589464,NA,0.606795333333333,0.583526666666667,0.6316,6736.90333333333,0.619209949593489,300
"fed_landmark_ipw","RMST1",6,-0.7,"medium",1,"large","high",10,1000,10000,-1,0.268941421369995,20.8233325279658,20.8318537774858,12.9309598012191,7.8923727267467,7.90089397626673,0.221736979944475,7.8923727267467,NA,0.665664333333333,0.64223,0.688003333333333,5736.41666666667,0.691164952838322,300
"fed_landmark_ipw","RMST1",8,-0.7,"medium",1,"large","high",10,1000,10000,-1,0.268941421369995,22.4634345984492,22.448219992035,12.8514047025947,9.61202989585458,9.59681528944031,0.144300944016111,9.61202989585458,NA,0.700922333333333,0.679126666666667,0.72313,4985.12,0.738379274558101,300
"fed_landmark_ipw","RMST1",4,-0.7,"medium",1,"low","high",10,300,3000,-1,0.268941421369995,18.8323889117797,18.723101262573,13.1067825583826,5.7256063533971,5.61631870419047,0.746252493683783,5.7256063533971,NA,0.607707777777778,0.561244444444444,0.648611111111111,2010.23,0.621731744630296,300
"fed_landmark_ipw","RMST1",6,-0.7,"medium",1,"low","high",10,300,3000,-1,0.268941421369995,20.8253638466935,20.7615180231536,12.9309598012191,7.89440404547448,7.83055822193456,0.475895319841049,7.89440404547448,NA,0.670456666666667,0.629466666666667,0.7134,1720.96666666667,0.695496087195759,300
"fed_landmark_ipw","RMST1",8,-0.7,"medium",1,"low","high",10,300,3000,-1,0.268941421369995,22.4559219050605,22.4392524972344,12.8514047025947,9.60451720246584,9.58784779463976,0.239489722006775,9.60451720246584,NA,0.701495555555556,0.659388888888889,0.7458,1501.08,0.738323474140332,300
"fed_landmark_ipw","RMST1",4,-0.7,"medium",1,"large","low",10,1000,10000,-5,0.00669285092428486,19.4433850693644,19.0256940835303,12.3123314699663,7.13105359939813,6.71336261356399,2.21445403965932,7.13105359939813,NA,0.042601,0.0335433333333333,0.0519566666666667,5956.41,0.0411334769112601,300
"fed_landmark_ipw","RMST1",6,-0.7,"medium",1,"large","low",10,1000,10000,-5,0.00669285092428486,21.9063057301516,21.7620780191769,11.7500699407729,10.1562357893787,10.012008078404,1.60947023709074,10.1562357893787,NA,0.051551,0.04107,0.0622433333333333,4828.52333333333,0.0510128728262611,300
"fed_landmark_ipw","RMST1",8,-0.7,"medium",1,"large","low",10,1000,10000,-5,0.00669285092428486,23.537063242072,23.6707451531865,11.373640114069,12.163423128003,12.2971050391175,1.2257812817761,12.163423128003,NA,0.0588906666666667,0.04804,0.0700766666666667,4018.98,0.0607858937437258,300
"fed_landmark_ipw","RMST1",4,-0.7,"medium",1,"low","low",10,300,3000,-5,0.00669285092428486,18.6145513702131,18.5598750977288,12.3123314699663,6.30221990024678,6.24754362776249,2.97228317319082,6.30221990024678,NA,0.0434966666666667,0.0274111111111111,0.0612888888888889,1785.32666666667,0.0417249728656034,300
"fed_landmark_ipw","RMST1",6,-0.7,"medium",1,"low","low",10,300,3000,-5,0.00669285092428486,20.472315191275,20.529702886397,11.7500699407729,8.72224525050205,8.77963294562411,2.08407194613705,8.72224525050205,NA,0.0512155555555556,0.0327444444444444,0.0718333333333333,1449.93,0.0522214347842576,300
"fed_landmark_ipw","RMST1",8,-0.7,"medium",1,"low","low",10,300,3000,-5,0.00669285092428486,22.4624330354866,22.493259861809,11.373640114069,11.0887929214176,11.11961974774,2.04134936401308,11.0887929214176,NA,0.0588822222222222,0.0398111111111111,0.0791333333333333,1208.72,0.0596162670504002,300
"fed_perprotocol_naive","RMST1",4,-0.7,"medium",1,"large","high",10,1000,10000,-1,0.268941421369995,11.8907604388851,11.8997768032431,13.1067825583826,-1.21602211949744,-1.20700575513944,0.104614554071181,1.21602211949744,NA,0.606795333333333,0.583526666666667,0.6316,6736.90333333333,0.619209949593489,300
"fed_perprotocol_naive","RMST1",6,-0.7,"medium",1,"large","high",10,1000,10000,-1,0.268941421369995,12.5845196351318,12.5897906948892,12.9309598012191,-0.34644016608726,-0.341169106329907,0.139670447013393,0.34644016608726,NA,0.665664333333333,0.64223,0.688003333333333,5736.41666666667,0.691164952838322,300
"fed_perprotocol_naive","RMST1",8,-0.7,"medium",1,"large","high",10,1000,10000,-1,0.268941421369995,13.0267700812805,13.0279153331805,12.8514047025947,0.175365378685861,0.176510630585801,0.126738672473498,0.175365378685861,NA,0.700922333333333,0.679126666666667,0.72313,4985.12,0.738379274558101,300
"fed_perprotocol_naive","RMST1",4,-0.7,"medium",1,"low","high",10,300,3000,-1,0.268941421369995,11.8769951365949,11.8588631112184,13.1067825583826,-1.22978742178767,-1.24791944716413,0.207069278034063,1.22978742178767,NA,0.607707777777778,0.561244444444444,0.648611111111111,2010.23,0.621731744630296,300
"fed_perprotocol_naive","RMST1",6,-0.7,"medium",1,"low","high",10,300,3000,-1,0.268941421369995,12.5778318155631,12.5936289376208,12.9309598012191,-0.353127985656013,-0.33733086359824,0.186541878052268,0.353127985656013,NA,0.670456666666667,0.629466666666667,0.7134,1720.96666666667,0.695496087195759,300
"fed_perprotocol_naive","RMST1",8,-0.7,"medium",1,"low","high",10,300,3000,-1,0.268941421369995,13.0746604497031,13.0971658860077,12.8514047025947,0.223255747108413,0.24576118341303,0.206849028050825,0.223255747108413,NA,0.701495555555556,0.659388888888889,0.7458,1501.08,0.738323474140332,300
"fed_perprotocol_naive","RMST1",4,-0.7,"medium",1,"large","low",10,1000,10000,-5,0.00669285092428486,8.91187641469731,8.93980629620956,12.3123314699663,-3.400455055269,-3.37252517375675,0.439445672176255,3.400455055269,NA,0.042601,0.0335433333333333,0.0519566666666667,5956.41,0.0411334769112601,300
"fed_perprotocol_naive","RMST1",6,-0.7,"medium",1,"large","low",10,1000,10000,-5,0.00669285092428486,9.65168064497614,9.6673273155416,11.7500699407729,-2.09838929579676,-2.0827426252313,0.303434565496355,2.09838929579676,NA,0.051551,0.04107,0.0622433333333333,4828.52333333333,0.0510128728262611,300
"fed_perprotocol_naive","RMST1",8,-0.7,"medium",1,"large","low",10,1000,10000,-5,0.00669285092428486,10.3390522441131,10.3440704032809,11.373640114069,-1.03458786995587,-1.02956971078807,0.371794320219575,1.03458786995587,NA,0.0588906666666667,0.04804,0.0700766666666667,4018.98,0.0607858937437258,300
"fed_perprotocol_naive","RMST1",4,-0.7,"medium",1,"low","low",10,300,3000,-5,0.00669285092428486,8.87822489320847,8.87254025044723,12.3123314699663,-3.43410657675784,-3.43979121951908,0.725405169017496,3.43410657675784,NA,0.0434966666666667,0.0274111111111111,0.0612888888888889,1785.32666666667,0.0417249728656034,300
"fed_perprotocol_naive","RMST1",6,-0.7,"medium",1,"low","low",10,300,3000,-5,0.00669285092428486,9.8509167399295,9.87576282368465,11.7500699407729,-1.8991532008434,-1.87430711708825,0.648994599165636,1.8991532008434,NA,0.0512155555555556,0.0327444444444444,0.0718333333333333,1449.93,0.0522214347842576,300
"fed_perprotocol_naive","RMST1",8,-0.7,"medium",1,"low","low",10,300,3000,-5,0.00669285092428486,10.1994120195858,10.0945917508418,11.373640114069,-1.17422809448324,-1.27904836322725,0.618429054908174,1.17422809448324,NA,0.0588822222222222,0.0398111111111111,0.0791333333333333,1208.72,0.0596162670504002,300
"local_ccw_meta","RMST1",4,-0.7,"medium",1,"large","high",10,1000,10000,-1,0.268941421369995,13.1693105279299,13.172548386582,13.1067825583826,0.0625279695472878,0.0657658281994689,0.215896786002085,0.0625279695472878,NA,0.606795333333333,0.583526666666667,0.6316,6736.90333333333,0.619209949593489,300
"local_ccw_meta","RMST1",6,-0.7,"medium",1,"large","high",10,1000,10000,-1,0.268941421369995,13.0547511083175,13.0369490055183,12.9309598012191,0.123791307098475,0.105989204299263,0.195105526752828,0.123791307098475,NA,0.665664333333333,0.64223,0.688003333333333,5736.41666666667,0.691164952838322,300
"local_ccw_meta","RMST1",8,-0.7,"medium",1,"large","high",10,1000,10000,-1,0.268941421369995,12.8776871613749,12.9042262232773,12.8514047025947,0.0262824587801996,0.052821520682599,0.258830637001446,0.0262824587801996,NA,0.700922333333333,0.679126666666667,0.72313,4985.12,0.738379274558101,300
"local_ccw_meta","RMST1",4,-0.7,"medium",1,"low","high",10,300,3000,-1,0.268941421369995,13.0963149144452,13.0995634612767,13.1067825583826,-0.0104676439373428,-0.00721909710586033,0.363299718303054,0.0104676439373428,NA,0.607707777777778,0.561244444444444,0.648611111111111,2010.23,0.621731744630296,300
"local_ccw_meta","RMST1",6,-0.7,"medium",1,"low","high",10,300,3000,-1,0.268941421369995,13.0453120590558,13.0565104826303,12.9309598012191,0.114352257836705,0.125550681411267,0.397477680117586,0.114352257836705,NA,0.670456666666667,0.629466666666667,0.7134,1720.96666666667,0.695496087195759,300
"local_ccw_meta","RMST1",8,-0.7,"medium",1,"low","high",10,300,3000,-1,0.268941421369995,13.0002755930504,13.002898296162,12.8514047025947,0.14887089045574,0.151493593567309,0.342409752572785,0.14887089045574,NA,0.701495555555556,0.659388888888889,0.7458,1501.08,0.738323474140332,300
"local_ccw_meta","RMST1",4,-0.7,"medium",1,"large","low",10,1000,10000,-5,0.00669285092428486,11.8312802685206,11.8259077438624,12.3123314699663,-0.481051201445728,-0.486423726103896,0.831581510170243,0.481051201445728,NA,0.042601,0.0335433333333333,0.0519566666666667,5956.41,0.0411334769112601,300
"local_ccw_meta","RMST1",6,-0.7,"medium",1,"large","low",10,1000,10000,-5,0.00669285092428486,11.5492089360767,11.5036742268615,11.7500699407729,-0.200861004696228,-0.246395713911353,0.543917295791952,0.200861004696228,NA,0.051551,0.04107,0.0622433333333333,4828.52333333333,0.0510128728262611,300
"local_ccw_meta","RMST1",8,-0.7,"medium",1,"large","low",10,1000,10000,-5,0.00669285092428486,11.0896331615034,11.1385599693059,11.373640114069,-0.284006952565616,-0.23508014476309,0.521628648610867,0.284006952565616,NA,0.0588906666666667,0.04804,0.0700766666666667,4018.98,0.0607858937437258,300
"local_ccw_meta","RMST1",4,-0.7,"medium",1,"low","low",10,300,3000,-5,0.00669285092428486,10.9409637901455,10.9782124835935,12.3123314699663,-1.37136767982078,-1.33411898637278,1.25664540321606,1.37136767982078,NA,0.0434966666666667,0.0274111111111111,0.0612888888888889,1785.32666666667,0.0417249728656034,300
"local_ccw_meta","RMST1",6,-0.7,"medium",1,"low","low",10,300,3000,-5,0.00669285092428486,10.6719982997403,10.5574719704313,11.7500699407729,-1.07807164103262,-1.19259797034155,0.982560228531406,1.07807164103262,NA,0.0512155555555556,0.0327444444444444,0.0718333333333333,1449.93,0.0522214347842576,300
"local_ccw_meta","RMST1",8,-0.7,"medium",1,"low","low",10,300,3000,-5,0.00669285092428486,10.6884655631849,10.6933175606236,11.373640114069,-0.685174550884083,-0.680322553445384,0.633983983980616,0.685174550884083,NA,0.0588822222222222,0.0398111111111111,0.0791333333333333,1208.72,0.0596162670504002,300
"pooled_ccw_tvipcw","RMST1",4,-0.7,"medium",1,"large","high",10,1000,10000,-1,0.268941421369995,13.1611352678614,13.1689552631972,13.1067825583826,0.0543527094788173,0.0621727048146656,0.216871209529007,0.0543527094788173,NA,0.606795333333333,0.583526666666667,0.6316,6736.90333333333,0.619209949593489,300
"pooled_ccw_tvipcw","RMST1",6,-0.7,"medium",1,"large","high",10,1000,10000,-1,0.268941421369995,13.0445613523728,13.0383189953394,12.9309598012191,0.113601551153736,0.10735919412036,0.189951503998935,0.113601551153736,NA,0.665664333333333,0.64223,0.688003333333333,5736.41666666667,0.691164952838322,300
"pooled_ccw_tvipcw","RMST1",8,-0.7,"medium",1,"large","high",10,1000,10000,-1,0.268941421369995,12.8520820440942,12.9028444064563,12.8514047025947,0.000677341499537979,0.0514397038616448,0.278366752106149,0.000677341499537979,NA,0.700922333333333,0.679126666666667,0.72313,4985.12,0.738379274558101,300
"pooled_ccw_tvipcw","RMST1",4,-0.7,"medium",1,"low","high",10,300,3000,-1,0.268941421369995,13.0965350944948,13.0796780562199,13.1067825583826,-0.0102474638877775,-0.0271045021626275,0.352781378289637,0.0102474638877775,NA,0.607707777777778,0.561244444444444,0.648611111111111,2010.23,0.621731744630296,300
"pooled_ccw_tvipcw","RMST1",6,-0.7,"medium",1,"low","high",10,300,3000,-1,0.268941421369995,13.0203078778512,13.0028810515434,12.9309598012191,0.0893480766321274,0.0719212503243121,0.363230934589811,0.0893480766321274,NA,0.670456666666667,0.629466666666667,0.7134,1720.96666666667,0.695496087195759,300
"pooled_ccw_tvipcw","RMST1",8,-0.7,"medium",1,"low","high",10,300,3000,-1,0.268941421369995,12.9452652570816,12.9512975309004,12.8514047025947,0.0938605544869667,0.0998928283057481,0.370968370653917,0.0938605544869667,NA,0.701495555555556,0.659388888888889,0.7458,1501.08,0.738323474140332,300
"pooled_ccw_tvipcw","RMST1",4,-0.7,"medium",1,"large","low",10,1000,10000,-5,0.00669285092428486,12.2544128377263,12.2413143237247,12.3123314699663,-0.0579186322400505,-0.071017146241644,0.852681088238265,0.0579186322400505,NA,0.042601,0.0335433333333333,0.0519566666666667,5956.41,0.0411334769112601,300
"pooled_ccw_tvipcw","RMST1",6,-0.7,"medium",1,"large","low",10,1000,10000,-5,0.00669285092428486,11.8876822012461,11.8174965406716,11.7500699407729,0.137612260473204,0.0674265998986776,0.713412999990453,0.137612260473204,NA,0.051551,0.04107,0.0622433333333333,4828.52333333333,0.0510128728262611,300
"pooled_ccw_tvipcw","RMST1",8,-0.7,"medium",1,"large","low",10,1000,10000,-5,0.00669285092428486,11.3932517542135,11.3612250062449,11.373640114069,0.019611640144503,-0.0124151078241379,0.575495054727907,0.019611640144503,NA,0.0588906666666667,0.04804,0.0700766666666667,4018.98,0.0607858937437258,300
"pooled_ccw_tvipcw","RMST1",4,-0.7,"medium",1,"low","low",10,300,3000,-5,0.00669285092428486,12.1979149844734,12.349286124238,12.3123314699663,-0.114416485492943,0.0369546542716996,1.50398409703337,0.114416485492943,NA,0.0434966666666667,0.0274111111111111,0.0612888888888889,1785.32666666667,0.0417249728656034,300
"pooled_ccw_tvipcw","RMST1",6,-0.7,"medium",1,"low","low",10,300,3000,-5,0.00669285092428486,11.3939669310884,11.3202813686586,11.7500699407729,-0.356103009684457,-0.429788572114294,1.07375720813027,0.356103009684457,NA,0.0512155555555556,0.0327444444444444,0.0718333333333333,1449.93,0.0522214347842576,300
"pooled_ccw_tvipcw","RMST1",8,-0.7,"medium",1,"low","low",10,300,3000,-5,0.00669285092428486,11.2969481025028,11.4169649362696,11.373640114069,-0.0766920115662363,0.0433248222006242,0.853098954398935,0.0766920115662363,NA,0.0588822222222222,0.0398111111111111,0.0791333333333333,1208.72,0.0596162670504002,300
"fed_ccw_tvipcw","RMST_diff",4,-0.7,"medium",1,"large","high",10,1000,10000,-1,0.268941421369995,2.8102320269495,2.81019432782092,2.84353121803927,-0.0332991910897743,-0.0333368902183526,0.27685699010253,0.0332991910897743,0.98,0.606795333333333,0.583526666666667,0.6316,6736.90333333333,0.619209949593489,300
"fed_ccw_tvipcw","RMST_diff",6,-0.7,"medium",1,"large","high",10,1000,10000,-1,0.268941421369995,2.59040347379138,2.64786749344035,2.6829365463258,-0.0925330725344288,-0.0350690528854489,0.4416801535435,0.0925330725344288,0.873333333333333,0.665664333333333,0.64223,0.688003333333333,5736.41666666667,0.691164952838322,300
"fed_ccw_tvipcw","RMST_diff",8,-0.7,"medium",1,"large","high",10,1000,10000,-1,0.268941421369995,2.5239597964434,2.46408076378219,2.61164550344623,-0.0876857070028315,-0.147564739664035,0.503265073705391,0.0876857070028315,0.88,0.700922333333333,0.679126666666667,0.72313,4985.12,0.738379274558101,300
"fed_ccw_tvipcw","RMST_diff",4,-0.7,"medium",1,"low","high",10,300,3000,-1,0.268941421369995,3.07767378849251,3.11178156485804,2.84353121803927,0.23414257045324,0.268250346818765,0.640986905881838,0.23414257045324,0.956666666666667,0.607707777777778,0.561244444444444,0.648611111111111,2010.23,0.621731744630296,300
"fed_ccw_tvipcw","RMST_diff",6,-0.7,"medium",1,"low","high",10,300,3000,-1,0.268941421369995,2.4404960151521,2.40186713582817,2.6829365463258,-0.2424405311737,-0.281069410497634,0.629209794309427,0.2424405311737,0.88,0.670456666666667,0.629466666666667,0.7134,1720.96666666667,0.695496087195759,300
"fed_ccw_tvipcw","RMST_diff",8,-0.7,"medium",1,"low","high",10,300,3000,-1,0.268941421369995,2.50445967284562,2.44324569865588,2.61164550344623,-0.107185830600614,-0.168399804790348,0.79315504819494,0.107185830600614,0.893333333333333,0.701495555555556,0.659388888888889,0.7458,1501.08,0.738323474140332,300
"fed_ccw_tvipcw","RMST_diff",4,-0.7,"medium",1,"large","low",10,1000,10000,-5,0.00669285092428486,1.9176933791659,1.94195838057763,2.07204976682396,-0.154356387658065,-0.130091386246335,0.930314501157521,0.154356387658065,0.89,0.042601,0.0335433333333333,0.0519566666666667,5956.41,0.0411334769112601,300
"fed_ccw_tvipcw","RMST_diff",6,-0.7,"medium",1,"large","low",10,1000,10000,-5,0.00669285092428486,1.5413775858176,1.49563354045763,1.5136877589414,0.0276898268762068,-0.0180542184837709,0.593916274623398,0.0276898268762068,0.966666666666667,0.051551,0.04107,0.0622433333333333,4828.52333333333,0.0510128728262611,300
"fed_ccw_tvipcw","RMST_diff",8,-0.7,"medium",1,"large","low",10,1000,10000,-5,0.00669285092428486,1.13848903626937,1.08971456083945,1.13643585821513,0.00205317805424602,-0.0467212973756768,0.632758357863437,0.00205317805424602,0.946666666666667,0.0588906666666667,0.04804,0.0700766666666667,4018.98,0.0607858937437258,300
"fed_ccw_tvipcw","RMST_diff",4,-0.7,"medium",1,"low","low",10,300,3000,-5,0.00669285092428486,1.6711230240331,1.58139531455542,2.07204976682396,-0.400926742790865,-0.490654452268537,1.98704272914209,0.400926742790865,0.783333333333333,0.0434966666666667,0.0274111111111111,0.0612888888888889,1785.32666666667,0.0417249728656034,300
"fed_ccw_tvipcw","RMST_diff",6,-0.7,"medium",1,"low","low",10,300,3000,-5,0.00669285092428486,0.923709338990341,0.900237197682369,1.5136877589414,-0.589978419951055,-0.613450561259027,1.17734614912047,0.589978419951055,0.846666666666667,0.0512155555555556,0.0327444444444444,0.0718333333333333,1449.93,0.0522214347842576,300
"fed_ccw_tvipcw","RMST_diff",8,-0.7,"medium",1,"low","low",10,300,3000,-5,0.00669285092428486,0.903919391702156,0.832659237260637,1.13643585821513,-0.23251646651297,-0.30377662095449,0.921374629541223,0.23251646651297,0.87,0.0588822222222222,0.0398111111111111,0.0791333333333333,1208.72,0.0596162670504002,300
"fed_ipw_no_clone","RMST_diff",4,-0.7,"medium",1,"large","high",10,1000,10000,-1,0.268941421369995,6.8433317401474,6.85929189583578,2.84353121803927,3.99980052210813,4.01576067779651,0.249186449916717,3.99980052210813,NA,0.606795333333333,0.583526666666667,0.6316,6736.90333333333,0.619209949593489,300
"fed_ipw_no_clone","RMST_diff",6,-0.7,"medium",1,"large","high",10,1000,10000,-1,0.268941421369995,8.75418716336817,8.76388218349984,2.6829365463258,6.07125061704237,6.08094563717404,0.380479436066647,6.07125061704237,NA,0.665664333333333,0.64223,0.688003333333333,5736.41666666667,0.691164952838322,300
"fed_ipw_no_clone","RMST_diff",8,-0.7,"medium",1,"large","high",10,1000,10000,-1,0.268941421369995,10.188830828643,10.1773993344725,2.61164550344623,7.57718532519674,7.56575383102624,0.431110732457324,7.57718532519674,NA,0.700922333333333,0.679126666666667,0.72313,4985.12,0.738379274558101,300
"fed_ipw_no_clone","RMST_diff",4,-0.7,"medium",1,"low","high",10,300,3000,-1,0.268941421369995,7.27518917640604,7.18555646714422,2.84353121803927,4.43165795836677,4.34202524910495,0.861605306621196,4.43165795836677,NA,0.607707777777778,0.561244444444444,0.648611111111111,2010.23,0.621731744630296,300
"fed_ipw_no_clone","RMST_diff",6,-0.7,"medium",1,"low","high",10,300,3000,-1,0.268941421369995,8.66520360929446,8.64322998329973,2.6829365463258,5.98226706296866,5.96029343697393,0.552509913749283,5.98226706296866,NA,0.670456666666667,0.629466666666667,0.7134,1720.96666666667,0.695496087195759,300
"fed_ipw_no_clone","RMST_diff",8,-0.7,"medium",1,"low","high",10,300,3000,-1,0.268941421369995,10.1052407792658,10.0861054068237,2.61164550344623,7.49359527581957,7.47445990337743,0.598379445132318,7.49359527581957,NA,0.701495555555556,0.659388888888889,0.7458,1501.08,0.738323474140332,300
"fed_ipw_no_clone","RMST_diff",4,-0.7,"medium",1,"large","low",10,1000,10000,-5,0.00669285092428486,5.1171457111577,5.03018408537313,2.07204976682396,3.04509594433374,2.95813431854917,1.36961437875268,3.04509594433374,NA,0.042601,0.0335433333333333,0.0519566666666667,5956.41,0.0411334769112601,300
"fed_ipw_no_clone","RMST_diff",6,-0.7,"medium",1,"large","low",10,1000,10000,-5,0.00669285092428486,6.21919216678024,6.10004287813518,1.5136877589414,4.70550440783884,4.58635511919378,1.00010634895911,4.70550440783884,NA,0.051551,0.04107,0.0622433333333333,4828.52333333333,0.0510128728262611,300
"fed_ipw_no_clone","RMST_diff",8,-0.7,"medium",1,"large","low",10,1000,10000,-5,0.00669285092428486,7.00413638162377,6.89520884643472,1.13643585821513,5.86770052340865,5.75877298821959,1.32168173858235,5.86770052340865,NA,0.0588906666666667,0.04804,0.0700766666666667,4018.98,0.0607858937437258,300
"fed_ipw_no_clone","RMST_diff",4,-0.7,"medium",1,"low","low",10,300,3000,-5,0.00669285092428486,4.93823693764668,4.61524456628231,2.07204976682396,2.86618717082272,2.54319479945835,2.73492468147923,2.86618717082272,NA,0.0434966666666667,0.0274111111111111,0.0612888888888889,1785.32666666667,0.0417249728656034,300
"fed_ipw_no_clone","RMST_diff",6,-0.7,"medium",1,"low","low",10,300,3000,-5,0.00669285092428486,5.34751483124245,5.27689274253432,1.5136877589414,3.83382707230105,3.76320498359292,2.02692572082844,3.83382707230105,NA,0.0512155555555556,0.0327444444444444,0.0718333333333333,1449.93,0.0522214347842576,300
"fed_ipw_no_clone","RMST_diff",8,-0.7,"medium",1,"low","low",10,300,3000,-5,0.00669285092428486,6.39614544574042,6.13465860273294,1.13643585821513,5.2597095875253,4.99822274451781,2.04327165382141,5.2597095875253,NA,0.0588822222222222,0.0398111111111111,0.0791333333333333,1208.72,0.0596162670504002,300
"fed_landmark_ipw","RMST_diff",4,-0.7,"medium",1,"large","high",10,1000,10000,-1,0.268941421369995,3.17343155080698,3.1637180594632,2.84353121803927,0.329900332767707,0.320186841423924,0.288212495307508,0.329900332767707,NA,0.606795333333333,0.583526666666667,0.6316,6736.90333333333,0.619209949593489,300
"fed_landmark_ipw","RMST_diff",6,-0.7,"medium",1,"large","high",10,1000,10000,-1,0.268941421369995,2.44023631415974,2.4885817613731,2.6829365463258,-0.242700232166063,-0.194354784952703,0.320143884519441,0.242700232166063,NA,0.665664333333333,0.64223,0.688003333333333,5736.41666666667,0.691164952838322,300
"fed_landmark_ipw","RMST_diff",8,-0.7,"medium",1,"large","high",10,1000,10000,-1,0.268941421369995,1.83823716035075,1.79258540862543,2.61164550344623,-0.773408343095475,-0.819060094820804,0.333133101686786,0.773408343095475,NA,0.700922333333333,0.679126666666667,0.72313,4985.12,0.738379274558101,300
"fed_landmark_ipw","RMST_diff",4,-0.7,"medium",1,"low","high",10,300,3000,-1,0.268941421369995,3.05993386994261,2.99600458074516,2.84353121803927,0.216402651903336,0.152473362705885,0.834575709997507,0.216402651903336,NA,0.607707777777778,0.561244444444444,0.648611111111111,2010.23,0.621731744630296,300
"fed_landmark_ipw","RMST_diff",6,-0.7,"medium",1,"low","high",10,300,3000,-1,0.268941421369995,2.33598389036992,2.34280732598216,2.6829365463258,-0.346952655955882,-0.340129220343641,0.666265644488569,0.346952655955882,NA,0.670456666666667,0.629466666666667,0.7134,1720.96666666667,0.695496087195759,300
"fed_landmark_ipw","RMST_diff",8,-0.7,"medium",1,"low","high",10,300,3000,-1,0.268941421369995,1.75741735069942,1.7094315128319,2.61164550344623,-0.854228152746805,-0.902213990614333,0.842303360938365,0.854228152746805,NA,0.701495555555556,0.659388888888889,0.7458,1501.08,0.738323474140332,300
"fed_landmark_ipw","RMST_diff",4,-0.7,"medium",1,"large","low",10,1000,10000,-5,0.00669285092428486,3.76594060965357,3.35223128714279,2.07204976682396,1.69389084282961,1.28018152031883,2.22187506540045,1.69389084282961,NA,0.042601,0.0335433333333333,0.0519566666666667,5956.41,0.0411334769112601,300
"fed_landmark_ipw","RMST_diff",6,-0.7,"medium",1,"large","low",10,1000,10000,-5,0.00669285092428486,3.76127386300781,3.59494339825816,1.5136877589414,2.24758610406642,2.08125563931676,1.60279236394427,2.24758610406642,NA,0.051551,0.04107,0.0622433333333333,4828.52333333333,0.0510128728262611,300
"fed_landmark_ipw","RMST_diff",8,-0.7,"medium",1,"large","low",10,1000,10000,-5,0.00669285092428486,3.26883844159303,3.41114157704698,1.13643585821513,2.13240258337791,2.27470571883185,1.22678023679553,2.13240258337791,NA,0.0588906666666667,0.04804,0.0700766666666667,4018.98,0.0607858937437258,300
"fed_landmark_ipw","RMST_diff",4,-0.7,"medium",1,"low","low",10,300,3000,-5,0.00669285092428486,2.93383239556225,2.86398585723319,2.07204976682396,0.861782628738293,0.791936090409225,3.01283881873521,0.861782628738293,NA,0.0434966666666667,0.0274111111111111,0.0612888888888889,1785.32666666667,0.0417249728656034,300
"fed_landmark_ipw","RMST_diff",6,-0.7,"medium",1,"low","low",10,300,3000,-5,0.00669285092428486,2.3124373255693,2.35411087289485,1.5136877589414,0.798749566627909,0.840423113953452,2.12979204778254,0.798749566627909,NA,0.0512155555555556,0.0327444444444444,0.0718333333333333,1449.93,0.0522214347842576,300
"fed_landmark_ipw","RMST_diff",8,-0.7,"medium",1,"low","low",10,300,3000,-5,0.00669285092428486,2.22653492213796,2.17501333961325,1.13643585821513,1.09009906392284,1.03857748139812,2.08549530432694,1.09009906392284,NA,0.0588822222222222,0.0398111111111111,0.0791333333333333,1208.72,0.0596162670504002,300
"fed_perprotocol_naive","RMST_diff",4,-0.7,"medium",1,"large","high",10,1000,10000,-1,0.268941421369995,-1.13948503817508,-1.13645631978849,2.84353121803927,-3.98301625621435,-3.97998753782776,0.210883167833015,3.98301625621435,NA,0.606795333333333,0.583526666666667,0.6316,6736.90333333333,0.619209949593489,300
"fed_perprotocol_naive","RMST_diff",6,-0.7,"medium",1,"large","high",10,1000,10000,-1,0.268941421369995,0.0507837628906558,0.0273198895362263,2.6829365463258,-2.63215278343515,-2.65561665678958,0.238904635647946,2.63215278343515,NA,0.665664333333333,0.64223,0.688003333333333,5736.41666666667,0.691164952838322,300
"fed_perprotocol_naive","RMST_diff",8,-0.7,"medium",1,"large","high",10,1000,10000,-1,0.268941421369995,1.27602054915517,1.27672023684378,2.61164550344623,-1.33562495429106,-1.33492526660245,0.227379454775037,1.33562495429106,NA,0.700922333333333,0.679126666666667,0.72313,4985.12,0.738379274558101,300
"fed_perprotocol_naive","RMST_diff",4,-0.7,"medium",1,"low","high",10,300,3000,-1,0.268941421369995,-1.02968554090241,-1.06259421710303,2.84353121803927,-3.87321675894168,-3.90612543514231,0.444014536165795,3.87321675894168,NA,0.607707777777778,0.561244444444444,0.648611111111111,2010.23,0.621731744630296,300
"fed_perprotocol_naive","RMST_diff",6,-0.7,"medium",1,"low","high",10,300,3000,-1,0.268941421369995,0.00696553299943364,0.0283959601314541,2.6829365463258,-2.67597101332637,-2.65454058619435,0.486646823259617,2.67597101332637,NA,0.670456666666667,0.629466666666667,0.7134,1720.96666666667,0.695496087195759,300
"fed_perprotocol_naive","RMST_diff",8,-0.7,"medium",1,"low","high",10,300,3000,-1,0.268941421369995,1.22140598569899,1.18923548899828,2.61164550344623,-1.39023951774724,-1.42241001444795,0.420885393551599,1.39023951774724,NA,0.701495555555556,0.659388888888889,0.7458,1501.08,0.738323474140332,300
"fed_perprotocol_naive","RMST_diff",4,-0.7,"medium",1,"large","low",10,1000,10000,-5,0.00669285092428486,-1.50387050797331,-1.51001680339329,2.07204976682396,-3.57592027479727,-3.58206657021725,0.444970562928257,3.57592027479727,NA,0.042601,0.0335433333333333,0.0519566666666667,5956.41,0.0411334769112601,300
"fed_perprotocol_naive","RMST_diff",6,-0.7,"medium",1,"large","low",10,1000,10000,-5,0.00669285092428486,-0.773617045813797,-0.72993870542561,1.5136877589414,-2.28730480475519,-2.24362646436701,0.30553806005091,2.28730480475519,NA,0.051551,0.04107,0.0622433333333333,4828.52333333333,0.0510128728262611,300
"fed_perprotocol_naive","RMST_diff",8,-0.7,"medium",1,"large","low",10,1000,10000,-5,0.00669285092428486,-0.0159387427930267,-0.0161543764195669,1.13643585821513,-1.15237460100815,-1.15259023463469,0.380844529193453,1.15237460100815,NA,0.0588906666666667,0.04804,0.0700766666666667,4018.98,0.0607858937437258,300
"fed_perprotocol_naive","RMST_diff",4,-0.7,"medium",1,"low","low",10,300,3000,-5,0.00669285092428486,-1.53709880617206,-1.5306640796804,2.07204976682396,-3.60914857299602,-3.60271384650436,0.734737652708449,3.60914857299602,NA,0.0434966666666667,0.0274111111111111,0.0612888888888889,1785.32666666667,0.0417249728656034,300
"fed_perprotocol_naive","RMST_diff",6,-0.7,"medium",1,"low","low",10,300,3000,-5,0.00669285092428486,-0.565335643418415,-0.544500997804359,1.5136877589414,-2.07902340235981,-2.05818875674576,0.636636454736861,2.07902340235981,NA,0.0512155555555556,0.0327444444444444,0.0718333333333333,1449.93,0.0522214347842576,300
"fed_perprotocol_naive","RMST_diff",8,-0.7,"medium",1,"low","low",10,300,3000,-5,0.00669285092428486,-0.17813252879907,-0.225079077920413,1.13643585821513,-1.3145683870142,-1.36151493613554,0.633845117694217,1.3145683870142,NA,0.0588822222222222,0.0398111111111111,0.0791333333333333,1208.72,0.0596162670504002,300
"local_ccw_meta","RMST_diff",4,-0.7,"medium",1,"large","high",10,1000,10000,-1,0.268941421369995,2.73282212261307,2.73733723682448,2.84353121803927,-0.110709095426207,-0.106193981214794,0.249737879352324,0.110709095426207,NA,0.606795333333333,0.583526666666667,0.6316,6736.90333333333,0.619209949593489,300
"local_ccw_meta","RMST_diff",6,-0.7,"medium",1,"large","high",10,1000,10000,-1,0.268941421369995,2.44309475943287,2.48002231967624,2.6829365463258,-0.23984178689293,-0.202914226649563,0.366413344603604,0.23984178689293,NA,0.665664333333333,0.64223,0.688003333333333,5736.41666666667,0.691164952838322,300
"local_ccw_meta","RMST_diff",8,-0.7,"medium",1,"large","high",10,1000,10000,-1,0.268941421369995,2.26658582401121,2.26823648505591,2.61164550344623,-0.345059679435023,-0.343409018390324,0.339195279810831,0.345059679435023,NA,0.700922333333333,0.679126666666667,0.72313,4985.12,0.738379274558101,300
"local_ccw_meta","RMST_diff",4,-0.7,"medium",1,"low","high",10,300,3000,-1,0.268941421369995,2.79201997029526,2.84984535790091,2.84353121803927,-0.0515112477440074,0.0063141398616402,0.466366481969545,0.0515112477440074,NA,0.607707777777778,0.561244444444444,0.648611111111111,2010.23,0.621731744630296,300
"local_ccw_meta","RMST_diff",6,-0.7,"medium",1,"low","high",10,300,3000,-1,0.268941421369995,2.1637657440382,2.18251310085166,2.6829365463258,-0.519170802287604,-0.50042344547414,0.517735998203768,0.519170802287604,NA,0.670456666666667,0.629466666666667,0.7134,1720.96666666667,0.695496087195759,300
"local_ccw_meta","RMST_diff",8,-0.7,"medium",1,"low","high",10,300,3000,-1,0.268941421369995,1.99856894479528,2.07360907898989,2.61164550344623,-0.613076558650947,-0.538036424456339,0.454947700026142,0.613076558650947,NA,0.701495555555556,0.659388888888889,0.7458,1501.08,0.738323474140332,300
"local_ccw_meta","RMST_diff",4,-0.7,"medium",1,"large","low",10,1000,10000,-5,0.00669285092428486,1.59345219905641,1.6246981408996,2.07204976682396,-0.478597567767547,-0.447351625924361,0.821508431059616,0.478597567767547,NA,0.042601,0.0335433333333333,0.0519566666666667,5956.41,0.0411334769112601,300
"local_ccw_meta","RMST_diff",6,-0.7,"medium",1,"large","low",10,1000,10000,-5,0.00669285092428486,1.29806434973054,1.24263764645108,1.5136877589414,-0.215623409210859,-0.271050112490317,0.530679926397811,0.215623409210859,NA,0.051551,0.04107,0.0622433333333333,4828.52333333333,0.0510128728262611,300
"local_ccw_meta","RMST_diff",8,-0.7,"medium",1,"large","low",10,1000,10000,-5,0.00669285092428486,0.888664569758194,0.914925058712021,1.13643585821513,-0.247771288456932,-0.221510799503105,0.510201839972708,0.247771288456932,NA,0.0588906666666667,0.04804,0.0700766666666667,4018.98,0.0607858937437258,300
"local_ccw_meta","RMST_diff",4,-0.7,"medium",1,"low","low",10,300,3000,-5,0.00669285092428486,0.705003624000099,0.67196524761972,2.07204976682396,-1.36704614282386,-1.40008451920424,1.29190673074839,1.36704614282386,NA,0.0434966666666667,0.0274111111111111,0.0612888888888889,1785.32666666667,0.0417249728656034,300
"local_ccw_meta","RMST_diff",6,-0.7,"medium",1,"low","low",10,300,3000,-5,0.00669285092428486,0.419502301651088,0.289689644045994,1.5136877589414,-1.09418545729031,-1.2239981148954,0.943214722838128,1.09418545729031,NA,0.0512155555555556,0.0327444444444444,0.0718333333333333,1449.93,0.0522214347842576,300
"local_ccw_meta","RMST_diff",8,-0.7,"medium",1,"low","low",10,300,3000,-5,0.00669285092428486,0.472630077800392,0.421400378903769,1.13643585821513,-0.663805780414734,-0.715035479311357,0.627290273789167,0.663805780414734,NA,0.0588822222222222,0.0398111111111111,0.0791333333333333,1208.72,0.0596162670504002,300
"pooled_ccw_tvipcw","RMST_diff",4,-0.7,"medium",1,"large","high",10,1000,10000,-1,0.268941421369995,2.83486789279227,2.81099324571388,2.84353121803927,-0.00866332524700584,-0.0325379723253922,0.288778225078162,0.00866332524700584,0.983333333333333,0.606795333333333,0.583526666666667,0.6316,6736.90333333333,0.619209949593489,300
"pooled_ccw_tvipcw","RMST_diff",6,-0.7,"medium",1,"large","high",10,1000,10000,-1,0.268941421369995,2.60019260311337,2.63972608542421,2.6829365463258,-0.0827439432124332,-0.0432104609015918,0.41626009359961,0.0827439432124332,0.87,0.665664333333333,0.64223,0.688003333333333,5736.41666666667,0.691164952838322,300
"pooled_ccw_tvipcw","RMST_diff",8,-0.7,"medium",1,"large","high",10,1000,10000,-1,0.268941421369995,2.49412303585428,2.48287047266343,2.61164550344623,-0.117522467591947,-0.128775030782796,0.463223273427839,0.117522467591947,0.86,0.700922333333333,0.679126666666667,0.72313,4985.12,0.738379274558101,300
"pooled_ccw_tvipcw","RMST_diff",4,-0.7,"medium",1,"low","high",10,300,3000,-1,0.268941421369995,2.97305927147086,2.96030267889417,2.84353121803927,0.129528053431586,0.116771460854897,0.643365669300724,0.129528053431586,0.956666666666667,0.607707777777778,0.561244444444444,0.648611111111111,2010.23,0.621731744630296,300
"pooled_ccw_tvipcw","RMST_diff",6,-0.7,"medium",1,"low","high",10,300,3000,-1,0.268941421369995,2.50342146322212,2.45000602937371,2.6829365463258,-0.179515083103681,-0.232930516952091,0.614501665684812,0.179515083103681,0.95,0.670456666666667,0.629466666666667,0.7134,1720.96666666667,0.695496087195759,300
"pooled_ccw_tvipcw","RMST_diff",8,-0.7,"medium",1,"low","high",10,300,3000,-1,0.268941421369995,2.5593217783272,2.59100815861969,2.61164550344623,-0.0523237251190307,-0.0206373448265369,0.647184999040365,0.0523237251190307,0.97,0.701495555555556,0.659388888888889,0.7458,1501.08,0.738323474140332,300
"pooled_ccw_tvipcw","RMST_diff",4,-0.7,"medium",1,"large","low",10,1000,10000,-5,0.00669285092428486,2.01658858316898,2.01001627132497,2.07204976682396,-0.0554611836549803,-0.0620334954989916,0.84793776047149,0.0554611836549803,0.933333333333333,0.042601,0.0335433333333333,0.0519566666666667,5956.41,0.0411334769112601,300
"pooled_ccw_tvipcw","RMST_diff",6,-0.7,"medium",1,"large","low",10,1000,10000,-5,0.00669285092428486,1.63606017069441,1.53200484767464,1.5136877589414,0.122372411753018,0.0183170887332489,0.704680723970091,0.122372411753018,0.973333333333333,0.051551,0.04107,0.0622433333333333,4828.52333333333,0.0510128728262611,300
"pooled_ccw_tvipcw","RMST_diff",8,-0.7,"medium",1,"large","low",10,1000,10000,-5,0.00669285092428486,1.19338319892385,1.16016046092142,1.13643585821513,0.0569473407087264,0.0237246027062987,0.570281483981711,0.0569473407087264,0.93,0.0588906666666667,0.04804,0.0700766666666667,4018.98,0.0607858937437258,300
"pooled_ccw_tvipcw","RMST_diff",4,-0.7,"medium",1,"low","low",10,300,3000,-5,0.00669285092428486,1.96207164146505,2.16279710993869,2.07204976682396,-0.109978125358906,0.0907473431147343,1.49613412480036,0.109978125358906,0.916666666666667,0.0434966666666667,0.0274111111111111,0.0612888888888889,1785.32666666667,0.0417249728656034,300
"pooled_ccw_tvipcw","RMST_diff",6,-0.7,"medium",1,"low","low",10,300,3000,-5,0.00669285092428486,1.1436906552698,1.07206430166155,1.5136877589414,-0.369997103671597,-0.441623457279844,1.05483188900657,0.369997103671597,0.913333333333333,0.0512155555555556,0.0327444444444444,0.0718333333333333,1449.93,0.0522214347842576,300
"pooled_ccw_tvipcw","RMST_diff",8,-0.7,"medium",1,"low","low",10,300,3000,-5,0.00669285092428486,1.08356020359826,1.26016310052482,1.13643585821513,-0.0528756546168625,0.123727242309696,0.848601644088503,0.0528756546168625,0.926666666666667,0.0588822222222222,0.0398111111111111,0.0791333333333333,1208.72,0.0596162670504002,300
"fed_ccw_tvipcw","RR",4,-0.7,"medium",1,"large","high",10,1000,10000,-1,0.268941421369995,0.896640255931817,0.89690354907461,0.896396174324933,0.000244081606883811,0.000507374749677103,0.0105535011143177,0.000244081606883811,0.98,0.606795333333333,0.583526666666667,0.6316,6736.90333333333,0.619209949593489,300
"fed_ccw_tvipcw","RR",6,-0.7,"medium",1,"large","high",10,1000,10000,-1,0.268941421369995,0.900688801738562,0.898487165048111,0.899170406057201,0.00151839568136122,-0.000683241009089786,0.0143997624632248,0.00151839568136122,0.93,0.665664333333333,0.64223,0.688003333333333,5736.41666666667,0.691164952838322,300
"fed_ccw_tvipcw","RR",8,-0.7,"medium",1,"large","high",10,1000,10000,-1,0.268941421369995,0.906905287597298,0.908250473206368,0.900958016740013,0.00594727085728501,0.0072924564663549,0.0169700963137583,0.00594727085728501,0.92,0.700922333333333,0.679126666666667,0.72313,4985.12,0.738379274558101,300
"fed_ccw_tvipcw","RR",4,-0.7,"medium",1,"low","high",10,300,3000,-1,0.268941421369995,0.886300437364316,0.888457243022267,0.896396174324933,-0.0100957369606173,-0.00793893130266676,0.0188178396731759,0.0100957369606173,0.996666666666667,0.607707777777778,0.561244444444444,0.648611111111111,2010.23,0.621731744630296,300
"fed_ccw_tvipcw","RR",6,-0.7,"medium",1,"low","high",10,300,3000,-1,0.268941421369995,0.905650048672559,0.906597193386679,0.899170406057201,0.0064796426153583,0.00742678732947799,0.025837767696217,0.0064796426153583,0.943333333333333,0.670456666666667,0.629466666666667,0.7134,1720.96666666667,0.695496087195759,300
"fed_ccw_tvipcw","RR",8,-0.7,"medium",1,"low","high",10,300,3000,-1,0.268941421369995,0.904128290669145,0.905796674782348,0.900958016740013,0.00317027392913248,0.00483865804233585,0.0272995552226256,0.00317027392913248,0.946666666666667,0.701495555555556,0.659388888888889,0.7458,1501.08,0.738323474140332,300
"fed_ccw_tvipcw","RR",4,-0.7,"medium",1,"large","low",10,1000,10000,-5,0.00669285092428486,0.932495808515801,0.931006346974295,0.914891628308783,0.0176041802070185,0.0161147186655126,0.0516463148625574,0.0176041802070185,0.846666666666667,0.042601,0.0335433333333333,0.0519566666666667,5956.41,0.0411334769112601,300
"fed_ccw_tvipcw","RR",6,-0.7,"medium",1,"large","low",10,1000,10000,-5,0.00669285092428486,0.924881425644762,0.929990536882325,0.926615829164346,-0.00173440351958413,0.00337470771797899,0.0411269698892612,0.00173440351958413,0.943333333333333,0.051551,0.04107,0.0622433333333333,4828.52333333333,0.0510128728262611,300
"fed_ccw_tvipcw","RR",8,-0.7,"medium",1,"large","low",10,1000,10000,-5,0.00669285092428486,0.931931507543972,0.936480640646283,0.936404940477623,-0.00447343293365087,7.57001686600978e-05,0.0468389250196992,0.00447343293365087,0.9,0.0588906666666667,0.04804,0.0700766666666667,4018.98,0.0607858937437258,300
"fed_ccw_tvipcw","RR",4,-0.7,"medium",1,"low","low",10,300,3000,-5,0.00669285092428486,0.933215826967503,0.940490933218883,0.914891628308783,0.0183241986587202,0.0255993049101001,0.0979678354268429,0.0183241986587202,0.816666666666667,0.0434966666666667,0.0274111111111111,0.0612888888888889,1785.32666666667,0.0417249728656034,300
"fed_ccw_tvipcw","RR",6,-0.7,"medium",1,"low","low",10,300,3000,-5,0.00669285092428486,0.969545161616018,0.974875318498033,0.926615829164346,0.0429293324516723,0.0482594893336864,0.0677763139253416,0.0429293324516723,0.746666666666667,0.0512155555555556,0.0327444444444444,0.0718333333333333,1449.93,0.0522214347842576,300
"fed_ccw_tvipcw","RR",8,-0.7,"medium",1,"low","low",10,300,3000,-5,0.00669285092428486,0.954199766940143,0.95886532394319,0.936404940477623,0.01779482646252,0.0224603834655674,0.066818232447944,0.01779482646252,0.826666666666667,0.0588822222222222,0.0398111111111111,0.0791333333333333,1208.72,0.0596162670504002,300
"fed_ipw_no_clone","RR",4,-0.7,"medium",1,"large","high",10,1000,10000,-1,0.268941421369995,0.825908308066006,0.825494338380131,0.896396174324933,-0.0704878662589272,-0.0709018359448028,0.0104070924262001,0.0704878662589272,NA,0.606795333333333,0.583526666666667,0.6316,6736.90333333333,0.619209949593489,300
"fed_ipw_no_clone","RR",6,-0.7,"medium",1,"large","high",10,1000,10000,-1,0.268941421369995,0.793470396937143,0.792706710172561,0.899170406057201,-0.105700009120058,-0.10646369588464,0.0117919286774846,0.105700009120058,NA,0.665664333333333,0.64223,0.688003333333333,5736.41666666667,0.691164952838322,300
"fed_ipw_no_clone","RR",8,-0.7,"medium",1,"large","high",10,1000,10000,-1,0.268941421369995,0.770807387878989,0.770538168009323,0.900958016740013,-0.130150628861024,-0.13041984873069,0.0118277223627283,0.130150628861024,NA,0.700922333333333,0.679126666666667,0.72313,4985.12,0.738379274558101,300
"fed_ipw_no_clone","RR",4,-0.7,"medium",1,"low","high",10,300,3000,-1,0.268941421369995,0.812653630677458,0.815469390586924,0.896396174324933,-0.083742543647475,-0.0809267837380098,0.0196777493130899,0.083742543647475,NA,0.607707777777778,0.561244444444444,0.648611111111111,2010.23,0.621731744630296,300
"fed_ipw_no_clone","RR",6,-0.7,"medium",1,"low","high",10,300,3000,-1,0.268941421369995,0.794553724634942,0.79678054393692,0.899170406057201,-0.10461668142226,-0.102389862120281,0.0216372932097212,0.10461668142226,NA,0.670456666666667,0.629466666666667,0.7134,1720.96666666667,0.695496087195759,300
"fed_ipw_no_clone","RR",8,-0.7,"medium",1,"low","high",10,300,3000,-1,0.268941421369995,0.769676603750412,0.768873360709526,0.900958016740013,-0.131281412989601,-0.132084656030486,0.0207547964393441,0.131281412989601,NA,0.701495555555556,0.659388888888889,0.7458,1501.08,0.738323474140332,300
"fed_ipw_no_clone","RR",4,-0.7,"medium",1,"large","low",10,1000,10000,-5,0.00669285092428486,0.86823543896438,0.872145106830063,0.914891628308783,-0.0466561893444032,-0.0427465214787198,0.0686884659950244,0.0466561893444032,NA,0.042601,0.0335433333333333,0.0519566666666667,5956.41,0.0411334769112601,300
"fed_ipw_no_clone","RR",6,-0.7,"medium",1,"large","low",10,1000,10000,-5,0.00669285092428486,0.817889382455745,0.822803997670788,0.926615829164346,-0.108726446708601,-0.103811831493558,0.0615358453221771,0.108726446708601,NA,0.051551,0.04107,0.0622433333333333,4828.52333333333,0.0510128728262611,300
"fed_ipw_no_clone","RR",8,-0.7,"medium",1,"large","low",10,1000,10000,-5,0.00669285092428486,0.788512010747058,0.798764914283159,0.936404940477623,-0.147892929730565,-0.137640026194464,0.0853081698996001,0.147892929730565,NA,0.0588906666666667,0.04804,0.0700766666666667,4018.98,0.0607858937437258,300
"fed_ipw_no_clone","RR",4,-0.7,"medium",1,"low","low",10,300,3000,-5,0.00669285092428486,0.86619168202771,0.869461264445864,0.914891628308783,-0.0486999462810731,-0.0454303638629187,0.130652952335695,0.0486999462810731,NA,0.0434966666666667,0.0274111111111111,0.0612888888888889,1785.32666666667,0.0417249728656034,300
"fed_ipw_no_clone","RR",6,-0.7,"medium",1,"low","low",10,300,3000,-5,0.00669285092428486,0.882710010884356,0.888904487017182,0.926615829164346,-0.0439058182799899,-0.0377113421471637,0.106223176429405,0.0439058182799899,NA,0.0512155555555556,0.0327444444444444,0.0718333333333333,1449.93,0.0522214347842576,300
"fed_ipw_no_clone","RR",8,-0.7,"medium",1,"low","low",10,300,3000,-5,0.00669285092428486,0.831167830567275,0.838384503995118,0.936404940477623,-0.105237109910348,-0.0980204364825046,0.115117175394402,0.105237109910348,NA,0.0588822222222222,0.0398111111111111,0.0791333333333333,1208.72,0.0596162670504002,300
"fed_landmark_ipw","RR",4,-0.7,"medium",1,"large","high",10,1000,10000,-1,0.268941421369995,0.821421724232549,0.821333555410617,0.896396174324933,-0.0749744500923845,-0.0750626189143159,0.0170876492566989,0.0749744500923845,NA,0.606795333333333,0.583526666666667,0.6316,6736.90333333333,0.619209949593489,300
"fed_landmark_ipw","RR",6,-0.7,"medium",1,"large","high",10,1000,10000,-1,0.268941421369995,0.820664403504708,0.820083943959741,0.899170406057201,-0.0785060025524931,-0.0790864620974598,0.0205799702782219,0.0785060025524931,NA,0.665664333333333,0.64223,0.688003333333333,5736.41666666667,0.691164952838322,300
"fed_landmark_ipw","RR",8,-0.7,"medium",1,"large","high",10,1000,10000,-1,0.268941421369995,0.826028662014664,0.824634236453755,0.900958016740013,-0.0749293547253485,-0.0763237802862575,0.0230460908249031,0.0749293547253485,NA,0.700922333333333,0.679126666666667,0.72313,4985.12,0.738379274558101,300
"fed_landmark_ipw","RR",4,-0.7,"medium",1,"low","high",10,300,3000,-1,0.268941421369995,0.827106875581649,0.834512105679033,0.896396174324933,-0.0692892987432842,-0.0618840686459006,0.0554864829639718,0.0692892987432842,NA,0.607707777777778,0.561244444444444,0.648611111111111,2010.23,0.621731744630296,300
"fed_landmark_ipw","RR",6,-0.7,"medium",1,"low","high",10,300,3000,-1,0.268941421369995,0.824860150334803,0.830683052697765,0.899170406057201,-0.0743102557223979,-0.0684873533594366,0.0493041004881312,0.0743102557223979,NA,0.670456666666667,0.629466666666667,0.7134,1720.96666666667,0.695496087195759,300
"fed_landmark_ipw","RR",8,-0.7,"medium",1,"low","high",10,300,3000,-1,0.268941421369995,0.829531186675998,0.829416780158432,0.900958016740013,-0.0714268300640143,-0.0715412365815806,0.0526831744232462,0.0714268300640143,NA,0.701495555555556,0.659388888888889,0.7458,1501.08,0.738323474140332,300
"fed_landmark_ipw","RR",4,-0.7,"medium",1,"large","low",10,1000,10000,-5,0.00669285092428486,0.818755105650464,0.85135883925849,0.914891628308783,-0.0961365226583183,-0.063532789050293,0.15607949810551,0.0961365226583183,NA,0.042601,0.0335433333333333,0.0519566666666667,5956.41,0.0411334769112601,300
"fed_landmark_ipw","RR",6,-0.7,"medium",1,"large","low",10,1000,10000,-5,0.00669285092428486,0.740905396814573,0.762846077893607,0.926615829164346,-0.185710432349773,-0.163769751270739,0.139322323976331,0.185710432349773,NA,0.051551,0.04107,0.0622433333333333,4828.52333333333,0.0510128728262611,300
"fed_landmark_ipw","RR",8,-0.7,"medium",1,"large","low",10,1000,10000,-5,0.00669285092428486,0.719495610228919,0.702055037517286,0.936404940477623,-0.216909330248704,-0.234349902960337,0.134652464457879,0.216909330248704,NA,0.0588906666666667,0.04804,0.0700766666666667,4018.98,0.0607858937437258,300
"fed_landmark_ipw","RR",4,-0.7,"medium",1,"low","low",10,300,3000,-5,0.00669285092428486,0.851262573849642,0.873754061903128,0.914891628308783,-0.0636290544591407,-0.0411375664056547,0.20465917158235,0.0636290544591407,NA,0.0434966666666667,0.0274111111111111,0.0612888888888889,1785.32666666667,0.0417249728656034,300
"fed_landmark_ipw","RR",6,-0.7,"medium",1,"low","low",10,300,3000,-5,0.00669285092428486,0.903126605152296,0.933269296411364,0.926615829164346,-0.0234892240120504,0.00665346724701832,0.176526168140484,0.0234892240120504,NA,0.0512155555555556,0.0327444444444444,0.0718333333333333,1449.93,0.0522214347842576,300
"fed_landmark_ipw","RR",8,-0.7,"medium",1,"low","low",10,300,3000,-5,0.00669285092428486,0.815897598321277,0.834132029350668,0.936404940477623,-0.120507342156346,-0.102272911126955,0.197431574574528,0.120507342156346,NA,0.0588822222222222,0.0398111111111111,0.0791333333333333,1208.72,0.0596162670504002,300
"fed_perprotocol_naive","RR",4,-0.7,"medium",1,"large","high",10,1000,10000,-1,0.268941421369995,1.08353539310347,1.08309412202137,0.896396174324933,0.187139218778533,0.186697947696432,0.0102371166591223,0.187139218778533,NA,0.606795333333333,0.583526666666667,0.6316,6736.90333333333,0.619209949593489,300
"fed_perprotocol_naive","RR",6,-0.7,"medium",1,"large","high",10,1000,10000,-1,0.268941421369995,1.06875012563347,1.06861741170296,0.899170406057201,0.169579719576266,0.169447005645764,0.010659915921178,0.169579719576266,NA,0.665664333333333,0.64223,0.688003333333333,5736.41666666667,0.691164952838322,300
"fed_perprotocol_naive","RR",8,-0.7,"medium",1,"large","high",10,1000,10000,-1,0.268941421369995,1.04282498485949,1.04307949985666,0.900958016740013,0.141866968119476,0.142121483116643,0.0103539449739742,0.141866968119476,NA,0.700922333333333,0.679126666666667,0.72313,4985.12,0.738379274558101,300
"fed_perprotocol_naive","RR",4,-0.7,"medium",1,"low","high",10,300,3000,-1,0.268941421369995,1.07842267888938,1.08000923956162,0.896396174324933,0.182026504564443,0.18361306523669,0.0197982548655725,0.182026504564443,NA,0.607707777777778,0.561244444444444,0.648611111111111,2010.23,0.621731744630296,300
"fed_perprotocol_naive","RR",6,-0.7,"medium",1,"low","high",10,300,3000,-1,0.268941421369995,1.07087858476271,1.06796560856626,0.899170406057201,0.171708178705511,0.168795202509059,0.023403326016374,0.171708178705511,NA,0.670456666666667,0.629466666666667,0.7134,1720.96666666667,0.695496087195759,300
"fed_perprotocol_naive","RR",8,-0.7,"medium",1,"low","high",10,300,3000,-1,0.268941421369995,1.04566744197001,1.04593833193795,0.900958016740013,0.144709425230001,0.144980315197939,0.0205805775715499,0.144709425230001,NA,0.701495555555556,0.659388888888889,0.7458,1501.08,0.738323474140332,300
"fed_perprotocol_naive","RR",4,-0.7,"medium",1,"large","low",10,1000,10000,-5,0.00669285092428486,1.06225677688105,1.06019528881188,0.914891628308783,0.147365148572271,0.145303660503098,0.0152278989264373,0.147365148572271,NA,0.042601,0.0335433333333333,0.0519566666666667,5956.41,0.0411334769112601,300
"fed_perprotocol_naive","RR",6,-0.7,"medium",1,"large","low",10,1000,10000,-5,0.00669285092428486,1.05365092866997,1.05390407245503,0.926615829164346,0.12703509950562,0.127288243290685,0.013620170895004,0.12703509950562,NA,0.051551,0.04107,0.0622433333333333,4828.52333333333,0.0510128728262611,300
"fed_perprotocol_naive","RR",8,-0.7,"medium",1,"large","low",10,1000,10000,-5,0.00669285092428486,1.04507056500071,1.04532245621347,0.936404940477623,0.108665624523091,0.108917515735846,0.0145434540068329,0.108665624523091,NA,0.0588906666666667,0.04804,0.0700766666666667,4018.98,0.0607858937437258,300
"fed_perprotocol_naive","RR",4,-0.7,"medium",1,"low","low",10,300,3000,-5,0.00669285092428486,1.06504761135335,1.06140141261951,0.914891628308783,0.150155983044566,0.146509784310725,0.0226350540797183,0.150155983044566,NA,0.0434966666666667,0.0274111111111111,0.0612888888888889,1785.32666666667,0.0417249728656034,300
"fed_perprotocol_naive","RR",6,-0.7,"medium",1,"low","low",10,300,3000,-5,0.00669285092428486,1.05506136488856,1.05912382142141,0.926615829164346,0.128445535724212,0.132507992257067,0.0240231803867834,0.128445535724212,NA,0.0512155555555556,0.0327444444444444,0.0718333333333333,1449.93,0.0522214347842576,300
"fed_perprotocol_naive","RR",8,-0.7,"medium",1,"low","low",10,300,3000,-5,0.00669285092428486,1.04139633338537,1.0401640576941,0.936404940477623,0.104991392907749,0.103759117216478,0.0212313371018738,0.104991392907749,NA,0.0588822222222222,0.0398111111111111,0.0791333333333333,1208.72,0.0596162670504002,300
"local_ccw_meta","RR",4,-0.7,"medium",1,"large","high",10,1000,10000,-1,0.268941421369995,0.898298316838593,0.898334141263512,0.896396174324933,0.00190214251365987,0.00193796693857839,0.0104259717466453,0.00190214251365987,NA,0.606795333333333,0.583526666666667,0.6316,6736.90333333333,0.619209949593489,300
"local_ccw_meta","RR",6,-0.7,"medium",1,"large","high",10,1000,10000,-1,0.268941421369995,0.904568762394838,0.902764704563297,0.899170406057201,0.00539835633763656,0.00359429850609605,0.0132140960124565,0.00539835633763656,NA,0.665664333333333,0.64223,0.688003333333333,5736.41666666667,0.691164952838322,300
"local_ccw_meta","RR",8,-0.7,"medium",1,"large","high",10,1000,10000,-1,0.268941421369995,0.913841694275339,0.912744098016009,0.900958016740013,0.0128836775353265,0.0117860812759961,0.0136850703618189,0.0128836775353265,NA,0.700922333333333,0.679126666666667,0.72313,4985.12,0.738379274558101,300
"local_ccw_meta","RR",4,-0.7,"medium",1,"low","high",10,300,3000,-1,0.268941421369995,0.893630449226433,0.893857222456035,0.896396174324933,-0.00276572509850037,-0.00253895186889863,0.0162200102822428,0.00276572509850037,NA,0.607707777777778,0.561244444444444,0.648611111111111,2010.23,0.621731744630296,300
"local_ccw_meta","RR",6,-0.7,"medium",1,"low","high",10,300,3000,-1,0.268941421369995,0.91303914481927,0.913043085047792,0.899170406057201,0.0138687387620688,0.0138726789905906,0.0246990391981809,0.0138687387620688,NA,0.670456666666667,0.629466666666667,0.7134,1720.96666666667,0.695496087195759,300
"local_ccw_meta","RR",8,-0.7,"medium",1,"low","high",10,300,3000,-1,0.268941421369995,0.919513746825357,0.917939355293126,0.900958016740013,0.0185557300853442,0.0169813385531137,0.0209167107085392,0.0185557300853442,NA,0.701495555555556,0.659388888888889,0.7458,1501.08,0.738323474140332,300
"local_ccw_meta","RR",4,-0.7,"medium",1,"large","low",10,1000,10000,-5,0.00669285092428486,0.947627021605154,0.949853424551045,0.914891628308783,0.0327353932963712,0.0349617962422624,0.0432815401476247,0.0327353932963712,NA,0.042601,0.0335433333333333,0.0519566666666667,5956.41,0.0411334769112601,300
"local_ccw_meta","RR",6,-0.7,"medium",1,"large","low",10,1000,10000,-5,0.00669285092428486,0.939868071936606,0.944190964215492,0.926615829164346,0.0132522427722598,0.0175751350511455,0.0343396254696739,0.0132522427722598,NA,0.051551,0.04107,0.0622433333333333,4828.52333333333,0.0510128728262611,300
"local_ccw_meta","RR",8,-0.7,"medium",1,"large","low",10,1000,10000,-5,0.00669285092428486,0.950560386525665,0.949559273972495,0.936404940477623,0.0141554460480417,0.0131543334948725,0.0346018362910811,0.0141554460480417,NA,0.0588906666666667,0.04804,0.0700766666666667,4018.98,0.0607858937437258,300
"local_ccw_meta","RR",4,-0.7,"medium",1,"low","low",10,300,3000,-5,0.00669285092428486,0.979574583150447,0.976265880721536,0.914891628308783,0.0646829548416644,0.0613742524127531,0.0626874655741382,0.0646829548416644,NA,0.0434966666666667,0.0274111111111111,0.0612888888888889,1785.32666666667,0.0417249728656034,300
"local_ccw_meta","RR",6,-0.7,"medium",1,"low","low",10,300,3000,-5,0.00669285092428486,0.99737475532675,1.00738018243737,0.926615829164346,0.0707589261624037,0.0807643532730279,0.0464387952675306,0.0707589261624037,NA,0.0512155555555556,0.0327444444444444,0.0718333333333333,1449.93,0.0522214347842576,300
"local_ccw_meta","RR",8,-0.7,"medium",1,"low","low",10,300,3000,-5,0.00669285092428486,0.979190311830951,0.980827270519753,0.936404940477623,0.0427853713533284,0.0444223300421298,0.0424337557952595,0.0427853713533284,NA,0.0588822222222222,0.0398111111111111,0.0791333333333333,1208.72,0.0596162670504002,300
"pooled_ccw_tvipcw","RR",4,-0.7,"medium",1,"large","high",10,1000,10000,-1,0.268941421369995,0.896226792549751,0.896703832801933,0.896396174324933,-0.000169381775182616,0.000307658476999428,0.0100441750924562,0.000169381775182616,0.98,0.606795333333333,0.583526666666667,0.6316,6736.90333333333,0.619209949593489,300
"pooled_ccw_tvipcw","RR",6,-0.7,"medium",1,"large","high",10,1000,10000,-1,0.268941421369995,0.900273416419871,0.897380267188914,0.899170406057201,0.00110301036266994,-0.00179013886828705,0.0139954289933727,0.00110301036266994,0.926666666666667,0.665664333333333,0.64223,0.688003333333333,5736.41666666667,0.691164952838322,300
"pooled_ccw_tvipcw","RR",8,-0.7,"medium",1,"large","high",10,1000,10000,-1,0.268941421369995,0.907667078465202,0.907161663811876,0.900958016740013,0.00670906172518925,0.00620364707186294,0.0159176114080581,0.00670906172518925,0.9,0.700922333333333,0.679126666666667,0.72313,4985.12,0.738379274558101,300
"pooled_ccw_tvipcw","RR",4,-0.7,"medium",1,"low","high",10,300,3000,-1,0.268941421369995,0.890000812143102,0.891382816976029,0.896396174324933,-0.00639536218183175,-0.00501335734890462,0.0173278420465623,0.00639536218183175,0.97,0.607707777777778,0.561244444444444,0.648611111111111,2010.23,0.621731744630296,300
"pooled_ccw_tvipcw","RR",6,-0.7,"medium",1,"low","high",10,300,3000,-1,0.268941421369995,0.903941779035604,0.906888838655779,0.899170406057201,0.00477137297840297,0.00771843259857741,0.0239682257894322,0.00477137297840297,0.976666666666667,0.670456666666667,0.629466666666667,0.7134,1720.96666666667,0.695496087195759,300
"pooled_ccw_tvipcw","RR",8,-0.7,"medium",1,"low","high",10,300,3000,-1,0.268941421369995,0.902052454840205,0.90132125809323,0.900958016740013,0.00109443810019257,0.000363241353217192,0.0251629332849116,0.00109443810019257,0.97,0.701495555555556,0.659388888888889,0.7458,1501.08,0.738323474140332,300
"pooled_ccw_tvipcw","RR",4,-0.7,"medium",1,"large","low",10,1000,10000,-5,0.00669285092428486,0.928616276042717,0.934442861305428,0.914891628308783,0.013724647733934,0.0195512329966454,0.047394726861102,0.013724647733934,0.883333333333333,0.042601,0.0335433333333333,0.0519566666666667,5956.41,0.0411334769112601,300
"pooled_ccw_tvipcw","RR",6,-0.7,"medium",1,"large","low",10,1000,10000,-5,0.00669285092428486,0.916498278554493,0.925899721915031,0.926615829164346,-0.0101175506098535,-0.000716107249315145,0.0490365255014005,0.0101175506098535,0.946666666666667,0.051551,0.04107,0.0622433333333333,4828.52333333333,0.0510128728262611,300
"pooled_ccw_tvipcw","RR",8,-0.7,"medium",1,"large","low",10,1000,10000,-5,0.00669285092428486,0.929019060516558,0.933200954626274,0.936404940477623,-0.00738587996106474,-0.00320398585134896,0.0416287656338012,0.00738587996106474,0.953333333333333,0.0588906666666667,0.04804,0.0700766666666667,4018.98,0.0607858937437258,300
"pooled_ccw_tvipcw","RR",4,-0.7,"medium",1,"low","low",10,300,3000,-5,0.00669285092428486,0.920367936242761,0.919759893014291,0.914891628308783,0.00547630793397793,0.00486826470550794,0.0816021477090366,0.00547630793397793,0.86,0.0434966666666667,0.0274111111111111,0.0612888888888889,1785.32666666667,0.0417249728656034,300
"pooled_ccw_tvipcw","RR",6,-0.7,"medium",1,"low","low",10,300,3000,-5,0.00669285092428486,0.958961397574679,0.969539035370317,0.926615829164346,0.0323455684103327,0.0429232062059711,0.0697958246723551,0.0323455684103327,0.796666666666667,0.0512155555555556,0.0327444444444444,0.0718333333333333,1449.93,0.0522214347842576,300
"pooled_ccw_tvipcw","RR",8,-0.7,"medium",1,"low","low",10,300,3000,-5,0.00669285092428486,0.939143696405252,0.928656346629206,0.936404940477623,0.00273875592762878,-0.00774859384841697,0.0556468043673843,0.00273875592762878,0.873333333333333,0.0588822222222222,0.0398111111111111,0.0791333333333333,1208.72,0.0596162670504002,300
"fed_ccw_tvipcw","psi0",4,-0.7,"medium",1,"large","high",10,1000,10000,-1,0.268941421369995,0.872884052136306,0.872791872094965,0.875030749335956,-0.00214669719965001,-0.00223887724099014,0.00533934661158709,0.00214669719965001,NA,0.606795333333333,0.583526666666667,0.6316,6736.90333333333,0.619209949593489,300
"fed_ccw_tvipcw","psi0",6,-0.7,"medium",1,"large","high",10,1000,10000,-1,0.268941421369995,0.871043318394474,0.871503923771054,0.875552991175026,-0.00450967278055161,-0.00404906740397193,0.0105387840710701,0.00450967278055161,NA,0.665664333333333,0.64223,0.688003333333333,5736.41666666667,0.691164952838322,300
"fed_ccw_tvipcw","psi0",8,-0.7,"medium",1,"large","high",10,1000,10000,-1,0.268941421369995,0.869088251959328,0.868657998456063,0.875245082373963,-0.00615683041463423,-0.00658708391789919,0.0162066276001981,0.00615683041463423,NA,0.700922333333333,0.679126666666667,0.72313,4985.12,0.738379274558101,300
"fed_ccw_tvipcw","psi0",4,-0.7,"medium",1,"low","high",10,300,3000,-1,0.268941421369995,0.881649470126504,0.878591412673848,0.875030749335956,0.00661872079054863,0.00356066333789251,0.0160800284033951,0.00661872079054863,NA,0.607707777777778,0.561244444444444,0.648611111111111,2010.23,0.621731744630296,300
"fed_ccw_tvipcw","psi0",6,-0.7,"medium",1,"low","high",10,300,3000,-1,0.268941421369995,0.864907682607701,0.865189345843828,0.875552991175026,-0.0106453085673248,-0.0103636453311978,0.0201690990002501,0.0106453085673248,NA,0.670456666666667,0.629466666666667,0.7134,1720.96666666667,0.695496087195759,300
"fed_ccw_tvipcw","psi0",8,-0.7,"medium",1,"low","high",10,300,3000,-1,0.268941421369995,0.868248948615573,0.867491081402983,0.875245082373963,-0.00699613375838958,-0.00775400097097989,0.0235984712456581,0.00699613375838958,NA,0.701495555555556,0.659388888888889,0.7458,1501.08,0.738323474140332,300
"fed_ccw_tvipcw","psi0",4,-0.7,"medium",1,"large","low",10,1000,10000,-5,0.00669285092428486,0.875235723748474,0.875136275895996,0.875244453079763,-8.72933128811463e-06,-0.000108177183766656,0.00302272362022804,8.72933128811463e-06,NA,0.042601,0.0335433333333333,0.0519566666666667,5956.41,0.0411334769112601,300
"fed_ccw_tvipcw","psi0",6,-0.7,"medium",1,"large","low",10,1000,10000,-5,0.00669285092428486,0.874447017392912,0.874634934132963,0.875760977019298,-0.00131395962638544,-0.001126042886335,0.00264001370191545,0.00131395962638544,NA,0.051551,0.04107,0.0622433333333333,4828.52333333333,0.0510128728262611,300
"fed_ccw_tvipcw","psi0",8,-0.7,"medium",1,"large","low",10,1000,10000,-5,0.00669285092428486,0.875645694287302,0.87576173780936,0.875551828026113,9.3866261188615e-05,0.000209909783247086,0.0032611783714366,9.3866261188615e-05,NA,0.0588906666666667,0.04804,0.0700766666666667,4018.98,0.0607858937437258,300
"fed_ccw_tvipcw","psi0",4,-0.7,"medium",1,"low","low",10,300,3000,-5,0.00669285092428486,0.874731401678758,0.874581311087876,0.875244453079763,-0.000513051401004783,-0.000663141991886773,0.00547118069659514,0.000513051401004783,NA,0.0434966666666667,0.0274111111111111,0.0612888888888889,1785.32666666667,0.0417249728656034,300
"fed_ccw_tvipcw","psi0",6,-0.7,"medium",1,"low","low",10,300,3000,-5,0.00669285092428486,0.874864168189511,0.874478783153426,0.875760977019298,-0.000896808829786876,-0.00128219386587214,0.00599664970449165,0.000896808829786876,NA,0.0512155555555556,0.0327444444444444,0.0718333333333333,1449.93,0.0522214347842576,300
"fed_ccw_tvipcw","psi0",8,-0.7,"medium",1,"low","low",10,300,3000,-5,0.00669285092428486,0.876276049023255,0.876987421725179,0.875551828026113,0.000724220997142192,0.00143559369906621,0.00506301413830321,0.000724220997142192,NA,0.0588822222222222,0.0398111111111111,0.0791333333333333,1208.72,0.0596162670504002,300
"fed_ipw_no_clone","psi0",4,-0.7,"medium",1,"large","high",10,1000,10000,-1,0.268941421369995,0.902616780797362,0.902575059068296,0.875030749335956,0.0275860314614067,0.0275443097323408,0.00419139207261868,0.0275860314614067,NA,0.606795333333333,0.583526666666667,0.6316,6736.90333333333,0.619209949593489,300
"fed_ipw_no_clone","psi0",6,-0.7,"medium",1,"large","high",10,1000,10000,-1,0.268941421369995,0.924884184867728,0.924767414650714,0.875552991175026,0.0493311936927021,0.0492144234756885,0.00654985406683354,0.0493311936927021,NA,0.665664333333333,0.64223,0.688003333333333,5736.41666666667,0.691164952838322,300
"fed_ipw_no_clone","psi0",8,-0.7,"medium",1,"large","high",10,1000,10000,-1,0.268941421369995,0.943493381435926,0.943445113091019,0.875245082373963,0.0682482990619631,0.0682000307170567,0.00830430763518037,0.0682482990619631,NA,0.700922333333333,0.679126666666667,0.72313,4985.12,0.738379274558101,300
"fed_ipw_no_clone","psi0",4,-0.7,"medium",1,"low","high",10,300,3000,-1,0.268941421369995,0.910411817110501,0.908882875788782,0.875030749335956,0.0353810677745452,0.0338521264528264,0.0139602863630118,0.0353810677745452,NA,0.607707777777778,0.561244444444444,0.648611111111111,2010.23,0.621731744630296,300
"fed_ipw_no_clone","psi0",6,-0.7,"medium",1,"low","high",10,300,3000,-1,0.268941421369995,0.921954331471143,0.92139455839933,0.875552991175026,0.0464013402961173,0.0458415672243042,0.0119966586261239,0.0464013402961173,NA,0.670456666666667,0.629466666666667,0.7134,1720.96666666667,0.695496087195759,300
"fed_ipw_no_clone","psi0",8,-0.7,"medium",1,"low","high",10,300,3000,-1,0.268941421369995,0.9416523396452,0.942652549195446,0.875245082373963,0.0664072572712377,0.0674074668214832,0.0115031107357688,0.0664072572712377,NA,0.701495555555556,0.659388888888889,0.7458,1501.08,0.738323474140332,300
"fed_ipw_no_clone","psi0",4,-0.7,"medium",1,"large","low",10,1000,10000,-5,0.00669285092428486,0.876340716094067,0.876278611963296,0.875244453079763,0.00109626301430501,0.00103415888353386,0.00299971851395549,0.00109626301430501,NA,0.042601,0.0335433333333333,0.0519566666666667,5956.41,0.0411334769112601,300
"fed_ipw_no_clone","psi0",6,-0.7,"medium",1,"large","low",10,1000,10000,-5,0.00669285092428486,0.87659227433412,0.876681407049195,0.875760977019298,0.000831297314822505,0.000920430029896946,0.00255580257879614,0.000831297314822505,NA,0.051551,0.04107,0.0622433333333333,4828.52333333333,0.0510128728262611,300
"fed_ipw_no_clone","psi0",8,-0.7,"medium",1,"large","low",10,1000,10000,-5,0.00669285092428486,0.878897731486193,0.879010798369873,0.875551828026113,0.00334590346007986,0.00345897034375953,0.00316680464900349,0.00334590346007986,NA,0.0588906666666667,0.04804,0.0700766666666667,4018.98,0.0607858937437258,300
"fed_ipw_no_clone","psi0",4,-0.7,"medium",1,"low","low",10,300,3000,-5,0.00669285092428486,0.875893559473089,0.875697913588858,0.875244453079763,0.000649106393326161,0.000453460509095116,0.00544797326629926,0.000649106393326161,NA,0.0434966666666667,0.0274111111111111,0.0612888888888889,1785.32666666667,0.0417249728656034,300
"fed_ipw_no_clone","psi0",6,-0.7,"medium",1,"low","low",10,300,3000,-5,0.00669285092428486,0.877019278663464,0.876641269354789,0.875760977019298,0.00125830164416657,0.000880292335490918,0.00597019657626542,0.00125830164416657,NA,0.0512155555555556,0.0327444444444444,0.0718333333333333,1449.93,0.0522214347842576,300
"fed_ipw_no_clone","psi0",8,-0.7,"medium",1,"low","low",10,300,3000,-5,0.00669285092428486,0.879380214349139,0.880048655840256,0.875551828026113,0.0038283863230255,0.00449682781414262,0.00495695030056325,0.0038283863230255,NA,0.0588822222222222,0.0398111111111111,0.0791333333333333,1208.72,0.0596162670504002,300
"fed_landmark_ipw","psi0",4,-0.7,"medium",1,"large","high",10,1000,10000,-1,0.268941421369995,0.792471572899813,0.792958551606278,0.875030749335956,-0.0825591764361426,-0.0820721977296776,0.00690132467700773,0.0825591764361426,NA,0.606795333333333,0.583526666666667,0.6316,6736.90333333333,0.619209949593489,300
"fed_landmark_ipw","psi0",6,-0.7,"medium",1,"large","high",10,1000,10000,-1,0.268941421369995,0.739818554621729,0.739897505566862,0.875552991175026,-0.135734436553297,-0.135655485608163,0.0101494056884184,0.135734436553297,NA,0.665664333333333,0.64223,0.688003333333333,5736.41666666667,0.691164952838322,300
"fed_landmark_ipw","psi0",8,-0.7,"medium",1,"large","high",10,1000,10000,-1,0.268941421369995,0.679687075832968,0.679625547105801,0.875245082373963,-0.195558006540995,-0.195619535268161,0.0149819892584315,0.195558006540995,NA,0.700922333333333,0.679126666666667,0.72313,4985.12,0.738379274558101,300
"fed_landmark_ipw","psi0",4,-0.7,"medium",1,"low","high",10,300,3000,-1,0.268941421369995,0.794640364691012,0.794606746800176,0.875030749335956,-0.0803903846449438,-0.0804240025357797,0.0127017286198982,0.0803903846449438,NA,0.607707777777778,0.561244444444444,0.648611111111111,2010.23,0.621731744630296,300
"fed_landmark_ipw","psi0",6,-0.7,"medium",1,"low","high",10,300,3000,-1,0.268941421369995,0.734800322139692,0.735576704293783,0.875552991175026,-0.140752669035334,-0.139976286881243,0.0237753096149802,0.140752669035334,NA,0.670456666666667,0.629466666666667,0.7134,1720.96666666667,0.695496087195759,300
"fed_landmark_ipw","psi0",8,-0.7,"medium",1,"low","high",10,300,3000,-1,0.268941421369995,0.68137494619522,0.678658244500151,0.875245082373963,-0.193870136178743,-0.196586837873812,0.0371125341734956,0.193870136178743,NA,0.701495555555556,0.659388888888889,0.7458,1501.08,0.738323474140332,300
"fed_landmark_ipw","psi0",4,-0.7,"medium",1,"large","low",10,1000,10000,-5,0.00669285092428486,0.790326219534473,0.790761020670618,0.875244453079763,-0.0849182335452895,-0.0844834324091444,0.0050007169491689,0.0849182335452895,NA,0.042601,0.0335433333333333,0.0519566666666667,5956.41,0.0411334769112601,300
"fed_landmark_ipw","psi0",6,-0.7,"medium",1,"large","low",10,1000,10000,-5,0.00669285092428486,0.739458434243001,0.74010066540793,0.875760977019298,-0.136302542776296,-0.135660311611368,0.00490906819109319,0.136302542776296,NA,0.051551,0.04107,0.0622433333333333,4828.52333333333,0.0510128728262611,300
"fed_landmark_ipw","psi0",8,-0.7,"medium",1,"large","low",10,1000,10000,-5,0.00669285092428486,0.689565404857607,0.689493783831303,0.875551828026113,-0.185986423168506,-0.18605804419481,0.0076144693457294,0.185986423168506,NA,0.0588906666666667,0.04804,0.0700766666666667,4018.98,0.0607858937437258,300
"fed_landmark_ipw","psi0",4,-0.7,"medium",1,"low","low",10,300,3000,-5,0.00669285092428486,0.789329808664862,0.788994254428332,0.875244453079763,-0.0859146444149004,-0.0862501986514301,0.00829018234228411,0.0859146444149004,NA,0.0434966666666667,0.0274111111111111,0.0612888888888889,1785.32666666667,0.0417249728656034,300
"fed_landmark_ipw","psi0",6,-0.7,"medium",1,"low","low",10,300,3000,-5,0.00669285092428486,0.74051188228514,0.738888120282454,0.875760977019298,-0.135249094734158,-0.136872856736844,0.012106625321047,0.135249094734158,NA,0.0512155555555556,0.0327444444444444,0.0718333333333333,1449.93,0.0522214347842576,300
"fed_landmark_ipw","psi0",8,-0.7,"medium",1,"low","low",10,300,3000,-5,0.00669285092428486,0.69141108987205,0.69172331283863,0.875551828026113,-0.184140738154063,-0.183828515187483,0.012294413575307,0.184140738154063,NA,0.0588822222222222,0.0398111111111111,0.0791333333333333,1208.72,0.0596162670504002,300
"fed_perprotocol_naive","psi0",4,-0.7,"medium",1,"large","high",10,1000,10000,-1,0.268941421369995,0.786049365757784,0.785870723050347,0.875030749335956,-0.0889813835781721,-0.089160026285609,0.00613358105236895,0.0889813835781721,NA,0.606795333333333,0.583526666666667,0.6316,6736.90333333333,0.619209949593489,300
"fed_perprotocol_naive","psi0",6,-0.7,"medium",1,"large","high",10,1000,10000,-1,0.268941421369995,0.780449364918454,0.779680906234249,0.875552991175026,-0.0951036262565718,-0.0958720849407769,0.0067316144333487,0.0951036262565718,NA,0.665664333333333,0.64223,0.688003333333333,5736.41666666667,0.691164952838322,300
"fed_perprotocol_naive","psi0",8,-0.7,"medium",1,"large","high",10,1000,10000,-1,0.268941421369995,0.786941023510995,0.786368498083515,0.875245082373963,-0.0883040588629678,-0.088876584290448,0.00676717381117854,0.0883040588629678,NA,0.700922333333333,0.679126666666667,0.72313,4985.12,0.738379274558101,300
"fed_perprotocol_naive","psi0",4,-0.7,"medium",1,"low","high",10,300,3000,-1,0.268941421369995,0.789540069124106,0.789652433355394,0.875030749335956,-0.0854906802118494,-0.0853783159805616,0.0127261138549469,0.0854906802118494,NA,0.607707777777778,0.561244444444444,0.648611111111111,2010.23,0.621731744630296,300
"fed_perprotocol_naive","psi0",6,-0.7,"medium",1,"low","high",10,300,3000,-1,0.268941421369995,0.778295859419755,0.778941456817414,0.875552991175026,-0.0972571317552702,-0.0966115343576116,0.0142045305189999,0.0972571317552702,NA,0.670456666666667,0.629466666666667,0.7134,1720.96666666667,0.695496087195759,300
"fed_perprotocol_naive","psi0",8,-0.7,"medium",1,"low","high",10,300,3000,-1,0.268941421369995,0.782793283921639,0.78123273480663,0.875245082373963,-0.0924517984523234,-0.0940123475673327,0.0139874463926871,0.0924517984523234,NA,0.701495555555556,0.659388888888889,0.7458,1501.08,0.738323474140332,300
"fed_perprotocol_naive","psi0",4,-0.7,"medium",1,"large","low",10,1000,10000,-5,0.00669285092428486,0.870950435622158,0.870861448604277,0.875244453079763,-0.00429401745760474,-0.00438300447548534,0.00315120571484018,0.00429401745760474,NA,0.042601,0.0335433333333333,0.0519566666666667,5956.41,0.0411334769112601,300
"fed_perprotocol_naive","psi0",6,-0.7,"medium",1,"large","low",10,1000,10000,-5,0.00669285092428486,0.869449736600644,0.869691391355173,0.875760977019298,-0.00631124041865401,-0.00606958566412497,0.00281814401592304,0.00631124041865401,NA,0.051551,0.04107,0.0622433333333333,4828.52333333333,0.0510128728262611,300
"fed_perprotocol_naive","psi0",8,-0.7,"medium",1,"large","low",10,1000,10000,-5,0.00669285092428486,0.870322162093407,0.87056200713706,0.875551828026113,-0.00522966593270583,-0.00498982088905331,0.00341396520341132,0.00522966593270583,NA,0.0588906666666667,0.04804,0.0700766666666667,4018.98,0.0607858937437258,300
"fed_perprotocol_naive","psi0",4,-0.7,"medium",1,"low","low",10,300,3000,-5,0.00669285092428486,0.870386007447981,0.870125442538147,0.875244453079763,-0.00485844563178118,-0.00511901054161545,0.00562952793761731,0.00485844563178118,NA,0.0434966666666667,0.0274111111111111,0.0612888888888889,1785.32666666667,0.0417249728656034,300
"fed_perprotocol_naive","psi0",6,-0.7,"medium",1,"low","low",10,300,3000,-5,0.00669285092428486,0.870078741216794,0.869794415973445,0.875760977019298,-0.00568223580250408,-0.00596656104585258,0.00609576392421525,0.00568223580250408,NA,0.0512155555555556,0.0327444444444444,0.0718333333333333,1449.93,0.0522214347842576,300
"fed_perprotocol_naive","psi0",8,-0.7,"medium",1,"low","low",10,300,3000,-5,0.00669285092428486,0.870872126412837,0.871572612291094,0.875551828026113,-0.00467970161327646,-0.00397921573501958,0.00525810959535149,0.00467970161327646,NA,0.0588822222222222,0.0398111111111111,0.0791333333333333,1208.72,0.0596162670504002,300
"local_ccw_meta","psi0",4,-0.7,"medium",1,"large","high",10,1000,10000,-1,0.268941421369995,0.871292092444153,0.871266903925198,0.875030749335956,-0.00373865689180252,-0.00376384541075792,0.00518760484736529,0.00373865689180252,NA,0.606795333333333,0.583526666666667,0.6316,6736.90333333333,0.619209949593489,300
"local_ccw_meta","psi0",6,-0.7,"medium",1,"large","high",10,1000,10000,-1,0.268941421369995,0.867348878418455,0.867813716488997,0.875552991175026,-0.00820411275657077,-0.00773927468602842,0.00907200847791335,0.00820411275657077,NA,0.665664333333333,0.64223,0.688003333333333,5736.41666666667,0.691164952838322,300
"local_ccw_meta","psi0",8,-0.7,"medium",1,"large","high",10,1000,10000,-1,0.268941421369995,0.862099318341751,0.862534103697033,0.875245082373963,-0.0131457640322118,-0.0127109786769294,0.0121729230189942,0.0131457640322118,NA,0.700922333333333,0.679126666666667,0.72313,4985.12,0.738379274558101,300
"local_ccw_meta","psi0",4,-0.7,"medium",1,"low","high",10,300,3000,-1,0.268941421369995,0.874396108074645,0.874719480656453,0.875030749335956,-0.000634641261310568,-0.000311268679502485,0.011412296291699,0.000634641261310568,NA,0.607707777777778,0.561244444444444,0.648611111111111,2010.23,0.621731744630296,300
"local_ccw_meta","psi0",6,-0.7,"medium",1,"low","high",10,300,3000,-1,0.268941421369995,0.858344581710503,0.860020523799103,0.875552991175026,-0.0172084094645226,-0.0155324673759224,0.0182736150686877,0.0172084094645226,NA,0.670456666666667,0.629466666666667,0.7134,1720.96666666667,0.695496087195759,300
"local_ccw_meta","psi0",8,-0.7,"medium",1,"low","high",10,300,3000,-1,0.268941421369995,0.853580199878967,0.854281953114058,0.875245082373963,-0.021664882494996,-0.0209631292599051,0.0167976207969039,0.021664882494996,NA,0.701495555555556,0.659388888888889,0.7458,1501.08,0.738323474140332,300
"local_ccw_meta","psi0",4,-0.7,"medium",1,"large","low",10,1000,10000,-5,0.00669285092428486,0.875235791396341,0.875138755124946,0.875244453079763,-8.66168342158136e-06,-0.000105697954816297,0.00302214613713832,8.66168342158136e-06,NA,0.042601,0.0335433333333333,0.0519566666666667,5956.41,0.0411334769112601,300
"local_ccw_meta","psi0",6,-0.7,"medium",1,"large","low",10,1000,10000,-5,0.00669285092428486,0.874448119860267,0.874638502093773,0.875760977019298,-0.0013128571590302,-0.00112247492552497,0.00263999645664637,0.0013128571590302,NA,0.051551,0.04107,0.0622433333333333,4828.52333333333,0.0510128728262611,300
"local_ccw_meta","psi0",8,-0.7,"medium",1,"large","low",10,1000,10000,-5,0.00669285092428486,0.875643852876383,0.875761522410825,0.875551828026113,9.20248502698088e-05,0.0002096943847123,0.00326126522251344,9.20248502698088e-05,NA,0.0588906666666667,0.04804,0.0700766666666667,4018.98,0.0607858937437258,300
"local_ccw_meta","psi0",4,-0.7,"medium",1,"low","low",10,300,3000,-5,0.00669285092428486,0.874726135729466,0.87458112329807,0.875244453079763,-0.000518317350296278,-0.000663329781692701,0.00546914337412999,0.000518317350296278,NA,0.0434966666666667,0.0274111111111111,0.0612888888888889,1785.32666666667,0.0417249728656034,300
"local_ccw_meta","psi0",6,-0.7,"medium",1,"low","low",10,300,3000,-5,0.00669285092428486,0.87486404958941,0.874465686020166,0.875760977019298,-0.000896927429887531,-0.00129529099913139,0.00599563922484968,0.000896927429887531,NA,0.0512155555555556,0.0327444444444444,0.0718333333333333,1449.93,0.0522214347842576,300
"local_ccw_meta","psi0",8,-0.7,"medium",1,"low","low",10,300,3000,-5,0.00669285092428486,0.876269821976175,0.876997722609387,0.875551828026113,0.000717993950062112,0.00144589458327338,0.00507452102929458,0.000717993950062112,NA,0.0588822222222222,0.0398111111111111,0.0791333333333333,1208.72,0.0596162670504002,300
"pooled_ccw_tvipcw","psi0",4,-0.7,"medium",1,"large","high",10,1000,10000,-1,0.268941421369995,0.873476386815437,0.873456840770044,0.875030749335956,-0.00155436252051879,-0.00157390856591133,0.00549093018563945,0.00155436252051879,NA,0.606795333333333,0.583526666666667,0.6316,6736.90333333333,0.619209949593489,300
"pooled_ccw_tvipcw","psi0",6,-0.7,"medium",1,"large","high",10,1000,10000,-1,0.268941421369995,0.871517484955906,0.871748135953839,0.875552991175026,-0.00403550621912013,-0.00380485522118612,0.0103244871172476,0.00403550621912013,NA,0.665664333333333,0.64223,0.688003333333333,5736.41666666667,0.691164952838322,300
"pooled_ccw_tvipcw","psi0",8,-0.7,"medium",1,"large","high",10,1000,10000,-1,0.268941421369995,0.869033639562501,0.868197642472685,0.875245082373963,-0.00621144281146207,-0.00704743990127776,0.0156823152109339,0.00621144281146207,NA,0.700922333333333,0.679126666666667,0.72313,4985.12,0.738379274558101,300
"pooled_ccw_tvipcw","psi0",4,-0.7,"medium",1,"low","high",10,300,3000,-1,0.268941421369995,0.878469671349244,0.877479442044035,0.875030749335956,0.00343892201328836,0.00244869270807979,0.0143645215413674,0.00343892201328836,NA,0.607707777777778,0.561244444444444,0.648611111111111,2010.23,0.621731744630296,300
"pooled_ccw_tvipcw","psi0",6,-0.7,"medium",1,"low","high",10,300,3000,-1,0.268941421369995,0.867124841777751,0.868323074926987,0.875552991175026,-0.00842814939727446,-0.00722991624803904,0.0170049243729502,0.00842814939727446,NA,0.670456666666667,0.629466666666667,0.7134,1720.96666666667,0.695496087195759,300
"pooled_ccw_tvipcw","psi0",8,-0.7,"medium",1,"low","high",10,300,3000,-1,0.268941421369995,0.871553883310147,0.87142161097363,0.875245082373963,-0.00369119906381588,-0.00382347140033301,0.0207440154101021,0.00369119906381588,NA,0.701495555555556,0.659388888888889,0.7458,1501.08,0.738323474140332,300
"pooled_ccw_tvipcw","psi0",4,-0.7,"medium",1,"large","low",10,1000,10000,-5,0.00669285092428486,0.875241941482824,0.87515909174082,0.875244453079763,-2.51159693866317e-06,-8.53613389424357e-05,0.00301834372712198,2.51159693866317e-06,NA,0.042601,0.0335433333333333,0.0519566666666667,5956.41,0.0411334769112601,300
"pooled_ccw_tvipcw","psi0",6,-0.7,"medium",1,"large","low",10,1000,10000,-5,0.00669285092428486,0.874449740043145,0.874615680578992,0.875760977019298,-0.00131123697615232,-0.00114529644030525,0.00263238379435267,0.00131123697615232,NA,0.051551,0.04107,0.0622433333333333,4828.52333333333,0.0510128728262611,300
"pooled_ccw_tvipcw","psi0",8,-0.7,"medium",1,"large","low",10,1000,10000,-5,0.00669285092428486,0.875674993451826,0.875813723032988,0.875551828026113,0.000123165425713186,0.000261895006874568,0.00325207718825363,0.000123165425713186,NA,0.0588906666666667,0.04804,0.0700766666666667,4018.98,0.0607858937437258,300
"pooled_ccw_tvipcw","psi0",4,-0.7,"medium",1,"low","low",10,300,3000,-5,0.00669285092428486,0.874771187632213,0.874670479934514,0.875244453079763,-0.000473265447549175,-0.000573973145248985,0.00550754186632878,0.000473265447549175,NA,0.0434966666666667,0.0274111111111111,0.0612888888888889,1785.32666666667,0.0417249728656034,300
"pooled_ccw_tvipcw","psi0",6,-0.7,"medium",1,"low","low",10,300,3000,-5,0.00669285092428486,0.874937774203571,0.874637588657,0.875760977019298,-0.000823202815726397,-0.00112338836229786,0.00598244870302277,0.000823202815726397,NA,0.0512155555555556,0.0327444444444444,0.0718333333333333,1449.93,0.0522214347842576,300
"pooled_ccw_tvipcw","psi0",8,-0.7,"medium",1,"low","low",10,300,3000,-5,0.00669285092428486,0.876332217015744,0.876964788069159,0.875551828026113,0.00078038898963111,0.00141296004304547,0.005030393090791,0.00078038898963111,NA,0.0588822222222222,0.0398111111111111,0.0791333333333333,1208.72,0.0596162670504002,300
"fed_ccw_tvipcw","psi1",4,-0.7,"medium",1,"large","high",10,1000,10000,-1,0.268941421369995,0.782645073501043,0.783045238534138,0.78437421612143,-0.00172914262038719,-0.00132897758729233,0.00891090575598519,0.00172914262038719,NA,0.606795333333333,0.583526666666667,0.6316,6736.90333333333,0.619209949593489,300
"fed_ccw_tvipcw","psi1",6,-0.7,"medium",1,"large","high",10,1000,10000,-1,0.268941421369995,0.784423261185193,0.78511217913452,0.787271338599445,-0.00284807741425177,-0.00215915946492495,0.00802848235000912,0.00284807741425177,NA,0.665664333333333,0.64223,0.688003333333333,5736.41666666667,0.691164952838322,300
"fed_ccw_tvipcw","psi1",8,-0.7,"medium",1,"large","high",10,1000,10000,-1,0.268941421369995,0.787954851108433,0.788036541521201,0.788559073577094,-0.000604222468661339,-0.000522532055893588,0.00873623866987814,0.000604222468661339,NA,0.700922333333333,0.679126666666667,0.72313,4985.12,0.738379274558101,300
"fed_ccw_tvipcw","psi1",4,-0.7,"medium",1,"low","high",10,300,3000,-1,0.268941421369995,0.781296033247832,0.782650408688635,0.78437421612143,-0.00307818287359804,-0.00172380743279488,0.0174422372508794,0.00307818287359804,NA,0.607707777777778,0.561244444444444,0.648611111111111,2010.23,0.621731744630296,300
"fed_ccw_tvipcw","psi1",6,-0.7,"medium",1,"low","high",10,300,3000,-1,0.268941421369995,0.782962205333683,0.784441796072021,0.787271338599445,-0.00430913326576199,-0.00282954252742373,0.0172311508183061,0.00430913326576199,NA,0.670456666666667,0.629466666666667,0.7134,1720.96666666667,0.695496087195759,300
"fed_ccw_tvipcw","psi1",8,-0.7,"medium",1,"low","high",10,300,3000,-1,0.268941421369995,0.784500100242881,0.784888471185901,0.788559073577094,-0.00405897333421358,-0.00367060239119354,0.0147647722964796,0.00405897333421358,NA,0.701495555555556,0.659388888888889,0.7458,1501.08,0.738323474140332,300
"fed_ccw_tvipcw","psi1",4,-0.7,"medium",1,"large","low",10,1000,10000,-5,0.00669285092428486,0.816127710355694,0.81438640272671,0.800753822846374,0.0153738875093197,0.0136325798803358,0.0448385810624507,0.0153738875093197,NA,0.042601,0.0335433333333333,0.0519566666666667,5956.41,0.0411334769112601,300
"fed_ccw_tvipcw","psi1",6,-0.7,"medium",1,"large","low",10,1000,10000,-5,0.00669285092428486,0.808747053596656,0.812360986497634,0.811493983870514,-0.00274693027385828,0.000867002627120028,0.0357653537240837,0.00274693027385828,NA,0.051551,0.04107,0.0622433333333333,4828.52333333333,0.0510128728262611,300
"fed_ccw_tvipcw","psi1",8,-0.7,"medium",1,"large","low",10,1000,10000,-5,0.00669285092428486,0.81605106905451,0.819470338073637,0.819871057407866,-0.00381998835335663,-0.000400719334229471,0.0413264818986117,0.00381998835335663,NA,0.0588906666666667,0.04804,0.0700766666666667,4018.98,0.0607858937437258,300
"fed_ccw_tvipcw","psi1",4,-0.7,"medium",1,"low","low",10,300,3000,-5,0.00669285092428486,0.816361394573953,0.819342790591231,0.800753822846374,0.0156075717275787,0.0185889677448572,0.0862562339932756,0.0156075717275787,NA,0.0434966666666667,0.0274111111111111,0.0612888888888889,1785.32666666667,0.0417249728656034,300
"fed_ccw_tvipcw","psi1",6,-0.7,"medium",1,"low","low",10,300,3000,-5,0.00669285092428486,0.848243648100164,0.852332576602952,0.811493983870514,0.0367496642296496,0.0408385927324381,0.0599216518825181,0.0367496642296496,NA,0.0512155555555556,0.0327444444444444,0.0718333333333333,1449.93,0.0522214347842576,300
"fed_ccw_tvipcw","psi1",8,-0.7,"medium",1,"low","low",10,300,3000,-5,0.00669285092428486,0.83610481995061,0.842234870262771,0.819871057407866,0.0162337625427434,0.0223638128549042,0.0582260815032991,0.0162337625427434,NA,0.0588822222222222,0.0398111111111111,0.0791333333333333,1208.72,0.0596162670504002,300
"fed_ipw_no_clone","psi1",4,-0.7,"medium",1,"large","high",10,1000,10000,-1,0.268941421369995,0.745470433409801,0.74612046226045,0.78437421612143,-0.0389037827116293,-0.0382537538609801,0.00936012367183328,0.0389037827116293,NA,0.606795333333333,0.583526666666667,0.6316,6736.90333333333,0.619209949593489,300
"fed_ipw_no_clone","psi1",6,-0.7,"medium",1,"large","high",10,1000,10000,-1,0.268941421369995,0.733824992497432,0.734288158969961,0.787271338599445,-0.0534463461020125,-0.0529831796294837,0.00904277877544271,0.0534463461020125,NA,0.665664333333333,0.64223,0.688003333333333,5736.41666666667,0.691164952838322,300
"fed_ipw_no_clone","psi1",8,-0.7,"medium",1,"large","high",10,1000,10000,-1,0.268941421369995,0.727188322237568,0.727917827456504,0.788559073577094,-0.0613707513395267,-0.0606412461205902,0.00855283748334224,0.0613707513395267,NA,0.700922333333333,0.679126666666667,0.72313,4985.12,0.738379274558101,300
"fed_ipw_no_clone","psi1",4,-0.7,"medium",1,"low","high",10,300,3000,-1,0.268941421369995,0.739711767776865,0.742315000649496,0.78437421612143,-0.0446624483445649,-0.0420592154719348,0.0156330845312365,0.0446624483445649,NA,0.607707777777778,0.561244444444444,0.648611111111111,2010.23,0.621731744630296,300
"fed_ipw_no_clone","psi1",6,-0.7,"medium",1,"low","high",10,300,3000,-1,0.268941421369995,0.732464079990181,0.733672057327945,0.787271338599445,-0.0548072586092643,-0.0535992812715002,0.0193679203044341,0.0548072586092643,NA,0.670456666666667,0.629466666666667,0.7134,1720.96666666667,0.695496087195759,300
"fed_ipw_no_clone","psi1",8,-0.7,"medium",1,"low","high",10,300,3000,-1,0.268941421369995,0.724666074590065,0.723817229421202,0.788559073577094,-0.0638929989870289,-0.0647418441558919,0.0176732196251772,0.0638929989870289,NA,0.701495555555556,0.659388888888889,0.7458,1501.08,0.738323474140332,300
"fed_ipw_no_clone","psi1",4,-0.7,"medium",1,"large","low",10,1000,10000,-5,0.00669285092428486,0.760838693472281,0.763125350594888,0.800753822846374,-0.0399151293740935,-0.0376284722514861,0.0598856065765539,0.0399151293740935,NA,0.042601,0.0335433333333333,0.0519566666666667,5956.41,0.0411334769112601,300
"fed_ipw_no_clone","psi1",6,-0.7,"medium",1,"large","low",10,1000,10000,-5,0.00669285092428486,0.716942371102055,0.72139577825174,0.811493983870514,-0.0945516127684592,-0.0900982056187749,0.0538234231652487,0.0945516127684592,NA,0.051551,0.04107,0.0622433333333333,4828.52333333333,0.0510128728262611,300
"fed_ipw_no_clone","psi1",8,-0.7,"medium",1,"large","low",10,1000,10000,-5,0.00669285092428486,0.693039348682651,0.701230547825813,0.819871057407866,-0.126831708725216,-0.118640509582053,0.075231716129352,0.126831708725216,NA,0.0588906666666667,0.04804,0.0700766666666667,4018.98,0.0607858937437258,300
"fed_ipw_no_clone","psi1",4,-0.7,"medium",1,"low","low",10,300,3000,-5,0.00669285092428486,0.758776994458532,0.759490096885132,0.800753822846374,-0.0419768283878417,-0.0412637259612423,0.11502507589973,0.0419768283878417,NA,0.0434966666666667,0.0274111111111111,0.0612888888888889,1785.32666666667,0.0417249728656034,300
"fed_ipw_no_clone","psi1",6,-0.7,"medium",1,"low","low",10,300,3000,-5,0.00669285092428486,0.774200857127618,0.78406160400452,0.811493983870514,-0.0372931267428968,-0.0274323798659941,0.0937104309563314,0.0372931267428968,NA,0.0512155555555556,0.0327444444444444,0.0718333333333333,1449.93,0.0522214347842576,300
"fed_ipw_no_clone","psi1",8,-0.7,"medium",1,"low","low",10,300,3000,-5,0.00669285092428486,0.730876539011106,0.739889404046879,0.819871057407866,-0.0889945183967606,-0.0799816533609871,0.10106629747741,0.0889945183967606,NA,0.0588822222222222,0.0398111111111111,0.0791333333333333,1208.72,0.0596162670504002,300
"fed_landmark_ipw","psi1",4,-0.7,"medium",1,"large","high",10,1000,10000,-1,0.268941421369995,0.650954726259372,0.653171385812915,0.78437421612143,-0.133419489862059,-0.131202830308516,0.01471069260609,0.133419489862059,NA,0.606795333333333,0.583526666666667,0.6316,6736.90333333333,0.619209949593489,300
"fed_landmark_ipw","psi1",6,-0.7,"medium",1,"large","high",10,1000,10000,-1,0.268941421369995,0.607060496733052,0.608553625248648,0.787271338599445,-0.180210841866393,-0.178717713350797,0.0141405070348525,0.180210841866393,NA,0.665664333333333,0.64223,0.688003333333333,5736.41666666667,0.691164952838322,300
"fed_landmark_ipw","psi1",8,-0.7,"medium",1,"large","high",10,1000,10000,-1,0.268941421369995,0.561193270926549,0.562081953832724,0.788559073577094,-0.227365802650545,-0.226477119744371,0.0108800331696853,0.227365802650545,NA,0.700922333333333,0.679126666666667,0.72313,4985.12,0.738379274558101,300
"fed_landmark_ipw","psi1",4,-0.7,"medium",1,"low","high",10,300,3000,-1,0.268941421369995,0.657124587683196,0.664699630359272,0.78437421612143,-0.127249628438235,-0.119674585762159,0.0435565167931092,0.127249628438235,NA,0.607707777777778,0.561244444444444,0.648611111111111,2010.23,0.621731744630296,300
"fed_landmark_ipw","psi1",6,-0.7,"medium",1,"low","high",10,300,3000,-1,0.268941421369995,0.605482019283505,0.612866877677353,0.787271338599445,-0.18178931931594,-0.174404460922092,0.0307235836029382,0.18178931931594,NA,0.670456666666667,0.629466666666667,0.7134,1720.96666666667,0.695496087195759,300
"fed_landmark_ipw","psi1",8,-0.7,"medium",1,"low","high",10,300,3000,-1,0.268941421369995,0.563586949436798,0.564056007661423,0.788559073577094,-0.224972124140297,-0.224503065915671,0.0191286955135939,0.224972124140297,NA,0.701495555555556,0.659388888888889,0.7458,1501.08,0.738323474140332,300
"fed_landmark_ipw","psi1",4,-0.7,"medium",1,"large","low",10,1000,10000,-5,0.00669285092428486,0.646933735561447,0.672974298883618,0.800753822846374,-0.153820087284927,-0.127779523962756,0.12306815925102,0.153820087284927,NA,0.042601,0.0335433333333333,0.0519566666666667,5956.41,0.0411334769112601,300
"fed_landmark_ipw","psi1",6,-0.7,"medium",1,"large","low",10,1000,10000,-5,0.00669285092428486,0.547749949008493,0.563684309129614,0.811493983870514,-0.263744034862021,-0.2478096747409,0.102825391448825,0.263744034862021,NA,0.051551,0.04107,0.0622433333333333,4828.52333333333,0.0510128728262611,300
"fed_landmark_ipw","psi1",8,-0.7,"medium",1,"large","low",10,1000,10000,-5,0.00669285092428486,0.496208273550849,0.485145289306528,0.819871057407866,-0.323662783857017,-0.334725768101338,0.093452721105718,0.323662783857017,NA,0.0588906666666667,0.04804,0.0700766666666667,4018.98,0.0607858937437258,300
"fed_landmark_ipw","psi1",4,-0.7,"medium",1,"low","low",10,300,3000,-5,0.00669285092428486,0.671856611665982,0.692282981773611,0.800753822846374,-0.128897211180392,-0.108470841072763,0.161413277486148,0.128897211180392,NA,0.0434966666666667,0.0274111111111111,0.0612888888888889,1785.32666666667,0.0417249728656034,300
"fed_landmark_ipw","psi1",6,-0.7,"medium",1,"low","low",10,300,3000,-5,0.00669285092428486,0.668268285031982,0.691015959913418,0.811493983870514,-0.143225698838533,-0.120478023957096,0.128967752537561,0.143225698838533,NA,0.0512155555555556,0.0327444444444444,0.0718333333333333,1449.93,0.0522214347842576,300
"fed_landmark_ipw","psi1",8,-0.7,"medium",1,"low","low",10,300,3000,-5,0.00669285092428486,0.564174584636908,0.576922410417026,0.819871057407866,-0.255696472770959,-0.242948646990841,0.136949981220697,0.255696472770959,NA,0.0588822222222222,0.0398111111111111,0.0791333333333333,1208.72,0.0596162670504002,300
"fed_perprotocol_naive","psi1",4,-0.7,"medium",1,"large","high",10,1000,10000,-1,0.268941421369995,0.851659325338386,0.851684854228459,0.78437421612143,0.0672851092169559,0.0673106381070285,0.00427130911733293,0.0672851092169559,NA,0.606795333333333,0.583526666666667,0.6316,6736.90333333333,0.619209949593489,300
"fed_perprotocol_naive","psi1",6,-0.7,"medium",1,"large","high",10,1000,10000,-1,0.268941421369995,0.834043376279096,0.834062746675821,0.787271338599445,0.0467720376796515,0.0467914080763764,0.00414724605502639,0.0467720376796515,NA,0.665664333333333,0.64223,0.688003333333333,5736.41666666667,0.691164952838322,300
"fed_perprotocol_naive","psi1",8,-0.7,"medium",1,"large","high",10,1000,10000,-1,0.268941421369995,0.82058547429284,0.820717029509436,0.788559073577094,0.0320264007157455,0.0321579559323415,0.00484920224379638,0.0320264007157455,NA,0.700922333333333,0.679126666666667,0.72313,4985.12,0.738379274558101,300
"fed_perprotocol_naive","psi1",4,-0.7,"medium",1,"low","high",10,300,3000,-1,0.268941421369995,0.851234866603959,0.852409592478915,0.78437421612143,0.0668606504825288,0.0680353763574846,0.00719310258782195,0.0668606504825288,NA,0.607707777777778,0.561244444444444,0.648611111111111,2010.23,0.621731744630296,300
"fed_perprotocol_naive","psi1",6,-0.7,"medium",1,"low","high",10,300,3000,-1,0.268941421369995,0.833159022294211,0.832951264872268,0.787271338599445,0.0458876836947665,0.0456799262728229,0.00763108908766151,0.0458876836947665,NA,0.670456666666667,0.629466666666667,0.7134,1720.96666666667,0.695496087195759,300
"fed_perprotocol_naive","psi1",8,-0.7,"medium",1,"low","high",10,300,3000,-1,0.268941421369995,0.818286318318769,0.81852552913731,0.788559073577094,0.0297272447416746,0.029966455560216,0.00734860155822528,0.0297272447416746,NA,0.701495555555556,0.659388888888889,0.7458,1501.08,0.738323474140332,300
"fed_perprotocol_naive","psi1",4,-0.7,"medium",1,"large","low",10,1000,10000,-5,0.00669285092428486,0.925159097120782,0.924124353610017,0.800753822846374,0.124405274274408,0.123370530763643,0.0126977692022153,0.124405274274408,NA,0.042601,0.0335433333333333,0.0519566666666667,5956.41,0.0411334769112601,300
"fed_perprotocol_naive","psi1",6,-0.7,"medium",1,"large","low",10,1000,10000,-5,0.00669285092428486,0.916083248560992,0.915506793215086,0.811493983870514,0.104589264690478,0.104012809344572,0.0111676115431103,0.104589264690478,NA,0.051551,0.04107,0.0622433333333333,4828.52333333333,0.0510128728262611,300
"fed_perprotocol_naive","psi1",8,-0.7,"medium",1,"large","low",10,1000,10000,-5,0.00669285092428486,0.909543561491093,0.910008488964346,0.819871057407866,0.0896725040832266,0.0901374315564799,0.0128283062608002,0.0896725040832266,NA,0.0588906666666667,0.04804,0.0700766666666667,4018.98,0.0607858937437258,300
"fed_perprotocol_naive","psi1",4,-0.7,"medium",1,"low","low",10,300,3000,-5,0.00669285092428486,0.926968071112663,0.926666666666667,0.800753822846374,0.126214248266289,0.125912843820293,0.0189172057473229,0.126214248266289,NA,0.0434966666666667,0.0274111111111111,0.0612888888888889,1785.32666666667,0.0417249728656034,300
"fed_perprotocol_naive","psi1",6,-0.7,"medium",1,"low","low",10,300,3000,-5,0.00669285092428486,0.917933620446884,0.920683313975997,0.811493983870514,0.106439636576369,0.109189330105482,0.0195215804059355,0.106439636576369,NA,0.0512155555555556,0.0327444444444444,0.0718333333333333,1449.93,0.0522214347842576,300
"fed_perprotocol_naive","psi1",8,-0.7,"medium",1,"low","low",10,300,3000,-5,0.00669285092428486,0.906895248160878,0.907407407407407,0.819871057407866,0.0870241907530119,0.087536349999541,0.0179205135381858,0.0870241907530119,NA,0.0588822222222222,0.0398111111111111,0.0791333333333333,1208.72,0.0596162670504002,300
"local_ccw_meta","psi1",4,-0.7,"medium",1,"large","high",10,1000,10000,-1,0.268941421369995,0.782662774773303,0.783319040616206,0.78437421612143,-0.00171144134812742,-0.00105517550522427,0.00874927821512404,0.00171144134812742,NA,0.606795333333333,0.583526666666667,0.6316,6736.90333333333,0.619209949593489,300
"local_ccw_meta","psi1",6,-0.7,"medium",1,"large","high",10,1000,10000,-1,0.268941421369995,0.784491002835655,0.785106527795798,0.787271338599445,-0.00278033576378975,-0.00216481080364728,0.00794293080582963,0.00278033576378975,NA,0.665664333333333,0.64223,0.688003333333333,5736.41666666667,0.691164952838322,300
"local_ccw_meta","psi1",8,-0.7,"medium",1,"large","high",10,1000,10000,-1,0.268941421369995,0.787701311619275,0.787894961074574,0.788559073577094,-0.000857761957819671,-0.000664112502520076,0.00845521270477225,0.000857761957819671,NA,0.700922333333333,0.679126666666667,0.72313,4985.12,0.738379274558101,300
"local_ccw_meta","psi1",4,-0.7,"medium",1,"low","high",10,300,3000,-1,0.268941421369995,0.781293967076017,0.782933521505364,0.78437421612143,-0.00308024904541333,-0.00144069461606644,0.012587265951789,0.00308024904541333,NA,0.607707777777778,0.561244444444444,0.648611111111111,2010.23,0.621731744630296,300
"local_ccw_meta","psi1",6,-0.7,"medium",1,"low","high",10,300,3000,-1,0.268941421369995,0.783407559826726,0.784529856874811,0.787271338599445,-0.00386377877271859,-0.00274148172463407,0.0163033774008357,0.00386377877271859,NA,0.670456666666667,0.629466666666667,0.7134,1720.96666666667,0.695496087195759,300
"local_ccw_meta","psi1",8,-0.7,"medium",1,"low","high",10,300,3000,-1,0.268941421369995,0.784651550584041,0.784765445438379,0.788559073577094,-0.00390752299305313,-0.0037936281387152,0.0141517385749752,0.00390752299305313,NA,0.701495555555556,0.659388888888889,0.7458,1501.08,0.738323474140332,300
"local_ccw_meta","psi1",4,-0.7,"medium",1,"large","low",10,1000,10000,-5,0.00669285092428486,0.829377618784795,0.831452790432306,0.800753822846374,0.0286237959384206,0.030698967585932,0.0375648473730434,0.0286237959384206,NA,0.042601,0.0335433333333333,0.0519566666666667,5956.41,0.0411334769112601,300
"local_ccw_meta","psi1",6,-0.7,"medium",1,"large","low",10,1000,10000,-5,0.00669285092428486,0.821857511861394,0.825793926500066,0.811493983870514,0.0103635279908794,0.0142999426295511,0.0299102133903975,0.0103635279908794,NA,0.051551,0.04107,0.0622433333333333,4828.52333333333,0.0510128728262611,300
"local_ccw_meta","psi1",8,-0.7,"medium",1,"large","low",10,1000,10000,-5,0.00669285092428486,0.832361323449683,0.831452321828619,0.819871057407866,0.0124902660418161,0.0115812644207527,0.0307006502657113,0.0124902660418161,NA,0.0588906666666667,0.04804,0.0700766666666667,4018.98,0.0607858937437258,300
"local_ccw_meta","psi1",4,-0.7,"medium",1,"low","low",10,300,3000,-5,0.00669285092428486,0.856800918879866,0.854033682296072,0.800753822846374,0.0560470960334917,0.0532798594496984,0.0541842550247313,0.0560470960334917,NA,0.0434966666666667,0.0274111111111111,0.0612888888888889,1785.32666666667,0.0417249728656034,300
"local_ccw_meta","psi1",6,-0.7,"medium",1,"low","low",10,300,3000,-5,0.00669285092428486,0.872533724345286,0.878403336130151,0.811493983870514,0.061039740474772,0.0669093522596363,0.0403406607852827,0.061039740474772,NA,0.0512155555555556,0.0327444444444444,0.0718333333333333,1449.93,0.0522214347842576,300
"local_ccw_meta","psi1",8,-0.7,"medium",1,"low","low",10,300,3000,-5,0.00669285092428486,0.858004178860595,0.860742668782657,0.819871057407866,0.0381331214527282,0.0408716113747907,0.0368068010216115,0.0381331214527282,NA,0.0588822222222222,0.0398111111111111,0.0791333333333333,1208.72,0.0596162670504002,300
"pooled_ccw_tvipcw","psi1",4,-0.7,"medium",1,"large","high",10,1000,10000,-1,0.268941421369995,0.782816753930258,0.783513063018907,0.78437421612143,-0.00155746219117218,-0.00086115310252366,0.00869396987647905,0.00155746219117218,NA,0.606795333333333,0.583526666666667,0.6316,6736.90333333333,0.619209949593489,300
"pooled_ccw_tvipcw","psi1",6,-0.7,"medium",1,"large","high",10,1000,10000,-1,0.268941421369995,0.784493193050714,0.78515929157394,0.787271338599445,-0.00277814554873047,-0.00211204702550483,0.00773031630243676,0.00277814554873047,NA,0.665664333333333,0.64223,0.688003333333333,5736.41666666667,0.691164952838322,300
"pooled_ccw_tvipcw","psi1",8,-0.7,"medium",1,"large","high",10,1000,10000,-1,0.268941421369995,0.788595023769399,0.787934630315789,0.788559073577094,3.59501923045162e-05,-0.000624443261305618,0.00893738889836274,3.59501923045162e-05,NA,0.700922333333333,0.679126666666667,0.72313,4985.12,0.738379274558101,300
"pooled_ccw_tvipcw","psi1",4,-0.7,"medium",1,"low","high",10,300,3000,-1,0.268941421369995,0.781695130681608,0.782634806676032,0.78437421612143,-0.00267908543982193,-0.00173940944539863,0.012995017441022,0.00267908543982193,NA,0.607707777777778,0.561244444444444,0.648611111111111,2010.23,0.621731744630296,300
"pooled_ccw_tvipcw","psi1",6,-0.7,"medium",1,"low","high",10,300,3000,-1,0.268941421369995,0.783557099634438,0.784840079782779,0.787271338599445,-0.0037142389650067,-0.00243125881666539,0.0155710421535218,0.0037142389650067,NA,0.670456666666667,0.629466666666667,0.7134,1720.96666666667,0.695496087195759,300
"pooled_ccw_tvipcw","psi1",8,-0.7,"medium",1,"low","high",10,300,3000,-1,0.268941421369995,0.785782593435472,0.786317379600673,0.788559073577094,-0.00277648014162208,-0.00224169397642149,0.013917065298696,0.00277648014162208,NA,0.701495555555556,0.659388888888889,0.7458,1501.08,0.738323474140332,300
"pooled_ccw_tvipcw","psi1",4,-0.7,"medium",1,"large","low",10,1000,10000,-5,0.00669285092428486,0.812744250142864,0.816976141781221,0.800753822846374,0.0119904272964896,0.0162223189348475,0.0411827063298452,0.0119904272964896,NA,0.042601,0.0335433333333333,0.0519566666666667,5956.41,0.0411334769112601,300
"pooled_ccw_tvipcw","psi1",6,-0.7,"medium",1,"large","low",10,1000,10000,-5,0.00669285092428486,0.801418557287426,0.808866772632868,0.811493983870514,-0.0100754265830883,-0.00262721123764631,0.0427337680020212,0.0100754265830883,NA,0.051551,0.04107,0.0622433333333333,4828.52333333333,0.0510128728262611,300
"pooled_ccw_tvipcw","psi1",8,-0.7,"medium",1,"large","low",10,1000,10000,-5,0.00669285092428486,0.813521013985769,0.817402311696182,0.819871057407866,-0.00635004342209741,-0.00246874571168487,0.0366286542856254,0.00635004342209741,NA,0.0588906666666667,0.04804,0.0700766666666667,4018.98,0.0607858937437258,300
"pooled_ccw_tvipcw","psi1",4,-0.7,"medium",1,"low","low",10,300,3000,-5,0.00669285092428486,0.805160215438281,0.80161276550427,0.800753822846374,0.00440639259190659,0.000858942657896211,0.072032741211128,0.00440639259190659,NA,0.0434966666666667,0.0274111111111111,0.0612888888888889,1785.32666666667,0.0417249728656034,300
"pooled_ccw_tvipcw","psi1",6,-0.7,"medium",1,"low","low",10,300,3000,-5,0.00669285092428486,0.83897684879543,0.848296427919779,0.811493983870514,0.0274828649249155,0.0368024440492647,0.0605388460540263,0.0274828649249155,NA,0.0512155555555556,0.0327444444444444,0.0718333333333333,1449.93,0.0522214347842576,300
"pooled_ccw_tvipcw","psi1",8,-0.7,"medium",1,"low","low",10,300,3000,-5,0.00669285092428486,0.82295675425504,0.813533985907976,0.819871057407866,0.00308569684717313,-0.00633707149989071,0.0481878234479696,0.00308569684717313,NA,0.0588822222222222,0.0398111111111111,0.0791333333333333,1208.72,0.0596162670504002,300
